2.767505944669942
2.767505944669942
2.767505944669942
2.767505944669942
2.767505944669942
2.767505944669942
2.767505944669942
2.767505944669942
2.767505944669942
2.767505944669942
2.767505944669942
2.767505944669942
2.767505944669942
2.767505944669942
2.767505944669942
2.767505944669942
2.767505944669942
2.767505944669942
2.767505944669942
2.767505944669942
2.767505944669942
2.767505944669942
2.767505944669942
2.767505944669942
2.767505944669942
2.767505944669942
2.767505944669942
2.767505944669942
2.767505944669942
2.767505944669942
2.767505944669942
2.767505944669942
2.767505944669942
2.767505944669942
2.767505944669942
2.767505944669942
2.767505944669942
2.767505944669942
2.767505944669942
2.767505944669942
2.767505944669942
2.767505944669942
2.767505944669942
2.767505944669942
2.767505944669942
2.767505944669942
2.767505944669942
2.767505944669942
2.767505944669942
2.767505944669942
2.767505944669942
2.767505944669942
2.767505944669942
2.767505944669942
2.767505944669942
2.767505944669942
2.767505944669942
2.767505944669942
2.767505944669942
2.767505944669942
2.767505944669942
2.767505944669942
2.767505944669942
2.767505944669942
2.767505944669942
2.767505944669942
2.767505944669942
2.767505944669942
2.767505944669942
2.767505944669942
2.767505944669942
2.767505944669942
2.767505944669942
2.767505944669942
2.767505944669942
2.767505944669942
2.767505944669942
2.767505944669942
2.767505944669942
2.767505944669942
2.767505944669942
2.767505944669942
2.767505944669942
2.767505944669942
2.767505944669942
2.767505944669942
2.767505944669942
2.767505944669942
2.767505944669942
2.767505944669942
2.767505944669942
2.767505944669942
2.767505944669942
2.767505944669942
2.767505944669942
2.767505944669942
2.767505944669942
2.767505944669942
2.767505944669942
2.767505944669942
2.7851185209248297
2.7851185209248297
2.7851185209248297
2.7851185209248297
2.7851185209248297
2.809567255863452
2.809567255863452
2.809567255863452
2.8675300023542736
2.8675300023542736
2.8836815091276975
2.911967743598317
2.911967743598317
2.9373885963753312
2.9373885963753312
2.98242313246118
2.98242313246118
2.98242313246118
2.9856755321991897
3.001283428638505
3.035648730744166
3.070039333961502
3.1437625439467705
3.1791058250081203
3.2151886273578953
3.2151886273578953
3.206173714490193
3.206173714490193
3.2064134791383783
3.244300159418045
3.239637274203188
3.2567555089792237
3.2567555089792237
3.2567555089792237
3.2567555089792237
3.2567555089792237
3.2567555089792237
3.2567555089792237
3.2567555089792237
3.284930496367315
3.284930496367315
3.284930496367315
3.284930496367315
3.284930496367315
3.2683843128938537
3.2683843128938537
3.2683843128938537
3.2683843128938537
3.3149463668680696
3.3149463668680696
3.3149463668680696
3.3130018252341444
3.3130018252341444
3.297886759308789
3.297886759308789
3.297886759308789
3.297886759308789
3.297886759308789
3.297886759308789
3.276611831187813
3.3088833772179593
3.3088833772179593
3.3088833772179593
3.3088833772179593
3.3140928179442892
3.3140928179442892
3.3140928179442892
3.3140928179442892
3.3140928179442892
3.3140928179442892
3.3140928179442892
3.3140928179442892
3.3122458976016125
3.305046247565694
3.302736418281316
3.302736418281316
3.2714885505450413
3.2714885505450413
3.2714885505450413
3.2714885505450413
3.2509011901244125
3.248008934248321
3.248008934248321
3.248008934248321
3.238231665133081
3.238231665133081
3.2271767830190528
3.2271767830190528
3.2271767830190528
3.2271767830190528
3.2234858577798997
3.2234858577798997
3.2234858577798997
3.2234858577798997
3.226843624592551
3.226843624592551
3.226843624592551
3.2096975611627956
3.2096975611627956
3.2234340500970227
3.2234340500970227
3.2234340500970227
3.2234340500970227
3.2234340500970227
3.203771533346859
3.203771533346859
3.209463698912669
3.209463698912669
3.2506903805456178
3.2471729654977044
3.220645323232596
3.2299499255899664
3.2283751049290013
3.2283751049290013
3.1718138617924314
3.1718138617924314
3.1718138617924314
3.1718138617924314
3.1718138617924314
3.1712230778181008
3.2264859895917604
3.222606608441755
3.222606608441755
3.2186386986758406
3.214814495155118
3.214814495155118
3.2139481467233733
3.2012687484381375
3.2258157421812093
3.202740928247251
3.202740928247251
3.209333139248707
3.209333139248707
3.209333139248707
3.209333139248707
3.249493067149948
3.249493067149948
3.249493067149948
3.249493067149948
3.245973739988882
3.21786330027699
3.21786330027699
3.206756760627462
3.2778631356914905
3.2778631356914905
3.2778631356914905
3.284604362925193
3.2903034853825854
3.2903034853825854
3.283275259643167
3.2872052120238555
3.2564300688868166
3.259082815415782
3.2482548435739007
3.2446276313572127
3.2446276313572127
3.2446276313572127
3.2446276313572127
3.233054816290957
3.233054816290957
3.215998289847473
3.215998289847473
3.257559925934092
3.257559925934092
3.257559925934092
3.257559925934092
3.257559925934092
3.2377254846866923
3.200255141254633
3.172450143876863
3.1816183192030127
3.1816183192030127
3.181585234296802
3.181585234296802
3.181585234296802
3.1792126702689156
3.2021664190332912
3.2021664190332912
3.2021664190332912
3.2021664190332912
3.2021664190332912
3.2021664190332912
3.2021664190332912
3.2021664190332912
3.2021664190332912
3.2021664190332912
3.2174454482875445
3.201144014423757
3.1996645048671497
3.1996645048671497
3.194568208826939
3.194568208826939
3.194568208826939
3.194568208826939
3.194568208826939
3.194568208826939
3.215371711027769
3.215371711027769
3.215371711027769
3.206299628125572
3.206299628125572
3.206299628125572
3.206299628125572
3.206299628125572
3.206299628125572
3.206299628125572
3.219966410479202
3.219966410479202
3.1818398455251087
3.1818398455251087
3.210674526628098
3.192840909891461
3.192840909891461
3.1896854052756067
3.1956715244899323
3.2006227950588753
3.2006227950588753
3.2006227950588753
3.2006227950588753
3.2122759693795913
3.2035655389002073
3.2006889549782302
3.1931014868001344
3.205244999565944
3.1937516065908587
3.1937516065908587
3.1937516065908587
3.1960828326695285
3.164149808863728
3.164149808863728
3.209064448512781
3.209064448512781
3.202602454147601
3.202602454147601
3.206547070555701
3.206547070555701
3.211777411736258
3.211777411736258
3.2023106304060343
3.2023106304060343
3.191014850306127
3.2201848693092745
3.2109562477760236
3.2109562477760236
3.2109562477760236
3.2109562477760236
3.2109562477760236
3.1787014591248894
3.1857132890237763
3.250540116720592
3.250540116720592
3.2572109149880766
3.2572109149880766
3.2572109149880766
3.241274695210857
3.241274695210857
3.241274695210857
3.241274695210857
3.2337717682295937
3.2344642156976837
3.2344642156976837
3.2452999758071774
3.268447527658129
3.2773827472557
3.2773827472557
3.2773827472557
3.259789367377369
3.272912981205395
3.2645962065425427
3.2659866495886645
3.2593653200240067
3.2593653200240067
3.2686191626404084
3.250725625930873
3.2682571920882015
3.2682571920882015
3.289350635654774
3.289350635654774
3.289350635654774
3.289350635654774
3.289350635654774
3.289350635654774
3.2594802951484287
3.2439128579019747
3.2439128579019747
3.2439128579019747
3.265833231043454
3.2564351855572844
3.237750711498221
3.2504153185267826
3.2506577946510844
3.2304922942073224
3.2304922942073224
3.2304922942073224
3.2232240602448536
3.2232240602448536
3.2232240602448536
3.2157166564008564
3.2069126264792067
3.2020717090955366
3.2020717090955366
3.2006895165491454
3.2029261141653516
3.2029261141653516
3.2029261141653516
3.202231335336244
3.202231335336244
3.202231335336244
3.202231335336244
3.202231335336244
3.202231335336244
3.202231335336244
3.202231335336244
3.202231335336244
3.202231335336244
3.1857377151440636
3.1972273343209094
3.2122803873731685
3.2122803873731685
3.214543577401704
3.214543577401704
3.1879335889456497
3.200524250479896
3.200524250479896
3.200524250479896
3.1768308285886393
3.1768308285886393
3.200166744764687
3.200166744764687
3.2010612640246143
3.2075392184481344
3.2235460734401706
3.217341156267993
3.2158276912798147
3.2263976707486828
3.251196054979985
3.251196054979985
3.251196054979985
3.2793140539943564
3.2402934451195713
3.2402934451195713
3.2402934451195713
3.2402934451195713
3.2402934451195713
3.2408227814943973
3.2408227814943973
3.24928398696037
3.24928398696037
3.24928398696037
3.24928398696037
3.24928398696037
3.24928398696037
3.247561015098114
3.243171828055779
3.259256927708275
3.259256927708275
3.259256927708275
3.259256927708275
3.259256927708275
3.259256927708275
3.288372299515338
3.2848294300240473
3.2848294300240473
3.2848294300240473
3.2848294300240473
3.268052973901354
3.268052973901354
3.268052973901354
3.245404181863612
3.262960894503878
3.262960894503878
3.262960894503878
3.2462339817581616
3.2462339817581616
3.2374075427887057
3.2374075427887057
3.255477492378135
3.247483204950375
3.231247797740769
3.231247797740769
3.2310871908810173
3.2310871908810173
3.2475553983064707
3.247612225904116
3.2379076309518187
3.2379076309518187
3.2379076309518187
3.2379076309518187
3.2379076309518187
3.2379076309518187
3.21167321500093
3.21167321500093
3.2264219709520408
3.2264219709520408
3.2264219709520408
3.2264219709520408
3.2415019247317276
3.2384632961884616
3.2384632961884616
3.2384632961884616
3.2375426559151435
3.2375426559151435
3.2375426559151435
3.2375426559151435
3.235325489197681
3.235325489197681
3.235325489197681
3.238227110787388
3.238227110787388
3.238227110787388
3.238227110787388
3.238227110787388
3.2488470076603
3.2466798364085396
3.239231793968085
3.239231793968085
3.239231793968085
3.239231793968085
3.239231793968085
3.239231793968085
3.239231793968085
3.2481466657086364
3.2481466657086364
3.2458103247898102
3.2458103247898102
3.2458103247898102
3.250205017488624
3.250205017488624
3.272904258896295
3.272904258896295
3.2770947270127944
3.238804421488393
3.238804421488393
3.243076041099398
3.258373450248519
3.279952230842353
3.255373941087644
3.266895379503583
3.266895379503583
3.259048244273617
3.259048244273617
3.259048244273617
3.259048244273617
3.259048244273617
3.2632216575877
3.2552688924120425
3.2325555024531147
3.2325555024531147
3.248495024448648
3.264215639778743
3.249463137372578
3.2573881666009292
3.262054144706487
3.2786116254931965
3.2786116254931965
3.2797513605545445
3.268647623110997
3.254155261402304
3.254155261402304
3.238847879783041
3.2333144948989223
3.2333144948989223
3.2333144948989223
3.2333144948989223
3.235314535086933
3.235314535086933
3.235314535086933
3.235314535086933
3.235314535086933
3.235314535086933
3.235314535086933
3.235314535086933
3.2507355905373823
3.2507355905373823
3.2507355905373823
3.2507355905373823
3.225779019304853
3.225779019304853
3.225779019304853
3.227493289074827
3.227493289074827
3.2290111737581806
3.226262513986328
3.2204853219487335
3.2204853219487335
3.21195777081817
3.21195777081817
3.21195777081817
3.2140616752396496
3.209409269341458
3.18741359046351
3.1868633615017723
3.1868633615017723
3.1868633615017723
3.1768449056505883
3.23014167347443
3.23014167347443
3.1967573629796364
3.1967573629796364
3.1967573629796364
3.1967573629796364
3.1967573629796364
3.1967573629796364
3.2324936510849156
3.2503302538094143
3.2571315733606974
3.270324218421504
3.270568758366367
3.2764752816286764
3.2401233449744695
3.2401233449744695
3.2401233449744695
3.2401233449744695
3.2401233449744695
3.2468812525693256
3.2515546522394287
3.2395918733626243
3.2395918733626243
3.22263821051666
3.22263821051666
3.22263821051666
3.22263821051666
3.22263821051666
3.22263821051666
3.22263821051666
3.234283676548953
3.2184395344286174
3.2346502591711412
3.2243046461411944
3.2226665407051196
3.2226665407051196
3.221224752403533
3.221224752403533
3.221224752403533
3.217423588993008
3.217423588993008
3.2097317347187024
3.2097317347187024
3.2325211663585613
3.2325211663585613
3.2325211663585613
3.236476146538139
3.236476146538139
3.236476146538139
3.2302123279675805
3.2302123279675805
3.175147276940974
3.2026219826064937
3.2026219826064937
3.2026219826064937
3.2026219826064937
3.1877363613495473
3.1906595923530015
3.204823157387857
3.220439596420848
3.2406647227370238
3.2153966250187667
3.2153966250187667
3.214585725970447
3.22834322451155
3.22834322451155
3.2395959439469273
3.2370620087328295
3.232937856561183
3.2362602509565033
3.2362602509565033
3.211048546683729
3.2315148033716574
3.2414834703091433
3.2395120901477257
3.2395120901477257
3.2395120901477257
3.2318117381742004
3.2318117381742004
3.2487977719188836
3.2239524580674632
3.2239524580674632
3.2239524580674632
3.2239524580674632
3.2239524580674632
3.23059053009259
3.2350538581299126
3.2350538581299126
3.2350538581299126
3.2350538581299126
3.2350538581299126
3.2193545100608585
3.2193545100608585
3.2364017606425257
3.2364017606425257
3.2131686333381433
3.2131686333381433
3.2131686333381433
3.229019851264504
3.229019851264504
3.227406939029638
3.227406939029638
3.191462191552223
3.191462191552223
3.2010767395902526
3.2010767395902526
3.2010767395902526
3.174397983075192
3.2278055930983935
3.2278055930983935
3.2278055930983935
3.2017126773465545
3.2017126773465545
3.1955813349828857
3.1955813349828857
3.1955813349828857
3.1955813349828857
3.2201106795796743
3.2201106795796743
3.230213415686179
3.230213415686179
3.230213415686179
3.230213415686179
3.230213415686179
3.2352198042051667
3.2352198042051667
3.2284497541161055
3.2048936962553416
3.2048936962553416
3.2050604694892786
3.226904074990881
3.226904074990881
3.226904074990881
3.226904074990881
3.226904074990881
3.226904074990881
3.226904074990881
3.2282974309644152
3.2066562091769066
3.206760136023502
3.260504682559889
3.2695220689208244
3.237311401461105
3.237311401461105
3.237311401461105
3.237311401461105
3.2221177435137145
3.1971842249279523
3.1971842249279523
3.1971842249279523
3.2136022835437776
3.2136022835437776
3.2136022835437776
3.2458980947737732
3.2458980947737732
3.2357342558578983
3.227075983222978
3.227075983222978
3.1781293046883774
3.1781293046883774
3.1781293046883774
3.192492093747339
3.192492093747339
3.218178576385596
3.218178576385596
3.2404433743522123
3.2404433743522123
3.2339075185419897
3.2339075185419897
3.2401301499706885
3.2401301499706885
3.2401301499706885
3.2401301499706885
3.2401301499706885
3.2401301499706885
3.2401301499706885
3.239541076005123
3.2412099106931636
3.2412099106931636
3.2057114967596454
3.2144397234713886
3.2144397234713886
3.208897182849366
3.240756533512651
3.240756533512651
3.200276802313641
3.200276802313641
3.2174947155054885
3.2174947155054885
3.2174947155054885
3.2174947155054885
3.2018223324467385
3.201636905740987
3.2147481388082464
3.2552673640922425
3.2428771246910935
3.2428771246910935
3.2428771246910935
3.2139376215647815
3.1945182526202673
3.1945182526202673
3.2275603850095194
3.2275603850095194
3.1888511899914946
3.2024175209257946
3.179599873421663
3.2009367095790844
3.215721842488954
3.215721842488954
3.215721842488954
3.215721842488954
3.215721842488954
3.215721842488954
3.215721842488954
3.202245298702527
3.202245298702527
3.216732800083624
3.216732800083624
3.185567808517014
3.185567808517014
3.1777459822564444
3.1681156241455604
3.1731201104217326
3.161089552580472
3.161089552580472
3.2144457227384775
3.1663646437377255
3.1663646437377255
3.180799143422209
3.1912216505225803
3.1912216505225803
3.208292285085171
3.208292285085171
3.2094375209333097
3.2094375209333097
3.2094375209333097
3.212561236719981
3.212561236719981
3.212561236719981
3.227927259731682
3.25071892532831
3.25071892532831
3.2286573926188864
3.2011193824142676
3.2011193824142676
3.2011193824142676
3.178735775371817
3.1820620316734187
3.1820620316734187
3.2456717150795864
3.2456717150795864
3.2456717150795864
3.2456717150795864
3.2456717150795864
3.234111352280184
3.2270324842018554
3.2270324842018554
3.227186142951638
3.2148151115457413
3.236031105936726
3.253838990763642
3.2276022785183973
3.2276022785183973
3.2320773139633885
3.221673189782236
3.221673189782236
3.221673189782236
3.221673189782236
3.232005086815997
3.222752880292575
3.270736115401504
3.2583388359138703
3.2583388359138703
3.2397748942153037
3.2305608435651147
3.241208917946274
3.241208917946274
3.2530154622332295
3.2530154622332295
3.261781727420753
3.257474944731475
3.2346592806533483
3.2431776639153376
3.2487688337930436
3.2487688337930436
3.2487688337930436
3.230411250956029
3.1852939596930754
3.1852939596930754
3.1852939596930754
3.1834258604342245
3.1834258604342245
3.188131834406944
3.188131834406944
3.2011597086025367
3.2056875794836865
3.2270718989994576
3.2141841232955755
3.191373573119309
3.191373573119309
3.191373573119309
3.191373573119309
3.189618438230198
3.1856589864938156
3.1846654579916853
3.1846654579916853
3.1846654579916853
3.1846654579916853
3.1846654579916853
3.183112765445219
3.1803603849220576
3.2031493836337277
3.1922521502756145
3.1922521502756145
3.1922521502756145
3.1922521502756145
3.1922521502756145
3.2091837379929227
3.2102759512416217
3.2089078888815563
3.215626507804669
3.215626507804669
3.198831231245246
3.198831231245246
3.198831231245246
3.2036536569820115
3.2036536569820115
3.2036536569820115
3.2036536569820115
3.205971706108364
3.205971706108364
3.205971706108364
3.205971706108364
3.2013028516780793
3.204467240331565
3.204467240331565
3.1907015673590355
3.1907015673590355
3.1907015673590355
3.1907015673590355
3.166793635211018
3.166793635211018
3.166793635211018
3.174192854024394
3.174192854024394
3.1717451407686825
3.1742380680870235
3.1742380680870235
3.189981535350162
3.199871862000156
3.199871862000156
3.199871862000156
3.179915271821257
3.179915271821257
3.179915271821257
3.179915271821257
3.177268138725253
3.177268138725253
3.177268138725253
3.177268138725253
3.177268138725253
3.177268138725253
3.170391243921758
3.2001810035301355
3.2001810035301355
3.213436481460393
3.213436481460393
3.205877298077055
3.193147450273821
3.193147450273821
3.1817426952132823
3.1817426952132823
3.1702565256479964
3.1702565256479964
3.173255613641507
3.2193717714086305
3.2018238235884913
3.2366817501002787
3.204738464147621
3.204738464147621
3.194256741954358
3.194256741954358
3.162051599486691
3.162051599486691
3.176038193843537
3.176038193843537
3.176038193843537
3.1787838320864332
3.1927094061050276
3.174470150918679
3.174470150918679
3.174470150918679
3.206247171490031
3.206247171490031
3.1924478319113794
3.1966293036967603
3.1848574863189163
3.1848574863189163
3.1796305675166128
3.191343581424686
3.174003102571554
3.174003102571554
3.174003102571554
3.174003102571554
3.174003102571554
3.174003102571554
3.1635319463168843
3.1635319463168843
3.192941086059841
3.1696018640462444
3.1809979213525095
3.1809979213525095
3.1809979213525095
3.1809979213525095
3.187806604843437
3.187806604843437
3.187806604843437
3.187806604843437
3.187806604843437
3.187806604843437
3.2194648142611846
3.2194648142611846
3.2194648142611846
3.2278078824572227
3.2278078824572227
3.2278078824572227
3.2278078824572227
3.1828267570086797
3.1828267570086797
3.1828267570086797
3.1828267570086797
3.210118181827236
3.2079773554074453
3.2079773554074453
3.2356267393140006
3.2356267393140006
3.183778574170489
3.18684149711174
3.18684149711174
3.1790314552087082
3.1790314552087082
3.1871750908160403
3.21182403206043
3.21182403206043
3.21182403206043
3.21182403206043
3.246817274892348
3.246817274892348
3.246817274892348
3.232174155970738
3.232174155970738
3.232174155970738
3.2177272088613544
3.226430980328196
3.2319108550833113
3.2300375356529103
3.2300375356529103
3.228046143053161
3.228046143053161
3.1990075472133395
3.1990075472133395
3.1990075472133395
3.1990075472133395
3.2258092555463955
3.2258092555463955
3.2258092555463955
3.2258092555463955
3.201062599945922
3.201062599945922
3.1721417597852333
3.1721417597852333
3.1815008940021436
3.1815008940021436
3.176502950023837
3.207403925549215
3.207403925549215
3.16924179068961
3.16924179068961
3.16924179068961
3.16924179068961
3.168903228791857
3.1727266086028783
3.224596741483587
3.214298882272074
3.2126761020691483
3.2126761020691483
3.191240659822507
3.191240659822507
3.191240659822507
3.2078605175007593
3.2078605175007593
3.2078605175007593
3.2078605175007593
3.2024563589720945
3.2024563589720945
3.204165825551347
3.204165825551347
3.2023969914136026
3.181158929387531
3.1823867279430176
3.1823867279430176
3.175968051225475
3.1751569847954784
3.1751569847954784
3.1924868492091285
3.1924868492091285
3.1923259700967694
3.1923259700967694
3.216765643094479
3.216765643094479
3.216765643094479
3.216765643094479
3.2198321441489064
3.2198321441489064
3.2198321441489064
3.2198321441489064
3.2198321441489064
3.227649037178672
3.227649037178672
3.218452728161317
3.218452728161317
3.192918539717057
3.192918539717057
3.192918539717057
3.1917338906638846
3.1917338906638846
3.188562679793199
3.188562679793199
3.192362483368447
3.192362483368447
3.182148590296192
3.186581027178231
3.186581027178231
3.186581027178231
3.22146762576522
3.22146762576522
3.22146762576522
3.22146762576522
3.2326336412760717
3.2205987482740603
3.2205987482740603
3.235969134208407
3.2179428686371776
3.2179428686371776
3.199717718104876
3.199717718104876
3.1968698567927416
3.1968698567927416
3.1968698567927416
3.2077686936479894
3.2077686936479894
3.2087326052774823
3.2087326052774823
3.2087326052774823
3.2087326052774823
3.2087326052774823
3.2087326052774823
3.2087326052774823
3.2136552312554336
3.205253237310286
3.205253237310286
3.205253237310286
3.205253237310286
3.205253237310286
3.200131403441957
3.200131403441957
3.2335762871260134
3.2335762871260134
3.2335762871260134
3.2335762871260134
3.231575883452101
3.231575883452101
3.231575883452101
3.231575883452101
3.2572948852368233
3.227937487708591
3.227222710888101
3.2037236905579465
3.1947732487184024
3.1947732487184024
3.1947732487184024
3.1947732487184024
3.1977551213794544
3.1943965870928555
3.1943965870928555
3.204351211887336
3.204351211887336
3.204351211887336
3.204351211887336
3.204351211887336
3.2215073316977487
3.2215073316977487
3.2215073316977487
3.1934607961228685
3.1934607961228685
3.2069311941973124
3.2069311941973124
3.2069311941973124
3.2069311941973124
3.2069311941973124
3.2069311941973124
3.2305802009772933
3.2010664415768124
3.203497622566867
3.203497622566867
3.203497622566867
3.203497622566867
3.2097615350890614
3.2097615350890614
3.2097615350890614
3.2097615350890614
3.2097615350890614
3.1845446514937543
3.1761731085678786
3.187561089023431
3.187561089023431
3.21678056057511
3.21678056057511
3.21678056057511
3.21678056057511
3.21678056057511
3.21678056057511
3.218091769659042
3.215152862258174
3.185484520421715
3.179597864391426
3.1870031767699896
3.186804757065079
3.1831873647766993
3.1831873647766993
3.1831873647766993
3.213527402135729
3.213527402135729
3.2201259121506713
3.2201259121506713
3.215148908181235
3.2195766764423928
3.2195766764423928
3.228071304753183
3.228071304753183
3.228071304753183
3.228071304753183
3.228071304753183
3.228071304753183
3.228071304753183
3.228071304753183
3.228071304753183
3.2364701413052974
3.2364701413052974
3.2399438966071794
3.239735817522926
3.213210478610526
3.213210478610526
3.213210478610526
3.213210478610526
3.213210478610526
3.212353029976085
3.212353029976085
3.200018365235835
3.200018365235835
3.200018365235835
3.200018365235835
3.2094823670057306
3.2094823670057306
3.2094823670057306
3.2049221449214467
3.2049221449214467
3.2049221449214467
3.2290838017425103
3.2290838017425103
3.2290838017425103
3.213635807041549
3.2461937334087647
3.2461937334087647
3.2461937334087647
3.2435391807835234
3.2332931895622417
3.2287610392669226
3.2287610392669226
3.237261944329775
3.237261944329775
3.2163320605038836
3.2432819884012414
3.245197064873356
3.245197064873356
3.245197064873356
3.21798599165012
3.216087805214092
3.216087805214092
3.216087805214092
3.216087805214092
3.1954616593981866
3.1873372414766172
3.1873372414766172
3.1849060478530884
3.176574850628277
3.1620634844768043
3.1859257648138644
3.1859257648138644
3.1859257648138644
3.1859257648138644
3.1859257648138644
3.214345503202659
3.199261459495699
3.199261459495699
3.2169804758579033
3.2083424118322665
3.2083424118322665
3.2083424118322665
3.2105508691880784
3.2061795949069705
3.2064625405273324
3.208827894492809
3.208827894492809
3.211044799350386
3.211044799350386
3.211044799350386
3.2139321977829733
3.2210637968366798
3.211122763576244
3.211122763576244
3.2369686259760897
3.2369686259760897
3.2369686259760897
3.2369686259760897
3.2369686259760897
3.2369686259760897
3.245596368324305
3.246272613426445
3.2353595003524678
3.2353595003524678
3.2353595003524678
3.248410236899635
3.248410236899635
3.2319972719825043
3.2319972719825043
3.2319972719825043
3.2319972719825043
3.228605833638763
3.228605833638763
3.271954324252842
3.2110081058290683
3.2110081058290683
3.2110081058290683
3.2110081058290683
3.2110081058290683
3.2110081058290683
3.2212263310472435
3.2212263310472435
3.2168615730480843
3.2168615730480843
3.223920280405268
3.223920280405268
3.223920280405268
3.1994418371301125
3.1994418371301125
3.1967365984607237
3.1967365984607237
3.2237878088967626
3.197938019187404
3.197938019187404
3.1840871690361685
3.1840871690361685
3.178246494038738
3.178246494038738
3.178246494038738
3.186157562423183
3.186157562423183
3.160754161626165
3.160754161626165
3.160754161626165
3.160754161626165
3.160754161626165
3.178345550447868
3.178345550447868
3.179566209839353
3.184575896614728
3.184575896614728
3.184575896614728
3.1886415122250638
3.1886415122250638
3.192630217990515
3.1762107387623963
3.1800854270733927
3.1800854270733927
3.1800854270733927
3.1800854270733927
3.1800854270733927
3.184227142559405
3.200411781804175
3.1855433632286396
3.1855433632286396
3.1855433632286396
3.214099880928533
3.214099880928533
3.2143255683378706
3.204882886519066
3.204882886519066
3.204882886519066
3.204882886519066
3.216488334351369
3.216488334351369
3.216488334351369
3.216488334351369
3.2097166169549998
3.2097166169549998
3.2097166169549998
3.2097166169549998
3.2097166169549998
3.2097166169549998
3.1892044347276287
3.204923352762987
3.204923352762987
3.208130318988581
3.208130318988581
3.1888748027596914
3.189186809690774
3.18726443328799
3.18726443328799
3.1749409573051093
3.2110467953823565
3.2110467953823565
3.2110467953823565
3.2084180490165055
3.2084180490165055
3.2084180490165055
3.2227831416735597
3.2084035585726074
3.1686005344141948
3.1848154436302742
3.1848154436302742
3.1848154436302742
3.1848154436302742
3.1848154436302742
3.1848154436302742
3.1872006200262186
3.1872006200262186
3.1979448540926514
3.1972302564595796
3.1972302564595796
3.1820693911363405
3.18571858152
3.209191040802701
3.209191040802701
3.194527844806198
3.214568889418548
3.214568889418548
3.214568889418548
3.214568889418548
3.214568889418548
3.2287881603473174
3.2287881603473174
3.2287881603473174
3.2287881603473174
3.2287881603473174
3.225463557945984
3.225463557945984
3.2117381924022115
3.2117381924022115
3.2117381924022115
3.2117381924022115
3.2100117755998383
3.2058625007075676
3.2058625007075676
3.2058625007075676
3.2058625007075676
3.2058625007075676
3.218000614500866
3.218000614500866
3.218000614500866
3.218000614500866
3.218000614500866
3.242065173789878
3.242065173789878
3.2190298800076085
3.2190298800076085
3.2427441299567117
3.2266477090110808
3.2037726618060747
3.19495912430548
3.19495912430548
3.2074454267456556
3.2074454267456556
3.22932833406554
3.22932833406554
3.22932833406554
3.22932833406554
3.22932833406554
3.22932833406554
3.22932833406554
3.22932833406554
3.22932833406554
3.22932833406554
3.22932833406554
3.2168361319368417
3.2168361319368417
3.2168361319368417
3.2168361319368417
3.2168361319368417
3.197472539576386
3.197472539576386
3.204451793644413
3.202096022516727
3.212382090430844
3.212382090430844
3.212382090430844
3.212382090430844
3.212382090430844
3.212382090430844
3.2048134598659828
3.2059610356047044
3.190254601219846
3.190254601219846
3.222686699991198
3.222686699991198
3.222686699991198
3.232715992711021
3.232715992711021
3.212503080271721
3.212503080271721
3.2371971255733056
3.2347574083804598
3.196544623767645
3.232752266366288
3.234314513548204
3.234314513548204
3.230193741124454
3.230193741124454
3.227566017849368
3.22820606933959
3.22820606933959
3.2072526353650592
3.2072526353650592
3.2072526353650592
3.2003040037511434
3.2003040037511434
3.2003040037511434
3.2290314453761475
3.2290314453761475
3.2098683888446904
3.2158672396465
3.2334029392033905
3.2334029392033905
3.2334029392033905
3.2302373964628184
3.2302373964628184
3.229381653416104
3.1987866567249355
3.185793419942132
3.185793419942132
3.2206113241733476
3.1947917801904038
3.215570034864645
3.2141815708263093
3.182887977180412
3.2085430798687584
3.2085430798687584
3.2085430798687584
3.2468713546873142
3.226325106653205
3.2372156372517713
3.2372156372517713
3.250980908262398
3.230333321083978
3.2092898823032807
3.2092898823032807
3.2092898823032807
3.185670702458416
3.185670702458416
3.2063217403188786
3.2587094074179497
3.2750834843112075
3.2284412910549025
3.2284412910549025
3.248548357344953
3.243439364926243
3.243439364926243
3.243710582039114
3.246994490296412
3.246994490296412
3.246994490296412
3.221810720471475
3.2260931290036363
3.2260931290036363
3.2260931290036363
3.2069410486355747
3.2088741393641023
3.21227119093918
3.21227119093918
3.2078623426462145
3.2014315821093
3.2263677763225496
3.199891100315303
3.199891100315303
3.199891100315303
3.199891100315303
3.199891100315303
3.199891100315303
3.185030171658717
3.2052108700150743
3.2052108700150743
3.2052108700150743
3.2052108700150743
3.2052108700150743
3.192055131844213
3.192055131844213
3.193371875838725
3.20189989582092
3.2145491916725417
3.200826186671655
3.200826186671655
3.213109436997448
3.2170250292485707
3.220511580215028
3.220511580215028
3.2362878385037654
3.2362878385037654
3.214354143000271
3.214354143000271
3.1977983502240237
3.1977983502240237
3.203381102887983
3.203381102887983
3.203381102887983
3.1870984458159124
3.1870984458159124
3.1870984458159124
3.1870984458159124
3.1870984458159124
3.1870984458159124
3.1870984458159124
3.187920356498292
3.187920356498292
3.187920356498292
3.196795743306482
3.2201374263488214
3.209604812512141
3.209604812512141
3.209604812512141
3.2228792435635256
3.2228792435635256
3.2060759250366018
3.2060759250366018
3.2060759250366018
3.2060759250366018
3.225885978773662
3.201667650433056
3.2072180072529473
3.2136034895177525
3.2136034895177525
3.215910726714356
3.225172035913042
3.225172035913042
3.2487459468303284
3.2487459468303284
3.2487459468303284
3.2710971303590806
3.2447341761825146
3.2447341761825146
3.254807642477664
3.220788315541191
3.220788315541191
3.220788315541191
3.220788315541191
3.224233620978634
3.2245427244162213
3.2581958674466778
3.234908558823613
3.275913583384906
3.263100215205999
3.263100215205999
3.261047009275291
3.261047009275291
3.261047009275291
3.261047009275291
3.2365326943364465
3.2218814438519834
3.243815031347429
3.2215854493100022
3.204262473492504
3.204262473492504
3.204262473492504
3.196320175384508
3.2058823706156834
3.2058823706156834
3.2058823706156834
3.211809057576429
3.211809057576429
3.225234042380128
3.225234042380128
3.231354951053861
3.231354951053861
3.246604220428367
3.246604220428367
3.246604220428367
3.246604220428367
3.246893233896003
3.2227200993261182
3.261706461419255
3.261706461419255
3.261706461419255
3.247402470266921
3.247402470266921
3.260050914290698
3.260050914290698
3.260050914290698
3.2326507917034175
3.2326507917034175
3.2326507917034175
3.226103491133059
3.2010718208400166
3.2010718208400166
3.1995407149475796
3.196219355137997
3.178421482819717
3.1817336333511
3.1817336333511
3.2311524502998954
3.1980404713693913
3.210194177596124
3.210194177596124
3.2248289684870763
3.220010833466344
3.220010833466344
3.220010833466344
3.224862741019687
3.270972595386148
3.2784995651911313
3.2784995651911313
3.255764994625763
3.255764994625763
3.273086153855785
3.273086153855785
3.273086153855785
3.2787527021640543
3.2821502861469862
3.2821502861469862
3.2810606622349936
3.2744104260362015
3.2744104260362015
3.2744104260362015
3.2744104260362015
3.2744104260362015
3.2534696683859394
3.2534696683859394
3.2534696683859394
3.2534696683859394
3.2534696683859394
3.2534696683859394
3.2534696683859394
3.2534696683859394
3.2534696683859394
3.2534696683859394
3.2534696683859394
3.2534696683859394
3.2534696683859394
3.2534696683859394
3.2620060157796815
3.2382120830549193
3.2382120830549193
3.2382120830549193
3.2382120830549193
3.223387844086399
3.223387844086399
3.223387844086399
3.223387844086399
3.1948608529876106
3.2051424304478573
3.2051424304478573
3.206409691154879
3.206409691154879
3.206409691154879
3.191843661160153
3.2074844165935796
3.2074844165935796
3.2074844165935796
3.214981064895097
3.226059354261866
3.226059354261866
3.2093532275698835
3.2093532275698835
3.200772906909894
3.2013417594536566
3.2013417594536566
3.2013417594536566
3.2095082845310885
3.1600253002966143
3.1600253002966143
3.1656149031298058
3.2195771481216533
3.1919690162197307
3.1919690162197307
3.210235721054741
3.210235721054741
3.210235721054741
3.2003518140446983
3.2249714843798847
3.2249714843798847
3.2202040000920378
3.2202040000920378
3.2202040000920378
3.2202040000920378
3.2202040000920378
3.1951044383136997
3.204121020298162
3.1593111059343872
3.1489374872914473
3.1489374872914473
3.2104245933266187
3.2220794491124556
3.234558133766382
3.234558133766382
3.234558133766382
3.233155233040855
3.24608910008231
3.218614794144391
3.2113349774778968
3.2280280596333544
3.2475460082580776
3.2475460082580776
3.2475460082580776
3.2475460082580776
3.256576640351915
3.256576640351915
3.226340736641849
3.2202830959484205
3.2202830959484205
3.270114981409247
3.270114981409247
3.2545072953566168
3.232120093264795
3.2213792385473243
3.232538685758128
3.2225331313923613
3.2225331313923613
3.226031638566305
3.2504568808663117
3.2504568808663117
3.2329658337598084
3.2329658337598084
3.220705255025199
3.220705255025199
3.220705255025199
3.220705255025199
3.220705255025199
3.2359188774479755
3.2359188774479755
3.2270330227450814
3.2270330227450814
3.217131950894773
3.207192403544577
3.207192403544577
3.2432895508573836
3.2432895508573836
3.2432895508573836
3.253487997858573
3.253487997858573
3.2125144788049025
3.2316277622401857
3.2184321958962374
3.2184321958962374
3.2184321958962374
3.2184321958962374
3.2246092370822947
3.224944488982563
3.224944488982563
3.217999860727066
3.2121523148706257
3.2121523148706257
3.211607932566251
3.240640203952496
3.2093914366356975
3.209910639652817
3.209910639652817
3.2421379920309294
3.2421379920309294
3.2421379920309294
3.2421379920309294
3.2421379920309294
3.2421379920309294
3.2421379920309294
3.2346802969328996
3.242325545870897
3.242325545870897
3.1886085404421274
3.1886085404421274
3.2028970115767414
3.1913230078315533
3.1913230078315533
3.182605760849855
3.182605760849855
3.2411595421227943
3.2536175424571976
3.2536175424571976
3.2537801238308757
3.2310474977778294
3.2310474977778294
3.214860167087861
3.214860167087861
3.2133607095200007
3.2133607095200007
3.186422496578325
3.186422496578325
3.186422496578325
3.186422496578325
3.1959854100632303
3.1883710182219884
3.2007183183676746
3.1989382994227413
3.1867127209721238
3.1867127209721238
3.2151767727496585
3.2151767727496585
3.2151767727496585
3.2151767727496585
3.2151767727496585
3.235099379350613
3.198679250959146
3.209132396209705
3.209132396209705
3.1937130515157337
3.2373708386926845
3.229437995568821
3.229437995568821
3.229437995568821
3.2236679148971263
3.2236679148971263
3.2373782796436625
3.2429557503336994
3.2355884987783474
3.212434972461725
3.212434972461725
3.1884651492363525
3.1884651492363525
3.1923519224907126
3.1923519224907126
3.1968437988839806
3.18611320966786
3.180621535316303
3.1879220700760333
3.2313805072590074
3.2043155600220157
3.2258818546470978
3.246602186684562
3.2409509623654014
3.2409509623654014
3.235778509539622
3.2303459156609517
3.2303459156609517
3.2303459156609517
3.2074740654103304
3.2288409625721095
3.2483999687742036
3.2483999687742036
3.2494465631152303
3.2293988078485674
3.2145019971166846
3.240095888691856
3.240095888691856
3.240095888691856
3.252014990120292
3.23214753729604
3.23214753729604
3.2243818306209784
3.214528903380502
3.214528903380502
3.2232322110306852
3.263548026492624
3.263548026492624
3.2471687287566526
3.227470263958185
3.233217862995557
3.2398483669965015
3.2398483669965015
3.2398483669965015
3.2398483669965015
3.236464039389256
3.236464039389256
3.236464039389256
3.237213865861094
3.237213865861094
3.246793827687976
3.248134311550063
3.246066249932529
3.246066249932529
3.246066249932529
3.246066249932529
3.246066249932529
3.2123602102121276
3.2123602102121276
3.2123602102121276
3.2123602102121276
3.2227334375566685
3.2227334375566685
3.2227334375566685
3.2227334375566685
3.2227334375566685
3.225278713457115
3.2235295824826777
3.2235295824826777
3.2235295824826777
3.2235295824826777
3.2235295824826777
3.2314788434214132
3.25879400138477
3.2090579017640826
3.2090579017640826
3.2090579017640826
3.2090579017640826
3.20440369109903
3.20440369109903
3.223636266046164
3.223636266046164
3.223636266046164
3.2260756283152854
3.2260756283152854
3.203044849541108
3.203044849541108
3.203044849541108
3.2051247928565156
3.2051247928565156
3.2051247928565156
3.2304664778446837
3.229781375866472
3.2141625811376664
3.220417547688546
3.2362352435367208
3.233555852975786
3.2304769539254576
3.2304769539254576
3.212322343341837
3.212322343341837
3.2175440821207157
3.2175440821207157
3.21363845984013
3.21363845984013
3.21363845984013
3.21363845984013
3.2328908778085768
3.228652284254312
3.228652284254312
3.228652284254312
3.222105339001426
3.222105339001426
3.222105339001426
3.222105339001426
3.222105339001426
3.222105339001426
3.222105339001426
3.241265943669145
3.241265943669145
3.241265943669145
3.2287841618836155
3.2287841618836155
3.2287841618836155
3.243213960907429
3.243213960907429
3.243213960907429
3.243213960907429
3.243213960907429
3.243213960907429
3.238960284591099
3.2383113712418683
3.273643062376533
3.281097351687226
3.281097351687226
3.252244522949407
3.252244522949407
3.258855386898645
3.258855386898645
3.2439025272752224
3.2439025272752224
3.227480076724751
3.227480076724751
3.227480076724751
3.227480076724751
3.242218872535164
3.242218872535164
3.242218872535164
3.242218872535164
3.184162842070363
3.2228276417794257
3.2228276417794257
3.202756119300306
3.202756119300306
3.202756119300306
3.2090290907337584
3.2090290907337584
3.2090290907337584
3.2221579210416946
3.2221579210416946
3.2221579210416946
3.2363234936230225
3.2326250368831873
3.2286757578254326
3.2286757578254326
3.2317175371098426
3.232360366786371
3.232360366786371
3.232360366786371
3.232360366786371
3.2005268627261603
3.1772976547037586
3.1772976547037586
3.1772976547037586
3.169460767031302
3.169460767031302
3.1710222957481684
3.216978486422183
3.216978486422183
3.1911753755065924
3.1911753755065924
3.1911753755065924
3.2349308055957766
3.2349308055957766
3.2398514446882842
3.232851393265134
3.218111333204325
3.2091162986888593
3.2091162986888593
3.2091162986888593
3.2091162986888593
3.2091162986888593
3.2091162986888593
3.2091162986888593
3.2091162986888593
3.203552042758228
3.1561892994113387
3.1561892994113387
3.1701614013876958
3.1701614013876958
3.1701614013876958
3.1701614013876958
3.1701614013876958
3.1652019002150067
3.1652019002150067
3.1652019002150067
3.1652019002150067
3.1652019002150067
3.1652019002150067
3.1652019002150067
3.196136686425405
3.196136686425405
3.186948470054608
3.197358960404642
3.197358960404642
3.197358960404642
3.197358960404642
3.197358960404642
3.197358960404642
3.197358960404642
3.197358960404642
3.197358960404642
3.208160314797933
3.208160314797933
3.2018359024274443
3.2018359024274443
3.2018359024274443
3.2229188593480473
3.2229188593480473
3.2229188593480473
3.2229188593480473
3.2229188593480473
3.2229188593480473
3.19546964234677
3.19546964234677
3.19546964234677
3.19546964234677
3.19546964234677
3.1704328248012947
3.1861989428801385
3.1861989428801385
3.1861989428801385
3.1720710579936138
3.2208593396530385
3.2208593396530385
3.2045782510249876
3.2045782510249876
3.231045468944799
3.231045468944799
3.2248021645948204
3.2248021645948204
3.2248021645948204
3.2248021645948204
3.2164023370937045
3.2164023370937045
3.1989837477732572
3.2039028276222625
3.2039028276222625
3.2039028276222625
3.2039028276222625
3.211652717603207
3.211652717603207
3.2047292661665425
3.2137432492913884
3.203992946771397
3.224528261781212
3.224861980817066
3.2077708133913183
3.2077708133913183
3.2077708133913183
3.2077708133913183
3.2077708133913183
3.2077708133913183
3.2133705519941738
3.2133705519941738
3.2133705519941738
3.2133705519941738
3.2133705519941738
3.238991405759213
3.2315217595390555
3.2315217595390555
3.23263988107884
3.2362341372590957
3.233165437043563
3.233165437043563
3.233165437043563
3.2346468535648136
3.2346468535648136
3.2346468535648136
3.2346468535648136
3.2346468535648136
3.263974323294236
3.263974323294236
3.263974323294236
3.2416143226171017
3.2416143226171017
3.2416143226171017
3.2416143226171017
3.235573944542507
3.235573944542507
3.235573944542507
3.235573944542507
3.235573944542507
3.235573944542507
3.235573944542507
3.240557204400838
3.226617318107238
3.1846420374567694
3.2244905154619867
3.2244905154619867
3.2244905154619867
3.2244905154619867
3.218747630490632
3.218747630490632
3.218747630490632
3.218747630490632
3.223175688885883
3.223175688885883
3.2239631641636888
3.2239631641636888
3.2239631641636888
3.2239631641636888
3.2239631641636888
3.2110388626188358
3.209472734048711
3.209472734048711
3.209472734048711
3.209472734048711
3.209472734048711
3.209472734048711
3.1886142435635993
3.1886142435635993
3.211924825403021
3.224941938922302
3.224941938922302
3.217613891692014
3.217613891692014
3.2505911905891787
3.2505911905891787
3.2505911905891787
3.2505911905891787
3.2470346892371524
3.245201753008201
3.245201753008201
3.246219449664254
3.236944297804916
3.236944297804916
3.236944297804916
3.233661383537335
3.233661383537335
3.234305254976964
3.2155106604541084
3.2155106604541084
3.2155106604541084
3.2250026353533783
3.2250026353533783
3.229533785877002
3.229533785877002
3.229533785877002
3.229533785877002
3.229533785877002
3.214786626607265
3.214786626607265
3.2237970280288293
3.2125109541891037
3.215150079058296
3.215150079058296
3.2043137276786635
3.2043137276786635
3.2043137276786635
3.2122197900311997
3.2121744584612713
3.2121744584612713
3.2121744584612713
3.2121744584612713
3.2121744584612713
3.2335154163043076
3.2335154163043076
3.2319058158181204
3.221690816500151
3.2398229364751834
3.2398229364751834
3.2398229364751834
3.2398229364751834
3.2102165222693975
3.2102165222693975
3.2376321320069676
3.234545362964148
3.1997024027196166
3.2060950536930535
3.2060950536930535
3.2076021841940245
3.2076021841940245
3.2076021841940245
3.2076021841940245
3.2076021841940245
3.2076021841940245
3.1849141795145535
3.2267373981417236
3.2115538407850246
3.186992252723664
3.2049025834733325
3.2049025834733325
3.2049025834733325
3.2049025834733325
3.2049025834733325
3.225717869485884
3.226045166109882
3.2313242094528882
3.21227553400521
3.21227553400521
3.242389534781992
3.2403395309683214
3.234391398723908
3.241465778194446
3.241465778194446
3.241465778194446
3.241465778194446
3.241465778194446
3.243058322786176
3.243058322786176
3.243058322786176
3.241218803281977
3.218827232083149
3.218827232083149
3.2240667288467786
3.2240667288467786
3.2240667288467786
3.2574178677209966
3.2574178677209966
3.259364227216159
3.2711971069759698
3.2976031710412355
3.308159588430599
3.308159588430599
3.285580253569759
3.293286016257596
3.2941308084205807
3.2586410360947333
3.25483066447035
3.2726519592251004
3.2587483781971582
3.2587483781971582
3.2352910588493056
3.222463834374234
3.22650696685941
3.22650696685941
3.249050565897009
3.249050565897009
3.2415511802818173
3.2415511802818173
3.2325057181551964
3.2325057181551964
3.196775412040468
3.1806338999571206
3.185200172343109
3.1950930069488592
3.1950930069488592
3.1950930069488592
3.196258948847062
3.1919783648098274
3.1919783648098274
3.2283157424931104
3.2283157424931104
3.20789461014485
3.2002540652673375
3.2002540652673375
3.2002540652673375
3.2002540652673375
3.2002540652673375
3.2002540652673375
3.2135363218107473
3.23299345252747
3.2173156527951794
3.2237485282220533
3.2237485282220533
3.2237485282220533
3.2217133387522887
3.2099609707570362
3.2515875968482306
3.2515875968482306
3.246911189790557
3.230088818964658
3.230088818964658
3.230088818964658
3.230088818964658
3.2559744242853967
3.217946340097133
3.234887468452553
3.234887468452553
3.2259141209917717
3.2259141209917717
3.2400017209132526
3.22777654279786
3.222264860745325
3.212946716732403
3.212946716732403
3.212946716732403
3.2093579194253783
3.2093579194253783
3.2093579194253783
3.2093579194253783
3.180511746021448
3.180511746021448
3.176125686430254
3.206654845680908
3.206654845680908
3.202105731178317
3.202105731178317
3.202105731178317
3.202105731178317
3.17718992837366
3.17718992837366
3.17718992837366
3.181318618595234
3.181318618595234
3.1965196568630074
3.1965196568630074
3.1965196568630074
3.1965196568630074
3.1965196568630074
3.25061512144623
3.25061512144623
3.2272940046600094
3.2272940046600094
3.2280322369391055
3.232363439466712
3.232363439466712
3.23461183104126
3.23461183104126
3.226601152254212
3.226601152254212
3.2118022236920125
3.2118022236920125
3.2195442831367225
3.2409774722691096
3.2254502946864965
3.2254502946864965
3.2254502946864965
3.237006953752262
3.237006953752262
3.246137573297775
3.2433047746735553
3.261288475086875
3.261288475086875
3.238874014415383
3.237343949800406
3.237343949800406
3.237343949800406
3.246166582878749
3.246166582878749
3.246166582878749
3.24957377297733
3.24957377297733
3.24957377297733
3.20696260445932
3.20696260445932
3.20696260445932
3.20055091571241
3.20055091571241
3.20055091571241
3.1823974383883673
3.1823974383883673
3.1823974383883673
3.1857865385607864
3.1830993750940415
3.176533391043071
3.176533391043071
3.2076472985349587
3.198516623109732
3.198516623109732
3.2359835675111506
3.2359835675111506
3.2359835675111506
3.1937738615203743
3.18701767529548
3.18701767529548
3.18701767529548
3.18701767529548
3.18701767529548
3.197015891190206
3.1955319006329694
3.1955319006329694
3.186490023092053
3.229687368875997
3.229687368875997
3.229687368875997
3.2429250290321883
3.2429250290321883
3.2429250290321883
3.2580897033879785
3.2467109867901716
3.2467109867901716
3.2089696548543296
3.2086441905404914
3.2212194561866268
3.2293442193992714
3.2004005752135725
3.2004005752135725
3.2024894456127586
3.2024894456127586
3.2024894456127586
3.2294784313686526
3.2294784313686526
3.244986403588083
3.185579950484047
3.2259216201216794
3.229382019572046
3.229382019572046
3.229382019572046
3.2201449769222656
3.2350214085544464
3.1915999656608145
3.2308448861372043
3.235814668597206
3.2169622709155146
3.237565371510588
3.237565371510588
3.237565371510588
3.237565371510588
3.237565371510588
3.234371565924277
3.234371565924277
3.234371565924277
3.234371565924277
3.2307290736773835
3.2307290736773835
3.2307290736773835
3.2307290736773835
3.2204681694571478
3.222306367452845
3.222306367452845
3.222306367452845
3.214678384240865
3.214678384240865
3.194639595647501
3.2212358203225673
3.2297394112050366
3.2297394112050366
3.218669689288111
3.218669689288111
3.22820925753498
3.22820925753498
3.22820925753498
3.22820925753498
3.22820925753498
3.22820925753498
3.22820925753498
3.22820925753498
3.250832226360487
3.250832226360487
3.250832226360487
3.271024586339246
3.239433119025933
3.209720357577428
3.224328606275807
3.224328606275807
3.224328606275807
3.224328606275807
3.224328606275807
3.224328606275807
3.24061100205203
3.2355548409777297
3.2355548409777297
3.248472032982237
3.2513250624013645
3.2513250624013645
3.2513250624013645
3.2513250624013645
3.2513250624013645
3.2513250624013645
3.2513250624013645
3.2513250624013645
3.2513250624013645
3.2513250624013645
3.2513250624013645
3.2513250624013645
3.2513250624013645
3.2513250624013645
3.2513250624013645
3.183299516051927
3.169163091462166
3.169163091462166
3.169163091462166
3.169163091462166
3.2133613818632636
3.2133613818632636
3.2133613818632636
3.219820375496357
3.1926242620633714
3.1662040728301086
3.1662040728301086
3.1662040728301086
3.1662040728301086
3.1662040728301086
3.1662040728301086
3.191830728364913
3.191830728364913
3.1881440927423674
3.1702114270327333
3.1754708033532073
3.1754708033532073
3.1777658480372835
3.1777658480372835
3.1777658480372835
3.1777658480372835
3.1760418858559065
3.1627028860283923
3.1627028860283923
3.1953690421812655
3.2066131354254552
3.2066131354254552
3.2066131354254552
3.2066131354254552
3.2066131354254552
3.205356086179091
3.205356086179091
3.205356086179091
3.205356086179091
3.205356086179091
3.194489556358154
3.194489556358154
3.194489556358154
3.194489556358154
3.180902700070064
3.2046536949685924
3.2046536949685924
3.2046536949685924
3.235275003932814
3.235275003932814
3.235275003932814
3.235275003932814
3.235275003932814
3.2229275677907836
3.2229275677907836
3.2229275677907836
3.211266114629276
3.211266114629276
3.2136576830164985
3.2136576830164985
3.242146189535694
3.2332403885606182
3.2332403885606182
3.2332403885606182
3.255058014689077
3.255058014689077
3.255058014689077
3.255058014689077
3.2174727466138533
3.2174727466138533
3.2174727466138533
3.2174727466138533
3.2174727466138533
3.2143957777409105
3.2143957777409105
3.2143957777409105
3.2143957777409105
3.2143957777409105
3.1880060513899893
3.1880060513899893
3.1970289071538485
3.1970289071538485
3.1971759742830894
3.187232594366218
3.1883667537941607
3.207961813940969
3.2257843255677425
3.2004616084296247
3.216114648914491
3.222011429559382
3.222011429559382
3.222011429559382
3.232358785899183
3.232358785899183
3.197483760921566
3.213714957410425
3.213714957410425
3.218647288178628
3.240488652654437
3.2227776721112233
3.2227776721112233
3.2227776721112233
3.215400712141643
3.215400712141643
3.215400712141643
3.215400712141643
3.2074343579275317
3.225581470245559
3.222879156943225
3.222879156943225
3.236391310215642
3.236391310215642
3.2247873895440775
3.2247873895440775
3.2247873895440775
3.2247873895440775
3.2247873895440775
3.210142705745689
3.210142705745689
3.2082352830881806
3.2082352830881806
3.220962168497817
3.220962168497817
3.220962168497817
3.2275652122485448
3.245321361513469
3.224794205722711
3.2061301004055798
3.2061301004055798
3.2061301004055798
3.2061301004055798
3.2061301004055798
3.2061301004055798
3.208795072767543
3.208795072767543
3.2208333269493576
3.2208333269493576
3.2208333269493576
3.2208333269493576
3.237261491128541
3.237261491128541
3.237261491128541
3.210415591111148
3.210415591111148
3.210415591111148
3.210415591111148
3.2413763311270354
3.2413763311270354
3.2413763311270354
3.2238284078044805
3.2238284078044805
3.2238284078044805
3.2238284078044805
3.2238284078044805
3.2238284078044805
3.2252210472216953
3.243844623994764
3.246900224504191
3.246900224504191
3.228254911697471
3.228254911697471
3.2287093600117185
3.216650133839379
3.233815812201568
3.232089287391647
3.235265141127358
3.2196991933632
3.2196991933632
3.2424574763219756
3.235285998523316
3.235285998523316
3.235285998523316
3.235285998523316
3.235285998523316
3.235285998523316
3.241726441071281
3.241726441071281
3.241726441071281
3.1915786045390333
3.1915786045390333
3.208848431975571
3.2137541375265237
3.2146013901752424
3.2146013901752424
3.2110825189543273
3.19783676674259
3.19783676674259
3.19783676674259
3.191672184070731
3.2081627619672037
3.2081627619672037
3.2081627619672037
3.207696525493773
3.2053128467590115
3.21711231620602
3.21711231620602
3.21711231620602
3.205038662194803
3.205038662194803
3.205038662194803
3.2059537764255746
3.2059537764255746
3.208887188103287
3.208887188103287
3.22997623728494
3.22997623728494
3.236114159121842
3.236114159121842
3.185961092353777
3.185961092353777
3.185961092353777
3.185961092353777
3.185961092353777
3.2103617582325166
3.2103617582325166
3.2103617582325166
3.2103617582325166
3.2103617582325166
3.2103617582325166
3.2103617582325166
3.2103617582325166
3.200174963429322
3.2007873174973556
3.2092613410264716
3.2201955013254975
3.2201955013254975
3.22667152893659
3.2069906027022252
3.2098799051498714
3.2098799051498714
3.2098799051498714
3.2098799051498714
3.2098799051498714
3.2098799051498714
3.1913859353066965
3.2004258722983927
3.2004258722983927
3.2164784311291457
3.2099423678062067
3.2185739792268806
3.2063351419846
3.2063351419846
3.2063351419846
3.2063351419846
3.211607021226405
3.211607021226405
3.211607021226405
3.227705492590412
3.206370017485739
3.206370017485739
3.206370017485739
3.2057209868867136
3.1868896800279334
3.1995998123182634
3.223269869839221
3.2362122449321498
3.2362122449321498
3.2362122449321498
3.2362122449321498
3.2362122449321498
3.2240688866656795
3.2314517214693863
3.245130833018965
3.245130833018965
3.235203776281657
3.235203776281657
3.2268579603998258
3.2268579603998258
3.2268579603998258
3.2115438404496017
3.2115438404496017
3.2115438404496017
3.2115438404496017
3.2115438404496017
3.2115438404496017
3.2115438404496017
3.217801237837345
3.217801237837345
3.2179536761592025
3.2179536761592025
3.2179536761592025
3.2179536761592025
3.2179536761592025
3.2179536761592025
3.2179536761592025
3.2179536761592025
3.2179536761592025
3.2179536761592025
3.22509264570419
3.2067663448831722
3.2067663448831722
3.2207033545813584
3.199662041250043
3.203056065905044
3.203056065905044
3.203056065905044
3.2058189386592884
3.2058189386592884
3.2058189386592884
3.2058189386592884
3.2058189386592884
3.2058189386592884
3.2058189386592884
3.2058189386592884
3.2058189386592884
3.201116355150189
3.225618373209084
3.228410331578338
3.1887453393960516
3.1887453393960516
3.249871315568082
3.249871315568082
3.249871315568082
3.249871315568082
3.233635431889942
3.233635431889942
3.233635431889942
3.233635431889942
3.2478707573635814
3.2478707573635814
3.2478707573635814
3.2586629259890247
3.2586629259890247
3.2586629259890247
3.2586629259890247
3.2610346817694755
3.2610346817694755
3.2610346817694755
3.2369019356054656
3.2369019356054656
3.2369019356054656
3.2151929221444866
3.2151929221444866
3.2176422294123816
3.188766523206487
3.188766523206487
3.188766523206487
3.188766523206487
3.192865151596475
3.192865151596475
3.192865151596475
3.192865151596475
3.1848592440822947
3.1848592440822947
3.1848592440822947
3.1848592440822947
3.1848592440822947
3.1848592440822947
3.220356415465533
3.181483003360237
3.1802466060094727
3.198033676923858
3.198033676923858
3.213523694933663
3.2261422246886973
3.193264668455833
3.1964539902745575
3.1964539902745575
3.1915133666063737
3.1915133666063737
3.2116647161573013
3.199855818488292
3.2353120165556217
3.2005790521270563
3.2312087035226207
3.19964355006065
3.207718276577768
3.207718276577768
3.207718276577768
3.1846735550049217
3.1846735550049217
3.1846735550049217
3.1846735550049217
3.1467303298139657
3.148587821817867
3.1872378211570997
3.188787681731457
3.188787681731457
3.188787681731457
3.188787681731457
3.2148751029107343
3.2130839490079297
3.192832410605615
3.192832410605615
3.192832410605615
3.192832410605615
3.2400311513815856
3.2400311513815856
3.2400311513815856
3.2418771820531953
3.2418771820531953
3.1881138329570122
3.196529234029321
3.196529234029321
3.196529234029321
3.196529234029321
3.196529234029321
3.2028228868081805
3.190635120028925
3.190635120028925
3.190635120028925
3.195209906597549
3.195209906597549
3.2350179958826626
3.2350179958826626
3.1945117274428423
3.1945117274428423
3.2007310854866553
3.2007310854866553
3.221167379972477
3.1951458951490848
3.194698426104329
3.1988870131550717
3.206845529899285
3.206845529899285
3.206845529899285
3.206845529899285
3.206845529899285
3.206845529899285
3.206845529899285
3.2007905329303363
3.2097825715389474
3.2097825715389474
3.2097825715389474
3.2164385330604564
3.2164385330604564
3.1773811060572412
3.1773811060572412
3.1773811060572412
3.1773811060572412
3.1773811060572412
3.1773811060572412
3.1757090113872803
3.1757090113872803
3.1757090113872803
3.1825267126668275
3.1825267126668275
3.1825267126668275
3.1855688653356324
3.1855688653356324
3.1855688653356324
3.1855688653356324
3.1855688653356324
3.169295480122891
3.169295480122891
3.169295480122891
3.169295480122891
3.169295480122891
3.1655532865462854
3.1655532865462854
3.1927282003154165
3.1927282003154165
3.2006438986858896
3.2006438986858896
3.2006438986858896
3.1799768481498507
3.196325521068037
3.2145107850691765
3.2582942388447655
3.262364883132404
3.2183815636946576
3.2183815636946576
3.2154875243930094
3.2083374924544317
3.2083374924544317
3.2083374924544317
3.2083374924544317
3.2152569946083287
3.2156904454432733
3.2156904454432733
3.233004961606925
3.2484125169198257
3.235091653723906
3.235091653723906
3.235742549816088
3.2321628087526837
3.2321628087526837
3.2321628087526837
3.2321628087526837
3.21944088990424
3.21944088990424
3.208567589387997
3.238670677538351
3.238670677538351
3.230344815990747
3.230344815990747
3.247458243769373
3.247458243769373
3.247458243769373
3.247458243769373
3.247458243769373
3.211053146685993
3.238854742725645
3.237230691447258
3.2151650990910103
3.2257414429529323
3.2260072065162455
3.2299503302973274
3.233765065591794
3.233765065591794
3.260009984911808
3.2520417879103984
3.2594930134451467
3.262432561905974
3.2385025651595747
3.2385025651595747
3.2640082641081185
3.270714206454456
3.265590027181979
3.265590027181979
3.2387380095524425
3.2241745209052652
3.2241745209052652
3.2241745209052652
3.2241745209052652
3.2241745209052652
3.2241745209052652
3.2241745209052652
3.2110940140851634
3.2406086665697376
3.2375238951741974
3.237262684807795
3.223775637273602
3.223775637273602
3.225253139647926
3.225253139647926
3.226652518942175
3.2481294613253944
3.212976807287745
3.2298453369068274
3.193840021060524
3.193840021060524
3.2150151108417493
3.222392853432574
3.222392853432574
3.222392853432574
3.1826580116180248
3.1826580116180248
3.1826580116180248
3.1983369957613776
3.1983369957613776
3.1793490880947455
3.190989547090888
3.190989547090888
3.196550288513971
3.196550288513971
3.196550288513971
3.166051083968381
3.1725000724915358
3.1725000724915358
3.1725000724915358
3.2155792901851252
3.2155792901851252
3.2155792901851252
3.2155792901851252
3.2155792901851252
3.2089136565096408
3.2089136565096408
3.246069082546583
3.199251429340321
3.19717082473464
3.19717082473464
3.1943922290052917
3.239816538364953
3.2465233229303885
3.2465233229303885
3.227662663772109
3.2012552049447933
3.2012552049447933
3.2012552049447933
3.187314674858021
3.187314674858021
3.187314674858021
3.187314674858021
3.187314674858021
3.202840886948314
3.2192304010908184
3.2192304010908184
3.2192304010908184
3.2242645825812777
3.2147128565347103
3.2147128565347103
3.2147128565347103
3.2212928289857286
3.2212928289857286
3.2212928289857286
3.224251801712718
3.224251801712718
3.227280045539927
3.227280045539927
3.227280045539927
3.2204952743948057
3.212404734057502
3.20406641230539
3.20406641230539
3.20406641230539
3.1979737016944925
3.1979737016944925
3.1979737016944925
3.228237491570582
3.208771057232653
3.208771057232653
3.2291324625578137
3.1811876558921837
3.1936260446585107
3.2173596067572916
3.2173596067572916
3.2173596067572916
3.2173596067572916
3.2290711448865257
3.2123936652902176
3.186826793700231
3.1881015919261655
3.1881015919261655
3.186752319119134
3.191589620950119
3.191589620950119
3.166210190114871
3.166210190114871
3.1911591762149047
3.1911591762149047
3.2001363320353056
3.2079564012993065
3.1958974284304964
3.1972919741387424
3.196422082167092
3.196422082167092
3.196422082167092
3.201111456948717
3.201111456948717
3.201111456948717
3.201111456948717
3.201111456948717
3.178428419547549
3.178428419547549
3.178428419547549
3.178428419547549
3.2217040581527936
3.2217040581527936
3.2342176670713907
3.2342176670713907
3.2355165582510272
3.2355165582510272
3.2675531746680946
3.2528799052206105
3.2227540324169417
3.251458953527621
3.251458953527621
3.251458953527621
3.251458953527621
3.251458953527621
3.234543076320835
3.2462936199355834
3.2462936199355834
3.2462936199355834
3.19578540812743
3.18294210757236
3.18294210757236
3.18294210757236
3.18294210757236
3.18294210757236
3.185262405097742
3.1895441200427825
3.1895441200427825
3.1895441200427825
3.2040002802414738
3.2040002802414738
3.207722818653084
3.207722818653084
3.207722818653084
3.213584751314471
3.213584751314471
3.2194489417899153
3.176799997564427
3.180565800345265
3.1683072451915595
3.2008891033267948
3.2008891033267948
3.2008891033267948
3.2008891033267948
3.2008891033267948
3.1944443106539167
3.1944443106539167
3.1944443106539167
3.1814113194995577
3.189780411612103
3.189780411612103
3.189780411612103
3.189780411612103
3.2088225186603174
3.2088225186603174
3.2088225186603174
3.2088225186603174
3.231251953417368
3.231251953417368
3.231251953417368
3.229734669194005
3.2065457492695613
3.2065457492695613
3.2065457492695613
3.2068877393832307
3.2447643614293047
3.2447643614293047
3.235906098896132
3.235906098896132
3.235906098896132
3.235906098896132
3.235906098896132
3.235906098896132
3.2159184211942216
3.2121076247560683
3.205577391787194
3.205577391787194
3.1915765191351677
3.2129206896199447
3.2129206896199447
3.2129206896199447
3.2129206896199447
3.2129206896199447
3.226369479501577
3.214892908572758
3.2102326524702187
3.2102326524702187
3.2102326524702187
3.1698323890470124
3.1846409217056366
3.202728411426439
3.202728411426439
3.202728411426439
3.202728411426439
3.202728411426439
3.202728411426439
3.202728411426439
3.21996080303755
3.228022822796045
3.233164772681894
3.233164772681894
3.233164772681894
3.233164772681894
3.219958568749283
3.223493592219386
3.223493592219386
3.223493592219386
3.244893078115158
3.244893078115158
3.228892928993053
3.2308239785837953
3.232239097756417
3.262526041730866
3.262733107023189
3.2364805645529184
3.2364805645529184
3.2495980381134943
3.2495980381134943
3.2591403793883704
3.2591403793883704
3.2384469540894476
3.2384469540894476
3.2384469540894476
3.2384469540894476
3.2384469540894476
3.2384469540894476
3.2443360319481593
3.2546961730377
3.255500283714483
3.216481254455986
3.219481273526674
3.219481273526674
3.2321863122977623
3.2219354223666743
3.2219354223666743
3.2219354223666743
3.2219354223666743
3.2219354223666743
3.2219354223666743
3.213963076979638
3.2370984615212612
3.2370984615212612
3.2370984615212612
3.242732453332943
3.2187543715765994
3.2270567775057115
3.2270567775057115
3.2178131319129464
3.2178131319129464
3.2178131319129464
3.2305608648875515
3.2305608648875515
3.2305608648875515
3.2305608648875515
3.2305608648875515
3.2121128699179278
3.2121128699179278
3.208502751776294
3.208502751776294
3.208502751776294
3.208502751776294
3.208502751776294
3.208502751776294
3.222392431085411
3.222392431085411
3.222392431085411
3.2484430279771517
3.211291120024123
3.211291120024123
3.196757833256792
3.1990233885306143
3.203652223362153
3.222647846360909
3.222647846360909
3.222647846360909
3.222647846360909
3.222647846360909
3.2537007471173225
3.2352063288626907
3.2395927221634695
3.2674007012348114
3.2674007012348114
3.278646451035627
3.278646451035627
3.278646451035627
3.278646451035627
3.278646451035627
3.278646451035627
3.2819459253850973
3.2819459253850973
3.264176309250566
3.264176309250566
3.264176309250566
3.243620650621581
3.2873348229927304
3.2873348229927304
3.2873348229927304
3.2873348229927304
3.2873348229927304
3.2873348229927304
3.283440470756401
3.283440470756401
3.283440470756401
3.283440470756401
3.283440470756401
3.283440470756401
3.2647648489024856
3.2782803506479796
3.2782803506479796
3.2673369229571994
3.2673369229571994
3.230237031923215
3.2238801212333845
3.2238801212333845
3.193970493457697
3.199767947223918
3.199767947223918
3.199767947223918
3.192492205740514
3.1926627657500455
3.2139512983201155
3.21616800513467
3.21616800513467
3.203108964930424
3.203108964930424
3.1971553241583917
3.1864075452623437
3.1920733157820993
3.1920733157820993
3.1920733157820993
3.1920733157820993
3.1920733157820993
3.1920733157820993
3.1920733157820993
3.1920733157820993
3.1920733157820993
3.219134088965267
3.219134088965267
3.2090566284617283
3.2090566284617283
3.2090566284617283
3.2090566284617283
3.2090566284617283
3.2090566284617283
3.2090566284617283
3.2249449569498823
3.216297957476895
3.2404271265107463
3.2133910600968543
3.2133910600968543
3.219736195051061
3.219736195051061
3.219736195051061
3.219736195051061
3.219736195051061
3.219736195051061
3.2227415498678913
3.2132923692277675
3.2132923692277675
3.1735550256117495
3.184684192309892
3.181227509062413
3.181227509062413
3.1715572978816424
3.207789440278872
3.207789440278872
3.207789440278872
3.200744327213111
3.200744327213111
3.204204359103699
3.204204359103699
3.204204359103699
3.204204359103699
3.204204359103699
3.204204359103699
3.222371804897535
3.198204184408364
3.180735993052228
3.208792327135103
3.208792327135103
3.2089753595107546
3.240344729464829
3.240344729464829
3.240344729464829
3.240344729464829
3.240344729464829
3.2387846298993797
3.24786330960568
3.24786330960568
3.24786330960568
3.2873851575142323
3.306351633796141
3.306351633796141
3.304006215451654
3.304006215451654
3.2749412740655455
3.2478495621790313
3.2470066493821075
3.2531115252613594
3.2531115252613594
3.2531115252613594
3.2531115252613594
3.2531115252613594
3.2531115252613594
3.2483216202930407
3.246059387753297
3.246059387753297
3.246059387753297
3.246059387753297
3.246059387753297
3.2393145005273176
3.256879939900716
3.2385129305158187
3.261300010553907
3.246232334528874
3.246232334528874
3.246232334528874
3.2461310721565813
3.21715303218226
3.22398620610805
3.22398620610805
3.2084018094302618
3.2552196099527704
3.2408169773099544
3.256494623891997
3.256494623891997
3.2518755078075254
3.2518755078075254
3.2305268869890966
3.2305268869890966
3.198771784422232
3.198771784422232
3.2077313306988358
3.2077313306988358
3.2077313306988358
3.2077313306988358
3.2077313306988358
3.2077313306988358
3.2077313306988358
3.2077313306988358
3.2077313306988358
3.1973407071777906
3.1973407071777906
3.1973407071777906
3.1973407071777906
3.197566018358988
3.1828890024174257
3.1858192580997464
3.1858192580997464
3.205315098081932
3.218446221118805
3.218446221118805
3.218446221118805
3.218446221118805
3.218446221118805
3.218446221118805
3.218446221118805
3.218446221118805
3.218446221118805
3.218446221118805
3.207869755301213
3.222348734551806
3.222348734551806
3.2056295279852702
3.2056295279852702
3.2056295279852702
3.204415420806927
3.204415420806927
3.202068795223013
3.194801402067416
3.181656366918048
3.1933881922300538
3.1933881922300538
3.1933881922300538
3.1933881922300538
3.1933881922300538
3.1933881922300538
3.2023777680955092
3.194981091631606
3.195626618484764
3.1867954997836803
3.1867954997836803
3.1867954997836803
3.1867954997836803
3.1867954997836803
3.1867954997836803
3.1867954997836803
3.1867954997836803
3.1867954997836803
3.2071064768647055
3.2071064768647055
3.2071064768647055
3.2071064768647055
3.2071064768647055
3.2071064768647055
3.2071064768647055
3.2183808576277655
3.2462235305425455
3.242850112392998
3.242850112392998
3.2693506236427465
3.2693506236427465
3.26772442126783
3.262594760019909
3.262594760019909
3.262594760019909
3.262594760019909
3.2405705000210947
3.2321996590344195
3.2321996590344195
3.2321996590344195
3.2195416195008795
3.1987164836138744
3.220718481902592
3.220718481902592
3.204088803230162
3.204088803230162
3.2128773666914943
3.2128773666914943
3.2128773666914943
3.2196523083246467
3.2196523083246467
3.236103333715258
3.236103333715258
3.236103333715258
3.23378305741016
3.23378305741016
3.23378305741016
3.23378305741016
3.23378305741016
3.23378305741016
3.228545520437608
3.2087898943974213
3.202903506991941
3.213109246500673
3.210792135973794
3.210792135973794
3.210792135973794
3.2225647029587177
3.2128602754729
3.2098420022794003
3.228491949863492
3.228491949863492
3.2463344325769863
3.2463344325769863
3.2463344325769863
3.249267495177444
3.241444764194126
3.241444764194126
3.2561439951688573
3.2561439951688573
3.2503643107547298
3.244099121553719
3.231275624128583
3.231275624128583
3.227582689905071
3.241456631389353
3.241456631389353
3.230979181595374
3.229975191963426
3.2546367756021364
3.2546367756021364
3.246071899903348
3.246071899903348
3.2663056963733883
3.266330400929698
3.2483715646521474
3.2483715646521474
3.234147886557577
3.2468649413016184
3.220940711628233
3.220940711628233
3.220940711628233
3.220940711628233
3.220940711628233
3.220940711628233
3.2172437456325342
3.2469613321091684
3.2469613321091684
3.2469613321091684
3.2469613321091684
3.2469613321091684
3.2469613321091684
3.2487829730997304
3.2284047975780727
3.219468245684173
3.235941558187331
3.235941558187331
3.228490575615027
3.253701760880433
3.239358946363446
3.239358946363446
3.200651138747816
3.200651138747816
3.200651138747816
3.1900028697448257
3.1900028697448257
3.1900028697448257
3.1900028697448257
3.1900028697448257
3.2164078813737396
3.216621924735734
3.216621924735734
3.217747247651155
3.217747247651155
3.2132246535552156
3.20599785915214
3.20599785915214
3.1793229398913367
3.1793229398913367
3.1793229398913367
3.1793229398913367
3.182778887156673
3.190974786789616
3.206042258599963
3.2013775470321284
3.2280609842396677
3.2280609842396677
3.2280609842396677
3.2280609842396677
3.2043292588328076
3.2043292588328076
3.208813021117479
3.208813021117479
3.208813021117479
3.200828292451292
3.223663726923216
3.223663726923216
3.223663726923216
3.223663726923216
3.203976564550132
3.203976564550132
3.203976564550132
3.203976564550132
3.215700176058184
3.215700176058184
3.215700176058184
3.215700176058184
3.230800306944065
3.230800306944065
3.221229192009245
3.214653090027521
3.2247964781832374
3.226795871184684
3.226795871184684
3.2156603720302304
3.2156603720302304
3.2156603720302304
3.2207973755941657
3.221787136743062
3.253203085812131
3.266463178070079
3.266463178070079
3.228197381435122
3.228197381435122
3.228197381435122
3.2618850682088887
3.2618850682088887
3.2270056365128625
3.2270056365128625
3.2270056365128625
3.2270056365128625
3.2270056365128625
3.2452594642776638
3.2452594642776638
3.2452594642776638
3.2641499512191854
3.2641499512191854
3.2641499512191854
3.2641499512191854
3.2577853660431817
3.249690341247779
3.229892698966191
3.266540975300423
3.266540975300423
3.266540975300423
3.266540975300423
3.266540975300423
3.2618997022371703
3.2618997022371703
3.2618997022371703
3.2618997022371703
3.2618997022371703
3.2540352500307326
3.2540352500307326
3.270107655860559
3.2260701281058064
3.2260701281058064
3.2260701281058064
3.2260701281058064
3.246774798452234
3.246774798452234
3.246774798452234
3.246774798452234
3.246774798452234
3.2412145598183852
3.2201712710337085
3.2201712710337085
3.2476507241278183
3.2476507241278183
3.2476507241278183
3.237257222435421
3.25767206278714
3.2417780296182084
3.2417780296182084
3.241591213815291
3.21835922759774
3.218909000740639
3.218909000740639
3.209952174549814
3.209952174549814
3.209952174549814
3.2223484232773334
3.2223484232773334
3.2223484232773334
3.2223484232773334
3.187017349520144
3.172113714685758
3.173406419555009
3.173406419555009
3.173406419555009
3.1907070823291015
3.2115233495617086
3.2176766926923412
3.2176766926923412
3.2176766926923412
3.2176766926923412
3.2176766926923412
3.18320682157565
3.2246208867760036
3.2383212546914586
3.233624554804252
3.2362330854856474
3.2362330854856474
3.216848303178966
3.206537548168175
3.206537548168175
3.206537548168175
3.206537548168175
3.206537548168175
3.1797337140516575
3.1868175745893867
3.1868175745893867
3.1868175745893867
3.1868175745893867
3.1809293573135062
3.1809293573135062
3.1956145995597476
3.1956145995597476
3.2218138805397687
3.2202823029425893
3.2202823029425893
3.2202823029425893
3.2157997402256635
3.2157997402256635
3.2061814645275293
3.2145672159679157
3.27270821809558
3.262185518482055
3.263803559204447
3.263803559204447
3.275159538127384
3.231583001696001
3.231583001696001
3.2199035119530977
3.208734931259236
3.208734931259236
3.208734931259236
3.2182873196410897
3.2203329876907274
3.2203329876907274
3.2203329876907274
3.2203329876907274
3.1845595634171326
3.2085042631359943
3.2085042631359943
3.2085042631359943
3.2137421919089983
3.2137421919089983
3.191655281337486
3.2212517187300946
3.2212517187300946
3.2212517187300946
3.208286955149861
3.208286955149861
3.188003765140802
3.2080242850827068
3.222982360566869
3.1853643434853067
3.189570813996491
3.189570813996491
3.1911813095090262
3.1920229291133215
3.1785574851639304
3.1785574851639304
3.2035075599592875
3.2035075599592875
3.2279865009207964
3.2279865009207964
3.242897518958702
3.2870938837642254
3.2507564009063064
3.2507564009063064
3.224113105250736
3.241639036008409
3.2386889057075057
3.2386889057075057
3.22839336988893
3.2245895407890095
3.2245895407890095
3.205637700075366
3.205637700075366
3.205637700075366
3.194195269434215
3.194195269434215
3.194195269434215
3.242080920185039
3.241440826354003
3.241440826354003
3.241440826354003
3.241440826354003
3.228343897439936
3.228343897439936
3.228343897439936
3.228343897439936
3.228343897439936
3.228343897439936
3.2278669293751627
3.2278669293751627
3.2256917078815097
3.222593633499713
3.222593633499713
3.2172571683881097
3.2172571683881097
3.2197936893570085
3.2197936893570085
3.2308917670075523
3.1999247584689448
3.2103224078896737
3.216597429618081
3.241320453891804
3.241320453891804
3.241320453891804
3.236284856973499
3.224758708350968
3.224758708350968
3.2228840999783284
3.229653609843049
3.229653609843049
3.229653609843049
3.229653609843049
3.229653609843049
3.2353268552375876
3.2353268552375876
3.2353268552375876
3.218452542326345
3.218452542326345
3.218452542326345
3.2038856028140295
3.2116665411828924
3.2082175769948327
3.2082175769948327
3.2082175769948327
3.2417937121392577
3.2417937121392577
3.2384158716565743
3.2384158716565743
3.2384158716565743
3.2384158716565743
3.2384158716565743
3.2384158716565743
3.2384158716565743
3.2384158716565743
3.2384158716565743
3.235902470772307
3.246360290236989
3.246360290236989
3.2393359859492556
3.2393359859492556
3.2327581332925632
3.2327581332925632
3.2507189081294756
3.2507189081294756
3.216179494260644
3.216179494260644
3.216179494260644
3.23601650978613
3.23601650978613
3.2470372563534333
3.2262548668972877
3.2262548668972877
3.2262548668972877
3.247777716305962
3.247777716305962
3.2465354468450194
3.2465354468450194
3.2465354468450194
3.2258279304618953
3.225785873403702
3.2091100002032107
3.2327965954804654
3.2327965954804654
3.203103628318008
3.203103628318008
3.203103628318008
3.2043402989672565
3.2047961806621768
3.2047961806621768
3.2059300547790524
3.2059300547790524
3.1950780543441137
3.2087143479267257
3.2087143479267257
3.2087143479267257
3.2087143479267257
3.1991573851439288
3.1991573851439288
3.1991573851439288
3.1991573851439288
3.2092124902645747
3.204070366393252
3.1842243660047913
3.227557759363443
3.226555035712093
3.226555035712093
3.226555035712093
3.226555035712093
3.214989526801318
3.214989526801318
3.214989526801318
3.214989526801318
3.1861646111419497
3.1861646111419497
3.1861646111419497
3.1861646111419497
3.1861646111419497
3.1981623953082616
3.1981623953082616
3.2170619784644257
3.2170619784644257
3.2170619784644257
3.2170619784644257
3.217542224586272
3.224973497729582
3.228494100398472
3.2097444389418675
3.2020347670045695
3.2020347670045695
3.2020347670045695
3.2020347670045695
3.2020347670045695
3.2020347670045695
3.2020347670045695
3.2020347670045695
3.2020347670045695
3.2390725608979603
3.2329781513003426
3.226530110800529
3.226530110800529
3.226530110800529
3.226530110800529
3.2284001460317406
3.1946088785166884
3.200639003240146
3.2039605908468958
3.2251592668124
3.2251592668124
3.2251592668124
3.2251592668124
3.2013658653447754
3.192551082055087
3.192551082055087
3.1973822281978066
3.201170939135958
3.164198099446098
3.164198099446098
3.184413445517091
3.1681695301968382
3.185837799310651
3.1912850330908253
3.2124766845073482
3.2016084916657315
3.1927991674909815
3.1927991674909815
3.188873254350135
3.188873254350135
3.188404468423749
3.188404468423749
3.188404468423749
3.188404468423749
3.1855648712251052
3.1855648712251052
3.2102236569457117
3.2102236569457117
3.2102236569457117
3.22953346336583
3.2080495663369883
3.2080495663369883
3.2080495663369883
3.2433703494203803
3.2230042692063154
3.233299429393071
3.233299429393071
3.233299429393071
3.2202703618638933
3.2296980774421753
3.239349808511408
3.233640901472687
3.233640901472687
3.2560084434176724
3.2194837475810685
3.2194837475810685
3.2194837475810685
3.2194837475810685
3.2355177681713894
3.2355177681713894
3.2355177681713894
3.2246496789551364
3.234994521924674
3.234994521924674
3.234994521924674
3.234994521924674
3.208155148095375
3.208155148095375
3.2331978178128744
3.201140936545014
3.201140936545014
3.209866026371879
3.209866026371879
3.209866026371879
3.2237486750084106
3.2237486750084106
3.238238250169169
3.238238250169169
3.238238250169169
3.2418360435740388
3.228151988961595
3.232281440531523
3.232595332526395
3.232595332526395
3.232595332526395
3.2156728792330647
3.240328379926342
3.240328379926342
3.2231336125857006
3.2231336125857006
3.2231336125857006
3.2216631807485103
3.2216631807485103
3.2121125872256626
3.2121125872256626
3.2123450126301005
3.226447908528161
3.226447908528161
3.2343105175893117
3.227489999221254
3.227489999221254
3.2624364677685658
3.2624364677685658
3.2135772143873513
3.219426602329514
3.200739288899693
3.2207919605525945
3.2207919605525945
3.219080233534107
3.219080233534107
3.1786223562670566
3.1786223562670566
3.169544986834151
3.1722422224143862
3.1722422224143862
3.2132603920327427
3.2132603920327427
3.218072691850852
3.200807384176035
3.1972851153511486
3.2276773350839885
3.2276773350839885
3.2276773350839885
3.2276773350839885
3.2461014731975606
3.2461014731975606
3.2461014731975606
3.2585628810310876
3.2742817092227074
3.264755306231289
3.220024478852428
3.220024478852428
3.21271474554647
3.2533739753876474
3.2533739753876474
3.2533739753876474
3.2533739753876474
3.2533739753876474
3.230289428883285
3.20368053777848
3.20368053777848
3.20368053777848
3.20368053777848
3.20368053777848
3.206614411490424
3.206614411490424
3.1856938849967418
3.1856938849967418
3.1856938849967418
3.1931427218111588
3.1931427218111588
3.1931427218111588
3.1931427218111588
3.20381060424756
3.2295689361206934
3.2295689361206934
3.18774121190859
3.206618903543928
3.206618903543928
3.2346082255077606
3.2171449244816577
3.2171449244816577
3.20986325883447
3.2331762325587037
3.2331762325587037
3.246983698784236
3.2327949187620098
3.2327949187620098
3.2327949187620098
3.210332827822663
3.221567000229744
3.2442807163302434
3.2442807163302434
3.2442807163302434
3.2442807163302434
3.2442807163302434
3.2442807163302434
3.2442807163302434
3.2442807163302434
3.2442807163302434
3.2442807163302434
3.221338681662908
3.233442526431893
3.238277750993609
3.238277750993609
3.238277750993609
3.238277750993609
3.238277750993609
3.196654001035929
3.196654001035929
3.196654001035929
3.196654001035929
3.188660919458016
3.2008493529897124
3.2008493529897124
3.2008493529897124
3.2008493529897124
3.170039923945055
3.180947741532363
3.197550863456313
3.1810115213909214
3.1810115213909214
3.1810115213909214
3.2165486191590946
3.2165486191590946
3.2165486191590946
3.2165486191590946
3.222358236343377
3.249328388097
3.249328388097
3.2270343462812425
3.2428037992727106
3.2428037992727106
3.2509460817908256
3.2509460817908256
3.2509460817908256
3.2534928306213895
3.2534928306213895
3.2442323602041596
3.213522610239134
3.2098583173325044
3.2404154003921777
3.242701828626559
3.225999475642901
3.237994991759668
3.237994991759668
3.237994991759668
3.237994991759668
3.228574442609779
3.228574442609779
3.228574442609779
3.228574442609779
3.228574442609779
3.228574442609779
3.2065665464386996
3.211593308106406
3.1890819922658147
3.1890819922658147
3.1890819922658147
3.1890819922658147
3.1890819922658147
3.190717609105643
3.190717609105643
3.190717609105643
3.190717609105643
3.182128025530463
3.2111130342109973
3.1876660620422337
3.1876660620422337
3.1825209234359813
3.1856518285215567
3.2092255573127124
3.2092255573127124
3.2092255573127124
3.2092255573127124
3.2093671623623066
3.205964655055808
3.209629534528406
3.209629534528406
3.2077404973077823
3.2077404973077823
3.2077404973077823
3.2077404973077823
3.2077404973077823
3.212317692112316
3.212317692112316
3.212317692112316
3.2304253541130485
3.221391647154543
3.221391647154543
3.208253716576374
3.208253716576374
3.208253716576374
3.208253716576374
3.208253716576374
3.213660603695859
3.225871311534435
3.225871311534435
3.225871311534435
3.244643743490037
3.249766352844526
3.249766352844526
3.2635211908218533
3.2635211908218533
3.25419483993333
3.25419483993333
3.25419483993333
3.227091463351281
3.227091463351281
3.2368775078697203
3.237747455531985
3.237747455531985
3.237747455531985
3.237747455531985
3.237747455531985
3.2385509241463937
3.2385509241463937
3.259779791410469
3.259779791410469
3.259779791410469
3.259779791410469
3.259779791410469
3.259779791410469
3.2753924486570822
3.2753924486570822
3.2753924486570822
3.2753924486570822
3.2753924486570822
3.2753924486570822
3.2881291671744397
3.274268095335036
3.258277401824104
3.258277401824104
3.258277401824104
3.258277401824104
3.258277401824104
3.2604489224926567
3.2604489224926567
3.2604489224926567
3.2604489224926567
3.1911355536119506
3.199809291521568
3.2096324621327197
3.2096324621327197
3.2096324621327197
3.25267903601864
3.25267903601864
3.25267903601864
3.2359676945462033
3.2310216561084513
3.2419095312519306
3.2419095312519306
3.2419095312519306
3.2419095312519306
3.2419095312519306
3.2398068557661968
3.2509470461438057
3.25286665759075
3.25286665759075
3.253544336751683
3.2288727401033435
3.237078475308244
3.237078475308244
3.230469132715323
3.231105009904326
3.231105009904326
3.231105009904326
3.232970861324525
3.252166336315951
3.2417652263767005
3.2417652263767005
3.2417652263767005
3.2417652263767005
3.2417652263767005
3.2269247694838508
3.2266290974762017
3.2308809440482027
3.2230872983723415
3.2237525247499508
3.22588347658828
3.221022344273939
3.232246704693599
3.232246704693599
3.213441060043032
3.213441060043032
3.2274316843218736
3.216341621625112
3.216341621625112
3.2197257112495055
3.2197257112495055
3.2197257112495055
3.208357858706794
3.2131706416703527
3.2218413494637126
3.1780022625859505
3.2191613815765514
3.2002533551358976
3.2002533551358976
3.209610865888789
3.1978477887847876
3.1978477887847876
3.1978477887847876
3.1978477887847876
3.195199917902051
3.195199917902051
3.195199917902051
3.195199917902051
3.195199917902051
3.195199917902051
3.195199917902051
3.195199917902051
3.195199917902051
3.1996638648502564
3.1871383492242584
3.1871383492242584
3.185947334602986
3.201626674557319
3.222706814828621
3.2357459951449252
3.2357459951449252
3.2340439997553756
3.2340439997553756
3.245157799059182
3.243580894845256
3.254773534597383
3.235907123896593
3.24377938121301
3.226213548895964
3.224249734259918
3.259471661953817
3.279528842671343
3.279528842671343
3.3067227720834382
3.3067227720834382
3.3016626558661453
3.282794880238648
3.282794880238648
3.282794880238648
3.2918843636992485
3.2918843636992485
3.2918843636992485
3.2918843636992485
3.2401607866388846
3.2401607866388846
3.2366846165628287
3.2366846165628287
3.241990149894853
3.241990149894853
3.241990149894853
3.241990149894853
3.25027106128245
3.2505462284638726
3.234032122226239
3.2628438603308823
3.2628438603308823
3.2550678720188873
3.2482342514938223
3.25120566309621
3.240480599309094
3.240480599309094
3.240480599309094
3.2375920685686546
3.2375920685686546
3.2375920685686546
3.2375920685686546
3.2349403986601963
3.241718312100707
3.241718312100707
3.241718312100707
3.2376145290929785
3.2376145290929785
3.2573111976890554
3.2573111976890554
3.2568102103188408
3.2516740170522205
3.2524685566530094
3.2388439999666643
3.2388439999666643
3.2388439999666643
3.229666798301272
3.229666798301272
3.229666798301272
3.229666798301272
3.229666798301272
3.2180545718114093
3.2180545718114093
3.2042005813821963
3.21415767596773
3.198986470072631
3.198986470072631
3.198986470072631
3.2005180852672033
3.20265613470643
3.20265613470643
3.20265613470643
3.1834004631025996
3.1834004631025996
3.1805340329271465
3.1805340329271465
3.1805340329271465
3.230131854690387
3.230131854690387
3.230131854690387
3.230131854690387
3.2322952944964563
3.225732625131223
3.225732625131223
3.225732625131223
3.2100456409605433
3.2100456409605433
3.2175080936982328
3.2175080936982328
3.2175080936982328
3.2175080936982328
3.2175080936982328
3.2175080936982328
3.2175080936982328
3.2175080936982328
3.2175080936982328
3.2175080936982328
3.22991071015274
3.22991071015274
3.2392999524599926
3.240254676406054
3.240254676406054
3.2512140302607886
3.2512140302607886
3.224674886219291
3.250577231390627
3.24490580163992
3.2280084660801247
3.2280084660801247
3.2280084660801247
3.2280084660801247
3.2452701835775652
3.2452701835775652
3.2452701835775652
3.2452701835775652
3.2452701835775652
3.214141429443955
3.214141429443955
3.214141429443955
3.251653842080527
3.251653842080527
3.251653842080527
3.251653842080527
3.1863278337952896
3.1863278337952896
3.1983456162379023
3.21240676748244
3.214826739847935
3.214826739847935
3.214826739847935
3.213439235468592
3.222289527277664
3.222289527277664
3.222289527277664
3.222289527277664
3.222289527277664
3.209813514526507
3.209813514526507
3.209813514526507
3.209813514526507
3.2327775498254643
3.2327775498254643
3.2327775498254643
3.2388844545205364
3.2388844545205364
3.2388844545205364
3.2290306620602682
3.2290306620602682
3.2290306620602682
3.210230731694338
3.223837634824138
3.2428427557897654
3.2428427557897654
3.2428427557897654
3.221979037140539
3.221979037140539
3.221979037140539
3.221979037140539
3.221979037140539
3.221979037140539
3.2230962977782576
3.2230962977782576
3.2130053272686294
3.2130053272686294
3.2130053272686294
3.166721352261461
3.166721352261461
3.166721352261461
3.1802074326223937
3.2030906660332334
3.165795926192833
3.18419999083984
3.185567281124724
3.185567281124724
3.20778620812704
3.1927646398997447
3.168529384117047
3.168529384117047
3.168529384117047
3.168529384117047
3.1796102157567376
3.1796102157567376
3.1924091543092503
3.213975332662816
3.1765380285337046
3.168644936168499
3.214727602030134
3.214727602030134
3.214727602030134
3.214727602030134
3.218505510647224
3.218505510647224
3.236108573346973
3.2287664731149808
3.2284198729663593
3.251325851923453
3.251325851923453
3.2095041088667062
3.206229075605318
3.257967408539944
3.262501181021766
3.25124368663437
3.2197726201237518
3.2197726201237518
3.214432585254649
3.2259956474603446
3.2259956474603446
3.2259956474603446
3.2259956474603446
3.2259956474603446
3.2259956474603446
3.24810137996737
3.182581192901873
3.182581192901873
3.2089462141988996
3.2089462141988996
3.202553186397382
3.202553186397382
3.202553186397382
3.202553186397382
3.202553186397382
3.202553186397382
3.229754628053068
3.1909976956553647
3.197415531300484
3.197415531300484
3.2119257384612396
3.2452634423450917
3.24334292790422
3.2205150982366177
3.2205150982366177
3.227781595783174
3.227781595783174
3.227781595783174
3.2133724148775946
3.2061632866544514
3.2061632866544514
3.2061632866544514
3.2061632866544514
3.2159185882356955
3.2159185882356955
3.2159185882356955
3.2159185882356955
3.2159185882356955
3.2159185882356955
3.2159185882356955
3.2159185882356955
3.2159185882356955
3.2466396053693902
3.2466396053693902
3.2466396053693902
3.2466396053693902
3.2466396053693902
3.2636774931225823
3.1972931008973413
3.2080870227730465
3.2080870227730465
3.2080870227730465
3.2080870227730465
3.2080870227730465
3.2080870227730465
3.2080870227730465
3.2080870227730465
3.1942084918037223
3.1942084918037223
3.1942084918037223
3.179972972228849
3.179972972228849
3.179972972228849
3.200265823179032
3.200265823179032
3.200265823179032
3.200265823179032
3.200265823179032
3.228499172495197
3.228499172495197
3.2038062089445045
3.2038062089445045
3.2238827073266187
3.2238827073266187
3.2238827073266187
3.171146250134808
3.1776678277776007
3.1776678277776007
3.1776678277776007
3.1776678277776007
3.1776678277776007
3.1776678277776007
3.1776678277776007
3.1776678277776007
3.1776678277776007
3.193558353899534
3.1814493601296596
3.1814493601296596
3.1860876073396627
3.2063182358879003
3.2338667469687663
3.237321619653447
3.237321619653447
3.2311517311067424
3.2311517311067424
3.219191701088276
3.219191701088276
3.2303195858487346
3.2303195858487346
3.215612815492023
3.188447782937717
3.188447782937717
3.188447782937717
3.188447782937717
3.188447782937717
3.224654113885435
3.224654113885435
3.224654113885435
3.224654113885435
3.224654113885435
3.2151975777480644
3.2162022226918934
3.2162022226918934
3.2162022226918934
3.2162022226918934
3.2201717380709485
3.2201717380709485
3.2201717380709485
3.2410299374696963
3.2469593850629197
3.2469593850629197
3.25155487173784
3.279614342446131
3.2590216644417374
3.2590216644417374
3.2642051091556405
3.226023889298109
3.2137759378029007
3.2532259875053704
3.2513928292394425
3.2561807729962933
3.2561807729962933
3.2561807729962933
3.2561807729962933
3.2561807729962933
3.2561807729962933
3.246954129704692
3.257043327397371
3.257043327397371
3.257043327397371
3.2208995983464015
3.2208995983464015
3.2208995983464015
3.1994717128339123
3.216162106788806
3.2060722984833365
3.2060722984833365
3.2060722984833365
3.2335483484806344
3.207469702204855
3.2366268665635474
3.2366268665635474
3.230778619980249
3.230778619980249
3.230778619980249
3.230778619980249
3.2256288841398035
3.2256288841398035
3.2256288841398035
3.1946283129669997
3.204406589022366
3.204406589022366
3.2375078892232914
3.2375078892232914
3.2232291337450323
3.2232291337450323
3.2211384542006174
3.2211384542006174
3.2116415449771925
3.2116415449771925
3.226076742690559
3.2382101963067975
3.2382101963067975
3.2382101963067975
3.241170516726333
3.236169408724159
3.2361463674974424
3.242516751965187
3.242516751965187
3.242516751965187
3.2627370663418875
3.2627370663418875
3.2627370663418875
3.2627370663418875
3.275275261247115
3.275275261247115
3.2311897230220423
3.2423789480327843
3.236177689951102
3.2203387128621235
3.2203387128621235
3.2203387128621235
3.223471748401771
3.223471748401771
3.223471748401771
3.223471748401771
3.217453811594437
3.2280470377016517
3.2280470377016517
3.2280470377016517
3.2280470377016517
3.2280470377016517
3.2280470377016517
3.2280470377016517
3.2280470377016517
3.2280470377016517
3.2280470377016517
3.2195100123031914
3.2153719896110804
3.2153719896110804
3.2153719896110804
3.220334815401926
3.220334815401926
3.2157072424723028
3.207720750186861
3.207720750186861
3.207720750186861
3.207720750186861
3.2088881394343107
3.2006762970179206
3.2006762970179206
3.2006762970179206
3.2006762970179206
3.1854251971821324
3.1854251971821324
3.1854251971821324
3.191974356345209
3.191974356345209
3.191974356345209
3.191974356345209
3.191974356345209
3.191974356345209
3.191974356345209
3.191974356345209
3.191974356345209
3.1773363719330634
3.1773363719330634
3.1773363719330634
3.1913179061822685
3.180966972517723
3.1760329105001515
3.2066730481988173
3.2201716913436034
3.2141543692203514
3.237770079643576
3.2395562423800577
3.2395562423800577
3.2395562423800577
3.1952948356996127
3.1952948356996127
3.1952948356996127
3.1952948356996127
3.1952948356996127
3.2050887065829157
3.2050887065829157
3.2050887065829157
3.2050887065829157
3.211721256572976
3.203414258829957
3.1893021563933464
3.1893021563933464
3.1828561536934425
3.2042883529106874
3.2486077270315405
3.2091155980097277
3.2091155980097277
3.2091155980097277
3.200645485399385
3.225420391870692
3.192201268251648
3.192201268251648
3.192201268251648
3.192201268251648
3.192201268251648
3.1733937327939477
3.1733937327939477
3.1733937327939477
3.1733937327939477
3.1881819230055557
3.1881819230055557
3.1881819230055557
3.1881819230055557
3.194645243149403
3.194645243149403
3.194645243149403
3.194645243149403
3.194645243149403
3.2102182088244664
3.2102182088244664
3.2102182088244664
3.2102182088244664
3.1906714761536534
3.1906714761536534
3.21538174712985
3.2034409710846425
3.1987721052008324
3.2146221074350323
3.2146221074350323
3.216835916975163
3.216835916975163
3.216835916975163
3.216835916975163
3.2179393695899137
3.2179393695899137
3.21795068701279
3.21345414276182
3.242355335651258
3.242355335651258
3.2137247189195612
3.2137247189195612
3.221417329441608
3.221417329441608
3.2190281515384416
3.2190281515384416
3.2190281515384416
3.2190281515384416
3.189386937136331
3.2083752764584768
3.2083752764584768
3.2083752764584768
3.2083752764584768
3.2083752764584768
3.223176160516011
3.19893090925587
3.19893090925587
3.1874566943625595
3.1874566943625595
3.1874566943625595
3.1874566943625595
3.2087676688831763
3.2087676688831763
3.2087676688831763
3.1833637343442365
3.1833637343442365
3.1833637343442365
3.1911702484472713
3.1911702484472713
3.1911702484472713
3.1911702484472713
3.2039097256778226
3.2039097256778226
3.177241105581934
3.1755927410617852
3.1755927410617852
3.1755927410617852
3.1569704373420344
3.1569704373420344
3.1569704373420344
3.168045403062001
3.168045403062001
3.1808886102666163
3.1808886102666163
3.1777069944635454
3.1777069944635454
3.1704277675814745
3.1704277675814745
3.1704277675814745
3.1704277675814745
3.183422335222475
3.1662752641014222
3.1662752641014222
3.1662752641014222
3.1662752641014222
3.161662825654453
3.161662825654453
3.1608744634173926
3.1900163954909133
3.1900163954909133
3.1900163954909133
3.1695580479478394
3.1695580479478394
3.1695580479478394
3.1695580479478394
3.206331334983291
3.206331334983291
3.184911079606233
3.184911079606233
3.190435778854474
3.221207704966586
3.221207704966586
3.2003265587036576
3.2003265587036576
3.2003265587036576
3.2003265587036576
3.198478746038254
3.2241162645326034
3.2241162645326034
3.2241162645326034
3.219744928006037
3.219744928006037
3.219744928006037
3.219744928006037
3.2012303196827747
3.2299715747450444
3.2299715747450444
3.240153095490428
3.2418489742679535
3.2212615816980223
3.2307697758800438
3.2307697758800438
3.2423998217428105
3.2423998217428105
3.2638662566683583
3.2638662566683583
3.2613047496226626
3.2269214034953886
3.2269214034953886
3.2335855536216176
3.2464774364298004
3.2464774364298004
3.2464774364298004
3.2464774364298004
3.2464774364298004
3.2464774364298004
3.2464774364298004
3.231132207566619
3.2453632621330346
3.2453632621330346
3.2453632621330346
3.260572165286984
3.260572165286984
3.260572165286984
3.260572165286984
3.260572165286984
3.2369336777524356
3.2369336777524356
3.2606672209964707
3.2606672209964707
3.2606672209964707
3.2815883957596825
3.2815883957596825
3.2815883957596825
3.2763906153550466
3.245174900666586
3.22280278150875
3.2441341317876895
3.2441341317876895
3.2441341317876895
3.2441341317876895
3.2441341317876895
3.2451477356029406
3.2451477356029406
3.2451477356029406
3.2451477356029406
3.2451477356029406
3.2451477356029406
3.2451477356029406
3.209110277969151
3.2190867780707593
3.2185496269268916
3.2185496269268916
3.2185496269268916
3.2158677453822224
3.2158677453822224
3.2158677453822224
3.2158677453822224
3.221897860043101
3.2208570761983766
3.2099259087455945
3.2005951680917235
3.2005951680917235
3.2005951680917235
3.2005951680917235
3.2005951680917235
3.194857236734817
3.194857236734817
3.194857236734817
3.2308587864163405
3.198718759257443
3.198718759257443
3.198718759257443
3.198718759257443
3.198718759257443
3.198718759257443
3.198718759257443
3.198718759257443
3.230403618306369
3.230403618306369
3.2094722759348375
3.1903865075868634
3.21989458469802
3.21989458469802
3.225901527596835
3.225901527596835
3.2238284337300307
3.2238284337300307
3.2238284337300307
3.2238284337300307
3.2306438978743346
3.2306438978743346
3.2099517901074273
3.2099517901074273
3.202139819420288
3.185529897317261
3.185529897317261
3.185529897317261
3.185529897317261
3.185529897317261
3.1934430221663077
3.179188742644606
3.179188742644606
3.179188742644606
3.179188742644606
3.179188742644606
3.2042755016292115
3.1829103035616657
3.1925629381162226
3.2248162326125414
3.2259428930717484
3.2259428930717484
3.2213180094043596
3.2213180094043596
3.2063367904470907
3.2063367904470907
3.2063367904470907
3.1805387285011713
3.181785055672157
3.181785055672157
3.186825325678601
3.209845712781898
3.20389449162344
3.20389449162344
3.20389449162344
3.20389449162344
3.20389449162344
3.20389449162344
3.21512130080758
3.2281066045057996
3.17965583855561
3.17965583855561
3.21698704645081
3.21698704645081
3.2235396845789595
3.1895566235591097
3.1895566235591097
3.1895566235591097
3.2470951926348604
3.2286278849426178
3.247140202028887
3.247140202028887
3.230020658025559
3.2046149657303737
3.230086139760758
3.208773233755958
3.208773233755958
3.2351106488461636
3.2351106488461636
3.236551572260852
3.236551572260852
3.2316005420777585
3.2259956410713686
3.2555125474435407
3.2711834284816605
3.24172222986165
3.247334688003648
3.247334688003648
3.2372421125940223
3.25880253232616
3.25880253232616
3.25880253232616
3.253825879526791
3.253825879526791
3.2494069812686814
3.2494069812686814
3.2450618484400198
3.2450618484400198
3.248806172058477
3.248806172058477
3.21744814114349
3.21744814114349
3.21744814114349
3.21744814114349
3.212193089618149
3.2087745408900963
3.270065942060189
3.270065942060189
3.270065942060189
3.2383666530634527
3.218479413099624
3.218479413099624
3.218479413099624
3.218479413099624
3.235836829143139
3.235836829143139
3.235836829143139
3.235836829143139
3.235836829143139
3.2338470912556887
3.2717115582670386
3.2717115582670386
3.232601935276478
3.232601935276478
3.236154399328067
3.236154399328067
3.236154399328067
3.236154399328067
3.2548126970829623
3.2548126970829623
3.255025845916948
3.255025845916948
3.2650937778429405
3.2650937778429405
3.2650937778429405
3.2424802015518637
3.2424802015518637
3.2424802015518637
3.2424802015518637
3.2424802015518637
3.2424802015518637
3.2424802015518637
3.2414485294697917
3.233678617197938
3.233678617197938
3.233678617197938
3.202405673737214
3.2051490472552033
3.199645494625986
3.1854075776826036
3.1854075776826036
3.196770827559387
3.196770827559387
3.24433496401575
3.189069339444922
3.1915876929531213
3.1977269645199473
3.1977269645199473
3.2194803647864334
3.2194803647864334
3.218166137928924
3.218166137928924
3.218166137928924
3.235102459356298
3.235102459356298
3.235102459356298
3.235102459356298
3.2240212875233727
3.2240212875233727
3.2334734740732562
3.2348392263009544
3.2348392263009544
3.2348392263009544
3.2348392263009544
3.2055577387481207
3.2055577387481207
3.2282800291675757
3.2282800291675757
3.2282800291675757
3.230702794560653
3.2456869328596683
3.2456869328596683
3.2400483605615347
3.240649451614747
3.240649451614747
3.2098304673036404
3.2098304673036404
3.2098304673036404
3.2364425993368386
3.2364425993368386
3.2543559255756427
3.234183630415183
3.2344872069086654
3.2214353762832952
3.2352210373729666
3.2352210373729666
3.2352210373729666
3.220299521658314
3.22501269343211
3.22501269343211
3.2228275235755084
3.2228275235755084
3.235843273801656
3.2368706367660525
3.2440532666999524
3.2262493562158183
3.221729493767172
3.217113992733669
3.217113992733669
3.237739360018594
3.2355648091147557
3.2534703245673535
3.218598964841008
3.218598964841008
3.218598964841008
3.218598964841008
3.218598964841008
3.218598964841008
3.214535878919947
3.214535878919947
3.2229565106747335
3.2220065291372593
3.2356033741048327
3.23412418518134
3.257381206528891
3.2119347674716234
3.2119347674716234
3.2119347674716234
3.2119347674716234
3.2291024097822865
3.2291024097822865
3.2077103611866096
3.2485614258371798
3.257220434142002
3.257220434142002
3.243059106817696
3.2477278014050963
3.2477278014050963
3.2771538779860814
3.2774629249283924
3.2293440538293168
3.2172760272546195
3.2172760272546195
3.218109321645932
3.218109321645932
3.2682823394632456
3.2682823394632456
3.2328424204389226
3.2328424204389226
3.2328424204389226
3.2394657215437936
3.2394657215437936
3.2394657215437936
3.2394657215437936
3.2394657215437936
3.2394657215437936
3.2394657215437936
3.2394657215437936
3.2394657215437936
3.2394657215437936
3.2307219636588798
3.2360969179501176
3.2370306172703383
3.2360805364698284
3.2196140188585045
3.2196140188585045
3.202636134564589
3.202636134564589
3.202636134564589
3.202636134564589
3.18916857928627
3.18916857928627
3.18916857928627
3.202586406652583
3.202586406652583
3.2092221336293942
3.2092221336293942
3.2018206379417893
3.2018206379417893
3.1958516059869595
3.204274683236427
3.18183667237781
3.173627409139141
3.173627409139141
3.173627409139141
3.173627409139141
3.173627409139141
3.173627409139141
3.1996925618591745
3.1996925618591745
3.2007049908789784
3.1989957144224994
3.180175192402632
3.188347632350397
3.188347632350397
3.188347632350397
3.1794731995187644
3.22794119081474
3.2151653146828356
3.2151653146828356
3.221509128881909
3.245830826252033
3.245830826252033
3.2264075572676982
3.2264075572676982
3.2264075572676982
3.2244654987306522
3.2244654987306522
3.2244654987306522
3.216580126824034
3.2387858198603636
3.249220751185764
3.2257448315183277
3.2500225723291347
3.2500225723291347
3.2500225723291347
3.2500225723291347
3.2389065624886233
3.2561228825928787
3.2543432952829523
3.2543432952829523
3.231920563811682
3.231920563811682
3.2257420663445058
3.2257420663445058
3.2230193031829484
3.207464030135126
3.2190680230354656
3.2220599383830337
3.2151099523956006
3.2151099523956006
3.2209181844000443
3.2209181844000443
3.250010055721791
3.253682473637863
3.2572466721173416
3.22592298543909
3.22592298543909
3.22592298543909
3.2120078746958667
3.2120078746958667
3.230771827825342
3.230771827825342
3.230771827825342
3.230771827825342
3.230771827825342
3.217000227448307
3.217000227448307
3.2220519790388495
3.2220519790388495
3.2220519790388495
3.2220519790388495
3.2220519790388495
3.2220519790388495
3.2142749885906237
3.2142749885906237
3.2142749885906237
3.2066416695640627
3.2066416695640627
3.2066416695640627
3.2112114583995623
3.199444910008798
3.199444910008798
3.199444910008798
3.199444910008798
3.199444910008798
3.228185557220254
3.228185557220254
3.228185557220254
3.2118272457076142
3.2171584373330306
3.205812431895524
3.205812431895524
3.205812431895524
3.2080910942785352
3.194374995943046
3.2119322922692355
3.2119322922692355
3.2119322922692355
3.2119322922692355
3.176655233498884
3.1787891751700585
3.1787891751700585
3.1787891751700585
3.1818071514745663
3.1765982852950447
3.178927320426877
3.2053584391149097
3.2053584391149097
3.2053584391149097
3.2120155427544796
3.2120155427544796
3.2255413103845387
3.2086237791416146
3.2086237791416146
3.2050727958863074
3.2050727958863074
3.1979612853324038
3.1979612853324038
3.1979612853324038
3.21873076830634
3.21873076830634
3.216334988055492
3.2210568379903797
3.2053208508822797
3.2053208508822797
3.2053208508822797
3.2053208508822797
3.21775416133767
3.21775416133767
3.217814389387822
3.206286192510194
3.206286192510194
3.206286192510194
3.206286192510194
3.206286192510194
3.1931521106366536
3.2301325588367953
3.2301325588367953
3.2301325588367953
3.253996243585514
3.2315989930576285
3.2315989930576285
3.2345298630190182
3.2345298630190182
3.255258087501752
3.255258087501752
3.255258087501752
3.255258087501752
3.255258087501752
3.2570703340033687
3.2557587239730483
3.2552523864402683
3.236480276006163
3.236480276006163
3.236480276006163
3.236733550398744
3.236733550398744
3.236733550398744
3.1932252534813057
3.200345215849224
3.1839691577083937
3.1839691577083937
3.183719402321961
3.183719402321961
3.2234272434374622
3.2234272434374622
3.221480967877883
3.221480967877883
3.221480967877883
3.221480967877883
3.221480967877883
3.2269303192167276
3.2269303192167276
3.2269303192167276
3.2269303192167276
3.2269303192167276
3.2269303192167276
3.203137243736156
3.203137243736156
3.2311313452474133
3.2311313452474133
3.2311313452474133
3.218975355009025
3.218975355009025
3.218975355009025
3.218975355009025
3.2291424352681526
3.2291424352681526
3.2291424352681526
3.227279091569268
3.227279091569268
3.227279091569268
3.227279091569268
3.227279091569268
3.227279091569268
3.227279091569268
3.227279091569268
3.227279091569268
3.219584809855093
3.219584809855093
3.2163033674182446
3.2163033674182446
3.2362538842006963
3.2362538842006963
3.248003439524623
3.248003439524623
3.2155576433474162
3.2155576433474162
3.2155576433474162
3.2155576433474162
3.19932511797079
3.183828792981087
3.183828792981087
3.2091180231596317
3.2091180231596317
3.2091180231596317
3.180351261240408
3.180351261240408
3.180351261240408
3.180351261240408
3.1816888768020233
3.1816888768020233
3.2227525061871827
3.2227525061871827
3.2227525061871827
3.2227525061871827
3.2227525061871827
3.2227525061871827
3.2227525061871827
3.2227525061871827
3.217750602449867
3.206033382733964
3.205817614914726
3.205817614914726
3.2051168289353025
3.2051168289353025
3.2130952757394615
3.2130952757394615
3.2130952757394615
3.2130952757394615
3.2130952757394615
3.2130952757394615
3.2130952757394615
3.2130952757394615
3.2130952757394615
3.2130952757394615
3.2410465441700604
3.2410465441700604
3.248158324253247
3.2107567695271024
3.2107567695271024
3.2107567695271024
3.25011023335407
3.2410714587349014
3.207242471286271
3.207242471286271
3.2406533919314575
3.2406533919314575
3.2406533919314575
3.2406533919314575
3.2369577036897392
3.2369577036897392
3.2369577036897392
3.2827832394848255
3.2359714602147145
3.283194794428847
3.2785737137184414
3.284152764117369
3.284152764117369
3.284152764117369
3.2393664604650905
3.2393664604650905
3.2393664604650905
3.2685326992218435
3.2287130460542324
3.2393896339235506
3.2393896339235506
3.2393896339235506
3.2608784360088308
3.2608784360088308
3.254674197250563
3.237787470240122
3.2453685328206583
3.2320308035602183
3.2320308035602183
3.2320308035602183
3.2320308035602183
3.2246212973222654
3.2246212973222654
3.2458220166646647
3.2458220166646647
3.2458220166646647
3.248104340919574
3.2411333303891663
3.2411333303891663
3.256072089821698
3.256072089821698
3.256072089821698
3.2622167849042656
3.2622167849042656
3.2695891211393526
3.2695891211393526
3.252953873135948
3.252953873135948
3.24929715397372
3.244417506266051
3.244417506266051
3.210413174731724
3.210413174731724
3.210413174731724
3.210413174731724
3.246491904022449
3.246491904022449
3.208739757644996
3.2221208722008488
3.215759638374111
3.190183942144622
3.190183942144622
3.2368047677849403
3.2027812765369426
3.2261537996682237
3.2236103660531295
3.239553350283777
3.239553350283777
3.239553350283777
3.239553350283777
3.2384625771562012
3.2486430766916135
3.2486430766916135
3.2486430766916135
3.2486430766916135
3.2486430766916135
3.2486430766916135
3.2486430766916135
3.218940384508229
3.218940384508229
3.218940384508229
3.2112513541483105
3.2112513541483105
3.2112513541483105
3.207492865567979
3.207492865567979
3.207492865567979
3.2047974788702813
3.2047974788702813
3.2047974788702813
3.237850259099493
3.237850259099493
3.2350932029071044
3.2480884132115966
3.2465287790348794
3.2465287790348794
3.2465287790348794
3.245506135300336
3.245506135300336
3.245506135300336
3.2413482713874147
3.2413482713874147
3.2413482713874147
3.239775858657675
3.239775858657675
3.239775858657675
3.2165408762672096
3.240065716406236
3.240065716406236
3.240065716406236
3.240065716406236
3.2440703771817865
3.250620256092109
3.250620256092109
3.250620256092109
3.232066744426485
3.232066744426485
3.224693006372321
3.2066793492265986
3.1944453444549983
3.1944453444549983
3.1953937868254894
3.182695134738062
3.182695134738062
3.182695134738062
3.182695134738062
3.1721413166688417
3.1721413166688417
3.1721413166688417
3.1519856681883476
3.131873747425302
3.131873747425302
3.153112601967278
3.1474356544369626
3.1474356544369626
3.1799809067223626
3.159416179990712
3.159416179990712
3.159416179990712
3.162554672530239
3.1487908529309885
3.1668521480056575
3.1668521480056575
3.1668521480056575
3.16691538146266
3.16691538146266
3.1779017148366715
3.1779017148366715
3.1779017148366715
3.19935620904142
3.19935620904142
3.19935620904142
3.2050361889040024
3.2050361889040024
3.2050361889040024
3.2050361889040024
3.2050361889040024
3.2050361889040024
3.2050361889040024
3.2050361889040024
3.1831578756749668
3.1831578756749668
3.1831578756749668
3.187023786387838
3.181933587234764
3.181933587234764
3.17729740366376
3.17729740366376
3.17729740366376
3.1815401968853876
3.171490975442469
3.2018066524093314
3.2142492699780933
3.2142492699780933
3.208780892409563
3.208780892409563
3.206001440163877
3.20721703640183
3.20721703640183
3.225674548516152
3.225674548516152
3.225674548516152
3.225674548516152
3.225674548516152
3.225674548516152
3.2299701277219466
3.2299701277219466
3.2426687406548815
3.2426687406548815
3.2347054287411594
3.2428838055011644
3.2428838055011644
3.2428838055011644
3.2428838055011644
3.2428838055011644
3.2428838055011644
3.2428838055011644
3.2428838055011644
3.2428838055011644
3.2428838055011644
3.2428838055011644
3.2428838055011644
3.2428838055011644
3.2428838055011644
3.2428838055011644
3.2428838055011644
3.234182233917151
3.234182233917151
3.2437438796606752
3.2437438796606752
3.2437438796606752
3.24382904717981
3.24382904717981
3.2459441796724087
3.243439241743799
3.243439241743799
3.181566542097037
3.177625697695979
3.169004933926372
3.2109763346991373
3.184655381077842
3.184655381077842
3.184655381077842
3.2109345680538013
3.1979893511957895
3.1979893511957895
3.166400671128807
3.166400671128807
3.159440890498707
3.159440890498707
3.159440890498707
3.159440890498707
3.170593806528577
3.170593806528577
3.1739984723195005
3.1603637413538013
3.1603637413538013
3.1537439164794563
3.1537439164794563
3.1537439164794563
3.1537439164794563
3.151121338421538
3.151121338421538
3.151121338421538
3.150610109952964
3.150610109952964
3.143912351043062
3.143912351043062
3.143912351043062
3.143912351043062
3.143912351043062
3.143912351043062
3.143912351043062
3.155837380003808
3.155837380003808
3.1683056807670997
3.1683056807670997
3.1683056807670997
3.1683056807670997
3.175029314774306
3.175029314774306
3.175029314774306
3.194616384930202
3.2187445570710955
3.2187445570710955
3.2187445570710955
3.204414973492587
3.22996305678558
3.22996305678558
3.22996305678558
3.231565761759189
3.242755140561084
3.193353703627543
3.193353703627543
3.193353703627543
3.190082634799375
3.1892068985184117
3.1892068985184117
3.1892068985184117
3.1892068985184117
3.193106542512953
3.193106542512953
3.193106542512953
3.193106542512953
3.2296538582749026
3.2296538582749026
3.2296538582749026
3.2296538582749026
