0.12660297936948758
0.12660297936948758
0.12660297936948758
0.12660297936948758
0.12660297936948758
0.12660297936948758
0.12660297936948758
0.12660297936948758
0.12660297936948758
0.12660297936948758
0.12660297936948758
0.12660297936948758
0.12660297936948758
0.12660297936948758
0.12660297936948758
0.12660297936948758
0.12660297936948758
0.12660297936948758
0.12660297936948758
0.12660297936948758
0.12660297936948758
0.12660297936948758
0.12660297936948758
0.12660297936948758
0.12660297936948758
0.12660297936948758
0.12660297936948758
0.12660297936948758
0.12660297936948758
0.12660297936948758
0.12660297936948758
0.12660297936948758
0.12660297936948758
0.12660297936948758
0.12660297936948758
0.12660297936948758
0.12660297936948758
0.12660297936948758
0.12660297936948758
0.12660297936948758
0.12660297936948758
0.12660297936948758
0.12660297936948758
0.12660297936948758
0.12660297936948758
0.12660297936948758
0.12660297936948758
0.12660297936948758
0.12660297936948758
0.12660297936948758
0.12660297936948758
0.12660297936948758
0.12660297936948758
0.12660297936948758
0.12660297936948758
0.12660297936948758
0.12660297936948758
0.12660297936948758
0.12660297936948758
0.12660297936948758
0.12660297936948758
0.12660297936948758
0.12660297936948758
0.12660297936948758
0.12660297936948758
0.12660297936948758
0.12660297936948758
0.12660297936948758
0.12660297936948758
0.12660297936948758
0.12660297936948758
0.12660297936948758
0.12660297936948758
0.12660297936948758
0.12660297936948758
0.12660297936948758
0.12660297936948758
0.12660297936948758
0.12660297936948758
0.12660297936948758
0.12660297936948758
0.12660297936948758
0.12660297936948758
0.12660297936948758
0.12660297936948758
0.12660297936948758
0.12660297936948758
0.12660297936948758
0.12660297936948758
0.12660297936948758
0.12660297936948758
0.12660297936948758
0.12660297936948758
0.12660297936948758
0.12660297936948758
0.12660297936948758
0.12660297936948758
0.12660297936948758
0.12660297936948758
0.12660297936948758
0.12769417687626447
0.13180289237003395
0.13180289237003395
0.13180289237003395
0.1343495311337937
0.1343495311337937
0.1343495311337937
0.13370926695681673
0.13370926695681673
0.13370926695681673
0.1379421916155087
0.1354252014339808
0.1354252014339808
0.1354252014339808
0.14000844898422377
0.14000844898422377
0.14000844898422377
0.14000844898422377
0.13695422221754486
0.13690102246431274
0.13676361093247172
0.12931554472528994
0.1321443797704667
0.1321443797704667
0.12563543205863492
0.12563543205863492
0.12563543205863492
0.12491301266156336
0.12491301266156336
0.12398659930387414
0.12398659930387414
0.12398659930387414
0.12407348548273643
0.12407348548273643
0.12407348548273643
0.12407348548273643
0.1203461712360256
0.12314072233790915
0.12215551063134929
0.12336604684299285
0.12336604684299285
0.12353795280838036
0.12353795280838036
0.12063360649312387
0.12119267479882165
0.12121347839359761
0.12121347839359761
0.12275171141754772
0.11941925979407779
0.11941925979407779
0.1185909972602678
0.11784937568092782
0.11784937568092782
0.11784937568092782
0.11784937568092782
0.11565258662386639
0.11565258662386639
0.11565258662386639
0.11565258662386639
0.11698193434121239
0.11698193434121239
0.11717516561193511
0.11717516561193511
0.1171164541648557
0.1171164541648557
0.11620937848388284
0.11812691076082918
0.11906498478014198
0.11906498478014198
0.11906498478014198
0.11906498478014198
0.11906498478014198
0.11906498478014198
0.11906498478014198
0.11906498478014198
0.11808732952744572
0.11884607217912041
0.11884607217912041
0.11715869778903647
0.11715869778903647
0.11715869778903647
0.11633810018346741
0.11633810018346741
0.11668667673125172
0.11739534440821035
0.11584057749912555
0.11584057749912555
0.11584057749912555
0.11584057749912555
0.11825247148441223
0.11825247148441223
0.11825247148441223
0.11825247148441223
0.11825247148441223
0.11404094100896389
0.11624718551173466
0.11535030250492617
0.11535030250492617
0.11535030250492617
0.1149469613992486
0.1111139850720888
0.1111139850720888
0.11200980392385625
0.11200980392385625
0.11200980392385625
0.11200980392385625
0.10974164995538803
0.11094688310987384
0.10833240158985488
0.10726620527829708
0.10726620527829708
0.10726620527829708
0.10726620527829708
0.10726620527829708
0.10726620527829708
0.10726620527829708
0.10726620527829708
0.1049996958001951
0.1049996958001951
0.11010719739678751
0.1081932160035912
0.10829461386689433
0.11032057000512371
0.11032057000512371
0.11032057000512371
0.10865253596137048
0.1071570656249282
0.1062565896158069
0.1062565896158069
0.1062565896158069
0.10937619975057834
0.10926433110729417
0.10926433110729417
0.10926433110729417
0.10926433110729417
0.10926433110729417
0.11051577890422842
0.11051577890422842
0.11051577890422842
0.10816318089118837
0.10816318089118837
0.10897697620685476
0.10529817458088304
0.10724098995556847
0.10539310872976061
0.103856137600506
0.103856137600506
0.10354916138571044
0.10738257559637944
0.10738257559637944
0.1056933601548027
0.1056933601548027
0.1056933601548027
0.1056933601548027
0.10365591300863868
0.10746166980877538
0.10498950763622716
0.10534850041131556
0.10696978871530544
0.11097331794495649
0.11047835901320913
0.11047835901320913
0.11047835901320913
0.11047835901320913
0.11122063070257932
0.11122063070257932
0.1105885195906083
0.1105885195906083
0.11268513534437359
0.11332777860448813
0.11332777860448813
0.10896222904906566
0.10821873169452934
0.10821873169452934
0.10590407749233421
0.1077705843244824
0.10897215716580688
0.10897215716580688
0.10897215716580688
0.10897215716580688
0.10897215716580688
0.11048514525288614
0.10928811616416005
0.10947822346656014
0.10947822346656014
0.10699793357862243
0.1083900205249135
0.1083900205249135
0.10907394271070132
0.10907394271070132
0.10907394271070132
0.10880997930715937
0.10880997930715937
0.10752498583215324
0.1058326665148945
0.10879481513005723
0.10898345063400301
0.10898345063400301
0.10898345063400301
0.11135049162093505
0.10961724910169147
0.10951864127062735
0.10951864127062735
0.10951864127062735
0.10951864127062735
0.1108326132968181
0.11318670117736052
0.11318670117736052
0.11318670117736052
0.1137051441170312
0.11318469175521267
0.11318469175521267
0.11318469175521267
0.11318469175521267
0.11561088819170803
0.11953319940803923
0.11953319940803923
0.11953319940803923
0.11953319940803923
0.11953319940803923
0.11931562318874225
0.11931562318874225
0.11672938298929893
0.1153113610583158
0.1153113610583158
0.11696816172465838
0.11696816172465838
0.11696816172465838
0.11708391658342944
0.11708391658342944
0.11708391658342944
0.11708391658342944
0.11704981192732127
0.11704981192732127
0.11606887044657553
0.11606887044657553
0.11698926708239943
0.11698926708239943
0.11208569987859986
0.1113144334374499
0.1113144334374499
0.11328645312875489
0.11625637968167475
0.11625637968167475
0.11625637968167475
0.11625637968167475
0.11324754384317955
0.11383686511303197
0.11383686511303197
0.11383686511303197
0.11383686511303197
0.11387925261729613
0.11182581862841968
0.11548956907278984
0.11653448072974455
0.11653448072974455
0.11653448072974455
0.11653448072974455
0.11653448072974455
0.11437276092341757
0.11437276092341757
0.11437276092341757
0.11252760009205878
0.11252760009205878
0.11331127184866632
0.11331127184866632
0.11331127184866632
0.11331127184866632
0.11331127184866632
0.10957419823323084
0.10922975099389898
0.10922975099389898
0.10922975099389898
0.10818276228063191
0.1089641782253056
0.1089641782253056
0.10880587473958575
0.1063261638092576
0.10727079375276007
0.11002979406397355
0.11287611394501887
0.11240701291305416
0.10967654953557297
0.10953677634918366
0.10953677634918366
0.10953677634918366
0.11055369421762976
0.11100364478151863
0.11100364478151863
0.11100364478151863
0.10751499388975358
0.10751499388975358
0.10491662244891793
0.10491662244891793
0.10338616275759822
0.10429075319337978
0.10429075319337978
0.10589436954681436
0.10480172322028358
0.10480172322028358
0.10546641885392966
0.10546641885392966
0.10546641885392966
0.10427956309588464
0.10427956309588464
0.10687635648711666
0.1059101784604454
0.1059101784604454
0.1059101784604454
0.10333315190753624
0.10176854595168514
0.10176854595168514
0.1053457355982292
0.10698519739826282
0.10698519739826282
0.10474439791956892
0.10432643896229593
0.10468760974194055
0.10024919708610316
0.10020003303880856
0.10020003303880856
0.10020003303880856
0.10020003303880856
0.10138489592881669
0.10290993540439208
0.10290993540439208
0.10290993540439208
0.10290993540439208
0.10290993540439208
0.10075652875444471
0.10075652875444471
0.10075652875444471
0.09874677113821387
0.09874677113821387
0.10004128747479306
0.10004128747479306
0.10004128747479306
0.1023954362804345
0.1006913981630424
0.10442723020089227
0.10441560396016708
0.10441560396016708
0.10441560396016708
0.10441560396016708
0.10441560396016708
0.10729608386013595
0.10729608386013595
0.10729608386013595
0.10729608386013595
0.10513388273856497
0.10513388273856497
0.10513388273856497
0.10513388273856497
0.10513388273856497
0.10513388273856497
0.10513388273856497
0.10513388273856497
0.10513388273856497
0.10642248332848317
0.10093730401757656
0.10142416993880675
0.10142416993880675
0.10142416993880675
0.10298114562252418
0.10298114562252418
0.10081113357513066
0.10413142116675962
0.10493105345909695
0.10493105345909695
0.10493105345909695
0.10490362372697778
0.10490362372697778
0.10051295773029532
0.10051295773029532
0.09963134312393483
0.09963134312393483
0.09963134312393483
0.10028652846379046
0.10231130272545648
0.10231130272545648
0.10199275893730281
0.10187737887945615
0.10187737887945615
0.10097026614083306
0.10097026614083306
0.10366460365021508
0.10196864294661366
0.10196864294661366
0.10102302089659858
0.10413759221852009
0.10413759221852009
0.10413759221852009
0.10413759221852009
0.10413759221852009
0.1030330152578274
0.10556301302503418
0.10556301302503418
0.10556301302503418
0.10554408281237432
0.10223555522793011
0.10223555522793011
0.10223555522793011
0.10223555522793011
0.09933740697746868
0.09933740697746868
0.09933740697746868
0.09933740697746868
0.09769295854331235
0.09769295854331235
0.09820068804218574
0.09820068804218574
0.09820068804218574
0.09537841512912863
0.09530003515253563
0.09818047737725791
0.09818047737725791
0.09463220615490978
0.09463220615490978
0.09463220615490978
0.09463220615490978
0.09975031657555664
0.09975031657555664
0.10083832972717019
0.10438340390705003
0.10458274692866362
0.10345004900822748
0.10345004900822748
0.10345004900822748
0.10345004900822748
0.10345004900822748
0.10096767034385408
0.10180353137931604
0.09681235449346665
0.09798810854575435
0.09798810854575435
0.09798810854575435
0.09798810854575435
0.10119365764165676
0.10119365764165676
0.10002903287649938
0.09884132748221237
0.10058204423037473
0.10058204423037473
0.10058204423037473
0.10089860502777186
0.10286967933433584
0.10286967933433584
0.1012574367314556
0.1012574367314556
0.10044397558328781
0.10261803918181629
0.10381482146488015
0.10674498659491663
0.10674498659491663
0.10499436105753743
0.10395635175818724
0.10382047261800842
0.10296378439954708
0.10413139548164925
0.10413139548164925
0.10200747400324489
0.10145685840927003
0.1050995008036572
0.1050995008036572
0.1050995008036572
0.1050995008036572
0.1050995008036572
0.1050995008036572
0.1050995008036572
0.10616926302803657
0.11044569325102381
0.11028602768432219
0.11028602768432219
0.11156527493819642
0.10745420806113572
0.11031691303386042
0.10883860254948699
0.10883860254948699
0.10883860254948699
0.10798874848349335
0.10798874848349335
0.10798874848349335
0.10852218310609565
0.10852218310609565
0.10852218310609565
0.10852218310609565
0.10849379282865632
0.10849379282865632
0.10936360291621855
0.10827540161880916
0.10603126495832498
0.10603126495832498
0.10603126495832498
0.10502852337229417
0.10502852337229417
0.10518111214582085
0.10139991628970024
0.10860673468830512
0.10860673468830512
0.10699818746267191
0.10699818746267191
0.10652795280919072
0.10763865562602436
0.10763865562602436
0.10499068002753222
0.10447418028389607
0.10447418028389607
0.10447418028389607
0.10447418028389607
0.10702427637318293
0.10702427637318293
0.10587636737777094
0.10541515619475118
0.10541515619475118
0.10541515619475118
0.10541515619475118
0.1054709316340179
0.10532542795613324
0.10532542795613324
0.10982212023183893
0.1076180091623125
0.1076180091623125
0.10646349732216061
0.10738985312747613
0.10738985312747613
0.10738985312747613
0.10738985312747613
0.10738985312747613
0.10753243086946399
0.10611071876459133
0.10611071876459133
0.10611071876459133
0.10611071876459133
0.10611071876459133
0.1067256747936777
0.1067256747936777
0.1067256747936777
0.10733405061899966
0.10864867651327799
0.10604600593242144
0.10515136412484882
0.10515136412484882
0.10687961134483666
0.10731134606158141
0.10976114647457003
0.10976114647457003
0.10884778815995606
0.11338491456571853
0.11338491456571853
0.11366396229239507
0.11366396229239507
0.11366396229239507
0.10988664685282089
0.11038533407341844
0.11038533407341844
0.11038533407341844
0.11241470453467327
0.1068394997231767
0.1084294805636715
0.11138518215468896
0.11138518215468896
0.11138518215468896
0.11138518215468896
0.11123027640142061
0.11178626374169327
0.11153391574465031
0.11146998369654659
0.11146998369654659
0.11185164353006834
0.11185164353006834
0.11185164353006834
0.11226098908181784
0.11226098908181784
0.1105963126443935
0.1105963126443935
0.11246412313496909
0.11246412313496909
0.11246412313496909
0.10887541990185748
0.10887541990185748
0.10887541990185748
0.10699356387589738
0.10699356387589738
0.10699356387589738
0.10793132787534573
0.10793132787534573
0.10793132787534573
0.10350848121329524
0.10531200794353006
0.10744983690070915
0.10744983690070915
0.10744983690070915
0.10744983690070915
0.10847073642588034
0.10847073642588034
0.10813431589167026
0.10969718919579817
0.10945618307331682
0.10945618307331682
0.1125967961197363
0.1125967961197363
0.1122696419790105
0.1122696419790105
0.10874200487904162
0.10874200487904162
0.10874200487904162
0.10791068392741739
0.10490938564854661
0.10490938564854661
0.10549535974087831
0.10549535974087831
0.10599806721386064
0.10599806721386064
0.10872936040877597
0.10872936040877597
0.10650665387781577
0.10650665387781577
0.10650665387781577
0.10337458455199854
0.10215394706139264
0.10405962284627832
0.10578117564275814
0.10578117564275814
0.1071504295061125
0.1071504295061125
0.10881841809846887
0.10713555218970472
0.10713555218970472
0.10823039375876792
0.11109353072816865
0.11109353072816865
0.11109353072816865
0.11109353072816865
0.11363299712636867
0.11363299712636867
0.11180316016765984
0.1102232138773597
0.1102232138773597
0.11153026987051824
0.11261097616255003
0.11150078675626654
0.11076367205166361
0.1107056165074753
0.1107056165074753
0.11095264103544304
0.11095264103544304
0.10986271659462649
0.10529785152245505
0.10529785152245505
0.10565342377066077
0.10660270526343654
0.10660270526343654
0.10676913902596223
0.11176953680466056
0.10757347997675899
0.10757347997675899
0.10807536213019277
0.10775233519424253
0.10815616533601734
0.10815616533601734
0.10815616533601734
0.10815616533601734
0.10674722325532149
0.10674722325532149
0.10674722325532149
0.10536284329320698
0.10536284329320698
0.10536284329320698
0.1044252387522839
0.1044252387522839
0.1044252387522839
0.1044252387522839
0.1044252387522839
0.1034539744696947
0.1034539744696947
0.1034539744696947
0.1034539744696947
0.10478863456476227
0.10756816827400732
0.10706979254053793
0.10565366886475089
0.10565366886475089
0.10434393708499906
0.10519367219883001
0.10519367219883001
0.10332311496676505
0.10184776819929853
0.10504700383659339
0.10504700383659339
0.10504700383659339
0.10504700383659339
0.10430541238886734
0.10430541238886734
0.10430541238886734
0.10430541238886734
0.10430541238886734
0.10430541238886734
0.10386422167643092
0.10531698305136293
0.10531698305136293
0.10531698305136293
0.10531698305136293
0.10284885019938061
0.10284885019938061
0.10284885019938061
0.10284885019938061
0.10235737164927702
0.1029174469718014
0.10099105551241486
0.10383252234105289
0.10383252234105289
0.10383252234105289
0.10339607153864247
0.10339607153864247
0.10392931233170571
0.10473902381137798
0.10473902381137798
0.10560131988481922
0.10558578731334896
0.10517930507003698
0.10275300260551745
0.10045842264984955
0.10045842264984955
0.10045842264984955
0.10045842264984955
0.10005146465729375
0.10166742984781771
0.10166742984781771
0.10397299947567719
0.1028568913594991
0.1028568913594991
0.1028568913594991
0.1028568913594991
0.1028568913594991
0.1028568913594991
0.10320832039834195
0.10320832039834195
0.10278501314490775
0.10542154896273416
0.10542154896273416
0.10542154896273416
0.10567801859438737
0.10567801859438737
0.10589938226532927
0.10589938226532927
0.10589938226532927
0.1000606192439972
0.10205411708825014
0.10123316809681794
0.10123316809681794
0.10118287910375087
0.1038215123382742
0.10125218193240665
0.10306795010905362
0.10327695810363319
0.10327695810363319
0.10389188080939869
0.10389188080939869
0.10389188080939869
0.10358599389804928
0.10758559251625606
0.10758559251625606
0.10421550322557942
0.10421550322557942
0.1050546542918947
0.10349345875696038
0.10349345875696038
0.10349345875696038
0.10349345875696038
0.10349345875696038
0.10883180750490551
0.10561785605805186
0.10561785605805186
0.10390613258063043
0.10216816116671044
0.10216816116671044
0.10351717795054961
0.10351717795054961
0.10351717795054961
0.10372775079442739
0.10655360649549084
0.10809408290904678
0.10809408290904678
0.10809408290904678
0.10809408290904678
0.10705770495722804
0.10773056514864146
0.10773056514864146
0.10751950524590265
0.10751950524590265
0.10751950524590265
0.10508394076125914
0.1085137796606621
0.1085137796606621
0.10671518439337932
0.10671518439337932
0.10671518439337932
0.10671518439337932
0.10625927458724847
0.10625927458724847
0.10675396820668812
0.10675396820668812
0.10653545321441868
0.10588008862544021
0.09910760049685156
0.09749405943234583
0.09749405943234583
0.10064994374720802
0.1010471723457844
0.1010471723457844
0.1010471723457844
0.1010471723457844
0.09987007317024146
0.09987007317024146
0.09909873151940886
0.10147362481449522
0.10390125069484736
0.10390125069484736
0.10390125069484736
0.10175227713766029
0.10445282913385923
0.10445282913385923
0.10663094228531139
0.10663094228531139
0.10412886569357159
0.10412886569357159
0.10201479802853142
0.09943338931270797
0.10739659816107928
0.10977560802810078
0.10977560802810078
0.10977560802810078
0.10977560802810078
0.10977560802810078
0.10615030009925769
0.10615030009925769
0.10550244843007386
0.10550244843007386
0.10800119139488895
0.10907282171192831
0.10907282171192831
0.10937030869512504
0.10634655202118834
0.10764208408557124
0.10764208408557124
0.10764208408557124
0.10880037320864612
0.10880037320864612
0.10880037320864612
0.10880037320864612
0.10880037320864612
0.11016561602784071
0.11016561602784071
0.11016561602784071
0.11016561602784071
0.11154831525284832
0.10901111750236754
0.10901111750236754
0.10935706574831874
0.10627807255812821
0.10627807255812821
0.10289027485458788
0.10585948974126119
0.10585948974126119
0.10367397855949663
0.10367397855949663
0.10367397855949663
0.10151006034314781
0.10151006034314781
0.10166767086602996
0.10166767086602996
0.09877710591999248
0.09973915034770081
0.09973915034770081
0.10124021316619192
0.10136391592842678
0.10136391592842678
0.10136391592842678
0.1024733154705149
0.10021460226759442
0.1005001547301834
0.1005001547301834
0.10165322333951583
0.10165322333951583
0.10115510076684124
0.10129343430798918
0.10129343430798918
0.1003960349142718
0.1003960349142718
0.1003960349142718
0.1003960349142718
0.1003960349142718
0.09897295499868006
0.09897295499868006
0.09897295499868006
0.09897295499868006
0.10148760986156312
0.10148760986156312
0.10148760986156312
0.10340990676264383
0.10400659999951058
0.10400659999951058
0.1037721215082193
0.1037721215082193
0.10468401972607481
0.10253342097294077
0.10156886115688538
0.10156886115688538
0.10156886115688538
0.10091245562578932
0.10091245562578932
0.10091245562578932
0.10016856810401623
0.10016856810401623
0.10016856810401623
0.1041551266821446
0.10171151656063422
0.10171151656063422
0.09888548135885536
0.09888548135885536
0.10210322828502398
0.09877319099463623
0.09877319099463623
0.09761656451670732
0.09761656451670732
0.09761656451670732
0.10211171092951754
0.10211171092951754
0.10603071393729452
0.10603071393729452
0.10350074872141757
0.10487731131207435
0.10487731131207435
0.10465970715283163
0.10465970715283163
0.10465970715283163
0.10465970715283163
0.10465970715283163
0.10465970715283163
0.10465970715283163
0.10465970715283163
0.10465970715283163
0.10465970715283163
0.10225275031468799
0.10225275031468799
0.10068069735123124
0.10068069735123124
0.10068069735123124
0.10422373117233955
0.10422373117233955
0.10441335484667363
0.10441335484667363
0.10441335484667363
0.10142825721490703
0.10142825721490703
0.1055939024035547
0.1055939024035547
0.10594594470291398
0.10594594470291398
0.1068117585532637
0.1068117585532637
0.11072027209793434
0.1086035532985946
0.10533965877585016
0.10848232131658397
0.10848232131658397
0.10848232131658397
0.10848232131658397
0.10848232131658397
0.10785968016517149
0.1085370202856308
0.1085370202856308
0.1085370202856308
0.1085370202856308
0.11144099962407131
0.11284764781565433
0.11284764781565433
0.11284764781565433
0.11284764781565433
0.11108506287758699
0.11108506287758699
0.11070337064719718
0.10930497848321151
0.1110884378136322
0.113065623526415
0.11247940452294079
0.11247940452294079
0.11247940452294079
0.11379370379724797
0.11379370379724797
0.11379370379724797
0.11379370379724797
0.11126964851982442
0.1149986939257674
0.1149986939257674
0.1149986939257674
0.11741943034497389
0.11741943034497389
0.11921601632411755
0.11921601632411755
0.11921601632411755
0.11836765738019349
0.11836765738019349
0.11936925731920006
0.11740021929926128
0.11740021929926128
0.1190263920558035
0.11783395433777515
0.11783395433777515
0.11989433184236443
0.11989433184236443
0.11962898191630243
0.12145007187778632
0.12064528009789097
0.11793640350639041
0.11793640350639041
0.11697920438739806
0.11612319882174398
0.11612319882174398
0.11640793872362781
0.11263852728235109
0.11229875658141188
0.112087593241035
0.1092423656595871
0.1092423656595871
0.1092423656595871
0.11063737532218983
0.11063737532218983
0.11063737532218983
0.10820975998069943
0.10820975998069943
0.10695171194345585
0.10695171194345585
0.10792100986715493
0.10792100986715493
0.1045555684544211
0.1045555684544211
0.1067438455486848
0.1067438455486848
0.1067438455486848
0.1067438455486848
0.1067438455486848
0.1067438455486848
0.1067438455486848
0.10586163426792453
0.10540228879783452
0.10540228879783452
0.10964406596845565
0.10964406596845565
0.10911222482716232
0.10911222482716232
0.11040310297303425
0.11040310297303425
0.11121117336624878
0.11121117336624878
0.10932104113731543
0.10932104113731543
0.10932104113731543
0.10932104113731543
0.10932104113731543
0.10932104113731543
0.10932104113731543
0.11299922826055803
0.11299922826055803
0.11299922826055803
0.10876635062782868
0.10876635062782868
0.1095285372415569
0.1095285372415569
0.10744431732839463
0.10744431732839463
0.11052125670084506
0.10936019080063797
0.10936019080063797
0.11235550630519066
0.10715691668635992
0.10715691668635992
0.10715691668635992
0.1066642668260565
0.10691253591571749
0.10691253591571749
0.10459054722988681
0.10129214156369229
0.10163689501278898
0.10339024163425421
0.10310308821015873
0.10229795338640511
0.10382748165486168
0.10382748165486168
0.10537026556510677
0.1049437221069921
0.10224511322747197
0.10224511322747197
0.10224511322747197
0.10545412648659945
0.10545412648659945
0.10410284371955436
0.10410284371955436
0.1069879341167874
0.1066005709198499
0.1066005709198499
0.10601661686739887
0.10601661686739887
0.10601661686739887
0.10601661686739887
0.1083008212594511
0.10751868918768988
0.10751868918768988
0.10751868918768988
0.10751868918768988
0.10523480733104927
0.10523480733104927
0.10080785526093018
0.10080785526093018
0.10080785526093018
0.10129601383591125
0.10129601383591125
0.10217735340708302
0.10217735340708302
0.10229094427394529
0.10255446928933983
0.10177156867254328
0.10177156867254328
0.0989543591106609
0.09822460100076204
0.09866912348745614
0.09795170057561361
0.09795170057561361
0.09795170057561361
0.10022916020568193
0.09877198940627092
0.09877198940627092
0.09877198940627092
0.09859387475910755
0.09721249064323137
0.09774950024219256
0.09570597082427998
0.09570597082427998
0.09450424089286086
0.09450424089286086
0.0964947797577678
0.09598939716777348
0.09504561418208833
0.09504561418208833
0.09504561418208833
0.09120593469371482
0.09298657838243286
0.09298657838243286
0.09298657838243286
0.09298657838243286
0.09298657838243286
0.09298657838243286
0.09247818840175616
0.09838531427939712
0.09838531427939712
0.09838531427939712
0.09838531427939712
0.10524172408579578
0.10524172408579578
0.10723186136492957
0.10828178131972281
0.10828178131972281
0.10692981109414414
0.10813603756367077
0.10813603756367077
0.10813603756367077
0.10711911036969196
0.10681939180497037
0.10681939180497037
0.10681939180497037
0.10378417380740693
0.10378417380740693
0.10443207202053567
0.10443207202053567
0.10443207202053567
0.10601649005331353
0.1073639195011942
0.1073639195011942
0.10435589823753508
0.10435589823753508
0.10020955593585709
0.09985169314203901
0.09985169314203901
0.10198668267895225
0.10198668267895225
0.10156632133437477
0.10225206916012014
0.10225206916012014
0.10112364098493663
0.10112364098493663
0.10112364098493663
0.10112364098493663
0.10112364098493663
0.10446989441968024
0.10446989441968024
0.10441653782971026
0.10441653782971026
0.10047924903521334
0.09917559936999167
0.09833763106947047
0.09833763106947047
0.09833763106947047
0.09901587920302501
0.10215925762241594
0.10215925762241594
0.10215925762241594
0.10016358399057837
0.10016358399057837
0.10016358399057837
0.10016358399057837
0.09949244912075306
0.09949244912075306
0.10112224034483817
0.10112224034483817
0.10112224034483817
0.10112224034483817
0.10112224034483817
0.10112224034483817
0.10089238226342256
0.10040387650677057
0.10040328190734099
0.10040328190734099
0.1010588043062041
0.10204790335745623
0.10741214094219169
0.10562369717419424
0.10269355336043927
0.10253837598739864
0.09849126618492186
0.09849126618492186
0.09849126618492186
0.10244689584068109
0.10809954324951546
0.10809954324951546
0.10607281792597059
0.10607281792597059
0.10562062406832971
0.1070214636985991
0.10712619787533169
0.10712619787533169
0.10387431346184257
0.10388329426673179
0.10510154802952858
0.10510154802952858
0.10689008257725886
0.11036423140775974
0.1071044850824884
0.10248469128747231
0.10248469128747231
0.10248469128747231
0.1021358871536554
0.10225437086057913
0.10225437086057913
0.1028130119131663
0.1028130119131663
0.1028130119131663
0.10324091031498299
0.10324091031498299
0.10196903237063971
0.10196903237063971
0.09814698947226973
0.09814698947226973
0.09916793619758338
0.09916793619758338
0.09916793619758338
0.09916793619758338
0.09916793619758338
0.10311061157430203
0.10231582651774003
0.0988521847071204
0.10187354271917859
0.10187354271917859
0.10187354271917859
0.10187354271917859
0.09898487583280499
0.10051138608213092
0.10051138608213092
0.10051138608213092
0.10141469344166808
0.10141469344166808
0.1026590484257425
0.1026590484257425
0.10177240196644487
0.10177240196644487
0.10177240196644487
0.10177240196644487
0.10177240196644487
0.10177240196644487
0.10177240196644487
0.09775786402193964
0.09775786402193964
0.10059762403683187
0.1031639537686926
0.10365920912101172
0.10365920912101172
0.10136543637449373
0.10136543637449373
0.09875323790845976
0.09875323790845976
0.10102067925294642
0.1026184641531341
0.1026184641531341
0.09945823900457158
0.09945823900457158
0.09945823900457158
0.09945823900457158
0.09945823900457158
0.09945823900457158
0.10231455100769896
0.10202626465427422
0.10202626465427422
0.10202626465427422
0.1020795571645021
0.1020795571645021
0.1020795571645021
0.10466330530990943
0.10510035508590135
0.10671735354539064
0.10671735354539064
0.10635741278466206
0.10635741278466206
0.10635741278466206
0.10475262813473532
0.10475262813473532
0.10586148107645271
0.10291276703068308
0.10169358096030082
0.10169358096030082
0.10434182277153557
0.10488713513414435
0.10488713513414435
0.10488713513414435
0.10593419667587495
0.10593419667587495
0.10593419667587495
0.10593419667587495
0.10899517837062432
0.1102217327118546
0.11126403702298587
0.11126403702298587
0.11126403702298587
0.10861450214279746
0.10861450214279746
0.11090729607128362
0.11090729607128362
0.11090729607128362
0.11090729607128362
0.1106045262469184
0.1096510867743436
0.10949701776728892
0.10969135261517961
0.10969135261517961
0.10912880614000939
0.10912880614000939
0.10912880614000939
0.10912880614000939
0.11323958721413174
0.11323958721413174
0.11129577419181859
0.11129577419181859
0.1140442742893365
0.1140442742893365
0.11473954061993646
0.11254879141860956
0.11225653059374978
0.11225653059374978
0.11225653059374978
0.11225653059374978
0.11397006502477755
0.11310458202742366
0.11310458202742366
0.11310458202742366
0.11046457703938048
0.11046457703938048
0.11233691442050961
0.11233691442050961
0.11233691442050961
0.11138546582935765
0.11138546582935765
0.11138546582935765
0.11260581135683038
0.1095337713988399
0.1095337713988399
0.1095337713988399
0.11438434972319267
0.11438434972319267
0.11438434972319267
0.11438434972319267
0.11030358127772029
0.11030358127772029
0.1098293754464676
0.1098293754464676
0.1098293754464676
0.1098293754464676
0.10740054811984122
0.10479260431512699
0.10479260431512699
0.10398328793465612
0.10398328793465612
0.10585096765409287
0.1091337518940603
0.1091337518940603
0.1091337518940603
0.1091337518940603
0.10761141390020275
0.1073435031368467
0.1073435031368467
0.10748109786992319
0.10748109786992319
0.10681112494340515
0.10665093828115975
0.10665093828115975
0.11288254404865967
0.11046670677462173
0.11046670677462173
0.11099753391119521
0.11099753391119521
0.11125824371367846
0.10956345463454327
0.1077907735636093
0.1077907735636093
0.1077907735636093
0.1077907735636093
0.1077907735636093
0.1077907735636093
0.1077907735636093
0.1093810307576279
0.10343726079534143
0.10586821125480612
0.10519907825774882
0.10519907825774882
0.10260803476491928
0.0995110259212817
0.10176772896353647
0.10176772896353647
0.10176772896353647
0.10163320380209223
0.10407458468950065
0.10319683653608923
0.10429344954945753
0.10147698092645997
0.10147698092645997
0.10147698092645997
0.1029237017487221
0.1029237017487221
0.1029237017487221
0.1029237017487221
0.1029237017487221
0.1029237017487221
0.1029237017487221
0.10616395371444744
0.10616395371444744
0.10616395371444744
0.10616395371444744
0.10370532436761819
0.10370532436761819
0.10370532436761819
0.10518890801864243
0.104805753415859
0.104805753415859
0.10381242374904326
0.10381242374904326
0.10381242374904326
0.10541272459270508
0.10541272459270508
0.1057580064292247
0.1053161254785462
0.1053161254785462
0.1014940330849337
0.10220844618855578
0.10220844618855578
0.10220844618855578
0.10220844618855578
0.10360432653045713
0.10360432653045713
0.10360432653045713
0.10371993300075752
0.10371993300075752
0.10371993300075752
0.10371993300075752
0.10371993300075752
0.10371993300075752
0.10371993300075752
0.10210914430736517
0.10210914430736517
0.10210914430736517
0.10210914430736517
0.1046593303438152
0.10355666849644665
0.10454792763257134
0.10454792763257134
0.10577253854267059
0.10577253854267059
0.11030586226359053
0.11121725327122625
0.11121725327122625
0.11121725327122625
0.11121725327122625
0.11121725327122625
0.10997218299942912
0.10997218299942912
0.10997218299942912
0.10997218299942912
0.10997218299942912
0.10997218299942912
0.1081686805252372
0.10822307151067101
0.10822307151067101
0.10566001018294452
0.10566001018294452
0.10504517124136428
0.10772651640987127
0.10682235599549253
0.10913313637171505
0.10945003789813487
0.10945003789813487
0.10959518757724672
0.10959518757724672
0.10788918993883338
0.10788918993883338
0.11096998307933147
0.10397445322161232
0.10397445322161232
0.1044531064803805
0.1044531064803805
0.10667020323633715
0.10667020323633715
0.1085156287995841
0.11014146405198633
0.10627887586866394
0.10627887586866394
0.10514735005295728
0.10514735005295728
0.1045543578896465
0.1045543578896465
0.1045543578896465
0.1045543578896465
0.10265689954781912
0.10162084432272946
0.10172068550433712
0.10172068550433712
0.10172068550433712
0.10172068550433712
0.10172068550433712
0.10172068550433712
0.10172068550433712
0.09937266722280495
0.09937266722280495
0.0990078968664793
0.09791098360535971
0.09823561046043962
0.09916306772892554
0.10151728117858284
0.10151728117858284
0.10251600754981906
0.10251600754981906
0.10274439577117106
0.10274439577117106
0.10220110315532172
0.10220110315532172
0.10220110315532172
0.10041775217844526
0.10117848599486315
0.1028136557632021
0.1028136557632021
0.1028136557632021
0.1028136557632021
0.1028136557632021
0.1028136557632021
0.1028136557632021
0.10543749065430023
0.10564006607202496
0.10564006607202496
0.1059220964651981
0.1059220964651981
0.1059220964651981
0.1059220964651981
0.1059220964651981
0.1059220964651981
0.1059220964651981
0.1059220964651981
0.10322354903127634
0.09999919235005951
0.09999919235005951
0.09999919235005951
0.09999919235005951
0.09999919235005951
0.10245908489134342
0.10245908489134342
0.10525485565209272
0.10525485565209272
0.10525485565209272
0.10525485565209272
0.10525485565209272
0.10176748070275358
0.10176748070275358
0.10176748070275358
0.09902889931638806
0.09902889931638806
0.09902889931638806
0.09902889931638806
0.09902889931638806
0.0966465115939441
0.09712900814107696
0.09712900814107696
0.09712900814107696
0.09712900814107696
0.09712900814107696
0.09712900814107696
0.09712900814107696
0.09712900814107696
0.09612094299363863
0.09612094299363863
0.09801140415240257
0.09876721331422128
0.09876721331422128
0.09876721331422128
0.09862406036482167
0.09862406036482167
0.09793286813270846
0.09793286813270846
0.09793286813270846
0.09833247990334311
0.09746199579451599
0.09617537594189896
0.09617537594189896
0.09617537594189896
0.09617537594189896
0.09826553253346809
0.09826553253346809
0.09826553253346809
0.09604477125895772
0.09604477125895772
0.09597705729849348
0.09304801093686851
0.09304801093686851
0.09304801093686851
0.09411161941247566
0.09411161941247566
0.09767765323914142
0.09767765323914142
0.09648230646330028
0.09627981588426904
0.09627981588426904
0.09627981588426904
0.09712127794403627
0.09712127794403627
0.09672921767825296
0.09565321845735865
0.09970676478727886
0.09510328334650628
0.09879504087972128
0.09879504087972128
0.09879504087972128
0.09879504087972128
0.10336720518013479
0.09951193371240535
0.09951193371240535
0.09951193371240535
0.09951193371240535
0.09951193371240535
0.09951193371240535
0.09951193371240535
0.09951193371240535
0.10132808659598172
0.09876360386495833
0.09951426391307633
0.09951426391307633
0.09863091371357341
0.09953195785773492
0.09953195785773492
0.10219759051484753
0.10219759051484753
0.102326726365317
0.10389026266153996
0.10389026266153996
0.10641918591494032
0.10641918591494032
0.10641918591494032
0.10828874385201809
0.1090347312012523
0.1090347312012523
0.1090347312012523
0.10890170612654557
0.10822744404139228
0.10822744404139228
0.10822744404139228
0.10822744404139228
0.11194519669066703
0.10811107967025273
0.10620136064377368
0.10912604828769454
0.10912604828769454
0.1086279926953659
0.1084581350007993
0.1084581350007993
0.10945932708071458
0.10945932708071458
0.10945932708071458
0.11079892611029483
0.1104983622575807
0.1104983622575807
0.10822938010641792
0.10890015863391729
0.10890015863391729
0.10890015863391729
0.10568125179396863
0.10568125179396863
0.10475372144695073
0.10475372144695073
0.10475372144695073
0.10475372144695073
0.10475372144695073
0.10693138225982249
0.10693138225982249
0.10693138225982249
0.10693138225982249
0.10575020818720152
0.10575020818720152
0.10301144507651458
0.10702715155921369
0.10702715155921369
0.10702715155921369
0.10971259269936146
0.10971259269936146
0.11171160171019831
0.10722403214718151
0.11005944966032233
0.11005162795995005
0.10679196555658554
0.10512494251015725
0.10512494251015725
0.10512494251015725
0.10887683854219549
0.10617750070147093
0.10617750070147093
0.10615419344864606
0.10615419344864606
0.10446588597567254
0.10510595562725311
0.10510595562725311
0.10816557209823802
0.10816557209823802
0.107779601785019
0.107779601785019
0.10744054504557506
0.1099209033767279
0.11054634022507671
0.10744614970593001
0.10744614970593001
0.10795336334462824
0.10795336334462824
0.10795336334462824
0.10795336334462824
0.10654708156214923
0.10654708156214923
0.10654708156214923
0.1046712151915036
0.10774396825118242
0.10728357717682654
0.10728357717682654
0.10660020869583581
0.10660020869583581
0.10660020869583581
0.10660020869583581
0.10811235689920295
0.10708892676627052
0.10708892676627052
0.10708892676627052
0.10708892676627052
0.10618553614302025
0.10883417766267098
0.11413167086588474
0.11373333543647357
0.11373333543647357
0.11373333543647357
0.1105824604212861
0.11089886188277447
0.11302610366880593
0.11302610366880593
0.11079235937576942
0.10704442672127297
0.10533080703341663
0.10475864017484057
0.10529611580962339
0.10415337640090404
0.10276507461670636
0.1012128187448638
0.1012128187448638
0.10038517965752575
0.10393812970877699
0.10393812970877699
0.10147972521501594
0.10604474287008928
0.10578768469724133
0.10547299973948844
0.10547299973948844
0.10375685717159465
0.10375685717159465
0.09913785722661406
0.09913785722661406
0.09871493399098823
0.09871493399098823
0.09871493399098823
0.09654588537132737
0.09943266839483954
0.09696495513579653
0.09736958046375145
0.09736958046375145
0.09736958046375145
0.09736958046375145
0.09987516933631008
0.1037310548369536
0.1037310548369536
0.1037310548369536
0.10616681815830674
0.1049411930327901
0.1049411930327901
0.10339299140284666
0.10451363195385181
0.10678519182449249
0.10678519182449249
0.10624838266604157
0.10624838266604157
0.10594955563481727
0.10594955563481727
0.10594955563481727
0.106932449633497
0.106932449633497
0.106932449633497
0.10590646541458595
0.10590646541458595
0.10590646541458595
0.10477612800682365
0.10477612800682365
0.10477612800682365
0.10680874841176825
0.10664021946329338
0.10664021946329338
0.10664021946329338
0.10492084513606416
0.10557729705311511
0.10557729705311511
0.10380666046261999
0.10380666046261999
0.10380666046261999
0.10380666046261999
0.10638937794311695
0.10638937794311695
0.10783175741649813
0.10663268789853401
0.10663268789853401
0.10182729123140945
0.10182729123140945
0.10182729123140945
0.10182729123140945
0.1025095724080264
0.10471182464480237
0.10471182464480237
0.10471182464480237
0.10508350890054877
0.10156226657491232
0.10156226657491232
0.10666406457667296
0.10666406457667296
0.10666406457667296
0.10666406457667296
0.10853970998124578
0.10936505138202311
0.10616104862202023
0.10616104862202023
0.1059963904913119
0.10555312038162082
0.10555312038162082
0.10555312038162082
0.10555312038162082
0.10555312038162082
0.10357671453138738
0.10357671453138738
0.10357671453138738
0.10194953754318727
0.10194953754318727
0.10183001517376404
0.10183001517376404
0.10183001517376404
0.10183001517376404
0.0989278036394505
0.09952138215943268
0.09952138215943268
0.09952138215943268
0.09777313586432501
0.09777313586432501
0.10080211737413483
0.10080211737413483
0.10080211737413483
0.10036576366334773
0.10036576366334773
0.09910567186400861
0.09910567186400861
0.09807975670541354
0.09807975670541354
0.09793787607881872
0.09945846169143012
0.09945846169143012
0.09945846169143012
0.09626387137847175
0.09626387137847175
0.09626387137847175
0.09661547787293343
0.09661547787293343
0.09661547787293343
0.09661547787293343
0.09661547787293343
0.09715902253863334
0.09715902253863334
0.09715902253863334
0.09828304330732988
0.09865509205712904
0.09826124012424639
0.09826124012424639
0.09777174799047537
0.09777174799047537
0.09696456772576706
0.09696456772576706
0.0994749110250897
0.0994749110250897
0.0994749110250897
0.10040932350058702
0.10040932350058702
0.10060115194657158
0.10060115194657158
0.1024897212081119
0.1024897212081119
0.1024897212081119
0.1024897212081119
0.10222542829472614
0.10222542829472614
0.10222542829472614
0.10220841230144091
0.10220841230144091
0.10220841230144091
0.10220841230144091
0.10220841230144091
0.09979745567412326
0.09979745567412326
0.10166864884767586
0.1010860296886418
0.1010860296886418
0.09935428143450221
0.09860808069158063
0.09824662317228279
0.09683177205536644
0.09683177205536644
0.09683177205536644
0.09683177205536644
0.09637364828304301
0.09784207789111238
0.09784207789111238
0.09784207789111238
0.09534021549656947
0.09713738886367616
0.09713738886367616
0.09713738886367616
0.09713738886367616
0.09851387680690404
0.09842222962043026
0.09842222962043026
0.10265827378600986
0.10373136142824106
0.10458684996478779
0.10272245897444807
0.10046544774308006
0.10046544774308006
0.09999089640056182
0.10020186326114983
0.09917857214840065
0.09746253723832571
0.09746253723832571
0.10026635627914339
0.10026635627914339
0.10026635627914339
0.09962733963821427
0.09962733963821427
0.10016699101218117
0.10016699101218117
0.10016699101218117
0.10016699101218117
0.10016699101218117
0.10016699101218117
0.10016699101218117
0.099761621147129
0.10010655203075636
0.10010655203075636
0.10010655203075636
0.09912651455474496
0.10255464798583298
0.1025023143693593
0.10412247035610016
0.10350818396735746
0.10350818396735746
0.1042516641912121
0.10395352542927537
0.10280062026726768
0.10280062026726768
0.10307956657254508
0.1015948632311297
0.1015948632311297
0.10150039754133379
0.10247719019072565
0.10247719019072565
0.10247719019072565
0.10393214028506909
0.10576651757895957
0.10295830588256988
0.10183078009488666
0.10183078009488666
0.10509201305670052
0.10762721363315111
0.1071924236513392
0.10625891951344975
0.1057149137864757
0.10427785918581237
0.10427785918581237
0.10427785918581237
0.10427785918581237
0.10439360945716071
0.10439360945716071
0.10439360945716071
0.1060438487317715
0.1060438487317715
0.10656371135506007
0.10656371135506007
0.10488919540600014
0.10422468894213541
0.10422468894213541
0.10422468894213541
0.10373662265341668
0.10373662265341668
0.10373662265341668
0.10373662265341668
0.10373662265341668
0.1022339455300551
0.1022339455300551
0.10149957686396142
0.10386039362682462
0.10386039362682462
0.10525495635438177
0.1051266332705755
0.1001556453984977
0.1001556453984977
0.1001556453984977
0.1001556453984977
0.10381320772372175
0.10381320772372175
0.10381320772372175
0.09928766146528617
0.09928766146528617
0.10130379577969392
0.10130379577969392
0.10130379577969392
0.10130379577969392
0.10130379577969392
0.10130379577969392
0.10113315167403902
0.10113315167403902
0.10113315167403902
0.10154018023031754
0.10659170276378217
0.10659170276378217
0.10659170276378217
0.10659170276378217
0.10659170276378217
0.10659170276378217
0.10659170276378217
0.10659170276378217
0.10659170276378217
0.10724780204969554
0.10756781251094062
0.10786263072523887
0.10934228531256372
0.11029853234173548
0.11029853234173548
0.11029853234173548
0.10707432942343344
0.10490153499427494
0.10647062387125074
0.10717930719059025
0.10717930719059025
0.10717930719059025
0.10717930719059025
0.10547645284530101
0.10661364136100489
0.10661364136100489
0.10580518038171813
0.10580518038171813
0.10580518038171813
0.10473136692918364
0.10473136692918364
0.10473136692918364
0.10473136692918364
0.10473136692918364
0.10473136692918364
0.1066033038007535
0.10878840898551839
0.10701026445704027
0.10366558013756522
0.10525750779533473
0.10525750779533473
0.10525750779533473
0.10525750779533473
0.10525750779533473
0.10514090320066072
0.10494478552941804
0.10494478552941804
0.10521643878767421
0.10521643878767421
0.10521643878767421
0.10521643878767421
0.10476684037610341
0.10476684037610341
0.10482676447843277
0.10470322578340484
0.10470322578340484
0.10453880626560487
0.10453880626560487
0.10453880626560487
0.10453880626560487
0.10494176595214147
0.1035944971416011
0.10604559985792578
0.10685540671570783
0.10668533946894922
0.10571086701372069
0.10376360772735155
0.10384053962575603
0.10234416964703998
0.10234416964703998
0.10283689130726083
0.10065475237124027
0.10368121612376073
0.10361997010636081
0.10361997010636081
0.10532290823580724
0.10351620873444209
0.10351620873444209
0.10351620873444209
0.10351620873444209
0.10548028391705204
0.10737862873723412
0.10737862873723412
0.10312461729332761
0.10312461729332761
0.1030489541519067
0.10126727695866732
0.10480684864397981
0.10607656684205774
0.10607656684205774
0.10607656684205774
0.10607656684205774
0.10573488994829668
0.10573488994829668
0.10552225234666616
0.10638182637123839
0.10616334335812419
0.10616334335812419
0.10901470889715628
0.10901470889715628
0.10898215765662946
0.10788149356617016
0.10788149356617016
0.10819677333582418
0.10813799897880354
0.10813799897880354
0.1066106828567935
0.1066106828567935
0.1066106828567935
0.1066106828567935
0.10926532416922578
0.1095592741040619
0.1095592741040619
0.1095592741040619
0.10967407299796286
0.10967407299796286
0.10967407299796286
0.10558038976258331
0.10581865951868379
0.11018698320298355
0.11018698320298355
0.11018698320298355
0.11043737036119416
0.11043737036119416
0.11043737036119416
0.11003851114954767
0.10792798853212845
0.10792798853212845
0.10829499366674582
0.1111856086101478
0.1111856086101478
0.1120272932620316
0.11114000281023004
0.11114000281023004
0.11114000281023004
0.11194253836620571
0.11370514454722534
0.11370514454722534
0.11370514454722534
0.11370043553422053
0.11111537935874967
0.11159680131275497
0.11380265141635218
0.11548506457944344
0.11622881614792802
0.11314059406997887
0.11314059406997887
0.1141361380441896
0.11449557658666484
0.11650691042933502
0.11650691042933502
0.11650691042933502
0.11202925031112694
0.11202925031112694
0.11202925031112694
0.11455329369514124
0.11406264645098588
0.11406264645098588
0.11543642667344471
0.11604029724849699
0.11604029724849699
0.11598927836042792
0.11598927836042792
0.11598927836042792
0.11598927836042792
0.11455646684381653
0.11444718093343917
0.11444718093343917
0.11444718093343917
0.11444718093343917
0.10826805726583082
0.11077564157025893
0.11005482422444031
0.11005482422444031
0.11037528077269064
0.11264767238111613
0.11280196087727513
0.11280196087727513
0.11352813603331698
0.11385344970951759
0.11385344970951759
0.11385344970951759
0.11453941768821713
0.11453941768821713
0.1148701191840485
0.11309740989197599
0.11189553136429535
0.1117305126885531
0.11238125329521928
0.10751493441105184
0.10751493441105184
0.10751493441105184
0.10566725189769455
0.10566725189769455
0.10566725189769455
0.10566725189769455
0.10566725189769455
0.10566725189769455
0.10692913137936078
0.10692913137936078
0.11179913631998764
0.10987458075548313
0.1087613655667454
0.10770157804595978
0.10770157804595978
0.10770157804595978
0.10729637299633318
0.10716996865857736
0.10716996865857736
0.1043227657633846
0.1043227657633846
0.106959510338447
0.106959510338447
0.106959510338447
0.106959510338447
0.10751561693683645
0.10751561693683645
0.11096367502021288
0.11096367502021288
0.11076688453677808
0.11076688453677808
0.11076688453677808
0.11076688453677808
0.11019166926430975
0.10981109327978057
0.10981109327978057
0.10981109327978057
0.10857401385678664
0.10816203128274864
0.10816203128274864
0.10682001981347217
0.10601859041185845
0.10601859041185845
0.10601859041185845
0.1092954505989805
0.11148416830224032
0.11150582898665412
0.11150582898665412
0.11075595283954165
0.10906158206597902
0.10906158206597902
0.11013086010039894
0.11013086010039894
0.11317084178035676
0.11317084178035676
0.11317084178035676
0.11317084178035676
0.11317084178035676
0.11317084178035676
0.1134453815963883
0.1134453815963883
0.1134453815963883
0.11105844462404652
0.11105844462404652
0.11178526891985623
0.1085504150684833
0.1085504150684833
0.10663811488657286
0.10842251780639252
0.11127274989943431
0.11480093388155266
0.11480093388155266
0.11040985254310055
0.11004590611123892
0.1074904757568319
0.1074904757568319
0.1074904757568319
0.10691457396158267
0.10478257645752105
0.104936907017235
0.104936907017235
0.104936907017235
0.104936907017235
0.104936907017235
0.10569715103328269
0.10569715103328269
0.10569715103328269
0.10736722729497487
0.10736722729497487
0.10864768441638438
0.10864768441638438
0.10739034924884647
0.10766700205761044
0.10766700205761044
0.10639816396706454
0.10639816396706454
0.10783259014922722
0.10783259014922722
0.10488642084585646
0.1035385900793518
0.1035385900793518
0.10264322104831257
0.10264322104831257
0.1067354687854761
0.10521492176842107
0.1052498499450913
0.1061939973137293
0.1061939973137293
0.10299387227614475
0.10299387227614475
0.10373956375547
0.10373956375547
0.1025640275038941
0.1025640275038941
0.1025640275038941
0.10598948932761361
0.10541460577359739
0.10375404366313473
0.10634428235483004
0.10432633396839708
0.10432633396839708
0.10432633396839708
0.10442912218337111
0.10442912218337111
0.10442912218337111
0.10442912218337111
0.10442912218337111
0.10114240026695366
0.10114240026695366
0.10406714848900579
0.10406714848900579
0.10286944027453353
0.10286944027453353
0.10429408543186526
0.10429408543186526
0.10429408543186526
0.10533819347424299
0.10533819347424299
0.10658588439543781
0.10658588439543781
0.10658588439543781
0.10861915176408599
0.10861915176408599
0.10743012574400564
0.11083179372805292
0.1116406939566571
0.10816972473514948
0.10770772039884434
0.10878090275618607
0.10990232483171367
0.10990232483171367
0.10990232483171367
0.11385564155929459
0.11385564155929459
0.11254855272327824
0.1098191781548403
0.10800422600664503
0.1082836951952859
0.1082836951952859
0.10578559939922992
0.10578559939922992
0.10578559939922992
0.10578559939922992
0.10439690417896157
0.10439690417896157
0.10439690417896157
0.10531529959618421
0.10685901951209464
0.10685901951209464
0.10685901951209464
0.10373629846662635
0.10595855106070523
0.10595855106070523
0.10442047756685219
0.10959344524596899
0.10959344524596899
0.10959344524596899
0.10959344524596899
0.10959344524596899
0.11048556638575584
0.11048556638575584
0.11048556638575584
0.11048556638575584
0.11048556638575584
0.11048556638575584
0.1106260366887834
0.11183487311219059
0.11183487311219059
0.11040666975081247
0.11040666975081247
0.10908404777576348
0.10908404777576348
0.10908404777576348
0.11252662050291938
0.11110895163425735
0.11110895163425735
0.11110895163425735
0.11029800185371653
0.10883016562274804
0.10883016562274804
0.10883016562274804
0.10573946076069546
0.10573946076069546
0.10472123336119316
0.10834501338512725
0.10909076915544327
0.10909076915544327
0.10909076915544327
0.10909076915544327
0.10909076915544327
0.10909076915544327
0.10823194234136878
0.10619051801709074
0.10619051801709074
0.10488100721143627
0.10592159446036915
0.10853334023161669
0.10853334023161669
0.10665650091167711
0.10889160514185202
0.10378535330263552
0.10303411702606116
0.10274806466500203
0.10527874969239034
0.10527874969239034
0.10527874969239034
0.10777439375443919
0.10777439375443919
0.10676279156532983
0.10676279156532983
0.10676279156532983
0.10676279156532983
0.1065021392515678
0.10724202898043421
0.1096457078087068
0.10869798395103644
0.10869798395103644
0.107953268286762
0.107953268286762
0.10604095834110089
0.10604095834110089
0.10744751295409802
0.11057966436150685
0.11057966436150685
0.11057966436150685
0.1097118263183643
0.11562882557543115
0.11588234810864564
0.11647617264596828
0.11744210768203571
0.11258272578950364
0.11477997823956439
0.11477997823956439
0.11477997823956439
0.11477997823956439
0.1122420230675634
0.1122420230675634
0.11168683263498204
0.1089055244279294
0.1089055244279294
0.1089055244279294
0.1089055244279294
0.10962568201950072
0.10962568201950072
0.10962568201950072
0.11071609936572052
0.10996903920931399
0.10996903920931399
0.10947640766794291
0.112170911149549
0.112170911149549
0.11080246234197214
0.11080246234197214
0.11080246234197214
0.10895510587636742
0.11125641357298403
0.11125641357298403
0.10957234756504479
0.10957234756504479
0.1077477253074538
0.1054187539474669
0.10981527884459558
0.10991227270303337
0.10991227270303337
0.10991227270303337
0.10916665366781876
0.11030320967398805
0.11278783684320058
0.11278783684320058
0.11278341393084922
0.10842530863748844
0.10759775101036341
0.10616785902769668
0.10600520353750494
0.10600520353750494
0.10600520353750494
0.10600520353750494
0.10600520353750494
0.10627817000155632
0.10762068264220402
0.10591562895647225
0.10591562895647225
0.10887370786570089
0.10887370786570089
0.10887370786570089
0.11107546860488816
0.11061157393932024
0.11061157393932024
0.11061157393932024
0.11110651295995987
0.11110651295995987
0.11222425013627074
0.11106598663342657
0.11106598663342657
0.11013371126460196
0.10961462689175376
0.10961462689175376
0.10961462689175376
0.1104514181691376
0.11031311067153944
0.11031311067153944
0.11031311067153944
0.11031311067153944
0.11060682929955518
0.11118037617672889
0.11118037617672889
0.10630420071166341
0.10630420071166341
0.10566088881326673
0.10473338652766813
0.10371713971994052
0.10355451558074845
0.10704960030341304
0.10704960030341304
0.103911872885558
0.103911872885558
0.103911872885558
0.103911872885558
0.10481971466013548
0.10481971466013548
0.10446377816717232
0.1021019644468591
0.1021019644468591
0.1021019644468591
0.1021019644468591
0.1021019644468591
0.1021019644468591
0.1021019644468591
0.099364263677457
0.09708412732183369
0.09708412732183369
0.09708412732183369
0.0968634557500477
0.0968634557500477
0.09588916907815691
0.09588916907815691
0.09588916907815691
0.09588916907815691
0.09872441235430583
0.09872441235430583
0.09989565349397873
0.10059469879528317
0.10139856207609714
0.10108960541099321
0.10108960541099321
0.10108960541099321
0.10108960541099321
0.10108960541099321
0.10108960541099321
0.10140392115620216
0.10140392115620216
0.10140392115620216
0.10140392115620216
0.1016891615564342
0.10407876362277946
0.10407876362277946
0.10407876362277946
0.10407876362277946
0.10653222507653451
0.10392886671373246
0.10392886671373246
0.10392886671373246
0.1040974489518623
0.10606045407710979
0.10606045407710979
0.10606045407710979
0.10829680556437338
0.10829680556437338
0.10900839980420607
0.10642550742741426
0.10358525468345654
0.10358525468345654
0.10020988758194756
0.10048264663402647
0.10048264663402647
0.10048264663402647
0.10048264663402647
0.10154261291126955
0.09934528493237801
0.09960108401965263
0.09713920106430741
0.09841849709812216
0.0998564628468663
0.0998564628468663
0.0998564628468663
0.09975867937069097
0.10038157154417472
0.10038157154417472
0.10128101140164839
0.10128101140164839
0.10295746371945315
0.09891815473993174
0.09891815473993174
0.09714121987723784
0.10049432229235374
0.10049432229235374
0.0987212937630337
0.0987212937630337
0.10285965626509978
0.10225611243103289
0.10353019167645362
0.10353019167645362
0.10353019167645362
0.10353019167645362
0.10353019167645362
0.10054591826367934
0.10054591826367934
0.1015939403369343
0.1015939403369343
0.1015939403369343
0.09530110886844802
0.09718394004507637
0.10038070307616034
0.09960801030924388
0.09960801030924388
0.09960801030924388
0.10062715134711504
0.09666205441711048
0.09536230018217395
0.09536230018217395
0.09536230018217395
0.09413202204774349
0.09413202204774349
0.09413202204774349
0.09432711481864661
0.09846466839273085
0.10093454321819748
0.10093454321819748
0.10093454321819748
0.10093454321819748
0.10200555823339888
0.10380547222297817
0.10495389284464927
0.10495389284464927
0.10461580187412292
0.10461580187412292
0.10461580187412292
0.10588110667773938
0.10588110667773938
0.10502765563595617
0.10502765563595617
0.10418445089667953
0.10418445089667953
0.10418445089667953
0.10694397602223742
0.1040465032493526
0.1040465032493526
0.1040465032493526
0.1040465032493526
0.10247629462746381
0.10354558871268724
0.10361148387448665
0.10384568765490809
0.10434267388501056
0.11106462260325768
0.11155297675904534
0.1079934596271675
0.1079934596271675
0.1079934596271675
0.10996581469389277
0.11120382479455078
0.11120382479455078
0.11096101740409178
0.11096101740409178
0.11096101740409178
0.11096101740409178
0.11096101740409178
0.11096101740409178
0.11096101740409178
0.11096101740409178
0.11096101740409178
0.1110819875192368
0.1110819875192368
0.1110819875192368
0.11442463483592494
0.11442463483592494
0.11180475237409923
0.11304093362525242
0.11238909910865542
0.11238909910865542
0.1106190634191601
0.1106190634191601
0.10939453476968534
0.10939453476968534
0.1095268096280391
0.1102206728697546
0.1102206728697546
0.11135492887041441
0.11357473353938541
0.11357473353938541
0.11357473353938541
0.11199085268544383
0.11199085268544383
0.11199085268544383
0.10628456638674792
0.10806981147895967
0.10806981147895967
0.10806981147895967
0.10806981147895967
0.10806981147895967
0.10776415027366468
0.10995770042346813
0.10980525353589692
0.10734563154313169
0.10710429606635187
0.10710429606635187
0.10710429606635187
0.10710429606635187
0.10710429606635187
0.10622775907156182
0.10622775907156182
0.10559632678902967
0.10852216773980779
0.10852216773980779
0.10903366175428286
0.10903366175428286
0.10745673135503553
0.10914775067501715
0.10778383584820274
0.10778383584820274
0.10778383584820274
0.10778383584820274
0.11073401318477144
0.11073401318477144
0.11049824273795524
0.11306438672545897
0.11268621400884002
0.11268621400884002
0.11268621400884002
0.110108006701418
0.110108006701418
0.10972186538841078
0.10972186538841078
0.10972186538841078
0.10668415674904194
0.10727738569433645
0.10651358439036632
0.10487159585835602
0.10487159585835602
0.10639963773596647
0.1036126639128539
0.10586822136023477
0.10586822136023477
0.10586822136023477
0.10612775490197818
0.10612775490197818
0.10499724706514968
0.10499724706514968
0.10499724706514968
0.10499724706514968
0.10499724706514968
0.10701087877416698
0.10701087877416698
0.10687941093340897
0.10458681894553565
0.1038476796664201
0.1038476796664201
0.1038476796664201
0.1038476796664201
0.10373374048853175
0.10373374048853175
0.10373374048853175
0.10373374048853175
0.10373374048853175
0.10258537687537782
0.1027231143150548
0.1027231143150548
0.1027231143150548
0.10682101476214592
0.10682101476214592
0.10545318186429056
0.10720652258509163
0.1070787035970044
0.11083818343976949
0.11083818343976949
0.11083818343976949
0.10970503253555952
0.10692376501501956
0.10430193835444877
0.10657951500001345
0.10657951500001345
0.10657951500001345
0.10657951500001345
0.10497790881510834
0.10497790881510834
0.10213734259154983
0.1045950465584218
0.10285842964538403
0.10285842964538403
0.10470661292183749
0.10251821460336176
0.10251821460336176
0.10251821460336176
0.10315074557019087
0.10233613352768098
0.1044789359196951
0.1044789359196951
0.1044789359196951
0.10431354597569464
0.10431354597569464
0.10455069669546876
0.10455069669546876
0.10091412283766635
0.10091412283766635
0.1006567411855776
0.10353200190826176
0.10391275720724244
0.10391275720724244
0.10184625216026628
0.10155649324175223
0.10175706452626682
0.10175706452626682
0.10225881439545587
0.10225881439545587
0.10225881439545587
0.10122081073360568
0.10199139881842914
0.10264310564081794
0.10264310564081794
0.10264310564081794
0.10264310564081794
0.10264310564081794
0.10264310564081794
0.10264310564081794
0.10264310564081794
0.1027374108224788
0.1027374108224788
0.10490159433419931
0.10490159433419931
0.10585845792938688
0.10585845792938688
0.10585845792938688
0.10585845792938688
0.10312702842263055
0.10254561319157462
0.10254561319157462
0.10254561319157462
0.10254561319157462
0.10254561319157462
0.10254561319157462
0.10254561319157462
0.10426162145683175
0.10426162145683175
0.10292153823108038
0.10873200764595317
0.10873200764595317
0.10873200764595317
0.10598427799342895
0.10598427799342895
0.10524146658586515
0.10524146658586515
0.10524146658586515
0.10524146658586515
0.10524146658586515
0.10524146658586515
0.10524146658586515
0.10524146658586515
0.10524146658586515
0.10524146658586515
0.10528229566029441
0.1013840254438696
0.09954579550651653
0.09954579550651653
0.09954579550651653
0.09930863861844755
0.10154905209812191
0.10154905209812191
0.10309615436263626
0.10309615436263626
0.10581928493397452
0.10581928493397452
0.1000571556397707
0.1000571556397707
0.1000571556397707
0.09698041958710645
0.09814290815938928
0.09814290815938928
0.09814290815938928
0.09814290815938928
0.09752021114321484
0.09934909856972236
0.09934909856972236
0.09934909856972236
0.09543887696827717
0.09543887696827717
0.09571380754379345
0.09571380754379345
0.09571380754379345
0.09682999697979743
0.09832603870957947
0.0979318743566323
0.0979318743566323
0.0979318743566323
0.10061057168760724
0.10061057168760724
0.09905158093289444
0.09905158093289444
0.1024725552751098
0.10111767552713988
0.10072557014398949
0.10072557014398949
0.09938105490451375
0.09938105490451375
0.09938105490451375
0.09938105490451375
0.09938105490451375
0.10492186778137422
0.10492186778137422
0.09920681764113239
0.09916484083931719
0.10052418210613971
0.10058043921071187
0.1006752566247696
0.1006752566247696
0.1006752566247696
0.10299131753227511
0.10299131753227511
0.10299131753227511
0.10180886295153564
0.10069117658745343
0.10069117658745343
0.10069117658745343
0.10069117658745343
0.09823519070513047
0.09923325078138773
0.09923325078138773
0.10269844804439317
0.10399080694153331
0.09923662325908165
0.09923662325908165
0.09923662325908165
0.09923662325908165
0.10247959044743828
0.09865424279708293
0.10046496290386549
0.10046496290386549
0.10046496290386549
0.10046496290386549
0.10087155148411574
0.10087155148411574
0.10087155148411574
0.10087155148411574
0.10275842112790055
0.10327719873216906
0.10327719873216906
0.10327719873216906
0.10327719873216906
0.10327719873216906
0.10327719873216906
0.10327719873216906
0.10327719873216906
0.10685396818523737
0.10685396818523737
0.1050857392858041
0.1050857392858041
0.1050857392858041
0.10607121110730229
0.10572259541664421
0.10504659523354169
0.10516705768627652
0.10671097333295872
0.10671097333295872
0.10671097333295872
0.10671097333295872
0.10671097333295872
0.10228349972835508
0.10228349972835508
0.10228349972835508
0.10228349972835508
0.10228349972835508
0.10228349972835508
0.10191366641831034
0.10191366641831034
0.1059927507145692
0.1059927507145692
0.1059927507145692
0.1035032183079112
0.1035032183079112
0.1035032183079112
0.10342187023336238
0.10342187023336238
0.10166671716930975
0.10390278365533362
0.10390278365533362
0.09855128038019446
0.09713718476426106
0.09713718476426106
0.09871583201303247
0.09945999299599191
0.09945999299599191
0.09945999299599191
0.0974539959985285
0.09964464032078615
0.09822715878196975
0.09642050642642908
0.09642050642642908
0.09642050642642908
0.09642050642642908
0.1023755135861737
0.1023755135861737
0.1023755135861737
0.10113791853629407
0.10113791853629407
0.10338468767754715
0.10463017539823727
0.10463017539823727
0.10389808957397481
0.09948212563114994
0.10504688838060129
0.10504688838060129
0.10504688838060129
0.10504688838060129
0.10504688838060129
0.10883861346696361
0.10696868212100341
0.10696868212100341
0.1083669921950914
0.1083669921950914
0.10878860925257244
0.10568311149887791
0.10568311149887791
0.10568311149887791
0.10568311149887791
0.10545997876171584
0.10545997876171584
0.10545997876171584
0.10534204937358672
0.1072189215258036
0.1072189215258036
0.10562646112753277
0.10603775790627243
0.10603775790627243
0.10603775790627243
0.10725742563463608
0.106518674437985
0.106518674437985
0.106518674437985
0.106518674437985
0.106518674437985
0.10578974865482688
0.10578974865482688
0.10429724913114284
0.10288403063924692
0.1035294711847003
0.1035294711847003
0.1035294711847003
0.10228901269679919
0.10149856222655718
0.1034049397738332
0.10374357581981576
0.10466307831587247
0.10946935980804458
0.10946935980804458
0.10946935980804458
0.10946935980804458
0.10946935980804458
0.10946935980804458
0.10977993922859895
0.10977993922859895
0.11174639565273291
0.11146761438698269
0.11146761438698269
0.11118101158190803
0.11118101158190803
0.11087344778035023
0.10600366436890421
0.10600366436890421
0.10803473065452743
0.11016334887800858
0.11016334887800858
0.11016334887800858
0.11016334887800858
0.10806196246540486
0.10526626789712278
0.10829042705978585
0.10829042705978585
0.10829042705978585
0.10829042705978585
0.10829042705978585
0.1088064520630354
0.1088064520630354
0.1088064520630354
0.1088064520630354
0.1088064520630354
0.1088064520630354
0.1088064520630354
0.10600319915769674
0.10756828281075921
0.10756828281075921
0.10756828281075921
0.11008452560361368
0.11008452560361368
0.11008452560361368
0.10885093929322964
0.1104007516206471
0.1104007516206471
0.1104007516206471
0.1104007516206471
0.11421719882244132
0.11421719882244132
0.11769243811377865
0.11511869402509745
0.11422845277656432
0.11442400921967279
0.11442400921967279
0.11442400921967279
0.1131196490809104
0.10975853533194403
0.10975853533194403
0.10962293186960523
0.1079473451178953
0.1079473451178953
0.1079473451178953
0.11022862878868268
0.1084619194876047
0.1084619194876047
0.11100053602655556
0.11217021185801616
0.11217021185801616
0.11323233895228227
0.11178403122928485
0.11178403122928485
0.11178403122928485
0.11152333034106181
0.11284573455286515
0.11024120462780683
0.1096955261680105
0.1095521352880086
0.1095521352880086
0.1095521352880086
0.1095521352880086
0.1095521352880086
0.1095521352880086
0.1095521352880086
0.10619647944306294
0.10714873307850264
0.10515161160627011
0.10515161160627011
0.10861635749793956
0.10814899787222577
0.10814899787222577
0.10865795218755839
0.10752993804748867
0.10752993804748867
0.10752993804748867
0.10752993804748867
0.1036551713075317
0.10685142706511233
0.10666857404589307
0.10974477529866125
0.11212275688857667
0.11212275688857667
0.11212275688857667
0.11028310911492475
0.11028310911492475
0.11028310911492475
0.11028310911492475
0.11028310911492475
0.11028310911492475
0.10839407557811187
0.10406376545128049
0.10595115801475524
0.10595115801475524
0.10257167327369679
0.10492593023745445
0.10559307658185546
0.10570827952682187
0.10423935645191192
0.10423935645191192
0.1054314871267409
0.1054314871267409
0.1054314871267409
0.1054314871267409
0.1054314871267409
0.1037118788242277
0.1037118788242277
0.10615636134832443
0.10699038275119106
0.10819910790562429
0.1083609011989155
0.1083609011989155
0.10994711403184698
0.10994711403184698
0.10994711403184698
0.10702381281179683
0.10702381281179683
0.10702381281179683
0.10625990538620761
0.10625990538620761
0.10894394593278388
0.10894394593278388
0.10564820046800188
0.10400473007859067
0.10400473007859067
0.10400473007859067
0.10416472764210065
0.10570708992722774
0.10617753152711976
0.1024842998413194
0.1024842998413194
0.10408887009757344
0.10408887009757344
0.10573787885348215
0.10555988671608237
0.10555988671608237
0.10494200783125138
0.10605979681025839
0.10605979681025839
0.10605979681025839
0.10605979681025839
0.10784388812081001
0.10689734718651542
0.10689734718651542
0.10669928313237964
0.10669928313237964
0.10669928313237964
0.10669928313237964
0.10434167850732026
0.10499824018314231
0.10499824018314231
0.10499824018314231
0.10499824018314231
0.10499824018314231
0.10499824018314231
0.10499824018314231
0.10593267329283129
0.105686065690871
0.105686065690871
0.10216604258406227
0.10120892671901766
0.10215204657185781
0.10215204657185781
0.10129322685756269
0.10461319946047898
0.10461319946047898
0.10461319946047898
0.10461319946047898
0.10263361312437826
0.10263361312437826
0.10035768675962399
0.10035768675962399
0.10035768675962399
0.10035768675962399
0.10035768675962399
0.09886053221047772
0.09886053221047772
0.09886053221047772
0.10169910531348947
0.10169910531348947
0.1028701099601188
0.1028701099601188
0.10337491039104728
0.10337491039104728
0.10337491039104728
0.10243034642843941
0.10437659949693105
0.10412976721229404
0.10412976721229404
0.1013481689748097
0.10298727554822956
0.10197288165394851
0.10197288165394851
0.10197288165394851
0.10141592678203151
0.10036957272994214
0.10036957272994214
0.10036957272994214
0.10226103469516569
0.1024916391515278
0.10367809409307158
0.10427178540590316
0.10427178540590316
0.10427178540590316
0.10237251772269657
0.10483861219859009
0.10552173430677125
0.10552173430677125
0.10627695544671063
0.10627695544671063
0.10627695544671063
0.10436559601844447
0.10436559601844447
0.10436559601844447
0.10336808929943059
0.10336808929943059
0.10377419308263981
0.10401107441261782
0.10401107441261782
0.10401107441261782
0.1039069918012323
0.10409915796903912
0.10397096392364263
0.10397096392364263
0.10308923767250175
0.10308923767250175
0.10232552544593108
0.09973696540429815
0.09973696540429815
0.10055657719703953
0.10197957455861503
0.10197957455861503
0.10197957455861503
0.10197957455861503
0.10197957455861503
0.09988597947129926
0.09988597947129926
0.09988597947129926
0.09988597947129926
0.10135821641438628
0.10135821641438628
0.10135821641438628
0.10135821641438628
0.10265859962791525
0.10265859962791525
0.10495771780808652
0.10495771780808652
0.10495771780808652
0.10495771780808652
0.10495771780808652
0.1021965426040592
0.10273760768177903
0.10273760768177903
0.10257034117821655
0.10257034117821655
0.10257034117821655
0.103655683104834
0.103655683104834
0.103655683104834
0.10480260740483824
0.10480260740483824
0.10417327686356705
0.10417327686356705
0.10417327686356705
0.10765987461389433
0.10765987461389433
0.10624291033222093
0.10579751965777695
0.10528477824902474
0.10528477824902474
0.10528477824902474
0.10581532680857748
0.10581532680857748
0.1055032250758836
0.1055032250758836
0.1055032250758836
0.1055032250758836
0.10694746671580656
0.10694746671580656
0.10606043144890337
0.10606043144890337
0.10605189501036202
0.10283093187773117
0.1029229618000514
0.1028014608016471
0.1028014608016471
0.1028014608016471
0.1028014608016471
0.1028014608016471
0.1028014608016471
0.1028014608016471
0.1028014608016471
0.10196212596772875
0.10020919364764615
0.10199064699145863
0.10199064699145863
0.10199064699145863
0.10228120834057694
0.10427576333519396
0.10427576333519396
0.10054402414495518
0.10054402414495518
0.10234645753953564
0.10472184549960364
0.10472184549960364
0.10472184549960364
0.10430518321793752
0.10306011525417853
0.10306011525417853
0.10544230890706684
0.10570335866635015
0.10570891039116245
0.10379506033616683
0.10379506033616683
0.10584875747038935
0.10626803126791687
0.10767346657683165
0.10767346657683165
0.1055941958619658
0.1055941958619658
0.1055941958619658
0.1055941958619658
0.1055941958619658
0.10341281187221922
0.10341281187221922
0.10341281187221922
0.10341281187221922
0.10341281187221922
0.10356800743979526
0.10327620176558089
0.10423307205587677
0.10226566688989597
0.10226566688989597
0.10226566688989597
0.10140079993369158
0.1051748169778694
0.10482558653404057
0.10517617501106334
0.09971084763657506
0.09971084763657506
0.09971084763657506
0.09971084763657506
0.10221776235469869
0.10241591183405886
0.10241591183405886
0.10253869470277614
0.10336331544196614
0.10336331544196614
0.10336331544196614
0.10336331544196614
0.10336331544196614
0.10435504070806677
0.10435504070806677
0.10435504070806677
0.10435504070806677
0.10435504070806677
0.10105248906548032
0.10105248906548032
0.10105248906548032
0.1018487432246549
0.10004295427075749
0.10004295427075749
0.10004295427075749
0.10004295427075749
0.10004295427075749
0.10004295427075749
0.10004295427075749
0.10004295427075749
0.10436523803352615
0.105832941875583
0.10933378663050235
0.10933378663050235
0.10805863859705742
0.10805863859705742
0.10805863859705742
0.10805863859705742
0.10805863859705742
0.10805863859705742
0.10918622113268014
0.11001892731114599
0.11001892731114599
0.11001892731114599
0.11001892731114599
0.11001892731114599
0.11001892731114599
0.10840723031589278
0.10840723031589278
0.10902903121972392
0.11023300664600173
0.11054856237348813
0.11054856237348813
0.11152705881027336
0.11151317959146637
0.10953483177239552
0.10616974300440714
0.10658021558983949
0.10965547881163888
0.11094709875375568
0.10963425235509933
0.11098738550253719
0.11098738550253719
0.11184169659017083
0.10929235225624714
0.11143932467952862
0.1079277540253956
0.10544315034991876
0.10544315034991876
0.10544315034991876
0.10705609786662064
0.10705609786662064
0.10762858448015147
0.10762858448015147
0.10651805160345781
0.10651805160345781
0.10838948876074223
0.10585233223062239
0.10585233223062239
0.10661181741956034
0.10641800527358744
0.10641800527358744
0.10641800527358744
0.10641800527358744
0.1061689165400683
0.1061689165400683
0.10208555636339206
0.10123525939932194
0.09923875169550045
0.10302834242773387
0.10284545638572737
0.10284545638572737
0.09987316299370548
0.09987316299370548
0.10202155301418292
0.10202155301418292
0.10202155301418292
0.10503043294425501
0.10656183906654981
0.1035672616237706
0.1035672616237706
0.1035672616237706
0.10388348015268148
0.10388348015268148
0.10388348015268148
0.10422326641335579
0.10292048389329815
0.10277913438715934
0.10277913438715934
0.10277913438715934
0.10617457519700008
0.10617457519700008
0.10617457519700008
0.1022664932539517
0.10123195996333081
0.10123195996333081
0.10419334769445368
0.105562951803912
0.105562951803912
0.10478003220713339
0.10478003220713339
0.10478003220713339
0.10478003220713339
0.10366402629527952
0.10192985504629071
0.10216395010888588
0.10216395010888588
0.10290065128178047
0.10290065128178047
0.10290065128178047
0.10290065128178047
0.10304191418351999
0.10304191418351999
0.10320007584542797
0.10320007584542797
0.10048046087657453
0.10048046087657453
0.09995245908639726
0.09860960672100898
0.09860960672100898
0.09860960672100898
0.09860960672100898
0.09860960672100898
0.09860960672100898
0.09860960672100898
0.09837066999641003
0.09837066999641003
0.09837066999641003
0.09941398513914412
0.09941398513914412
0.09941398513914412
0.09941398513914412
0.09941398513914412
0.09941398513914412
0.09941398513914412
0.10071412743136489
0.10071412743136489
0.10204699309505687
0.10204699309505687
0.09988737297496324
0.09820284000404847
0.09820284000404847
0.10280825694468085
0.10280825694468085
0.10280825694468085
0.10280825694468085
0.10280825694468085
0.10123258038015986
0.1043874202230969
0.10147095565568938
0.10167747707868409
0.10070370613405288
0.10070370613405288
0.10087844746999133
0.10087844746999133
0.10087844746999133
0.10087844746999133
0.09964669318837871
0.09964669318837871
0.10283064004489903
0.10283064004489903
0.10072185717444093
0.10072185717444093
0.10072185717444093
0.10186730215166817
0.10113890192828788
0.10113890192828788
0.09982385558240661
0.1006089289618696
0.1006089289618696
0.09865205288765609
0.0984702010126274
0.10033217365215157
0.0975860193746618
0.0975860193746618
0.09969161482572202
0.09959498982316499
0.09959498982316499
0.09959498982316499
0.10085031959036135
0.10085031959036135
0.1016534923898051
0.10088767379320095
0.10088767379320095
0.10088767379320095
0.10088767379320095
0.10088767379320095
0.10088767379320095
0.10088767379320095
0.10268849970455385
0.10115710266979107
0.10115710266979107
0.10336257028012971
0.10789867362479165
0.10648430357607137
0.10648430357607137
0.10151938788794827
0.10294499502254843
0.10323416384401052
0.10384243830871136
0.10613105690469704
0.10465656473859793
0.10276819270094127
0.10218640468401484
0.10552006500351528
0.10834864814334505
0.10834864814334505
0.10876838369279711
0.10550898055061
0.10121224079273813
0.10212052283119613
0.09933687422331958
0.09933687422331958
0.09933687422331958
0.09933687422331958
0.09901052458862626
0.10228081414845634
0.10122155155277526
0.1012782198333973
0.1012782198333973
0.1012782198333973
0.09788380265494091
0.10220342548953586
0.09863002365835828
0.09961065636020908
0.09695601785251082
0.09768850459257838
0.09768850459257838
0.09768850459257838
0.09768850459257838
0.09768850459257838
0.09788422960103257
0.09740540849752198
0.09740540849752198
0.09740540849752198
0.09740540849752198
0.0998293154819111
0.10106128040907503
0.10106128040907503
0.10106128040907503
0.10106128040907503
0.10106128040907503
0.10106128040907503
0.10106128040907503
0.10284151102854312
0.10284151102854312
0.10084759441953368
0.10084759441953368
0.10235593598505767
0.10235593598505767
0.09959882150787254
0.10021871230036093
0.10205751908013999
0.10205751908013999
0.0984912335898234
0.09589053617132348
0.09589053617132348
0.09589053617132348
0.09589053617132348
0.09589053617132348
0.09708379796641727
0.09659561467658989
0.09659561467658989
0.09659561467658989
0.09659561467658989
0.10076835646791939
0.09807202703257667
0.10004677740042801
0.09855182165155042
0.09855182165155042
0.09855182165155042
0.09840781902574457
0.09739236901941757
0.09739236901941757
0.09739236901941757
0.09739236901941757
0.09739236901941757
0.10065669603783385
0.10065669603783385
0.09820731943915009
0.09744551739160615
0.09744551739160615
0.09744551739160615
0.09744551739160615
0.09820846064795802
0.09820846064795802
0.09820846064795802
0.09730653792733909
0.09730653792733909
0.09730653792733909
0.09537262136484502
0.0946724411504387
0.0946724411504387
0.09414174110506214
0.09414174110506214
0.09414174110506214
0.09623425165528861
0.09623425165528861
0.09642180681924664
0.09642180681924664
0.09784132538042939
0.09784132538042939
0.09784132538042939
0.09784132538042939
0.09804585177928206
0.09584207345025947
0.09584207345025947
0.0962027984416939
0.09368512253931098
0.09368512253931098
0.09368512253931098
0.09474549182634337
0.09474549182634337
0.09453437911112976
0.09453437911112976
0.09453437911112976
0.09453437911112976
0.0968302334978174
0.0968302334978174
0.09954923549821859
0.09613465040294271
0.09645408368369161
0.0968125472638208
0.0968125472638208
0.09758864289170024
0.09708745483498621
0.10134738096593585
0.10134738096593585
0.10134738096593585
0.10134738096593585
0.10134738096593585
0.10134738096593585
0.10139358883610965
0.10139358883610965
0.10139358883610965
0.09995604687828562
0.09995604687828562
0.1012888989795345
0.10197051842618404
0.10197051842618404
0.10075335360494238
0.10080276592593664
0.09946721589278999
0.10160981931830396
0.10160981931830396
0.10130767503896407
0.10500144749782797
0.10489933894974618
0.10489933894974618
0.10489933894974618
0.10338812730946471
0.10221888887275134
0.10221888887275134
0.10366589672738559
0.10446483162447472
0.10446483162447472
0.10412483476325812
0.10388432169724914
0.10345597300522505
0.10345597300522505
0.10345597300522505
0.10345597300522505
0.1026623754081734
0.1026623754081734
0.10584621337045871
0.10584621337045871
0.10584621337045871
0.10584621337045871
0.10227670170160276
0.10227670170160276
0.10227670170160276
0.10227670170160276
0.10227670170160276
0.10418780675101352
0.10418780675101352
0.10408876351359071
0.10408876351359071
0.10408876351359071
0.10408876351359071
0.10408876351359071
0.10426993582823334
0.10426993582823334
0.10337077990278898
0.10437826930407595
0.09984589411512321
0.10375166059330623
0.10281827539383022
0.10281827539383022
0.10228788867136746
0.10309636845962608
0.10309636845962608
0.10309636845962608
0.10309636845962608
0.10309636845962608
0.10309636845962608
0.10309636845962608
0.10236521263965725
0.106880578476558
0.106880578476558
0.106880578476558
0.106880578476558
0.10510037484218196
0.10510037484218196
0.10202110670179262
0.10202110670179262
0.10264546043572041
0.1042301787321984
0.1042301787321984
0.10647456837874365
0.10647456837874365
0.10647456837874365
0.10647456837874365
0.10752720822602448
0.10583408766322111
0.10286656804538084
0.10286656804538084
0.10286656804538084
0.10192361139820118
0.10192361139820118
0.10330671529321801
0.10330671529321801
0.10443953591390533
0.10443953591390533
0.10443953591390533
0.10443953591390533
0.10854562724386355
0.10709349768482321
0.10600228025137004
0.10600228025137004
0.10600228025137004
0.10600228025137004
0.10600228025137004
0.10901554637607537
0.10930533313236554
0.10930533313236554
0.10930533313236554
0.1069296900655315
0.10617576865781972
0.10617576865781972
0.10617576865781972
0.10617576865781972
0.10617576865781972
0.10617576865781972
0.10566740168180319
0.10218609938967345
0.10256862296509621
0.10266898215362058
0.10254287149166591
0.10254287149166591
0.10353300758655752
0.10353300758655752
0.10353300758655752
0.10353300758655752
0.104134327751912
0.1043405760721611
0.1043405760721611
0.1043405760721611
0.1043405760721611
0.10281778611241003
0.10274063221365869
0.10274063221365869
0.10550615365649371
0.1000247127715042
0.10011742014671635
0.10078866567425421
0.10078866567425421
0.10078866567425421
0.10157719950337374
0.10207564678927367
0.10207564678927367
0.10207564678927367
0.10127521037115791
0.10127521037115791
0.10127521037115791
0.09995528160633499
0.1007559590675158
0.10007171101338605
0.10007171101338605
0.10007171101338605
0.10007171101338605
0.09901600984763097
0.09777035087597262
0.09823232159129128
0.09802671013184183
0.09802671013184183
0.09802671013184183
0.09802671013184183
0.09802671013184183
0.09802671013184183
0.09802671013184183
0.09802671013184183
0.09936061883076178
0.09936061883076178
0.09936061883076178
0.09936061883076178
0.09936061883076178
0.09936061883076178
0.09936061883076178
0.09953452337749565
0.09910769471460117
0.09910769471460117
0.09957652894379528
0.10124811153783093
0.10124811153783093
0.10124811153783093
0.10124811153783093
0.10124811153783093
0.10107289165327472
0.102161664858861
0.10143052679934092
0.10047623475028476
0.10001041776160974
0.10162297017533153
0.10207653837474558
0.10207653837474558
0.10207653837474558
0.10419276609794309
0.10419276609794309
0.1028693619438923
0.1028693619438923
0.1028693619438923
0.1028693619438923
0.10602895322793222
0.10602895322793222
0.10602895322793222
0.10602895322793222
0.10602895322793222
0.10683674699481405
0.10683674699481405
0.10683674699481405
0.10683674699481405
0.11000037531540183
0.11000037531540183
0.11000037531540183
0.11000037531540183
0.11000037531540183
0.11000037531540183
0.11000037531540183
0.11000037531540183
0.11000037531540183
0.11045328338648074
0.10683775509973809
0.10952826063510443
0.10677262868074608
0.10487024447086328
0.10628791639485458
0.10473116275587926
0.10473116275587926
0.10473116275587926
0.10473116275587926
0.10473116275587926
0.10473116275587926
0.10473116275587926
0.10737461256808715
0.10745987267273781
0.10813070428386992
0.10813070428386992
0.10775339968069747
0.10775339968069747
0.10746330122239697
0.10746330122239697
0.10746330122239697
0.10746330122239697
0.10819071745640306
0.11120480054158019
0.11120480054158019
0.111042954858298
0.111042954858298
0.1054325577866065
0.1054325577866065
0.1030595985007359
0.1030595985007359
0.1030595985007359
0.1030595985007359
0.10390337008366178
0.10352771980128773
0.10352771980128773
0.10352771980128773
0.10339996554169126
0.10339996554169126
0.10339996554169126
0.10339996554169126
0.10339996554169126
0.10321143804160426
0.1019801993339393
0.1019801993339393
0.10196633871847231
0.10605195473658378
0.10605195473658378
0.10605195473658378
0.10605195473658378
0.10592547062975242
0.10592547062975242
0.10630297056112681
0.10630297056112681
0.10603360838914921
0.10960666434142782
0.10960666434142782
0.105646714624886
0.105646714624886
0.105646714624886
0.10647604557883526
0.10419233955949533
0.10419233955949533
0.10419233955949533
0.10419233955949533
0.10419233955949533
0.1014917232130392
0.1014917232130392
0.1028716611051197
0.1028716611051197
0.10224784625375974
0.102623896196703
0.102623896196703
0.102623896196703
0.10496485883754081
0.10436137318549703
0.10436137318549703
0.10436137318549703
0.10436137318549703
0.10245978761899505
0.10321071732484544
0.10236640243956534
0.10236640243956534
0.10398121914606302
0.10206362138640773
0.10370318432549555
0.10370318432549555
0.10370318432549555
0.0972424402243827
0.0972424402243827
0.09621507980231268
0.09713680978423879
0.09713680978423879
0.09822483180416831
0.09822483180416831
0.09822483180416831
0.09792781729607215
0.09612893282481712
0.09612893282481712
0.09612893282481712
0.09612893282481712
0.09612893282481712
0.09612893282481712
0.09612893282481712
0.09612893282481712
0.09612893282481712
0.10122887723009921
0.10278455092284793
0.10129818601198032
0.10129818601198032
0.10009088940338509
0.10009088940338509
0.10009088940338509
0.09866607964689415
0.09892936625684341
0.09892936625684341
0.09801280208579025
0.09801280208579025
0.09801280208579025
0.09801280208579025
0.09801280208579025
0.09801280208579025
0.09930937905501395
0.09725884795058104
0.09725884795058104
0.09725884795058104
0.09725884795058104
0.0987296711599992
0.09962624256320253
0.09713045186885808
0.09713045186885808
0.10081162159647226
0.10063779536143376
0.10063779536143376
0.10063779536143376
0.09942898180085245
0.09594048312075108
0.09777535917518689
0.09761450292239199
0.09886430031277059
0.09886430031277059
0.0966700346687827
0.09683325302457045
0.09683325302457045
0.09683325302457045
0.09683325302457045
0.09923137032916036
0.09923137032916036
0.09809121786772089
0.10150557273168873
0.09877026250911819
0.09877026250911819
0.09889441327268607
0.09889441327268607
0.09889441327268607
0.0990022977881077
0.0990022977881077
0.09679671431643705
0.09679671431643705
0.09679671431643705
0.09977988301071015
0.09977988301071015
0.09977988301071015
0.09977988301071015
0.09977988301071015
0.09624732121756578
0.09197827627317907
0.09065017862474212
0.09065017862474212
0.09035298811875507
0.09178377959430077
0.09178377959430077
0.09179465543904618
0.0925680990464857
0.0937884039529286
0.0937884039529286
0.09243053810455953
0.09243053810455953
0.09243053810455953
0.09504634060313916
0.09504634060313916
0.09504634060313916
0.09455391416487487
0.09455391416487487
0.09739797120998517
0.10049847282655183
0.10049847282655183
0.09899864706531937
0.09899864706531937
0.09652560023286888
0.09652560023286888
0.09710334005288104
0.09593555967654921
0.09593555967654921
0.09593555967654921
0.09593555967654921
0.09932795370215262
0.09932795370215262
0.09926527018335657
0.09926527018335657
0.09883452839444566
0.09883452839444566
0.09883452839444566
0.09819432136715309
0.09924740886067007
0.09823967062394508
0.09770281460858407
0.10387183330208226
0.10387183330208226
0.10387183330208226
0.10387183330208226
0.10387183330208226
0.10387183330208226
0.10086906197776252
0.10086906197776252
0.10086906197776252
0.10086906197776252
0.10086906197776252
0.09930056698196571
0.09930056698196571
0.09930056698196571
0.09930056698196571
0.09930056698196571
0.10174899007292072
0.10174899007292072
0.10174899007292072
0.10174899007292072
0.10174899007292072
0.10174899007292072
0.10174899007292072
0.10174899007292072
0.10412063637321357
0.10412063637321357
0.10412063637321357
0.1020795959350709
0.1020795959350709
0.1020795959350709
0.10234060744453179
0.10375621294147784
0.10375621294147784
0.10499094289893615
0.10499094289893615
0.10499094289893615
0.10499094289893615
0.10460322217126225
0.10468330158682237
0.10468330158682237
0.10468330158682237
0.10609384218119242
0.10493083405034483
0.10076603297829674
0.10076603297829674
0.10076603297829674
0.0969068473897818
0.09584327120837889
0.09815900760197646
0.09815900760197646
0.09815900760197646
0.09815900760197646
0.09815900760197646
0.09805103512580121
0.09815509913613109
0.09815509913613109
0.10005528734946521
0.09825103421364098
0.09825103421364098
0.09825103421364098
0.0980390326898107
0.10128840788811293
0.10128840788811293
0.10240293016832715
0.10240293016832715
0.10283668184305648
0.10283668184305648
0.10419533955090335
0.10419533955090335
0.10897280859472465
0.11078400206815522
0.11062205041181959
0.10868729720139214
0.10311906862620969
0.10311906862620969
0.10311906862620969
0.10600678484273549
0.10679486929571272
0.10679486929571272
0.10679486929571272
0.10867579379097898
0.11184417463788418
0.11136742180245043
0.11229049876712419
0.11139922803599157
0.10938842406592322
0.10386081100267965
0.10386081100267965
0.10400138957776238
0.10400138957776238
0.10002475094877844
0.09973674707555463
0.097981318765083
0.097981318765083
0.097981318765083
0.09814351912559774
0.10123933581214122
0.10251510600180479
0.10251510600180479
0.10220154767630647
0.10206943826960727
0.10509314891494045
0.1071169745911653
0.1071169745911653
0.10553419780172449
0.10553419780172449
0.10772722838163852
0.10772722838163852
0.11176178532375841
0.11176178532375841
0.11472282052904567
0.1143787677341521
0.11286688426658256
0.11286688426658256
0.11080595369121862
0.11064125605737765
0.10968601651700227
0.10968601651700227
0.10968601651700227
0.11045285983176327
0.10848390579474457
0.10304014722928796
0.10304014722928796
0.10304014722928796
0.10304014722928796
0.10283284165710978
0.10599097264339359
0.10599097264339359
0.10599097264339359
0.10599097264339359
0.10599097264339359
0.10599097264339359
0.10599097264339359
0.10599097264339359
0.1045823509703523
0.10084511505674774
0.10398071152018888
0.10233354294533971
0.10326097590398477
0.10808162878866838
0.10808162878866838
0.10808162878866838
0.10808162878866838
0.10862658737568776
0.10862658737568776
0.10862658737568776
0.10848179946116578
0.10550789767875297
0.10382160545351943
0.10564198974980453
0.10531858640051027
0.10727418101407497
0.10591000486810129
0.10591000486810129
0.10591000486810129
0.10591000486810129
0.10101932190344932
0.10101932190344932
0.10569742441885083
0.10569742441885083
0.10472893318489704
0.10472893318489704
0.10411207081973949
0.10489775916770133
0.10489775916770133
0.10489775916770133
0.10489775916770133
0.10489775916770133
0.10500838217636407
0.10601297083390707
0.10601297083390707
0.10542027072412208
0.10473596589902676
0.10723129098522384
0.10723129098522384
0.10796438906151978
0.10796438906151978
0.10796438906151978
0.10796438906151978
0.10449041424759531
0.10555557378731921
0.10555557378731921
0.10555557378731921
0.10555557378731921
0.10555557378731921
0.10401484089963749
0.10411288694295023
0.10044010101690692
0.09882504431679952
0.10111850059397798
0.10111850059397798
0.10111850059397798
0.10111850059397798
0.10111850059397798
0.10150133694800846
0.10150133694800846
0.10211391620530129
0.10331935231080416
0.10331935231080416
0.10331935231080416
0.10331935231080416
0.10189386769475853
0.10189386769475853
0.10189386769475853
0.10189386769475853
0.10189386769475853
0.10618576879238491
0.10618576879238491
0.10705478534655628
0.10402760902987697
0.10402760902987697
0.10402760902987697
0.10393373402708837
0.1041534118181472
0.1041534118181472
0.1041534118181472
0.1041534118181472
0.1041534118181472
0.1041534118181472
0.1041534118181472
0.10072965027329597
0.10192056099729216
0.10192056099729216
0.10220988767825688
0.1003413162451008
0.1003413162451008
0.09869987049806585
0.10008276324004445
0.10008276324004445
0.10008276324004445
0.10047254253844802
0.10047254253844802
0.09873195822654719
0.09606847535997087
0.09606847535997087
0.09606847535997087
0.09895040489445861
0.09895040489445861
0.09895040489445861
0.09895040489445861
0.09989908701224331
0.09989908701224331
0.09989908701224331
0.09966996648857221
0.10174450678469452
0.10174450678469452
0.10174450678469452
0.10241416439618004
0.10241416439618004
0.0992386382878388
0.0992386382878388
0.10158533240505419
0.10158533240505419
0.09780700044724697
0.09774587803674986
0.10333710464021692
0.10333710464021692
0.10333710464021692
0.10333710464021692
0.10204343483487228
0.0991601510347773
0.10006360727072595
0.09967249114906988
0.1007316124246743
0.10244807830460405
0.10500530895783505
0.10500530895783505
0.10500530895783505
0.10635312641257674
0.10635312641257674
0.10635312641257674
0.10447787565563771
0.10447787565563771
0.10447787565563771
0.10311842285837253
0.1065317561143885
0.10358034466265953
0.10358034466265953
0.10522755691853938
0.10522755691853938
0.10522755691853938
0.10427419956842068
0.10416861197460066
0.09874969378089277
0.09874969378089277
0.09874969378089277
0.09874969378089277
0.09831365054476132
0.09831365054476132
0.09831365054476132
0.09966541093776805
0.10192187219065489
0.10192187219065489
0.10192187219065489
0.10192187219065489
0.10105549608513933
0.10105549608513933
0.10280054479964143
0.10438577443611312
0.1046743619198107
0.1046743619198107
0.10184747233521699
0.10003339226971557
0.10003339226971557
0.10125920807244776
0.10125920807244776
0.1019353285826443
0.10513035063898812
0.10513035063898812
0.10249831806861079
0.10249831806861079
0.10249831806861079
0.10249831806861079
0.10212407652775744
0.10212407652775744
0.10212407652775744
0.09697505071223494
0.09697505071223494
0.0979516688248446
0.0979516688248446
0.10547182017667064
0.10547182017667064
0.1016437430267113
0.10215505870881127
0.10045412884628188
0.10497237972915248
0.10497237972915248
0.10340475790608125
0.10340475790608125
0.10374845869030865
0.10374845869030865
0.10374845869030865
0.10472130756535995
0.10680658963814427
0.10680658963814427
0.10680658963814427
0.10680658963814427
0.10680658963814427
0.10680658963814427
0.10680658963814427
0.10680658963814427
0.10639374117601057
0.1078990764296605
0.1078990764296605
0.1078990764296605
0.1078990764296605
0.1078990764296605
0.1078990764296605
0.10646621483788783
0.10646621483788783
0.10646621483788783
0.10646621483788783
0.10958460845315643
0.10973424984704501
0.10973424984704501
0.10745071314366988
0.10370875113657091
0.10370875113657091
0.10370875113657091
0.10370875113657091
0.10573176229324087
0.10573176229324087
0.10515427238931363
0.10515427238931363
0.10693658545196147
0.10441772918116893
0.10610756909224531
0.10610756909224531
0.10568129936214758
0.10461297372908239
0.10461297372908239
0.10710756146488958
0.10669712014863819
0.10739918818006824
0.10739918818006824
0.10739918818006824
0.10739918818006824
0.1074748898036055
0.10382187758341846
0.10382187758341846
0.10382187758341846
0.10382187758341846
0.10382187758341846
0.10382187758341846
0.10412798671111997
0.10412798671111997
0.10742156784133242
0.10742156784133242
0.10742156784133242
0.10742156784133242
0.10742156784133242
0.11084966047162256
0.11044066374843271
0.11044066374843271
0.11123394942764564
0.10934006406567523
0.1119918434198857
0.10860929620269727
0.10860929620269727
0.10522741720732148
0.10522741720732148
0.10522741720732148
0.10522741720732148
0.10428887479792545
0.10428887479792545
0.1029022042091586
0.1029022042091586
0.1029022042091586
0.1029022042091586
0.1029022042091586
0.10640574824344962
0.11023794938542276
0.10733532437696292
0.10649134672314037
0.10649134672314037
0.10649134672314037
0.10649134672314037
0.10649134672314037
0.10649134672314037
0.10467948891439599
0.10684307070459786
0.10518081905442409
0.10505275195145769
0.10505275195145769
0.10505275195145769
0.10732589412217179
0.10806689229473951
0.10806689229473951
0.10806689229473951
0.10806689229473951
0.10806689229473951
0.10806689229473951
0.10806689229473951
0.10806689229473951
0.10806689229473951
0.10759114019823247
0.10759114019823247
0.10769258530981206
0.10769258530981206
0.10769258530981206
0.10749784914133038
0.10749784914133038
0.10734391371963979
0.10734391371963979
0.10658859442633543
0.10788589643727406
0.10633347473697762
0.10633347473697762
0.10659331410466702
0.10808458739107
0.1108386504115052
0.1108386504115052
0.10800697310009483
0.10800697310009483
0.10800697310009483
0.11199252101604278
0.10900057683525789
0.10900057683525789
0.10755631260938414
0.10755631260938414
0.10990957716472015
0.10990957716472015
0.10990957716472015
0.10990957716472015
0.10919527912987359
0.10919527912987359
0.10852704664730498
0.10909686127667399
0.10909686127667399
0.10909686127667399
0.10909686127667399
0.10828805386402035
0.11114395617831536
0.11114395617831536
0.11114395617831536
0.10784001142650212
0.10784001142650212
0.10659273285385276
0.10659273285385276
0.10659273285385276
0.10659273285385276
0.10511207907900691
0.1056440295420636
0.1056440295420636
0.1056440295420636
0.1040098273466736
0.1040098273466736
0.1062798213835451
0.10547045962355525
0.10547045962355525
0.10386691363529951
0.10386691363529951
0.10386691363529951
0.10386691363529951
0.10386691363529951
0.10646735669813882
0.10441550412388148
0.10652726157102824
0.10549896521465783
0.10549896521465783
0.10841647940461636
0.10883156419182115
0.10883156419182115
0.10834345216936153
0.10834345216936153
0.10803837555478388
0.10803837555478388
0.10803837555478388
0.10759155859206167
0.10759155859206167
0.10746109609431366
0.10746109609431366
0.10746109609431366
0.10781923000968308
0.11143155348643004
0.10925854537817746
0.10924438186110945
0.1066579678789057
0.10809108262813481
0.10978774461389336
0.10978774461389336
0.10978774461389336
0.1090072444371664
0.1090072444371664
0.10560938944111178
0.10582606231986655
0.105284649217923
0.103925768269297
0.10396141080568116
0.10425014908009798
0.10425014908009798
0.09776626010871502
0.1002714230818573
0.1002714230818573
0.09984440186950662
0.1011868421616827
0.1011868421616827
0.1011868421616827
0.10323426741386615
0.10332003736369773
0.10283326937565845
0.10283326937565845
0.10252714947940607
0.10170245319027447
0.09855464795482718
0.09975183628117923
0.09917153348181248
0.09871982599422717
0.09633995631694116
0.09633995631694116
0.09633995631694116
0.09633995631694116
0.09633995631694116
0.09760529593225628
0.09629263185456848
0.09629263185456848
0.09854255028347929
0.09690555205809204
0.09907229575072975
0.09628483066806302
0.09628483066806302
0.09628483066806302
0.09628483066806302
0.09427464614663877
0.09427464614663877
0.09368081919786747
0.09435380916224859
0.09623273486692589
0.09591012050999718
0.09505481620912352
0.09505481620912352
0.09505481620912352
0.09505481620912352
0.09505481620912352
0.09605627233568675
0.09928822035861934
0.09837497460975278
0.09837497460975278
0.09806402392887249
0.09806402392887249
0.10043813323726322
0.09755423650403644
0.0957582270398575
0.0957582270398575
0.0957582270398575
0.0957582270398575
0.0957582270398575
0.0957582270398575
0.09586324792726157
0.09561341609647057
0.0950929305135794
0.0950929305135794
0.0950929305135794
0.094936167630159
0.094936167630159
0.094936167630159
0.094936167630159
0.09638777318757498
0.09638777318757498
0.09458121518532041
0.0939145804830228
0.09333471991658694
0.09333471991658694
0.09181748807674277
0.09340499701413713
0.09627562595257742
0.09660964769641768
0.09660964769641768
0.09832422218956885
0.09495846642278032
0.09495846642278032
0.09495846642278032
0.09495846642278032
0.09495846642278032
0.09535091223357522
0.09787661735378529
0.09787661735378529
0.09787661735378529
0.10165340026480554
0.10030635348451257
0.10073281954174526
0.10073281954174526
0.10073281954174526
0.10073281954174526
0.10073281954174526
0.1033596658156158
0.1033596658156158
0.1033596658156158
0.1033596658156158
0.1033596658156158
0.1033596658156158
0.10413459966146708
0.10335583856788495
0.10126214370929969
0.10126214370929969
0.10705464310635393
0.10862832241932817
0.10862832241932817
0.1057465450105074
0.1057465450105074
0.1057465450105074
0.1057465450105074
0.1057465450105074
0.1057465450105074
0.1057465450105074
0.10197533278075245
0.10197533278075245
0.10359596404758836
0.10359596404758836
0.10316361566535223
0.10316361566535223
0.10316361566535223
0.10316361566535223
0.10316361566535223
0.10129208742623144
0.10129208742623144
0.10129208742623144
0.10129208742623144
0.10616133294573046
0.10616133294573046
0.10469167126721883
0.10469167126721883
0.10576690545372512
0.10484158337547225
0.10484158337547225
0.10662699045293152
0.10721347188382052
0.10576318113221748
0.10082870072721567
0.10082870072721567
0.10082870072721567
0.09840428503432075
0.09840428503432075
0.10016338485790012
0.10005064831484023
0.10270612012233976
0.10270612012233976
0.10119403483244674
0.09831451669538022
0.09887168587922407
0.09887168587922407
0.09872912779221782
0.1010654850360758
0.0996988337990799
0.0996988337990799
0.0996988337990799
0.0996988337990799
0.0976689292419415
0.09569102050417286
0.09518869180144472
0.09518869180144472
0.09482172638910423
0.096389269223367
0.096389269223367
0.09834826918380557
0.09834826918380557
0.09834826918380557
0.09834826918380557
0.09834826918380557
0.0981993118134898
0.0981993118134898
0.0981993118134898
0.0981993118134898
0.09964665690135348
0.09964665690135348
0.1008287494404439
0.1008287494404439
0.10347724067770481
0.1000540856227823
0.10282985936330431
0.10282985936330431
0.10282985936330431
0.10436158099824219
0.10436158099824219
0.10436158099824219
0.10436158099824219
0.09984421476107125
0.09984421476107125
0.10164377149743878
0.10164377149743878
0.10164377149743878
0.10164377149743878
0.10164377149743878
0.10164377149743878
0.10068502738602399
0.09823302127922466
0.09823302127922466
0.09823302127922466
0.0981186109392144
0.10119686933871934
0.10119686933871934
0.10119686933871934
0.10119686933871934
0.10119686933871934
0.10119686933871934
0.101589611051447
0.10260866339564219
0.10260866339564219
0.10260866339564219
0.10152331585356227
0.10152331585356227
0.10152331585356227
0.10152331585356227
0.10166064457355103
0.10165097547157127
0.1011192163678636
0.1011192163678636
0.1011192163678636
0.10328674469175439
0.10328674469175439
0.10450902813085138
0.10438395268077814
0.1043952567865531
0.1043952567865531
0.1043952567865531
0.10472485760582442
0.1057184443376543
0.1057184443376543
0.1057184443376543
0.1057184443376543
0.10619847860706486
0.10619847860706486
0.10619847860706486
0.10619847860706486
0.10619847860706486
0.10619847860706486
0.10818862580917774
0.10818862580917774
0.10818862580917774
0.10736817927197849
0.10393739257781785
0.10393739257781785
0.104739945493193
0.104739945493193
0.10555585303564627
0.10483570555270415
0.10599374553290955
0.10648511012985694
0.10648511012985694
0.10261257432790141
0.10896879025316025
0.10896879025316025
0.10437836444955513
0.10437836444955513
0.10393471918101983
0.1072330269909807
0.1072330269909807
0.11035518801761901
0.11035518801761901
0.11035518801761901
0.11035518801761901
0.10824379174557537
0.1098082728644114
0.11046999906708026
0.1070292498093098
0.1070292498093098
0.1070292498093098
0.10602848630736877
0.10749008264763679
0.10749008264763679
0.10749008264763679
0.10749008264763679
0.10749008264763679
0.1056514219560974
0.1056514219560974
0.10633183210186088
0.10340524527841095
0.10910379648263616
0.10724259005206509
0.10724259005206509
0.10724259005206509
0.10724259005206509
0.10724259005206509
0.10917492640899436
0.10823504645568788
0.10823504645568788
0.10823504645568788
0.10823504645568788
0.10811431716084051
0.10811431716084051
0.10811431716084051
0.10811431716084051
0.10764936056904442
0.10740887586077387
0.10740887586077387
0.10767497996553776
0.10767497996553776
0.10767497996553776
0.10756087026900138
0.10540677796261254
0.10482491300193512
0.10493424358865058
0.10443387320275688
0.1059572839749537
0.10466444126410306
0.10466444126410306
0.10466444126410306
0.10466444126410306
0.10757967464602869
0.10667281083823651
0.10548205132592245
0.10548205132592245
0.10548205132592245
0.10548205132592245
0.10548205132592245
0.10548205132592245
0.10918913558074003
0.11072328872880752
0.11071109765835886
0.11071109765835886
0.11071109765835886
0.1105335949716542
0.11107375410932625
0.11107375410932625
0.10971560494631938
0.10971560494631938
0.10831466026906701
0.10831466026906701
0.10831466026906701
0.10831466026906701
0.10831466026906701
0.10666891118253254
0.10666891118253254
0.10666891118253254
0.10692653239161164
0.10692653239161164
0.10663027923422344
0.10800489601974392
0.10800489601974392
0.10800489601974392
0.10787691455220257
0.10879055829474762
0.10879055829474762
0.10879055829474762
0.10879055829474762
0.10991019886608533
0.10991019886608533
0.10967160395657868
0.10967160395657868
0.10911740532554483
0.10911740532554483
0.10911740532554483
0.10804511220295004
0.10944768970283553
0.10944768970283553
0.10944768970283553
0.11033517640162789
0.11033517640162789
0.11033517640162789
0.11088685737899157
0.11088685737899157
0.11088685737899157
0.11095520928083413
0.11095520928083413
0.11095520928083413
0.11095520928083413
0.11095520928083413
0.1100164868684224
0.11104967990378188
0.11081231062750141
0.11030279190070862
0.1093604995787405
0.1093604995787405
0.1093604995787405
0.1093604995787405
0.1080801725838678
0.1080801725838678
0.1108637403918832
0.1108637403918832
0.10991274975442827
0.11308407336600941
0.11308407336600941
0.11042467471040614
0.11010231383014203
0.10995037945469233
0.10995037945469233
0.10995037945469233
0.10530659843454586
0.10530659843454586
0.10530659843454586
0.10530659843454586
0.10530659843454586
0.10530659843454586
0.10530659843454586
0.1022283943390492
0.10811709145050326
0.10811709145050326
0.10811709145050326
0.10811709145050326
0.1082372604428887
0.1082372604428887
0.1082372604428887
0.10867102173324872
0.10867102173324872
0.10867102173324872
0.10696094118907054
0.10696094118907054
0.10629857559163099
0.10490541529445059
0.1058183719479247
0.1058183719479247
0.10571381123654099
0.10366059902361874
0.1074505840061367
0.10885193115388561
0.10827485926892937
0.10851624948745789
0.11030779024702818
0.10964955713270887
0.10772408728101802
0.10315564332773892
0.10315564332773892
0.10315564332773892
0.10315564332773892
0.09988365479879091
0.09988365479879091
0.10313342532918618
0.10313342532918618
0.1018614028911625
0.10200422020855078
0.09879525650623838
0.09904049536197924
0.09904049536197924
0.1002439043028036
0.09778184497288804
0.09778184497288804
0.09946424030547454
0.09614053127431654
0.09614053127431654
0.09985331472680878
0.09985331472680878
0.09985331472680878
0.10034013542897088
0.09631121787727648
0.09631121787727648
0.09736253998738617
0.09722605161035966
0.09722605161035966
0.09722605161035966
0.09722605161035966
0.09450276852339007
0.09450276852339007
0.09861013277695342
0.09861013277695342
0.09984996212382682
0.10049854436403455
0.0957699730765837
0.0957699730765837
0.09654457061997423
0.09654457061997423
0.09654457061997423
0.09654457061997423
0.099086536300822
0.09870943100111941
0.09770533644954846
0.09770533644954846
0.09770533644954846
0.09770533644954846
0.09481250052351571
0.09481250052351571
0.0950824006882129
0.0950824006882129
0.0950824006882129
0.0950824006882129
0.09970303324304063
0.09970303324304063
0.09970303324304063
0.09970303324304063
0.10061011805520596
0.09774721010008078
0.09786332260470239
0.09786332260470239
0.09472248550185056
0.09472248550185056
0.09472248550185056
0.09472248550185056
0.09476535211845245
0.09519419485804834
0.09519419485804834
0.09459348986269497
0.09459348986269497
0.09459348986269497
0.09459348986269497
0.09459348986269497
0.0929507769674118
0.09477873061021315
0.09477873061021315
0.09477873061021315
0.09477873061021315
0.09477873061021315
0.09940568072806537
0.09747364696783985
0.09747364696783985
0.09747364696783985
0.0974902834112285
0.09919474384831747
0.09919474384831747
0.09919474384831747
0.09919474384831747
0.09919474384831747
0.09919474384831747
0.09919474384831747
0.09797990044326788
0.09841995628770088
0.09841995628770088
0.10043491496775846
0.09748333008521531
0.09686940569514049
0.09618805824235216
0.09492016252086491
0.09319463592909016
0.0935613806494499
0.09044815542676506
0.08969515246625333
0.09024100041433829
0.09052495785125411
0.09052495785125411
0.09026670183757533
0.09022149366305007
0.09022149366305007
0.09022149366305007
0.09022149366305007
0.09022149366305007
0.09022149366305007
0.08922122072618968
0.0916972379865087
0.0916972379865087
0.0866657565151746
0.0866657565151746
0.0866657565151746
0.0866657565151746
0.08768136379315652
0.08768136379315652
0.09077931136507611
0.09077931136507611
0.09077931136507611
0.09044844730727662
0.09044844730727662
0.09122935336310005
0.09122935336310005
0.09122935336310005
0.09122935336310005
0.09154438826568362
0.09478809744441032
0.09478809744441032
0.09518015044995454
0.09518015044995454
0.09518015044995454
0.09696229605554997
0.09712734985511634
0.09712734985511634
0.09775331416212313
0.09831685206520281
0.10028775816283696
0.10195397386206997
0.1037998492390785
0.1037998492390785
0.1037998492390785
0.10206397801808373
0.10414316398695522
0.10340698515677059
0.10340698515677059
0.10340698515677059
0.10435163027055591
0.10610049578925569
0.10524868481506577
0.10524868481506577
0.10524868481506577
0.10524868481506577
0.10524868481506577
0.10524868481506577
0.10524868481506577
0.10524868481506577
0.10517772442213986
0.10517772442213986
0.10517772442213986
0.10517772442213986
0.09858751757661746
0.09858751757661746
0.09946157039488983
0.09946157039488983
0.1027001878703934
0.10122226506024332
0.10122226506024332
0.10122226506024332
0.09871093289716919
0.09890586837194333
0.09890586837194333
0.09890586837194333
0.09811596242497132
0.09811596242497132
0.09811596242497132
0.09811596242497132
0.09811596242497132
0.09811596242497132
0.09811596242497132
0.09811596242497132
0.09571488696115503
0.09571488696115503
0.09999799033194284
0.09999799033194284
0.09991980308391188
0.10142061156103398
0.09973561370150101
0.09839824510317985
0.09839824510317985
0.09839824510317985
0.09770774792078604
0.1001051311272769
0.1003300178151321
0.10009504500400142
0.10009504500400142
0.10203653800929897
0.10202583513635095
0.10170085349464222
0.10170085349464222
0.10206551126287346
0.10174755188504823
0.10174755188504823
0.10174755188504823
0.10174755188504823
0.10174755188504823
0.10174755188504823
0.10174755188504823
0.10176330325637639
0.10176330325637639
0.1035363634302571
0.1035363634302571
0.1035363634302571
0.1035363634302571
0.1035363634302571
0.10209617508172521
0.09960486703814829
0.0998744802118727
0.0998744802118727
0.09915644776491263
0.09915644776491263
0.10109945178391695
0.10109945178391695
0.10109945178391695
0.10109945178391695
0.09760980841625312
0.09760980841625312
0.09889368122048994
0.09889368122048994
0.09871212791899421
0.09871212791899421
0.09543294631249237
0.09543294631249237
0.09543294631249237
0.0988061666362704
0.10014906304122721
0.10014906304122721
0.10014906304122721
0.10014906304122721
0.1013138045548259
0.1013138045548259
0.1013138045548259
0.1013138045548259
0.1013138045548259
0.1013138045548259
0.09994623556432652
0.09994623556432652
0.09994623556432652
0.09994623556432652
0.10009906124251305
0.10009906124251305
0.10009906124251305
0.10009906124251305
0.09845951554672772
0.09976009643077821
0.09976009643077821
0.09976009643077821
0.10018558347306526
0.10018558347306526
0.10221750870620516
0.10075461108639786
0.10075461108639786
0.10075461108639786
0.10075461108639786
0.09809199278532701
0.09809199278532701
0.09618223141443269
0.09618223141443269
0.09415638616806682
0.10072836606422418
0.10218594110553682
0.10218594110553682
0.10218594110553682
0.09979294785414118
0.1004642449494208
0.09977209429601741
0.09977209429601741
0.09977209429601741
0.09683648128881986
0.09683648128881986
0.09896864361431448
0.09896864361431448
0.09896864361431448
0.09896864361431448
0.0959505038658384
0.0959505038658384
0.0959505038658384
0.09658080540649011
0.09658080540649011
0.09658080540649011
0.09658080540649011
0.09747917202215842
0.09747917202215842
0.1003369661718577
0.1003369661718577
0.1003369661718577
0.09953203946573355
0.09953203946573355
0.09953203946573355
0.09668797771153595
0.09467457698904942
0.09467457698904942
0.09522814801521064
0.09472060991027588
0.09472060991027588
0.09999790827450195
0.09875596900371869
0.10093184651537808
0.10093184651537808
0.10093184651537808
0.10093184651537808
0.10093184651537808
0.0990763950537817
0.0990763950537817
0.0990763950537817
0.0990763950537817
0.0990763950537817
0.09823396695389114
0.09823396695389114
0.09947891303488414
0.0992143029568484
0.0992143029568484
0.0992143029568484
0.0992143029568484
0.10242070756575508
0.10242070756575508
0.10242070756575508
0.10304693199785409
0.10304693199785409
0.10304693199785409
0.10742303424498661
0.10685025990957256
0.10685025990957256
0.10685025990957256
0.10517648536191083
0.10517648536191083
0.10517648536191083
0.10517648536191083
0.10517648536191083
0.10804030503976413
0.10804030503976413
0.10804030503976413
0.10437863390217104
0.1059830423139895
0.1054465118151316
0.10516542584178355
0.10366128022345614
0.10591895022037798
0.1067550357647336
0.10478542764172631
0.10478542764172631
0.10483899577098618
0.10420407418827692
0.10136421506648703
0.0982222669341871
0.0982222669341871
0.0982222669341871
0.1014894895928267
0.09989108808127753
0.0996210907544508
0.0996210907544508
0.10004189457180389
0.10004189457180389
0.10004189457180389
0.10004189457180389
0.10004189457180389
0.10004189457180389
0.10004189457180389
0.10009712274302704
0.10009712274302704
0.10009712274302704
0.10095279887740159
0.10095279887740159
0.10149169667391846
0.10162576421346618
0.1035913129597046
0.1035913129597046
0.10332777128940075
0.10332777128940075
0.10332777128940075
0.10332777128940075
0.10332777128940075
0.09999536711609505
0.10345645218667844
0.10345645218667844
0.10238253573734964
0.10296846553223905
0.10457152691931659
0.10263127517366377
0.10380051565021678
0.10380051565021678
0.1043228270640383
0.1043228270640383
0.1009814535078028
0.1009814535078028
0.1027032689741229
0.1027032689741229
0.10238679134642303
0.10238679134642303
0.09754258360017683
0.10025686160415503
0.09939317210936618
0.09738452887016938
0.09738452887016938
0.09801154281602595
0.09801154281602595
0.0977730783800668
0.0977730783800668
0.0977730783800668
0.09601784221622026
0.09601784221622026
0.09310229901265078
0.09310229901265078
0.09334224512114948
0.09390564641142175
0.09390564641142175
0.09390564641142175
0.09390564641142175
0.09390564641142175
0.09390564641142175
0.09510339373060811
0.09683109819432212
0.09683109819432212
0.0934625386474677
0.09263324551615659
0.09248777108490645
0.0901138598164457
0.0898757926602778
0.0898757926602778
0.0898757926602778
0.0898757926602778
0.0898757926602778
0.0898757926602778
0.0898757926602778
0.0898757926602778
0.09612895739964956
0.09560327143493366
0.09560327143493366
0.09560327143493366
0.09156105368632374
0.09156105368632374
0.09221054790055591
0.09221054790055591
0.09367086931752014
0.09367086931752014
0.09367086931752014
0.09547943257374707
0.09591672743635775
0.09591672743635775
0.09591672743635775
0.09591672743635775
0.09895629982769828
0.09895629982769828
0.09895629982769828
0.0994090833797113
0.09976836163836547
0.09976836163836547
0.09953311657383182
0.09881540575487764
0.098688515347403
0.098688515347403
0.0965842809901102
0.09820070058199869
0.09820070058199869
0.09820070058199869
0.10066058742289745
0.10066058742289745
0.10130980278279596
0.10130980278279596
0.10130980278279596
0.09971457795932571
0.09984551501800418
0.10320752583565179
0.10538894222215399
0.10562076641740842
0.10501120815614459
0.10501120815614459
0.10501120815614459
0.10570855369373425
0.10446037411012525
0.10222739047499678
0.10222739047499678
0.10246547702481844
0.10246547702481844
0.10293939510040981
0.10293939510040981
0.10293939510040981
0.10293939510040981
0.10430938749748549
0.10225496714688782
0.10301678681899393
0.10090671148564961
0.10033144675740142
0.1033069381636639
0.1033069381636639
0.09943168941287532
0.09943168941287532
0.09943168941287532
0.09744914491941543
0.10093019781376625
0.10093019781376625
0.10093019781376625
0.1057468079281695
0.1057468079281695
0.1057468079281695
0.1057468079281695
0.10574558038478774
0.09967058552918286
0.09967058552918286
0.09967058552918286
0.09969788337720498
0.09969788337720498
0.09969788337720498
0.09969788337720498
0.1000923295516963
0.10300378830427391
0.10300378830427391
0.10300378830427391
0.10300378830427391
0.10106610173214109
0.10106610173214109
0.10106610173214109
0.10106610173214109
0.1011189433468026
0.1011189433468026
0.10159895509677837
0.10159895509677837
0.10237237375214053
0.10492017746792781
0.10339778523456654
0.10468956550441211
0.10468956550441211
0.10468956550441211
0.10468956550441211
0.10522926478152225
0.10377420381948183
0.10199551771961098
0.1027339064932571
0.10603787147312162
0.10603787147312162
0.10727913843616899
0.1040947165802935
0.1040947165802935
0.1040947165802935
0.10449476113117283
0.10449476113117283
0.10521544506409797
0.10521544506409797
0.10136200445818601
0.1022030939831118
0.10221564442260006
0.10183460807406784
0.10208550268398031
0.1035551082525347
0.1035551082525347
0.1044537938554482
0.10525958005824991
0.10525958005824991
0.10525958005824991
0.10465992418812142
0.10611567829871286
0.10611567829871286
0.10319277067659463
0.10527060948066233
0.10527060948066233
0.1026346841577016
0.10284760484196155
0.10578003649544301
0.10578003649544301
0.10578003649544301
0.10508156613719868
0.10508156613719868
0.10372890177067162
0.10372890177067162
0.10372890177067162
0.10072524384708559
0.10072524384708559
0.09819905231885732
0.10090526479558747
0.10090526479558747
0.10090526479558747
0.10545727052272784
0.10311830902369368
0.10478466150210901
0.10559134712395454
0.10559134712395454
0.10518752940305356
0.10530819013887067
0.10514644093149067
0.10514644093149067
0.10477482032133402
0.10477482032133402
0.10477482032133402
0.10477482032133402
0.10477482032133402
0.10333354772354693
0.10026183743468288
0.101753189681021
0.101753189681021
0.10270981588168746
0.10270981588168746
0.10346766551452598
0.10346766551452598
0.10346766551452598
0.10346766551452598
0.1015217380716299
0.1015217380716299
0.1015217380716299
0.1015217380716299
0.1015217380716299
0.10084017346648126
0.10116894149113233
0.10049759768027262
0.10049759768027262
0.10139331338925726
0.1016980814694133
0.10071765545252903
0.10024438115070716
0.10024438115070716
0.09826177692491214
0.0992255773107436
0.0992255773107436
0.09876646489910339
0.09876646489910339
0.1014537865706854
0.1014537865706854
0.10150854408537709
0.10150854408537709
0.10150854408537709
0.10769614940766029
0.10769614940766029
0.10485927829395032
0.10485927829395032
0.10485927829395032
0.10378076622723609
0.10378076622723609
0.10378076622723609
0.10378076622723609
0.10475175572267606
0.10475175572267606
0.10450110568000803
0.10450110568000803
0.10450110568000803
0.10450110568000803
0.1057303556992532
0.1073673536844134
0.10309274601104387
0.10309274601104387
0.10309274601104387
0.10451493069964433
0.10829599472883786
0.10829599472883786
0.10829599472883786
0.10998281738550146
0.10998281738550146
0.11034927447054786
0.11034927447054786
0.11034927447054786
0.11034927447054786
0.10580579076043162
0.10580579076043162
0.10681005016668309
0.10316494175504626
0.10076285927397546
0.10124456756781619
0.10485611174109447
0.10246557639415466
0.09891421994702622
0.09891421994702622
0.10356140182003797
0.10401211817993922
0.09709743896617923
0.09661149569655056
0.09661149569655056
0.09661149569655056
0.09509217549106225
0.09509217549106225
0.09483089011034901
0.09483089011034901
0.09557527530369947
0.09965297313195827
0.09965297313195827
0.09965297313195827
0.09965297313195827
0.09965297313195827
0.09594925437111915
0.10213148052012679
0.10213148052012679
0.10213148052012679
0.1017493680089861
0.10716858348276959
0.10716858348276959
