0.11991421057771538
0.11991421057771538
0.11991421057771538
0.11991421057771538
0.11991421057771538
0.11991421057771538
0.11991421057771538
0.11991421057771538
0.11991421057771538
0.11991421057771538
0.11991421057771538
0.11991421057771538
0.11991421057771538
0.11991421057771538
0.11991421057771538
0.11991421057771538
0.11991421057771538
0.11991421057771538
0.11991421057771538
0.11991421057771538
0.11991421057771538
0.11991421057771538
0.11991421057771538
0.11991421057771538
0.11991421057771538
0.11991421057771538
0.11991421057771538
0.11991421057771538
0.11991421057771538
0.11991421057771538
0.11991421057771538
0.11991421057771538
0.11991421057771538
0.11991421057771538
0.11991421057771538
0.11991421057771538
0.11991421057771538
0.11991421057771538
0.11991421057771538
0.11991421057771538
0.11991421057771538
0.11991421057771538
0.11991421057771538
0.11991421057771538
0.11991421057771538
0.11991421057771538
0.11991421057771538
0.11991421057771538
0.11991421057771538
0.11991421057771538
0.11991421057771538
0.11991421057771538
0.11991421057771538
0.11991421057771538
0.11991421057771538
0.11991421057771538
0.11991421057771538
0.11991421057771538
0.11991421057771538
0.11991421057771538
0.11991421057771538
0.11991421057771538
0.11991421057771538
0.11991421057771538
0.11991421057771538
0.11991421057771538
0.11991421057771538
0.11991421057771538
0.11991421057771538
0.11991421057771538
0.11991421057771538
0.11991421057771538
0.11991421057771538
0.11991421057771538
0.11991421057771538
0.11991421057771538
0.11991421057771538
0.11991421057771538
0.11991421057771538
0.11991421057771538
0.11991421057771538
0.11991421057771538
0.11991421057771538
0.11991421057771538
0.11991421057771538
0.11991421057771538
0.11991421057771538
0.11991421057771538
0.11991421057771538
0.11991421057771538
0.11991421057771538
0.11991421057771538
0.11991421057771538
0.11991421057771538
0.11991421057771538
0.11991421057771538
0.11991421057771538
0.11991421057771538
0.11991421057771538
0.11562332910392908
0.11485992715390973
0.11688125390135479
0.11291257419691005
0.11132148102054344
0.11132148102054344
0.10988990759679318
0.10988990759679318
0.10988990759679318
0.10988990759679318
0.11428321809628099
0.11428321809628099
0.11428321809628099
0.11428321809628099
0.11436806470889407
0.11634639276792058
0.11634639276792058
0.11634639276792058
0.11396086915480699
0.11367666839446668
0.11151778119810946
0.11151778119810946
0.11151778119810946
0.11101186638453572
0.1169709970038599
0.11640438423107528
0.11640438423107528
0.11241318256160249
0.11253659521669658
0.11253659521669658
0.10963994142781675
0.10963994142781675
0.10963994142781675
0.11060966766785307
0.11060966766785307
0.11180749788339489
0.10964595868011578
0.10964595868011578
0.10964595868011578
0.10964595868011578
0.10964595868011578
0.10964595868011578
0.10964595868011578
0.11064025311745374
0.11064025311745374
0.11064025311745374
0.11164300413126954
0.11164300413126954
0.11164300413126954
0.11164300413126954
0.11164300413126954
0.11164300413126954
0.11177664439718459
0.11177664439718459
0.11011759869193039
0.11011759869193039
0.11011759869193039
0.11153875260886986
0.11153875260886986
0.11148195690699136
0.11148195690699136
0.11148195690699136
0.11147200018239983
0.11147200018239983
0.1097278673047136
0.11056984199412287
0.11056984199412287
0.11056984199412287
0.11056984199412287
0.11007638304908869
0.11007638304908869
0.11007638304908869
0.11136283436364504
0.108577078697373
0.108577078697373
0.108577078697373
0.108577078697373
0.108577078697373
0.10625172684836064
0.10625172684836064
0.10560713505146539
0.1061913543108113
0.1061913543108113
0.10731156346692024
0.10665087628043668
0.1050653902635522
0.1050653902635522
0.1050653902635522
0.1050653902635522
0.1050653902635522
0.10495874941188782
0.10495874941188782
0.10801012756945948
0.1077292321322753
0.1077292321322753
0.1077292321322753
0.1077292321322753
0.1077292321322753
0.10798247069850021
0.10798247069850021
0.10798247069850021
0.108840663274677
0.10920798915654861
0.10920798915654861
0.10920798915654861
0.10920798915654861
0.10923556439128036
0.10923556439128036
0.10923556439128036
0.10923556439128036
0.10923556439128036
0.10923556439128036
0.11032817150451844
0.11032817150451844
0.11034718649683303
0.11034718649683303
0.11034718649683303
0.11121225431022849
0.11336116287614521
0.11392657197531555
0.11392657197531555
0.11443254741818451
0.11547432249024041
0.11547432249024041
0.11587839562778657
0.11567151597610872
0.1132414105030528
0.1132414105030528
0.1132414105030528
0.1132414105030528
0.1132414105030528
0.11014437276709785
0.11155810417817652
0.11159476248327581
0.11159476248327581
0.11159476248327581
0.10962218311078102
0.10962218311078102
0.10962218311078102
0.10856671407703448
0.10651559158771652
0.1077921643090222
0.1077921643090222
0.1077921643090222
0.1077921643090222
0.10815961132323837
0.10815961132323837
0.10727717360202096
0.10727717360202096
0.10727717360202096
0.11374462042224703
0.11387155948890164
0.11387155948890164
0.11387155948890164
0.11387155948890164
0.11168825032596734
0.1113657502617537
0.1113657502617537
0.1113657502617537
0.10949757244568951
0.11011716207765766
0.11011716207765766
0.10800383622279987
0.1090160118715825
0.1090160118715825
0.1090160118715825
0.1090160118715825
0.1090160118715825
0.10970454066630826
0.10970454066630826
0.10970454066630826
0.11246719847150928
0.11246719847150928
0.11214278116220473
0.11112484344334664
0.11065502921745674
0.11065502921745674
0.11065502921745674
0.11065502921745674
0.1072563123397009
0.10642606891157928
0.10642606891157928
0.10642606891157928
0.11110958835443725
0.11110958835443725
0.11110958835443725
0.11422646270382047
0.11575340649187259
0.1134809088573966
0.11293974064775
0.11334060674932687
0.11249214032785156
0.11266798778642347
0.11266798778642347
0.11466859479716313
0.11466859479716313
0.11712505509316572
0.1162916199325591
0.1162916199325591
0.1162916199325591
0.11536085177721826
0.11560424617936281
0.11654938217742672
0.11690895919870425
0.11748625520578904
0.11748625520578904
0.11748625520578904
0.11748625520578904
0.11748625520578904
0.11408384063866313
0.11408384063866313
0.11418970040821332
0.11418970040821332
0.11336528104366751
0.11300207387831175
0.11300207387831175
0.11300207387831175
0.11500710004905355
0.11500710004905355
0.11500710004905355
0.11500710004905355
0.11500710004905355
0.11354642787639185
0.11354642787639185
0.11354642787639185
0.11242216609881041
0.11242216609881041
0.11242216609881041
0.11242216609881041
0.11242216609881041
0.11242216609881041
0.11242216609881041
0.11242216609881041
0.11170849204743905
0.11170849204743905
0.11170849204743905
0.11170849204743905
0.11117939803639793
0.10889905960412369
0.10973964162352218
0.10958525528643853
0.10958525528643853
0.10957684828473821
0.10957684828473821
0.10957684828473821
0.10957684828473821
0.10957684828473821
0.11002423549061273
0.11002423549061273
0.11002423549061273
0.10962838579812846
0.10972912130305539
0.11234635038070348
0.11313601406791621
0.11313601406791621
0.11422283403573145
0.11290013323298911
0.11029714493654462
0.10997122851791188
0.11032043208899078
0.1138852659144159
0.1138852659144159
0.1138852659144159
0.11281511662753313
0.11615089563240716
0.11601756381911515
0.11601756381911515
0.11596024007626206
0.11596024007626206
0.11580318688641662
0.11580318688641662
0.11673243469551665
0.11343280624135395
0.11363597544075686
0.11363597544075686
0.11363597544075686
0.11279465720002851
0.11279465720002851
0.11544786141681712
0.11590225316704911
0.11614310994713474
0.115159294013826
0.115159294013826
0.11523778022986629
0.11523778022986629
0.11523778022986629
0.11542794298596966
0.11652887341830198
0.11652887341830198
0.11341960595961793
0.11040479690566299
0.11040479690566299
0.1096078026358524
0.11172178161357521
0.1128373536129383
0.1120040267537168
0.11133361981273364
0.11133361981273364
0.11374792775503463
0.11204506803707066
0.11204506803707066
0.11424115105739648
0.11666927697482733
0.11692737589187958
0.11692737589187958
0.11692737589187958
0.11556475929053205
0.11787095359755628
0.11711371228578636
0.1143707830039254
0.1143707830039254
0.11532317985144792
0.11532317985144792
0.11532317985144792
0.11532317985144792
0.11532317985144792
0.11532317985144792
0.11532317985144792
0.11532317985144792
0.1124946400203807
0.1124946400203807
0.1124946400203807
0.1124946400203807
0.1124946400203807
0.1124946400203807
0.1124946400203807
0.11002606978091976
0.10902388101678612
0.11346757090033939
0.1157657346871243
0.11596955411268658
0.1144916373542749
0.1144916373542749
0.1144916373542749
0.1144916373542749
0.11365464133901465
0.11365464133901465
0.10796536196696882
0.11096330108802133
0.10673236580579323
0.10673236580579323
0.10885999176990072
0.10890672520614769
0.10853144110903212
0.10469616206417008
0.10811299668660797
0.10811299668660797
0.1074118191212218
0.1074118191212218
0.1074118191212218
0.1074118191212218
0.1074118191212218
0.10724883280766112
0.10750965793413593
0.10750965793413593
0.10877599808602637
0.10877599808602637
0.10822306638924281
0.10874966017745982
0.10874966017745982
0.10764976970405257
0.11098762824269551
0.11098762824269551
0.11098762824269551
0.10967506282017131
0.10728096911789917
0.10728096911789917
0.10776425015675187
0.10891757310227725
0.10930991627357442
0.1081154840264109
0.1081154840264109
0.1081154840264109
0.1081154840264109
0.1081154840264109
0.10776387466374897
0.10776387466374897
0.10722043572552517
0.10722043572552517
0.10722043572552517
0.10722043572552517
0.1094618794839383
0.1094618794839383
0.1094618794839383
0.1094618794839383
0.11009157349439276
0.10845826203462826
0.10845826203462826
0.10845826203462826
0.10834164031031311
0.10914639590607998
0.10914639590607998
0.10914639590607998
0.10914639590607998
0.10911109304468142
0.10911109304468142
0.10936053700073949
0.10936053700073949
0.10741907247711913
0.10774111151169882
0.10774111151169882
0.10774111151169882
0.10862685870338637
0.10790578798815048
0.10790578798815048
0.10790578798815048
0.10790578798815048
0.11550737463298583
0.11550737463298583
0.11550737463298583
0.11550737463298583
0.1139941626366599
0.1129354888544723
0.11231554830176688
0.11231554830176688
0.11231554830176688
0.11231554830176688
0.11231554830176688
0.11231554830176688
0.11436491226718126
0.11436491226718126
0.1134112333745373
0.1134112333745373
0.11370286398009301
0.11490536826309089
0.11090125748231579
0.11090125748231579
0.10998081482889527
0.10918996650755679
0.10959931562436985
0.10959931562436985
0.10816316533227492
0.10658046309120378
0.10658046309120378
0.10658046309120378
0.10658046309120378
0.10658046309120378
0.10658046309120378
0.10770238550901974
0.10770238550901974
0.10770238550901974
0.1084834225794839
0.10812558209207199
0.10812558209207199
0.10690391959860358
0.10724136321377704
0.10724136321377704
0.10724136321377704
0.10724136321377704
0.10724136321377704
0.10724136321377704
0.10724136321377704
0.10462691426053752
0.10758823548449956
0.10758823548449956
0.10758823548449956
0.10758823548449956
0.10758823548449956
0.10733160183920606
0.10733160183920606
0.10733160183920606
0.10549337347970589
0.10549337347970589
0.10549337347970589
0.10549337347970589
0.1022529558634763
0.1022529558634763
0.10195962269784481
0.10344370084613662
0.10344370084613662
0.10327996369010929
0.10327996369010929
0.10363298874974944
0.10400782846369441
0.10863045556305298
0.10863045556305298
0.1082169839274517
0.1082169839274517
0.1082169839274517
0.10996277867504646
0.11157890097812698
0.11114012607852039
0.11114012607852039
0.11114012607852039
0.11114012607852039
0.11073664852087699
0.11364143410293212
0.11364143410293212
0.11030436021801299
0.11030436021801299
0.10846572847805366
0.11224667193726633
0.11224667193726633
0.11224667193726633
0.1136476245211783
0.11185698657015956
0.11185698657015956
0.11185698657015956
0.11185698657015956
0.10816490427474401
0.10816490427474401
0.10816490427474401
0.10661082423390675
0.10661082423390675
0.10782134589012118
0.11140998328646141
0.11142423455752255
0.11142423455752255
0.11132843744566571
0.11179128121588522
0.11179128121588522
0.11218297916321014
0.11218297916321014
0.11218297916321014
0.11218297916321014
0.11229276721250771
0.11229276721250771
0.11229276721250771
0.11229276721250771
0.11229276721250771
0.11358849136957579
0.11358849136957579
0.11498760742112774
0.11417315169357739
0.11376989210543363
0.11310365928480726
0.1133777981650799
0.11124471952113381
0.10231955268427904
0.10716013161972744
0.10716013161972744
0.10782669018199259
0.10850042100186817
0.10850042100186817
0.10707002497775585
0.10756412177087223
0.10756412177087223
0.10756412177087223
0.10756412177087223
0.10501012775941682
0.10501012775941682
0.10501012775941682
0.10501012775941682
0.10501012775941682
0.10501012775941682
0.10597797577524964
0.10706879553100984
0.10706879553100984
0.10706879553100984
0.10706879553100984
0.10748956529921579
0.10729888829495582
0.10634737881923476
0.10634737881923476
0.10634737881923476
0.10634737881923476
0.10770543913172989
0.10745082864190336
0.10745082864190336
0.10745082864190336
0.10745082864190336
0.10641133491687683
0.10641133491687683
0.10533966644686622
0.10496699611186902
0.10746182395841826
0.10746182395841826
0.10820711590675128
0.10820711590675128
0.10820711590675128
0.10820711590675128
0.10820711590675128
0.10820711590675128
0.10825152902467995
0.10825152902467995
0.10919932006764797
0.10835473964204846
0.10835473964204846
0.10835473964204846
0.10885943191907496
0.10885943191907496
0.10885943191907496
0.11099062141021655
0.11230569397846948
0.11230569397846948
0.11057787045509888
0.11184641035895164
0.11403255280297554
0.1149836990838827
0.11370882806029797
0.11343624151662247
0.11343624151662247
0.11363017413885691
0.11363017413885691
0.11363017413885691
0.11363017413885691
0.11274197676276616
0.1108089541504164
0.10764571614353148
0.10764571614353148
0.10764571614353148
0.10764571614353148
0.10767693371536154
0.10767693371536154
0.10933592719461423
0.11086941383970075
0.11086941383970075
0.11086941383970075
0.10974837734942622
0.10974837734942622
0.10974837734942622
0.11046381721659596
0.11046381721659596
0.11046381721659596
0.11046381721659596
0.1086156130270732
0.11160634556303037
0.11374719108319355
0.11374719108319355
0.11374719108319355
0.1148064475721247
0.1148064475721247
0.1148064475721247
0.1148064475721247
0.11326038839421412
0.11326038839421412
0.11326038839421412
0.11326038839421412
0.11326038839421412
0.1143819544072893
0.1143819544072893
0.1143819544072893
0.1143819544072893
0.11642122349008556
0.11616622970105088
0.11616622970105088
0.11175339809795465
0.11175339809795465
0.11175339809795465
0.1117512208100633
0.1117512208100633
0.1117512208100633
0.1117512208100633
0.11180209954681453
0.1139420895823193
0.1113552522312156
0.11171069701141526
0.11171069701141526
0.11171069701141526
0.11095104158402427
0.11083324770877871
0.11083324770877871
0.10919233279244603
0.10876275494388463
0.11177111292865098
0.11223564196349198
0.11223564196349198
0.11223564196349198
0.11223564196349198
0.11223564196349198
0.11223564196349198
0.11223564196349198
0.11223564196349198
0.11223564196349198
0.11238899524138789
0.11238899524138789
0.10768429604316522
0.1109494826487181
0.1109494826487181
0.1109494826487181
0.1110697726149629
0.1110697726149629
0.1110697726149629
0.1110697726149629
0.11339112511585586
0.11339112511585586
0.11339112511585586
0.11339112511585586
0.11250119125423275
0.11250119125423275
0.11390944006866693
0.11390944006866693
0.11130648931766615
0.11351856748609448
0.11351856748609448
0.11142138698833616
0.11221702469343321
0.11221702469343321
0.11110967911326301
0.11399453009444319
0.11399453009444319
0.11698362697915726
0.11698362697915726
0.11698362697915726
0.11670111274435788
0.11670111274435788
0.11941147468734793
0.11941147468734793
0.11941147468734793
0.11967219503616519
0.11845106384574301
0.11817333056721824
0.11817333056721824
0.11741448122468476
0.11468354218200398
0.11468354218200398
0.1156339621312555
0.11189720890924885
0.11189720890924885
0.11189720890924885
0.11189720890924885
0.11189720890924885
0.11009564557767436
0.11009564557767436
0.11296265690110728
0.11296265690110728
0.11112129503389064
0.11107643202450439
0.11107643202450439
0.11018209236032979
0.11018209236032979
0.11018209236032979
0.11021410766442509
0.11021410766442509
0.11200194749970005
0.11200194749970005
0.11005624258784405
0.11171783515350231
0.11171783515350231
0.11171783515350231
0.11171783515350231
0.1094657749993663
0.1094657749993663
0.1094657749993663
0.1094657749993663
0.1094657749993663
0.11012039981851841
0.1113337924141231
0.1113337924141231
0.11437379517079399
0.11437379517079399
0.11437379517079399
0.11332003591360117
0.11332003591360117
0.11442370925874203
0.1127514232636552
0.10966978686199369
0.10966978686199369
0.10966978686199369
0.10966978686199369
0.1111941630191033
0.11297443154396201
0.11297443154396201
0.11297443154396201
0.11408832964025856
0.11290202426971316
0.11290202426971316
0.11290202426971316
0.11142395197806534
0.11142395197806534
0.11456644191584832
0.11456644191584832
0.11213714047704175
0.1126329384305915
0.11434064928609802
0.11269720704308778
0.11269720704308778
0.11281644572835034
0.11281644572835034
0.11321742944679082
0.11321742944679082
0.11102262735950445
0.11102262735950445
0.1127420546083866
0.111983406394114
0.11228056833318263
0.11253763637975817
0.11253763637975817
0.11253763637975817
0.11253763637975817
0.11253763637975817
0.11180931076247701
0.11180931076247701
0.1117321468713756
0.1117321468713756
0.1117321468713756
0.11146562918716695
0.11203034447097238
0.11050995366140419
0.10960597092301468
0.10960597092301468
0.10960597092301468
0.10960597092301468
0.1124909557789152
0.1124909557789152
0.11054434620581018
0.10833433402974925
0.10651736570431934
0.10651736570431934
0.10651736570431934
0.10651736570431934
0.10735327665399597
0.11072293104523133
0.11072293104523133
0.1123402013337627
0.1123402013337627
0.11410850740315916
0.11410850740315916
0.11410850740315916
0.11410850740315916
0.11237696962892897
0.11237696962892897
0.11237696962892897
0.11394438119776226
0.11263028819315275
0.11263028819315275
0.11263028819315275
0.113025838947864
0.113025838947864
0.113025838947864
0.113025838947864
0.113025838947864
0.11647429527753084
0.11647429527753084
0.11647429527753084
0.11647429527753084
0.11647429527753084
0.11647429527753084
0.11647429527753084
0.11800511472359611
0.117032202593646
0.11382774887508372
0.11349221200408813
0.11349221200408813
0.11349221200408813
0.11810479907289437
0.11810479907289437
0.11810479907289437
0.11690464273684173
0.1173138295755536
0.1173138295755536
0.1173138295755536
0.11708024321789999
0.1146615110499615
0.1146615110499615
0.1146615110499615
0.11668956442164402
0.11668956442164402
0.11668956442164402
0.11668956442164402
0.11442834081834662
0.1154176379065028
0.1154176379065028
0.1154176379065028
0.1154176379065028
0.1154176379065028
0.1154176379065028
0.1154176379065028
0.11250336046086355
0.112454247760043
0.11665922314897866
0.11665922314897866
0.11967503655399547
0.11515589347650501
0.11515589347650501
0.11660940580290925
0.11833394864435139
0.11719900616843629
0.12016471651913578
0.12016471651913578
0.11888203907293764
0.11888203907293764
0.11630700519819018
0.11630700519819018
0.11808138727023733
0.11808138727023733
0.11808138727023733
0.11808138727023733
0.11794752183165604
0.11818891747037301
0.11818891747037301
0.11639673960720934
0.11639673960720934
0.11639673960720934
0.11538185538875338
0.11584676413180633
0.11555540428838508
0.11555540428838508
0.11370565736208946
0.11516663576548246
0.11412048837813657
0.11131751098525232
0.11251756011161244
0.11251756011161244
0.11251756011161244
0.11251756011161244
0.11251756011161244
0.1152854563310957
0.1152854563310957
0.11098077928431417
0.11098077928431417
0.11098077928431417
0.11098077928431417
0.11098077928431417
0.10988807387561939
0.10988807387561939
0.11022154785484575
0.11179480013685282
0.11591138765656751
0.11664813491914822
0.1187718304581816
0.1187718304581816
0.1187718304581816
0.11865722820262514
0.11869043483841488
0.11869043483841488
0.11853967678490736
0.11723540966267788
0.11723540966267788
0.11771360976968771
0.11771360976968771
0.11771360976968771
0.11771360976968771
0.11771360976968771
0.1180779968654258
0.11746503359680041
0.11746503359680041
0.11638515016094915
0.1161627272457725
0.11558257610489064
0.11571908871282587
0.11399136805622553
0.11399136805622553
0.11399136805622553
0.11514098829566817
0.11218802095701592
0.10859865597203755
0.10859865597203755
0.10859865597203755
0.10962523832568802
0.10962523832568802
0.10685313291506979
0.10685313291506979
0.10776910252145425
0.10737835380028855
0.10737835380028855
0.10737835380028855
0.10964239999016079
0.10848370995466881
0.10702101306125705
0.10702101306125705
0.10734822068773683
0.10707647892048984
0.10707647892048984
0.10705926208176128
0.10705926208176128
0.10858567399712814
0.10796691516877613
0.10796691516877613
0.10663832147209067
0.10692063939253574
0.10692063939253574
0.10764446935893958
0.10764446935893958
0.11093439466570494
0.11093439466570494
0.11093439466570494
0.10809351707667372
0.10925718497107059
0.10925718497107059
0.10925718497107059
0.10925718497107059
0.10925718497107059
0.11006416888465598
0.11006416888465598
0.10950667043709612
0.10950667043709612
0.10950667043709612
0.11021529070924879
0.10954714337380224
0.1088103718571622
0.1088103718571622
0.1088103718571622
0.11107944793004632
0.11065008517821895
0.10903856383590173
0.10903856383590173
0.10903856383590173
0.1111271636285576
0.11113276188605778
0.11113276188605778
0.11113276188605778
0.11113276188605778
0.11113276188605778
0.11113276188605778
0.11420770058203566
0.11377833448564087
0.11377833448564087
0.11377833448564087
0.11377833448564087
0.11377833448564087
0.11377833448564087
0.11377833448564087
0.11377833448564087
0.11377833448564087
0.11666330437590768
0.1145801726244659
0.11637468384426901
0.11585916426475955
0.11585916426475955
0.11563320741678555
0.11563320741678555
0.11509718127372802
0.11509718127372802
0.11584727270881197
0.11700582199980858
0.11444872030829455
0.11444872030829455
0.11444872030829455
0.11540598694215794
0.11540598694215794
0.11540598694215794
0.11625900104927225
0.11625900104927225
0.11240956234965943
0.10987709135499857
0.10895213516635538
0.10895213516635538
0.11252715099711544
0.11133979935923323
0.11133979935923323
0.11133979935923323
0.11142377004112827
0.1119443573323034
0.1119443573323034
0.1113591413942031
0.11090721103642669
0.11356497712673368
0.11356497712673368
0.11367412508323894
0.11367412508323894
0.11426018595178603
0.11484195202957173
0.11484195202957173
0.11228436936469263
0.11228436936469263
0.11291765272211289
0.11062741062202171
0.11169945719269468
0.11169945719269468
0.11145765082560614
0.11145765082560614
0.11187872404394054
0.11187872404394054
0.11043054099888348
0.1104519822918372
0.11248138715888853
0.11248138715888853
0.11248138715888853
0.11248138715888853
0.11248138715888853
0.11315285092883405
0.11315285092883405
0.11251315237897047
0.11562941605867261
0.11673017141199585
0.11673017141199585
0.11673017141199585
0.11487728831564661
0.11431860533875499
0.11431860533875499
0.11431860533875499
0.11535890220533139
0.11535890220533139
0.11535890220533139
0.11535890220533139
0.11209591762038212
0.11209591762038212
0.11209591762038212
0.11209591762038212
0.11209591762038212
0.11209591762038212
0.11209591762038212
0.11371502007534218
0.11554151353762233
0.11735995051687767
0.1108036509607292
0.1108036509607292
0.1108036509607292
0.11369263729338366
0.11369263729338366
0.11190180653085612
0.11190180653085612
0.11190180653085612
0.11324335730307283
0.11324335730307283
0.11166437200024641
0.10973945238975619
0.10973945238975619
0.111796688007696
0.11299375232105044
0.11299375232105044
0.11299375232105044
0.11187274461972194
0.11187274461972194
0.11187274461972194
0.11187274461972194
0.11256356081313898
0.11144783813150784
0.11416710419196666
0.11416710419196666
0.1148486551364239
0.11740021850302398
0.11847607809743253
0.11847607809743253
0.11741793119423477
0.11683762080429907
0.11683762080429907
0.11525433516635054
0.11711206992909336
0.11654505654649248
0.11654505654649248
0.11654505654649248
0.11504296324048563
0.11396574535928652
0.11764400044069272
0.11764400044069272
0.11747422750633854
0.11747422750633854
0.11791814691911555
0.11791814691911555
0.11791814691911555
0.11559787435446534
0.11559787435446534
0.11559787435446534
0.1181742371152123
0.1181742371152123
0.1181742371152123
0.11817609015145902
0.11761376073592217
0.11761376073592217
0.1165632489720328
0.11778991717001107
0.11778991717001107
0.1176354968210607
0.1176354968210607
0.11759261471727343
0.11485024033378352
0.11485024033378352
0.11587363932445059
0.11461804141436886
0.11461804141436886
0.11461804141436886
0.11461804141436886
0.11461804141436886
0.11461804141436886
0.11207445241390512
0.11185608012864165
0.11123577830430383
0.11246089878492736
0.11246089878492736
0.11246089878492736
0.11246089878492736
0.11246089878492736
0.11204999852664675
0.11204999852664675
0.11461596495519812
0.11461596495519812
0.11461237375242525
0.11461237375242525
0.11461237375242525
0.11652517480560541
0.11652517480560541
0.11652517480560541
0.11217990306797844
0.11217990306797844
0.11217990306797844
0.11217990306797844
0.11217990306797844
0.11208976652319312
0.11430998639653876
0.11430998639653876
0.11256721637534002
0.11256721637534002
0.10943588821528026
0.10943588821528026
0.10943588821528026
0.10943588821528026
0.10943588821528026
0.10943588821528026
0.10943588821528026
0.11183603593440057
0.11335998443085264
0.11450043169455161
0.11654643811325444
0.11416447757953001
0.11416447757953001
0.1113393783505352
0.1113393783505352
0.1113393783505352
0.1113393783505352
0.1113393783505352
0.11167941187388318
0.10978586202917454
0.11017308764249482
0.10985683781715834
0.10985683781715834
0.11065021632887671
0.11065021632887671
0.10691379288540524
0.1075382503292354
0.10661843926428703
0.10661843926428703
0.10661843926428703
0.10988730528095923
0.11059976887985529
0.11059976887985529
0.11059976887985529
0.11059976887985529
0.11059976887985529
0.1107436428547932
0.10899129428588845
0.10899129428588845
0.10899129428588845
0.10899129428588845
0.10899129428588845
0.10798377377582337
0.1079859435124963
0.10528475769239323
0.10558851723366758
0.10558851723366758
0.10558851723366758
0.10558851723366758
0.10558851723366758
0.10721238436244744
0.10721238436244744
0.10721238436244744
0.10721238436244744
0.10747120955311298
0.1088943187519509
0.1088943187519509
0.10862125052013036
0.10862125052013036
0.10862125052013036
0.10862125052013036
0.10862125052013036
0.11062970083135554
0.11062970083135554
0.10971787564881681
0.10843940029207697
0.10835723605764902
0.10678957945200301
0.10485606152940036
0.10485606152940036
0.105124970348948
0.10868561093182104
0.10868561093182104
0.10868561093182104
0.10868561093182104
0.10934261334203396
0.10934261334203396
0.10934261334203396
0.10934261334203396
0.10934261334203396
0.10934261334203396
0.10934261334203396
0.10934261334203396
0.10934261334203396
0.10934261334203396
0.10798933544939023
0.10642021707598787
0.10642021707598787
0.10642021707598787
0.10642021707598787
0.10870084520814234
0.10870084520814234
0.11022552707936428
0.10740952462334293
0.10745089528247546
0.10666161558869901
0.10666161558869901
0.10666161558869901
0.10637358774227215
0.10637358774227215
0.10766433481975587
0.1073573294269176
0.11096142452490078
0.11096142452490078
0.11096142452490078
0.11025579990583037
0.11140876700221806
0.1128080623741044
0.1128080623741044
0.1128080623741044
0.11344996242828509
0.11344996242828509
0.11090480013735368
0.11090480013735368
0.11029502759811391
0.11214327707831785
0.1135378517163626
0.1135378517163626
0.1135378517163626
0.11214185407470634
0.11214185407470634
0.11214185407470634
0.11196434782847103
0.10942619229842701
0.10938956946980495
0.10938956946980495
0.10938956946980495
0.10938956946980495
0.10938956946980495
0.10938956946980495
0.10913446363478958
0.10913446363478958
0.10949677420990249
0.1111063057705668
0.11407599915217463
0.11407599915217463
0.11308187391690273
0.11308187391690273
0.11116799670590231
0.10834444187186167
0.10834444187186167
0.10834444187186167
0.11007280147366068
0.10906513523933002
0.10906513523933002
0.10906513523933002
0.1078043201395718
0.1078043201395718
0.10558773949134266
0.10474315279538146
0.10474315279538146
0.10474315279538146
0.10401700708755819
0.10406511513055329
0.10564417556348162
0.10625171984582434
0.10625171984582434
0.10625171984582434
0.10876163174858268
0.11187920097479914
0.11187920097479914
0.11187920097479914
0.11090703470773726
0.11090703470773726
0.10980105167241302
0.11235100425674938
0.11235100425674938
0.10926379273377067
0.10943220423621619
0.10943220423621619
0.10943220423621619
0.10943220423621619
0.10943220423621619
0.10881737443373675
0.10881737443373675
0.10117791946738872
0.10158833305151328
0.10158833305151328
0.10158833305151328
0.10158833305151328
0.10158833305151328
0.10158833305151328
0.10158833305151328
0.10158833305151328
0.10158833305151328
0.10158833305151328
0.10338037069848174
0.10251086905080711
0.10251086905080711
0.1025722512672556
0.1018303125204065
0.1018303125204065
0.1018303125204065
0.1018303125204065
0.1018303125204065
0.1018303125204065
0.10432833927532799
0.10432833927532799
0.10432833927532799
0.10340883860821393
0.10340883860821393
0.10340883860821393
0.10340883860821393
0.10340883860821393
0.10280091284780112
0.10698147925533555
0.10698147925533555
0.10698147925533555
0.10698147925533555
0.10698147925533555
0.10698147925533555
0.10889369495401115
0.10889369495401115
0.10889369495401115
0.10889369495401115
0.10889369495401115
0.10889369495401115
0.10956673563337449
0.10956673563337449
0.10900694225519701
0.11319830308157247
0.11159929610726131
0.11159929610726131
0.11054221202936962
0.11325477150878659
0.11449988377793908
0.11616663717040855
0.11616663717040855
0.11660277700248271
0.11660277700248271
0.11660277700248271
0.11471863188934067
0.11471863188934067
0.11471863188934067
0.11294160065939912
0.11326438664970771
0.11326438664970771
0.11255912236042905
0.11421842372491281
0.11355893930500341
0.11355893930500341
0.1099979241331493
0.1099979241331493
0.1099979241331493
0.10757742922004779
0.10757742922004779
0.10751926118943209
0.10651698746128807
0.1077969619498726
0.10632959587365086
0.10678355860214311
0.10678355860214311
0.10485154577365483
0.1063657308494546
0.1063657308494546
0.1063657308494546
0.1068207481141403
0.1068207481141403
0.1068207481141403
0.10844835253707281
0.10844835253707281
0.10697688885167478
0.10861908942721732
0.10865613835970644
0.10865613835970644
0.10911556712832722
0.10838544699771344
0.10838544699771344
0.10722555601722865
0.10722555601722865
0.11108188320922066
0.10501981760779784
0.10501981760779784
0.10330587858699677
0.10330587858699677
0.10330587858699677
0.10282643327773078
0.10282643327773078
0.10577145651570484
0.10577145651570484
0.10577145651570484
0.10429327972426787
0.10429327972426787
0.11033826202857716
0.11163431707686777
0.11163431707686777
0.11163431707686777
0.11163431707686777
0.11163431707686777
0.10760850014703498
0.10760850014703498
0.10760850014703498
0.10906054906803589
0.10906054906803589
0.10783347784665974
0.10783347784665974
0.10783347784665974
0.10783347784665974
0.10185506017715298
0.10185506017715298
0.10185506017715298
0.10612556988306027
0.10612556988306027
0.10677406607401645
0.10363658573418848
0.10363658573418848
0.10383851691640948
0.10091612919504896
0.10091612919504896
0.10115909243876284
0.10400765307684545
0.10448326378166577
0.1060564466415811
0.1060564466415811
0.10273687785485001
0.10319269126466082
0.10493723508791095
0.10493723508791095
0.10493723508791095
0.10493723508791095
0.10493723508791095
0.10434541784195758
0.10434541784195758
0.10601604101915008
0.10601604101915008
0.10601604101915008
0.10601604101915008
0.10509453837446227
0.10509453837446227
0.10509453837446227
0.10509453837446227
0.10509453837446227
0.10408799585689946
0.103332029761299
0.103332029761299
0.103332029761299
0.103332029761299
0.103332029761299
0.10215219783398387
0.1030322630573291
0.1030322630573291
0.1030322630573291
0.1030322630573291
0.10088011924364326
0.10133128470231353
0.10133128470231353
0.10133128470231353
0.1051955674838054
0.10476884344536043
0.10476884344536043
0.10604642846335093
0.10604642846335093
0.10604642846335093
0.10632831383078702
0.10784353531793457
0.10784353531793457
0.10839084799155445
0.11103482299708271
0.11103482299708271
0.11103482299708271
0.11103482299708271
0.11103482299708271
0.11199242036994018
0.11199242036994018
0.11118157275826025
0.11118157275826025
0.11118157275826025
0.11118157275826025
0.11169153910972952
0.11110366810094469
0.11110366810094469
0.10763725130145899
0.10763725130145899
0.10763725130145899
0.10763725130145899
0.107144771454372
0.107144771454372
0.107144771454372
0.107144771454372
0.10850792826828647
0.10774726968480562
0.10786365690553332
0.10702017181640334
0.10883976111588897
0.10883976111588897
0.10883976111588897
0.10883976111588897
0.10915429376386482
0.10858396611614585
0.10858396611614585
0.10858396611614585
0.11243796782137211
0.11225572898214542
0.11054866141516134
0.11174807317219078
0.11234818489775561
0.11234818489775561
0.11234818489775561
0.10944407187149514
0.10944407187149514
0.1127649572564858
0.11166352134453944
0.11207971065396559
0.10930596303030965
0.10930596303030965
0.10878619684180013
0.10878619684180013
0.107909912901171
0.107909912901171
0.11024118718200085
0.11024118718200085
0.11165389062486046
0.11165389062486046
0.11209491348598075
0.11209491348598075
0.1127121505547247
0.1127121505547247
0.11000312583987656
0.11000312583987656
0.11000312583987656
0.11000312583987656
0.11000312583987656
0.11000312583987656
0.110092720276767
0.110092720276767
0.110092720276767
0.110092720276767
0.110092720276767
0.110092720276767
0.10596051529556849
0.10939198294201892
0.10959566541074608
0.1087345777708913
0.11130285300040203
0.11130285300040203
0.11130285300040203
0.11130285300040203
0.11130285300040203
0.11015956534074436
0.11015956534074436
0.11015956534074436
0.11170574707429778
0.11199234319148944
0.11199234319148944
0.11199234319148944
0.11199234319148944
0.11611679903825653
0.11611679903825653
0.11611679903825653
0.11480462216867436
0.11480462216867436
0.1161357712936457
0.11541045791250398
0.11541045791250398
0.11738835235837945
0.11738835235837945
0.11619813211840739
0.11503429271704592
0.11696133099410662
0.1173646351648794
0.11770591609942141
0.1160474123363849
0.1160474123363849
0.1154617279833566
0.1154617279833566
0.1154617279833566
0.11834166740998843
0.11834166740998843
0.11628296014662134
0.11589094728633713
0.11589094728633713
0.11623226451326911
0.11623226451326911
0.11675588760983134
0.11675588760983134
0.11527197711966396
0.11527197711966396
0.11434363828828163
0.11434363828828163
0.11434363828828163
0.11434363828828163
0.11135144399936239
0.11135144399936239
0.11337198091124392
0.11337198091124392
0.11337198091124392
0.11268058577193932
0.11021459062026491
0.1086550529377977
0.1105402801565145
0.1105402801565145
0.10880439197817171
0.11263215981592584
0.11263215981592584
0.11192821868620907
0.11192539747381657
0.11192539747381657
0.11192539747381657
0.10928750592968012
0.10928750592968012
0.10968301042308874
0.10997943476743739
0.11110325186640153
0.11074583444645024
0.11074583444645024
0.11074583444645024
0.11063738553532886
0.11063738553532886
0.11063738553532886
0.11063738553532886
0.11063738553532886
0.11130328755631182
0.11130328755631182
0.10942913490650921
0.10920900943054072
0.10920900943054072
0.10920900943054072
0.10702477361970708
0.10702477361970708
0.10728924720344214
0.10728924720344214
0.10464742301112351
0.10551072613110421
0.10551072613110421
0.10741612954750188
0.10909617055904981
0.10909617055904981
0.10865359004235235
0.10840682823467289
0.10840682823467289
0.10840682823467289
0.10847922947177259
0.10847922947177259
0.10847922947177259
0.10847922947177259
0.10864974391356534
0.10864974391356534
0.10864974391356534
0.10864974391356534
0.10527606427361812
0.10407076947573318
0.1042313895393272
0.1042313895393272
0.1038041414605325
0.10457579506075451
0.10457579506075451
0.10457579506075451
0.10380032777443834
0.10380032777443834
0.10290518912842161
0.10678314856521057
0.10665631199098685
0.10683409434699707
0.10622917705287155
0.10792113111510758
0.10792113111510758
0.10540469037782314
0.10615789863564004
0.10564910287096298
0.10564910287096298
0.10545311791608737
0.10787160913267103
0.10633542970478255
0.10617292124055734
0.10644426545739819
0.10644426545739819
0.10644426545739819
0.10478233251651288
0.1058061240804122
0.1058061240804122
0.1058061240804122
0.10768549718621641
0.11057001869147368
0.10965656302543375
0.10965656302543375
0.10748468944132372
0.10906104495052944
0.10792603344165286
0.10792603344165286
0.10792603344165286
0.10792603344165286
0.10792603344165286
0.10851679822727389
0.10851679822727389
0.1085645297413286
0.1085645297413286
0.10848863704096713
0.10848863704096713
0.11057768281544521
0.10704589852444833
0.1092659602459118
0.1092659602459118
0.1092659602459118
0.1092659602459118
0.1092659602459118
0.1092659602459118
0.1092659602459118
0.1106989738744203
0.1106989738744203
0.11320295752500333
0.11198191719134189
0.11198191719134189
0.10985520436109317
0.11133008365410445
0.10917527767404954
0.10917527767404954
0.11035027671534017
0.11035027671534017
0.11021228071105348
0.11021228071105348
0.11021228071105348
0.11021228071105348
0.11021228071105348
0.11021228071105348
0.11051913716292285
0.11170896519249152
0.11170896519249152
0.11101264020880172
0.11243589018953842
0.11625844427381586
0.11359445882260932
0.11593077510056228
0.11593077510056228
0.11220616119324073
0.11220616119324073
0.11220616119324073
0.11746415240670602
0.1188055105283755
0.11861009692478967
0.11861009692478967
0.11861009692478967
0.11861009692478967
0.11861009692478967
0.11251712558094919
0.11400125783930853
0.11400125783930853
0.11400125783930853
0.11236203199037756
0.11236203199037756
0.11236203199037756
0.11236203199037756
0.11247412141671997
0.11540508844095429
0.11540508844095429
0.11540508844095429
0.11540508844095429
0.11540508844095429
0.11317463320018012
0.11317463320018012
0.11317463320018012
0.10989907753624872
0.10989907753624872
0.11104050299710291
0.11104050299710291
0.11104050299710291
0.11104050299710291
0.11104050299710291
0.11324172378519785
0.11299923809093501
0.11300598963248684
0.11300598963248684
0.11300598963248684
0.11300598963248684
0.11300598963248684
0.11136173709978275
0.11390455642556985
0.1109177803650465
0.11473480074289971
0.11473480074289971
0.11417973594027671
0.11585784644870654
0.11397963800585759
0.11397963800585759
0.1140526601035408
0.11615977745002178
0.11615977745002178
0.11723070116477807
0.11723070116477807
0.11889547249719512
0.11889547249719512
0.11889547249719512
0.11860598216369794
0.11860598216369794
0.1168043777405421
0.11829095216731522
0.11772950413601886
0.1173517523433128
0.1173517523433128
0.1145233957035149
0.1145233957035149
0.1138951546106871
0.1141705687645914
0.11781744475486308
0.11703451535126896
0.11598235343948342
0.11598235343948342
0.11611449654258937
0.11611449654258937
0.11611449654258937
0.11611449654258937
0.11611449654258937
0.11484914049558445
0.11484914049558445
0.11584561859901849
0.11584561859901849
0.11584561859901849
0.11584561859901849
0.11584561859901849
0.11584561859901849
0.11580640650804272
0.11580640650804272
0.11644543872041126
0.11155576752214752
0.11226903974822089
0.11226903974822089
0.11249857528763982
0.11249857528763982
0.11249857528763982
0.1122171053879554
0.1122171053879554
0.1122171053879554
0.11164848427476201
0.11291821499263156
0.1133642100153812
0.10901568640039336
0.10901568640039336
0.10936228120880727
0.10936228120880727
0.10976496094714586
0.11155759021001675
0.11009504633671463
0.11009504633671463
0.11009504633671463
0.11269973883433074
0.11245338894717721
0.11245338894717721
0.11221662603055073
0.11240278377413453
0.11240278377413453
0.11240278377413453
0.11272050063880537
0.11319435956495463
0.11319435956495463
0.11319435956495463
0.11319435956495463
0.11319435956495463
0.11319435956495463
0.11216657071296296
0.11216657071296296
0.11287497082507333
0.11287497082507333
0.11303317887646114
0.11303317887646114
0.11089365334416927
0.11089365334416927
0.11089365334416927
0.11352437501777707
0.11352437501777707
0.11352437501777707
0.11352437501777707
0.11384367465266322
0.11384367465266322
0.11384367465266322
0.11301495477133422
0.11547244696486168
0.11532490298873489
0.11920741077892406
0.11497509807097243
0.11497509807097243
0.11614090861046264
0.11407002316930047
0.11407002316930047
0.11407002316930047
0.11407002316930047
0.11407002316930047
0.1120205451298837
0.1120205451298837
0.11323111359480763
0.11119251035791033
0.11403772322218303
0.11156557904140561
0.11156557904140561
0.11156557904140561
0.111777971079987
0.111777971079987
0.111777971079987
0.111777971079987
0.111777971079987
0.11091275825927033
0.11091275825927033
0.11077977905205262
0.11077977905205262
0.11071530389603286
0.10724558620577261
0.10724558620577261
0.1071084746281406
0.10787358334035103
0.10787358334035103
0.10787358334035103
0.10787358334035103
0.10787358334035103
0.10551212365349597
0.10551212365349597
0.10551212365349597
0.10551212365349597
0.10751918116706208
0.10751918116706208
0.10751918116706208
0.10784706900039717
0.10890431885338563
0.10890431885338563
0.10890431885338563
0.10890431885338563
0.10890431885338563
0.1087563749700391
0.1087563749700391
0.1087563749700391
0.10819118677768018
0.11080047738868001
0.114066545946855
0.114066545946855
0.11203884099870662
0.11203884099870662
0.11289933728361459
0.11232392469743366
0.11232392469743366
0.11232392469743366
0.11232392469743366
0.11232392469743366
0.11232392469743366
0.11232392469743366
0.11062230855290729
0.11062230855290729
0.11062230855290729
0.11062230855290729
0.10857239923072977
0.11012757347044524
0.11012757347044524
0.10857485900533573
0.10857485900533573
0.10641031363816271
0.10852756565055668
0.10852756565055668
0.10852756565055668
0.10681661361683709
0.10681661361683709
0.10709220835545034
0.10648497604776325
0.10648497604776325
0.10648497604776325
0.1103932421170549
0.1103932421170549
0.1103932421170549
0.1103932421170549
0.1103932421170549
0.11308909170451506
0.11308909170451506
0.11308909170451506
0.11172951156887218
0.11172951156887218
0.10928533619506672
0.10928533619506672
0.10928533619506672
0.10928533619506672
0.10928533619506672
0.10962520468262613
0.10962520468262613
0.10962520468262613
0.10962520468262613
0.10962520468262613
0.10962520468262613
0.10923282407114249
0.10890006860757842
0.10890006860757842
0.11030838144833995
0.11030838144833995
0.11030838144833995
0.11030838144833995
0.11030838144833995
0.11392836662074056
0.11392836662074056
0.11392836662074056
0.11392836662074056
0.11392836662074056
0.11392836662074056
0.11392836662074056
0.11392836662074056
0.11392836662074056
0.11296741934901888
0.11104837040350263
0.11104837040350263
0.11445899116086283
0.11445899116086283
0.11453822790333586
0.11453822790333586
0.11453822790333586
0.11369609652297083
0.11443422158618535
0.11443422158618535
0.11311948824832468
0.11311948824832468
0.11309164264220165
0.11827763449283914
0.118471473000093
0.11820525413283293
0.11384570626973248
0.11412674310093462
0.11392475541647955
0.11392475541647955
0.11613895174924742
0.1132259582626933
0.11466589815748587
0.11466589815748587
0.11476306217269744
0.11476306217269744
0.11092157606900556
0.11092157606900556
0.11092157606900556
0.11092157606900556
0.11092157606900556
0.11198902358629925
0.11198902358629925
0.11181762741779058
0.11181762741779058
0.11296182059711325
0.11387488604889189
0.11387488604889189
0.11386373748661453
0.11386373748661453
0.113950005521822
0.11250163286270096
0.11250163286270096
0.11250163286270096
0.11396466808370294
0.11396466808370294
0.11396466808370294
0.11396466808370294
0.11396466808370294
0.11396466808370294
0.10800007426461727
0.10800007426461727
0.10957015125333092
0.10965608240007359
0.10965608240007359
0.11129021233459711
0.11373285125132528
0.11025044384443633
0.11018269106463359
0.1124365990515382
0.11483492434045332
0.11483492434045332
0.11483492434045332
0.10958112536123726
0.10958112536123726
0.10958112536123726
0.10958112536123726
0.10958112536123726
0.1111147557824835
0.11457076481629332
0.11166694083158947
0.11166694083158947
0.11234949276506169
0.11234949276506169
0.11234949276506169
0.11234949276506169
0.11234949276506169
0.11503885381170906
0.11441681102296399
0.11441681102296399
0.11125810538030079
0.10796735862482838
0.10796735862482838
0.10796735862482838
0.10796735862482838
0.10780530806150578
0.10780530806150578
0.10673924981099862
0.10673924981099862
0.10955286035938405
0.10955286035938405
0.11021664375876053
0.11310180240463356
0.11310180240463356
0.1110041474285509
0.1104483412192765
0.11140336515666627
0.10920541737614736
0.10998280601255783
0.10752155306166479
0.10752155306166479
0.10752155306166479
0.10752155306166479
0.10752155306166479
0.10752155306166479
0.10752155306166479
0.10752155306166479
0.10594730383409066
0.1091409204709041
0.1091409204709041
0.107963318425102
0.10818166578900523
0.10912698940692592
0.10912698940692592
0.10912698940692592
0.10912698940692592
0.10769280663761041
0.10726068821939624
0.10840583180394703
0.10744927945780408
0.11135310371637366
0.11090199538680642
0.11090199538680642
0.11090199538680642
0.11090199538680642
0.11090199538680642
0.11480410869766064
0.11480410869766064
0.11480410869766064
0.11370040360979194
0.11370040360979194
0.1112981500466411
0.10954898368560112
0.11126770307631953
0.11126770307631953
0.11126770307631953
0.11126770307631953
0.1095228043873552
0.11181412166142307
0.11191724318349676
0.11383900494169086
0.11383900494169086
0.11347242805985983
0.113550476248522
0.1126536692789007
0.1126536692789007
0.1126536692789007
0.11235116550382829
0.11507383100237477
0.11413694862672148
0.1117629175374356
0.1117629175374356
0.10984605179193793
0.10984605179193793
0.10984605179193793
0.10984605179193793
0.10984605179193793
0.10984605179193793
0.10984605179193793
0.1053486923355816
0.1053486923355816
0.1053486923355816
0.10262581977665347
0.1059811317391108
0.1059811317391108
0.10654823330891293
0.10770559305280292
0.10770559305280292
0.1063569865100787
0.1063569865100787
0.1063569865100787
0.10655067997110197
0.10540484895065429
0.10576638657801885
0.1067340810672063
0.10685362612975267
0.10685362612975267
0.10832692665327379
0.107802813011048
0.107802813011048
0.107802813011048
0.107802813011048
0.107802813011048
0.10870690016460917
0.10870690016460917
0.1094552200844221
0.1094552200844221
0.1094552200844221
0.1109823658193411
0.11149584970031057
0.11149584970031057
0.11024723243610182
0.10829890497819074
0.10353617700016318
0.10353617700016318
0.10353617700016318
0.10353617700016318
0.10530264302960689
0.10530264302960689
0.10628036464856447
0.10628036464856447
0.10628036464856447
0.10628036464856447
0.10628036464856447
0.10628036464856447
0.10723252107118109
0.10849690794985291
0.10849690794985291
0.10815285336593818
0.10296898316418793
0.10137102338455428
0.10137102338455428
0.10137102338455428
0.10137102338455428
0.10137102338455428
0.10137102338455428
0.10137102338455428
0.1033113739138535
0.10427760080726985
0.10427760080726985
0.10427760080726985
0.10579442119418665
0.10672341934227164
0.10672341934227164
0.10458570260090343
0.10458570260090343
0.10458570260090343
0.1089690072433979
0.1089690072433979
0.1089690072433979
0.1089690072433979
0.1089690072433979
0.106721154153523
0.1085486392909348
0.1085486392909348
0.10927967445496872
0.10859501423931678
0.10718110228338588
0.10436524153961053
0.10436524153961053
0.10472391203756626
0.10317141393196567
0.10317141393196567
0.10172014253876052
0.1045483805727471
0.1045483805727471
0.1045483805727471
0.1045483805727471
0.1033557491757727
0.1033557491757727
0.1033557491757727
0.10504862869482406
0.10504862869482406
0.10504862869482406
0.10504862869482406
0.10831962606736407
0.10831962606736407
0.10950654870687529
0.10857516057372986
0.11044782476692935
0.11044782476692935
0.10653542635554604
0.10560435936282703
0.10381688768645611
0.10381688768645611
0.10381688768645611
0.10318799644661274
0.10424268954989203
0.10424268954989203
0.10655007647448118
0.10655007647448118
0.10655007647448118
0.10655007647448118
0.10677608886160617
0.10601841607446917
0.10601841607446917
0.10601841607446917
0.10601841607446917
0.10601841607446917
0.11058417214352771
0.11106084679243183
0.11106084679243183
0.11106084679243183
0.11106084679243183
0.11106084679243183
0.11062193007553686
0.11356649048509165
0.11356649048509165
0.11427734222157357
0.11749034854954643
0.11710453998235182
0.11375306577690898
0.11375306577690898
0.11375306577690898
0.11375306577690898
0.11375306577690898
0.11375306577690898
0.11375306577690898
0.11512949726909397
0.11512949726909397
0.11512949726909397
0.1168631076613415
0.11433329180582892
0.11433329180582892
0.11541055844603361
0.11541055844603361
0.1172571925480477
0.11478971348663526
0.11253432577182414
0.11230136895494115
0.11230136895494115
0.11230136895494115
0.11230136895494115
0.11230136895494115
0.11230136895494115
0.11293726771315146
0.11293726771315146
0.11311178576116288
0.11427793559505083
0.11427793559505083
0.11245156808584977
0.11245156808584977
0.11245156808584977
0.11245156808584977
0.11362638255657553
0.11362638255657553
0.11096716235087453
0.11096716235087453
0.11096716235087453
0.11096716235087453
0.11096716235087453
0.11096716235087453
0.10947726114916476
0.10947726114916476
0.1107798746504166
0.11136803920274334
0.11035968321806656
0.11179146036551198
0.11179146036551198
0.11179146036551198
0.11179146036551198
0.11326931837762168
0.11070466081734172
0.11443288382895922
0.11443288382895922
0.1138753270206039
0.1138753270206039
0.1138753270206039
0.11504647307402287
0.11504647307402287
0.1175956243886491
0.1175956243886491
0.12008126204029641
0.11757353745956572
0.11757353745956572
0.11757353745956572
0.11757353745956572
0.11661151326862744
0.11661151326862744
0.11661151326862744
0.11661151326862744
0.11661151326862744
0.11661151326862744
0.11661151326862744
0.11661151326862744
0.11661151326862744
0.11661151326862744
0.11333154818126812
0.11676150659042128
0.1131726692731018
0.1131726692731018
0.11169421811699042
0.11542620595393778
0.11598993273173544
0.11598993273173544
0.11730220698053288
0.11604432026226799
0.11604432026226799
0.11470889376853546
0.1153975013867333
0.11231310835553655
0.11231310835553655
0.11231310835553655
0.11231310835553655
0.11165285472638
0.11178742181535739
0.11250403413322003
0.11250403413322003
0.11361495298100036
0.11145072257120965
0.11145072257120965
0.11145072257120965
0.11145072257120965
0.11145072257120965
0.11155517359031776
0.11297288523254738
0.1130517244806736
0.1130517244806736
0.1129911401498969
0.11268742536492907
0.11140891112597981
0.11384763678704446
0.11400023582392528
0.11400023582392528
0.11400023582392528
0.11400023582392528
0.11400023582392528
0.11400023582392528
0.11179123154572979
0.11498550664153538
0.11498550664153538
0.11498550664153538
0.11498550664153538
0.11661281388090142
0.11661281388090142
0.11661281388090142
0.11661281388090142
0.11661281388090142
0.11661281388090142
0.11661281388090142
0.11661281388090142
0.11661281388090142
0.114505538892715
0.11311197446308627
0.11074240417031254
0.11074240417031254
0.11074240417031254
0.11074240417031254
0.11262896295153753
0.11262896295153753
0.11455625987668586
0.11455625987668586
0.11455625987668586
0.11455625987668586
0.11429272385652331
0.11429272385652331
0.1110450815995525
0.11748134433480684
0.11217495721885558
0.11132801043218193
0.11132801043218193
0.11132801043218193
0.11033169472947324
0.11378098862219183
0.11378098862219183
0.11378098862219183
0.11355266022704524
0.11355266022704524
0.11355266022704524
0.11355266022704524
0.11355266022704524
0.11355266022704524
0.11619840196821696
0.11617836151664664
0.11498974969305034
0.11276522277306654
0.11654881705989736
0.11880528064048672
0.1187898578947797
0.11670913620331863
0.11670913620331863
0.1173610204328494
0.11605142320613056
0.11605142320613056
0.11334281745054375
0.11698801439406928
0.11698801439406928
0.11698801439406928
0.11698801439406928
0.11795258251152402
0.11795258251152402
0.11795258251152402
0.11795258251152402
0.11689568897373889
0.11603598187919684
0.11603598187919684
0.11603598187919684
0.11603598187919684
0.11683506345268685
0.11683506345268685
0.117938571818393
0.11773201080945632
0.11660626897615348
0.11660626897615348
0.11660626897615348
0.11638404546335908
0.11638404546335908
0.11456481510205589
0.11286559073608474
0.11286559073608474
0.11286559073608474
0.11273193053660374
0.11273193053660374
0.11273193053660374
0.11069474740967454
0.11006304173764553
0.11006304173764553
0.11006304173764553
0.11006304173764553
0.11006304173764553
0.11029096234309128
0.11029096234309128
0.11029096234309128
0.10897982176027851
0.10608318416392357
0.10807259813996756
0.11221555738759631
0.11221555738759631
0.11221555738759631
0.11221555738759631
0.11221555738759631
0.11038905836388634
0.11038905836388634
0.11003261896017745
0.11198680804818514
0.11198680804818514
0.11153021218884347
0.11153021218884347
0.11153021218884347
0.11106449497842183
0.11106449497842183
0.10705599693207948
0.10705599693207948
0.10846128234312857
0.10846128234312857
0.10846128234312857
0.10846128234312857
0.11530721522385744
0.11530721522385744
0.11530721522385744
0.11456214513109164
0.11586234142250625
0.11586234142250625
0.11586234142250625
0.11586234142250625
0.11586234142250625
0.11586234142250625
0.11639586695643608
0.11953452394550283
0.12173959820854645
0.12173959820854645
0.11940219255080187
0.11940219255080187
0.11940219255080187
0.12129265746789268
0.11933279392502512
0.11806072737574944
0.11806072737574944
0.11945032965112634
0.11945032965112634
0.11665860063627097
0.11796987332891991
0.12094315566063013
0.12094315566063013
0.12333006750891995
0.12032054094013987
0.12032054094013987
0.12032054094013987
0.12032054094013987
0.11903303257597182
0.11903303257597182
0.11903303257597182
0.11903303257597182
0.12025940479435614
0.12025940479435614
0.12025940479435614
0.12025940479435614
0.12138431833066322
0.12138431833066322
0.12101707829437855
0.120592470485583
0.120592470485583
0.120592470485583
0.1180501369601295
0.1180501369601295
0.11890876173806172
0.11473090868096598
0.11392074452039347
0.11392074452039347
0.11168531668375589
0.11168531668375589
0.11168531668375589
0.11168531668375589
0.11075770713836712
0.1109471493959323
0.1109471493959323
0.1109471493959323
0.1117956087187386
0.1117956087187386
0.1117956087187386
0.1117956087187386
0.10994368220656661
0.10994368220656661
0.10994368220656661
0.10994368220656661
0.10994368220656661
0.11022119058113046
0.11022119058113046
0.1109516873584961
0.1109516873584961
0.1109516873584961
0.11039577360431328
0.11039577360431328
0.11039577360431328
0.11008810081521231
0.10922512564190183
0.10922512564190183
0.10922512564190183
0.10922512564190183
0.10909274800777928
0.10909274800777928
0.10909274800777928
0.1076786109510287
0.1076786109510287
0.10592042997616008
0.10592042997616008
0.10592042997616008
0.10592042997616008
0.10856650417185044
0.11022262885070556
0.11022262885070556
0.11022262885070556
0.1085623443390153
0.10932172713714136
0.10650211257873916
0.10530816999376189
0.10643763353373742
0.10676054191099811
0.10676054191099811
0.10664711790179167
0.10636842990424292
0.10636842990424292
0.103347376533101
0.1046971965994543
0.1046971965994543
0.1046971965994543
0.1046971965994543
0.1046971965994543
0.10912389551613094
0.10912389551613094
0.10912389551613094
0.10913813463758286
0.10913813463758286
0.10839986530565637
0.10839986530565637
0.10605819206221279
0.10835834602490715
0.10835834602490715
0.10835834602490715
0.10835834602490715
0.10693412998062951
0.10693412998062951
0.10693412998062951
0.10693412998062951
0.10475936638847073
0.10896935003928268
0.10896935003928268
0.1120352494327995
0.1120352494327995
0.1120352494327995
0.11262884770775826
0.1101696996045398
0.1101696996045398
0.1101696996045398
0.1101696996045398
0.1101696996045398
0.1101696996045398
0.1101696996045398
0.1112184336431141
0.1112184336431141
0.11013404693251871
0.11263511280684385
0.11287115511321139
0.11287115511321139
0.11287115511321139
0.1126616979341009
0.1126616979341009
0.11219383735763952
0.1133302826003429
0.11178145515097702
0.11178145515097702
0.11142020216917563
0.11142020216917563
0.1134393335271441
0.1134393335271441
0.1134393335271441
0.1113753462565484
0.11226046527943591
0.11226046527943591
0.1110060284154074
0.11157787967615954
0.11157787967615954
0.11298722000759485
0.11298722000759485
0.11298722000759485
0.1116749428133794
0.1116749428133794
0.1116749428133794
0.10966609311211478
0.10966609311211478
0.10798236177308562
0.10798236177308562
0.1098682502627576
0.1098682502627576
0.1098682502627576
0.10992841359332624
0.10992841359332624
0.10927782664021089
0.10832420226695087
0.10832420226695087
0.10832420226695087
0.10473131873199225
0.10535314128793022
0.10346140808555052
0.10370958244092882
0.10370958244092882
0.10519504515072803
0.10274623085444026
0.10214475174540713
0.10083164547808562
0.10083164547808562
0.10131173646323928
0.10131173646323928
0.10325945363554916
0.1028125084318711
0.1028125084318711
0.10477432893525977
0.10121051511214921
0.10121051511214921
0.10091933766803918
0.10392597739248419
0.10392597739248419
0.10392597739248419
0.10392597739248419
0.1073961077503459
0.1073961077503459
0.1073961077503459
0.1073961077503459
0.1073961077503459
0.10431612391183845
0.10431612391183845
0.10431612391183845
0.10681763201482343
0.10441905915141478
0.10426345000212553
0.10491726937928676
0.10434199722201837
0.10434199722201837
0.10434199722201837
0.10434199722201837
0.10434199722201837
0.10434199722201837
0.10346357407241763
0.10346357407241763
0.10357018737465018
0.10227913444503378
0.10227913444503378
0.10227913444503378
0.10227913444503378
0.10227913444503378
0.10297849697324025
0.10481212218142602
0.10481212218142602
0.10098643591972539
0.10098643591972539
0.09966124216204962
0.09871524411543596
0.10328661623860699
0.10178275909858961
0.10178275909858961
0.10178275909858961
0.10178275909858961
0.10395587305485367
0.10381797237280185
0.10381797237280185
0.10381797237280185
0.10288701569718954
0.10288701569718954
0.1048057184598964
0.1048057184598964
0.10308033066853495
0.10246284145553504
0.10246284145553504
0.10246284145553504
0.1021914449129422
0.1021914449129422
0.10516413175814009
0.10323437708460158
0.10323437708460158
0.0984687213358347
0.0984687213358347
0.10575506463729942
0.10575506463729942
0.10575506463729942
0.10561986889997688
0.10561986889997688
0.10561986889997688
0.1043842690421776
0.1043842690421776
0.10633323458242765
0.10716467306450322
0.10730517990830281
0.10730517990830281
0.10730517990830281
0.10515651575841312
0.10681357884920575
0.10681357884920575
0.10853028892886885
0.10853028892886885
0.10853028892886885
0.10853028892886885
0.10853028892886885
0.10853028892886885
0.10853028892886885
0.10682742945072654
0.10742663016878759
0.10742663016878759
0.10742663016878759
0.10742663016878759
0.10742663016878759
0.1055837591913634
0.1071184206091196
0.10789460905200259
0.10789460905200259
0.10789460905200259
0.10789460905200259
0.10789460905200259
0.10789460905200259
0.10789460905200259
0.11252595500227032
0.11252595500227032
0.11252595500227032
0.11252595500227032
0.11340567009006174
0.11340567009006174
0.11340567009006174
0.11133951293018148
0.11133951293018148
0.11133951293018148
0.11198405071153711
0.11198405071153711
0.11198405071153711
0.11198405071153711
0.11198405071153711
0.11198405071153711
0.11198405071153711
0.11198405071153711
0.1091981807053467
0.11071349615182495
0.11451607820692564
0.11383602401560843
0.11383602401560843
0.11383602401560843
0.11383602401560843
0.11383602401560843
0.11383602401560843
0.11351670704880325
0.11329133997390514
0.11316158950513797
0.11429678892781542
0.11352717895110775
0.11352717895110775
0.11352717895110775
0.11352717895110775
0.11352717895110775
0.11075490465997022
0.11075490465997022
0.11075490465997022
0.11081351630172492
0.11081351630172492
0.11081351630172492
0.10992972571742828
0.11152417678684491
0.11152417678684491
0.11152417678684491
0.11152417678684491
0.11152417678684491
0.11152417678684491
0.10984749784884341
0.1091737816439466
0.11085272390833097
0.11085272390833097
0.11085272390833097
0.11085272390833097
0.11085272390833097
0.11245052357353226
0.11245052357353226
0.11245052357353226
0.11245052357353226
0.11126276684509061
0.11126276684509061
0.11090643277673777
0.11471326407529839
0.11471326407529839
0.11492742916719893
0.11492742916719893
0.11492742916719893
0.1146465673494544
0.1146465673494544
0.11514653884061032
0.11122091192831338
0.11122091192831338
0.11144410535565454
0.11243399095291118
0.11670575997067509
0.11677234220103751
0.1187425900003508
0.11887897975321465
0.11938864009509782
0.11938864009509782
0.11938864009509782
0.11938864009509782
0.11938864009509782
0.11557818308812201
0.11461264359662479
0.11123029632941085
0.11123029632941085
0.11123029632941085
0.11410002367256168
0.11067578056925811
0.11218315957646756
0.11063678841525065
0.11063678841525065
0.10990191723084906
0.11104218432189213
0.11319775914463523
0.11319775914463523
0.11486089839007835
0.11486089839007835
0.11486089839007835
0.11567192504284707
0.11318341759346981
0.11318341759346981
0.10930309434833885
0.10930309434833885
0.10930309434833885
0.10930309434833885
0.11063097301317257
0.11063097301317257
0.11063097301317257
0.11063097301317257
0.11063097301317257
0.11063097301317257
0.11091062329847268
0.10821677661020156
0.10821677661020156
0.11269525758111315
0.11323411453866601
0.11384557660098495
0.11384557660098495
0.11384557660098495
0.11384557660098495
0.11384557660098495
0.11391574066854428
0.11306996794268087
0.11306996794268087
0.11306996794268087
0.11193580398969567
0.11193580398969567
0.11148232811077317
0.11148232811077317
0.11249040316113956
0.11380155911820619
0.11364342701715431
0.11654682399666341
0.11654682399666341
0.11654682399666341
0.11654682399666341
0.11654682399666341
0.11423866924611681
0.11423866924611681
0.11423866924611681
0.11423866924611681
0.11467171983355752
0.11467171983355752
0.11401444470962606
0.11401444470962606
0.11401444470962606
0.11406197897117337
0.11332881403405859
0.11571226635434766
0.11571226635434766
0.11571226635434766
0.11684647779786596
0.11684647779786596
0.11542350466319061
0.11597884233069894
0.11474941197158585
0.11474941197158585
0.11474941197158585
0.11609608636272165
0.11339591477526813
0.11339591477526813
0.11339591477526813
0.11339591477526813
0.11187786677810446
0.11187786677810446
0.11187786677810446
0.11414970127092847
0.11414970127092847
0.11414970127092847
0.11414970127092847
0.11463556317672405
0.11491256318878837
0.11491256318878837
0.11491256318878837
0.11491256318878837
0.11491256318878837
0.11491256318878837
0.11574679872720144
0.11542716263292672
0.11732571590650896
0.11732571590650896
0.11868674098942317
0.11868674098942317
0.12003138997475986
0.11626965502482868
0.11626965502482868
0.11626965502482868
0.11626965502482868
0.11626965502482868
0.11626965502482868
0.1164449887454995
0.1164449887454995
0.1164449887454995
0.1164449887454995
0.11672797142976361
0.11861910199154659
0.12113210396571307
0.1208215697181256
0.1208215697181256
0.12053539164778507
0.11971517457299018
0.12048129394796755
0.11975097820562239
0.11975097820562239
0.11968140063887595
0.11968140063887595
0.11772945525939975
0.11735401080063043
0.11905535653924182
0.11905535653924182
0.11672291220332767
0.11706494455296051
0.11706494455296051
0.11436047505402823
0.11883803199580299
0.11883803199580299
0.11883803199580299
0.11883803199580299
0.11883803199580299
0.11883803199580299
0.11883803199580299
0.11883803199580299
0.11852153884385358
0.11852153884385358
0.12109938716663542
0.12107368626390047
0.1191709398180044
0.1191709398180044
0.12014956251768581
0.12014956251768581
0.12014956251768581
0.12014956251768581
0.11983810435190993
0.11983810435190993
0.11983810435190993
0.11983810435190993
0.11581469596104564
0.1156255685824346
0.11555110354560427
0.11617303779728572
0.11617303779728572
0.1183501948088606
0.1183501948088606
0.1183501948088606
0.1183501948088606
0.1213364352030151
0.11896605892404911
0.11831723241733566
0.11581469755819356
0.11914545619126288
0.12005948135386825
0.12052121342843804
0.12052121342843804
0.12052121342843804
0.11992915273340322
0.11992915273340322
0.11885999764692946
0.11643605880331638
0.11643605880331638
0.11783533193874818
0.11783533193874818
0.11743792118037513
0.11983652638557234
0.1216381473447797
0.1216381473447797
0.11692971936883098
0.11692971936883098
0.11453594551569746
0.11415856852239921
0.11415856852239921
0.11365397959538628
0.11474764153108527
0.11474764153108527
0.11747872567213159
0.11747872567213159
0.11747872567213159
0.11622721434622513
0.11846160343238532
0.11846160343238532
0.11846160343238532
0.11846160343238532
0.11846160343238532
0.11846160343238532
0.11846160343238532
0.11759259913880674
0.11698740304293238
0.11698740304293238
0.11899567517034546
0.11893618294803361
0.12314416727540613
0.12314416727540613
0.12314416727540613
0.1184173977956722
0.1184173977956722
0.1184173977956722
0.11913902280560554
0.11913902280560554
0.11913902280560554
0.11883195398575937
0.11883195398575937
0.11893681919781715
0.11726670356902556
0.11726670356902556
0.1122383396108879
0.11676992471039555
0.11676992471039555
0.1128809726832595
0.1128809726832595
0.1128809726832595
0.1090847798840421
0.11206774505118991
0.11206774505118991
0.11206774505118991
0.11206774505118991
0.11466623074241046
0.11008123908835316
0.11008123908835316
0.11011257187371683
0.11011257187371683
0.113365074482433
0.11179390244630072
0.11179390244630072
0.11179390244630072
0.11179390244630072
0.11179390244630072
0.11179390244630072
0.11179390244630072
0.11179390244630072
0.11179390244630072
0.11179390244630072
0.11179390244630072
0.11304791881627443
0.11304791881627443
0.11237286981346005
0.11293839193167374
0.11589719001889869
0.11589719001889869
0.11589719001889869
0.11589719001889869
0.11589719001889869
0.11589719001889869
0.11589719001889869
0.1157608219022057
0.1157608219022057
0.1157608219022057
0.11683814518525013
0.11476897254906548
0.11476897254906548
0.11476897254906548
0.11755369448970658
0.11779236152409935
0.11310329301834195
0.1152191088395231
0.11575903447094535
0.11575903447094535
0.11575903447094535
0.11414624765780998
0.11414624765780998
0.11414624765780998
0.1136346778548965
0.1136346778548965
0.11276909506927371
0.11276909506927371
0.11276909506927371
0.11276909506927371
0.11276909506927371
0.11276909506927371
0.11319551124318777
0.1132606785200495
0.1132606785200495
0.1132606785200495
0.1132606785200495
0.116825742443343
0.116825742443343
0.116825742443343
0.11647120735911982
0.11749791529135635
0.11749791529135635
0.11559961738503273
0.11406761240935631
0.11406761240935631
0.11406761240935631
0.11406761240935631
0.11406761240935631
0.11406761240935631
0.11406761240935631
0.11406761240935631
0.11240316249596466
0.11240316249596466
0.11240316249596466
0.11240316249596466
0.11240316249596466
0.11240316249596466
0.11240316249596466
0.11240316249596466
0.11224029683978774
0.11224029683978774
0.11268747525574123
0.11268747525574123
0.11268747525574123
0.11243192034543097
0.11876646588125503
0.1191563866463718
0.1191563866463718
0.11780027208586023
0.11851930335668256
0.11827057194488085
0.11467986379046767
0.11467986379046767
0.11600345531326947
0.11600345531326947
0.11568055262274399
0.11568055262274399
0.11568055262274399
0.11196683801699088
0.11177295170560585
0.11126581477501744
0.11126581477501744
0.11096319645661847
0.11096319645661847
0.11096319645661847
0.10920746413657273
0.10722477170318225
0.10722477170318225
0.10722477170318225
0.10848803907546081
0.10934020723777428
0.10934020723777428
0.10934020723777428
0.10934020723777428
0.10934020723777428
0.10934020723777428
0.11044178517129395
0.11044178517129395
0.11044178517129395
0.10979458463112755
0.1130701672206506
0.11490427984995655
0.11344961662741886
0.11344961662741886
0.1098014227833602
0.10929037899892108
0.10937074729440628
0.10937074729440628
0.10937074729440628
0.10937074729440628
0.11141450746284014
0.11062205826402019
0.11062205826402019
0.11062205826402019
0.11364123551646754
0.11364123551646754
0.11282883500259747
0.11282883500259747
0.11282883500259747
0.11153010498793338
0.11174177432557741
0.11174177432557741
0.11407656873403961
0.11089690724018281
0.11089690724018281
0.11051903110987484
0.11051903110987484
0.11135476941192662
0.11135476941192662
0.11135476941192662
0.11135476941192662
0.11135476941192662
0.11135476941192662
0.11135476941192662
0.11152820211194614
0.11152820211194614
0.10974911567609658
0.10974911567609658
0.10974911567609658
0.10974911567609658
0.10974911567609658
0.10974911567609658
0.10974911567609658
0.10974911567609658
0.11303540443016502
0.11445487956884298
0.11454809842779459
0.1170412300746718
0.1170412300746718
0.11751439282005993
0.11447505152560956
0.11447505152560956
0.11447505152560956
0.11447505152560956
0.11447505152560956
0.11447505152560956
0.11505271004582321
0.11163690721148647
0.11050551052155282
0.11050551052155282
0.10928531999227611
0.10969508113375961
0.1112864178682342
0.10889816293358612
0.10889816293358612
0.10865998922858305
0.11021969812561846
0.11071577564565756
0.11071577564565756
0.10949687084754499
0.10949687084754499
0.11118144230190924
0.11118144230190924
0.11118144230190924
0.11118144230190924
0.11118144230190924
0.11087922073260248
0.11359794005477689
0.11359794005477689
0.11102766225953231
0.11102766225953231
0.11102766225953231
0.11179391647409032
0.11142845290776614
0.111416872661497
0.1121990953619533
0.1121990953619533
0.1121990953619533
0.1121990953619533
0.1121990953619533
0.10980875128267137
0.10980875128267137
0.11130708243647938
0.11146346308419205
0.11149099365505516
0.11149099365505516
0.11089777844930539
0.11142775994922659
0.11167961699421884
0.11167961699421884
0.11167961699421884
0.11167961699421884
0.11443320551870265
0.11448269205238394
0.11229977282416845
0.11334733183613246
0.11334733183613246
0.11334733183613246
0.11334733183613246
0.11019250560074524
0.11019250560074524
0.11297679496134773
0.11209863510742864
0.11143566196620104
0.11015306058563248
0.11363165262025582
0.11363165262025582
0.11262617060897868
0.1131122572464837
0.11491845833716921
0.11491845833716921
0.11491845833716921
0.11333045124561052
0.11333045124561052
0.11061004540146573
0.11061004540146573
0.11061004540146573
0.1115305318677282
0.1115305318677282
0.116551221393404
0.11539348780868403
0.11539348780868403
0.11480035999003177
0.11480035999003177
0.11385208335607822
0.11385208335607822
0.11385208335607822
0.1111143256487316
0.1081858593113674
0.1081858593113674
0.1081858593113674
0.10981465239115334
0.10734593409315919
0.10734593409315919
0.10734593409315919
0.10971142651487005
0.10826566141168571
0.10680883908551811
0.10680883908551811
0.10680883908551811
0.10684917962829217
0.10567242883809419
0.10567242883809419
0.10500859793582962
0.10500859793582962
0.10500859793582962
0.10451263452400042
0.10451263452400042
0.10451263452400042
0.10451263452400042
0.10451263452400042
0.10045816785839597
0.10045816785839597
0.10045816785839597
0.10520631267373928
0.10483995581306693
0.10483995581306693
0.10503635341203744
0.10625815923559645
0.10805493416517509
0.10805493416517509
0.10805493416517509
0.10805493416517509
0.10805493416517509
0.1061941419924057
0.1061941419924057
0.10758396945057776
0.10729948331699338
0.10729948331699338
0.10729948331699338
0.10729948331699338
0.10916201661603651
0.10613245255215918
0.10613245255215918
0.10613245255215918
0.10545099491299557
0.10545099491299557
0.10545099491299557
0.11226699102742765
0.11226699102742765
0.11226699102742765
0.11226699102742765
0.11226699102742765
0.11226699102742765
0.11187685861939142
0.11212673599061779
0.11072586178266933
0.11091229572393337
0.1104815172227619
0.1104815172227619
0.11428464643965061
0.1184103513131213
0.11467643025349405
0.11467643025349405
0.11467643025349405
0.11477151842421632
0.11477151842421632
0.11477151842421632
0.11491259205696011
0.11491259205696011
0.11396008326160008
0.11396008326160008
0.11396008326160008
0.11396008326160008
0.11396008326160008
0.11410768265533207
0.11383030669809995
0.11383030669809995
0.11383030669809995
0.11383030669809995
0.11383030669809995
0.11383030669809995
0.11383030669809995
0.11383030669809995
0.11383030669809995
0.11383030669809995
0.11383030669809995
0.11383030669809995
0.11327642445677395
0.11176582727007713
0.11151410136547948
0.11365037819180124
0.11068657205764847
0.10713334618353797
0.10713334618353797
0.10713334618353797
0.10841888247751563
0.11006782913172218
0.11257858542011272
0.1102917208476774
0.1102917208476774
0.11035932908045935
0.11110745105979113
0.11120653048260482
0.11120653048260482
0.11120653048260482
0.11433560258232134
0.11244564212088477
0.11146420111088493
0.11199357055597509
0.11253383710881838
0.10578502507566354
0.10578502507566354
0.10609917247234214
0.10609917247234214
0.10400792599090883
0.10400792599090883
0.10696696658333008
0.10696696658333008
0.10337731345194885
0.10528625091813223
0.10248305057541116
0.10248305057541116
0.10248305057541116
0.10455774036468764
0.10455774036468764
0.10352419027545015
0.10641186212426684
0.10690453010231117
0.10500708248118794
0.10500708248118794
0.10582299882923364
0.10049734788799339
0.10049734788799339
0.10478585758375378
0.10478585758375378
0.10222741207877234
0.10455752238891537
0.10455752238891537
0.10455752238891537
0.10455752238891537
0.10455752238891537
0.10785827796859958
0.10785827796859958
0.10805586613952817
0.10805586613952817
0.10805586613952817
0.10805586613952817
0.10700117483926816
0.10672838560681093
0.10672838560681093
0.10672838560681093
0.10794414661772374
0.10794414661772374
0.10794414661772374
0.10794414661772374
0.10794414661772374
0.10794414661772374
0.10794414661772374
0.10794414661772374
0.10794414661772374
0.10627665570149095
0.10627665570149095
0.10626011389722136
0.10626011389722136
0.10626011389722136
0.10626011389722136
0.10843299542008762
0.10843299542008762
0.10843299542008762
0.10983652971705661
0.10982543528751615
0.10982543528751615
0.10856229105948172
0.10856229105948172
0.10856229105948172
0.10856229105948172
0.10856229105948172
0.10856229105948172
0.10856229105948172
0.10856229105948172
0.10874084280785883
0.10823519285025265
0.10823519285025265
0.10690865716923918
0.10712329406086946
0.10712329406086946
0.10717047699071196
0.10637597915595895
0.10637597915595895
0.10637597915595895
0.10637597915595895
0.10748378051715098
0.10748378051715098
0.10748378051715098
0.1119079201918029
0.11240003594174781
0.11362033939891988
0.11329384656120887
0.11329384656120887
0.11329384656120887
0.11329384656120887
0.1094403983699546
0.1094403983699546
0.10827011559872318
0.10827011559872318
0.10799117841435857
0.11148988981303541
0.11148988981303541
0.10801801542321507
0.10815192516344538
0.10852540335813977
0.10959862885638738
0.11095517599558484
0.11095517599558484
0.11034384420965204
0.11034384420965204
0.11034384420965204
0.11034384420965204
0.11034384420965204
0.10697398648580761
0.10577159301147146
0.10419819574772274
0.10322528040132689
0.10322528040132689
0.10322528040132689
0.10518630298045835
0.10514114804190063
0.10604196742806059
0.10648258047792558
0.10789879664799513
0.10906433171801304
0.10906433171801304
0.11000791249598749
0.11000791249598749
0.10791393798348871
0.10860247579493809
0.10896347132967821
0.1090114609108989
0.1090114609108989
0.1090114609108989
0.1090114609108989
0.10675650600836468
0.10757994463707521
0.10757994463707521
0.10757994463707521
0.10757994463707521
0.10757994463707521
0.10817446652513231
0.10836143844752479
0.10836143844752479
0.11341551716561303
0.11341551716561303
0.11341551716561303
0.11341551716561303
0.11341551716561303
0.11341551716561303
0.10943578947482788
0.11029096768673413
0.11029096768673413
0.11029096768673413
0.11029096768673413
0.11124207782655655
0.1122122621305131
0.1122122621305131
0.1122122621305131
0.11147229044301654
0.11147229044301654
0.11147229044301654
0.10868932927743488
0.10944845232524461
0.11130630687411969
0.11130630687411969
0.10997078390141841
0.10997078390141841
0.10997078390141841
0.10997078390141841
0.11521277618515739
0.11521277618515739
0.1134192810879236
0.1134192810879236
0.1134192810879236
0.1134192810879236
0.1134192810879236
0.11095003097308588
0.11095003097308588
0.11095003097308588
0.11184349552383235
0.11283968390926388
0.11283968390926388
0.11280098221445876
0.11280098221445876
0.11443141990199082
0.10991007808655333
0.10805886669427087
0.10805886669427087
0.10798952515002724
0.10864176983754832
0.10864176983754832
0.10864176983754832
0.11087511436928388
0.11087511436928388
0.10955138797660786
0.10955138797660786
0.11010650806918573
0.11184962400035639
0.11197613969366724
0.11197613969366724
0.11034410726454673
0.10990152360133927
0.10764683666868878
0.10764683666868878
0.10764683666868878
0.10764683666868878
0.10764683666868878
0.10799429668049218
0.10799429668049218
0.10894444522022619
0.10894444522022619
0.10860796073671462
0.11043979786668488
0.11043979786668488
0.11043979786668488
0.11006506487251502
0.1050466314145569
0.10437467345919528
0.10461545982062513
0.10461545982062513
0.10461545982062513
0.10407990111736921
0.10407990111736921
0.1031311899673379
0.10209852897605773
0.10287595813649565
0.10287595813649565
0.10287595813649565
0.10287595813649565
0.10250046039813822
0.10087356940062121
0.10087356940062121
0.09818444731492772
0.09686702489692804
0.09686702489692804
0.09686702489692804
0.09852226959906346
0.09852226959906346
0.10199998436857004
0.10199998436857004
0.10199998436857004
0.10199998436857004
0.10199998436857004
0.10199998436857004
0.10109371279686626
0.10109371279686626
0.09959036913119945
0.09959036913119945
0.09959036913119945
0.09959036913119945
0.10162881163020242
0.10162881163020242
0.10162881163020242
0.10372563147843963
0.10372563147843963
0.10203059908829756
0.10203059908829756
0.10203059908829756
0.1050637117820402
0.1050637117820402
0.10459999067995987
0.10229724939117298
0.10229724939117298
0.10229724939117298
0.10229724939117298
0.10229724939117298
0.10229724939117298
0.10229724939117298
0.0978141899569124
0.10028614815244838
0.10435032980160228
0.10435032980160228
0.09900679493424941
0.09900679493424941
0.09900679493424941
0.09810013954573285
0.10142846136374882
0.10142846136374882
0.10142846136374882
0.10358383280389329
0.10760766904718734
0.10628972256011328
0.10667299127919508
0.10667299127919508
0.10667299127919508
0.10987808532423483
0.10961755949697799
0.10961755949697799
0.11042392539421322
0.11042392539421322
0.10669745741254061
0.10669745741254061
0.10627565896467948
0.10627565896467948
0.10892284608382329
0.10892284608382329
0.10926710152810291
0.10926710152810291
0.1094514097481971
0.1094514097481971
0.1089274242880402
0.10521469668313412
0.10945679826547015
0.10945679826547015
0.10945679826547015
0.10945679826547015
0.1093877972312506
0.1093877972312506
0.1093877972312506
0.10908397673046447
0.10908397673046447
0.10345756976541892
0.10345756976541892
0.10493571897974519
0.10493571897974519
0.10493571897974519
0.10738866612027663
0.10520261453246005
0.10591268849398737
0.1060837375226162
0.1060837375226162
0.1060837375226162
0.1060837375226162
0.10517789193908642
0.10517789193908642
0.10517789193908642
0.10517789193908642
0.10525778371277626
0.10020856663003992
0.10020856663003992
0.10276819485226843
0.10276819485226843
0.10276819485226843
0.10676932525134925
0.10657818997194356
0.10618292801174972
0.10618292801174972
0.10540860080996962
0.10818260909846024
0.1079089843183872
0.1079089843183872
0.10729018307556873
0.10774981167660069
0.10774981167660069
0.11123963359259748
0.11073032737569884
0.10847193975979047
0.10847193975979047
0.10847193975979047
0.10847193975979047
0.11298587689927529
0.11298587689927529
0.11298587689927529
0.11298587689927529
0.11298587689927529
0.11298587689927529
0.11459344813367393
0.1128180165731738
0.1128180165731738
0.1128180165731738
0.11084511518014507
0.1125303242116174
0.10809163712271211
0.10936892501392113
0.11309812317769612
0.11309812317769612
0.11309812317769612
0.11309812317769612
0.11309812317769612
0.11241452121091935
0.11081371052986394
0.10952951372365606
0.10952951372365606
0.10952951372365606
0.11101698469905695
0.11101698469905695
0.11168199776027594
0.11189313593014706
0.11189313593014706
0.11189313593014706
0.1125229731499248
0.1125229731499248
0.1125229731499248
0.1125229731499248
0.11435752766228366
0.11435752766228366
0.11435752766228366
0.11435752766228366
0.11435752766228366
0.11435752766228366
0.1139849169365751
0.11414826492188115
0.11813778082757666
0.11813778082757666
0.11349406649341695
0.11382923341170506
0.11423916134236207
0.11305123345060641
0.11305123345060641
0.11239251822174005
0.11239251822174005
0.11239251822174005
0.11488216469579186
0.11432153786685299
0.11520231006600218
0.11520231006600218
0.11520231006600218
0.11723292573127916
0.11723292573127916
0.11723292573127916
0.11789989802926162
0.11769416444452639
0.11558428457801599
0.11558428457801599
0.11558428457801599
0.11558428457801599
0.11583686615735934
0.11583686615735934
0.11708986517286046
0.12291019951966647
0.12291019951966647
0.12291019951966647
0.12291019951966647
0.12291019951966647
0.12291019951966647
0.12291019951966647
0.12046529927373725
0.12046529927373725
0.12046529927373725
0.12211858927341229
0.12211858927341229
0.11933142474420462
0.11567830658191888
0.11444173930512648
0.11444173930512648
0.11443666505655055
0.11573428008841126
0.11741202235882078
0.12027004941261975
0.12027004941261975
0.12025979177576465
0.12025979177576465
0.11880265134333215
0.11998756253685337
0.11998756253685337
0.12048499192418807
0.11854908457470503
0.11854908457470503
0.11740267559354596
0.11740267559354596
0.11872199678511997
0.11872199678511997
0.11872199678511997
0.11872199678511997
0.11794680169147065
0.11794680169147065
0.11794680169147065
0.11794680169147065
0.11794680169147065
0.11794680169147065
0.11794680169147065
0.11794680169147065
0.11510113365500532
0.11469908075355434
0.11595830060074491
0.11595830060074491
0.11397975961816949
0.11397975961816949
0.11397975961816949
0.11742589261719713
0.11328795750808898
0.11328795750808898
0.11328795750808898
0.11328795750808898
0.11328795750808898
0.11328795750808898
0.11328795750808898
0.11328795750808898
0.11175637600077762
0.11175637600077762
0.11175637600077762
0.10954055506028586
0.10954055506028586
0.10954055506028586
0.10955282235410055
0.10978380916464581
0.11093945823845967
0.11093945823845967
0.11093945823845967
0.11093945823845967
0.1126775370538625
0.1121805801477595
0.1121805801477595
0.1137425183967135
0.1137425183967135
0.1137425183967135
0.1137425183967135
0.1137425183967135
0.1137425183967135
0.11515561517517932
0.11409192250050357
0.11409192250050357
0.1138187815593255
0.11136774942526391
0.11136774942526391
0.10850161908189906
0.10918079751977143
0.10918079751977143
0.10918079751977143
0.10918079751977143
0.10918079751977143
0.10958147451035259
0.10987922671663122
0.10987922671663122
0.10987922671663122
0.11180874239238922
0.11111772927392614
0.11092257370295043
0.11260570824597135
0.11260570824597135
0.11260570824597135
0.11254210510531071
0.11105610368723656
0.11105610368723656
0.11105610368723656
0.11182011906656657
0.11196833827701531
0.11274935098015229
0.11352201514238758
0.10950739184896391
0.10950739184896391
0.10945665531317719
0.11028417046416963
0.11028417046416963
0.11222866483274334
0.11222866483274334
0.11071689849390563
0.11071689849390563
0.11243609901702904
0.11356133321363023
0.10824224687344168
0.10824224687344168
0.10907845613794889
0.10797546234041895
0.10797546234041895
0.10611236036040678
0.10611236036040678
0.10611236036040678
0.10611236036040678
0.10413899838880715
0.10413899838880715
0.10564236541550248
0.10564236541550248
0.1084133921166949
0.11482781397631237
0.11336538184595463
0.11336538184595463
0.11336538184595463
0.11336538184595463
0.11336538184595463
0.11336538184595463
0.10903729268993598
0.10600624610161286
0.10600624610161286
0.10600624610161286
0.10600624610161286
0.10959564313544488
0.10959564313544488
0.10933173117271949
0.10947443328063956
0.10947443328063956
0.10947443328063956
0.10781547247616814
0.10781547247616814
0.10938566369057962
0.10938566369057962
0.10938566369057962
0.10678663314971706
0.10678663314971706
0.10678663314971706
0.10555429814962694
0.10714524248007785
0.10714524248007785
0.10815445747036166
0.10815445747036166
0.10782121674139462
0.10756297591473091
0.10756297591473091
0.10756297591473091
0.11120754330442231
0.11116724787431857
0.11045693711767332
0.11045693711767332
0.11071340687013712
0.11071340687013712
0.1082579898778169
0.1082579898778169
0.1082579898778169
0.10509282629334216
0.10509282629334216
0.1052742341938213
0.10611561225541127
0.10611561225541127
0.108899230210324
0.108899230210324
0.11044633781444761
0.11044633781444761
0.10958864131905494
0.10958864131905494
0.10958864131905494
0.10958864131905494
0.10958864131905494
0.10958864131905494
0.10958864131905494
0.11349366557789145
0.1135387221148976
0.1135387221148976
0.11475269760506074
0.11475269760506074
0.11475269760506074
0.11475269760506074
0.11524429953063978
0.11524429953063978
0.11511716147897277
0.11595911555772659
0.11584413101596507
0.1166607195634006
0.1166607195634006
0.1166607195634006
0.11267683208015397
0.11358080097958825
0.11358080097958825
0.11358080097958825
0.11345070280723
0.11235142526535946
0.11235142526535946
0.11244223800874133
0.11244223800874133
0.11172865829965854
0.11017658366008914
0.11017658366008914
0.11028465491090107
0.11181365005142312
0.10987735712724847
0.10987735712724847
0.11220508789946664
0.11373803074337778
0.11373803074337778
0.11362760120712553
0.11362760120712553
0.11412202434399674
0.11412202434399674
0.11412202434399674
0.11412202434399674
0.11412202434399674
0.11336627555614916
0.11336627555614916
0.11098010908818999
0.1117703692323734
0.1117703692323734
0.1117703692323734
0.1117703692323734
0.1117703692323734
0.1117118453756611
0.11107107127612721
0.11107107127612721
0.11107107127612721
0.1102312319120773
0.1102312319120773
0.10622604122045304
0.10622604122045304
0.10622604122045304
0.10622604122045304
0.10622604122045304
0.10622604122045304
0.1121763503154688
0.1121763503154688
0.1121763503154688
0.11207748578394106
0.11025762790974827
0.11325302728312589
0.11325302728312589
0.11040853545381261
0.1110453460359368
0.1110453460359368
0.10711565598288426
0.10880444117726035
0.10880444117726035
0.10835836221312972
0.10835836221312972
0.10835836221312972
0.10889930951677974
0.10889930951677974
0.1079181990896782
0.11086021285388353
0.11086021285388353
0.10877022555873919
0.10877022555873919
0.10767878507677843
0.10222824073911299
0.10575234182200952
0.10575234182200952
0.10575234182200952
0.10522693365180404
0.10522693365180404
0.1042601736071568
0.1042601736071568
0.1042601736071568
0.10411474535203173
0.10411474535203173
0.10831432730043118
0.10831432730043118
0.10712168976855886
0.10712168976855886
0.1093144226534983
0.1093144226534983
0.1093144226534983
0.1093144226534983
0.11074977494056136
0.11074977494056136
0.10729001485562767
0.10729001485562767
0.10729001485562767
0.10796077167103342
0.10584837414180058
0.10584837414180058
0.10731550626575116
0.10731550626575116
0.10731550626575116
0.10731550626575116
0.10731550626575116
0.10731550626575116
0.11022641039527149
0.11015461606302417
0.11015461606302417
0.11015461606302417
0.11015461606302417
0.10799024877091445
0.11111421436243922
0.11111421436243922
0.1127843364788715
0.11136754172065298
0.10978439482529039
0.10854728082363525
0.10854728082363525
0.10775116178599987
0.10775116178599987
0.10815518179333235
0.10815518179333235
0.10815518179333235
0.10815518179333235
0.10591433317889269
0.10725436834749685
0.1069803565126467
0.10806086466977124
0.10632642744016717
0.10632642744016717
0.10632642744016717
0.10632642744016717
0.10472091978271972
0.10472091978271972
0.104622919611635
0.104622919611635
0.104622919611635
0.104622919611635
0.104622919611635
0.104622919611635
0.10574449508004764
0.10574449508004764
0.10574449508004764
0.1085437219303445
0.1085437219303445
0.10840918315454096
0.10840918315454096
0.10875537714538773
0.10623455833166935
0.10881329399800165
0.10430321342864102
0.10511771627471793
0.10511771627471793
0.10511771627471793
0.10511771627471793
0.10511771627471793
0.10511771627471793
0.10511771627471793
0.10495321070621125
0.10495321070621125
0.10495321070621125
0.10200134419732677
0.10200134419732677
0.10200134419732677
0.10200134419732677
0.10200134419732677
0.10200134419732677
0.10200134419732677
0.10329056458925784
0.10329056458925784
0.10329056458925784
0.10329056458925784
0.10329056458925784
0.10701801360857191
0.10701801360857191
0.10701801360857191
0.10721670757774329
0.10464736467905701
0.10464736467905701
0.10201004246265992
0.09894690901548643
0.10223511942231325
0.10223511942231325
0.1037479341833675
0.10610225392618826
0.10676243540167392
0.10700277304598331
0.108335954385622
0.108335954385622
0.10832603837788501
0.10832603837788501
0.10832603837788501
0.10832603837788501
0.10582920545062915
0.11045924853819854
0.10993744104757892
0.10993744104757892
0.10993744104757892
0.10908668296010557
0.10910013658389303
0.10910013658389303
0.10910013658389303
0.11104637081240284
0.10882244169206495
0.10882244169206495
0.10914033325845901
0.10855851535229674
0.10944824136491049
0.11161850781161198
0.1108760830201725
0.1110793230224405
0.1110793230224405
0.1110793230224405
0.1110793230224405
0.1110793230224405
0.1110793230224405
0.1110793230224405
0.11501973231704965
0.11501973231704965
0.11552992209779629
0.1150308181154627
0.1150308181154627
0.11846275108783191
0.1186979177959851
0.1186979177959851
0.1186979177959851
0.1186979177959851
0.1186979177959851
0.1166079260022722
0.1166079260022722
0.1166079260022722
0.11618041073861159
0.11618041073861159
0.11617776512431664
0.11617776512431664
0.11551091475342432
0.11551091475342432
0.11551091475342432
0.11551091475342432
0.11551091475342432
0.11485100869661721
0.11485100869661721
0.11645938963089945
0.11500563583890148
0.11500563583890148
0.11500563583890148
0.11666331838049443
0.11899666956131053
0.11899666956131053
0.11899666956131053
0.11899666956131053
0.11899666956131053
0.11665191212874303
0.11720786888579315
0.11662355791899572
0.11354068514399064
0.11385165376655963
0.11385165376655963
0.11385165376655963
0.11385165376655963
0.1162136527272977
0.1162136527272977
0.11578632808137311
0.11629289470345683
0.11596454792882327
0.11389726512890817
0.11389726512890817
0.11389726512890817
0.11389726512890817
0.11389726512890817
0.11389726512890817
0.11312744215488843
0.11519807120580185
0.11519807120580185
0.11519807120580185
0.11362783221960315
0.11362783221960315
0.11362783221960315
0.10906648413240398
0.11304949081357593
0.11304949081357593
0.11304949081357593
0.11304949081357593
0.11304949081357593
0.1143755942030016
0.1089962815796196
0.1103459888066073
0.1103459888066073
0.10959286157457791
0.10959286157457791
0.10959286157457791
0.10959286157457791
0.10959286157457791
0.10782191952665493
0.11070556545897699
0.10913572689875485
0.10913572689875485
0.10913572689875485
0.11429635270009406
0.11429635270009406
0.11429635270009406
0.11429635270009406
0.11429635270009406
0.11429635270009406
0.11429635270009406
0.11535910606151714
0.11535910606151714
0.11535910606151714
0.11612711252532909
0.11612711252532909
0.11612711252532909
0.1159206490910149
0.1159206490910149
0.11600049553185338
0.11587297879871924
0.11587297879871924
0.11609973066527658
0.11579645392436345
0.11562324997457842
0.11562324997457842
0.11412708289249486
0.11412708289249486
0.11508961113908638
0.11404702233643879
0.11404702233643879
0.11404702233643879
0.11497870411365735
0.11497870411365735
0.11684658935251434
0.11868464384734805
0.11810265506606006
0.11525992566438902
0.11525992566438902
0.11525992566438902
0.11651344251579529
0.1174118712032129
0.1191874495879748
0.1191874495879748
0.11592811929968176
0.11734020585730907
0.11683778086157401
0.1179922482716137
0.1179922482716137
0.1179922482716137
0.11419261812205028
0.1196762601079258
0.11865049816132914
0.12036209209002133
0.1205930743899087
0.1205930743899087
0.12059733823533346
0.12015047200368037
0.12015047200368037
0.1181622906353409
0.12084322992195355
0.12084322992195355
0.12084322992195355
0.12084322992195355
0.12084322992195355
0.12016856999437017
0.12016856999437017
0.12016856999437017
0.12016856999437017
0.1187316595189245
0.1178811026249931
0.1178811026249931
0.11818362814214045
0.11818362814214045
0.11818362814214045
0.11818362814214045
0.11818362814214045
0.11818362814214045
0.11818362814214045
0.11818362814214045
0.11818362814214045
0.11862049366507511
0.11819440162451528
0.11819440162451528
0.11923479217267641
0.11865302012485465
0.11886016757337793
0.11886016757337793
0.11886016757337793
0.11886016757337793
0.11886016757337793
0.11710893768963127
0.11710893768963127
0.11592186184841241
0.1192814465756573
0.1192814465756573
0.1192814465756573
0.1192814465756573
0.1192814465756573
0.1192814465756573
0.1192814465756573
0.1192814465756573
0.1192814465756573
0.1192814465756573
0.1192814465756573
0.11882098999823384
0.1126771045436541
0.1126771045436541
0.10921261072862418
0.1108375590948912
0.1108375590948912
0.11373581761908345
0.11405766930202128
0.11881472078810124
0.11881472078810124
0.11769983167455654
0.11769983167455654
0.1161458367792719
0.11675731485098907
0.11603763031652323
0.11826358003887082
0.11826358003887082
0.11738462893101269
0.11738462893101269
0.11738462893101269
0.11738462893101269
0.11738462893101269
0.11738462893101269
0.11710005741986965
0.1163417249469864
0.1163417249469864
0.1163417249469864
0.11269507336518425
0.11569656028869454
0.11569656028869454
0.11569656028869454
0.11445606218110138
0.11592157043110435
0.11592157043110435
0.11596106812170624
0.11686484059793828
0.11686484059793828
0.11686484059793828
0.11686484059793828
0.11578336362315785
0.11407955274578183
0.11407955274578183
0.11302505288844847
0.11302505288844847
0.11302505288844847
0.11302505288844847
0.11319585557596137
0.11557746029527272
0.11557746029527272
0.11418686683256911
0.11418686683256911
0.11015970313727849
0.11517724148531308
0.11517724148531308
0.11517724148531308
0.11430546693950037
0.11430546693950037
0.11430546693950037
0.11356053703184264
0.11231728655641601
0.11231728655641601
0.11231728655641601
0.11231728655641601
0.1151580606505448
0.1151580606505448
0.1151580606505448
0.11493055963123976
0.11493055963123976
0.11493055963123976
0.11493055963123976
0.11493055963123976
0.11428779266299763
0.11428779266299763
0.11362752279721092
0.11362752279721092
0.11362752279721092
0.11362752279721092
0.113205009410395
0.11515187728365092
0.11351318527176647
0.11671327997559786
0.11327190143603476
0.11327190143603476
0.11227004631042238
0.1143583150906136
0.11323815483281802
0.10947422056886698
0.11152977408235377
0.11152977408235377
0.10947734306197786
0.10947734306197786
0.10947734306197786
0.10947734306197786
0.10947734306197786
0.10947734306197786
0.11222403627271912
0.11222403627271912
0.11222403627271912
0.11235740190927791
0.11235740190927791
0.11463214749252214
0.11325000308013261
0.11691414731445106
0.11584564663223541
0.11449864646842628
0.11449864646842628
0.11449864646842628
0.11449864646842628
0.11423198354637838
0.11579190720338824
0.11450775656650897
0.11450775656650897
0.11450775656650897
0.11450775656650897
0.11707283966924971
0.1126789177323619
0.11338762220676732
0.11338762220676732
0.11338762220676732
0.11338762220676732
0.11408492290105107
0.11408492290105107
0.113545452914185
0.113545452914185
0.113545452914185
0.11707467932512075
0.11707467932512075
0.11558893026065933
0.11633955154728368
0.11533470367253505
0.11350340878520537
0.11350340878520537
0.11350340878520537
0.10993309861489202
0.10993309861489202
0.10993309861489202
0.10993309861489202
0.11110589946350649
0.11235253722713609
0.11196270313982903
0.11127119367972853
0.11041808574330751
0.11041808574330751
0.11041808574330751
0.11041808574330751
0.11041808574330751
0.11120228455872502
0.11120228455872502
0.11120228455872502
0.11120228455872502
0.10908799040722714
0.10908799040722714
0.10908799040722714
0.10908799040722714
0.10908799040722714
0.10908799040722714
0.10908799040722714
0.10908799040722714
0.1075351486394439
0.1075351486394439
0.11075209500608856
0.11075209500608856
0.11075209500608856
0.11057704480766324
0.11057704480766324
0.10847595802221038
0.11011641162721676
0.10892102326876896
0.10640901357138098
0.10640901357138098
0.10640901357138098
0.10640901357138098
0.10640901357138098
0.10640901357138098
0.10640901357138098
0.10640901357138098
0.10440506979831815
0.10440506979831815
0.10525789271831418
0.10782011314876178
0.10782011314876178
0.10782011314876178
0.10782011314876178
0.11090766106067293
0.10708314933278713
0.10708314933278713
0.10453340649793065
0.10605368395538411
0.10605368395538411
0.10605368395538411
0.10480458311160196
0.10259977101901312
0.10411227822832417
0.10411227822832417
0.10612634692394332
0.10612634692394332
0.10612634692394332
0.10502954043850725
0.10502954043850725
0.10454454646137852
0.10454454646137852
0.10454454646137852
0.10681824493844429
0.10681824493844429
0.10681824493844429
0.10681824493844429
0.10681824493844429
0.10681824493844429
0.10403593789524905
0.1037224747022168
0.1037224747022168
0.10708298822637609
0.10708298822637609
0.10708298822637609
0.10708298822637609
0.10822155516903545
0.10912050813729479
0.10715692936884527
0.10715692936884527
0.10578695268988393
0.10514539223295344
0.10576692997486938
0.10816262015856806
0.10806901117632385
0.10806901117632385
0.10593331207892574
0.1028955400922191
0.1043488773071882
0.1043488773071882
0.1043488773071882
0.10984789432410592
0.10763424105390026
0.1065589740800026
0.1065589740800026
0.11100147496332223
0.10802694658301638
0.10643984506448695
0.11182912657430905
0.11182912657430905
0.11381726155929825
0.11381726155929825
0.11289051280875084
0.11289051280875084
0.11289051280875084
0.11289051280875084
0.1129012927984204
0.1129012927984204
0.1119800144501757
0.1119800144501757
0.1119800144501757
0.1119800144501757
0.1119800144501757
0.11142298371597059
0.10919320864523213
0.10919320864523213
0.10919320864523213
0.10919320864523213
0.10919320864523213
0.10919320864523213
0.10797421484151355
0.10797421484151355
0.10797421484151355
0.10797421484151355
0.10937278053663128
0.10990506512582127
0.10990506512582127
0.10990506512582127
0.10994040939418609
0.11041153789574155
0.10930398690781194
0.11098842806766838
0.11098842806766838
0.11098842806766838
0.11098842806766838
0.11275175954680025
0.11170968443334602
0.11089874815108101
0.11347333159811217
0.11347333159811217
0.11368958296722102
0.11368958296722102
0.11273811082255425
0.11273811082255425
0.11315171993403741
0.11242428471261642
0.11242428471261642
0.10777926088159864
0.10777926088159864
0.10777926088159864
0.10777926088159864
0.1077074370174825
0.1077074370174825
0.1077074370174825
0.11029535924117685
0.11029535924117685
0.10877835473153999
0.10877835473153999
0.10877835473153999
0.10877835473153999
0.10877835473153999
0.10938412047953067
0.1088562567732092
0.10951817813916327
0.10730762735174146
0.10724251364401673
0.1051437542487479
0.10428547974811517
0.10580530058998196
0.10809144272908587
0.1054520461614005
0.1054520461614005
0.1054520461614005
0.1054520461614005
0.10654410989746035
0.10483379509177461
0.10588525581305959
0.10588525581305959
0.10588525581305959
0.10588525581305959
0.10588525581305959
0.10726901727001337
0.10782720222308297
0.10782720222308297
0.10782720222308297
0.109807812940825
0.109807812940825
0.109807812940825
0.1095071625683031
0.1095071625683031
0.1095071625683031
0.10792819647844039
0.10927899563118235
0.10905570161352686
0.10905570161352686
0.10905570161352686
0.10906922675922515
0.10906922675922515
0.10739576928319307
0.10540478190508462
0.10436671656905258
0.10436671656905258
0.10549664169280276
0.10266732073273328
0.10266732073273328
0.10266732073273328
0.10266732073273328
0.10518871783005185
0.10518871783005185
0.10518871783005185
0.10518871783005185
0.10518871783005185
0.10518871783005185
0.10518871783005185
0.10518871783005185
0.10518871783005185
0.10651820028080143
0.10500564241407706
0.10500564241407706
0.10500564241407706
0.10624373466392471
0.10624373466392471
0.10624373466392471
0.10624373466392471
0.108328268588167
0.108328268588167
0.108328268588167
0.10894482854768554
0.10847172684644327
0.10935450146739596
0.10852467483808088
0.11211610082284026
0.11211610082284026
0.11211610082284026
0.11211610082284026
0.11211610082284026
0.11211610082284026
0.11271684526334214
0.11329232431014061
0.11329232431014061
0.11224699823856009
0.11426707867468572
0.11294235217526462
0.11294235217526462
0.11294235217526462
0.11294235217526462
0.1112128573398459
0.10837718653178234
0.10820298728925372
0.10878303237369161
0.10878303237369161
0.10878303237369161
0.1082848222294647
0.1082848222294647
0.1082848222294647
0.1075283204057968
0.1075283204057968
0.1059989213463374
0.1098759854188283
0.1098759854188283
0.10855578921803316
0.10855578921803316
0.10855578921803316
0.11394792333540452
0.1110053610020189
0.11056348272346445
0.11056348272346445
0.11056348272346445
0.11206857290266341
0.11124352811371234
0.11124352811371234
0.11134900499882223
0.11305401752107423
0.11027069512082122
0.11027069512082122
0.11027069512082122
0.11398905279809672
0.11398905279809672
0.11398905279809672
0.11361661913704914
0.11361661913704914
0.11128627498608334
0.11109369035043358
0.11109369035043358
0.11072007588596787
0.11072007588596787
0.11247597562510604
0.11352176970131408
0.11040371382556749
0.11038306207717613
0.1107524437731707
0.1109668094447404
0.10652118412527947
0.10880481913550069
0.10880481913550069
0.10686049918172051
0.10686049918172051
0.10686049918172051
0.10686049918172051
0.10686049918172051
0.10686049918172051
0.10686049918172051
0.10686049918172051
0.10686049918172051
0.10686049918172051
0.10686049918172051
0.10471883589569037
0.10471883589569037
0.10331325150250861
0.10331325150250861
0.09997424258534676
0.09997424258534676
0.09997424258534676
0.10363140568789721
0.10297632892927218
0.10297632892927218
0.10297632892927218
0.10529134227500503
0.10533495399613647
0.10926676804571492
0.10926676804571492
0.10926676804571492
0.11068873233900565
0.11068873233900565
0.11068873233900565
0.11031044087508511
0.11086249671076108
0.11086249671076108
0.11276509933958191
0.11276509933958191
0.11276509933958191
0.11276509933958191
0.11173270609332199
0.11181537647258126
0.11181537647258126
0.11181537647258126
0.11181537647258126
0.10924103947214014
0.10728905240147038
0.10728905240147038
0.10728905240147038
0.10728905240147038
0.105847031546347
0.105847031546347
0.105847031546347
0.10685262022632107
0.10700846943389182
0.10700846943389182
0.10700846943389182
0.10695248186151057
0.10695248186151057
0.10718882139757549
0.10718882139757549
0.10614587220001996
0.10614587220001996
0.10614587220001996
0.1086632148332125
0.10330319032529815
0.1054678733753582
0.10541714569340115
0.10298011419217862
0.10298011419217862
0.10298011419217862
0.10464144056658153
0.10600421232210035
0.1057664287545132
0.10725783355953976
0.10725783355953976
0.10989193699649737
0.10801563199128467
0.10801563199128467
0.10522958520785679
0.10806142006635987
0.10806142006635987
0.10806142006635987
0.10806142006635987
0.10806142006635987
0.10806142006635987
0.10806142006635987
0.10806142006635987
0.1043903636047827
0.10016312463659555
0.10016312463659555
0.10016312463659555
0.10016312463659555
0.10016312463659555
0.10512599871229826
0.10512599871229826
0.10512599871229826
0.10512599871229826
0.10604075827316792
0.10604075827316792
0.10604075827316792
0.10639703264158018
0.1063244486635339
0.1063244486635339
0.10774786501495544
0.10774786501495544
0.10802559553924948
0.1062843430243399
0.10577290730225843
0.10577290730225843
0.10577290730225843
0.10577290730225843
0.10497789128360617
0.10497789128360617
0.10497789128360617
0.1087171256972743
0.10781640739865053
0.10850260694803689
0.1092372968664366
0.10579907956436453
0.10579907956436453
0.10579907956436453
0.10579907956436453
0.10716094115405854
0.10716094115405854
0.10716094115405854
0.10902437716586856
0.11047456191851027
0.11112612674788425
0.11124436225192769
0.11124436225192769
0.11124436225192769
0.113028248351127
0.10946760517221611
0.10946760517221611
0.10946760517221611
0.11075045911053281
0.11149492113849352
0.11149492113849352
0.11149492113849352
0.11200624133655929
0.11200624133655929
0.11200624133655929
0.11114946297878121
0.11114946297878121
0.11154501588345764
0.11154501588345764
0.11154501588345764
0.11154501588345764
0.11154501588345764
0.11154501588345764
0.11154501588345764
0.11074775461306648
0.11084825119824325
0.11084825119824325
0.11084825119824325
0.10899664593281198
0.10899664593281198
0.10899664593281198
0.10899664593281198
0.10847309380147391
0.10630417503314435
0.10630417503314435
0.10630417503314435
0.10630417503314435
0.10630417503314435
0.10630417503314435
0.10630417503314435
0.10603449727716471
0.10603449727716471
0.10580812253485253
0.10497693160355755
0.10620474426269415
0.10877737033865567
0.10952976225523713
0.10952976225523713
0.10952976225523713
0.1087773864436121
0.1087773864436121
0.10781480075443994
0.10781480075443994
0.10781480075443994
0.10635042114646844
0.10827250112499288
0.10827250112499288
0.10827250112499288
0.10827250112499288
0.10827250112499288
0.10827250112499288
0.10827250112499288
0.10776927810005814
0.10776927810005814
0.10776927810005814
0.10776927810005814
0.10735514064057088
0.10735514064057088
0.1056528274987754
0.10603771755377883
0.10358748767816708
0.10490552201884257
0.10549973898284687
0.10549973898284687
0.10549973898284687
0.10284331014672025
0.10160572406028201
0.1043968964922716
0.1043968964922716
0.1043968964922716
0.10280301179626242
0.10574766025574875
0.10580508961779478
0.10580508961779478
0.1031456646462568
0.1031456646462568
0.10571296836822752
0.10588165838980736
0.10588165838980736
0.10588165838980736
0.10431148578756633
0.10406586717332052
0.10406586717332052
0.10768174143473869
0.10374673648866606
0.10374673648866606
0.10588636916735339
0.10632122243731262
0.1065320882042762
0.10626651919216036
0.10626651919216036
0.10626651919216036
0.10356955896174695
0.10586483950884558
0.10586483950884558
0.10898842212457059
0.10898842212457059
0.10898842212457059
0.10898842212457059
0.10898842212457059
0.10898842212457059
0.1124802502454177
0.11043665563986983
0.11043665563986983
0.10928841924174225
0.10928841924174225
0.11028694262745802
0.11028694262745802
0.11028694262745802
0.10986821409047974
0.10986821409047974
0.1093039715674396
0.1093039715674396
0.1093039715674396
0.1093039715674396
0.10569360623788349
0.10231879358245093
0.10231879358245093
0.10327405292970906
0.10327405292970906
0.10951544651658986
0.10771139805736916
0.10771139805736916
0.10771139805736916
0.10771139805736916
0.10771139805736916
0.10771139805736916
0.10771139805736916
0.10771139805736916
0.10990612826090229
0.10990612826090229
0.10990612826090229
0.1096365637508368
0.1096365637508368
0.1096365637508368
0.1096365637508368
0.1096365637508368
0.11006514539273417
0.10983618659022283
0.1103971826047506
0.11184406012476006
0.11184406012476006
0.11184406012476006
0.11113115415953019
0.11113115415953019
0.11000446852890407
0.11008120210733764
0.11008120210733764
0.11008120210733764
0.11008120210733764
0.10856188549791483
0.11353321845478118
0.11353321845478118
0.11170438252769722
0.10964956479732299
0.1098049270317164
0.11060151570721675
0.1088085154359228
0.10662906017531519
0.10650448000899415
0.10650448000899415
0.10650448000899415
0.10493967943036063
0.10501796330618562
0.10387641765617944
0.10641494955793966
0.10641494955793966
0.10641494955793966
0.10641494955793966
0.10641494955793966
0.10678445690226154
0.10570178451339429
0.10575456610743154
0.10604261212491295
0.10865188175940732
0.11144679317293756
0.1101629327848572
0.1101629327848572
0.1101629327848572
0.11000430274357058
0.1114093865780954
0.1137930657997219
0.1137930657997219
0.10933367000987151
0.10971462588852941
0.10971462588852941
0.10971462588852941
0.10971462588852941
0.10971462588852941
0.10971462588852941
0.10971462588852941
0.10932964281973835
0.10819882665378848
0.10914902831324269
0.10914902831324269
0.10914902831324269
0.10914902831324269
0.10736485362940244
0.10736485362940244
0.10736485362940244
0.10736485362940244
0.10736485362940244
0.10736485362940244
0.11119105798063521
0.11119105798063521
0.11021031031593843
0.11021031031593843
0.10852371273281212
0.10852371273281212
0.10852371273281212
0.10852371273281212
0.10733822091112738
0.10733822091112738
0.10571154366634469
0.10571154366634469
0.10571154366634469
0.10925277062679369
0.10996016572841781
0.10824996104967781
0.10801538408033631
0.10801538408033631
0.10801538408033631
0.10801538408033631
0.10801538408033631
0.10801538408033631
0.10835141236738151
0.10835141236738151
0.10675011256889876
0.1078209501126019
0.10875152024832008
0.10742425323055498
0.10748025748040824
0.10748025748040824
0.10632114156582169
0.10612450501420202
0.10885724856567693
0.10885724856567693
0.10913210156814192
0.11024531211647698
0.11024531211647698
0.11024531211647698
0.11024531211647698
0.11024531211647698
0.10505251625958215
0.10679275129615276
0.10679275129615276
0.10679275129615276
0.10679275129615276
0.10506838903465764
0.1064137212080243
0.1064137212080243
0.10288886226210864
0.10494650036690713
0.10494650036690713
0.10517553264234494
0.1034154895369063
0.10460106057893276
0.10460106057893276
0.10580482624225085
0.10580482624225085
0.10580482624225085
0.10610350078019076
0.10788604395830846
0.10788604395830846
0.10788604395830846
0.10788604395830846
0.10782524223938884
0.10782524223938884
0.10782524223938884
0.10782524223938884
0.10782524223938884
0.1057100140086198
0.10534901313720603
0.10717878746299328
0.106431847287391
0.10409627866020038
0.10409627866020038
0.10632635719444447
0.10457266382484423
0.10291074093498974
0.10459252728204492
0.10685757323327476
0.10618286070065443
0.10618286070065443
0.10618286070065443
0.10265256051934352
0.10544097434561045
0.10544097434561045
0.10797600275192545
0.10965579010020884
0.10965579010020884
0.10965579010020884
0.10965579010020884
0.10965579010020884
0.11003766926213389
0.11003766926213389
0.11010911826428928
0.10879390392013716
0.10709225480763089
0.1123205677058756
0.1123205677058756
0.1123205677058756
0.11168586971306946
0.10997315731836844
0.10997315731836844
0.10997315731836844
0.10997315731836844
0.10997315731836844
0.10997315731836844
0.1104918497335484
0.10970360324975677
0.10970360324975677
0.10861719523738131
0.10861719523738131
0.10918460561642106
0.10918460561642106
0.11048248833372697
0.10977151565393878
0.10500780824781754
0.10514581956369025
0.10501744727473221
0.10501744727473221
0.10444784500472311
0.10444784500472311
0.10444784500472311
0.10450144934418425
0.10669683656723179
0.10503725515576803
0.10503725515576803
0.10503725515576803
0.10503725515576803
0.10503725515576803
0.10503725515576803
0.1022198267930998
0.10010995268994578
0.10010995268994578
0.10010995268994578
0.10333697502049959
0.10333697502049959
0.10307192396844368
0.10307192396844368
0.10307192396844368
0.10307192396844368
0.10307192396844368
0.10307192396844368
0.10365010913988786
0.10404815141851305
0.10404815141851305
0.10277116970134248
0.10556557217083162
0.10556557217083162
0.10556557217083162
0.10556557217083162
0.10556557217083162
0.10807256735520814
0.10411240719365618
0.10411240719365618
0.10411240719365618
0.10438130845030563
0.10699277622091989
0.10971933447113617
0.10971933447113617
0.10814786721740387
0.10623884520464738
0.10647282772872498
0.10647282772872498
0.10595613335007441
0.10786931971400272
0.10442480505638854
0.10442480505638854
0.10744049585107941
0.1082034192207932
0.1082034192207932
0.1097941267314442
0.1097941267314442
0.1047552506225143
0.1047552506225143
0.1047552506225143
0.1047552506225143
0.1047552506225143
0.1047552506225143
0.10567926358702687
0.10716654909840215
0.10796301934069057
0.1080175862234333
0.1080175862234333
0.1080175862234333
0.1080175862234333
0.1030746323984805
0.1030746323984805
0.10422659299578946
0.10422659299578946
0.10439387989883446
0.10439387989883446
0.10439387989883446
0.10439387989883446
0.10453143123090294
0.10453143123090294
0.10453143123090294
0.10453143123090294
0.10456865878382007
0.10456865878382007
0.10518161133921769
0.10469183731441278
0.10469183731441278
0.10469183731441278
0.10469183731441278
0.10469183731441278
0.10469183731441278
0.10469183731441278
0.10469183731441278
0.10469183731441278
0.10469183731441278
0.10295867513034654
0.10349051679670167
0.10521216273374205
0.10521216273374205
0.10564020541467947
0.10531506138877454
0.10587313231393575
0.10587313231393575
0.10867924276636315
0.1082449188979209
0.1082449188979209
0.10886338533918531
0.11126157411420898
0.11126157411420898
0.10841406229847798
0.10841406229847798
0.10841406229847798
0.10841406229847798
0.11052311160560002
0.11052311160560002
0.11052311160560002
0.11052311160560002
0.10984515248311755
0.11018763417978225
0.11018763417978225
0.11018763417978225
0.11108016053430879
0.11108016053430879
0.10691527246554097
0.10765099656787047
0.10810530216768977
0.10947465741730832
0.10947465741730832
0.10841779054157194
0.10841779054157194
0.11167321375857894
0.11301480640756657
0.11059610631705208
0.11059610631705208
0.11045807928734361
0.11045807928734361
0.11492822824753532
0.11492822824753532
0.11492822824753532
0.11492822824753532
0.11586107760353714
0.11409967048759606
0.11409967048759606
0.11409967048759606
0.11409967048759606
0.11207706994214191
0.1116990237226207
0.1116990237226207
0.1116990237226207
0.1116990237226207
0.1116990237226207
0.11131499052401711
0.11131499052401711
0.11364948046149483
0.11364948046149483
0.11494059352560501
0.11410320083169236
0.11410320083169236
0.11410320083169236
0.11410320083169236
0.11410320083169236
0.11263063749617168
0.11041827414387802
0.11041827414387802
0.11293251666541754
0.1090201274797655
0.11369210524446455
0.1120840490025661
0.1120840490025661
0.11174883926058973
0.1132806615982437
0.1132806615982437
0.1132806615982437
0.11032567434478434
0.11032567434478434
0.11031191469375438
0.1108635407008371
0.1108635407008371
0.1108635407008371
0.1108635407008371
0.11391174195297295
0.11391174195297295
0.11391174195297295
0.11391174195297295
0.11391174195297295
0.11054806000726664
0.11054806000726664
0.10766199543296405
0.10560178508647089
0.1041813791283166
0.1041813791283166
0.1041813791283166
0.1041813791283166
0.1041813791283166
0.1041813791283166
0.10440261034848458
0.10332072791514275
0.10332072791514275
0.10332072791514275
0.10332072791514275
0.10332072791514275
0.10332072791514275
0.10394567449702222
0.10336639592129596
0.10336639592129596
0.10336639592129596
0.10336639592129596
0.10336639592129596
0.1048104395852652
0.1048104395852652
0.10868232904642106
0.10868232904642106
0.10868232904642106
0.10868232904642106
0.10868232904642106
0.10868232904642106
0.10868232904642106
0.10765792183957588
0.10765792183957588
0.10565186235450612
0.1066789077959331
0.1066789077959331
0.10503321878097412
0.10600281434612771
0.10617607655055243
0.10310746758507496
0.10310746758507496
0.10310746758507496
0.1023581949506264
0.10113316713653289
0.10113316713653289
0.10224370462622348
0.10224370462622348
0.10224370462622348
0.10224370462622348
0.1046425673672675
0.1046425673672675
0.10508823774029709
0.10508823774029709
0.10508823774029709
0.10508823774029709
0.10210326453229056
0.10210326453229056
0.10053713691100964
0.10053713691100964
0.10053713691100964
0.09936903535664293
0.10034037667086211
0.10034037667086211
0.10034037667086211
0.10034037667086211
0.10034037667086211
0.10034037667086211
0.10034037667086211
0.10034037667086211
0.10034037667086211
0.10036819416566453
0.10036819416566453
0.10108079783138799
0.10070153373349505
0.10120325852508097
0.10169261378055851
0.10169261378055851
0.10169261378055851
0.10450624442649481
0.10450624442649481
0.10331118703442636
0.10290311582430953
0.10290311582430953
0.10290311582430953
0.10332494203681915
0.10272203294262089
0.10272203294262089
0.10453829926851495
0.10453829926851495
0.10677591908786432
0.10677591908786432
0.10622609230788702
0.10622609230788702
0.10622609230788702
0.10622609230788702
0.10506599463813886
0.10186033021624899
0.10186033021624899
0.1060962457884211
0.10537673186123118
0.10537673186123118
0.10537673186123118
0.104868327724864
0.10211798437832592
0.10211798437832592
0.10431686571654487
0.10431686571654487
0.10431686571654487
0.10431686571654487
0.10629464714279621
0.10629665932334588
0.10629665932334588
0.10608459946374496
0.10608459946374496
0.10608459946374496
0.10701308251940045
0.10498953490664195
0.10498953490664195
0.10515450694937281
0.10515450694937281
0.10515450694937281
0.10515450694937281
0.10515450694937281
0.10515450694937281
0.10515450694937281
0.10908743715972713
0.10908743715972713
0.10908743715972713
0.11022611904928516
0.11152756765895182
0.11113418122528099
0.11005431546194232
0.11122145761195926
0.11122145761195926
0.11013488077612572
0.11013488077612572
0.11416597878670959
0.11101851143160915
0.11280430870027462
0.11422021881028985
0.10963580916051849
0.11216036945208228
0.11476043154165587
0.11350012920186581
0.11382013333376335
0.11271251239564208
0.10905255939074171
0.11173533838923005
0.11078243869389601
0.11078243869389601
0.11088648888026936
0.11088648888026936
0.10664483862989356
0.10664483862989356
0.1061148725625325
0.11030288295514275
0.11030288295514275
0.11030288295514275
0.11030288295514275
0.11288773854743413
0.11288773854743413
0.11412930073682528
0.11412930073682528
0.10998076654840604
0.11495820743797885
0.11495820743797885
0.10975997971406645
0.10975997971406645
0.10975997971406645
0.10975997971406645
0.10908968817662726
0.10935279005094928
0.10935279005094928
0.10935279005094928
0.11085667112030656
0.10627196368339185
0.10907886345948395
0.10857905308043014
0.1058569923399701
0.1058569923399701
0.1058569923399701
0.1058569923399701
0.1058000581783005
0.10635237303793188
0.10635237303793188
0.10635237303793188
0.10635237303793188
0.10473574725976845
0.1024955438445266
0.10460718277032933
0.10293193708416715
0.10182769125765706
0.10182769125765706
0.10336735535532231
0.10495160422363614
0.10275022002330837
0.10237387421083813
0.10354885012673538
0.10224744366287011
0.10455707430364859
0.10198758636297216
0.10198758636297216
0.10033647430685184
0.10033647430685184
0.10033647430685184
0.10033647430685184
0.10033647430685184
0.1049465681243241
0.1049465681243241
0.10660902416740203
0.10730055928643081
0.10730055928643081
0.10730055928643081
