0.1281465413983581
0.1281465413983581
0.1281465413983581
0.1281465413983581
0.1281465413983581
0.1281465413983581
0.1281465413983581
0.1281465413983581
0.1281465413983581
0.1281465413983581
0.1281465413983581
0.1281465413983581
0.1281465413983581
0.1281465413983581
0.1281465413983581
0.1281465413983581
0.1281465413983581
0.1281465413983581
0.1281465413983581
0.1281465413983581
0.1281465413983581
0.1281465413983581
0.1281465413983581
0.1281465413983581
0.1281465413983581
0.1281465413983581
0.1281465413983581
0.1281465413983581
0.1281465413983581
0.1281465413983581
0.1281465413983581
0.1281465413983581
0.1281465413983581
0.1281465413983581
0.1281465413983581
0.1281465413983581
0.1281465413983581
0.1281465413983581
0.1281465413983581
0.1281465413983581
0.1281465413983581
0.1281465413983581
0.1281465413983581
0.1281465413983581
0.1281465413983581
0.1281465413983581
0.1281465413983581
0.1281465413983581
0.1281465413983581
0.1281465413983581
0.1281465413983581
0.1281465413983581
0.1281465413983581
0.1281465413983581
0.1281465413983581
0.1281465413983581
0.1281465413983581
0.1281465413983581
0.1281465413983581
0.1281465413983581
0.1281465413983581
0.1281465413983581
0.1281465413983581
0.1281465413983581
0.1281465413983581
0.1281465413983581
0.1281465413983581
0.1281465413983581
0.1281465413983581
0.1281465413983581
0.1281465413983581
0.1281465413983581
0.1281465413983581
0.1281465413983581
0.1281465413983581
0.1281465413983581
0.1281465413983581
0.1281465413983581
0.1281465413983581
0.1281465413983581
0.1281465413983581
0.1281465413983581
0.1281465413983581
0.1281465413983581
0.1281465413983581
0.1281465413983581
0.1281465413983581
0.1281465413983581
0.1281465413983581
0.1281465413983581
0.1281465413983581
0.1281465413983581
0.1281465413983581
0.1281465413983581
0.1281465413983581
0.1281465413983581
0.1281465413983581
0.1281465413983581
0.1281465413983581
0.12826440118111015
0.12903153900705672
0.12903153900705672
0.13381719292283972
0.13381719292283972
0.13820117824316228
0.13820117824316228
0.14131302077757815
0.14131302077757815
0.14411812115403003
0.14779553210536997
0.14814888291573086
0.14814888291573086
0.14814888291573086
0.14872968063922629
0.1521262033836765
0.1516671067091897
0.15464866289347384
0.15164120866479192
0.15164120866479192
0.14979965278856536
0.14979965278856536
0.14979965278856536
0.14979965278856536
0.15044639356586548
0.15157566939312017
0.15157566939312017
0.14789948525700347
0.14640541007399643
0.14640541007399643
0.144711852399994
0.144711852399994
0.144711852399994
0.14502564953231076
0.14502564953231076
0.1448955060546504
0.1422569156433409
0.1397742395243994
0.14208648445892427
0.14222786244492994
0.14222786244492994
0.14222786244492994
0.1362940396754423
0.13323774791772758
0.1341784631381591
0.1341784631381591
0.1341784631381591
0.13423352885429354
0.1333609129478066
0.1333609129478066
0.1326559291236578
0.13059682575469386
0.13059682575469386
0.1274552291094119
0.1270612275418795
0.12502507834734955
0.12502507834734955
0.12436894974217336
0.12436894974217336
0.12343472253722267
0.12588694968091993
0.12451916204800838
0.12381936298391452
0.12442825061172068
0.12442825061172068
0.12442825061172068
0.12442825061172068
0.12442825061172068
0.12442825061172068
0.12339060585300782
0.12339060585300782
0.12377201546954915
0.12398937054860035
0.12398937054860035
0.12519527430212715
0.12519527430212715
0.12519527430212715
0.12519527430212715
0.12519527430212715
0.12519527430212715
0.12519527430212715
0.12519527430212715
0.1240275908847138
0.12127872541486737
0.1200486555300526
0.1200486555300526
0.12228215299603346
0.12446997082690428
0.12310873048864622
0.12091688937680987
0.12091688937680987
0.12099376970934007
0.12099376970934007
0.12099376970934007
0.11935816045398902
0.11750271238162718
0.11750271238162718
0.11839624953832045
0.11945924908793269
0.12004072330661665
0.12004072330661665
0.11928034181698507
0.11923713992989611
0.11923713992989611
0.11923713992989611
0.11923713992989611
0.11802605442191669
0.11802605442191669
0.11646030924849247
0.11646030924849247
0.11646030924849247
0.11468899146481527
0.11575483845025537
0.11575483845025537
0.11423972689934103
0.11423972689934103
0.11423972689934103
0.11295581762485411
0.11766210389713473
0.11766210389713473
0.11645096338444656
0.11564134222917515
0.11446950585567296
0.11446950585567296
0.11446950585567296
0.11497964868707357
0.11497964868707357
0.11497964868707357
0.11497964868707357
0.11497964868707357
0.11497964868707357
0.11756627341123309
0.11756627341123309
0.11756627341123309
0.11756627341123309
0.11756627341123309
0.11658524744452745
0.11637824667333685
0.11434283130898369
0.1112150163162371
0.1112150163162371
0.11353808331201076
0.11353808331201076
0.11353808331201076
0.1164675140056094
0.1164675140056094
0.11412665805000506
0.11431336198856447
0.11475326727960813
0.11475326727960813
0.11468120001681337
0.11288193357048458
0.11288193357048458
0.11288193357048458
0.11288193357048458
0.1140194670746422
0.1147360170543442
0.1146178641149133
0.1146178641149133
0.1146178641149133
0.1146178641149133
0.1146178641149133
0.11328592985941298
0.11328592985941298
0.11485614423738653
0.11485614423738653
0.11258763029398888
0.1120710600122614
0.1120710600122614
0.11234417550558215
0.11234417550558215
0.11234417550558215
0.11234417550558215
0.11234417550558215
0.11234417550558215
0.11234417550558215
0.11185975839321931
0.11475033726680016
0.11475033726680016
0.11475033726680016
0.11411343950399613
0.11320477015779833
0.11320477015779833
0.11364453024424949
0.11364453024424949
0.11410820542964459
0.11410820542964459
0.11358795987384578
0.1136337393188843
0.11126603788613032
0.11126603788613032
0.11338287904161241
0.11333385867220216
0.11492058315744465
0.11444720816031911
0.11747314397484258
0.11747314397484258
0.1177017564362129
0.1177017564362129
0.11347594523427605
0.11109484211808261
0.11109484211808261
0.11109484211808261
0.11109484211808261
0.11109484211808261
0.11109484211808261
0.11098941045342967
0.10767713346013248
0.10767713346013248
0.10772620037683052
0.11180696328520089
0.11180696328520089
0.11070382537067712
0.11233774328969345
0.11233774328969345
0.11233774328969345
0.11180125217093898
0.11347564164062658
0.11464178408644726
0.11321318009940673
0.11421135373887406
0.1151456155048121
0.11649379029611386
0.11811164854836205
0.11770349450722081
0.11770349450722081
0.11910086399796603
0.11910086399796603
0.11910086399796603
0.11910086399796603
0.11969627599167096
0.11969627599167096
0.11969627599167096
0.11469857395802002
0.1197516696573978
0.11824265049730588
0.1148524590111848
0.1148524590111848
0.11480155735600399
0.11376238569151333
0.11376238569151333
0.11376238569151333
0.11169503618028859
0.11583744396001218
0.11107231453797876
0.11107231453797876
0.11243458621856153
0.11243458621856153
0.11243458621856153
0.11243458621856153
0.11243458621856153
0.11243458621856153
0.11243458621856153
0.11243458621856153
0.11029168220144134
0.11029168220144134
0.11029168220144134
0.11029168220144134
0.11029168220144134
0.10792101382945368
0.10792101382945368
0.10792101382945368
0.10792101382945368
0.10797024555118037
0.11086962502886645
0.10921639576832294
0.10909345071167494
0.11043010155230823
0.11043010155230823
0.11043010155230823
0.11043010155230823
0.10961562658553912
0.10961562658553912
0.10961562658553912
0.10961562658553912
0.10961562658553912
0.10961562658553912
0.10961562658553912
0.10891823892272966
0.10891823892272966
0.10891823892272966
0.10796877803376549
0.10737551445435584
0.10737551445435584
0.1036907233726959
0.1036907233726959
0.1036907233726959
0.1036907233726959
0.10400047012967205
0.10400047012967205
0.1077088490820863
0.1077088490820863
0.10823025935051742
0.10823025935051742
0.10823025935051742
0.10695118345749752
0.10784349593959065
0.10585399060129268
0.10584304994029123
0.1086579331915213
0.10736279648383418
0.1107870892983142
0.1107870892983142
0.1107870892983142
0.1107870892983142
0.10767338244999072
0.10767338244999072
0.10767338244999072
0.10500954119668592
0.10500954119668592
0.1065665446883622
0.1065665446883622
0.1065665446883622
0.1065665446883622
0.10930679055617436
0.10916983041801603
0.1066445319605072
0.1066445319605072
0.10536119960943285
0.10620151890202785
0.10620151890202785
0.10620151890202785
0.1065263136741927
0.1065263136741927
0.1065263136741927
0.10744600210722834
0.10744600210722834
0.10744600210722834
0.10766628948582505
0.10342461653735492
0.10808084326142978
0.10808084326142978
0.10808084326142978
0.10808084326142978
0.10533362630009992
0.10533362630009992
0.10659820673325703
0.10682010718934824
0.10682010718934824
0.10863186613097127
0.10863186613097127
0.10863186613097127
0.1105493029270444
0.11199772627327338
0.1076237286986655
0.1076237286986655
0.10813814364355877
0.10813814364355877
0.10813814364355877
0.10813814364355877
0.10547360280730346
0.10547360280730346
0.10547360280730346
0.11237802348603912
0.11237802348603912
0.10784815726334106
0.10784815726334106
0.10784815726334106
0.10932972792383087
0.10917163270238209
0.10917163270238209
0.10817673662490225
0.10765138039041833
0.10924418647648856
0.10905693764693253
0.10905693764693253
0.10905693764693253
0.11106353518503656
0.11106353518503656
0.11106353518503656
0.11106353518503656
0.11106353518503656
0.11106353518503656
0.1071366660838612
0.10937267247365581
0.10937267247365581
0.10937267247365581
0.10942927118767146
0.10873576925128875
0.10873576925128875
0.1077290962466356
0.10609579030552528
0.10609579030552528
0.10823473925428109
0.10811614766571012
0.10811614766571012
0.10811614766571012
0.10811614766571012
0.10884129999760135
0.10884129999760135
0.11144639013515109
0.11144639013515109
0.11144639013515109
0.11187934010713907
0.10688749204814167
0.10688749204814167
0.10688749204814167
0.1061705575920142
0.1061705575920142
0.1061705575920142
0.1061705575920142
0.1061705575920142
0.10887313055132787
0.10887313055132787
0.10887313055132787
0.10887313055132787
0.10887313055132787
0.10982164009963367
0.10982164009963367
0.1124811764803198
0.10901366491639919
0.10982116712486778
0.10982116712486778
0.11223950481030298
0.11223950481030298
0.11223950481030298
0.10615052371265059
0.10865902524853173
0.10760748237224646
0.10854411966497937
0.10854411966497937
0.10854411966497937
0.10762282090962125
0.10762282090962125
0.10779874379533622
0.10779874379533622
0.10779874379533622
0.11076648747407036
0.11076648747407036
0.11076648747407036
0.11221061521458987
0.10997089736600113
0.10934261845920097
0.10934261845920097
0.11037801213376255
0.11037801213376255
0.11037801213376255
0.1129092375838474
0.11429166117872812
0.11429166117872812
0.11480269703215705
0.11180863984587465
0.11180863984587465
0.11150862616413124
0.11150862616413124
0.11150862616413124
0.11150862616413124
0.11198421214899057
0.11198421214899057
0.11097214110265059
0.10994085754997258
0.10994085754997258
0.10994085754997258
0.11248942619604546
0.11475374758943879
0.11475374758943879
0.11475374758943879
0.11321704964525689
0.11350262468310554
0.11350262468310554
0.11350262468310554
0.11576692553840219
0.11531306984843748
0.11623317216304761
0.11623317216304761
0.11623317216304761
0.11489153097458217
0.11489153097458217
0.11609353254121162
0.11609353254121162
0.11609353254121162
0.11434886780741975
0.11617608475259363
0.11617608475259363
0.11481473998183278
0.11481473998183278
0.11481473998183278
0.11531266777056126
0.11531266777056126
0.11531266777056126
0.11531266777056126
0.11531266777056126
0.11552626419045121
0.11552626419045121
0.11552626419045121
0.11552626419045121
0.11530299337264853
0.11614514911736362
0.11614514911736362
0.11636061790759487
0.11141199498274461
0.11141199498274461
0.11141199498274461
0.11255378688525028
0.11255378688525028
0.11370877598225988
0.11078713958987634
0.11078713958987634
0.11078713958987634
0.11078713958987634
0.11288957524939913
0.11288957524939913
0.1131037122871126
0.1131037122871126
0.1131037122871126
0.1131037122871126
0.11484682100649653
0.11522664392430959
0.11465963622993089
0.11465963622993089
0.11465963622993089
0.11465963622993089
0.11465963622993089
0.11455045779686436
0.11455045779686436
0.11455045779686436
0.1153287255772467
0.1153287255772467
0.11234086680758282
0.11202575920886194
0.11202575920886194
0.11701056711585595
0.11701056711585595
0.11701056711585595
0.117583153382322
0.11557740699923422
0.11437345406540302
0.11437345406540302
0.11437345406540302
0.11191495819551214
0.11191495819551214
0.1123648099404773
0.11107149464274704
0.11115320218262961
0.11115320218262961
0.11115320218262961
0.11115320218262961
0.10786548930713552
0.10786548930713552
0.10786548930713552
0.10825285504697994
0.10780371239871674
0.10780371239871674
0.10780371239871674
0.11163902816799885
0.11163902816799885
0.11144966904559192
0.11018193032682619
0.11018193032682619
0.11072964384551162
0.11070554303047803
0.11070554303047803
0.11070554303047803
0.10996254573617112
0.10998432522299702
0.11046567155432832
0.11046567155432832
0.11125274312871714
0.11125274312871714
0.10942021678003007
0.10942021678003007
0.10942021678003007
0.10775392476625939
0.10775392476625939
0.10775392476625939
0.10775392476625939
0.10775392476625939
0.11311088356379538
0.11004821803215005
0.11004821803215005
0.11004821803215005
0.11320371146493288
0.11424880678881312
0.11424880678881312
0.11424880678881312
0.11060589368562013
0.11060589368562013
0.11060589368562013
0.11060589368562013
0.11060589368562013
0.10827764837969862
0.10970845834020296
0.10970845834020296
0.10970845834020296
0.10823106113473765
0.10823106113473765
0.10823106113473765
0.10655361348997058
0.10621671170451541
0.10731082635685586
0.10950518423888188
0.1115970334679767
0.1115970334679767
0.1115970334679767
0.1115970334679767
0.11277237873598828
0.11277237873598828
0.10957923073655386
0.10957923073655386
0.11157519482348517
0.11157519482348517
0.11157519482348517
0.11157519482348517
0.11085377720041553
0.11053888191812687
0.11162768019026374
0.11162768019026374
0.11225354014970396
0.11225354014970396
0.11225354014970396
0.10839576970653765
0.10951065526810191
0.10951065526810191
0.10951065526810191
0.10951065526810191
0.10951065526810191
0.10951065526810191
0.10461068513601177
0.10461068513601177
0.10714337601220854
0.10714337601220854
0.10714337601220854
0.11057794599154115
0.11057794599154115
0.11428592305390836
0.11428592305390836
0.11428592305390836
0.11428592305390836
0.11428592305390836
0.11273048150627
0.11273048150627
0.11250277431467108
0.11085284550248692
0.11085284550248692
0.11258932315121435
0.11258932315121435
0.11258932315121435
0.11319513791890261
0.11297062278704448
0.11561424524322589
0.1161641277890421
0.1161641277890421
0.1161641277890421
0.1161641277890421
0.11324841389582281
0.11324841389582281
0.11324841389582281
0.11099249615626615
0.11099249615626615
0.11099249615626615
0.10947862402839481
0.10947862402839481
0.10947862402839481
0.10947862402839481
0.10947862402839481
0.10947862402839481
0.11195405117557379
0.11159600798648844
0.11159600798648844
0.11464012285043447
0.11464012285043447
0.11004852231167991
0.11004852231167991
0.1117013145317654
0.1117013145317654
0.1117013145317654
0.11135444725589806
0.11328322592935094
0.11328322592935094
0.10926376346753572
0.10926376346753572
0.10808974767440784
0.10808974767440784
0.10839253432627895
0.11164743044113128
0.10911623664325572
0.10911623664325572
0.10911623664325572
0.10911623664325572
0.10911623664325572
0.10672927078521026
0.10672927078521026
0.10672927078521026
0.10521684443315565
0.10616002700559443
0.10616002700559443
0.10377815060529971
0.10205234031212933
0.1030569088005966
0.1030569088005966
0.10480687642741349
0.10649466344138016
0.10649466344138016
0.10649466344138016
0.10649466344138016
0.10807342085776502
0.10807342085776502
0.10807342085776502
0.10807342085776502
0.10793861025253768
0.10667586507459066
0.10667586507459066
0.10603250095405205
0.10399607721097415
0.10399607721097415
0.10264246002423832
0.10222664303304597
0.10490005133443112
0.10252386547745396
0.10252386547745396
0.10410394996273839
0.10078242807595729
0.10385415070111455
0.10075346962344682
0.10075346962344682
0.10075346962344682
0.10073133980416218
0.10073133980416218
0.10365585852964476
0.10557749252565075
0.10279327137648821
0.10279327137648821
0.10279327137648821
0.10248049470392205
0.10632061656638955
0.10632061656638955
0.10632061656638955
0.10632061656638955
0.10632061656638955
0.10619679995940791
0.10619679995940791
0.10619679995940791
0.11137250696895937
0.10889573344391627
0.10227470349087739
0.10227470349087739
0.10522860465409116
0.10666278385966028
0.10666278385966028
0.10579695930257463
0.10579695930257463
0.10890862065710995
0.10797120195966127
0.10797120195966127
0.10797120195966127
0.10797120195966127
0.10818232621728298
0.10818232621728298
0.10818232621728298
0.10818232621728298
0.10833925936803142
0.10833925936803142
0.1084901594930569
0.1084901594930569
0.1084901594930569
0.1084901594930569
0.1084901594930569
0.1084901594930569
0.1084901594930569
0.1084901594930569
0.10687024177665569
0.11221766575606036
0.11221766575606036
0.11221766575606036
0.11221766575606036
0.10981357725551755
0.10920383100602811
0.10920383100602811
0.10886058005496613
0.10886058005496613
0.10886058005496613
0.10886058005496613
0.10938542173488064
0.10938542173488064
0.10938542173488064
0.10778305918431316
0.10778305918431316
0.10778305918431316
0.10597842701853938
0.10597842701853938
0.10683648093984484
0.10683648093984484
0.10683648093984484
0.10683648093984484
0.10780340115771132
0.10713829916691453
0.10788776279181692
0.1072549286786809
0.1072549286786809
0.1072549286786809
0.1072549286786809
0.10634891039837449
0.10634891039837449
0.1087619957108266
0.1087619957108266
0.1087619957108266
0.10991015190065138
0.10991015190065138
0.10991015190065138
0.10991015190065138
0.10991015190065138
0.11103273216910893
0.11066791869805276
0.1107114062861708
0.1107114062861708
0.10958387934659375
0.11144534069513068
0.11237912798068647
0.11237912798068647
0.11237912798068647
0.11422754169084466
0.11422754169084466
0.11495293599801927
0.11495293599801927
0.11495293599801927
0.11614513240850793
0.11614513240850793
0.11614513240850793
0.11614513240850793
0.11614513240850793
0.11709849629482381
0.11567340413736912
0.11618138617519966
0.11618138617519966
0.11618138617519966
0.11618138617519966
0.11618138617519966
0.11618138617519966
0.11618138617519966
0.11618138617519966
0.11618138617519966
0.11617472843552358
0.11617472843552358
0.11617472843552358
0.11617472843552358
0.11600611478177797
0.11600611478177797
0.1148810765349015
0.11348077462908453
0.1185288092038702
0.1185288092038702
0.1185288092038702
0.1185288092038702
0.1185288092038702
0.11968388925724731
0.12123859598138391
0.1220056294985186
0.11960256455576122
0.11960256455576122
0.11739759484771439
0.11739759484771439
0.11739759484771439
0.11739759484771439
0.11739759484771439
0.11739759484771439
0.11419674078322956
0.11761661318303916
0.11802896954083118
0.11802896954083118
0.11802896954083118
0.11599180552733461
0.11757739730583602
0.11652651817970713
0.11652651817970713
0.11665379563735316
0.11665379563735316
0.11665379563735316
0.11383485734917898
0.11383485734917898
0.11437038656781927
0.11770013139114557
0.11770013139114557
0.11503667113507471
0.11503667113507471
0.11503667113507471
0.11503667113507471
0.11503667113507471
0.11336561152439725
0.11601098238484905
0.11601098238484905
0.11835956780415907
0.11835956780415907
0.11939182000222254
0.11939182000222254
0.11814169077980334
0.11843834154941617
0.11843834154941617
0.11843834154941617
0.11809519975729312
0.11932068102995731
0.11777622717528971
0.11777622717528971
0.11764469201918784
0.11813883380186561
0.11813883380186561
0.11755274619957817
0.11785065187717635
0.11785065187717635
0.11638987919253456
0.11638987919253456
0.11638987919253456
0.11398878537038144
0.11398878537038144
0.11456346414931033
0.11373596065869439
0.11024031936215935
0.11024031936215935
0.11090908276856762
0.11090908276856762
0.11090908276856762
0.11100656103433344
0.11056477284180778
0.11056477284180778
0.10785544735131902
0.11490746810536388
0.11490746810536388
0.1148305564689356
0.1158214196277251
0.11626355667146045
0.11701177900050924
0.11609373206189534
0.11544002771614996
0.11544002771614996
0.11544002771614996
0.11544002771614996
0.11544002771614996
0.11544002771614996
0.11798560688590554
0.11798560688590554
0.11843085418371116
0.11843085418371116
0.11519830299327351
0.11519830299327351
0.11519830299327351
0.1144271390100892
0.1177502215639153
0.1177502215639153
0.1177502215639153
0.11453604002278427
0.11453604002278427
0.116021051302267
0.116021051302267
0.116021051302267
0.116021051302267
0.116021051302267
0.116021051302267
0.116021051302267
0.11311837295029666
0.11324828521868041
0.1135136296903487
0.1113901139062748
0.1113901139062748
0.1113901139062748
0.11377485846843739
0.11377485846843739
0.11724592241035474
0.11724592241035474
0.11771030737888696
0.1176244531253426
0.1176244531253426
0.11607490117297287
0.11607490117297287
0.12080988171502376
0.12080988171502376
0.12080988171502376
0.119028732661096
0.119028732661096
0.119028732661096
0.11915058150306859
0.11865688971272383
0.11865688971272383
0.11865688971272383
0.1188004221449019
0.11894707217243158
0.11894707217243158
0.11894707217243158
0.11660351266512282
0.11660351266512282
0.11660351266512282
0.11624688960821446
0.11624688960821446
0.11624688960821446
0.11380384737002743
0.11380384737002743
0.11380384737002743
0.11380384737002743
0.11380384737002743
0.11353302755765156
0.11353302755765156
0.11278978032849475
0.1126411874485999
0.1126411874485999
0.1126411874485999
0.10989446148548812
0.10989446148548812
0.10989446148548812
0.10989446148548812
0.10989446148548812
0.10989446148548812
0.10989446148548812
0.11057845876277426
0.11057845876277426
0.11247928845227913
0.11247928845227913
0.11165769189746119
0.1104925783231091
0.10908779199905212
0.1096420581300967
0.1096420581300967
0.10858372596560119
0.10858372596560119
0.10858372596560119
0.10858372596560119
0.10810647958476276
0.10810647958476276
0.10810647958476276
0.10810647958476276
0.10919802712416508
0.1081457664338704
0.1081457664338704
0.1081457664338704
0.1081457664338704
0.11230846297267197
0.11230846297267197
0.1095085615079736
0.1095085615079736
0.1095085615079736
0.10837604825590938
0.11251494567370818
0.11251494567370818
0.11012251612413557
0.10981728231838075
0.10981728231838075
0.1085604017699326
0.1085604017699326
0.11191766594784285
0.11191766594784285
0.11191766594784285
0.11191766594784285
0.11047875241700689
0.10826187450821474
0.10826187450821474
0.10837304061803404
0.10429372560090118
0.10429372560090118
0.10877864834088953
0.10877864834088953
0.10538116912317289
0.10592852413709121
0.10592852413709121
0.10592852413709121
0.10853366653990369
0.10909412011571526
0.10909412011571526
0.10908805197293901
0.10908805197293901
0.10908805197293901
0.1081562180392058
0.1081562180392058
0.10587587327408061
0.10587587327408061
0.10587587327408061
0.10753024393573055
0.10753024393573055
0.1072949247966612
0.1072949247966612
0.10550593739428579
0.10550593739428579
0.1049137920697272
0.10844203698792873
0.10844203698792873
0.10844203698792873
0.10844203698792873
0.10844203698792873
0.10844203698792873
0.10931690559933852
0.10766493642363792
0.10574459117687517
0.10574459117687517
0.10574459117687517
0.10754020035997691
0.10754020035997691
0.10754020035997691
0.10754020035997691
0.10754020035997691
0.10792525583282396
0.10792525583282396
0.10792525583282396
0.10992822546542527
0.11000589845104274
0.11000589845104274
0.11000589845104274
0.11000589845104274
0.11557436771084778
0.11557436771084778
0.11550803471263557
0.11743347896437009
0.11743347896437009
0.11920060907433318
0.11920956509910324
0.11920956509910324
0.11920956509910324
0.11501992020305092
0.11501992020305092
0.11280095279707167
0.10926542630066055
0.11225725315279671
0.11225725315279671
0.11225725315279671
0.11225725315279671
0.11225725315279671
0.11310178818892086
0.11310178818892086
0.11310178818892086
0.11310178818892086
0.11345587238359016
0.11116902547027138
0.11116902547027138
0.11116902547027138
0.11132129899661701
0.11132129899661701
0.11132129899661701
0.11199904807283073
0.11199904807283073
0.11199459590090306
0.11199459590090306
0.11172264153560936
0.11200407920359241
0.11200407920359241
0.11140703196769107
0.11140703196769107
0.10649685690846072
0.10637440177391726
0.10768081743960102
0.10768081743960102
0.10768081743960102
0.1045277116906538
0.10135738382002588
0.10135738382002588
0.10135738382002588
0.10135738382002588
0.10135738382002588
0.10135738382002588
0.1046872742253056
0.1046872742253056
0.10340119869099229
0.10340119869099229
0.10490730431590906
0.10490730431590906
0.10490730431590906
0.10490730431590906
0.10490730431590906
0.10390290622137206
0.10523421308411372
0.10498854234456971
0.10584323262303279
0.10584323262303279
0.10584323262303279
0.1064273701336779
0.10795096148550705
0.10795096148550705
0.10504052873670297
0.10504052873670297
0.10504052873670297
0.10791794860148719
0.10721326286952772
0.10716791936461939
0.10716791936461939
0.10716791936461939
0.10716791936461939
0.10716791936461939
0.10716791936461939
0.10523301488379591
0.10302201339073042
0.10302201339073042
0.10529529017592945
0.10529529017592945
0.10529529017592945
0.1076351069147818
0.10824352612984148
0.1085389321171243
0.10862565211829928
0.10862565211829928
0.10862565211829928
0.10926328774026274
0.10926328774026274
0.10926328774026274
0.10926328774026274
0.10961485873359425
0.10961485873359425
0.10809295643187346
0.10702915267007433
0.10702915267007433
0.10702915267007433
0.10702915267007433
0.10417297470014535
0.10417297470014535
0.10417297470014535
0.10417297470014535
0.10417297470014535
0.1068489966783793
0.10415507669078661
0.10415507669078661
0.10415507669078661
0.10415507669078661
0.10415507669078661
0.10415507669078661
0.1065060998898921
0.10791878029667726
0.10623711273391218
0.10322256349052342
0.10322256349052342
0.10322974885893785
0.10524542069964522
0.10524542069964522
0.10524542069964522
0.1043482597803746
0.1043482597803746
0.1043482597803746
0.1043482597803746
0.10437269926715918
0.10422361951248757
0.10584657250173923
0.10584657250173923
0.10584657250173923
0.10584657250173923
0.10584657250173923
0.10584657250173923
0.10655992955986301
0.10655992955986301
0.10574907657054282
0.10574907657054282
0.10910159153006951
0.10840049521043112
0.10702986755882743
0.10453445593395828
0.10453445593395828
0.10451286302332402
0.10451286302332402
0.10620115491878997
0.10620115491878997
0.10620115491878997
0.10590874283517301
0.10590874283517301
0.10590874283517301
0.10543945063830092
0.10543945063830092
0.10471373806215818
0.10698728174213643
0.10698728174213643
0.105435547311975
0.10132376362323207
0.10421675510339326
0.10421675510339326
0.10421675510339326
0.10187149637952454
0.1015504316625969
0.1015504316625969
0.1015504316625969
0.1015504316625969
0.09841131571205976
0.09841131571205976
0.10357193426878787
0.10085929295509016
0.10085929295509016
0.10085929295509016
0.1009879148271451
0.10401472848664019
0.10401472848664019
0.10531771652465893
0.10559137991451326
0.10385204633340356
0.10385204633340356
0.10476559325533318
0.10476559325533318
0.10109813032983854
0.10351673997063564
0.10203909253895595
0.10344354377250475
0.10344354377250475
0.10344354377250475
0.10555709397821382
0.10555709397821382
0.10572610434743233
0.10572610434743233
0.10572610434743233
0.10572610434743233
0.10572610434743233
0.10720653396854529
0.10720653396854529
0.10720653396854529
0.10720653396854529
0.10764881906317277
0.10890152732850664
0.10969990520494188
0.10938291624291505
0.10938291624291505
0.10938291624291505
0.10938291624291505
0.10938291624291505
0.10754980726477334
0.10908736740499055
0.10908736740499055
0.1083645718402466
0.1083645718402466
0.10836894561712902
0.1091686850599967
0.10769570920979749
0.10536986734487419
0.1047645668593254
0.1077410529310665
0.1077410529310665
0.10832765244867257
0.11116554379216169
0.11116554379216169
0.1133237387966976
0.11359923997014759
0.11359923997014759
0.1113961007200379
0.1113961007200379
0.11108933900153325
0.11132082637246869
0.11141579424165075
0.11141579424165075
0.11141579424165075
0.11141579424165075
0.11141579424165075
0.10931035060658624
0.10931035060658624
0.10931035060658624
0.10928288621306477
0.10928288621306477
0.10928288621306477
0.10928288621306477
0.11218846696625139
0.11218846696625139
0.11293432076394651
0.11045856877623443
0.11045856877623443
0.11027238946203798
0.11027238946203798
0.11027238946203798
0.1119444010641017
0.1119444010641017
0.1119444010641017
0.1119444010641017
0.1119444010641017
0.1119444010641017
0.108836967061136
0.108836967061136
0.108836967061136
0.108836967061136
0.108836967061136
0.1110942293819692
0.11073508432327038
0.11073508432327038
0.10750988921689986
0.10750988921689986
0.10750988921689986
0.10932779150769185
0.11174755929471404
0.11174755929471404
0.11174755929471404
0.11172611283753899
0.11172611283753899
0.1131033773888572
0.1131033773888572
0.1124034783934232
0.10846287902748555
0.10846287902748555
0.10846287902748555
0.10542360994872353
0.10542360994872353
0.10706695796186892
0.10706695796186892
0.10706695796186892
0.10759038491273888
0.10746335900332277
0.11011577858789968
0.11011577858789968
0.11011577858789968
0.11011577858789968
0.11233432826139014
0.11233432826139014
0.11435475780877154
0.11268167915786903
0.11351279723381574
0.11351279723381574
0.11351279723381574
0.11351279723381574
0.11246774165711701
0.11370137964820023
0.11370137964820023
0.11370137964820023
0.11475822268688257
0.11475822268688257
0.11475822268688257
0.11475822268688257
0.11475822268688257
0.11475822268688257
0.11475822268688257
0.11475822268688257
0.11475822268688257
0.11475822268688257
0.1119778749833079
0.1119778749833079
0.1119778749833079
0.1119778749833079
0.11016481823982073
0.11307177975064693
0.11307177975064693
0.1109909325818894
0.1109909325818894
0.11023502610697952
0.11023502610697952
0.11023502610697952
0.11244672262175459
0.11244672262175459
0.11576951555706169
0.11723138100321194
0.11691076661315264
0.11691076661315264
0.11691076661315264
0.11691076661315264
0.11691076661315264
0.11691076661315264
0.1141685150762877
0.1158154655374052
0.11350653202592899
0.11350653202592899
0.11350653202592899
0.11350653202592899
0.1176829867652574
0.11689009533513749
0.11541628506763064
0.11541628506763064
0.11541628506763064
0.11541628506763064
0.11680454145923694
0.11680454145923694
0.11680454145923694
0.1156869770215697
0.1156869770215697
0.11510664260545951
0.11533963859417669
0.11533963859417669
0.11516340853341211
0.11516340853341211
0.11516340853341211
0.11563214853464791
0.11563214853464791
0.11757476425715405
0.11757476425715405
0.11757476425715405
0.11757476425715405
0.11593545339268978
0.11593545339268978
0.11593545339268978
0.11593545339268978
0.11416236422492412
0.11095623643232558
0.1113056775291172
0.11451587306430187
0.11386818040113823
0.11386818040113823
0.11386818040113823
0.11386818040113823
0.11327298701632806
0.10984977596408656
0.10984977596408656
0.10676059379008052
0.10856500808090326
0.10856500808090326
0.11294093886793155
0.11655435446331065
0.11655435446331065
0.11655435446331065
0.11655435446331065
0.1178013623792657
0.1169109474860812
0.11709092902760515
0.11709092902760515
0.11709092902760515
0.11709092902760515
0.11709092902760515
0.11709092902760515
0.11709092902760515
0.11709092902760515
0.11859197073691642
0.11859197073691642
0.11922434573702002
0.12044915224392024
0.12044915224392024
0.11911839708410477
0.11911839708410477
0.11508796298793234
0.11434552154143632
0.11434552154143632
0.11434552154143632
0.11331010294214476
0.1139776236307626
0.1139776236307626
0.11308605169815453
0.11229700163805632
0.11115932281632733
0.11189471833163793
0.11103682479134151
0.11103682479134151
0.11103682479134151
0.11208020123623903
0.11208020123623903
0.11208020123623903
0.11208020123623903
0.11208020123623903
0.11208020123623903
0.11075979245633821
0.11075979245633821
0.11075979245633821
0.11069303574559437
0.11070952410365917
0.11214709153592314
0.11214709153592314
0.11194457311343622
0.11098019960067572
0.11098019960067572
0.11098019960067572
0.10971793492142883
0.10971793492142883
0.10971793492142883
0.10971793492142883
0.11117802765613863
0.11117802765613863
0.10932437044607998
0.10932437044607998
0.11157023910633859
0.11034159490808138
0.11034159490808138
0.11034159490808138
0.11034159490808138
0.11084278301865604
0.11084278301865604
0.1071320431328807
0.10485305894647037
0.10485305894647037
0.10422319537375344
0.10422319537375344
0.10685723941839827
0.11382141355030226
0.11253522703270437
0.11253522703270437
0.11253522703270437
0.11121160805590315
0.11121160805590315
0.11121160805590315
0.11121160805590315
0.1141207184775358
0.11140023261493623
0.11031815755485945
0.11031815755485945
0.11031815755485945
0.10396825024596601
0.10687652933170246
0.10597341129486303
0.10597341129486303
0.10494479915277034
0.10494479915277034
0.10494479915277034
0.10494479915277034
0.10494479915277034
0.10494479915277034
0.10673185611082951
0.10652761255453876
0.10652761255453876
0.10652761255453876
0.10652761255453876
0.10656190822926535
0.10656190822926535
0.10523172696373695
0.10523172696373695
0.10523172696373695
0.10523172696373695
0.1082993619181924
0.10592749613905181
0.10592749613905181
0.10770391444798004
0.10770391444798004
0.10770391444798004
0.10443712814585264
0.10443712814585264
0.10443712814585264
0.10448709533943669
0.10448709533943669
0.10477512022334633
0.10480848386414447
0.1057356211170519
0.10426998251547391
0.10426998251547391
0.10136457166169525
0.10136457166169525
0.10136457166169525
0.10308140004803965
0.10840447497844154
0.10840447497844154
0.10356370316827165
0.10356370316827165
0.10208032906227023
0.10264633146330074
0.10264633146330074
0.10264633146330074
0.10377408179865504
0.10688974086653975
0.10688974086653975
0.10688974086653975
0.10688974086653975
0.1076446303437886
0.1076446303437886
0.1124823259955941
0.11366325354558257
0.11226697003102315
0.11226697003102315
0.11226697003102315
0.11089350931353013
0.10885871686155174
0.10885871686155174
0.10885871686155174
0.10838656794154328
0.10838656794154328
0.10838656794154328
0.10895963012203579
0.10895963012203579
0.10895963012203579
0.10895963012203579
0.10895963012203579
0.10895963012203579
0.1101550330693484
0.1101550330693484
0.1101550330693484
0.1101550330693484
0.10747035973310419
0.10747035973310419
0.10747035973310419
0.1077605673543458
0.10987101795770148
0.1075950795798003
0.1075950795798003
0.1075950795798003
0.11088325724358218
0.11088325724358218
0.10850516856697692
0.10845910722922905
0.10845910722922905
0.10845910722922905
0.10586824125139613
0.10586824125139613
0.10586824125139613
0.10469913058577428
0.1056005285093258
0.1056005285093258
0.1056005285093258
0.10566687911860231
0.10566687911860231
0.10255621358348231
0.10255621358348231
0.10255621358348231
0.10453262755687194
0.10595469339703083
0.10595469339703083
0.10595469339703083
0.10595469339703083
0.10595469339703083
0.10595469339703083
0.10570926749892166
0.10570926749892166
0.10552152990445654
0.10552152990445654
0.10823464120332361
0.10412778534231225
0.10412778534231225
0.10412778534231225
0.1027302482252628
0.1027302482252628
0.10314112378955632
0.10062809388131858
0.10062809388131858
0.1006759926771092
0.1017237141900052
0.1017237141900052
0.10177732951820266
0.10514020481741346
0.10514020481741346
0.10514020481741346
0.10610862026891685
0.10908858321118077
0.10908858321118077
0.10908858321118077
0.10908858321118077
0.10908858321118077
0.10840710102096186
0.10584397087754595
0.10584397087754595
0.10584397087754595
0.10584397087754595
0.10791298056771173
0.10442928763461995
0.1022106132443709
0.1022106132443709
0.10414971617405717
0.10379713015693953
0.10379713015693953
0.1065403482261175
0.1065403482261175
0.1065403482261175
0.10446529372472264
0.10446529372472264
0.10446529372472264
0.10310100058210653
0.10338545643718415
0.10338545643718415
0.1015098790158624
0.10453215941899403
0.10446923589864576
0.10446923589864576
0.10446923589864576
0.10446923589864576
0.10439575771680386
0.10439575771680386
0.10889205058472626
0.10889205058472626
0.10889205058472626
0.10889205058472626
0.10722335273366557
0.10722335273366557
0.10722335273366557
0.10722335273366557
0.1063878942256976
0.11219514495880392
0.11219514495880392
0.11219514495880392
0.11219514495880392
0.11178694069036053
0.11178694069036053
0.11290938059464102
0.11290938059464102
0.11244792866985283
0.11364498355079801
0.11364498355079801
0.11364498355079801
0.11364498355079801
0.11364498355079801
0.11364498355079801
0.11364498355079801
0.11364498355079801
0.11336805634285302
0.11336805634285302
0.11336805634285302
0.11336805634285302
0.11336362245550077
0.1141766845996667
0.11426313850918908
0.11734597992356596
0.11734597992356596
0.11677562516792925
0.11677562516792925
0.11677562516792925
0.1147582941504807
0.11452896539169968
0.11452896539169968
0.11452896539169968
0.11452896539169968
0.11610977483556797
0.11610977483556797
0.11610977483556797
0.11610977483556797
0.11525687658007801
0.11022325850501728
0.11022325850501728
0.11024127384151346
0.11024127384151346
0.11024127384151346
0.11024127384151346
0.11024127384151346
0.11015618280026594
0.11015618280026594
0.11678024470659888
0.11678024470659888
0.11678024470659888
0.11678024470659888
0.11678024470659888
0.11678024470659888
0.11678024470659888
0.11678024470659888
0.11678024470659888
0.11678024470659888
0.11678024470659888
0.11678024470659888
0.11641594794767163
0.11461083118423006
0.11461083118423006
0.11461083118423006
0.11461083118423006
0.11461083118423006
0.11461083118423006
0.1107492467552198
0.11206698539966722
0.11206698539966722
0.11206698539966722
0.11240825602155012
0.11240825602155012
0.108868830024821
0.10941895822399209
0.1141544450390481
0.1141544450390481
0.11004293999585048
0.11004293999585048
0.1072586560106106
0.1072586560106106
0.10685672811133796
0.10685672811133796
0.10729407246443572
0.10730661014286536
0.10730661014286536
0.10730661014286536
0.10730661014286536
0.10245928523860684
0.10725831763380775
0.11133389323083624
0.11133389323083624
0.11133389323083624
0.11091253552573475
0.10820145417224711
0.11512255831745132
0.11512255831745132
0.11157511190648822
0.10805463961556612
0.10805463961556612
0.10672151213199331
0.10815818994553474
0.10737928289645735
0.10737928289645735
0.10696823988572694
0.1063451625792012
0.1099124118730033
0.10694586156801741
0.10694586156801741
0.10694586156801741
0.10900532908268415
0.10897284619547354
0.10763541810121331
0.10816212544169887
0.10816212544169887
0.10984204523071653
0.10791522728513593
0.10791522728513593
0.10791522728513593
0.10555681008966103
0.10523533262559594
0.10523533262559594
0.10523533262559594
0.10620095370723075
0.10519595992205243
0.10454675908474109
0.10454675908474109
0.10454675908474109
0.101976244147591
0.10269996452444718
0.10243148369153794
0.10313991380200342
0.10208337786244862
0.10208337786244862
0.10208337786244862
0.10208337786244862
0.10208337786244862
0.10208337786244862
0.10208337786244862
0.10208337786244862
0.10208337786244862
0.10208337786244862
0.10208337786244862
0.1010270821633413
0.10280372076879474
0.10280372076879474
0.10280372076879474
0.10280372076879474
0.10280372076879474
0.10282467517658708
0.10282467517658708
0.108081244419738
0.10925988582953784
0.10717809003259302
0.10717809003259302
0.10717809003259302
0.10676673508556737
0.10676673508556737
0.10676673508556737
0.10676673508556737
0.10676673508556737
0.10587280223366777
0.10863706039841817
0.10863706039841817
0.10863706039841817
0.1062270288840898
0.1062270288840898
0.1062270288840898
0.1062270288840898
0.1052856892701152
0.1052856892701152
0.10819772100900599
0.1075346645032802
0.1075346645032802
0.1075346645032802
0.1075346645032802
0.1075346645032802
0.1075346645032802
0.1075346645032802
0.1075346645032802
0.10630206584009262
0.10630206584009262
0.10630206584009262
0.10481031713910136
0.10551393108412405
0.1044536240320591
0.10519989155274634
0.10519989155274634
0.10519989155274634
0.10519989155274634
0.10566725138386424
0.10566725138386424
0.10566725138386424
0.10571631750507414
0.10571631750507414
0.10571631750507414
0.10571631750507414
0.10579116605148146
0.10579116605148146
0.11032583178260062
0.1129959159365018
0.1129959159365018
0.11503905926225268
0.11603203367848075
0.11453772715131592
0.11453772715131592
0.11288103956472602
0.11519614734990583
0.11411958729016217
0.11655996408571179
0.11655996408571179
0.11655996408571179
0.11655996408571179
0.11655996408571179
0.11579323153330076
0.11174795767594822
0.11154664889241846
0.11154664889241846
0.11155380890772999
0.1058574826179255
0.1058574826179255
0.1058574826179255
0.1058574826179255
0.10620702584132213
0.1095539915527307
0.10986380280577301
0.10986380280577301
0.10986380280577301
0.11041497618027762
0.11041497618027762
0.11041497618027762
0.11041497618027762
0.11137786852674453
0.10763182367499008
0.10757335422395177
0.10757335422395177
0.10757335422395177
0.10757335422395177
0.10776088199702703
0.10776088199702703
0.10776088199702703
0.10776088199702703
0.10776088199702703
0.10776088199702703
0.10776088199702703
0.1081390064359332
0.1081390064359332
0.10914171428288814
0.10914171428288814
0.10914171428288814
0.10914171428288814
0.10992934886793124
0.11099674896597823
0.11099674896597823
0.10782427834286545
0.1082886226352643
0.10887643360339999
0.10887643360339999
0.10705857766706309
0.11183993697533187
0.11306594549577749
0.11421006258901358
0.11421006258901358
0.11115224431027881
0.11115224431027881
0.11115224431027881
0.11115224431027881
0.11115224431027881
0.11115224431027881
0.11014618780516788
0.1108988332921002
0.1108988332921002
0.1108988332921002
0.1108988332921002
0.1108988332921002
0.10980090999372188
0.11071975364929997
0.11184659364659982
0.11401509229224137
0.11401509229224137
0.11401509229224137
0.11269358903815956
0.11269358903815956
0.11269358903815956
0.1144379908898449
0.11399435046920266
0.11399435046920266
0.11399435046920266
0.11394788866461623
0.11394788866461623
0.11331011140672269
0.11620972205171597
0.11620972205171597
0.11603635428010028
0.11515686087152491
0.11515686087152491
0.11515686087152491
0.11515686087152491
0.11855242955804818
0.11855242955804818
0.11393439215918415
0.11393439215918415
0.11393439215918415
0.11393439215918415
0.11235830633765669
0.11335788949092684
0.11335788949092684
0.11335788949092684
0.11400402285557394
0.11400402285557394
0.11400402285557394
0.11400402285557394
0.11400402285557394
0.11400402285557394
0.11294741730508
0.11294741730508
0.11189535389889047
0.11488526027678012
0.11488526027678012
0.11488526027678012
0.11588785239625217
0.11598440271123955
0.11598440271123955
0.11598440271123955
0.11781168757180029
0.1193822177011843
0.1193822177011843
0.11921767187183782
0.119148652615233
0.1167658905711419
0.1167658905711419
0.11721440108196167
0.11721440108196167
0.12072757445343504
0.1204953304537012
0.11953323805712837
0.12121199212234786
0.11863966017638888
0.11863966017638888
0.12072213725913032
0.12138780568298227
0.11656627452352952
0.11519847819843329
0.11519847819843329
0.11519847819843329
0.11276378696580101
0.11276378696580101
0.11276378696580101
0.1149979348339456
0.11500626936903383
0.11500626936903383
0.11519412732078826
0.11519412732078826
0.11519412732078826
0.11519412732078826
0.11519412732078826
0.11566252118044511
0.11566252118044511
0.11384582713581021
0.11384582713581021
0.11384582713581021
0.11384582713581021
0.1145906763679898
0.11052561389285838
0.11052561389285838
0.11105730551714668
0.11148396957975462
0.11059367972503474
0.11059367972503474
0.1099691784988212
0.10904045359933826
0.11383969581101012
0.11383969581101012
0.11350651678926199
0.11345985441962715
0.11345985441962715
0.11345985441962715
0.11345985441962715
0.1107466319270105
0.10729824433819504
0.10622562149353941
0.1084854414334627
0.1084854414334627
0.1084854414334627
0.1084854414334627
0.10904241974182981
0.10904241974182981
0.10904241974182981
0.10876736320910795
0.10786098267646553
0.11163375467599018
0.11184811901206693
0.11184811901206693
0.11184811901206693
0.11184811901206693
0.11184811901206693
0.11184811901206693
0.11184811901206693
0.11184811901206693
0.11184811901206693
0.11013672801039749
0.11013672801039749
0.11157297673340959
0.11312000144484076
0.11312000144484076
0.11550788783089694
0.1147245848000165
0.1147245848000165
0.1147245848000165
0.1147245848000165
0.11480727076458527
0.11683705928423996
0.11711396024967043
0.11711396024967043
0.11827290807045555
0.11827290807045555
0.11827290807045555
0.11904567042808503
0.11904567042808503
0.11515845442950745
0.11424955506983653
0.11424955506983653
0.11424955506983653
0.11424955506983653
0.11424955506983653
0.11623930078019117
0.11273282396849946
0.11273282396849946
0.11271771126182964
0.11267848181871988
0.11267848181871988
0.11267848181871988
0.11267848181871988
0.11267848181871988
0.11267848181871988
0.11585699775335817
0.11585699775335817
0.11585699775335817
0.11728999095743645
0.11387432335016597
0.11752655668583015
0.11752655668583015
0.11752655668583015
0.11752655668583015
0.11959994192969717
0.11959994192969717
0.11941585818582882
0.11941585818582882
0.11866683176741233
0.11440803053960735
0.11478150560317557
0.11478150560317557
0.11478150560317557
0.11478150560317557
0.11756036601696672
0.11767836617201939
0.11767836617201939
0.11767836617201939
0.11643327968176619
0.11942787698743615
0.11558446363839797
0.11558446363839797
0.11431661464878709
0.1139374766363771
0.1139374766363771
0.1139374766363771
0.1139374766363771
0.1139374766363771
0.11467935522357742
0.11362820185455418
0.11328964857106924
0.11328964857106924
0.11266679849205735
0.11266679849205735
0.11266679849205735
0.11318843329077502
0.11640270135247639
0.11640270135247639
0.11640270135247639
0.11640270135247639
0.11874260966649777
0.11874260966649777
0.11874260966649777
0.11874260966649777
0.11874260966649777
0.11874260966649777
0.11874260966649777
0.11676572396552559
0.11676572396552559
0.11676572396552559
0.12108073760247444
0.11695507533303455
0.11695507533303455
0.11695507533303455
0.1196224002896103
0.1196224002896103
0.1196224002896103
0.1196224002896103
0.1194463492119462
0.1194463492119462
0.11878923373670847
0.11943830079166196
0.11943830079166196
0.11943830079166196
0.11943830079166196
0.1175706246317505
0.11676602529541429
0.11547205760711603
0.11411320332259811
0.11532662173032947
0.11429518433101782
0.11325549549451526
0.11450033016976943
0.11450033016976943
0.11450033016976943
0.11647678649072025
0.11800586229873147
0.11800586229873147
0.11800586229873147
0.11800586229873147
0.11689649340673892
0.11689649340673892
0.11689649340673892
0.11501991413766295
0.11467559388405921
0.11467559388405921
0.11828550540309174
0.11622805670113293
0.1178965762645595
0.1178965762645595
0.11585979231764013
0.11585979231764013
0.11585979231764013
0.11494118358073827
0.11494118358073827
0.11494118358073827
0.1144435961217897
0.1144435961217897
0.1144435961217897
0.1144435961217897
0.1144435961217897
0.1144435961217897
0.11300141556950954
0.11322542268149133
0.11322542268149133
0.11322542268149133
0.1102083940049718
0.1102083940049718
0.1102083940049718
0.10986330289045002
0.10986330289045002
0.10986330289045002
0.10986330289045002
0.10986330289045002
0.1131634130145711
0.1131634130145711
0.11303918153192823
0.1114661362652339
0.11146264070448621
0.11146264070448621
0.11200400146221484
0.11200400146221484
0.11200400146221484
0.11349056858848904
0.11349056858848904
0.11349056858848904
0.11950468354243104
0.12062938621230604
0.12062938621230604
0.12117146173568574
0.12117146173568574
0.11893341987505827
0.11893341987505827
0.11893341987505827
0.11785159063729704
0.12057619256965861
0.12057619256965861
0.12171061038471517
0.12171061038471517
0.12171061038471517
0.12171061038471517
0.12171061038471517
0.11938622983585011
0.11938622983585011
0.12283229671915814
0.12199849138973798
0.12199849138973798
0.12131392481028008
0.12131392481028008
0.1235496563389995
0.1235496563389995
0.1235496563389995
0.1235496563389995
0.1235496563389995
0.12449146649604727
0.11981408474433022
0.11981408474433022
0.11981408474433022
0.11917627549931092
0.11943445311632636
0.12077214583906776
0.12077214583906776
0.11650287006530011
0.11650287006530011
0.11581974947796168
0.11520737380949007
0.11644807626246913
0.11644807626246913
0.1176036972068205
0.11613950622506894
0.11613950622506894
0.11613181294321677
0.11613181294321677
0.11633188012365042
0.11724950870392828
0.11724950870392828
0.11722387120742478
0.1194351292855798
0.1194351292855798
0.1194351292855798
0.11590795718920639
0.11590795718920639
0.11827394715444631
0.11944671324264503
0.1175015939464142
0.11757589394836572
0.11483517341576117
0.11708282143793047
0.11808081156245907
0.11808081156245907
0.11808081156245907
0.11808081156245907
0.11370935254038139
0.1164975457132642
0.1164975457132642
0.11437394504759078
0.11437394504759078
0.11437394504759078
0.11318545768403501
0.11318545768403501
0.11318545768403501
0.11456147912155261
0.11249363401874235
0.11322222313962518
0.11354112316250617
0.11233672021739635
0.11233672021739635
0.11655087544304428
0.11655087544304428
0.11655087544304428
0.11391918512531075
0.11274689137035956
0.11274689137035956
0.11274689137035956
0.11274689137035956
0.11274689137035956
0.11202818401875525
0.11202818401875525
0.11202818401875525
0.11202818401875525
0.10880770969969195
0.10574943426179634
0.10574943426179634
0.10574943426179634
0.10727638602000551
0.11195647334726737
0.11195647334726737
0.11195647334726737
0.11195647334726737
0.11195647334726737
0.11195647334726737
0.11195647334726737
0.11195647334726737
0.11288149622274593
0.11133645044336868
0.11133645044336868
0.1146524885912808
0.11281627871731474
0.11281627871731474
0.11005663033600546
0.10790438119329678
0.10803957042278298
0.10803957042278298
0.11158272704023706
0.11158272704023706
0.11225639282571462
0.11083907814098194
0.1095766371999118
0.1095766371999118
0.1095766371999118
0.1095766371999118
0.10663986395917831
0.10948508170348639
0.10534425966843437
0.10394453132186057
0.10508896627897583
0.10746915013806217
0.10728148466995385
0.1082012877033923
0.1082012877033923
0.1082012877033923
0.1082012877033923
0.1082012877033923
0.10898968266561476
0.10898968266561476
0.10898968266561476
0.10860455531445423
0.11120234832341404
0.11173156659490836
0.11173156659490836
0.11173156659490836
0.11433536524040414
0.11301043937739311
0.11182625756758538
0.11340279840029316
0.11340279840029316
0.11263011803405601
0.1134903866097846
0.1134903866097846
0.1134903866097846
0.11401840823855053
0.11370060526775287
0.11370060526775287
0.11370060526775287
0.11407290380510034
0.11407290380510034
0.11407290380510034
0.11407290380510034
0.11635846277049747
0.11517433502700201
0.11517433502700201
0.11517433502700201
0.11517433502700201
0.11517433502700201
0.11517433502700201
0.11217346426819788
0.11217346426819788
0.1121857726694394
0.11092983551516102
0.11229224051659763
0.11270784536837576
0.11096070167243567
0.11180039487233145
0.11043436550115542
0.11043436550115542
0.11043436550115542
0.11043436550115542
0.11043436550115542
0.11043436550115542
0.10861074424190946
0.10861074424190946
0.10942786338618554
0.10942786338618554
0.10942786338618554
0.10942786338618554
0.10942786338618554
0.10942786338618554
0.11084729043472219
0.11084729043472219
0.10988551501788768
0.1073955496191434
0.10931322650278559
0.10793272577139966
0.11025828873191691
0.11025828873191691
0.11025828873191691
0.1137250717481667
0.1137250717481667
0.1137250717481667
0.11290931562461395
0.11290931562461395
0.11290931562461395
0.11290931562461395
0.11068884496840409
0.11068884496840409
0.11068884496840409
0.11359590447742851
0.11359590447742851
0.11359590447742851
0.11359590447742851
0.11328756085910974
0.11753389026536867
0.11753389026536867
0.11145583741419882
0.11087422781841505
0.11190489691618541
0.11190489691618541
0.11190489691618541
0.11286056981652164
0.11241157858512134
0.11241157858512134
0.11241157858512134
0.11241157858512134
0.11208269493127859
0.11649894641809506
0.11649894641809506
0.11649894641809506
0.11649894641809506
0.11649894641809506
0.1169872965304067
0.11832250904367034
0.11927408874977814
0.11856737631990819
0.11856737631990819
0.11856737631990819
0.11856737631990819
0.11856737631990819
0.11925000385999018
0.11903675021004985
0.11763538098445188
0.11643027391571699
0.11720802136327878
0.11720802136327878
0.11720802136327878
0.11720802136327878
0.11720802136327878
0.11705599424001162
0.11611116884416588
0.11611116884416588
0.11611116884416588
0.11928760754690568
0.1208418011065691
0.1208418011065691
0.12203451642975138
0.12203451642975138
0.12203451642975138
0.11961277594245283
0.12130028705345323
0.12035923201950062
0.12035923201950062
0.11995563794253179
0.11928741416795341
0.11928741416795341
0.11928741416795341
0.11928741416795341
0.11845829794288365
0.11790172420976343
0.11881410753165102
0.11729794110652841
0.11639164243442027
0.11639164243442027
0.12040319770847693
0.11700681017551592
0.11700681017551592
0.11414031208563054
0.11414031208563054
0.11629218426870068
0.11629218426870068
0.1203010752661821
0.12108467300627805
0.11980193388112462
0.12038737317777658
0.12038737317777658
0.11795989701899541
0.11795989701899541
0.11852926094215466
0.11852926094215466
0.11852926094215466
0.11852926094215466
0.12015779472075958
0.12015779472075958
0.12015779472075958
0.12015779472075958
0.12015779472075958
0.12015779472075958
0.12015779472075958
0.11997943923639685
0.11997943923639685
0.11997943923639685
0.11935534235591727
0.11980448266323242
0.11980448266323242
0.11980448266323242
0.1203412095969522
0.1203412095969522
0.1203412095969522
0.12541417220417006
0.12541417220417006
0.1253827384261405
0.1253827384261405
0.1253827384261405
0.1253827384261405
0.1226469917886403
0.1226469917886403
0.1226469917886403
0.12191033330969489
0.12191033330969489
0.12034296759312503
0.11830118299415314
0.11830118299415314
0.11757665378917313
0.11757665378917313
0.11822540765491851
0.11906452834087576
0.11906452834087576
0.11906452834087576
0.11906452834087576
0.11906452834087576
0.11906452834087576
0.11580013141381248
0.11894106744094028
0.11894106744094028
0.11808594968350247
0.11845629971458141
0.11845629971458141
0.11845629971458141
0.11845629971458141
0.11845629971458141
0.11453883684631709
0.11733017065181764
0.11605379045326748
0.11598638958022624
0.11519873101082945
0.11452000557299058
0.11452000557299058
0.1125039468035972
0.1125039468035972
0.11431376784435164
0.11431376784435164
0.11431376784435164
0.11416871842384615
0.11416871842384615
0.11416871842384615
0.1140402039631245
0.1140402039631245
0.11257802778505964
0.11362600462195512
0.11168048883201462
0.11206179715186819
0.11206179715186819
0.10936616228166073
0.11179499651049137
0.11179499651049137
0.11076634581837731
0.11076634581837731
0.10953184790972983
0.10953184790972983
0.10953184790972983
0.1095484570357951
0.1095484570357951
0.1116856024207016
0.10842474367306275
0.10842474367306275
0.10769373222786109
0.10521265001370894
0.10521265001370894
0.10589741675729737
0.10667606149335798
0.10667606149335798
0.10670326262037606
0.10536112575187119
0.1058207304515033
0.10605507147968513
0.10605507147968513
0.10789105032550793
0.10770310814756971
0.10770310814756971
0.10642001541907016
0.11036412760091945
0.11408540299196604
0.11401385242109623
0.11401385242109623
0.11401385242109623
0.11401385242109623
0.11401385242109623
0.110344911984627
0.1085366624385049
0.1085366624385049
0.1142379842949073
0.1114990203858822
0.1114990203858822
0.10998824427526774
0.10998824427526774
0.10998824427526774
0.11395798017446236
0.11395798017446236
0.11395798017446236
0.11473820285739152
0.11473820285739152
0.11473820285739152
0.11473820285739152
0.11451742551102237
0.11511108442889778
0.113795061372022
0.113795061372022
0.113795061372022
0.113795061372022
0.113795061372022
0.113795061372022
0.11007924896223271
0.11007924896223271
0.11007924896223271
0.11007924896223271
0.11007924896223271
0.10991269735273476
0.10991269735273476
0.10907006941884544
0.10907006941884544
0.10907006941884544
0.10821096348310107
0.1121558078551585
0.11071123808134176
0.11188284555333014
0.11188284555333014
0.11454512902567336
0.11454512902567336
0.11454512902567336
0.11247628756676245
0.10996435814333827
0.10996435814333827
0.10996435814333827
0.1065994847728748
0.10677124878153184
0.10339202557233265
0.10339202557233265
0.10339202557233265
0.10286926685693953
0.10228951495088145
0.10228951495088145
0.11112092036015372
0.10857312761561222
0.10857312761561222
0.10857312761561222
0.10857312761561222
0.10857312761561222
0.10857312761561222
0.10624683084271726
0.10624683084271726
0.10624683084271726
0.10624683084271726
0.10624683084271726
0.10624683084271726
0.10511316096967463
0.10396017725885459
0.10658768940315302
0.10537995224197416
0.10543590453642201
0.10543590453642201
0.10543590453642201
0.11146380766875977
0.11146380766875977
0.10913818405282759
0.11037657333870148
0.11037657333870148
0.10846334425800165
0.11037436577965586
0.11037436577965586
0.10713560263496413
0.10713560263496413
0.10846919024882232
0.10846919024882232
0.10777156228050605
0.10777156228050605
0.10777156228050605
0.10434760064854331
0.10434760064854331
0.10561764418318488
0.10561764418318488
0.1050163790427694
0.1050163790427694
0.1115305667212252
0.11081966203623977
0.11122621414092329
0.11122621414092329
0.11122621414092329
0.11122621414092329
0.1104126038249962
0.10980373317975903
0.10980373317975903
0.10795393930406354
0.10795393930406354
0.10554628487945243
0.10611554359802432
0.10611554359802432
0.10820835023195269
0.10861589191384123
0.10861589191384123
0.10729104418867948
0.10729104418867948
0.10482290166029917
0.10519618439853937
0.10519618439853937
0.10519618439853937
0.10398943408544674
0.10132830714417389
0.10215349973058988
0.10215349973058988
0.10215349973058988
0.10215349973058988
0.10304740873949488
0.10679516927024074
0.10502501713374816
0.10386793592990709
0.10386793592990709
0.10386793592990709
0.10386793592990709
0.10484575006732662
0.10484575006732662
0.10484575006732662
0.10484575006732662
0.10358991114853691
0.10358991114853691
0.10578936672729274
0.10945552438003374
0.10945552438003374
0.10945552438003374
0.10952757926795137
0.10854436817296634
0.1058654982316481
0.1058654982316481
0.1058654982316481
0.1058654982316481
0.1087201860520668
0.1090187732918469
0.1090187732918469
0.1090187732918469
0.1090187732918469
0.10627102448687052
0.10627102448687052
0.10792894320168868
0.10792894320168868
0.10394524751044529
0.10173742507159275
0.10173742507159275
0.10145963932321485
0.09924931149721058
0.09924931149721058
0.10066852652883246
0.10066852652883246
0.10066852652883246
0.10066852652883246
0.10066852652883246
0.1003945991676156
0.1003945991676156
0.1003945991676156
0.10436736629646995
0.10436736629646995
0.10405996643666214
0.10405996643666214
0.10499817702561208
0.10499817702561208
0.10499817702561208
0.10304569245192674
0.10304569245192674
0.10304569245192674
0.10304569245192674
0.10304569245192674
0.10130950136394618
0.1030965330895897
0.1030965330895897
0.10123260090749417
0.10123260090749417
0.10336544407165729
0.10134035401414432
0.10134035401414432
0.10134035401414432
0.10140109038687897
0.10140109038687897
0.10636807040315073
0.1054672863693207
0.1054672863693207
0.1031259891558046
0.10719092452630036
0.10841656666871971
0.10814281586410816
0.10814281586410816
0.11068521734644396
0.11068521734644396
0.11068521734644396
0.113163159571367
0.113163159571367
0.11339128848923753
0.11224220484125197
0.11224220484125197
0.11144991897927409
0.11254967173360875
0.1141322063054829
0.1141322063054829
0.11128594050888922
0.11128594050888922
0.11128594050888922
0.11128594050888922
0.11063460733845322
0.11063460733845322
0.11063460733845322
0.10777338863438891
0.10990864173946575
0.11279023671267098
0.11380824354617848
0.11420626624539801
0.11320716968679861
0.11320716968679861
0.11320716968679861
0.11100832982458096
0.11071098223841759
0.11071098223841759
0.11071098223841759
0.11071098223841759
0.11071098223841759
0.11071098223841759
0.11071098223841759
0.10976210856379898
0.10976210856379898
0.10976210856379898
0.11035518288406972
0.11035518288406972
0.11035518288406972
0.10879515494140936
0.10763090392856184
0.10719809054333315
0.10719809054333315
0.10828374026233631
0.10828374026233631
0.10828374026233631
0.10953330849429073
0.10953330849429073
0.11139541662008262
0.11139541662008262
0.11106594448339481
0.11106594448339481
0.11106594448339481
0.11106594448339481
0.10980546511050213
0.11005755249160627
0.11005755249160627
0.11005755249160627
0.11005755249160627
0.11005755249160627
0.11005755249160627
0.10898831960054135
0.11185753650488554
0.11097750968034542
0.10881524124131504
0.1128931697448036
0.11071959494272157
0.11071959494272157
0.11211213458424361
0.11211213458424361
0.1087823751813536
0.11058117490649863
0.11058117490649863
0.11058117490649863
0.11058117490649863
0.11058117490649863
0.10701249651402557
0.112390358377853
0.112390358377853
0.11081773476002117
0.11081773476002117
0.11168124067929949
0.11069530651055222
0.1088585219801362
0.10998085425865561
0.1114125275797126
0.11436998705770558
0.1137123960221677
0.11303157981009339
0.11303157981009339
0.11303157981009339
0.11303157981009339
0.11319428548658639
0.11319428548658639
0.11319428548658639
0.11319428548658639
0.11231543490732737
0.11231543490732737
0.11231543490732737
0.11586559065336802
0.11390524791592312
0.11380907436879209
0.11597614780148395
0.11685517782346105
0.11685517782346105
0.11685517782346105
0.12029885575599332
0.12029885575599332
0.12029885575599332
0.11898789191195074
0.11898789191195074
0.11865458864820515
0.11571279198052654
0.11571279198052654
0.11417358983794973
0.11394347237360707
0.11589287123164546
0.1133444291750741
0.11382406784701606
0.11793810387915388
0.11897943075490268
0.11828383793380152
0.11828383793380152
0.11828383793380152
0.11777413172303204
0.11777413172303204
0.11777413172303204
0.11777413172303204
0.11777413172303204
0.11777413172303204
0.11777413172303204
0.11715196953497138
0.11901007630626918
0.11901007630626918
0.11901007630626918
0.11943126075835803
0.1190700425898024
0.11937609288065185
0.11764640100474864
0.11695953296287014
0.11695953296287014
0.11448966149415926
0.11582080260997366
0.11582080260997366
0.11420094234570305
0.11420094234570305
0.11420094234570305
0.11604061521191882
0.11277569768512812
0.11175260942551758
0.11175260942551758
0.11224043159989368
0.11224043159989368
0.11282420705739736
0.11282420705739736
0.11282420705739736
0.11282420705739736
0.11282420705739736
0.11282420705739736
0.11552372148470004
0.11254910202211298
0.11254910202211298
0.11254910202211298
0.11254910202211298
0.11254910202211298
0.11254910202211298
0.11254910202211298
0.11566102502212959
0.1113039650288443
0.1113039650288443
0.1113039650288443
0.1113039650288443
0.11247468643020478
0.11247468643020478
0.11247468643020478
0.11180848822162104
0.1135036562189016
0.10622641833900992
0.1074410803153486
0.1074410803153486
0.10733723062175586
0.10782147798233283
0.10782147798233283
0.10955313827177272
0.10955313827177272
0.112040565445026
0.112040565445026
0.11137745972579087
0.11137745972579087
0.11137745972579087
0.10825781277904381
0.10825781277904381
0.10825781277904381
0.1128101974238766
0.11249972178385105
0.11249972178385105
0.11031783400941371
0.11123728051829403
0.11086775897065325
0.11086775897065325
0.11086775897065325
0.11131356521649365
0.11131356521649365
0.11131356521649365
0.11146124579455692
0.11146124579455692
0.10762684029141606
0.10751737877896918
0.10751737877896918
0.10902924181214303
0.10902924181214303
0.10902924181214303
0.10874615629117965
0.10874615629117965
0.10799655404005079
0.11256474941122573
0.11278116469041834
0.11278116469041834
0.11261652652859759
0.11359971039546016
0.11359971039546016
0.11064293393312713
0.111163522871672
0.111163522871672
0.111163522871672
0.11314249356304061
0.11314249356304061
0.11314249356304061
0.11314249356304061
0.11314249356304061
0.11314249356304061
0.11366253289416178
0.10911419356201345
0.10911419356201345
0.10911419356201345
0.10911419356201345
0.10911419356201345
0.10911419356201345
0.1104831136201917
0.10843689037108324
0.10843689037108324
0.10843689037108324
0.10856437082457075
0.10856437082457075
0.11053308411346287
0.11140432659821851
0.11140432659821851
0.11117250615288965
0.11117250615288965
0.11117250615288965
0.11117250615288965
0.11117250615288965
0.11227847686358414
0.11227847686358414
0.11227847686358414
0.11227847686358414
0.11249401175224817
0.11249401175224817
0.11249401175224817
0.11044504981249781
0.11044504981249781
0.11044504981249781
0.11044504981249781
0.107845144686261
0.10859984705415814
0.10859984705415814
0.10881787885596982
0.10881787885596982
0.10767035719877935
0.10767035719877935
0.10709813097606977
0.10709813097606977
0.10956029835565805
0.10956029835565805
0.10956029835565805
0.11096178004005855
0.11096178004005855
0.11133079835296977
0.11133079835296977
0.11210871965390425
0.1109119027167728
0.11291126363479093
0.1110154159127
0.10987330175785394
0.10987330175785394
0.10987330175785394
0.10987330175785394
0.11183313387032597
0.11183313387032597
0.11090363717143809
0.11234988888750722
0.11234988888750722
0.11234988888750722
0.11234988888750722
0.11234988888750722
0.11234988888750722
0.11234988888750722
0.11148307735166695
0.10994169341500283
0.10994169341500283
0.11114840914262553
0.11114840914262553
0.11114840914262553
0.11114840914262553
0.11114840914262553
0.11114840914262553
0.11126254923815342
0.11126254923815342
0.11001091650544954
0.10956836889306176
0.1088813245409632
0.11046661386809306
0.11029664731824385
0.10846010995873569
0.10851999024466012
0.10714722860181558
0.10778046271150664
0.10940527122961796
0.10940527122961796
0.11081313577553988
0.11081313577553988
0.10956814607647036
0.10956814607647036
0.10715118376591143
0.10715118376591143
0.10715118376591143
0.10473427640714891
0.10473427640714891
0.10833074635653077
0.10689710378082021
0.10689710378082021
0.10658304764055211
0.10658304764055211
0.10658304764055211
0.10658304764055211
0.10658304764055211
0.10658304764055211
0.10976982157599197
0.10976982157599197
0.11061772295815343
0.11061772295815343
0.11061772295815343
0.1087409718016375
0.10913130039610161
0.11120960829779432
0.11291055542912136
0.11291055542912136
0.11291055542912136
0.11112952399749361
0.11112952399749361
0.11112952399749361
0.11112952399749361
0.11112952399749361
0.11112952399749361
0.10879446138417465
0.10726756513365904
0.10522862043473784
0.10771735838981487
0.10771735838981487
0.10937287992581937
0.1116061196635167
0.1116061196635167
0.11104086014354479
0.11106285659918502
0.11106285659918502
0.11106285659918502
0.11097047015055578
0.11141908730164125
0.11164053703678713
0.11164053703678713
0.10900794949663486
0.10900794949663486
0.10900794949663486
0.10900794949663486
0.10900794949663486
0.10900794949663486
0.10806757216155231
0.10942090115388554
0.10942090115388554
0.10811917115526955
0.10811917115526955
0.10269868583192308
0.10408970822412081
0.10413063065717948
0.10413063065717948
0.10413063065717948
0.10477676965242122
0.10477676965242122
0.10724186850574008
0.10724186850574008
0.10689979017542692
0.10524043263946135
0.10517525383528982
0.10664085473190722
0.10664085473190722
0.1048278050364919
0.1048278050364919
0.1048278050364919
0.1048278050364919
0.10207075574289257
0.10207075574289257
0.10207075574289257
0.10574557220179645
0.10574557220179645
0.10574557220179645
0.10637581416680368
0.10637581416680368
0.10541559689666474
0.10641446024425234
0.10494180895183454
0.10129118615589197
0.10198965084584746
0.1056820149672535
0.1056820149672535
0.10660330409027695
0.10660330409027695
0.10660330409027695
0.10820299029334814
0.10820299029334814
0.10819808018279671
0.111487757442969
0.111487757442969
0.111487757442969
0.111487757442969
0.111487757442969
0.11097938089822165
0.11282986546693931
0.11095809776246279
0.11095809776246279
0.11174847373316069
0.11174847373316069
0.11271367822523459
0.11271367822523459
0.10946260018405078
0.10917957280589326
0.10917957280589326
0.10917957280589326
0.10942556695704411
0.10942556695704411
0.1111156893511536
0.11008354428031758
0.11000445635969032
0.11000445635969032
0.11000445635969032
0.10659729519993096
0.10659729519993096
0.10919271836495018
0.10919271836495018
0.11047994909444238
0.11047994909444238
0.11047994909444238
0.11047994909444238
0.11047994909444238
0.11047994909444238
0.11047994909444238
0.11047994909444238
0.11047994909444238
0.11047994909444238
0.11149819835227366
0.11149819835227366
0.11056722245284464
0.11134137105318924
0.10766834486693559
0.10766834486693559
0.10766834486693559
0.10766834486693559
0.10766834486693559
0.10766834486693559
0.11056978111836988
0.10901117405280102
0.10901117405280102
0.10901117405280102
0.1102878907232163
0.1102878907232163
0.1102878907232163
0.1102878907232163
0.11036362582132958
0.11036362582132958
0.11044288359245305
0.11098306349404505
0.11098306349404505
0.11098306349404505
0.11360249248531756
0.11360249248531756
0.11372458298335002
0.11372458298335002
0.11372458298335002
0.11372458298335002
0.11372458298335002
0.11539141072971058
0.1156982526610018
0.11216643265201633
0.11498262008374535
0.11446780426178961
0.11365452671247622
0.1155173793303397
0.11437301356054154
0.11379898837722616
0.11379898837722616
0.11379898837722616
0.11478056080651493
0.11364866424881724
0.11364866424881724
0.11364866424881724
0.11034834745697455
0.11246618736149779
0.11622895048155103
0.11622895048155103
0.11643903681555397
0.11643903681555397
0.11643903681555397
0.11643903681555397
0.11643903681555397
0.11643903681555397
0.11442069915304602
0.1157000668977106
0.1157000668977106
0.11197275969147702
0.11197275969147702
0.11197275969147702
0.11197275969147702
0.11000624665111054
0.11000624665111054
0.1121094857609021
0.1121094857609021
0.1121094857609021
0.11198911879794826
0.11198911879794826
0.11455442373732704
0.11434930709851594
0.11844088380351962
0.11852977542888542
0.11621963270046477
0.11621963270046477
0.11621963270046477
0.11621963270046477
0.11621963270046477
0.11595340772998702
0.11576519989592178
0.11576519989592178
0.11576519989592178
0.11609338072137101
0.11191411549938152
0.11191411549938152
0.11191411549938152
0.11191411549938152
0.11191411549938152
0.11191411549938152
0.11014735234919014
0.11014735234919014
0.11014735234919014
0.10962429161880943
0.10962429161880943
0.11275289177501618
0.11072420425723266
0.11072420425723266
0.11072420425723266
0.11092218859862348
0.11092218859862348
0.11092218859862348
0.11092218859862348
0.11283191430893957
0.11283191430893957
0.11283191430893957
0.11283191430893957
0.11283191430893957
0.11063263790555543
0.11006063838442386
0.11006063838442386
0.11006063838442386
0.10951021239207379
0.10977632973219795
0.10977632973219795
0.10783723066737189
0.10867908965026932
0.10867908965026932
0.11027322519625443
0.11027322519625443
0.11027322519625443
0.11318334408516532
0.11313383625188703
0.11313383625188703
0.11313383625188703
0.11284644124017179
0.11027619713980752
0.11027619713980752
0.1117801905672911
0.11188844254769334
0.10837353211608672
0.10837353211608672
0.10837353211608672
0.10837353211608672
0.11043419040857254
0.10958928533206574
0.10958928533206574
0.10958928533206574
0.10958928533206574
0.10929989185743799
0.11195445732923394
0.1111173728350327
0.11259734882243534
0.11259734882243534
0.11259734882243534
0.11259734882243534
0.1137732668514973
0.11551324857159143
0.11551324857159143
0.11373626519836483
0.11373626519836483
0.11373626519836483
0.11373626519836483
0.11413366589964109
0.11413366589964109
0.11481824709788385
0.11481824709788385
0.11481824709788385
0.11536525728540052
0.11536525728540052
0.1147323275758572
0.1147323275758572
0.11324744510789198
0.11386174449958876
0.11386174449958876
0.11701868139153948
0.11779448210233198
0.11779448210233198
0.11779448210233198
0.11779448210233198
0.11296471087253927
0.11345325523868383
0.11345325523868383
0.11377912306871583
0.11377912306871583
0.11377912306871583
0.11377912306871583
0.11662396492420629
0.11743587305313105
0.11297072363208277
0.11297072363208277
0.11297072363208277
0.11185690458025285
0.11205377493944318
0.11234068133414163
0.11031474689889836
0.11031474689889836
0.11031474689889836
0.10846802390287333
0.10846802390287333
0.11114393429623831
0.11102002808109498
0.11102002808109498
0.11203136449019545
0.10719255249770247
0.11204536889624488
0.11204536889624488
0.11363335699603709
0.11552579225076474
0.11461119957809669
0.11461119957809669
0.11354114202691042
0.11628063854534419
0.11065353519497163
0.11193699344914941
0.11193699344914941
0.11193699344914941
0.11193699344914941
0.11193699344914941
0.11193699344914941
0.10811967843663293
0.10811967843663293
0.11255456567392466
0.11255456567392466
0.11360782434691749
0.11503641851757429
0.11421192922047141
0.11128218100303786
0.1116063028750097
0.1116063028750097
0.1116063028750097
0.1116063028750097
0.1116063028750097
0.1116063028750097
0.1116063028750097
0.1116063028750097
0.11180259821904083
0.11281879544651384
0.11281879544651384
0.11281879544651384
0.11281879544651384
0.11281879544651384
0.11220559640061945
0.1095842319907309
0.1085839337594843
0.10853794870564737
0.11257847208766181
0.11564103409879473
0.11038150400980638
0.10937627947792432
0.10937627947792432
0.11018700701016496
0.11289522087599527
0.10994126008116713
0.10994126008116713
0.10994126008116713
0.10994126008116713
0.10994126008116713
0.10994126008116713
0.10994126008116713
0.10994126008116713
0.11253485505357022
0.11253485505357022
0.11245438411405444
0.11245438411405444
0.10831535004891978
0.10797930401110306
0.10797930401110306
0.10797930401110306
0.10852583750821197
0.10852583750821197
0.10913705781441399
0.10913705781441399
0.10913705781441399
0.10823458346376816
0.10823458346376816
0.10823458346376816
0.10863655431364481
0.10863655431364481
0.10863655431364481
0.10812567190609614
0.10967244009375245
0.11099512724021336
0.11099512724021336
0.11099512724021336
0.11099512724021336
0.1113170280625904
0.1113170280625904
0.10968922349641406
0.10968922349641406
0.11438270026200538
0.114009105994007
0.11645643603526125
0.11645643603526125
0.1157888342184014
0.1157888342184014
0.1157888342184014
0.11069221701608435
0.11047511341026577
0.11047511341026577
0.11047511341026577
0.11047511341026577
0.10971060027967777
0.10971060027967777
0.10971060027967777
0.10779830531559619
0.10779830531559619
0.10779830531559619
0.10779830531559619
0.10913471076188423
0.10865107739737903
0.10865107739737903
0.11144980671105882
0.11144980671105882
0.11144980671105882
0.11127829448199354
0.11127829448199354
0.11127829448199354
0.11340171567267245
0.11332710172156951
0.11332710172156951
0.11319859240889622
0.11070993438088242
0.11070993438088242
0.11430641210000403
0.11287792091318354
0.11311345251950074
0.11131806139166724
0.11131806139166724
0.11131806139166724
0.11131806139166724
0.11134760446435464
0.11211218885930573
0.11334615500868814
0.11351762009847238
0.11370189437876328
0.1146375021613894
0.11548802184534393
0.11548802184534393
0.11548802184534393
0.11661943411756251
0.11661943411756251
0.11661943411756251
0.11576450190553651
0.11576450190553651
0.11576450190553651
0.11355648798777115
0.11355648798777115
0.1112892705688631
0.1127447299817886
0.11157096001833644
0.11157096001833644
0.11152235582820784
0.11152235582820784
0.11069151162295318
0.11308135819955173
0.11366300940465428
0.11273481681722201
0.11273481681722201
0.11273481681722201
0.11273481681722201
0.11273481681722201
0.11323594229791734
0.11323594229791734
0.1125742666408483
0.1125742666408483
0.1125742666408483
0.1125742666408483
0.1125742666408483
0.1125742666408483
0.111376837374583
0.111376837374583
0.11375487158004417
0.11375487158004417
0.11375487158004417
0.11509759799808929
0.11300733681483788
0.10815020584819994
0.10967075656336027
0.11052573038485917
0.10884726050329918
0.10884726050329918
0.10884726050329918
0.10673210048739849
0.11043509321823315
0.10819759888518418
0.10819759888518418
0.10819759888518418
0.10819759888518418
0.10777299292287984
0.10912790653808412
0.10912790653808412
0.10774444479072914
0.1077026076332105
0.10960832403102905
0.10755647620535341
0.10755647620535341
0.10943404857236289
0.10943404857236289
0.10943404857236289
0.11012969036956836
0.10998931949648334
0.11084786721072205
0.11084786721072205
0.1085408488767694
0.1085408488767694
0.1085408488767694
0.10920338560876972
0.10920338560876972
0.10920338560876972
0.10920338560876972
0.10920338560876972
0.10691551436681046
0.10691551436681046
0.10691551436681046
0.10971059615785336
0.10846059287140063
0.10846059287140063
0.10844135291377154
0.10844135291377154
0.10844135291377154
0.10844135291377154
0.10509177743123513
0.10509177743123513
0.10509177743123513
0.10551981383955297
0.10551981383955297
0.10762578038808947
0.10762578038808947
0.10762578038808947
0.10762578038808947
0.10762578038808947
0.10739229827664057
0.106404391784131
0.10709075753175029
0.10709075753175029
0.10581119592627615
0.10581119592627615
0.10510590549322299
0.10970160106524178
0.10970160106524178
0.10738859356719822
0.10777553186402518
0.10777553186402518
0.10777553186402518
0.11042853555313638
0.10669363301715896
0.10669363301715896
0.1103773240922904
0.1103773240922904
0.1103773240922904
0.10849905615010469
0.10785374253501326
0.10785374253501326
0.10785374253501326
0.10785374253501326
0.10829047161956208
0.10829047161956208
0.10829047161956208
0.10829047161956208
0.10829047161956208
0.10829047161956208
0.10829047161956208
0.10829047161956208
0.10829047161956208
0.10829047161956208
0.10814618666191622
0.10854103615332218
0.10928210438203258
0.10928210438203258
0.10928210438203258
0.11112364837140885
0.11112364837140885
0.11112364837140885
0.11112364837140885
0.11026063946038069
0.11026063946038069
0.11026063946038069
0.11026063946038069
0.11237714102763886
0.11237714102763886
0.11237714102763886
0.11503904994429955
0.11711835734582707
0.11711835734582707
0.11711835734582707
0.11469817052293235
0.11469817052293235
0.11469817052293235
0.11469817052293235
0.11462013973157287
0.11462013973157287
0.11689524093218501
0.115741425473924
0.115741425473924
0.115741425473924
0.11676123516378824
0.11695807457434357
0.11695807457434357
0.11752014328439311
0.11771710972365815
0.11771710972365815
0.11771710972365815
0.11771710972365815
0.11771710972365815
0.11771710972365815
0.11576968079780062
0.11576968079780062
0.11576968079780062
0.11576968079780062
0.11603646396576833
0.11312563172768922
0.11483760490724933
0.11229159213691796
0.11389125110986924
0.1124412869175014
0.11190888980349897
0.11190888980349897
0.11190888980349897
0.1128689755082737
0.11226937907587545
0.11226937907587545
0.11046978894704748
0.10859581851826354
0.10859581851826354
0.10859581851826354
0.10876832827605985
0.10876832827605985
0.10876832827605985
0.1069960016303905
0.1069960016303905
0.1069960016303905
0.10563877927356173
0.10563877927356173
0.1102891779885061
0.1102891779885061
0.1102891779885061
0.1081273444432783
0.1081273444432783
0.1081273444432783
0.10895148295579699
0.10895148295579699
0.10766002118286142
0.10766002118286142
0.10766002118286142
0.10915481633936734
0.1097984709450652
0.1097984709450652
0.1097984709450652
0.1097984709450652
0.1088325782848896
0.107279375432998
0.107279375432998
0.10608460794475859
0.10608460794475859
0.10750964981490128
0.10750964981490128
0.10750964981490128
0.10750964981490128
0.11352062365551392
0.11352062365551392
0.10897612100693425
0.10897612100693425
0.10897612100693425
0.10859727488432523
0.10859727488432523
0.10516951122318821
0.10499435308307614
0.10677720315845948
0.10677720315845948
0.10677720315845948
0.10909485740464703
0.11028990586727508
0.11028990586727508
0.11028990586727508
0.10802277951133427
0.10802277951133427
0.10701037579111852
0.10701037579111852
0.10496288415202917
0.10496288415202917
0.10496288415202917
0.10496288415202917
0.10942456647382798
0.11153025926232507
0.10958826364967802
0.1084691583549946
0.1084691583549946
0.1084691583549946
0.1084691583549946
0.1084691583549946
0.11095546843577415
0.11095546843577415
0.11095546843577415
0.11095546843577415
0.11095546843577415
0.11095546843577415
0.11095546843577415
0.11095546843577415
0.10434068569205565
0.10434068569205565
0.10434068569205565
0.10434068569205565
0.10450080491677406
0.10450080491677406
0.10821180637934955
0.10608577612976573
0.10608577612976573
0.10864459805330957
0.10825066352893124
0.11513483459570242
0.11513483459570242
0.11513483459570242
0.11383160934551628
0.11000123374767193
0.11000123374767193
0.10871444268504245
0.10871444268504245
0.10795109908248741
0.10835697024472407
0.10651458487384798
0.10651458487384798
0.10651458487384798
0.10653410001068432
0.10653410001068432
0.10730936133746354
0.10614572812431369
0.10614572812431369
0.10773438811410269
0.10773438811410269
0.10773438811410269
0.10773438811410269
0.10773438811410269
0.10761269972900737
0.10807857500544736
0.10514207870826167
0.10544473575988657
0.10502669685111066
0.10491543360770104
0.10342772485458461
0.10342772485458461
0.10342772485458461
0.10342772485458461
0.10342772485458461
0.1023294913719738
0.1023294913719738
0.1023294913719738
0.1023294913719738
0.1023294913719738
0.10719051719633615
0.10575547124198242
0.10435437499866189
0.10811167753629403
0.10811167753629403
0.10749119173997371
0.10749119173997371
0.10749119173997371
0.10924755757247348
0.10895519589557247
0.10895519589557247
0.10845441608060039
0.10845441608060039
0.10988815010576784
0.10988815010576784
0.11068953200252435
0.11113878779862996
0.11163784883713698
0.11163784883713698
0.11218219283172523
0.11230528563395101
0.11230528563395101
0.1093048987166
0.1093048987166
0.1093048987166
0.1093048987166
0.10918157029897493
0.10918157029897493
0.10824701334430852
0.10824701334430852
0.10786530931829416
0.11223020698225411
0.11223020698225411
0.11223020698225411
0.10992317881131063
0.10961734137346235
0.10961734137346235
0.10961734137346235
0.10961734137346235
0.10928966440747472
0.11210004149757442
0.11210004149757442
0.10906047171217455
0.10906047171217455
0.10906047171217455
0.10906047171217455
0.10906047171217455
0.1109113582745239
0.1109113582745239
0.1141117031314896
0.1141117031314896
0.11107093768932035
0.11107093768932035
0.11129561282433549
0.11129561282433549
0.11062361544760652
0.10957515855056534
0.10295739376000747
0.10295739376000747
0.10295739376000747
0.10295739376000747
0.10295739376000747
0.10295739376000747
0.10264822985506421
0.10461912055935335
0.10504729503616121
0.10504729503616121
0.10441840493686026
0.10434032726632764
0.10434032726632764
0.1030024966410182
0.1030024966410182
0.1030024966410182
0.10322462409607117
0.10322462409607117
0.10671314512605563
0.10594808835752095
0.10094401832145623
0.10094401832145623
0.09887640683888446
0.09887640683888446
0.09980042193571434
0.10236715916998211
0.10125304853899861
0.10125304853899861
0.10165633811861394
0.10052697824632084
0.10180843205728646
0.10165857486049194
0.10165857486049194
0.10211175606819309
0.10199521895835702
0.10199521895835702
0.10442280818878943
0.10442280818878943
0.10369998207418066
0.10428395402815183
0.10299954170060342
0.10299954170060342
0.10202891368493854
0.10202891368493854
0.10202891368493854
0.10202891368493854
0.10202891368493854
0.10351397896108828
0.10351397896108828
0.10700673070340662
0.10441819215296949
0.10441819215296949
0.10441819215296949
0.10441819215296949
0.10441819215296949
0.10441819215296949
0.10441819215296949
0.10189139663326731
0.10189139663326731
0.10189139663326731
0.10121924772662513
0.1023569487397112
0.10237247187852867
0.10237247187852867
0.10133886831612501
0.1026742383693551
0.1026742383693551
0.1026742383693551
0.1078664647946661
0.1078664647946661
0.10961717387863107
0.1058296033169573
0.1013501235627503
0.10706057346608144
0.10706057346608144
0.10706057346608144
0.10959495655081643
0.10959495655081643
0.10634773129762112
0.10488561071819966
0.10488561071819966
0.10468454576705863
0.10468454576705863
0.10866681877397943
0.10708870833344619
0.10708870833344619
0.10597904276286546
0.10366228943312633
0.10366228943312633
0.10505262441569696
0.10557788858648996
0.10646144056244698
0.11097011588141102
0.10943872625845681
0.1082457248856141
0.1069408568207037
0.10597110563520586
0.10850893059783508
0.11137716165117575
0.11336627626821716
0.11336627626821716
0.11336627626821716
0.10785129133806617
0.10915531839292848
0.10771168130948294
0.1079323468778576
0.10730239908910842
0.10730239908910842
0.1128077155007779
0.1128077155007779
0.1128077155007779
0.1128077155007779
0.11074072493098608
0.11074072493098608
0.10997877155501797
0.10815116759244117
0.10815116759244117
0.10815116759244117
0.11023260051858531
0.11023260051858531
0.11154646382178658
0.11154646382178658
0.10924364380585112
0.10924364380585112
0.11041400929428256
0.11041400929428256
0.11041400929428256
0.10932979394168901
0.10932979394168901
0.10932979394168901
0.10932979394168901
0.1104796268573889
0.1104796268573889
0.1104796268573889
0.10860699398257201
0.10860699398257201
0.1091405811443137
0.1091405811443137
0.1091405811443137
0.1091405811443137
0.10844474001656167
0.1090927701036766
0.1090927701036766
0.1090927701036766
0.1090927701036766
0.1097875375903053
0.1097875375903053
0.11020858881763015
0.11020858881763015
0.1134870655387186
0.1134870655387186
0.11084334363499904
0.10741690052394486
0.10741690052394486
0.10809241290779337
0.10970719138438757
0.10970719138438757
0.1137060102873767
0.1137060102873767
0.1137060102873767
0.1137060102873767
0.1137060102873767
0.11114858558251452
0.11114858558251452
0.11114858558251452
0.11114858558251452
0.11114858558251452
0.11114858558251452
0.11362000550827572
0.11263424666102388
0.11032504347916627
0.10920422001472235
0.10656611200692793
0.10656611200692793
0.10814930383361283
0.10814930383361283
0.10725163040224442
0.10725163040224442
0.10725163040224442
0.10469864640378898
0.10469864640378898
0.10469864640378898
0.10609538682982088
0.10609538682982088
0.1113793492420175
0.1113793492420175
0.1113793492420175
0.11141177664186669
0.11141177664186669
0.11569797971847616
0.11569797971847616
0.11562325824330738
0.11562325824330738
0.11562325824330738
0.11562325824330738
0.11562325824330738
0.11562325824330738
0.11356942889579953
0.11253388666039407
0.11253388666039407
0.11253388666039407
0.11253388666039407
0.11253388666039407
0.11253388666039407
0.1126103921931827
0.1126103921931827
0.1126103921931827
0.1126103921931827
0.1126103921931827
0.11364431220617474
0.11087529499165179
0.11087529499165179
0.11087529499165179
0.11087529499165179
0.1122848748640166
0.10977391661219711
0.10626924578101454
0.10626924578101454
0.10626924578101454
0.10626924578101454
0.10697525099042027
0.10815726006176368
0.10649372349752821
0.10633114293272011
0.10633114293272011
0.10633114293272011
0.10633114293272011
0.10633114293272011
0.10800665350621437
0.10800665350621437
0.10800665350621437
0.10800665350621437
0.10800665350621437
0.10932854213262862
0.11044886819630226
0.11044886819630226
0.10802619185065464
0.10802619185065464
0.10802619185065464
0.10791815267191143
0.10786918887428969
0.11017571491646531
0.11035804925275308
0.1108200851324558
0.1108200851324558
0.1126247053306966
0.11194872315874375
0.10869374703705167
0.10869374703705167
0.10869374703705167
0.10869374703705167
0.10869374703705167
0.10869374703705167
0.10869374703705167
0.10869374703705167
0.11269897024895024
0.11492334647654032
0.11492334647654032
0.11492334647654032
0.11492334647654032
0.111316600471272
0.11139666723854058
0.11139666723854058
0.11139666723854058
0.11139666723854058
0.11139666723854058
0.11017764414059422
0.11017764414059422
0.11017764414059422
0.11017764414059422
0.11017764414059422
0.11173875511075725
0.11342747628468998
0.11103237618472693
0.11065302663261703
0.11065302663261703
0.11065302663261703
0.11065302663261703
0.11065302663261703
0.11065302663261703
0.10966145961296972
0.10966145961296972
0.10966145961296972
0.10966145961296972
0.10966145961296972
0.10934074922518924
0.10934074922518924
0.10579327137266008
0.10579327137266008
0.10579327137266008
0.10662437882263485
0.10662437882263485
0.10662437882263485
0.11227628601862769
0.11115048787367497
0.11190090887353042
0.11190090887353042
0.11127620897950928
0.11259361591882153
0.1086783957807181
0.1086783957807181
0.1086783957807181
0.10715689028461309
0.10715689028461309
0.10715689028461309
0.10715689028461309
0.10715689028461309
0.10425106384972066
0.10619750865067278
0.10437128773549424
0.10624411039868822
0.1089487546111452
0.10988218237660723
0.10988218237660723
0.10988218237660723
0.10755790035379224
0.10741492272091635
0.10741492272091635
0.10741492272091635
0.10741492272091635
0.10741492272091635
0.10741492272091635
0.10556890011055295
0.10556890011055295
0.1066621937179753
0.1066621937179753
0.1066621937179753
0.1066621937179753
0.10657086592089275
0.10657086592089275
0.10657086592089275
0.10575474478968663
0.1056879038015601
0.1056879038015601
0.1056879038015601
0.10498667179106962
0.10498667179106962
0.10410810654011529
0.10410810654011529
0.10410810654011529
0.10613618818195138
0.10613618818195138
0.10613618818195138
0.10613618818195138
0.10594592986345193
0.10848290279726552
0.10848290279726552
0.10848290279726552
0.10727975510634336
0.10727975510634336
0.10470279641471185
0.10470279641471185
0.10421994135635808
0.10421994135635808
0.10405274832361225
0.10405274832361225
0.10405274832361225
0.10405274832361225
0.10405274832361225
0.10405274832361225
0.10484919249287417
0.1046710030170481
0.1046574324698539
0.1046574324698539
0.1046574324698539
0.1058976394923764
0.10578617575263839
0.10578617575263839
0.10596789949091348
0.10805561302786902
0.10805561302786902
0.1067975727243277
0.10534655746534236
0.10825977571764561
0.10623513774662716
0.10623513774662716
0.10437626303674916
0.10446089006393604
0.10679009444811298
0.10679009444811298
0.10679009444811298
0.10679009444811298
0.10896711196336206
0.10896711196336206
0.11064575555851541
0.10811137505108567
0.10811137505108567
0.10811137505108567
0.10811137505108567
0.10811137505108567
0.1101807040334127
0.1101543919801841
0.1101543919801841
0.1101543919801841
0.11530506567464724
0.11444186403690591
0.1145664960000839
0.11416018073985601
0.11416018073985601
0.11743779114656797
0.11743779114656797
0.12102161898023858
0.12102161898023858
0.11786351160908466
0.11786351160908466
0.11786351160908466
0.11786351160908466
0.11786351160908466
0.11786351160908466
0.11480375297309177
0.11480375297309177
0.11480375297309177
0.11480375297309177
0.11415340300332066
0.11415340300332066
0.11415340300332066
0.11415340300332066
0.11415340300332066
0.11415340300332066
0.11415340300332066
0.11415340300332066
0.11415340300332066
0.11415340300332066
0.11273752635223616
0.11290788446856137
0.11290788446856137
0.11290788446856137
0.11290788446856137
0.11290788446856137
0.11290788446856137
0.11290788446856137
0.11208858858137101
0.10802527080698919
0.10802527080698919
0.11181963056633144
0.11072335558792824
0.11072335558792824
0.11072335558792824
0.11123435807653966
0.1143713642323017
0.11423966177329092
0.11455566829961655
0.11455566829961655
0.11783704424559376
0.11783704424559376
0.11459998112268191
0.11092658904312223
0.11092658904312223
0.11088888872282052
0.10859992736960766
0.10750342990501237
0.10750342990501237
0.10750342990501237
0.10754526260167495
0.10574818384182735
0.10811502211362346
0.10811502211362346
0.10657851536238391
0.10669741349642733
0.10648295981501708
0.10648295981501708
0.10648295981501708
0.10553849646880283
0.10553849646880283
0.10930373812770496
0.10822341218566157
0.10822341218566157
0.10797248445676946
0.10797248445676946
0.10797248445676946
0.10797248445676946
0.10855867864277585
0.10855867864277585
0.10855867864277585
0.10382642378104392
0.1022291293173897
0.1022291293173897
0.1022291293173897
0.1022291293173897
0.10234838700922025
0.10480913180779629
0.10480913180779629
0.10489574993554612
0.10489574993554612
0.1048921971539958
0.10535783144319048
0.10535783144319048
0.10550866272344334
0.10550866272344334
0.10550866272344334
0.10550866272344334
0.10550866272344334
0.10550866272344334
0.10647217424197342
0.1052228191359341
0.1052228191359341
0.10473273400034173
0.10539665980143609
0.10422576703775013
0.10636321448614464
0.10636321448614464
0.10636321448614464
0.10636321448614464
0.10636321448614464
0.10554913184583596
0.10668719198404547
0.10668719198404547
0.10965843303704854
0.1075779718885475
0.1075779718885475
0.11048536849476061
0.11048536849476061
0.11243865480547097
0.11243865480547097
0.11243865480547097
0.11243865480547097
0.11243865480547097
0.11243865480547097
0.10839589523614675
0.10839589523614675
0.10839589523614675
0.10839589523614675
0.10771393376820397
0.10577390657523825
0.10577390657523825
0.10577390657523825
0.10577390657523825
0.10577390657523825
0.10585251800632514
0.10585251800632514
0.108546161464159
0.10573623206220244
0.10600171113197614
0.10600171113197614
0.10600171113197614
0.10600171113197614
0.104727986469075
0.104727986469075
0.10438463070494597
0.10552874012502407
0.10552874012502407
0.10552874012502407
0.10686112764125309
0.10686112764125309
0.10686112764125309
0.10987010211206655
0.10987010211206655
0.1103728863909833
0.11243221633323397
0.11243221633323397
0.11054894603976612
0.11054894603976612
0.11054894603976612
0.10900963170594538
0.11260168598209064
0.11260168598209064
0.11307410063920488
0.11307410063920488
0.11417632165075849
0.11259988479192233
0.11259988479192233
0.11252763290344735
0.11252763290344735
0.11252763290344735
0.11252763290344735
0.11095351157230537
0.10747579656883159
0.10747579656883159
0.10753025597076435
0.1094507122604303
0.10969060358769325
0.10969060358769325
0.10969060358769325
0.11098048233627085
0.11098048233627085
0.10906936429471789
0.11011383437437362
0.11011383437437362
0.10916362144216998
0.10916362144216998
0.1092198992133344
0.11010120405254373
0.11411470349609261
0.11411470349609261
0.11375890541529415
0.11269889643754558
0.1117638106690779
0.1117638106690779
0.1117638106690779
0.1117638106690779
0.1117638106690779
0.1117638106690779
0.1117638106690779
0.1117638106690779
0.11096056318232443
0.11123346652142026
0.11123346652142026
0.11123346652142026
0.1088352684125472
0.11269022991255505
0.1115058674142927
0.1115058674142927
0.1115058674142927
0.1115058674142927
0.1121697398721455
0.1121697398721455
0.10972081179770232
0.10972081179770232
0.1111750190225957
0.11304241764835508
0.11304241764835508
0.1155265056486498
0.1155265056486498
0.1155265056486498
0.11548388037925897
0.11530534933422568
0.11455796876804251
0.11455796876804251
0.11455796876804251
0.11245531306602863
0.1127724523493356
0.1127724523493356
0.1127724523493356
0.1127724523493356
0.11295839876883078
0.11295839876883078
0.11295839876883078
0.11295839876883078
0.11304235577407187
0.11330714280602845
0.11330714280602845
0.11287922921910076
0.11287922921910076
0.11126423882690008
0.11126423882690008
0.11126423882690008
0.1129083125932126
0.11561611705045084
0.11561611705045084
0.11561611705045084
0.11561611705045084
0.11561611705045084
0.11561611705045084
0.11347188261269225
0.1125968613726951
0.1125968613726951
0.11350749298199776
0.11350749298199776
0.11350749298199776
0.11350749298199776
0.11357872621846811
0.11278464003374987
0.11278464003374987
0.11182844088841669
0.1132947241265815
0.10771590515848734
0.11085034142073888
0.11085034142073888
0.11085034142073888
0.1122707967844069
0.11202863805570484
0.11202863805570484
0.11202863805570484
0.11581638802674658
0.11581638802674658
0.11581638802674658
0.11380889110307178
0.11607556695787273
0.11672489661714437
0.11672489661714437
0.11672489661714437
0.11447981924919827
0.1135864518511396
0.1135864518511396
0.11396119240055563
0.11396119240055563
0.11351769907146826
0.11149689210972771
0.11020897365380876
0.11020897365380876
0.11020897365380876
0.11020897365380876
0.10696320860157596
0.10696320860157596
0.10730051501964824
0.10708845786159271
0.10708845786159271
0.10960152343312765
0.10890809511779792
0.10957802406547101
0.10773371681589153
0.10773371681589153
0.10773371681589153
0.10785745896279542
0.10785745896279542
0.10785745896279542
0.10445247675405882
0.10445247675405882
0.10445247675405882
0.1030621356931525
0.1030621356931525
0.10301071919980354
0.10301071919980354
0.10665288490633242
0.10665288490633242
0.10665288490633242
0.10743602620241
0.10743602620241
0.10743602620241
0.10793169755370564
0.10844941178760097
0.10844941178760097
0.10768621107362014
0.10768621107362014
0.10768621107362014
0.11018509502236695
0.10844225616097844
0.10608800481198385
0.10906307662791406
0.10906307662791406
0.1105095173638111
0.11578814664510621
0.11578814664510621
0.11578814664510621
0.11578814664510621
0.11578814664510621
0.11520599582737112
0.1141186438543109
0.11382461593570471
0.11656762282880523
0.11207070154100812
0.11207070154100812
0.11207070154100812
0.10578453317677249
0.10541343445723844
0.10464556186986612
0.10464556186986612
0.10464556186986612
0.10978651125296408
0.10978651125296408
0.10978651125296408
0.10978651125296408
0.10978651125296408
0.11022870562612065
0.10966540373701877
0.10669758987240761
0.10669758987240761
0.10669758987240761
0.10669758987240761
0.10669758987240761
0.106898804596311
0.10675987672312941
0.10675987672312941
0.10466481322540715
0.10466481322540715
0.10466481322540715
0.10466481322540715
0.10466481322540715
0.10364878582753054
0.10364878582753054
0.10285944159960911
0.10593222371094288
0.1057348907021526
0.10553368995496808
0.10553368995496808
0.10865693185753639
0.10865693185753639
0.10657653720528933
0.10657653720528933
0.10407491462025094
0.10898227160222035
0.10898227160222035
0.10986012430194814
0.10986012430194814
0.11026941589641175
0.11026941589641175
0.11026941589641175
0.10852306279706321
0.10852306279706321
0.11083325105592692
0.1090544877463575
0.10894739547515987
0.10857107989469161
0.10857107989469161
0.11014532005943976
0.11014532005943976
0.10877739814953723
0.10747166160809443
0.10747166160809443
0.10747166160809443
0.10747166160809443
0.10747166160809443
0.10747166160809443
0.10725060673228534
0.10140100559930237
0.10168963347091324
0.10168963347091324
0.10412201477722642
0.10838279463820455
0.10838279463820455
0.10768682603334533
0.10768682603334533
0.10768682603334533
0.10768682603334533
0.10768682603334533
0.10871074153943797
0.10871074153943797
0.10781844064806978
0.10781844064806978
0.10606947240922092
0.10716590039377799
0.10630843209468818
0.10630843209468818
0.10630843209468818
0.10442935188373663
0.10442935188373663
0.1001974411470059
0.10295463169279759
0.10481427560155093
0.10481427560155093
0.10375073327731234
0.10375073327731234
0.10477302288447836
0.10477302288447836
0.10477302288447836
0.10556679200939736
0.10433789366919045
0.10433789366919045
0.10486950931975045
0.10486950931975045
0.10486950931975045
0.10480547584339511
0.10480547584339511
0.10307801721336222
0.10268427375063575
0.10608649639046282
0.10248085700741555
0.10248085700741555
0.10248085700741555
0.10643215108822096
0.10643215108822096
0.10658501253026313
0.10658501253026313
0.10658501253026313
0.1044739748427938
0.1036096951646374
0.1036096951646374
0.1036096951646374
0.1036096951646374
0.1036096951646374
0.10422388989095763
0.10422388989095763
0.10422388989095763
0.1022772951003834
0.10189698056396947
0.10209198650349283
0.10209198650349283
0.10139982875611125
0.10139982875611125
0.10399022768575157
0.10399022768575157
0.10194148971957895
0.10044727045495698
0.10053851458336313
0.10053851458336313
0.1060717301690421
0.1060717301690421
0.11033584876574695
0.1102319628392797
0.1102319628392797
0.11194534083930582
0.11418303408516225
0.1135386935094659
0.1135386935094659
0.10958834830192286
0.10958834830192286
0.11237797591924413
0.11019869841429648
0.11158973008788997
0.11069993330814902
0.11069993330814902
0.11069993330814902
0.11069993330814902
0.10974755449926885
0.10974755449926885
0.10864077131849197
0.10860165080666095
0.10822858835814748
0.10900489669572686
0.10963148851916546
0.1106615766183208
0.11080003991784886
0.1093448550273534
0.1093448550273534
0.10723776812791394
0.10723776812791394
0.10723776812791394
0.10723776812791394
0.10723776812791394
0.10723776812791394
0.10723776812791394
0.1120954757134902
0.11136955529244011
0.10985523572571657
0.10985523572571657
0.11135033782370389
0.11135033782370389
0.11135033782370389
0.11135033782370389
0.11135033782370389
0.11227592222101503
0.11146219264870169
0.11443318011362912
0.11443318011362912
0.11459914306737258
0.11333749496558206
0.11333749496558206
0.11121281847200919
0.11121281847200919
0.10962776353978813
0.10962776353978813
0.10962776353978813
0.10893638443975913
0.10893638443975913
0.10893638443975913
0.10893638443975913
0.11432668813352818
0.11095061586542665
0.11095061586542665
0.11095061586542665
0.11095061586542665
0.11095061586542665
0.11095061586542665
0.11122613425067131
0.11122613425067131
0.11122613425067131
0.11122613425067131
0.11122613425067131
0.10949548319925838
0.10949548319925838
0.1095844868929953
0.1095844868929953
0.10939712268649499
0.10939712268649499
0.10939712268649499
0.1114534654738396
0.1114534654738396
0.10889408257309453
0.10889408257309453
0.11077975857097437
0.11077975857097437
0.10996629156084592
0.11005786088775706
0.11005786088775706
0.10802892780733403
0.10802892780733403
0.10802892780733403
0.10802892780733403
0.10802892780733403
0.10569387190936655
0.10579018191574091
0.10579018191574091
0.10491126223068888
0.10491126223068888
0.10491126223068888
0.10491126223068888
0.10491126223068888
0.10491126223068888
0.10752447684186435
0.1095677230655145
0.1095677230655145
0.1095677230655145
0.1095677230655145
0.1095677230655145
0.1095677230655145
0.1095677230655145
0.1095677230655145
0.1095677230655145
0.11010389673529954
0.10838773993184961
0.10838773993184961
0.10838773993184961
0.11076239814287721
0.11076239814287721
0.11076239814287721
0.11076239814287721
0.11076239814287721
0.11012294039987701
0.10887790428740696
0.11035700490345833
0.10897528153519916
0.10897528153519916
0.10867497135955326
0.10858563363232966
0.10858563363232966
0.10858563363232966
0.10639190603397027
0.10639190603397027
0.10639190603397027
0.10722346798561565
0.10722346798561565
0.10722346798561565
0.10699904456766741
0.10699904456766741
0.1048737318385784
0.1048737318385784
0.1048737318385784
0.10658923784003237
0.10678339630262007
0.10818575478552128
0.10567252311739533
0.10567252311739533
0.10540742765939043
0.10540742765939043
0.10687997409443722
0.10687997409443722
0.10867501557043897
0.10910780294903011
0.10910780294903011
0.10731237560378701
0.10731237560378701
0.10731237560378701
0.10731237560378701
0.1078578645009243
0.1078578645009243
0.1078578645009243
0.1078578645009243
0.1078578645009243
0.1078578645009243
0.1078578645009243
0.10920033501209737
0.11095031530862455
0.11082608711546474
0.10979392336163533
0.10979392336163533
0.10979392336163533
0.10979392336163533
0.10740529036251634
0.10740529036251634
0.10740529036251634
0.10740529036251634
0.10740529036251634
0.10740529036251634
0.10729379196427473
0.10729379196427473
0.1074895716455966
0.1101908646810436
0.1101908646810436
0.11153515805514616
0.11039771463186791
0.11093615195805431
0.11038278865312254
0.11169202826823765
0.11169202826823765
0.11169202826823765
0.10861310429957309
0.10944688348909933
0.10944688348909933
0.10944688348909933
0.10944688348909933
0.10881170941945853
0.10881170941945853
0.10766977443644715
0.10472289711628048
0.11047446657273191
0.11047446657273191
0.11047446657273191
0.11217013685758817
0.11217013685758817
0.11217013685758817
0.11253328949742794
0.11253328949742794
0.11215027290245864
0.1113576121754799
0.1113576121754799
0.1113576121754799
0.1102490835282029
0.1102490835282029
0.10813753199044039
0.1071640676780602
0.10779425188353453
0.10628381363451345
0.10628381363451345
0.10628381363451345
0.10628381363451345
0.104088034876805
0.10837979864929152
0.10837979864929152
0.10837979864929152
0.10837979864929152
0.10976602480954661
0.10976602480954661
0.10976602480954661
0.10678178705743079
0.10796147955327906
0.10796147955327906
0.10796147955327906
0.10796147955327906
0.10796147955327906
0.10796147955327906
0.10796147955327906
0.10796147955327906
0.10796147955327906
0.10796147955327906
0.11470631110835076
0.11470631110835076
0.11012782410168735
0.11012782410168735
0.10827827191183063
0.10991232126505043
0.10991232126505043
0.10991232126505043
0.10933400403638886
0.1125727171059554
0.11247296990855947
0.11247296990855947
0.1089724456993001
0.1089724456993001
0.10893093578264093
0.10893093578264093
0.10893093578264093
0.10893093578264093
0.10893093578264093
0.10893093578264093
0.10893093578264093
0.11032661725339887
0.10849612115087573
0.10878354549458231
0.11106973754720682
0.10758701582895717
0.10865716093560962
0.10916195304985406
0.10589099654441059
0.10864563485014501
0.10864563485014501
0.1090071303824962
0.1090071303824962
0.1090071303824962
0.1090071303824962
0.1093930767910846
0.1093930767910846
0.1093930767910846
0.1093930767910846
0.11502135134617286
0.11424294568675285
0.11113730636453
0.10888112269093146
0.10888112269093146
0.10888112269093146
0.10888112269093146
0.1102727762510194
0.1102727762510194
0.1102727762510194
0.11147713835120913
0.11147713835120913
0.11147713835120913
0.1091474553929338
0.1091474553929338
0.10939858464608597
0.10757475255655154
0.1064280961865017
0.10933375705486965
0.10757494921250736
0.10757494921250736
0.1116035625263969
0.1116035625263969
0.1116035625263969
0.1116035625263969
0.1116035625263969
0.11346933894680274
0.11346933894680274
0.11346933894680274
0.11263158352885255
0.11304187660868967
0.11304187660868967
0.11262051845636797
0.11123668169174737
0.10916684333397103
0.10791053877806671
0.10893651404284085
0.10893651404284085
0.10893651404284085
0.11085787145563682
0.11085787145563682
0.1102926807179437
0.1087494774671173
0.1087494774671173
0.1087494774671173
0.10967848547501464
0.10967848547501464
0.10967848547501464
0.10967848547501464
0.10967848547501464
0.10854822152205373
0.10700992785204001
0.10700992785204001
0.1066001026174951
0.1066001026174951
0.10637035825954477
0.10769168870745346
0.10742761137595694
0.10742761137595694
0.10742761137595694
0.10704422054323492
0.10771488544982936
0.11049071324244567
0.11049071324244567
0.1072446168298617
0.1072446168298617
0.1072446168298617
0.10798894128657326
0.10895108632039535
0.1088273737950592
0.110876266590973
0.110876266590973
0.10901486853166385
0.11304554853903521
0.11304554853903521
0.11304554853903521
0.11007724844372312
0.11000259763287702
0.11000259763287702
0.11000259763287702
0.11000259763287702
0.11000259763287702
0.10806487880950384
0.10806487880950384
0.10653282064765933
0.1112249525407566
0.1112249525407566
0.1112249525407566
0.10836234329689327
0.1065191332144721
0.11122490969626922
0.11183136117702945
0.11198758362438836
0.1084270406647618
0.10779055759096458
0.10779055759096458
0.10779055759096458
0.1065872359405645
0.10292334686653197
0.10279878000134905
0.10279878000134905
0.10279878000134905
0.10280756921547772
0.10280756921547772
0.10082519887470011
0.10082519887470011
0.10082519887470011
0.10437865714072353
0.10437865714072353
0.10437865714072353
0.10437865714072353
0.1056099332508221
0.1056099332508221
0.10697168484034948
0.10697168484034948
0.107947801097407
0.107947801097407
0.107947801097407
0.10576099435047615
0.10385481402341898
0.10623073156905166
0.10495642590225303
0.10495642590225303
0.11051004682898147
0.10972438834087359
0.1076523107098254
0.1076523107098254
0.1042180849552976
0.10687542122265084
0.10687542122265084
0.11036256720664747
0.11036256720664747
0.11036256720664747
0.10911915800815376
0.10911915800815376
0.10911915800815376
0.11098588890428285
0.11139230198902719
0.11139230198902719
0.11139230198902719
0.10932435282542384
0.10932435282542384
0.10932435282542384
0.11229798429538472
0.11229798429538472
0.11340793973536145
0.11340793973536145
0.11150210693852251
0.11255701618324443
0.11255701618324443
0.11255701618324443
0.11581922330752702
0.11581922330752702
0.11581922330752702
0.11505754461149459
0.11524069075384061
0.11524069075384061
0.11331470357053079
0.11331470357053079
0.11331470357053079
0.11330492049579385
0.11312030996474898
0.11312030996474898
0.10823201516009397
0.10874830891731462
0.10874830891731462
0.10874830891731462
0.11082199050919563
0.11082199050919563
0.11104396997511912
0.11096356587294001
0.11096356587294001
0.11096356587294001
0.10972737659429344
0.11008681863014379
0.1118043925840935
0.1118043925840935
0.1118043925840935
0.10982135372356237
0.10739953218128087
0.10739953218128087
0.1070930869566711
0.1070930869566711
0.1115614828320569
0.11379583420287673
0.11379583420287673
0.11379583420287673
0.11077437102425208
0.1114744770628394
0.1114744770628394
0.1157552799938093
0.11308986103466505
0.11145580363813115
0.11145580363813115
0.11126000325371636
0.11126000325371636
0.11126000325371636
0.11223675445095015
0.10963619853709064
0.1061199306396798
0.1061199306396798
0.10890809654309386
0.10879672616701183
0.10601725108173048
0.1051993652025674
0.1051993652025674
0.1051993652025674
0.1051993652025674
0.1051993652025674
0.1051993652025674
0.1076217446694404
0.1076217446694404
0.10855748731815355
0.10868724194257015
0.10868724194257015
0.10868724194257015
0.11010484289948057
0.11010484289948057
0.11010484289948057
0.11010558857591941
0.10769152884142721
0.10769152884142721
0.10769152884142721
0.10769152884142721
0.11080556926506947
0.10775393817495596
0.10775393817495596
0.10775393817495596
0.10775393817495596
0.11021872906752203
0.10774785817603486
0.11017660749690311
0.11066663122208312
0.11066663122208312
0.11160359140080787
0.11160359140080787
0.11258929952402755
0.11503374497999737
0.11502721782769075
0.11582061785181084
0.11582061785181084
0.11402874984198234
0.11402874984198234
0.11402874984198234
0.11402874984198234
0.11340431881202667
0.11120451431776496
0.11190264347713857
0.10811873721242299
0.10928642264638494
0.10928642264638494
0.10833784991630468
0.10833784991630468
0.10833784991630468
0.10833784991630468
0.10570262037097455
0.10538364521226491
0.10538364521226491
0.10538364521226491
0.10538364521226491
0.10608811819111437
0.10608811819111437
0.10707382824686525
0.10707382824686525
0.10750408617363622
0.10750408617363622
0.11132054336591826
0.11003584954466136
0.11003584954466136
0.11003584954466136
0.11003584954466136
0.11014330628450957
0.11014330628450957
0.1076990033587813
0.1076990033587813
0.1076990033587813
0.10580983858126748
0.10888672020272631
0.10914525157224535
0.10914525157224535
0.10880359963235699
0.10880359963235699
0.10756611861358212
0.10756611861358212
0.10756611861358212
0.10772379274528267
0.10772379274528267
0.10834498879692533
0.10834498879692533
0.10614141801152582
0.10469419748116697
0.10469419748116697
0.10469419748116697
0.10629007329143159
0.10629007329143159
0.10720934128084306
0.10927468308731293
0.11227628198466837
0.11227628198466837
0.11039442089877509
0.10933283123640217
0.10643883463551514
0.10693170822037298
0.1097924485684805
0.10709516109526301
0.10709516109526301
0.10811277298898798
0.10811277298898798
0.10811277298898798
0.10811277298898798
0.10811277298898798
0.10811277298898798
0.10811277298898798
0.10811277298898798
0.10982970133640668
0.10897075010806814
0.11015159788394084
0.11015159788394084
0.10486251571736056
0.1065608022402464
0.1065608022402464
0.10864588340742695
0.10864588340742695
0.10864588340742695
0.10864588340742695
0.10864588340742695
0.10864588340742695
0.10923020661006147
0.10923020661006147
0.11088745531363664
0.11346399977645488
0.10960815119250385
0.11015783778693182
0.11015783778693182
0.1062259130156543
0.1062259130156543
0.1062259130156543
0.1062259130156543
0.10700855366189488
0.11279194608000805
0.11127269480344547
0.10744721316439766
0.10744721316439766
0.10744721316439766
0.10884746999701757
0.1078350623208672
0.10808096810196584
0.10315056105331497
0.10315056105331497
0.10315056105331497
0.10315056105331497
0.10684306724189979
0.10684306724189979
0.10584503885350949
0.10584503885350949
0.10584503885350949
0.10584503885350949
0.10603256314651426
0.10603256314651426
0.1071792410070451
0.10370184974187519
0.10338686046189992
0.10338686046189992
0.10338686046189992
0.10525098770545324
0.10608573269729071
0.10608573269729071
0.1054736755378407
0.1054736755378407
0.1054736755378407
0.1054736755378407
0.1054736755378407
0.10563978563080025
0.10563978563080025
0.10436817632645239
0.10605584341451732
0.10605584341451732
0.10748093297900849
0.10748093297900849
0.10924253000629319
0.11112033988634276
0.11039102149862334
0.11039102149862334
0.10877292847959662
0.10916179797000862
0.10841727320057973
0.11027061262769683
0.11027061262769683
0.1098699523583174
0.10676477676808219
0.10437468766405592
0.10437468766405592
0.10874781422056523
0.10874781422056523
0.1087123170127338
0.1087123170127338
0.1063148801220194
0.1063148801220194
0.1063148801220194
0.10999681097126902
0.10999681097126902
0.10999681097126902
0.10999681097126902
0.10999681097126902
0.10899711703917521
0.10900899437071908
0.10900899437071908
0.1100192732598003
0.1109084053526222
0.11379126375109755
0.11379126375109755
0.11379126375109755
0.11379126375109755
0.11447069647388518
0.11447069647388518
0.11447069647388518
0.11407922797053587
0.11407922797053587
0.11306160104584996
0.11306160104584996
0.1137026661756857
0.1137026661756857
0.1137026661756857
0.11501361969926518
0.11501361969926518
0.11420920142984689
0.11420920142984689
0.11420920142984689
0.11434543802471864
0.11434543802471864
0.11253077341029898
0.11302872847036058
0.11302872847036058
0.11281422253426776
0.11281422253426776
0.11547003996251136
0.11358442039600826
0.1129641228735628
0.11067160245248217
0.11067160245248217
0.11067160245248217
0.11067160245248217
0.11118803645465768
0.11118803645465768
0.11118803645465768
0.11633225669487203
0.11442882902467666
0.11442882902467666
0.11442882902467666
0.11497293563317298
0.11497293563317298
0.11497293563317298
0.11497293563317298
0.11497293563317298
0.11497293563317298
0.11497293563317298
0.11497293563317298
0.11497293563317298
0.11500631761136271
0.11465920297095343
0.11194388366346275
0.11065103645144264
0.11091106444327453
0.11091106444327453
0.11037225268038343
0.11075194360604292
0.11002179173572346
0.11041214230853115
0.11177484266201687
0.11062445781852376
0.11062445781852376
0.11062445781852376
0.11212346997454063
0.1098197981831483
0.1098197981831483
0.1098197981831483
0.11191193384676486
0.11191193384676486
0.11191193384676486
0.11191193384676486
0.11191193384676486
0.11191193384676486
0.11191193384676486
0.11254500419215376
0.11170595217943766
0.11257526060088784
0.11892754525015432
0.118070718582552
0.118070718582552
0.118070718582552
0.11427314613252716
0.11427314613252716
0.11275015532940527
0.11275015532940527
0.11275015532940527
0.11275015532940527
0.11275015532940527
0.11116658391553456
0.10678808457503902
0.10678808457503902
0.10633080348006448
0.1060156722830981
0.1060156722830981
0.1112002298659036
0.1112002298659036
0.1112002298659036
0.1112002298659036
0.11098009002023934
0.11206534833223576
0.11206534833223576
0.11206534833223576
0.10964237862717086
0.10876467775821066
0.10876467775821066
0.11272693758771116
0.10966728853059864
0.10724126256516685
0.10648651321978013
0.10648651321978013
0.10648651321978013
0.10648651321978013
0.10648651321978013
0.10771342082284852
0.10787672160233298
0.10610849062051568
0.10610849062051568
0.10610849062051568
0.1063617321567472
0.1081367076446353
0.1081367076446353
0.1081367076446353
0.1081367076446353
0.10987194750832355
0.10935792557780645
0.11020576056272177
0.11020576056272177
0.11020576056272177
0.11020576056272177
0.11020576056272177
0.11020576056272177
0.10780216612701395
0.10780216612701395
0.10780216612701395
0.10919425768478934
0.10948755799847089
0.10728184743178033
0.10728184743178033
0.1069543320688652
0.11066733809705748
0.1101673803542679
0.1101673803542679
0.1101673803542679
0.11089844976221808
0.11237911983692096
0.11074639831634833
0.111722085409593
0.11157028079744236
0.11157028079744236
0.11043776467217616
0.11043776467217616
0.11043776467217616
0.11043776467217616
0.1109114247069613
0.1109114247069613
0.10916790852036556
0.10973135857278288
0.10973135857278288
0.11327676644307048
0.11347775964220953
0.11343518016195839
0.11026239561908076
0.11026239561908076
0.11026239561908076
0.10955421756248335
0.10664249781534561
0.10664249781534561
0.10836056492341592
0.1086632457096723
0.1086632457096723
0.10821374452972124
0.11026199471153234
0.11026199471153234
0.11026199471153234
0.11157819335255027
0.11157819335255027
0.10989137227099496
0.10989137227099496
0.11603000831553453
0.11603000831553453
0.11603000831553453
0.11603000831553453
0.11265929159622347
0.11552957016944355
0.11442977943404882
0.11442977943404882
0.11384912815420475
0.1147573078065944
0.1147573078065944
0.1147573078065944
0.11512227126762618
0.11512227126762618
0.11512227126762618
0.11323853391045627
0.1131584589354532
0.11382613240931735
0.11382613240931735
0.11546368408114169
0.11165422914422794
0.11503285428383929
0.11971776186499607
0.11971776186499607
0.11971776186499607
0.11971776186499607
0.12066832626715392
0.12066832626715392
0.11538905623703634
0.11538905623703634
0.11538905623703634
0.11789839537460206
0.11789839537460206
0.11789839537460206
0.1166376452161047
0.11841776059979342
0.11841776059979342
0.11643751196601318
0.11643751196601318
0.1165256196973819
0.1165256196973819
0.1165256196973819
0.1165256196973819
0.1165256196973819
0.1165256196973819
0.1165256196973819
0.11638509543214617
0.11688263150091878
0.11688263150091878
0.11688263150091878
0.11524638384530565
0.11751314590308012
0.11751314590308012
0.11751314590308012
0.11569324696805235
0.11473735308755402
0.11473735308755402
0.11473735308755402
0.11431942208475712
0.11431942208475712
0.11431942208475712
0.11431942208475712
0.11431942208475712
0.1134470525644484
0.11549811080088988
0.11629496452183734
0.11629496452183734
0.11629496452183734
0.11584824433719298
0.1174214680848617
0.11674424479346833
0.11611022804693695
0.11611022804693695
0.11694075457580756
0.11398293203325086
0.11741760849640089
0.11741760849640089
0.11917273591100622
0.11917273591100622
0.11917273591100622
0.11917273591100622
0.1184757106870645
0.11822595692927242
0.11822595692927242
0.11822595692927242
0.11822595692927242
0.11885875425429204
0.11885875425429204
0.11885875425429204
0.11851117327340381
0.11851117327340381
0.11851117327340381
0.11851117327340381
0.11621381311310497
0.11621381311310497
0.11621381311310497
0.11559111591050622
0.11559111591050622
0.11170443143496142
0.11170443143496142
0.11170443143496142
0.11170443143496142
0.10687345868170572
0.10687345868170572
0.10687345868170572
0.10718662644979894
0.10718662644979894
0.11005769903822733
0.11005769903822733
0.108948759617355
0.108948759617355
0.10930370320694312
0.10930370320694312
0.10930370320694312
