1.0370650837733084
1.0370650837733084
1.0370650837733084
1.0370650837733084
1.0370650837733084
1.0370650837733084
1.0370650837733084
1.0370650837733084
1.0370650837733084
1.0370650837733084
1.0370650837733084
1.0370650837733084
1.0370650837733084
1.0370650837733084
1.0370650837733084
1.0370650837733084
1.0370650837733084
1.0370650837733084
1.0370650837733084
1.0370650837733084
1.0370650837733084
1.0370650837733084
1.0370650837733084
1.0370650837733084
1.0370650837733084
1.0370650837733084
1.0370650837733084
1.0370650837733084
1.0370650837733084
1.0370650837733084
1.0370650837733084
1.0370650837733084
1.0370650837733084
1.0370650837733084
1.0370650837733084
1.0370650837733084
1.0370650837733084
1.0370650837733084
1.0370650837733084
1.0370650837733084
1.0370650837733084
1.0370650837733084
1.0370650837733084
1.0370650837733084
1.0370650837733084
1.0370650837733084
1.0370650837733084
1.0370650837733084
1.0370650837733084
1.0370650837733084
1.0370650837733084
1.0370650837733084
1.0370650837733084
1.0370650837733084
1.0370650837733084
1.0370650837733084
1.0370650837733084
1.0370650837733084
1.0370650837733084
1.0370650837733084
1.0370650837733084
1.0370650837733084
1.0370650837733084
1.0370650837733084
1.0370650837733084
1.0370650837733084
1.0370650837733084
1.0370650837733084
1.0370650837733084
1.0370650837733084
1.0370650837733084
1.0370650837733084
1.0370650837733084
1.0370650837733084
1.0370650837733084
1.0370650837733084
1.0370650837733084
1.0370650837733084
1.0370650837733084
1.0370650837733084
1.0370650837733084
1.0370650837733084
1.0370650837733084
1.0370650837733084
1.0370650837733084
1.0370650837733084
1.0370650837733084
1.0370650837733084
1.0370650837733084
1.0370650837733084
1.0370650837733084
1.0370650837733084
1.0370650837733084
1.0370650837733084
1.0370650837733084
1.0370650837733084
1.0370650837733084
1.0370650837733084
1.0370650837733084
1.033708338416257
1.033708338416257
1.033708338416257
1.033708338416257
1.029087593594078
1.0275023739495508
1.0275023739495508
1.0275023739495508
1.0253622547147865
1.0253622547147865
1.0253622547147865
1.0251915740120694
1.0208795537596471
1.0208795537596471
1.0173318738054427
1.0122926269548937
1.0145670654570502
1.018409802653617
1.0198004172965698
1.0198004172965698
1.0198004172965698
1.0180065733506984
1.0205050049452493
1.019213326813513
1.0217804475820704
1.0243955169907686
1.0243955169907686
1.0243955169907686
1.0243955169907686
1.0229924183612722
1.0238046757651116
1.022780179454805
1.022780179454805
1.022780179454805
1.022780179454805
1.025759439019836
1.0264848056369276
1.0264848056369276
1.0265855770446757
1.0226250720077332
1.0226250720077332
1.0240094559899875
1.0240094559899875
1.0283980679167297
1.0283980679167297
1.0283980679167297
1.0283980679167297
1.0283980679167297
1.0283980679167297
1.0283980679167297
1.0275368475476818
1.0275368475476818
1.0275368475476818
1.0275368475476818
1.0262431589933416
1.0262431589933416
1.0262431589933416
1.0277894244714043
1.0277894244714043
1.0252616045245866
1.0252616045245866
1.0252616045245866
1.0252616045245866
1.0264684643253184
1.0283801032611763
1.0283801032611763
1.0278913679895278
1.0278913679895278
1.0278913679895278
1.026555659373965
1.028427452808589
1.028427452808589
1.0308863097641872
1.0298896552016754
1.0292351284671168
1.0269871226684106
1.0269871226684106
1.0278511744893708
1.0241820759184443
1.0241820759184443
1.0241820759184443
1.0279432400661732
1.0279432400661732
1.0307351484772789
1.0307351484772789
1.0302228101543471
1.0302228101543471
1.0302228101543471
1.0302228101543471
1.0243501101754227
1.0266893827377819
1.0272457569886901
1.0272457569886901
1.0278521736811934
1.0258373279082804
1.0258373279082804
1.028048566244587
1.028048566244587
1.0303790837536728
1.027494555695475
1.027494555695475
1.027494555695475
1.0230648161467417
1.0233684518748394
1.0267785481239522
1.0260001529495082
1.0252061045064231
1.0252061045064231
1.0279460149213056
1.0279460149213056
1.028465892308212
1.028465892308212
1.0286705694175977
1.026458615772972
1.0274523345823408
1.0274523345823408
1.0297201641687228
1.029044764571544
1.029044764571544
1.029044764571544
1.0321339616061442
1.035362226229437
1.0343177426541816
1.0330386299628012
1.0330386299628012
1.0330386299628012
1.0330386299628012
1.0330386299628012
1.0330386299628012
1.0330386299628012
1.0330386299628012
1.034072177018267
1.0355837739871319
1.0355837739871319
1.0318084987366152
1.030321519349185
1.030321519349185
1.030321519349185
1.030321519349185
1.0310956293277345
1.0318872676113395
1.0318872676113395
1.0318872676113395
1.0318872676113395
1.0318872676113395
1.0318872676113395
1.0304408029885144
1.0328525358316416
1.0328525358316416
1.0333317357589473
1.0333317357589473
1.0333317357589473
1.0333317357589473
1.0333317357589473
1.0333317357589473
1.0333317357589473
1.0352976431246241
1.0352976431246241
1.0352976431246241
1.0319184321695993
1.0283112633484897
1.0335263691413654
1.0335263691413654
1.0335263691413654
1.0335263691413654
1.0335263691413654
1.0351351244506297
1.0351351244506297
1.0365766406129417
1.0365766406129417
1.0337515107189654
1.034706129409552
1.0316429691405775
1.0316429691405775
1.0316429691405775
1.0316429691405775
1.0316429691405775
1.0316429691405775
1.0316429691405775
1.0355219613726452
1.031991533298963
1.0381296194522982
1.0381296194522982
1.0385851993228228
1.0402396599610508
1.0403559988234625
1.0378424108969724
1.036378839946896
1.029334849757678
1.0283502744269821
1.0296408961579335
1.0313150509731241
1.0313150509731241
1.0313150509731241
1.0313150509731241
1.0313150509731241
1.031890805880634
1.031890805880634
1.0271266271195192
1.0299535605529373
1.0284061968034115
1.0309444901184757
1.034139647785923
1.0365491527981474
1.0365491527981474
1.0365491527981474
1.0354631817427005
1.0354631817427005
1.0354631817427005
1.0335101229156236
1.034588209288449
1.0304727782909717
1.0304727782909717
1.0304727782909717
1.0304727782909717
1.0304727782909717
1.0328467425333308
1.0302004388210053
1.0325146683629864
1.0325146683629864
1.0264274768659243
1.0264274768659243
1.0274825531864182
1.0313689737476774
1.0332959890758293
1.0332959890758293
1.0332959890758293
1.0332959890758293
1.0329230671917324
1.0329230671917324
1.0310370202788772
1.0310370202788772
1.0322639730115495
1.0322639730115495
1.0322639730115495
1.0322639730115495
1.0348673689171677
1.0347219588146797
1.033312357533209
1.033312357533209
1.033312357533209
1.0287931615881067
1.0287931615881067
1.0287931615881067
1.0285586219518263
1.0285586219518263
1.0267375058401578
1.0266731067033676
1.0266731067033676
1.0266731067033676
1.0266731067033676
1.0294281275344772
1.0319046358598818
1.0319046358598818
1.0319046358598818
1.0319046358598818
1.0327467981149077
1.0327467981149077
1.0327467981149077
1.0327467981149077
1.0312945877486184
1.0278583928722602
1.0278288510117557
1.0278288510117557
1.027700892880993
1.0293065637440078
1.0296989784583732
1.0296989784583732
1.0279984033551095
1.0279984033551095
1.0280916345846058
1.0280916345846058
1.0280916345846058
1.0310426452035863
1.0310426452035863
1.031872712199385
1.0306709500717135
1.0306709500717135
1.027633203513363
1.0303276935504582
1.0303276935504582
1.0292540659315046
1.0292540659315046
1.0252788120029865
1.0252788120029865
1.0252788120029865
1.0252788120029865
1.0253430975232867
1.0286560219923946
1.0200559481777611
1.0200559481777611
1.0200559481777611
1.022923467710284
1.022923467710284
1.022923467710284
1.022923467710284
1.0302280830868622
1.0302280830868622
1.0302280830868622
1.0313306042315562
1.0312704769184797
1.0312704769184797
1.0312704769184797
1.0312704769184797
1.031313168345769
1.031313168345769
1.031313168345769
1.031313168345769
1.031313168345769
1.031313168345769
1.0304593275139806
1.0304593275139806
1.0304593275139806
1.0315364848020727
1.0282845650070658
1.0280060070575106
1.0262637049643886
1.0239259887286523
1.0256789262078634
1.0247899871330501
1.0247899871330501
1.0247899871330501
1.0247899871330501
1.0247899871330501
1.023642012080321
1.0239819453193937
1.0238745576362813
1.0238745576362813
1.0238745576362813
1.0238745576362813
1.0281499565266634
1.0281499565266634
1.031076894609194
1.031076894609194
1.0289774631697983
1.0247185680084303
1.024775073746101
1.024775073746101
1.0231371662778768
1.0231371662778768
1.0259957334941046
1.0259957334941046
1.0270648898340946
1.0270648898340946
1.0270648898340946
1.0270648898340946
1.0270648898340946
1.0270648898340946
1.0294319666327534
1.0294319666327534
1.0294319666327534
1.0282438265490204
1.0282438265490204
1.0282438265490204
1.0282438265490204
1.0282438265490204
1.0282438265490204
1.0282438265490204
1.0282438265490204
1.0268532373972514
1.0268532373972514
1.0259814815573023
1.0259814815573023
1.0259814815573023
1.0259814815573023
1.0259814815573023
1.0258530148244291
1.0292604453059597
1.0292604453059597
1.0291836608387535
1.0292933736272427
1.031690117264618
1.030820150194241
1.0346455259115077
1.0374777397021366
1.0362915459741224
1.0360993303555686
1.0380912655945111
1.0380912655945111
1.0380912655945111
1.0380912655945111
1.0380912655945111
1.0393831530818674
1.0393831530818674
1.0393831530818674
1.0393831530818674
1.0393831530818674
1.0344343966411507
1.0344343966411507
1.0344343966411507
1.0334198932353302
1.0335746412557278
1.0328328769724782
1.0328328769724782
1.0306319727652362
1.0306319727652362
1.0306319727652362
1.0287021898503075
1.0287021898503075
1.0263767935189418
1.0263767935189418
1.0263767935189418
1.0263767935189418
1.0272371978080914
1.0250261257758992
1.0242416172662487
1.0258860364017748
1.0258860364017748
1.0258860364017748
1.0274753285176812
1.023678924581211
1.023678924581211
1.030021336800019
1.03544769495586
1.03544769495586
1.03544769495586
1.03544769495586
1.0359882193894063
1.0346605021634498
1.0346605021634498
1.0346605021634498
1.034869477793104
1.034869477793104
1.034869477793104
1.0343100211169274
1.0307145338118664
1.0301830548396556
1.0301830548396556
1.0295279208619441
1.0277123490737852
1.0277123490737852
1.0277123490737852
1.0264171885040645
1.0264171885040645
1.0289448251544173
1.0291737068448272
1.0317173788677227
1.0317173788677227
1.032142633440696
1.032142633440696
1.032142633440696
1.0338377623632373
1.0338377623632373
1.035288108276906
1.0356822333527649
1.0360042540252226
1.0361813104763324
1.0361813104763324
1.034092676438786
1.0343715142135212
1.0331432206168305
1.0306559613981123
1.0324727007366916
1.0294926224424363
1.0294897483845191
1.0299968237239467
1.0323510177808102
1.0323510177808102
1.0323510177808102
1.0323510177808102
1.0353611776977425
1.0340103322403618
1.0340103322403618
1.0340103322403618
1.0340103322403618
1.033516506033675
1.033516506033675
1.0353086638420723
1.036346042357642
1.0353634788185688
1.0335991163610074
1.032471277808844
1.0332078544618535
1.0326006932845548
1.032831495226332
1.032831495226332
1.0331787188805726
1.0349907911408947
1.0349907911408947
1.037766268720794
1.0376162128636897
1.0390565717548113
1.0365057970135556
1.0380984572962928
1.0402373559117886
1.0395694386060421
1.0375315411627373
1.0375315411627373
1.0346971794291417
1.0337306100049355
1.029159392300613
1.0328224820495548
1.0328224820495548
1.0332813443008992
1.0306109338366185
1.0340971772587702
1.0340971772587702
1.0340971772587702
1.0297414543841605
1.0293267277323852
1.0311884744674635
1.0323523068225786
1.033281568606294
1.033281568606294
1.0304841735583365
1.0306114983937402
1.0299040339120538
1.0297813857661788
1.0311917758385802
1.0311917758385802
1.0333784459774478
1.0376402262606876
1.0376402262606876
1.0376402262606876
1.0376402262606876
1.0352160363672156
1.0352160363672156
1.0348248696743725
1.0348248696743725
1.0348248696743725
1.0348248696743725
1.032152667361672
1.032152667361672
1.0341788503630893
1.036799809927438
1.036799809927438
1.0376729867117531
1.0376729867117531
1.0358729352136136
1.032671996215543
1.0322251074061548
1.0337827744095638
1.0337827744095638
1.039287153818867
1.037653604272782
1.035496917439335
1.035496917439335
1.035496917439335
1.035496917439335
1.035496917439335
1.035496917439335
1.035496917439335
1.0313678274227416
1.029285243938986
1.029285243938986
1.028296732610396
1.029004370219172
1.029004370219172
1.029004370219172
1.0291512642009326
1.0267811839664165
1.02972171541249
1.02972171541249
1.028482871651551
1.028482871651551
1.028482871651551
1.028482871651551
1.028482871651551
1.0276251884208232
1.0299284221401035
1.0299284221401035
1.0299284221401035
1.0299284221401035
1.0299284221401035
1.0299284221401035
1.0299284221401035
1.0280101826854267
1.0280101826854267
1.0277045618301552
1.0277045618301552
1.032298012292505
1.0320687137400584
1.034898678848011
1.034898678848011
1.034898678848011
1.034898678848011
1.034898678848011
1.034898678848011
1.0350535346224008
1.0336840045277087
1.0343749188633804
1.0336232013674778
1.0363722616565276
1.0363722616565276
1.0363722616565276
1.0363722616565276
1.0363722616565276
1.0363722616565276
1.0331304457095765
1.0331304457095765
1.0331304457095765
1.0331304457095765
1.0331304457095765
1.0353180502318169
1.0353180502318169
1.0350697422788442
1.0350697422788442
1.0290697492066783
1.0290697492066783
1.0313991899003825
1.0312779966257943
1.0312779966257943
1.0312779966257943
1.0312779966257943
1.0302273832910822
1.0302273832910822
1.0334099422967602
1.031698663199572
1.0304552100512783
1.0267652192309016
1.0338499039074494
1.029609487605186
1.031255708082917
1.0302991011357245
1.0305289421624697
1.0303598490080055
1.0290683630300168
1.0286986811567695
1.0297577871894923
1.0297577871894923
1.0297577871894923
1.0297577871894923
1.0297577871894923
1.0297577871894923
1.0249435244416474
1.024768797403021
1.024768797403021
1.0242564298099361
1.0291943532962067
1.0291943532962067
1.030312146212201
1.030312146212201
1.030312146212201
1.030312146212201
1.0304193840666505
1.02937284707125
1.0346162961607182
1.035915659423932
1.035915659423932
1.035915659423932
1.035954073812134
1.035954073812134
1.035954073812134
1.035954073812134
1.0325998243674703
1.0325998243674703
1.031357194748967
1.031357194748967
1.031357194748967
1.0319350902647841
1.0319350902647841
1.0333425272199679
1.0333425272199679
1.0333425272199679
1.0309234897272597
1.0309234897272597
1.0301175224206403
1.0301175224206403
1.0301175224206403
1.0321692663631088
1.0308618810791548
1.0308618810791548
1.0316417127146567
1.0316417127146567
1.0316417127146567
1.030520462898561
1.0332905122637972
1.0356352988216018
1.0376577446393112
1.0376577446393112
1.0376577446393112
1.0376577446393112
1.0400099816268564
1.0400099816268564
1.0400099816268564
1.0400099816268564
1.0400099816268564
1.0400099816268564
1.0395631038620123
1.0392339469202811
1.0411812664105609
1.0411812664105609
1.0411812664105609
1.0411812664105609
1.0407321612960032
1.0407321612960032
1.0407321612960032
1.0407321612960032
1.0407321612960032
1.0381980634564503
1.0381980634564503
1.0381980634564503
1.0369618291761726
1.0369618291761726
1.0369618291761726
1.0359219046562416
1.0359219046562416
1.0359219046562416
1.0365403967303677
1.0365403967303677
1.0358887679393647
1.0358887679393647
1.0358887679393647
1.0372598885079072
1.0372598885079072
1.0372598885079072
1.0372598885079072
1.0359257284760632
1.0359257284760632
1.0359257284760632
1.0359257284760632
1.0382068150329142
1.0382068150329142
1.0382068150329142
1.0382068150329142
1.0405865309676037
1.0421491764483644
1.0404211547291695
1.0388223910621093
1.0388223910621093
1.0383508039496963
1.0383508039496963
1.036273518522745
1.0361977181343451
1.0361977181343451
1.0357247262455078
1.0357247262455078
1.034229288740738
1.034229288740738
1.034229288740738
1.034229288740738
1.034229288740738
1.0328217901182588
1.0320548454311773
1.0320548454311773
1.0336996903557625
1.033347091986769
1.033347091986769
1.0326463133852726
1.0327538398115277
1.0343398936032024
1.0343398936032024
1.0336831267664108
1.0336831267664108
1.0331333861237284
1.0307351366405928
1.0307716257349824
1.0287060805901709
1.0307778456519299
1.0335406414711228
1.0335406414711228
1.0335406414711228
1.03364553934898
1.03364553934898
1.0330340296235596
1.0347132393973129
1.0414914570451201
1.0411319762694176
1.0417426297342167
1.0434095615814372
1.0434095615814372
1.0434095615814372
1.0413229227836385
1.0451492142431162
1.0451492142431162
1.044995378103118
1.0368977756677387
1.0395781252556735
1.0395781252556735
1.0364165307634385
1.0364165307634385
1.0364165307634385
1.0365806706510106
1.0365806706510106
1.0330723832864988
1.0330723832864988
1.0311278330512663
1.0314826463993398
1.0314826463993398
1.0314826463993398
1.0291728305064316
1.0291728305064316
1.0291728305064316
1.0291728305064316
1.0315398566794005
1.0315398566794005
1.0359392463030384
1.0359392463030384
1.0288872036004788
1.0252259215499286
1.0252259215499286
1.0252259215499286
1.0299739550937306
1.030035607181497
1.030035607181497
1.028746580090685
1.028746580090685
1.0303187320123117
1.0293159656630886
1.0293159656630886
1.0293159656630886
1.0295154971802183
1.0295154971802183
1.0295154971802183
1.0295154971802183
1.030441394805014
1.0323682609949674
1.0323682609949674
1.0360833335792208
1.0360833335792208
1.0322508766424516
1.0322508766424516
1.0322508766424516
1.0321898893159793
1.0321898893159793
1.034273506168048
1.0336595596261442
1.0327602112528458
1.0327602112528458
1.0327602112528458
1.0327602112528458
1.033733145580667
1.033733145580667
1.033733145580667
1.033733145580667
1.033733145580667
1.0343606138098291
1.0333711091368663
1.0322228196056518
1.0322228196056518
1.0322228196056518
1.0322228196056518
1.0322228196056518
1.0322228196056518
1.0322228196056518
1.0322228196056518
1.0334551939690573
1.0334551939690573
1.0354953334517747
1.0354953334517747
1.0354953334517747
1.033782256864582
1.033478787302947
1.0377352675959035
1.0377352675959035
1.0377352675959035
1.0377352675959035
1.0329694844790476
1.0329694844790476
1.0329694844790476
1.0329694844790476
1.0325763803342054
1.0325763803342054
1.0325763803342054
1.0314633026646514
1.02947149080756
1.0291554483811403
1.027440887676958
1.0289848043302292
1.0289848043302292
1.0289848043302292
1.0289848043302292
1.0289848043302292
1.0289848043302292
1.0289848043302292
1.0286859297907358
1.029460880106329
1.029460880106329
1.0268993648126103
1.024574020307462
1.024574020307462
1.0266407661584973
1.0294739871462257
1.0287639854868527
1.0287639854868527
1.0287041469837528
1.0287041469837528
1.0284180646746146
1.0284180646746146
1.0309373934226926
1.0316607705020362
1.029111954438404
1.029111954438404
1.029111954438404
1.029111954438404
1.029111954438404
1.029111954438404
1.029111954438404
1.029111954438404
1.029111954438404
1.029111954438404
1.029111954438404
1.0303898332568813
1.0254533631720162
1.0260245934153494
1.0260245934153494
1.0260245934153494
1.027264212913004
1.0312989236011907
1.0312989236011907
1.0312989236011907
1.0312989236011907
1.0307728249380776
1.0307728249380776
1.032256165104447
1.0340668017137111
1.035994188182027
1.035994188182027
1.0341698299789073
1.0341698299789073
1.0341698299789073
1.0333998975928977
1.0333998975928977
1.033484145213488
1.0376992047935123
1.0359829322961993
1.0359829322961993
1.036761088661903
1.036761088661903
1.0329833670895538
1.0318527513437075
1.031958257311587
1.031958257311587
1.0370359030520375
1.035843088958287
1.035843088958287
1.0331338525237586
1.0331338525237586
1.0364197211486275
1.0364197211486275
1.0322563915583598
1.0322563915583598
1.0322563915583598
1.0327804567169223
1.032862795619755
1.032862795619755
1.032862795619755
1.032862795619755
1.032862795619755
1.032862795619755
1.0331411584809518
1.03248743460253
1.03248743460253
1.03248743460253
1.0340325670341883
1.0340325670341883
1.0340325670341883
1.0340325670341883
1.034418250423576
1.034418250423576
1.034418250423576
1.034418250423576
1.034418250423576
1.034418250423576
1.0310702806282759
1.0295484540466873
1.0284951928171748
1.0284951928171748
1.03432773546086
1.0340773833079804
1.0340773833079804
1.037713290029627
1.037217124745075
1.037217124745075
1.0364122009712065
1.0364122009712065
1.0396232889966295
1.0396232889966295
1.0399284471308425
1.0405457812267085
1.0354000385439819
1.0346599207760843
1.0346599207760843
1.0340724999824573
1.0322698246442723
1.0322698246442723
1.0315620720441703
1.0315620720441703
1.0340610280033729
1.0335778252951913
1.0330141002091369
1.0342305717109088
1.0342305717109088
1.0342305717109088
1.0361484699176005
1.0342773855584804
1.0342773855584804
1.0342773855584804
1.02774561451535
1.02774561451535
1.02774561451535
1.02774561451535
1.02774561451535
1.02774561451535
1.02774561451535
1.02774561451535
1.02774561451535
1.02774561451535
1.02774561451535
1.02774561451535
1.02774561451535
1.0318319571235743
1.030943125128054
1.0292129659897484
1.029287625889336
1.029287625889336
1.029287625889336
1.029287625889336
1.0297317071048042
1.0297317071048042
1.0281473537197452
1.0281473537197452
1.0281473537197452
1.0281473537197452
1.0281473537197452
1.0281473537197452
1.0281473537197452
1.0297557360442975
1.0297557360442975
1.0297557360442975
1.0320106659301638
1.0320106659301638
1.0278829333189103
1.0278829333189103
1.0268797102053913
1.029359259856834
1.0295297902559066
1.0295297902559066
1.03168516455362
1.03168516455362
1.03168516455362
1.03168516455362
1.0353955872926714
1.0353955872926714
1.0337722836154395
1.0337722836154395
1.0337722836154395
1.0337722836154395
1.0337722836154395
1.0287162596739192
1.0287162596739192
1.0350931676666668
1.0408207451308673
1.0408207451308673
1.0467693584444628
1.0482923333173373
1.0489029209411918
1.0489029209411918
1.046600824935026
1.046600824935026
1.0450564622701055
1.0433804280686785
1.045305633568973
1.045305633568973
1.050191538344572
1.049480714592487
1.049480714592487
1.0445395695598656
1.0442838182045227
1.0410882789375955
1.0410882789375955
1.0410882789375955
1.0410882789375955
1.0410882789375955
1.0416520908309206
1.0416520908309206
1.034371130362867
1.034371130362867
1.0332889976488784
1.0338193691468593
1.0359778503087083
1.0371588045740083
1.0371588045740083
1.0372320531087138
1.033950375788703
1.0337056634096378
1.0337056634096378
1.0367343546035253
1.0367343546035253
1.0338433552135817
1.035250064705795
1.036705518809162
1.0336952183548753
1.0336952183548753
1.032772005038996
1.032772005038996
1.0327377232039805
1.0356280684997452
1.0369067899815205
1.0387993865331917
1.037916876660674
1.0343980136932482
1.034448599647068
1.034448599647068
1.0353303252030592
1.0358050020138452
1.0358050020138452
1.03553263743627
1.03553263743627
1.0349475005177964
1.0349475005177964
1.0349475005177964
1.0349475005177964
1.0358990279645295
1.0304345632896699
1.0317108578803458
1.0302031188150236
1.0293292645236247
1.0291908592426253
1.0291908592426253
1.0291908592426253
1.029942299073311
1.029942299073311
1.0260322903730301
1.0260322903730301
1.0260322903730301
1.0257698917371907
1.0259809142378868
1.0259809142378868
1.0259809142378868
1.0259809142378868
1.0259809142378868
1.0259809142378868
1.0259809142378868
1.0240267564542465
1.0240267564542465
1.0269670621647091
1.0260246589738387
1.0260246589738387
1.0260246589738387
1.0260246589738387
1.0255158417494947
1.025122764961707
1.025122764961707
1.0229226756664371
1.0205099689924262
1.0205099689924262
1.026025682126148
1.026025682126148
1.026025682126148
1.029570084861456
1.029570084861456
1.0294949206938713
1.0294949206938713
1.0286588990107275
1.0286588990107275
1.0286588990107275
1.0286588990107275
1.0286588990107275
1.0286588990107275
1.0286588990107275
1.0286588990107275
1.0286588990107275
1.0258921899585651
1.0257712000068762
1.0277796303442264
1.0284863438922918
1.0291571118317522
1.0293854991233455
1.0293854991233455
1.0293854991233455
1.0293854991233455
1.0277547763804131
1.0277547763804131
1.0299615777132012
1.0299615777132012
1.0299615777132012
1.0302506379444338
1.0331725786842232
1.0372561709590893
1.0372561709590893
1.0372561709590893
1.0372561709590893
1.0372561709590893
1.0372561709590893
1.0372561709590893
1.0395176277791
1.0395176277791
1.0379101518936278
1.0379101518936278
1.035694703267841
1.0353022573891355
1.0353022573891355
1.0353022573891355
1.0353022573891355
1.0353022573891355
1.0353022573891355
1.031239552073912
1.030864630420937
1.030864630420937
1.031262379172458
1.031262379172458
1.031262379172458
1.031262379172458
1.0329938934411798
1.0371508552522912
1.040223664179849
1.040223664179849
1.040223664179849
1.040223664179849
1.0419784289564578
1.0379518408946498
1.0385495197997512
1.0385495197997512
1.0403708949512573
1.0403708949512573
1.041476779150882
1.041476779150882
1.041476779150882
1.041476779150882
1.041476779150882
1.0387468584345232
1.0390004799116765
1.0390004799116765
1.04265856133476
1.04045525957935
1.04045525957935
1.04045525957935
1.04045525957935
1.04045525957935
1.04045525957935
1.04045525957935
1.0366468537368316
1.0366468537368316
1.0366468537368316
1.0366468537368316
1.0348984995871437
1.0385971240055143
1.0385971240055143
1.0385971240055143
1.0385971240055143
1.0393286423316321
1.0393286423316321
1.0370182322500094
1.0377481589803637
1.0377481589803637
1.0377481589803637
1.0377481589803637
1.0361297953171789
1.038749609220479
1.0452372966953998
1.043144568951634
1.043144568951634
1.043144568951634
1.043144568951634
1.043144568951634
1.045404418005224
1.045404418005224
1.045404418005224
1.041205591834096
1.0373951058821356
1.0360841938240972
1.0360841938240972
1.0374911025355664
1.0374911025355664
1.0374911025355664
1.0377494479326361
1.0397218334255893
1.039891588057852
1.0382781139480224
1.0401556825311362
1.0400040067502423
1.0393208575301216
1.034538671236351
1.034538671236351
1.034538671236351
1.034538671236351
1.033858421690449
1.0366249707833035
1.0358577990313294
1.0358577990313294
1.036329850630913
1.036329850630913
1.036329850630913
1.0356838626717126
1.036100131500317
1.0343210114873944
1.0358925090809261
1.0358925090809261
1.0350627648575323
1.0350627648575323
1.0342609679769537
1.0316677886878363
1.0316677886878363
1.0362807545908421
1.0362807545908421
1.0362807545908421
1.0362807545908421
1.0362807545908421
1.0362807545908421
1.0362807545908421
1.0362807545908421
1.0362807545908421
1.0358096833374044
1.0343063500598024
1.0343063500598024
1.0343063500598024
1.0338764512064302
1.0296559940513277
1.0320290784964063
1.035766268340363
1.0391372696929788
1.0395144330446775
1.0405901177819294
1.0405901177819294
1.0392054901780838
1.0392054901780838
1.0392054901780838
1.0392054901780838
1.0392054901780838
1.0355578635194695
1.0343431327031407
1.0310434915649263
1.0310434915649263
1.0344389764211284
1.0377177189904296
1.0377177189904296
1.0377177189904296
1.0355790861252214
1.0363602443106794
1.0373039738017011
1.0373039738017011
1.038634533188378
1.039837573066189
1.0398363629733178
1.0389537625785858
1.0392133698962391
1.036763015473581
1.036763015473581
1.0340113696083804
1.0340113696083804
1.0340113696083804
1.0340113696083804
1.0340113696083804
1.0330469397148454
1.0330469397148454
1.039232190244091
1.0360738321334364
1.0360738321334364
1.0359010480045316
1.0370913272707165
1.0390008888257287
1.0385398596991455
1.0400498030108736
1.0403038581540294
1.0403038581540294
1.0403038581540294
1.0403038581540294
1.0402810518727665
1.0415440966389395
1.0438447008120482
1.0438447008120482
1.043415958886063
1.040772980575938
1.040772980575938
1.033828312047775
1.037093103619597
1.037093103619597
1.037093103619597
1.0350080330171305
1.0350080330171305
1.0350080330171305
1.0350080330171305
1.0304972374444636
1.0304972374444636
1.0340594351960557
1.0340594351960557
1.036010824169973
1.0353757689542207
1.0353757689542207
1.0353757689542207
1.0353757689542207
1.0353757689542207
1.0353757689542207
1.0353757689542207
1.0340428960387529
1.0338066736523206
1.0338066736523206
1.0349429936194008
1.0349429936194008
1.0349429936194008
1.0349429936194008
1.0349429936194008
1.0388536068994247
1.037913507546614
1.037913507546614
1.037913507546614
1.037913507546614
1.037891202767097
1.037891202767097
1.037891202767097
1.037891202767097
1.038461245881905
1.038461245881905
1.038461245881905
1.0349284671346777
1.0349284671346777
1.0373246229789626
1.032114641923319
1.032114641923319
1.032114641923319
1.0318756444710493
1.0319696425808211
1.0354406805792182
1.0354406805792182
1.0351498388105886
1.0351498388105886
1.0351498388105886
1.0351498388105886
1.0351498388105886
1.0351498388105886
1.0351498388105886
1.0351498388105886
1.0351498388105886
1.0351498388105886
1.0351498388105886
1.0342542732040938
1.0297546569161249
1.0297546569161249
1.0276612834647478
1.0287778100478684
1.0276451684936816
1.0276451684936816
1.027764195683663
1.0322700433141756
1.029385251574204
1.029385251574204
1.029385251574204
1.031395803322109
1.031395803322109
1.031395803322109
1.031395803322109
1.031395803322109
1.031395803322109
1.0316239052122884
1.0316239052122884
1.031779833776783
1.031110556191922
1.032397559368249
1.032397559368249
1.033608354351507
1.033608354351507
1.0316137817772442
1.0316137817772442
1.030592117659193
1.030592117659193
1.0294043426340442
1.0267090730425321
1.0267090730425321
1.0267090730425321
1.0267090730425321
1.0320308753759493
1.0320308753759493
1.0286990416060042
1.028320844197862
1.0273254987616867
1.0273254987616867
1.0301757006044505
1.0346383799909329
1.0346383799909329
1.0346383799909329
1.0307052978972022
1.0307052978972022
1.030329427455288
1.0315168858803219
1.0311712770825177
1.0311712770825177
1.0319700667653249
1.0326419185938065
1.0326419185938065
1.029643841197535
1.029643841197535
1.0295148210854235
1.0294376691987321
1.0294376691987321
1.0313968818860484
1.0313968818860484
1.0307210828853888
1.0334285425609517
1.0348927825865337
1.0348927825865337
1.0348927825865337
1.034005228939015
1.034005228939015
1.034005228939015
1.034005228939015
1.0336759118079049
1.0333284386816357
1.0333284386816357
1.0352852744886882
1.0352852744886882
1.0367939594921434
1.0367939594921434
1.0363532411648517
1.035878689317901
1.0336486241932663
1.0336486241932663
1.0327279180083626
1.0323574849409096
1.0323574849409096
1.0323155004251758
1.0333777077227948
1.0333777077227948
1.0333777077227948
1.0337526270756443
1.0337526270756443
1.0307944782198815
1.0307944782198815
1.0333673691183212
1.0352681163910304
1.033354997186196
1.0331159311782603
1.0331159311782603
1.0331159311782603
1.0331159311782603
1.0331159311782603
1.0373437194632935
1.0349666131466406
1.0349666131466406
1.0360488561423689
1.0360488561423689
1.0354090493674446
1.0390419909036135
1.0408150331949209
1.0408150331949209
1.0382061798603746
1.0397689805109294
1.0397689805109294
1.0412305978830405
1.0405848693367303
1.037072967830898
1.0362971581875873
1.0362971581875873
1.0362971581875873
1.0399331104383358
1.0399331104383358
1.0369890908826345
1.036403500478741
1.0332672072658804
1.0366644224492416
1.0366644224492416
1.0366644224492416
1.0366644224492416
1.0360131288340704
1.0360131288340704
1.0360131288340704
1.0360131288340704
1.0351696672068933
1.0351696672068933
1.0351696672068933
1.0351696672068933
1.0358334776595712
1.035449031721178
1.035449031721178
1.0352190935209906
1.0340575463959698
1.032114443177652
1.0353319224932962
1.0360094457777191
1.0360094457777191
1.0402472406659335
1.0389281641803723
1.0389281641803723
1.0389281641803723
1.034588898602626
1.0343498745869009
1.0343463937815414
1.0343463937815414
1.0340239737387658
1.0348684324764408
1.0348684324764408
1.0354025075035116
1.0365928719863329
1.0401493907354689
1.0401493907354689
1.0357681452562195
1.0357681452562195
1.0357681452562195
1.0357681452562195
1.0357681452562195
1.0357681452562195
1.0357681452562195
1.0357681452562195
1.0357681452562195
1.0357681452562195
1.0346615224975255
1.0346615224975255
1.0346615224975255
1.0346615224975255
1.0346615224975255
1.0339943737356727
1.0331267936692612
1.0331267936692612
1.0331267936692612
1.0340637704057374
1.0370417133129335
1.0294577786291896
1.033269723376869
1.033269723376869
1.0362402976466185
1.0362402976466185
1.0362402976466185
1.0362402976466185
1.0365708988426117
1.0386207671588545
1.0386207671588545
1.0386207671588545
1.0386207671588545
1.0386207671588545
1.0392722202286355
1.0392722202286355
1.0387100310942052
1.038289884048038
1.038289884048038
1.038289884048038
1.0377793688687877
1.0377793688687877
1.0377793688687877
1.0377793688687877
1.0377793688687877
1.0362730878564035
1.0359879934811809
1.0359879934811809
1.0373281345053438
1.0373281345053438
1.0333433310775055
1.0333433310775055
1.0379266008085746
1.0393159765392421
1.037669939958133
1.0387720751363834
1.0382382198946698
1.0382382198946698
1.0382382198946698
1.0382382198946698
1.0382382198946698
1.0356132068635562
1.0416006622568104
1.0415286064120752
1.0447024606633424
1.0447024606633424
1.0447024606633424
1.0447024606633424
1.0447024606633424
1.0412032195001857
1.0459952851973766
1.0430508491138026
1.0430508491138026
1.0430508491138026
1.0430508491138026
1.0430508491138026
1.0423496569019293
1.0406565299286124
1.0410496417403423
1.0369409577913933
1.0321173194438462
1.0321173194438462
1.0305442930420763
1.0360916881591937
1.0360916881591937
1.037411338983318
1.037411338983318
1.037411338983318
1.037411338983318
1.037411338983318
1.0402785068921994
1.0400578379785264
1.0382656230302085
1.0372464610668684
1.037585070996594
1.037585070996594
1.038873678700223
1.038873678700223
1.0409500435961971
1.0375256236731445
1.0375256236731445
1.0375256236731445
1.0375256236731445
1.0375256236731445
1.0375256236731445
1.0368214345424347
1.0393740855791056
1.04376404625558
1.04376404625558
1.04376404625558
1.0415402497091695
1.0443574624572154
1.0443574624572154
1.0456429419410564
1.0429688984203629
1.0445283426421061
1.0445283426421061
1.0445283426421061
1.0445283426421061
1.0445283426421061
1.0443263454678924
1.0443263454678924
1.0443263454678924
1.0439960607174072
1.0439960607174072
1.0439960607174072
1.0438482040124313
1.0438482040124313
1.0438482040124313
1.0438482040124313
1.0429855607372172
1.0429855607372172
1.046150784538297
1.0396316589265935
1.0351978201526766
1.035988627525548
1.035988627525548
1.035988627525548
1.035988627525548
1.035988627525548
1.035988627525548
1.0364643915244829
1.0364643915244829
1.0364643915244829
1.037202461606306
1.039455856624188
1.039455856624188
1.039455856624188
1.039455856624188
1.0374459750309253
1.0374163440398718
1.0371585285968223
1.0367875106418925
1.038801361044957
1.038801361044957
1.038801361044957
1.038801361044957
1.0389414706293048
1.0391373514726197
1.0391373514726197
1.0400349035236416
1.038470707920779
1.038470707920779
1.0351207231729793
1.0351207231729793
1.0353548682528035
1.0353548682528035
1.0315461812459656
1.029753090610078
1.029753090610078
1.029753090610078
1.027614346599264
1.027614346599264
1.027614346599264
1.027614346599264
1.027614346599264
1.027258729136226
1.029749713869746
1.0281266301085927
1.0320434696634253
1.0320434696634253
1.0320654262721198
1.0320654262721198
1.0279808260009147
1.024833317758364
1.024833317758364
1.024833317758364
1.0265872699060234
1.0305597182943331
1.02912030749482
1.02912030749482
1.029381856151879
1.027500260152182
1.0280361569051708
1.0280361569051708
1.0280361569051708
1.0280361569051708
1.0292341086259227
1.0292341086259227
1.0279276351806979
1.0279276351806979
1.031341639539334
1.0292564905349466
1.0292564905349466
1.0322305321781067
1.0322305321781067
1.031080403381317
1.031080403381317
1.0310625829914355
1.0310625829914355
1.0310625829914355
1.0310625829914355
1.0257751042519834
1.024285163229965
1.024285163229965
1.024285163229965
1.024285163229965
1.0252400416645837
1.0252400416645837
1.0252400416645837
1.0268615714271536
1.0268615714271536
1.0268615714271536
1.0268615714271536
1.0264655017576567
1.0264588886375081
1.0264588886375081
1.027615961557102
1.0292225961829697
1.0265884256315705
1.0282970775212628
1.0269654986134715
1.0252204082408292
1.0291071363028734
1.0291071363028734
1.0291071363028734
1.0356859571199775
1.0356859571199775
1.030832958767588
1.030832958767588
1.030832958767588
1.030832958767588
1.030832958767588
1.030832958767588
1.0359357372052898
1.0359357372052898
1.030641819026464
1.0300067416755763
1.0300067416755763
1.028823535651013
1.0320980628720422
1.033907778102859
1.0321202133043643
1.0321202133043643
1.0323742977647663
1.0360125651334224
1.0360125651334224
1.0360125651334224
1.0360125651334224
1.0359428007126728
1.0359428007126728
1.0359428007126728
1.0359428007126728
1.0359428007126728
1.034234594698143
1.034234594698143
1.034234594698143
1.034234594698143
1.034234594698143
1.034234594698143
1.0329186852908065
1.0329186852908065
1.0356303974491252
1.0346956928535087
1.0346956928535087
1.0346956928535087
1.0321618832792432
1.0342612803075701
1.0342612803075701
1.032736817883753
1.032736817883753
1.032736817883753
1.028683410188079
1.028683410188079
1.030052948806666
1.030052948806666
1.030052948806666
1.0277712998150137
1.0277712998150137
1.0278906755253086
1.0263193934842432
1.0263193934842432
1.0263193934842432
1.0263193934842432
1.0315198339710945
1.0315198339710945
1.0315198339710945
1.031993589295711
1.0338285846016564
1.0316130356476654
1.0316130356476654
1.0331202903055168
1.0331202903055168
1.0331202903055168
1.0331202903055168
1.0331202903055168
1.0331202903055168
1.0297523211066104
1.0297523211066104
1.0297011160026033
1.0297011160026033
1.0340998929707965
1.0338729165230995
1.0335534421780528
1.0339008247179293
1.0353229545480498
1.0294429490971717
1.0295440519254442
1.0295440519254442
1.0337530075473127
1.032494994063591
1.032494994063591
1.032494994063591
1.032494994063591
1.032494994063591
1.0333094651740578
1.0333094651740578
1.0346282192547065
1.0329788906535942
1.0314366253794052
1.0314366253794052
1.03151534843
1.03151534843
1.0302829679361842
1.0322122668490348
1.0322122668490348
1.0322122668490348
1.0322122668490348
1.0317874939941334
1.034118508275945
1.032778369242895
1.031704690699239
1.0344373971665086
1.0344373971665086
1.0344373971665086
1.0344373971665086
1.0344373971665086
1.0344373971665086
1.0344373971665086
1.0371976730773274
1.0362758273264099
1.0302389806377685
1.031460152690866
1.032778529092719
1.035382058515172
1.035382058515172
1.035382058515172
1.035382058515172
1.0335587654943845
1.0335587654943845
1.0335587654943845
1.0341468605516229
1.0341468605516229
1.0341468605516229
1.0341468605516229
1.0318581847203803
1.0322991654454812
1.031666815651827
1.0322327312004227
1.0322327312004227
1.0386967125484643
1.0386967125484643
1.0359539326850886
1.034005257467873
1.0375212146639614
1.03656756331116
1.0392691867551238
1.03929755557863
1.03929755557863
1.03929755557863
1.0385422539290592
1.0385422539290592
1.0385422539290592
1.0385422539290592
1.0385422539290592
1.0352378576707228
1.0353538184929783
1.0313356604444959
1.035621250344173
1.035621250344173
1.035621250344173
1.035621250344173
1.0359992147525434
1.0359992147525434
1.0340728733773668
1.0341924678856598
1.0341924678856598
1.0341924678856598
1.0341924678856598
1.0360737020200013
1.0360737020200013
1.0360737020200013
1.0360737020200013
1.0360737020200013
1.0360737020200013
1.0360737020200013
1.0338979042288479
1.0338979042288479
1.0338979042288479
1.0332078115558243
1.0332078115558243
1.0299310873805683
1.0299310873805683
1.0304030804494737
1.0282860815795163
1.0282860815795163
1.0282860815795163
1.0282860815795163
1.0282860815795163
1.0317733015696728
1.0317733015696728
1.0337015354275505
1.0336203638885137
1.0336203638885137
1.0330398270198575
1.0345791737055963
1.0322010235471357
1.0322010235471357
1.0355909043816245
1.0355909043816245
1.0359871444662898
1.0359871444662898
1.0359871444662898
1.0391793288682083
1.037889172671195
1.0366832352743995
1.0366832352743995
1.0366978777113454
1.0386995714703875
1.0399125850148228
1.0399125850148228
1.042464042090916
1.042464042090916
1.042464042090916
1.042464042090916
1.0383563887010943
1.03905949361862
1.040693487517597
1.0411691862006358
1.0411691862006358
1.0411691862006358
1.0398195095998335
1.039120971874802
1.039120971874802
1.040649847381621
1.040649847381621
1.040649847381621
1.0391346715480936
1.0384149119752524
1.0346985932968689
1.0292757721888997
1.032423133601853
1.0290083815730047
1.0305030942339288
1.0305030942339288
1.0307808390549194
1.030713211209094
1.032726497967414
1.032726497967414
1.032726497967414
1.0293856796206455
1.0293856796206455
1.030306298190111
1.030306298190111
1.0355883672714823
1.0355883672714823
1.0355883672714823
1.0367942936888563
1.0371900490183827
1.0371900490183827
1.0346676774921184
1.0346676774921184
1.0348154019509035
1.0348154019509035
1.0348154019509035
1.0385481170454938
1.0371199427259457
1.0371199427259457
1.0378133766780921
1.0378133766780921
1.0362916689150226
1.0362916689150226
1.0366993580098864
1.039791787263006
1.039791787263006
1.039791787263006
1.0382662647533771
1.0382662647533771
1.0343848676215879
1.035776832141058
1.0388984327818311
1.0411048207107645
1.0411048207107645
1.0411048207107645
1.0388970134402125
1.0388970134402125
1.0386550996993005
1.0377719294332532
1.037230252184624
1.037230252184624
1.0360858595920663
1.0401695376751052
1.0401695376751052
1.0376349625414254
1.0362497673779456
1.0361796201090965
1.0361796201090965
1.0361796201090965
1.0367057196517022
1.0390572606684516
1.0390572606684516
1.0379173498918604
1.0379173498918604
1.0379173498918604
1.0379173498918604
1.0379173498918604
1.0379173498918604
1.0379173498918604
1.042323465524005
1.042323465524005
1.042323465524005
1.042323465524005
1.0384350942682596
1.0384350942682596
1.0384350942682596
1.0384350942682596
1.0363546442123246
1.030160427667344
1.0287582162155664
1.0289454899476764
1.0289454899476764
1.0289454899476764
1.0289454899476764
1.0289454899476764
1.0289454899476764
1.0289454899476764
1.0289454899476764
1.0289454899476764
1.0308482808976287
1.0308482808976287
1.0308482808976287
1.0345080046932673
1.0292066282947263
1.0267822937146998
1.024297764052294
1.024297764052294
1.0247215250840558
1.0247215250840558
1.0267634618069248
1.0269877175649773
1.0286905299683256
1.0277661798844884
1.0277661798844884
1.0277661798844884
1.028439287124911
1.0313416140147007
1.0313416140147007
1.0295000423258063
1.0295000423258063
1.032164406771826
1.032164406771826
1.032164406771826
1.0283312665872233
1.0286718449389598
1.0269292982176712
1.0269292982176712
1.0269292982176712
1.0269292982176712
1.0267969067107297
1.0257999633512347
1.026309442055645
1.0290822137345923
1.0319582476916342
1.034363118014206
1.0342257516452236
1.0342257516452236
1.0342257516452236
1.03270775530207
1.03270775530207
1.0323562535277713
1.0356035417198854
1.036120631023781
1.0377846487284694
1.0377846487284694
1.0377846487284694
1.0377846487284694
1.0377846487284694
1.0389466697318637
1.0407688060185631
1.0407688060185631
1.0405236709809604
1.0360168987841496
1.03520398509101
1.03520398509101
1.03520398509101
1.03520398509101
1.03520398509101
1.03520398509101
1.03520398509101
1.03520398509101
1.0368397228588557
1.0339464365028879
1.0339464365028879
1.0307637542045318
1.0307637542045318
1.0330729148705802
1.0330729148705802
1.0334390659344204
1.0334390659344204
1.0353394275815675
1.0363687688143626
1.0363687688143626
1.0363687688143626
1.0363687688143626
1.0341587343594731
1.0307754753007898
1.0307754753007898
1.0340101201072935
1.0344186693449757
1.0344186693449757
1.0344186693449757
1.0344186693449757
1.0323248344013498
1.0323248344013498
1.0323248344013498
1.0351331328800495
1.0351331328800495
1.0351331328800495
1.0351331328800495
1.0351331328800495
1.0351331328800495
1.033458028676855
1.033458028676855
1.033458028676855
1.0299511219041144
1.0330592523337472
1.0295063310049926
1.0295063310049926
1.0320474865760405
1.0320474865760405
1.0320474865760405
1.0320038044482125
1.0320038044482125
1.0296221972828712
1.0296221972828712
1.0303425354486817
1.0294383606838216
1.0288102404867672
1.0288102404867672
1.0288102404867672
1.0288102404867672
1.031610689002377
1.0302138268396992
1.0302138268396992
1.0302138268396992
1.0296499175498608
1.0296499175498608
1.0296499175498608
1.0286360184483612
1.0285783573175467
1.0285783573175467
1.0285783573175467
1.0323386938502497
1.0323386938502497
1.0323386938502497
1.0323386938502497
1.0323386938502497
1.0335326119702963
1.0335326119702963
1.0346509594040192
1.0314187550167586
1.0337775954344341
1.0337775954344341
1.0298603639177233
1.0315269966397498
1.0315269966397498
1.0315773539278086
1.0315773539278086
1.0315773539278086
1.0288543473404934
1.0316295456597082
1.0316295456597082
1.0316295456597082
1.0316295456597082
1.0316295456597082
1.0316295456597082
1.0316295456597082
1.0344900739969263
1.0344900739969263
1.0344900739969263
1.0369798940942516
1.0370889234207332
1.036711716124841
1.0368106976770886
1.0368106976770886
1.0368106976770886
1.0368106976770886
1.0366914366134938
1.0366914366134938
1.0366523887778358
1.0331912293250622
1.0331912293250622
1.0315005854840436
1.0315005854840436
1.0315005854840436
1.0319124943866067
1.0307980239693544
1.0307980239693544
1.0307980239693544
1.0337124096381698
1.034537634333708
1.034537634333708
1.034537634333708
1.030678865913863
1.0344858453708543
1.0344858453708543
1.029528531766765
1.031171706908133
1.031171706908133
1.0329411791393615
1.0352884821730768
1.0337074068118648
1.0337074068118648
1.0336598381375905
1.0336598381375905
1.0336598381375905
1.0336598381375905
1.0323809937590083
1.0323809937590083
1.0323809937590083
1.0323809937590083
1.0328038097661563
1.0328038097661563
1.0344521889058704
1.0344521889058704
1.0344521889058704
1.0344521889058704
1.0306817440668288
1.0306817440668288
1.0306817440668288
1.0308188231738948
1.030840225974471
1.030840225974471
1.0286846887492862
1.029954684372115
1.027517405143763
1.0243720152569054
1.0249306359601054
1.0267140597412838
1.0267140597412838
1.0267140597412838
1.0267140597412838
1.0280702692800254
1.029302621575568
1.0281272654249618
1.0266670702290315
1.0272497494615198
1.0288579050025037
1.0314170200432176
1.0328770616583778
1.0328770616583778
1.0328770616583778
1.0328770616583778
1.0328770616583778
1.0328770616583778
1.0317352853370543
1.0346524177372636
1.03526105440945
1.03526105440945
1.029384915400476
1.0288408684136514
1.0288408684136514
1.026145219047407
1.0310080818840426
1.0310080818840426
1.0310080818840426
1.0316671936698674
1.0301282381071317
1.0297950482503397
1.0346912046323242
1.032711499713669
1.031715769922115
1.033016012814581
1.033016012814581
1.033165519787721
1.0337927497811112
1.033775073061437
1.033775073061437
1.033775073061437
1.033775073061437
1.0331673756118844
1.0312765885543431
1.0312765885543431
1.0312765885543431
1.030063628872936
1.0317360040538393
1.0342596245175868
1.0342596245175868
1.0334119798690604
1.0324822212946636
1.0339738896570214
1.0343841513909628
1.0343841513909628
1.0343841513909628
1.031968870500363
1.031968870500363
1.0306961244279618
1.0306961244279618
1.0306961244279618
1.031467247274532
1.0359059149865197
1.037758361694998
1.037758361694998
1.0404024640846534
1.0376298056431517
1.0376298056431517
1.0376298056431517
1.0376298056431517
1.0376298056431517
1.0376298056431517
1.0374684601573287
1.0357060849177795
1.038002266617682
1.038002266617682
1.038002266617682
1.038002266617682
1.0395185744393602
1.0395185744393602
1.0378033719501687
1.038524049111403
1.0367762818781692
1.0367762818781692
1.0367762818781692
1.0395126117432434
1.0395126117432434
1.039067360071828
1.039067360071828
1.036520233858241
1.0384990876265787
1.0384990876265787
1.0366188940979577
1.0366188940979577
1.0366188940979577
1.0366188940979577
1.03573342394884
1.0356212789181687
1.0356212789181687
1.0356212789181687
1.0369682297755543
1.0369682297755543
1.0369682297755543
1.0386065883811968
1.0386065883811968
1.0386065883811968
1.0386065883811968
1.0370967466190304
1.0370967466190304
1.041889959259237
1.041889959259237
1.041889959259237
1.041889959259237
1.0420532783184298
1.0420532783184298
1.0420532783184298
1.0410646515445225
1.0427350402092783
1.0442439247269053
1.0439663183763006
1.0415571036112432
1.0424385001234286
1.037807882246656
1.0449079802723735
1.0449079802723735
1.0449079802723735
1.0414573304328345
1.0414573304328345
1.0414573304328345
1.0414573304328345
1.0414573304328345
1.0407937287354514
1.0407937287354514
1.0407937287354514
1.0407937287354514
1.0407937287354514
1.0402460771750544
1.0415957689977609
1.0404240676581211
1.0404240676581211
1.0395477208196835
1.0395477208196835
1.0395477208196835
1.0395477208196835
1.0400381920995139
1.0400381920995139
1.0397812397276145
1.0397812397276145
1.0397812397276145
1.0397812397276145
1.0397812397276145
1.0365374152566416
1.0370758217189333
1.0372557970087988
1.0372557970087988
1.0382715780089116
1.0378005985577303
1.036167630768218
1.036167630768218
1.0384233522922393
1.0384233522922393
1.0384233522922393
1.0383204230121876
1.0383204230121876
1.0444416843099704
1.0396697830985773
1.0412592160077287
1.0448707887291013
1.0440668097504362
1.0453852362033664
1.043347192902726
1.0408556601160983
1.0428393964050255
1.0428393964050255
1.037691881392096
1.0336745335952267
1.03281553251915
1.03281553251915
1.034003229627289
1.034003229627289
1.0340057689874174
1.0340057689874174
1.034040476735739
1.0345020214821088
1.0345020214821088
1.0345020214821088
1.0345020214821088
1.0345020214821088
1.0345020214821088
1.0345020214821088
1.03770909505123
1.03770909505123
1.0379511407170325
1.0367530356670904
1.0367530356670904
1.0387067041344629
1.0364123269240448
1.0364123269240448
1.0393794902400264
1.0393794902400264
1.03974139757224
1.03974139757224
1.038317121058958
1.038317121058958
1.038317121058958
1.038317121058958
1.038317121058958
1.0378050908134167
1.0378050908134167
1.0378050908134167
1.0378050908134167
1.038144388189424
1.0359351218292
1.0363065911282667
1.035541536414751
1.035541536414751
1.035541536414751
1.035541536414751
1.035541536414751
1.0360189865479676
1.035719455979054
1.035719455979054
1.0358563281674031
1.0358563281674031
1.0358563281674031
1.0306000658228767
1.0306000658228767
1.0322914285160965
1.0322914285160965
1.0304099551611334
1.0304099551611334
1.0304099551611334
1.0304099551611334
1.0300647202717135
1.031926179615039
1.031926179615039
1.031926179615039
1.031926179615039
1.0293794015897622
1.0297540512080627
1.0297540512080627
1.0303552322348783
1.0303552322348783
1.0303552322348783
1.0303552322348783
1.0303552322348783
1.0303552322348783
1.0297609824568683
1.0321811339622076
1.030866310276697
1.030866310276697
1.0274595304702443
1.0274595304702443
1.0296807122239355
1.0296807122239355
1.030563370777791
1.030563370777791
1.0316839993493683
1.0316839993493683
1.0316839993493683
1.0335353426993465
1.032048588658554
1.032048588658554
1.033849680822248
1.0347986156043887
1.0347986156043887
1.0347986156043887
1.0347986156043887
1.0323518975960753
1.0346858714590088
1.0346858714590088
1.0346858714590088
1.035641765133699
1.035641765133699
1.0329192857040332
1.0347118763221392
1.0347118763221392
1.0347118763221392
1.0322018315694725
1.0305668946232889
1.0305668946232889
1.0305668946232889
1.0329810283319665
1.0328563280480247
1.0328563280480247
1.0328563280480247
1.0335336052611046
1.0364651230766637
1.0364651230766637
1.0396580466658358
1.0361929650092798
1.0354611353065428
1.0354611353065428
1.0354611353065428
1.0354611353065428
1.0354611353065428
1.0354611353065428
1.0351330849603142
1.0357057879119766
1.0357057879119766
1.0363301221308392
1.0363301221308392
1.0375223526715043
1.039911646609565
1.039911646609565
1.0383891636674123
1.036893011722767
1.0349975109828797
1.0349975109828797
1.0349975109828797
1.0349975109828797
1.039103136448207
1.039103136448207
1.0383397116677322
1.0383397116677322
1.0383397116677322
1.0389083684790548
1.0389083684790548
1.0389083684790548
1.0389083684790548
1.0389083684790548
1.0389083684790548
1.039842579778938
1.0411357925307148
1.0411357925307148
1.0385103013879655
1.0450742607100136
1.0450742607100136
1.04479197676937
1.04479197676937
1.0437935713192077
1.0437935713192077
1.0437935713192077
1.0437935713192077
1.0442916793869148
1.0482839408537732
1.0471533788377294
1.0471533788377294
1.0471533788377294
1.0471533788377294
1.0471533788377294
1.0476493008387773
1.0482317860454862
1.0482317860454862
1.0482317860454862
1.0470386385840567
1.0470386385840567
1.0470386385840567
1.0470386385840567
1.0425711964155226
1.042126415039174
1.04130323188488
1.041675676277833
1.043352436551556
1.0428180204512527
1.0428180204512527
1.0428180204512527
1.0427651171169177
1.0427651171169177
1.0444760985657975
1.0408753064723144
1.041014666443182
1.0408037410892992
1.0408037410892992
1.0407897545908675
1.0407897545908675
1.0409896532526455
1.039357590829397
1.039357590829397
1.039615075170986
1.039615075170986
1.0381219028410378
1.0376248060061017
1.0376248060061017
1.0376248060061017
1.0391402014167073
1.0391402014167073
1.0415285179683569
1.0416398206338633
1.0379617884533998
1.037049261760936
1.037049261760936
1.037049261760936
1.037049261760936
1.0362042737623582
1.034734485257142
1.034734485257142
1.034734485257142
1.034734485257142
1.030828931945795
1.030828931945795
1.030828931945795
1.028620689558017
1.0277113075597508
1.0253193992859184
1.0253193992859184
1.0253193992859184
1.0243728105158119
1.0243728105158119
1.0273169611294781
1.028532770067077
1.028532770067077
1.029738503942984
1.029738503942984
1.0354771759694765
1.0354771759694765
1.0354771759694765
1.0354771759694765
1.031249118927141
1.031249118927141
1.0300197697645666
1.029912110353275
1.029912110353275
1.0311971970434977
1.0297104809463515
1.0269974302406228
1.0269974302406228
1.0269974302406228
1.023894733424156
1.023894733424156
1.0219368913459164
1.0245436784538091
1.0254982285678438
1.0263041175154417
1.0263041175154417
1.0248650272350115
1.0248650272350115
1.0295135033387925
1.0287378348061067
1.0281216288901078
1.0281216288901078
1.0235333773160846
1.0235333773160846
1.0235333773160846
1.0235333773160846
1.0235333773160846
1.0252544167628725
1.0252544167628725
1.0252544167628725
1.0283728276616433
1.0283728276616433
1.030763749869007
1.0294656922921326
1.0294656922921326
1.0286523321539849
1.0286523321539849
1.0286523321539849
1.0286523321539849
1.0286523321539849
1.0287045280568123
1.0289015383278477
1.0289015383278477
1.0289015383278477
1.0289015383278477
1.0289015383278477
1.0285604666021297
1.0285604666021297
1.0285604666021297
1.0235000358007078
1.0235000358007078
1.0253275566867142
1.0264580849349698
1.0294177038812236
1.036568552239913
1.036568552239913
1.0343478257763499
1.0345419689653756
1.0345419689653756
1.0358098946351162
1.0317111126733742
1.0317111126733742
1.0317111126733742
1.0317111126733742
1.0317111126733742
1.0311742768723864
1.0311742768723864
1.0333461473518393
1.0333461473518393
1.0315423142820526
1.0319336948786317
1.0316567803852992
1.0337153539609427
1.0325301513958973
1.0348326061414321
1.0348326061414321
1.0338430538103478
1.0338430538103478
1.0338430538103478
1.0340502434296395
1.0342555333548402
1.0342555333548402
1.0364444783121423
1.0364444783121423
1.0364444783121423
1.0308487617968343
1.0336576446124026
1.0336576446124026
1.0336576446124026
1.0351804338893271
1.0387254501477643
1.0380608737417922
1.0380608737417922
1.0365735059116992
1.0365735059116992
1.0359871837567267
1.0375456675583337
1.0360626417226926
1.036273936062711
1.0348989021425412
1.0323196055679862
1.0323196055679862
1.0342093298320754
1.0342093298320754
1.0342093298320754
1.0342093298320754
1.0314866529923463
1.0324803801302695
1.0324803801302695
1.0324803801302695
1.0351962034892666
1.0287974979810417
1.0303541242431213
1.0326190338914158
1.0305891305062143
1.0305891305062143
1.0305891305062143
1.0305891305062143
1.0305891305062143
1.031105214067273
1.031105214067273
1.031105214067273
1.0310223544306716
1.0310223544306716
1.0310223544306716
1.0310223544306716
1.029697258619591
1.0291439935168125
1.0291439935168125
1.0268828429553367
1.0229204834729722
1.0229204834729722
1.0229204834729722
1.0278837984377733
1.0252420472193549
1.0252420472193549
1.0268239861518826
1.027345383641416
1.027345383641416
1.027345383641416
1.0274403562811856
1.0274403562811856
1.0274403562811856
1.0274403562811856
1.0274403562811856
1.0274403562811856
1.029769845217591
1.029769845217591
1.029769845217591
1.0317568962171406
1.0317568962171406
1.0317568962171406
1.0317568962171406
1.0317568962171406
1.0325480024476
1.031014704764214
1.0321277366052248
1.0321277366052248
1.0321277366052248
1.0321277366052248
1.0321277366052248
1.0290599058782905
1.028092267107684
1.0289792117629637
1.0317834807019024
1.0317834807019024
1.0317834807019024
1.0317834807019024
1.0317834807019024
1.0317834807019024
1.0317834807019024
1.0338885539153404
1.0286477213160823
1.0325495313508555
1.0321822828745095
1.0282449936251006
1.0250208980792117
1.0274445618022716
1.0291269919121702
1.0252959006913902
1.0252996629334714
1.0267296517202456
1.0257962199997432
1.0257962199997432
1.0260030963773141
1.0278185142831275
1.0276044015416903
1.0276044015416903
1.027106595471457
1.0259514696937944
1.0254928374182184
1.027491426666994
1.0267046450943866
1.0267046450943866
1.0267046450943866
1.026259991928694
1.0270866905009814
1.0270866905009814
1.0270866905009814
1.0270866905009814
1.0270866905009814
1.0270866905009814
1.028238904703427
1.0291210997913185
1.0291210997913185
1.0271575742066221
1.025786877046734
1.025786877046734
1.025786877046734
1.026968685486033
1.026986661401202
1.026986661401202
1.0274090411296894
1.0274090411296894
1.0275838045150594
1.02829692643807
1.0323402714568488
1.0323402714568488
1.0323402714568488
1.0290848251255305
1.0308412751968297
1.03153520373998
1.03153520373998
1.03153520373998
1.03153520373998
1.03153520373998
1.0339095210341627
1.0339095210341627
1.0339095210341627
1.0339095210341627
1.0322894270360645
1.0322894270360645
1.0322894270360645
1.0322894270360645
1.0348246459252686
1.0348246459252686
1.0320751306985605
1.0338263002164172
1.0338263002164172
1.0365155575326461
1.0365155575326461
1.0335256959576773
1.0304088038075918
1.0304088038075918
1.0298903232392673
1.031251278408917
1.031251278408917
1.0313161568620768
1.0313161568620768
1.0297457950886846
1.0297457950886846
1.0315063943406382
1.0335416113098956
1.0335416113098956
1.0331964086010181
1.0357523402747433
1.037015827659302
1.036775480577574
1.036775480577574
1.0385187503761844
1.0385187503761844
1.0374071190668306
1.0329333313180578
1.0349369153432548
1.0301639864196397
1.033664973226851
1.0366115263236027
1.035479115499102
1.035479115499102
1.035479115499102
1.035479115499102
1.0342057214738956
1.0342057214738956
1.036482447724865
1.036482447724865
1.036482447724865
1.036482447724865
1.0369297572862564
1.0369297572862564
1.0369297572862564
1.036128403436152
1.036128403436152
1.0344148501161656
1.0336506503820988
1.0347631894802989
1.0333719077353274
1.0314280318147107
1.0329129352588797
1.0329129352588797
1.0329129352588797
1.0352151679087742
1.03258841425331
1.03258841425331
1.03258841425331
1.0354615604272421
1.0368985568549698
1.0368985568549698
1.0368985568549698
1.0368985568549698
1.0331183224774063
1.0331183224774063
1.0331183224774063
1.0331183224774063
1.0331183224774063
1.0331183224774063
1.0331183224774063
1.0331183224774063
1.032596599103118
1.0329935836450737
1.0329935836450737
1.0329935836450737
1.0343858095133414
1.0343858095133414
1.0354391779240355
1.0354391779240355
1.0396878037720367
1.0384846349993133
1.0386478495343474
1.0386478495343474
1.0386478495343474
1.039262050825359
1.039262050825359
1.0389178107477985
1.0389178107477985
1.0389995594169765
1.0389087463091449
1.0395817012472406
1.0395817012472406
1.0395817012472406
1.0388280309128863
1.0388280309128863
1.043573480880924
1.043573480880924
1.043573480880924
1.0450951342973764
1.0451553241387437
1.0451553241387437
1.0451553241387437
1.0436500554239854
1.0440397729592745
1.0382035780668342
1.035803077740164
1.0366440590711468
1.0346541664171414
1.0346541664171414
1.0346541664171414
1.0346541664171414
1.032116340998776
1.032116340998776
1.032116340998776
1.0324473890654626
1.0318852945948147
1.0318852945948147
1.0318852945948147
1.0318852945948147
1.0318852945948147
1.0318316309260176
1.0318316309260176
1.026375932009909
1.0283137223066003
1.0283224579099302
1.0281439810443809
1.0281439810443809
1.0281439810443809
1.0281439810443809
1.0309856477880395
1.0337462675755102
1.0337462675755102
1.0337462675755102
1.0337462675755102
1.0307880373939486
1.0320823635751066
1.0320823635751066
1.0320823635751066
1.0320823635751066
1.0313496441033272
1.0313496441033272
1.0313496441033272
1.032810931474391
1.032810931474391
1.032810931474391
1.032810931474391
1.0351524313049867
1.0351524313049867
1.0341341148596759
1.0402907877880896
1.0351093694681512
1.0351093694681512
1.0351093694681512
1.0351093694681512
1.0351093694681512
1.0351093694681512
1.0351093694681512
1.0351093694681512
1.0351093694681512
1.0341278389120205
1.0341278389120205
1.0326766561878487
1.0345125329771496
1.0326060705220141
1.0326060705220141
1.0326060705220141
1.0326060705220141
1.0328769857932305
1.0328769857932305
1.0328769857932305
1.032033979193277
1.029822149669316
1.0276781766438263
1.0276781766438263
1.0276781766438263
1.0298371529959847
1.0298371529959847
1.0313635226661042
1.0313635226661042
1.0313635226661042
1.0313635226661042
1.0313635226661042
1.0311258663385052
1.0311258663385052
1.0311258663385052
1.0322090673082103
1.0292369666867494
1.0292369666867494
1.025636478706143
1.0240866543691116
1.0240866543691116
1.0240866543691116
1.0238434344702885
1.0238434344702885
1.0238434344702885
1.0296290696686918
1.0296290696686918
1.0276851950851094
1.0307682502736542
1.0307682502736542
1.032115508360048
1.032115508360048
1.032115508360048
1.0343696616576488
1.0343696616576488
1.031635286333183
1.031635286333183
1.031635286333183
1.031635286333183
1.0309207401003082
1.031066984605809
1.0314642259130813
1.0314642259130813
1.0314642259130813
1.0314642259130813
1.031579688367272
1.031579688367272
1.031579688367272
1.031579688367272
1.0357142210288588
1.0378660534652553
1.0378660534652553
1.036324463086189
1.0358860273183097
1.0364508483864192
1.0364508483864192
1.0364508483864192
1.0340967468807132
1.0340967468807132
1.0340967468807132
1.0340967468807132
1.0340967468807132
1.0340967468807132
1.0331869624799443
1.0331869624799443
1.0346471940959638
1.0346471940959638
1.0312011834854562
1.0326498143797525
1.0326498143797525
1.0326498143797525
1.031995332678542
1.0324354858782931
1.0324354858782931
1.0335907607296382
1.0335907607296382
1.031761500794056
1.0311960325803633
1.0327979241612775
1.029824586868772
1.029824586868772
1.029824586868772
1.0305503302914902
1.034141987714751
1.034141987714751
1.033312260911712
1.0309647011002432
1.0309647011002432
1.0276484217873347
1.0276484217873347
1.0276484217873347
1.0276484217873347
1.0276484217873347
1.0276484217873347
1.0276484217873347
1.035644959036653
1.035644959036653
1.0357754310538576
1.0357754310538576
1.0355877867481798
1.035936722385339
1.0360849115820656
1.033065974899715
1.033065974899715
1.033065974899715
1.033065974899715
1.0324036543723158
1.0324036543723158
1.0338145753153845
1.03541516214959
1.0344912506964856
1.0313065067807272
1.0309558024696266
1.0309558024696266
1.0309558024696266
1.0309558024696266
1.0348184014471686
1.031777317084032
1.031777317084032
1.031777317084032
1.031777317084032
1.031777317084032
1.0268681386628564
1.0278633990384647
1.0278633990384647
1.0278633990384647
1.025444441180944
1.0290896058199843
1.0290896058199843
1.0278966721921414
1.0278966721921414
1.0278966721921414
1.0278966721921414
1.0289483970911126
1.032109066675112
1.032109066675112
1.032109066675112
1.032109066675112
1.032109066675112
1.0345190109984177
1.0345190109984177
1.0345190109984177
1.0327682174001735
1.0327682174001735
1.035304795223333
1.0371599025406169
1.0364473615439906
1.0364473615439906
1.0389892917350476
1.0362992622823979
1.0362992622823979
1.0362992622823979
1.0366693718359672
1.0397044848661887
1.0388692571358578
1.0350660727140297
1.0333852192565083
1.0315949718246038
1.0315949718246038
1.0338669196985506
1.0338669196985506
1.0338669196985506
1.0306934519343287
1.0306934519343287
1.0306934519343287
1.0303509615699415
1.030920241675953
1.030920241675953
1.030920241675953
1.0297415894557502
1.0311964702342173
1.0318407869404287
1.0318407869404287
1.0318407869404287
1.0318407869404287
1.028188636636831
1.0292070397970743
1.0298944575244982
1.0298944575244982
1.0298944575244982
1.0298944575244982
1.0298944575244982
1.0335172047052308
1.0321550304141343
1.0321550304141343
1.0321550304141343
1.0321550304141343
1.0321550304141343
1.0321550304141343
1.034235402061467
1.0353176538539344
1.0353176538539344
1.0353176538539344
1.0301691579862444
1.0325111399628386
1.035115403702839
1.032369877459767
1.0313784408665045
1.0313784408665045
1.0313784408665045
1.0322552150126394
1.0271207614425857
1.0270628328963736
1.0270628328963736
1.027294185474805
1.0260873998177
1.0260873998177
1.0260873998177
1.0316358164014194
1.0316358164014194
1.030078009099371
1.0301057398117452
1.0301057398117452
1.0301057398117452
1.0302728525950124
1.0352599363060457
1.0352599363060457
1.0323293958248732
1.0329970196775207
1.0329970196775207
1.0329970196775207
1.0278761024550178
1.0318688584705822
1.0318688584705822
1.0318688584705822
1.0367705029025043
1.0350787253932707
1.0350148198833353
1.0314468793935916
1.0314468793935916
1.0301790078449002
1.0352879534385728
1.0352879534385728
1.0343979984160292
1.0343979984160292
1.0343979984160292
1.0327704691362962
1.0327704691362962
1.0327704691362962
1.0323450437772606
1.0335170729399676
1.0335170729399676
1.0335170729399676
1.0335170729399676
1.034720624081119
1.038769797166736
1.0423479128510977
1.0425469111494194
1.0456007277608124
1.0450363925542705
1.045923605671298
1.0421245159260966
1.0421245159260966
1.0435708907288337
1.0435708907288337
1.0435708907288337
1.0435708907288337
1.0435708907288337
1.0435708907288337
1.0435708907288337
1.0435708907288337
1.0435708907288337
1.043162660209282
1.043162660209282
1.043162660209282
1.043162660209282
1.0415395203899616
1.0415395203899616
1.043557145100115
1.0446411501516173
1.0446411501516173
1.043353786936413
1.043353786936413
1.0430958064367843
1.0489676865810642
1.0489676865810642
1.0489676865810642
1.0489676865810642
1.0489676865810642
1.0489676865810642
1.046621596208194
1.046621596208194
1.046621596208194
1.041489412226904
1.041489412226904
1.041489412226904
1.038623149435933
1.0386284647485273
1.0371149594207516
1.0372757619735713
1.0374882075593843
1.0374882075593843
1.0364584438325901
1.0360672049681139
1.0373496163344187
1.0357274887571548
1.041507741260038
1.041507741260038
1.041507741260038
1.041507741260038
1.041507741260038
1.041507741260038
1.041924153529958
1.0438314535030242
1.0422567402451872
1.0453149418312582
1.0453149418312582
1.0443130616974858
1.0460351847523466
1.0494768464872961
1.0494768464872961
1.049148491689316
1.049148491689316
1.049148491689316
1.049148491689316
1.0472060851471352
1.0472060851471352
1.0461606427574748
1.0461606427574748
1.0461606427574748
1.0454021994572595
1.0454021994572595
1.0455675087605196
1.0471810556329069
1.0471810556329069
1.0471810556329069
1.0488722165542086
1.0428408938193912
1.0383000356200112
1.0383000356200112
1.0383000356200112
1.0383254958741703
1.0383254958741703
1.0383254958741703
1.0383254958741703
1.037748132776583
1.0366224671743447
1.0390261435988883
1.0390261435988883
1.0390261435988883
1.0390261435988883
1.0350130507201418
1.0350130507201418
1.0350130507201418
1.0353436238709097
1.0353436238709097
1.0374096200580734
1.0378330253414936
1.0378330253414936
1.0372925449830614
1.0372925449830614
1.0381708990490448
1.0381708990490448
1.0381708990490448
1.0376699390408137
1.0377426692010276
1.0351872127131825
1.0351872127131825
1.0323387285669146
1.0323387285669146
1.0383191968808494
1.0360358214833452
1.0360358214833452
1.0356005508906905
1.0356005508906905
1.0356005508906905
1.0356005508906905
1.0377869985244317
1.0377869985244317
1.0342235495483987
1.0342235495483987
1.0342235495483987
1.0342235495483987
1.0350424045805189
1.0389694797046614
1.0389694797046614
1.0377273029453253
1.0377273029453253
1.0377273029453253
1.0397177268758162
1.0378588174407155
1.0364358808562313
1.0364358808562313
1.0364358808562313
1.0364358808562313
1.034593484566273
1.034593484566273
1.034593484566273
1.034593484566273
1.0343914105865815
1.0343914105865815
1.0343008566344567
1.0351587202162822
1.0339456795638038
1.0415086492915686
1.0415086492915686
1.039675516236343
1.039675516236343
1.039675516236343
1.039675516236343
1.039675516236343
1.043272726755325
1.043272726755325
1.041126035891934
1.041126035891934
1.0416299843808443
1.0366626144572981
1.0366626144572981
1.0369810543231348
1.0377162443692907
1.0377162443692907
1.0377162443692907
1.0333284310723363
1.0333284310723363
1.0333284310723363
1.036196812365784
1.036196812365784
1.0367036137768284
1.0367036137768284
1.0367036137768284
1.0354830820651046
1.0319218617435064
1.0319218617435064
1.0319218617435064
1.0319218617435064
1.0319218617435064
1.0319218617435064
1.0299656470589051
1.0299656470589051
1.0325570331409013
1.0325244154109139
1.0325244154109139
1.0339918922331015
1.033249473401195
1.0353374278211966
1.0379295848252301
1.0378548807263874
1.0378548807263874
1.0363615333056357
1.0318086913082882
1.03040559834268
1.03040559834268
1.03040559834268
1.03040559834268
1.03040559834268
1.0309079036785598
1.0309079036785598
1.0309079036785598
1.029469266376951
1.029469266376951
1.029469266376951
1.0325038194760816
1.0325038194760816
1.0325038194760816
1.0351522399809054
1.0351522399809054
1.0351522399809054
1.0342594180557412
1.0342594180557412
1.0342594180557412
1.0342594180557412
1.0342594180557412
1.0342594180557412
1.0342594180557412
1.0342594180557412
1.0390680145760955
1.0390680145760955
1.039141991583271
1.039141991583271
1.039141991583271
1.0351545455764182
1.0362028201801932
1.0362028201801932
1.0362028201801932
1.034236241719338
1.034236241719338
1.034236241719338
1.034236241719338
1.034236241719338
1.0338147017575934
1.0338147017575934
1.0338147017575934
1.0338147017575934
1.0338147017575934
1.032297684441123
1.032297684441123
1.032297684441123
1.032297684441123
1.0310826828707294
1.0326396681546974
1.0326396681546974
1.0326396681546974
1.027593881802591
1.027593881802591
1.027593881802591
1.0279408459184372
1.023247290821212
1.0251039787178726
1.0251039787178726
1.0251039787178726
1.0254158277675824
1.0254158277675824
1.0254158277675824
1.026045429482158
1.026045429482158
1.026045429482158
1.026045429482158
1.026045429482158
1.0280684410780163
1.0280684410780163
1.0280684410780163
1.0280684410780163
1.0320900508551836
1.0320900508551836
1.0332303556250855
1.0332303556250855
1.0332303556250855
1.0332303556250855
1.0332303556250855
1.0298216241002571
1.0298216241002571
1.0298216241002571
1.0331516199665083
1.0331516199665083
1.0331516199665083
1.0331516199665083
1.0331516199665083
1.0325780397119761
1.0325780397119761
1.0325780397119761
1.0329421626146702
1.0329421626146702
1.0316630968800196
1.0305948395112752
1.0305948395112752
1.0305948395112752
1.0305948395112752
1.0305948395112752
1.0315395998050494
1.0315395998050494
1.0315395998050494
1.0315395998050494
1.0317480495879316
1.0317480495879316
1.0316216326095542
1.0339344783436648
1.0326812054241925
1.0309020510337539
1.0309020510337539
1.0309020510337539
1.0309020510337539
1.0309020510337539
1.0309020510337539
1.0304913886252143
1.030189828479514
1.0307355558334446
1.0341899997804638
1.0341899997804638
1.0350712765190802
1.0414425762789188
1.0420404733019117
1.0420404733019117
1.0420404733019117
1.0420404733019117
1.0385692712950463
1.0385692712950463
1.0385692712950463
1.0385692712950463
1.0388914011870685
1.0388914011870685
1.0388914011870685
1.0388914011870685
1.0388914011870685
1.0388914011870685
1.0422853495076738
1.0422853495076738
1.0450617004476843
1.0450617004476843
1.0450617004476843
1.040388838133204
1.040388838133204
1.040388838133204
1.0407852465293124
1.0407852465293124
1.0415299822454296
1.0442596459819513
1.0442596459819513
1.0442596459819513
1.0407207126945257
1.0450835443701163
1.0454271806738202
1.0454271806738202
1.0449916267682053
1.0449916267682053
1.0449916267682053
1.0424533491370556
1.045961916740351
1.0455191246526017
1.0455191246526017
1.045621666044788
1.045621666044788
1.045621666044788
1.0415413759652947
1.0415413759652947
1.0394962979460243
1.0444460726064924
1.043908679963489
1.0470815582721846
1.0464342503184823
1.0444433024856146
1.0431006335457804
1.0431006335457804
1.0439033616860245
1.0439033616860245
1.0439033616860245
1.0439033616860245
1.0439033616860245
1.041919708366268
1.0391009375087894
1.0391009375087894
1.0391009375087894
1.0371668239245313
1.0371668239245313
1.0371668239245313
1.037191014767907
1.037191014767907
1.038293274566907
1.038293274566907
1.038293274566907
1.038293274566907
1.038293274566907
1.0386999997317423
1.0386999997317423
1.0405462032413093
1.0405462032413093
1.0405462032413093
1.0430311144638416
1.0471863618065358
1.0471863618065358
1.0471863618065358
1.0471863618065358
1.0421739842467117
1.0421739842467117
1.0446358328865792
1.043444393290789
1.040797702998885
1.0421545527544205
1.0408449739582435
1.040559076820524
1.0409543507811811
1.041561953820155
1.041561953820155
1.0401421675224898
1.0401421675224898
1.0383162703780635
1.039144995537017
1.039144995537017
1.0386015133012703
1.0386015133012703
1.0386015133012703
1.0386015133012703
1.0386015133012703
1.0386015133012703
1.0386015133012703
1.0386015133012703
1.0386015133012703
1.0386015133012703
1.0386015133012703
1.0391672120580218
1.0397728364664467
1.0397728364664467
1.0397728364664467
1.0415692867692439
1.0415692867692439
1.0407700668312334
1.0407700668312334
1.0407700668312334
1.0407700668312334
1.0407700668312334
1.0407700668312334
1.0407700668312334
1.0407700668312334
1.0407700668312334
1.0396142167486537
1.0396142167486537
1.0379974134722734
1.0379974134722734
1.0379974134722734
1.034687808957659
1.034687808957659
1.034687808957659
1.0349885788568467
1.0349885788568467
1.0369505628603477
1.0369505628603477
1.0369142813202585
1.0369142813202585
1.0369142813202585
1.033702656412196
1.0323630269936361
1.0323630269936361
1.0360835988397723
1.0368777261824969
1.03593477984262
1.03593477984262
1.03593477984262
1.0389408775019189
1.0389408775019189
1.0389408775019189
1.0389408775019189
1.0389408775019189
1.0408883604777928
1.0408883604777928
1.0394491846494787
1.037157142901064
1.0366085535004823
1.037088119912213
1.037088119912213
1.037088119912213
1.0389477373310898
1.0370428861349885
1.0370428861349885
1.0370428861349885
1.0370428861349885
1.0370428861349885
1.0370428861349885
1.0423249055268098
1.0412786731200603
1.0450842525618833
1.043494686252119
1.0419782273982183
1.0419782273982183
1.0372383456341348
1.0372383456341348
1.0372383456341348
1.0372383456341348
1.0381452416923178
1.0381452416923178
1.0381452416923178
1.0365883840950207
1.0365883840950207
1.0365883840950207
1.0365883840950207
1.0365883840950207
1.0375972983434025
1.0375972983434025
1.0376808702138351
1.0376808702138351
1.0333245551749943
1.0333245551749943
1.0333245551749943
1.0333245551749943
1.035283567582444
1.035283567582444
1.0361276760072389
1.0361276760072389
1.0342458187812276
1.0374326097658508
1.0374326097658508
1.032850175437535
1.032850175437535
1.0342944465196142
1.036310017810429
1.036310017810429
1.036310017810429
1.036310017810429
1.0312194768056302
1.0328039851880442
1.0339162051859696
1.0361721670924107
1.0365277001604887
1.0331833781774284
1.0331833781774284
1.0331833781774284
1.0304528571639557
1.0276102598246184
1.0276102598246184
1.0276102598246184
1.0276102598246184
1.0276102598246184
1.0257438891589956
1.0257438891589956
1.0267711948734617
1.0281197266778301
1.0287486135559742
1.0291970100820556
1.0291970100820556
1.0291970100820556
1.0291970100820556
1.0291970100820556
1.0291970100820556
1.0291970100820556
1.0291970100820556
1.0291970100820556
1.0291264587804085
1.0291264587804085
1.0280333484345838
1.0313786903198479
1.032174810463354
1.032174810463354
1.032174810463354
1.032174810463354
1.0308386427503013
1.0354982648250883
1.0354982648250883
1.0340947957007582
1.0340947957007582
1.0340947957007582
1.0340947957007582
1.0340947957007582
1.0289051377356286
1.0284930634114178
1.0330691548878816
1.0330691548878816
1.0363665754263856
1.0359885659997399
1.0412983360562391
1.0412983360562391
1.0412983360562391
1.040148729985625
1.0399093794419096
1.0399093794419096
1.0379813757631755
1.0403760058347427
1.0373839742395048
1.0373839742395048
1.0430791122893943
1.0425381885296254
1.0410315893831257
1.0413694229822763
1.0413694229822763
1.0413694229822763
1.0432821902925211
1.040741105461846
1.0356584911938054
1.0356584911938054
1.0375154539119127
1.0375154539119127
1.0390231615918344
1.0405500367391884
1.0405500367391884
1.0355688451767717
1.0355688451767717
1.037466536061804
1.037466536061804
1.037466536061804
1.037466536061804
1.0353940214753834
1.0362630149969785
1.0362630149969785
1.0362630149969785
1.0362630149969785
1.0362630149969785
1.0350609584779304
1.0350609584779304
1.0317103194034334
1.031485346724202
1.0363398338586705
1.033134805316741
1.0340663598389765
1.0345582618527729
1.0350842756971947
1.0350842756971947
1.0339615508924147
1.035726695837467
1.035726695837467
1.035726695837467
1.0336805261131063
1.0336805261131063
1.0362724904292353
1.0362724904292353
1.0362724904292353
1.0362724904292353
1.0362724904292353
1.0362724904292353
1.0362724904292353
1.0362724904292353
1.0362724904292353
1.037264669481915
1.0277381751861223
1.026673701970295
1.026673701970295
1.026673701970295
1.026673701970295
1.026673701970295
1.026673701970295
1.0305828801460564
1.0310298763812478
1.0317293772028857
1.0317293772028857
1.0317293772028857
1.0317293772028857
1.0301366405780568
1.0301366405780568
1.0301366405780568
1.0301366405780568
1.0299689293871808
1.0299689293871808
1.0299689293871808
1.0299689293871808
1.033805665768729
1.033805665768729
1.033805665768729
1.033805665768729
1.0340790858565148
1.0342510017646354
1.0376150571896683
1.0376150571896683
1.0336431769163277
1.0336431769163277
1.0336431769163277
1.031290984163014
1.031290984163014
1.0309058694934905
1.0325183407508645
1.0330951440856293
1.0330951440856293
1.0330951440856293
1.0330951440856293
1.032299815570329
1.032299815570329
1.032299815570329
1.032299815570329
1.032299815570329
1.032299815570329
1.032299815570329
1.0357344215198359
1.0357344215198359
1.0357344215198359
1.0346316100751793
1.0306176859824414
1.0330752253518884
1.0327121405561581
1.0365414615809894
1.0365414615809894
1.034179839445449
1.0328370543387702
1.0328370543387702
1.0331534469889703
1.0331534469889703
1.037134895129547
1.037134895129547
1.037134895129547
1.036190773190489
1.0349240507519428
1.0349240507519428
1.0354474075060174
1.0354474075060174
1.0368846385130388
1.0385425112124789
1.0385425112124789
1.0355157476410282
1.0355157476410282
1.0355157476410282
1.0355157476410282
1.0355157476410282
1.0346838781165706
1.0345914716357247
1.0363048829777783
1.041542926205422
1.041542926205422
1.0415222292372264
1.0413148685093874
1.0388884139753143
1.0388884139753143
1.0388884139753143
1.039409537214439
1.039409537214439
1.039409537214439
1.039409537214439
1.039409537214439
1.039409537214439
1.039409537214439
1.039409537214439
1.0408424163005194
1.0400645428062576
1.0380707784495575
1.0380707784495575
1.0419650671639489
1.043508517341437
1.041584113259843
1.038966273037536
1.0376612201330748
1.0376612201330748
1.0376612201330748
1.0376612201330748
1.0376612201330748
1.0376612201330748
1.0376612201330748
1.0376612201330748
1.0376612201330748
1.0378481704124634
1.0378481704124634
1.0378481704124634
1.0378481704124634
1.0378481704124634
1.034091186540493
1.034091186540493
1.0368045179444914
1.0368045179444914
1.0368045179444914
1.0368045179444914
1.0347541253244745
1.0347541253244745
1.0337211152290193
1.0337211152290193
1.0362629834389476
1.0362629834389476
1.0362629834389476
1.03776730736528
1.03776730736528
1.03776730736528
1.0351796419815094
1.0351796419815094
1.0351796419815094
1.0334566284609064
1.0334566284609064
1.034079327194123
1.034079327194123
1.034079327194123
1.034079327194123
1.0352188958065718
1.0352188958065718
1.0352188958065718
1.0352188958065718
1.0352188958065718
1.0386300901518633
1.0386300901518633
1.0386300901518633
1.0386300901518633
1.0386300901518633
1.0386300901518633
1.0375620310221045
1.0371020385648644
1.0371020385648644
1.0371020385648644
1.0398862364194208
1.0378061783117345
1.0373367391218733
1.0365263753607274
1.037038079510803
1.037038079510803
1.037038079510803
1.0366237411327377
1.0311053524384926
1.0311053524384926
1.0297513480661955
1.0297513480661955
1.0297513480661955
1.032302518657392
1.032302518657392
1.02931931579058
1.0257708426351655
1.0272001402214466
1.027254941362593
1.027254941362593
1.0253413373070566
1.0253413373070566
1.026893788239673
1.026893788239673
1.026288935600702
1.0267178212116164
1.030397910606196
1.030397910606196
1.0286145810705434
1.0278651046931324
1.0278651046931324
1.0278651046931324
1.027974741885634
1.027974741885634
1.025061814161055
1.0243063627746585
1.0260031707088186
1.0260031707088186
1.0260031707088186
1.0260031707088186
1.0260031707088186
1.0272180246052995
1.0289742046208523
1.0289742046208523
1.0291458381475265
1.028920526808912
1.025120300278022
1.025684140225356
1.0233801882639304
1.028270561604124
1.028049272668484
1.0256577161208722
1.0256577161208722
1.0256577161208722
1.0256577161208722
1.0254112000685336
1.0254112000685336
1.0268586011540457
1.0268586011540457
1.0268586011540457
1.0268586011540457
1.0250527793729205
1.0229668828548772
1.0229668828548772
1.0229668828548772
1.023820372007422
1.023820372007422
1.023820372007422
1.0224737002507238
1.0227824667941783
1.0243747804118175
1.0243747804118175
1.029044420458891
1.029044420458891
1.028178216939001
1.028178216939001
1.028178216939001
1.028178216939001
1.028178216939001
1.0277900960701984
1.0261011673548732
1.0261011673548732
1.0261011673548732
1.024003248270403
1.02506138194206
1.02506138194206
1.02506138194206
1.02506138194206
1.029869482847965
1.03300156603525
1.0312408548267782
1.0320158283241345
1.0320158283241345
1.0320158283241345
1.0320158283241345
1.0320158283241345
1.0320158283241345
1.0320158283241345
1.0344429635189727
1.0356226221137839
1.0356226221137839
1.0340055927582132
1.0340055927582132
1.0340055927582132
1.0340055927582132
1.0340055927582132
1.0340055927582132
1.031718635073253
1.0336615102369564
1.0336615102369564
1.0348269576486027
1.0364818068441488
1.0364818068441488
1.0364818068441488
1.0333919827900848
1.0333919827900848
1.0333919827900848
1.0333919827900848
1.0340438722242942
1.0383018486150737
1.0375964054861018
1.0397888322318676
1.0385300124478496
1.0385300124478496
1.0421747926382048
1.041519262849117
1.041519262849117
1.041519262849117
1.041519262849117
1.041519262849117
1.041519262849117
1.041519262849117
1.039525656701185
1.0437884171509733
1.0437884171509733
1.0437884171509733
1.0388148550783525
1.0397577849312443
1.03890951205183
1.03890951205183
1.0455549353698597
1.0433280452984384
1.0433280452984384
1.0399474238586544
1.0414991352498468
1.0393801357915
1.0409352129556873
1.0401338236563729
1.0392700846631395
1.0391585328050543
1.0391585328050543
1.0366989143604495
1.0366989143604495
1.0366989143604495
1.0389095731518396
1.033597831306378
1.0333552452837098
1.038564625000977
1.037134710704196
1.03706275738356
1.03706275738356
1.03706275738356
1.0326300674873237
1.0351873876335267
1.0351873876335267
1.0341312100380484
1.0341312100380484
1.0381450195135142
1.0381450195135142
1.0381450195135142
1.0381450195135142
1.0381450195135142
1.0381450195135142
1.0381450195135142
1.0381450195135142
1.0381450195135142
1.0381450195135142
1.0359893956359132
1.0321233266990222
1.0355071264187747
1.0376691970180398
1.0376691970180398
1.0376691970180398
1.0376691970180398
1.0409198636455093
1.033983929256443
1.0343444238541912
1.0343444238541912
1.0338686715378966
1.0355807320733665
1.0385056970230624
1.0388364648288484
1.0394604997367642
1.0399063886049509
1.0399063886049509
1.0399063886049509
1.0399063886049509
1.0403467758130904
1.0386880723435958
1.0373657124411069
1.0373657124411069
1.0373657124411069
1.0369925543723468
1.0369925543723468
1.035200834158546
1.035200834158546
1.0357993444803728
1.0357993444803728
1.0357993444803728
1.0368027447004144
1.0348528939369666
1.0349142725455844
1.0347714188400639
1.0347714188400639
1.0347714188400639
1.0347714188400639
1.0347714188400639
1.0347714188400639
1.0331961446139502
1.0331961446139502
1.0331961446139502
1.0314061749386083
1.0314061749386083
1.0314061749386083
1.0298090517346932
1.029507046621078
1.0297837226222315
1.0332601980180243
1.0331025448698328
1.0328586909362079
1.0297731417304445
1.030189728221544
1.0334041651597365
1.0334041651597365
1.0352042816920137
1.0352042816920137
1.0352042816920137
1.0352042816920137
1.0352042816920137
1.0352042816920137
1.0352042816920137
1.0352042816920137
1.0352042816920137
1.037262896575949
1.037438775609648
1.0352472685591285
1.0366578529072943
1.0366578529072943
1.0366578529072943
1.0366578529072943
1.038381679505354
1.038381679505354
1.0355226386619474
1.035415555832437
1.035415555832437
1.0398611586643185
1.0398611586643185
1.0398611586643185
1.0398611586643185
1.0403476134084353
1.0403476134084353
1.0403476134084353
1.0403476134084353
1.0403476134084353
1.0403476134084353
1.0402910270029193
1.0353178129264213
1.0353146721709807
1.0353146721709807
1.0353146721709807
1.0353146721709807
1.03625006614766
1.035413936494097
1.036483263959521
1.036483263959521
1.0356311592313467
1.0356311592313467
1.0356311592313467
1.0405954081451254
1.0405954081451254
1.0405954081451254
1.0405954081451254
1.0405954081451254
1.041858435668601
1.041858435668601
1.041858435668601
1.0396629293982396
1.0396629293982396
1.0385693240308307
1.0385693240308307
1.0385693240308307
1.0415164461618123
1.0364893612166735
1.0373822922112699
1.0375995910977125
1.0375995910977125
1.0377065692713814
1.0377065692713814
1.0369117755613597
1.0403086825097634
1.0403086825097634
1.0403086825097634
1.0412195779044289
1.041133116090218
1.0441275208460843
1.039838242269579
1.039838242269579
1.0325064861424023
1.0371429675792305
1.0381850550513771
1.0381850550513771
1.0359473884946888
1.0359473884946888
1.0389570359770686
1.0389570359770686
1.0371606749715472
1.0371606749715472
1.0371606749715472
1.0371606749715472
1.0371606749715472
1.0420363714823695
1.0420363714823695
1.0420363714823695
1.041107822497436
1.041107822497436
1.041107822497436
1.041107822497436
1.0438533931887441
1.0429640383776029
1.0405936432679057
1.0405936432679057
1.0405936432679057
1.0405936432679057
1.0405936432679057
1.038053070738923
1.038053070738923
1.0382941513589998
1.0427208185876895
1.0427208185876895
1.0427208185876895
1.0427208185876895
1.0427208185876895
1.0470083234080942
1.0470083234080942
1.0455027420377363
1.0482730110870846
1.0480936478511584
1.0480936478511584
1.0480936478511584
1.0450849311343238
1.0467068284198682
1.045616591547768
1.0464565715894125
1.0464565715894125
1.045567481759047
1.048987923122598
1.0522855826485042
1.0522855826485042
1.0519247950143367
1.0481836735446608
1.0481836735446608
1.043174597410176
1.043174597410176
1.043174597410176
1.044864379630095
1.0438499890323778
1.0438499890323778
1.0438499890323778
1.0435473802533355
1.0435473802533355
1.0435473802533355
1.0424995541644142
1.0424995541644142
1.0403415029817267
1.0375438930364826
1.037854558784203
1.037854558784203
1.037854558784203
1.0403457639803906
1.041218380943415
1.041218380943415
1.0363107555803843
1.0363107555803843
1.0387767990690142
1.0381859786654484
1.0381859786654484
1.039116162847099
1.038110755970138
1.039123324301231
1.0376943307465776
1.0376943307465776
1.0390904294898065
1.0369593787560505
1.0369593787560505
1.0343406930281536
1.0343406930281536
1.0359322005718263
1.0359322005718263
1.0359322005718263
1.0388257558624152
1.0318777889296205
1.0318777889296205
1.036376219407193
1.036376219407193
1.0371041700580943
1.039065254048456
1.039065254048456
1.0352773430452142
1.0370207394906386
1.0370207394906386
1.0369291605487556
1.0377776973049555
1.0377776973049555
1.0359453881796536
1.0359453881796536
1.0359453881796536
1.037884001259963
1.037884001259963
1.0354017843565877
1.0416539732562775
1.0416539732562775
1.0455207750978155
1.0419462377246236
1.0419462377246236
1.0419462377246236
1.042522096982142
1.0408031890178413
1.043302358470606
1.043103411451073
1.0445029018502108
1.0429727489797802
1.0429727489797802
1.0429727489797802
1.0375479388787419
1.0375479388787419
1.0342035310449942
1.0342035310449942
1.0342035310449942
1.0362746149587652
1.036776445085077
1.0385072045051316
1.0385072045051316
1.040064752201979
1.038723665225212
1.0406065726569476
1.0406065726569476
1.0406065726569476
1.0406065726569476
1.040636935162041
1.040397929005616
1.040397929005616
1.040397929005616
1.040397929005616
1.040397929005616
1.040397929005616
1.0409837005945064
1.0409837005945064
1.0409837005945064
1.039695410529333
1.039695410529333
1.0406645429553598
1.0406645429553598
1.0411614867768002
1.0408681034240892
1.0408681034240892
1.0408681034240892
1.0408681034240892
1.0425160763709345
1.0425160763709345
1.0423628090023513
1.0423628090023513
1.0440334185922344
1.0426656043201257
1.0414128448827926
1.0412856395643524
1.0408911889097334
1.0381789908296892
1.0381789908296892
1.0381789908296892
1.0372821984452276
1.0367296731724036
1.0367296731724036
1.0367296731724036
1.0359778844132046
1.0359778844132046
1.035019730135518
1.032744481145914
1.0333109765563935
1.0329733086130775
1.0329733086130775
1.0329733086130775
1.0329733086130775
1.0342308790955848
1.0342308790955848
1.0342308790955848
1.0322703474336663
1.0353214637524832
1.0353214637524832
1.040470373080044
1.040470373080044
1.0445368328734566
1.0438189174748547
1.0438189174748547
1.0409427387727137
1.0409427387727137
1.0422211009404916
1.0428103430258695
1.0428103430258695
1.0428103430258695
1.0428103430258695
1.0428103430258695
1.0428103430258695
1.0428103430258695
1.0443952326614654
1.0443952326614654
1.0391979167883936
1.0395712928250989
1.0395712928250989
1.0395712928250989
1.0413939755532335
1.0376352767191706
1.031655692133782
1.034377174168697
1.0293494227581825
1.0293494227581825
1.0276434961077818
1.0315390071857682
1.0307096424399986
1.0310481508036209
1.0310481508036209
1.0310481508036209
1.0320451783093445
1.0304061628328645
1.0296274048341765
1.0299300366313837
1.0299300366313837
1.0244804477434686
1.026647489894496
1.028187686893423
1.028187686893423
1.028187686893423
1.028187686893423
1.0278329239730617
1.0278329239730617
1.0278329239730617
1.0278329239730617
1.0253290013426273
1.0253290013426273
1.0253290013426273
1.0240313836307862
1.0240313836307862
1.022538452936802
1.0233460708739375
1.0238283927846858
1.0288106671271744
1.0295139773143087
1.0295139773143087
1.0295139773143087
1.0295139773143087
1.0303648065265611
1.0309817571474917
1.0334157027915987
1.0332283525320447
1.0332283525320447
1.0332283525320447
1.0271552419925825
1.0271552419925825
1.0289383187084058
1.029659490752136
1.029659490752136
1.029659490752136
1.0271999897287616
1.0271999897287616
1.0303711123185848
1.0303711123185848
1.030641441589365
1.0299753745535745
1.0299753745535745
1.032555788716291
1.0312391216848853
1.0298576021917576
1.0298576021917576
1.0298576021917576
1.0298576021917576
1.032846777606686
1.032846777606686
1.032846777606686
1.032846777606686
1.032846777606686
1.032846777606686
1.032846777606686
1.032846777606686
1.032846777606686
1.0351135978877126
1.0351135978877126
1.0341132146976628
1.0359745161184057
1.0337368536824267
1.0337368536824267
1.0319594449728007
1.0338451127465185
1.0360490059513516
1.0360490059513516
1.0360490059513516
1.0359335903413867
1.0359335903413867
1.0359335903413867
1.0342972211697619
1.0317943139134478
1.0317943139134478
1.0317943139134478
1.0317943139134478
1.0317943139134478
1.0317660412797778
1.0317660412797778
1.0323285774934499
1.0323285774934499
1.0305492201393103
1.0368317520206733
1.0368317520206733
1.0368317520206733
1.0352849924056151
1.033974056267444
1.031967072811818
1.031967072811818
1.031967072811818
1.0307968634555538
1.0326414298035143
1.0326414298035143
1.0326414298035143
1.0326414298035143
1.0326414298035143
1.0326414298035143
1.0322076039083217
1.0296112227987966
1.0296112227987966
1.0296112227987966
1.028990172697115
1.0313098411160637
1.0285614411605637
1.0285614411605637
1.0285614411605637
1.0256817852760989
1.0256817852760989
1.0247124706072845
1.0247124706072845
1.0286086082841184
1.027877936238128
1.027877936238128
1.027877936238128
1.027877936238128
1.0285094667875734
1.0314061902371923
1.0314061902371923
1.0353527114483823
1.0353527114483823
1.0335566299643633
1.0323871675087788
1.0323871675087788
1.0323871675087788
1.0323871675087788
1.0323871675087788
1.0323871675087788
1.0323871675087788
1.0323871675087788
1.0323871675087788
1.0342093337498517
1.0342093337498517
1.0351056048532477
1.0354520154901683
1.0324890569997314
1.0324890569997314
1.0373023046791874
1.0358147204657635
1.037481715343673
1.035462140672517
1.035462140672517
1.035462140672517
1.0378285375370042
1.035069689607972
1.031661358210406
1.0342483048039883
1.0342483048039883
1.0345452867898601
1.03418608807387
1.03418608807387
1.03418608807387
1.03418608807387
1.03418608807387
1.03418608807387
1.03418608807387
1.03418608807387
1.03418608807387
1.03418608807387
1.0355544032280395
1.0355544032280395
1.0355544032280395
1.0358830086701523
1.033864739001105
1.0365887512602403
1.039854132962849
1.038621392711461
1.038621392711461
1.038621392711461
1.038621392711461
1.038621392711461
1.0367310227523985
1.0344831185828969
1.0344831185828969
1.0344831185828969
1.0344831185828969
1.0344831185828969
1.0344831185828969
1.0344831185828969
1.0344831185828969
1.0337567819294997
1.0319047516005486
1.0350540980595917
1.0350540980595917
1.0350540980595917
1.0350540980595917
1.0350540980595917
1.0380484464531505
1.0380484464531505
1.0380484464531505
1.0367535564873864
1.0367535564873864
1.0330629940918463
1.0330629940918463
1.0330629940918463
1.0298108242360577
1.0298108242360577
1.0298108242360577
1.0298108242360577
1.0329897763696625
1.0329897763696625
1.0329897763696625
1.0329897763696625
1.0329897763696625
1.0330457495490557
1.0320891168423107
1.0320891168423107
1.0320891168423107
1.0318315680310917
1.0347251771702786
1.0347251771702786
1.0323679002273551
1.0332819300337373
1.0332819300337373
1.0315310097710493
1.0315310097710493
1.0315310097710493
1.0315310097710493
1.030380170117893
1.031249140996768
1.033410679295938
1.033410679295938
1.033410679295938
1.0374648028611553
1.0374648028611553
1.0374648028611553
1.0350503633781356
1.0346974962561577
1.0361477679391204
1.0357193844119081
1.0357193844119081
1.04239432712065
1.044887780072478
1.0413497703389805
1.0413497703389805
1.0417264409776164
1.0417264409776164
1.0417264409776164
1.0417264409776164
1.0417264409776164
1.0407695997169877
1.0381461995314731
1.0362281578195396
1.0304832551652479
1.0315821718456082
1.0320904565502853
1.0300759957809682
1.0292903529698114
1.0296215860851987
1.0296215860851987
1.0301091161148126
1.029312731712328
1.0349354319724737
1.0313634158380942
1.0312587832700717
1.0312587832700717
1.0312587832700717
1.0299418271296126
1.0313719144808924
1.0314855106708958
1.0314855106708958
1.0328801929907532
1.0328801929907532
1.0328801929907532
1.0323272008142188
1.0323272008142188
1.0316208598844365
1.0303024453871337
1.0303024453871337
1.0311702779088707
1.0311702779088707
1.0311702779088707
1.0294005155882042
1.0320769851198248
1.0313100573731853
1.0313100573731853
1.0315876741119705
1.0263300670716304
1.0263300670716304
1.0263300670716304
1.0263300670716304
1.0263300670716304
1.0263300670716304
1.0263300670716304
1.0263300670716304
1.0263300670716304
1.0280102879440856
1.031067197147502
1.031067197147502
1.0330533624065215
1.0319978772993883
1.0319978772993883
1.0319978772993883
1.0351878697238754
1.0351878697238754
1.0351878697238754
1.0335577567433405
1.03220526083788
1.032216078962701
1.0302198922729708
1.0302812001026453
1.0308171271205684
1.0308171271205684
1.0306368166959596
1.0306368166959596
1.0306368166959596
1.0297897469753043
1.0341493783121696
1.0386723512848195
1.0386723512848195
1.036126879628435
1.036126879628435
1.036126879628435
1.036126879628435
1.0366245103383585
1.0395696874513911
1.0392524652891635
1.0408910779300493
1.0408910779300493
1.0379294387194498
1.038719944626086
1.0372697652100755
1.0356562118796555
1.039126387176862
1.0421732977169538
1.0421732977169538
1.0421732977169538
1.0421732977169538
1.0421732977169538
1.0414236311865985
1.0422526077236682
1.0422526077236682
1.0352676190122465
1.032613574644301
1.034056308805704
1.034056308805704
1.034056308805704
1.034056308805704
1.0343177316255732
1.0343177316255732
1.035165461234425
1.035165461234425
1.035165461234425
1.035165461234425
1.0307798202862362
1.0307798202862362
1.0307798202862362
1.0307798202862362
1.0307798202862362
1.0319324625898296
1.0237078516457794
1.0237078516457794
1.0211500066817047
1.0211500066817047
1.0215662520846656
1.0215662520846656
1.0235741951662598
1.0235741951662598
1.0235741951662598
1.0235741951662598
1.0235741951662598
1.0235741951662598
1.0253389906661718
1.0278123279171432
1.0254271427520387
1.0254271427520387
1.0254271427520387
1.0254271427520387
1.0251248005442741
1.025796324119394
1.027729948752611
1.0278415290514893
1.0278415290514893
1.0278415290514893
1.0260474581317898
1.0260474581317898
1.0260474581317898
1.0260474581317898
1.0260474581317898
1.0233100041971417
1.0233100041971417
1.024703428837431
1.024703428837431
1.0219405120310727
1.0214020393096368
1.0251527228735935
1.0251527228735935
1.0251527228735935
1.0284232138749043
1.0284232138749043
1.0284232138749043
1.0284232138749043
1.0284232138749043
1.0284232138749043
1.0281891802229148
1.0255250195877195
1.023659914285627
1.023659914285627
1.023659914285627
1.0279562512611944
1.0296576657522916
1.0296576657522916
1.0302917003041396
1.0255076862235941
1.0274227744507063
1.0255188614537807
1.0257737069739086
1.0257737069739086
1.0257737069739086
1.0275717569310974
1.0275717569310974
1.028934060408129
1.027865702086504
1.027865702086504
1.027865702086504
1.0299242828882391
1.0363339184056535
1.0363339184056535
1.0363339184056535
1.0363339184056535
1.0363339184056535
1.036145919005367
1.0399307709941832
1.0399307709941832
1.038228859112565
1.0400332979485596
1.0400332979485596
1.0415020036649847
1.0415020036649847
1.0415020036649847
1.0415020036649847
1.0413181009806158
1.0400029989612558
1.0400029989612558
1.0400029989612558
1.0391881443744633
1.0391881443744633
1.0391881443744633
1.0391881443744633
1.0393903653122913
1.0410604158831056
1.0382713006955995
1.0382713006955995
1.0382713006955995
1.0382713006955995
1.0383819950619961
1.0347671923390818
1.0358078391683143
1.0358078391683143
1.0343105230698588
1.0343105230698588
1.032717235679563
1.032717235679563
1.0357320211395156
1.0357320211395156
1.0357320211395156
1.0357548708799131
1.0357548708799131
1.0378260794229435
1.0378260794229435
1.036338053970055
1.0348895709334007
1.0349483545328118
1.0349483545328118
1.035853269937617
1.0323172387625623
1.0323172387625623
1.0304526900558213
1.0304526900558213
1.0304526900558213
1.0304526900558213
1.0325648599795714
1.0332196994819758
1.0332196994819758
1.0332196994819758
1.0332196994819758
1.0332196994819758
1.0332196994819758
1.032559175787625
1.0326845635326067
1.0312664548246422
1.0318572636254844
1.0353640582414698
1.0393987558497237
1.0388038138721418
1.038979815797788
1.038979815797788
1.0360290521127848
1.0360290521127848
1.0367760199853748
1.0383268003132193
1.0383268003132193
1.0386901912534323
1.0386901912534323
1.0386901912534323
1.0389988188516317
1.0442194260740558
1.0409018969896318
1.0409018969896318
1.0440582797138431
1.0440582797138431
1.0440582797138431
1.0448238708166557
1.0439518183101428
1.0448808609309337
1.040639331264904
1.041959631324952
1.041959631324952
1.041959631324952
1.042117080002905
1.0426996372867117
1.0426996372867117
1.0411281971032014
1.0411281971032014
1.0387913372377167
1.0374279461779048
1.040777910101036
1.040777910101036
1.040777910101036
1.040777910101036
1.041246140824564
1.041246140824564
1.041246140824564
1.041246140824564
1.041246140824564
1.041246140824564
1.043159927270396
1.042579575343164
1.042579575343164
1.042579575343164
1.0437597788797364
1.0437597788797364
1.0437597788797364
1.0437597788797364
1.0430937131421254
1.0436265257009212
1.0440432715519667
1.0440432715519667
1.04091342702339
1.0378098062016392
1.0378098062016392
1.0378098062016392
1.0378098062016392
1.0378098062016392
1.0373553312631987
1.0347382839022479
1.0347382839022479
1.0347382839022479
1.0354558865339476
1.0354558865339476
1.0354558865339476
1.0354558865339476
1.04171390259609
1.0432829771021834
1.0439737836452576
1.0446151820711498
1.0446151820711498
1.0431492277983359
1.0431492277983359
1.0431492277983359
1.0431492277983359
1.0431492277983359
1.0436460558768068
1.0436460558768068
1.041174587002109
1.0424283136697963
1.0424283136697963
1.038780356575151
1.0366535390388956
1.040192551022168
1.040192551022168
1.040192551022168
1.0411449168504867
1.0411449168504867
1.0390360224288278
1.0390360224288278
1.0413510745188383
1.0413510745188383
1.037978556845061
1.0383552692942881
1.0383552692942881
1.0383552692942881
1.038375593147313
1.038375593147313
1.038375593147313
1.038375593147313
1.038375593147313
1.038375593147313
1.038375593147313
1.038375593147313
1.0335799717649234
1.0335799717649234
1.0335799717649234
1.0316782112075806
1.0316782112075806
1.0316782112075806
1.0340658028051313
1.0340658028051313
1.0345392197769647
1.0357629352834914
1.0358957802163098
1.0358957802163098
1.03460996892952
1.0305936280445254
1.0305936280445254
1.0305936280445254
1.027952967302758
1.027952967302758
1.027228003661159
1.027228003661159
1.027228003661159
1.027228003661159
1.027228003661159
1.0271319363782816
1.0259190714439732
1.0280627635018154
1.0280627635018154
1.02451108304843
1.0254121833742667
1.0254121833742667
1.0254121833742667
1.0242264795860858
1.0242264795860858
1.024343275323608
1.024343275323608
1.0242088971860976
1.0242437360014913
1.0242437360014913
1.0242437360014913
1.0242437360014913
1.0242437360014913
1.0234482384570833
1.0234482384570833
1.0234482384570833
1.0234482384570833
1.0234482384570833
1.0238736431442965
1.0205892731317425
1.0202727958438769
1.0197689911247274
1.0191468371650099
1.0197134717668004
1.0203261210216847
1.0203261210216847
1.021289972586419
1.0227857673053977
1.022683763370348
1.022683763370348
1.022683763370348
1.022683763370348
1.022683763370348
1.0265057379846916
1.0265057379846916
1.0265057379846916
1.0283541627548378
1.03071362556633
1.030775052625702
1.0316312224350614
1.0316312224350614
1.0316312224350614
1.0316312224350614
1.0316312224350614
1.0316312224350614
1.0290359903943713
1.0318693298385162
1.0318693298385162
1.0284126447905062
1.0284126447905062
1.0284126447905062
1.0284126447905062
1.0284126447905062
1.0284126447905062
1.0284126447905062
1.0284126447905062
1.0284126447905062
1.0284126447905062
1.0284126447905062
1.0284126447905062
1.030509440215279
1.0359118034299462
1.0288439219882677
1.0288439219882677
1.0332997059288536
1.0332997059288536
1.0332997059288536
1.0352604366370066
1.0366208161347505
1.0363920255923191
1.0333113131374678
1.0319364927479349
1.0319364927479349
1.03073721683014
1.0316865111664333
1.036207318646075
1.036207318646075
1.0334222523035421
1.035627632257936
1.035627632257936
1.035627632257936
1.0373566312171363
1.0373566312171363
1.0373566312171363
1.0379196682099971
1.0365886940396427
1.0365886940396427
1.0363779681764174
1.0363779681764174
1.0363779681764174
1.0363779681764174
1.0363779681764174
1.0354974069442615
1.0354974069442615
1.0366758588876441
1.0366758588876441
1.0366758588876441
1.0364320274388517
1.0381198919069243
1.0381198919069243
1.0381198919069243
1.0370910124975963
1.0348732143382038
1.0322865245852175
1.0322865245852175
1.0322865245852175
1.0375674950666252
1.0375674950666252
1.0380369782164227
1.0380369782164227
1.036671897463858
1.036671897463858
1.036671897463858
1.0392802074387304
1.0441343907519485
1.0433353764859252
1.036107819749791
1.036107819749791
1.036107819749791
1.036107819749791
1.0364336576258844
1.0364336576258844
1.0364336576258844
1.038409169748618
1.03822305106775
1.0400593508919014
1.0400593508919014
1.034666428563014
1.034666428563014
1.0371966216319377
1.0366216243557693
1.0366216243557693
1.0366063398597878
1.0366063398597878
1.038571267900835
1.038571267900835
1.038571267900835
1.038571267900835
1.038571267900835
1.038571267900835
1.0385091278754621
1.039592716960789
1.0364531187070434
1.0364531187070434
1.03669082765785
1.0388282525115677
1.0428446408614638
1.0428446408614638
1.0428446408614638
1.0428446408614638
1.0444181779167956
1.0444181779167956
1.0444181779167956
1.0444181779167956
1.0367378458705039
1.0367378458705039
1.0339908248241478
1.0314538125174275
1.0342030805192923
1.032212987194654
1.0330526474348776
1.0333724645424185
1.0333724645424185
1.0333724645424185
1.0361844086673586
1.0349025485577985
1.0349025485577985
1.0349025485577985
1.0366083790527207
1.0365143555287006
1.037965420270644
1.037965420270644
1.037965420270644
1.037965420270644
1.0372940996631455
1.0441439689193612
1.0441439689193612
1.0441439689193612
1.0441439689193612
1.0441439689193612
1.0439185920229588
1.0439185920229588
1.0439185920229588
1.040819583970847
1.040819583970847
1.042174319569362
1.042174319569362
1.042174319569362
1.042174319569362
1.0376903286006138
1.0376903286006138
1.0376903286006138
1.0376903286006138
1.0376903286006138
1.036091601384306
1.036091601384306
1.0379607774532402
1.0366021861787436
1.0366021861787436
1.0369851287439238
1.0369851287439238
1.0371291661562168
1.0371291661562168
1.0365187697556415
1.0399159233386999
1.0419907021025798
1.041657397151027
1.042441128515743
1.039724465486537
1.0424223394649768
1.0392403371610177
1.0392403371610177
1.0392403371610177
1.0392403371610177
1.0392403371610177
1.0392403371610177
1.0387888044045432
1.0387888044045432
1.038123501997319
1.0390462325405796
1.0390462325405796
1.0390462325405796
1.0390462325405796
1.0390462325405796
1.0372861951647618
1.0372861951647618
1.0350256931526194
1.0350256931526194
1.0350256931526194
1.0350256931526194
1.039385422216523
1.0392867912195125
1.0392867912195125
1.0392867912195125
1.0392867912195125
1.0392867912195125
1.0392867912195125
1.0392867912195125
1.0392867912195125
1.0392867912195125
1.0392867912195125
1.0392867912195125
1.038637029802702
1.0366477710564246
1.0341856385038612
1.0351905085867892
1.0351905085867892
1.0351905085867892
1.0351905085867892
1.0330766811023413
1.0330766811023413
1.030305148692623
1.0325583644325336
1.0325819967335153
1.0325819967335153
1.0325819967335153
1.0325819967335153
1.0315093620333153
1.0304785934974625
1.0307835745013814
1.0307835745013814
1.0307835745013814
1.0344451550776304
1.0352332407283225
1.0337565361721395
1.0337565361721395
1.0329677296318565
1.0329677296318565
1.0329677296318565
1.0329677296318565
1.0329677296318565
1.0329677296318565
1.0317797526765515
1.0289172521829413
1.0289172521829413
1.0289172521829413
1.0317209047664258
1.0333344371837294
1.0340141539422587
1.0340141539422587
1.0340141539422587
1.0340141539422587
1.0340141539422587
1.0340141539422587
1.0331682583521442
1.0375780593950827
1.0375780593950827
1.034101277030241
1.034101277030241
1.034101277030241
1.034101277030241
1.0312774356976533
1.0312774356976533
1.031234266629385
1.031234266629385
1.0346049589164938
1.0346049589164938
1.0346049589164938
1.0346049589164938
1.0346049589164938
1.031050719819351
1.031050719819351
1.0269233154192319
1.0269233154192319
1.0266888566816297
1.0289934687974476
1.032117191731706
1.0356745360354322
1.0356745360354322
1.0356745360354322
1.0356745360354322
1.0356745360354322
1.0360428552066125
1.0360428552066125
1.0360428552066125
1.0360428552066125
1.0360912458608114
1.0360912458608114
1.0360912458608114
1.0360912458608114
1.0356878715651787
1.0356878715651787
1.0356878715651787
1.0356878715651787
1.0392163302982682
1.036846491278147
1.0387078536555239
1.0334551107682624
1.0341163753387945
1.0341163753387945
1.0341163753387945
1.0341163753387945
1.0341163753387945
1.0335979262018613
1.0335979262018613
1.0335979262018613
1.0335979262018613
1.0327304732250049
1.0341782140592193
1.030599773060803
1.029460050528113
1.029460050528113
1.029460050528113
1.0360262338850734
1.0327127801551836
1.0327127801551836
1.0303649351232689
1.0335134876812004
1.0346896436728892
1.0346896436728892
1.0327081468808614
1.0361795069894395
1.0361795069894395
1.0361795069894395
1.0361795069894395
1.0361795069894395
1.0341892416552287
1.0342014012680076
1.0342014012680076
1.0342014012680076
1.0324115124907332
1.0324115124907332
1.0337449863381942
1.029453007415757
1.029512875474494
1.0342606708534443
1.0342606708534443
1.0334025896440986
1.0334025896440986
1.0334025896440986
1.0334025896440986
1.0334025896440986
1.0350114562680381
1.035665247451941
1.0325190520948506
1.0325190520948506
1.031191126980738
1.0312728167227347
1.025315910776839
1.0243804544186117
1.030079112357051
1.0351181249413897
1.0351181249413897
1.0351181249413897
1.0351181249413897
1.0351181249413897
1.0394435704947267
1.0394435704947267
1.0394435704947267
1.0394435704947267
1.0394435704947267
1.0403709055539525
1.0391459533103928
1.0411592788890358
1.0411592788890358
1.0357158764604395
1.0365394747773438
1.0371479884158423
1.0381979625473445
1.0383269568708775
1.039746484871846
1.0371762617530542
1.0371762617530542
1.0373603139954777
1.0376504702856044
1.0376504702856044
1.034003158938116
1.034003158938116
1.0324296238046415
1.0350988952847247
1.0350988952847247
1.0350988952847247
1.0350988952847247
1.0355496815817595
1.0355496815817595
1.0355496815817595
1.0355496815817595
1.0355496815817595
1.0410338835145816
1.0410338835145816
1.0410338835145816
1.0423476434026635
1.0423476434026635
1.042188903550818
1.043900207681429
1.0422281246780398
1.0403209222234058
1.0403209222234058
1.0390873104068168
1.0390873104068168
1.0353410996949801
1.0333848139734614
1.0333848139734614
1.0333993540211284
1.0356032129769128
1.0356032129769128
1.0354092758828877
1.0354092758828877
1.0354092758828877
1.033571487409032
1.034370718792555
1.0324016130429456
1.0313379982109596
1.0315085482955282
1.0315085482955282
1.0360691049387578
1.0344724673795351
1.033883956237918
1.039181977518407
1.037760378203001
1.037760378203001
1.037760378203001
1.0385775958676344
1.0385775958676344
1.0385775958676344
1.0385775958676344
1.0368122415010932
1.0368122415010932
1.0324487047475819
1.0343835595911544
1.0319002034385314
1.0319002034385314
1.03241625218615
1.0287945760977262
1.027608588758003
1.027608588758003
1.028239397919314
1.028239397919314
1.0284679914337456
1.0284679914337456
1.0284679914337456
1.0289802827675836
1.0289802827675836
1.0330022230436213
1.0366134507217042
1.037039409974401
1.0383532713672639
1.0343383784100144
1.0343383784100144
1.0343383784100144
1.027137751206695
1.027137751206695
1.028744643678056
1.028744643678056
1.028744643678056
1.027242897230192
1.0263141505253792
1.0237099340351836
1.0237099340351836
1.026969233409869
1.0270270960854737
1.0266359535231535
1.0286372257949854
1.0286372257949854
1.0286372257949854
1.0286372257949854
1.0309410680050435
1.0309410680050435
1.0309410680050435
1.0327195253978387
1.0327195253978387
1.0327195253978387
1.0327195253978387
1.0320144809676128
1.0320144809676128
1.0320144809676128
1.0320421193740141
1.0303876003350068
1.037123878426813
1.0359731918829962
1.0359731918829962
1.0356741474209201
1.0356741474209201
1.0356741474209201
1.0356741474209201
1.0356741474209201
1.0356741474209201
1.0356741474209201
1.0335563853313836
1.0335563853313836
1.0335563853313836
1.0335563853313836
1.0335563853313836
1.0335563853313836
1.0331494422638965
1.0331494422638965
1.0331494422638965
1.0331494422638965
1.0331494422638965
1.0320529868421677
1.0320529868421677
1.032661653378331
1.0303287690707335
1.0303287690707335
1.0319702842948248
1.0338983811493674
1.0375950628379933
1.0343810826578046
1.0343810826578046
1.0305160180856017
1.0323799354415535
1.0323799354415535
1.0323799354415535
1.0323799354415535
1.0305801118882798
1.0305801118882798
1.0305801118882798
1.0297481686168852
1.0297481686168852
1.0308647464725522
1.0308647464725522
1.0308647464725522
1.0308647464725522
1.028429754856895
1.028427558957153
1.0317751108232234
1.0317751108232234
1.0317751108232234
1.0341421163311917
1.0341421163311917
1.0329908822268117
1.0329908822268117
1.0370959889287914
1.0380793349521946
