1.1021327188940093
1.1021327188940093
1.1021327188940093
1.1021327188940093
1.1021327188940093
1.1021327188940093
1.1021327188940093
1.1021327188940093
1.1021327188940093
1.1021327188940093
1.1021327188940093
1.1021327188940093
1.1021327188940093
1.1021327188940093
1.1021327188940093
1.1021327188940093
1.1021327188940093
1.1021327188940093
1.1021327188940093
1.1021327188940093
1.1021327188940093
1.1021327188940093
1.1021327188940093
1.1021327188940093
1.1021327188940093
1.1021327188940093
1.1021327188940093
1.1021327188940093
1.1021327188940093
1.1021327188940093
1.1021327188940093
1.1021327188940093
1.1021327188940093
1.1021327188940093
1.1021327188940093
1.1021327188940093
1.1021327188940093
1.1021327188940093
1.1021327188940093
1.1021327188940093
1.1021327188940093
1.1021327188940093
1.1021327188940093
1.1021327188940093
1.1021327188940093
1.1021327188940093
1.1021327188940093
1.1021327188940093
1.1021327188940093
1.1021327188940093
1.1021327188940093
1.1021327188940093
1.1021327188940093
1.1021327188940093
1.1021327188940093
1.1021327188940093
1.1021327188940093
1.1021327188940093
1.1021327188940093
1.1021327188940093
1.1021327188940093
1.1021327188940093
1.1021327188940093
1.1021327188940093
1.1021327188940093
1.1021327188940093
1.1021327188940093
1.1021327188940093
1.1021327188940093
1.1021327188940093
1.1021327188940093
1.1021327188940093
1.1021327188940093
1.1021327188940093
1.1021327188940093
1.1021327188940093
1.1021327188940093
1.1021327188940093
1.1021327188940093
1.1021327188940093
1.1021327188940093
1.1021327188940093
1.1021327188940093
1.1021327188940093
1.1021327188940093
1.1021327188940093
1.1021327188940093
1.1021327188940093
1.1021327188940093
1.1021327188940093
1.1021327188940093
1.1021327188940093
1.1021327188940093
1.1021327188940093
1.1021327188940093
1.1021327188940093
1.1021327188940093
1.1021327188940093
1.1021327188940093
1.1021327188940093
1.1021327188940093
1.1021327188940093
1.0978147946213757
1.096266292161389
1.096266292161389
1.096266292161389
1.096266292161389
1.096266292161389
1.0962757987520806
1.0948950352133768
1.0948950352133768
1.0948950352133768
1.0948950352133768
1.0951364997527986
1.0951364997527986
1.0897938990144114
1.08930973555897
1.0880961969059453
1.0828180193644286
1.080845583772614
1.074371803967626
1.074371803967626
1.0789514398750084
1.078030189624785
1.0780009358202927
1.0784803892725479
1.0784803892725479
1.0784803892725479
1.0784803892725479
1.0787527230239902
1.0787527230239902
1.0787527230239902
1.0787527230239902
1.0787527230239902
1.076133569325183
1.076133569325183
1.0697585397977454
1.0647653904933634
1.0647653904933634
1.0647653904933634
1.0656489288303135
1.0650601784591522
1.0635711457605894
1.064159036715037
1.064159036715037
1.064159036715037
1.064159036715037
1.064159036715037
1.0646510965146043
1.0646510965146043
1.0646510965146043
1.0577022178797726
1.0516842704978686
1.0495725378174587
1.0479116688737555
1.0469430173480545
1.0494397370566104
1.050073705911552
1.050073705911552
1.050073705911552
1.0464030621382654
1.0464030621382654
1.0443850251538542
1.0443850251538542
1.0464621768307991
1.0488459687167457
1.0488459687167457
1.0484044187640755
1.0484044187640755
1.0461411443530944
1.0470410133971397
1.0470410133971397
1.0470410133971397
1.0449035856111233
1.044792905596234
1.0435561357378444
1.0435561357378444
1.0435561357378444
1.0435561357378444
1.046093985366634
1.0463154598310587
1.0439352719377994
1.0439352719377994
1.0446508378016464
1.0435282174757061
1.042366102818813
1.042366102818813
1.0440216079868658
1.042554846679437
1.0423177934179004
1.0423177934179004
1.038099141603068
1.038099141603068
1.038099141603068
1.0412221216834092
1.042566239447918
1.042566239447918
1.042566239447918
1.042566239447918
1.0414364526248798
1.0405795967594285
1.0409417764640219
1.0409417764640219
1.0403586815296435
1.0401544780500354
1.0401544780500354
1.0393493178706448
1.0368563617752269
1.036496578145391
1.036496578145391
1.036496578145391
1.0374430827884318
1.034691396027192
1.034691396027192
1.0315074941430222
1.0315074941430222
1.0315074941430222
1.032880920721075
1.032880920721075
1.032880920721075
1.0345155067314358
1.0343779292743238
1.0343779292743238
1.0343779292743238
1.0343779292743238
1.0343779292743238
1.0341396289450935
1.0341396289450935
1.0341396289450935
1.0358281359058432
1.0371719127141794
1.0371719127141794
1.0353590716965115
1.0378364593060192
1.0378364593060192
1.0378364593060192
1.039181691898418
1.039181691898418
1.0394234992096847
1.0389246183686465
1.0358307555124642
1.0380202252062596
1.038575651694074
1.038575651694074
1.038575651694074
1.0380238839072367
1.0380238839072367
1.036280964802828
1.0354647832318016
1.037210260370142
1.0397894694356233
1.0397894694356233
1.0397894694356233
1.0397894694356233
1.0397894694356233
1.0397894694356233
1.0404860976782855
1.044128226790835
1.0393802010119972
1.0386248265427485
1.0386248265427485
1.0386248265427485
1.036447201665721
1.036447201665721
1.0334852027406227
1.0336357303811736
1.0336357303811736
1.0336357303811736
1.0336357303811736
1.034174735308422
1.034174735308422
1.034174735308422
1.034174735308422
1.0321880937777501
1.030632128487727
1.0302292512022369
1.0291298780664522
1.031123196684733
1.0296075017631394
1.0296075017631394
1.0296075017631394
1.0296075017631394
1.0288334970968438
1.0288334970968438
1.0315539127075635
1.0315539127075635
1.0357822282522888
1.0357822282522888
1.0357822282522888
1.0349714396958076
1.0310125027168922
1.0310125027168922
1.0310125027168922
1.0310125027168922
1.031101253213408
1.031101253213408
1.031101253213408
1.031101253213408
1.0322097633578469
1.0322097633578469
1.0340931862677112
1.0340931862677112
1.0340931862677112
1.036494793910455
1.036494793910455
1.0332014784256522
1.0354267488305182
1.0354267488305182
1.0354267488305182
1.035683587954214
1.035683587954214
1.035683587954214
1.0337922740237189
1.0337922740237189
1.0321823005046675
1.0325232993934221
1.0338733289384514
1.0329038097838303
1.0329038097838303
1.0329386755913048
1.0329386755913048
1.0338862506506388
1.0338862506506388
1.0310984617250578
1.0278428250670981
1.0284869546791822
1.0284869546791822
1.0284869546791822
1.0293743325963676
1.0288836472584013
1.0288836472584013
1.027269575904432
1.0283466385444133
1.0273240432114001
1.0288844857133976
1.0262948575193631
1.0291479354317032
1.0291479354317032
1.028371351901535
1.0279082016747212
1.0279082016747212
1.0279082016747212
1.0279082016747212
1.0269409345958558
1.0269409345958558
1.0281927982094237
1.0281927982094237
1.0281927982094237
1.0287269546391384
1.0287269546391384
1.0287269546391384
1.0287269546391384
1.0287269546391384
1.0287269546391384
1.0287269546391384
1.0330715910351913
1.0330715910351913
1.0330715910351913
1.0330715910351913
1.034881171685839
1.035259459791778
1.035259459791778
1.035259459791778
1.0357329132742314
1.0338226846358327
1.0338226846358327
1.0338226846358327
1.0314883121614244
1.0314883121614244
1.0314883121614244
1.0314883121614244
1.0314883121614244
1.0314883121614244
1.03095039059433
1.0323549283429685
1.031361669817702
1.034161390931927
1.034161390931927
1.0318431426778585
1.0318431426778585
1.0284520996049125
1.0303315951851946
1.0303315951851946
1.0303315951851946
1.0304050937712776
1.0304050937712776
1.029697826991705
1.0293200695468019
1.0298241634611538
1.0298241634611538
1.0298241634611538
1.032044643667768
1.032044643667768
1.0311644786139702
1.0299777049117795
1.0297770131396644
1.031331759191902
1.0319286889778048
1.0339826366818312
1.0373323738464777
1.0373323738464777
1.0380299914644169
1.0380299914644169
1.0380299914644169
1.0368092084635576
1.0368092084635576
1.0368092084635576
1.0368092084635576
1.0360136981973869
1.0360136981973869
1.0360136981973869
1.0360136981973869
1.0355850783616196
1.0316018120004948
1.0324090232358891
1.0324090232358891
1.0324090232358891
1.0324090232358891
1.0310532326128499
1.0310532326128499
1.0310532326128499
1.0315512349262552
1.031175479926015
1.032526302484546
1.030646170741345
1.030646170741345
1.030646170741345
1.0298274452806755
1.0298274452806755
1.0339162130464254
1.0339162130464254
1.030349066713598
1.030349066713598
1.0300243273601086
1.0276960421271575
1.0276960421271575
1.0276960421271575
1.0263799446275321
1.0263799446275321
1.027340445530932
1.0282716997566441
1.0282716997566441
1.0273357083265917
1.028470911294105
1.029180868545511
1.0290281038544427
1.0291187295022775
1.0291187295022775
1.0291187295022775
1.0291187295022775
1.0291187295022775
1.0291187295022775
1.0291187295022775
1.0282377862358778
1.0282377862358778
1.0245698451327374
1.0273447047682303
1.0273447047682303
1.0273447047682303
1.0310095489905138
1.0310095489905138
1.033454834328042
1.0335615546062729
1.0335615546062729
1.0335615546062729
1.0341965014885566
1.0341965014885566
1.0341965014885566
1.0376862169779386
1.0323547551736931
1.0323547551736931
1.0340753497425974
1.0334728081916609
1.0334728081916609
1.0320689504283687
1.0320689504283687
1.0320689504283687
1.0330121386902762
1.0319378703858857
1.0319378703858857
1.0320369705598453
1.030332596520008
1.0297171795189655
1.0297171795189655
1.0325340887897663
1.0325340887897663
1.0325340887897663
1.0339229522425888
1.0344343899414934
1.0344343899414934
1.0329465713063433
1.0338173793206715
1.0338173793206715
1.0369803868980154
1.0352755925840826
1.0346848458615316
1.037429363410037
1.0396262577575779
1.0369337233794265
1.039857147030189
1.0378491153514038
1.0386944296271499
1.0366433120065186
1.035146395571729
1.033841870976534
1.0342110075401398
1.034517534423364
1.034517534423364
1.034390909229271
1.034390909229271
1.0331239242338457
1.0331239242338457
1.0331239242338457
1.0331239242338457
1.0324730280334398
1.0324730280334398
1.034191483480533
1.03579120261739
1.0352116266730336
1.0352116266730336
1.0386115087805565
1.0386115087805565
1.0386115087805565
1.0386115087805565
1.0386115087805565
1.0386115087805565
1.0386115087805565
1.0386115087805565
1.0386115087805565
1.035624969772144
1.0347656989878706
1.0347656989878706
1.0347656989878706
1.0347656989878706
1.032757558489928
1.032757558489928
1.032757558489928
1.0301252448621128
1.0301252448621128
1.032038274061692
1.0345357113889828
1.0287515300402252
1.0287515300402252
1.0287515300402252
1.0287515300402252
1.0287515300402252
1.02947249141657
1.0286624007399634
1.0286624007399634
1.0286624007399634
1.0286624007399634
1.0312154020798365
1.0312154020798365
1.0312154020798365
1.0312154020798365
1.0312154020798365
1.0312154020798365
1.0312154020798365
1.0312154020798365
1.0302402142666596
1.0319138238277412
1.0319138238277412
1.0319138238277412
1.0319138238277412
1.033436026840493
1.033436026840493
1.033436026840493
1.033436026840493
1.033436026840493
1.031274804125988
1.0319370545785083
1.032482874067615
1.0316715230269948
1.0316715230269948
1.0313950748232337
1.0313950748232337
1.0348009250673695
1.0323564315963356
1.0308562930955576
1.0292789734065144
1.0308584087963568
1.0308584087963568
1.0308584087963568
1.0308584087963568
1.0308584087963568
1.0342568343881589
1.0342568343881589
1.034627604629977
1.0338747549702398
1.0299596937091178
1.0299596937091178
1.033382862599239
1.033382862599239
1.0354013213480793
1.0354013213480793
1.035339987861203
1.0323971834837564
1.030357572225885
1.0333420024428432
1.0333420024428432
1.0333420024428432
1.0333420024428432
1.0333420024428432
1.0326484313070707
1.0326484313070707
1.0326484313070707
1.035735957635424
1.035735957635424
1.035735957635424
1.035735957635424
1.035735957635424
1.035735957635424
1.035735957635424
1.035735957635424
1.0346744949481044
1.0346744949481044
1.0346744949481044
1.0322656874428913
1.0322656874428913
1.0322656874428913
1.0339378603537406
1.0293794564520946
1.0292027596115585
1.0292027596115585
1.0292027596115585
1.0292027596115585
1.0292027596115585
1.0253805695261562
1.0256943643186802
1.0297733740196313
1.0326891367315199
1.0302187909536893
1.0323830034741
1.033246316179276
1.0335529846233966
1.0335529846233966
1.0356928588333585
1.0348092786939294
1.0348092786939294
1.0348092786939294
1.0348092786939294
1.038266136364636
1.0377824454990214
1.0377824454990214
1.0377824454990214
1.0375045933157625
1.0375045933157625
1.0375045933157625
1.0375045933157625
1.0375045933157625
1.0372979418906194
1.0323877122910123
1.0323877122910123
1.0323877122910123
1.0323877122910123
1.031614961985093
1.031614961985093
1.0307200510343468
1.0282488853472764
1.0312958303263886
1.0310733750942924
1.0310733750942924
1.0279395743315447
1.0276684446369815
1.0268583959806221
1.0268583959806221
1.0268583959806221
1.0249931634302645
1.0249931634302645
1.0249931634302645
1.0249931634302645
1.0249931634302645
1.0249931634302645
1.0249931634302645
1.0249931634302645
1.0249931634302645
1.0249931634302645
1.0249931634302645
1.0249931634302645
1.0252850037033898
1.0252850037033898
1.0252850037033898
1.0252850037033898
1.0252850037033898
1.0243823996703103
1.0229437961215857
1.0229437961215857
1.0229437961215857
1.0229437961215857
1.0255066615936603
1.028821124223418
1.028821124223418
1.0287083204034653
1.0304343862411895
1.0318143163182427
1.0318143163182427
1.0318143163182427
1.0318143163182427
1.0318143163182427
1.0318143163182427
1.0318143163182427
1.0318627147569823
1.0304633744344125
1.0304633744344125
1.0304633744344125
1.0304633744344125
1.0294619570008423
1.0294619570008423
1.0294619570008423
1.0316251475593394
1.0305330853328782
1.0305330853328782
1.0339780624813457
1.0341529451242537
1.0341529451242537
1.0341529451242537
1.0335155201756212
1.034655808656331
1.0313857666060307
1.0341726795039912
1.0341726795039912
1.0341726795039912
1.0341726795039912
1.0341726795039912
1.0341726795039912
1.0330785412634427
1.0330785412634427
1.0318315962141114
1.0318315962141114
1.030942962174952
1.0313391380831283
1.0313391380831283
1.0313391380831283
1.0313391380831283
1.0297495117238984
1.031385354369342
1.031385354369342
1.031385354369342
1.0312539517184616
1.033120657039644
1.033120657039644
1.033120657039644
1.033120657039644
1.033120657039644
1.033120657039644
1.033120657039644
1.033120657039644
1.033120657039644
1.033120657039644
1.033120657039644
1.0327580515701373
1.0327580515701373
1.0327580515701373
1.0327580515701373
1.0331276378808185
1.0331276378808185
1.0331276378808185
1.0331276378808185
1.032213961770058
1.0341244581259446
1.038995957760923
1.038995957760923
1.0365941646982288
1.0362985770609574
1.0337785197958502
1.0345774414860234
1.0324535377799784
1.0307226564249423
1.0310257141046606
1.0307564925228716
1.0305962515994158
1.0376436145161365
1.0376436145161365
1.0368357179008039
1.0388921993947227
1.0388921993947227
1.0388921993947227
1.0388921993947227
1.0412586541271507
1.0412586541271507
1.040381594552612
1.040381594552612
1.040381594552612
1.0389627421245544
1.041461550187929
1.0361280554829175
1.0361280554829175
1.0356513444622202
1.0356513444622202
1.0356513444622202
1.0374097732416312
1.0374097732416312
1.0374097732416312
1.0418288515372855
1.0416318244887495
1.0428832481261938
1.0428832481261938
1.0428832481261938
1.0428832481261938
1.0366585647908273
1.0366585647908273
1.033770489845495
1.033770489845495
1.033770489845495
1.033770489845495
1.033770489845495
1.031827621452776
1.031827621452776
1.031827621452776
1.0300514084357666
1.0300514084357666
1.0307714728970765
1.0307714728970765
1.0280129944322713
1.0280129944322713
1.028549975318873
1.0305634185737822
1.0305634185737822
1.0305634185737822
1.0305634185737822
1.0305634185737822
1.0305634185737822
1.0305634185737822
1.0305634185737822
1.0317494983083229
1.0317494983083229
1.0317494983083229
1.0317494983083229
1.0317494983083229
1.0317494983083229
1.0317494983083229
1.0311939260690528
1.033477200206035
1.033477200206035
1.0341283103191878
1.0381222612425782
1.0381222612425782
1.0378465815652511
1.0400792756458668
1.0370196058925956
1.0370196058925956
1.0370196058925956
1.0370196058925956
1.0395380659376272
1.0397454940636646
1.0397454940636646
1.0397454940636646
1.0397454940636646
1.0420595681536813
1.0420595681536813
1.0420595681536813
1.0420739362661329
1.0420739362661329
1.0420739362661329
1.0420739362661329
1.0406409588718994
1.0406409588718994
1.0395102974611188
1.0395102974611188
1.038918730803857
1.037689625747055
1.0378673233769637
1.0378673233769637
1.038004768731761
1.038004768731761
1.0367505407800448
1.0367505407800448
1.039402799129024
1.0399207230186944
1.0399207230186944
1.037279590948943
1.0390119574448538
1.0390119574448538
1.0390119574448538
1.0334123087100273
1.034107290365251
1.034107290365251
1.034107290365251
1.034107290365251
1.0383799515223862
1.0355210864650626
1.0336352429210316
1.034680858996551
1.035610715136339
1.038446180212263
1.0381732536056458
1.03480557911231
1.03480557911231
1.0337539428503713
1.033152352987287
1.033152352987287
1.0386928165893567
1.0386928165893567
1.0386928165893567
1.041438358281543
1.0404615075125696
1.0387736337576174
1.0387736337576174
1.0387736337576174
1.0369933181940518
1.0369933181940518
1.034118265165461
1.034118265165461
1.034118265165461
1.034118265165461
1.0338578311659914
1.0338578311659914
1.0338578311659914
1.0366778886699228
1.0366778886699228
1.0366778886699228
1.034143399931381
1.034143399931381
1.0387339266140347
1.0387339266140347
1.0387339266140347
1.0329486271545292
1.0341434427320868
1.0338303827565996
1.0338303827565996
1.0343361116424767
1.0343361116424767
1.036322600748865
1.036322600748865
1.036322600748865
1.036322600748865
1.0358893702446672
1.0361468449320774
1.0386499064478634
1.0363170207935541
1.0352391552606035
1.0359856555003557
1.0359856555003557
1.0359856555003557
1.0359856555003557
1.0359856555003557
1.0368594628461234
1.0368594628461234
1.0368594628461234
1.036745235374934
1.0341638833911089
1.0341638833911089
1.0341638833911089
1.0331736670867941
1.0331736670867941
1.0350559379158193
1.0345328992804883
1.034937056978755
1.034937056978755
1.034937056978755
1.0337037810137837
1.0349210023080062
1.0392730833771875
1.0392730833771875
1.0383783280395613
1.0351277252449946
1.0351277252449946
1.0351277252449946
1.0356862728228562
1.036368727651489
1.0359812889816944
1.0365044889451993
1.0365044889451993
1.0382341089322416
1.0382341089322416
1.0382341089322416
1.037843579079649
1.037843579079649
1.037843579079649
1.036012133729678
1.035144268663747
1.0336616603596684
1.0372421412119486
1.0365387471129186
1.0361509930403006
1.0327132036364743
1.0327132036364743
1.0327132036364743
1.0327132036364743
1.0327132036364743
1.0324749222933312
1.0309152196996927
1.0352188418543398
1.0352188418543398
1.0352188418543398
1.0352188418543398
1.0326515885299212
1.0326515885299212
1.0422507623511996
1.0387651223468986
1.0358320042525688
1.0358320042525688
1.0358320042525688
1.0344301945804646
1.0344301945804646
1.0344301945804646
1.0356348222085052
1.0356348222085052
1.033841036292177
1.033841036292177
1.0332860268861512
1.0332860268861512
1.033535486916772
1.033535486916772
1.033535486916772
1.0312681475120908
1.0312681475120908
1.0312681475120908
1.0347144398702972
1.0347144398702972
1.0347144398702972
1.0347144398702972
1.0334078223931658
1.0334078223931658
1.0334078223931658
1.0343796382845647
1.033300329941387
1.0317115495083413
1.0294300957424911
1.0300064278788987
1.0300064278788987
1.0300064278788987
1.031151550042841
1.031151550042841
1.031151550042841
1.031151550042841
1.028442943215755
1.0299544391271882
1.0299544391271882
1.0299544391271882
1.0299544391271882
1.0299544391271882
1.0299544391271882
1.0328612691675199
1.0328612691675199
1.0328612691675199
1.0298884961889416
1.0309650459494928
1.0328719573688296
1.0365887976584585
1.0365887976584585
1.0365887976584585
1.0365887976584585
1.0365887976584585
1.0353030433787778
1.0353030433787778
1.0354027690414322
1.0354027690414322
1.0354027690414322
1.0345722424424761
1.0345722424424761
1.0345722424424761
1.037360750886571
1.037360750886571
1.0412272441979056
1.036553157250345
1.038147459104348
1.0350872867830725
1.0350872867830725
1.0350872867830725
1.0320722127065969
1.031436380133897
1.0286644348741465
1.0286644348741465
1.0304660892552882
1.0304660892552882
1.031793972397558
1.031793972397558
1.0291052080320695
1.0286324109013345
1.02884796640459
1.0293653322879648
1.0310408703531486
1.0310408703531486
1.0326183813109548
1.0317905565558538
1.0273736167540148
1.0273736167540148
1.0273736167540148
1.0273736167540148
1.028385813327582
1.028385813327582
1.0322636472152253
1.0363183357940402
1.0363183357940402
1.0319257779051263
1.0319257779051263
1.0319257779051263
1.0319257779051263
1.0319257779051263
1.0319257779051263
1.0296332244375206
1.02850437206463
1.031078591655154
1.031078591655154
1.0300365955975357
1.0300365955975357
1.025529966348427
1.0245873176928881
1.0245873176928881
1.033332760038424
1.031880021566831
1.0293652428747668
1.0293652428747668
1.0308859207798464
1.0308859207798464
1.0308859207798464
1.0308859207798464
1.0290463130155876
1.0290463130155876
1.0290463130155876
1.0312978166069624
1.029605203914426
1.0276272986142598
1.0248256731789018
1.026592626736283
1.0326925794349153
1.0326925794349153
1.0326925794349153
1.0342402060456748
1.0342402060456748
1.0355011560721192
1.0355011560721192
1.0358637259561214
1.0358637259561214
1.0358637259561214
1.0367380414984053
1.0367380414984053
1.0367380414984053
1.0385937973455053
1.0330574146740128
1.0316779719458806
1.0316779719458806
1.0330530183410345
1.0330530183410345
1.0278994320413837
1.0275458554489465
1.0275458554489465
1.0270830304053467
1.031145064890597
1.0316876736000897
1.0323696505907685
1.0383328973921024
1.0367239244449808
1.0367239244449808
1.0369828217075734
1.0344442705070869
1.0344442705070869
1.0312085979565506
1.031278384235386
1.031278384235386
1.0319005597189272
1.0305628976193246
1.0305628976193246
1.0305628976193246
1.0307897300383069
1.0307897300383069
1.0307897300383069
1.0307897300383069
1.0301454350739951
1.0307769584235658
1.0308318180234837
1.0306587468037585
1.0306587468037585
1.0282757072828257
1.028971788317432
1.0325871030996245
1.0321596391191843
1.0384639246689746
1.0384639246689746
1.037371568723358
1.0365675190726773
1.0361513795690724
1.036833961908827
1.036833961908827
1.036833961908827
1.036833961908827
1.036833961908827
1.0403132958311498
1.0358669773556046
1.0358669773556046
1.0378399916263765
1.037046250280827
1.0363792249574533
1.0377064768909254
1.0377064768909254
1.0377064768909254
1.0377064768909254
1.0367044099784368
1.0367044099784368
1.0334347668002466
1.0334347668002466
1.0334347668002466
1.0334347668002466
1.0378536356704635
1.0403941093092746
1.032887160694065
1.032887160694065
1.032887160694065
1.032887160694065
1.032887160694065
1.032887160694065
1.0308811972521776
1.0289279566254257
1.029047161804787
1.0324016230492488
1.0318971051290597
1.02378512068002
1.02378512068002
1.02378512068002
1.02378512068002
1.0247412427038503
1.0247412427038503
1.026335670399306
1.026335670399306
1.0266926723609116
1.0318785764005882
1.0318785764005882
1.0318785764005882
1.0330463335943898
1.0330463335943898
1.031075971163133
1.0311759467476056
1.0311759467476056
1.0311759467476056
1.0312989375572894
1.0312989375572894
1.0296887681900755
1.0296887681900755
1.0296887681900755
1.0295186506309935
1.0295186506309935
1.0295186506309935
1.0295186506309935
1.0352481584553204
1.0352481584553204
1.0333095631877514
1.034455237280857
1.034455237280857
1.034455237280857
1.0386048531984815
1.0386048531984815
1.0404035796668138
1.0395302468412604
1.0395302468412604
1.036452294602743
1.0382292167113905
1.0382292167113905
1.0382292167113905
1.0354517847235105
1.0351928380046291
1.031561896764358
1.0308078912243557
1.0321588833043693
1.0321588833043693
1.0311452120570368
1.0317540492228228
1.0317540492228228
1.0331837308724157
1.0331837308724157
1.0331837308724157
1.0263788143907053
1.0263788143907053
1.0321969254038457
1.0321969254038457
1.0267915982418372
1.0306227045785556
1.0306227045785556
1.0275036124739478
1.0271374094662653
1.0271374094662653
1.0271374094662653
1.026998738431824
1.0277040292425528
1.0277040292425528
1.0277040292425528
1.028385625764808
1.028385625764808
1.028385625764808
1.028385625764808
1.028385625764808
1.028385625764808
1.0296560425586323
1.0279259623938752
1.029488557743291
1.029488557743291
1.029488557743291
1.029488557743291
1.029488557743291
1.0275345849021347
1.0332713201674275
1.0285133636380417
1.0285133636380417
1.0285133636380417
1.0285133636380417
1.0285133636380417
1.0285133636380417
1.0318040506908186
1.0318040506908186
1.0318040506908186
1.0293065311439682
1.0299027084422456
1.030718759363953
1.0339674705687267
1.0339674705687267
1.036304558239732
1.031615362517134
1.031615362517134
1.03037138960117
1.0353704715316725
1.0358076472912667
1.0329208829193401
1.0329208829193401
1.0329208829193401
1.0329208829193401
1.031688807963145
1.0349698721332037
1.0313909692145395
1.026731417495882
1.026731417495882
1.026731417495882
1.026731417495882
1.026731417495882
1.026731417495882
1.026731417495882
1.0261577325296536
1.0261577325296536
1.0261577325296536
1.0341676742720172
1.0363517159421936
1.034993991380934
1.034993991380934
1.034993991380934
1.034993991380934
1.034993991380934
1.034993991380934
1.034993991380934
1.0326750565656693
1.0315386734385883
1.0315386734385883
1.0315386734385883
1.0315386734385883
1.0315386734385883
1.0364252226315498
1.0364252226315498
1.0364252226315498
1.0382365921653376
1.0381316236228002
1.0339997036935653
1.0378636926537284
1.0378636926537284
1.0378636926537284
1.0378636926537284
1.036397192493934
1.036397192493934
1.0345654132233129
1.0345654132233129
1.032810038014714
1.032810038014714
1.032810038014714
1.034799152131127
1.030169394518142
1.0289660503833453
1.0279827691728878
1.028171076760076
1.0302330972113827
1.0302330972113827
1.0302177045368246
1.0302177045368246
1.0302177045368246
1.0302177045368246
1.0274381940373736
1.0285127551690005
1.0285477657586048
1.0298276067814458
1.0316071881667668
1.0313155507114649
1.0313155507114649
1.0313155507114649
1.0289847693899241
1.0289847693899241
1.0289847693899241
1.0289847693899241
1.0289847693899241
1.0276765517187378
1.028524997362474
1.0268731403773417
1.0268731403773417
1.0268731403773417
1.027860752562564
1.027860752562564
1.0308557191652987
1.0308557191652987
1.0308557191652987
1.0308557191652987
1.0308557191652987
1.0308278771964907
1.0270669712974936
1.0270669712974936
1.0276796662299548
1.030734538136837
1.0305193848705336
1.0305193848705336
1.0305193848705336
1.025625289294859
1.025625289294859
1.025625289294859
1.0299888518275808
1.0299888518275808
1.0299888518275808
1.0299888518275808
1.0299888518275808
1.0299888518275808
1.0299888518275808
1.0299888518275808
1.0318899155245524
1.0335076573983917
1.0335076573983917
1.0327817711801988
1.0327817711801988
1.0327817711801988
1.0297538923187801
1.032656856534512
1.032656856534512
1.0354895351321483
1.0353473909709487
1.0353473909709487
1.0340955718410723
1.0340955718410723
1.0336870859091454
1.0336870859091454
1.0327434989414563
1.0348621163660494
1.0345868990698854
1.0345868990698854
1.0360541600260906
1.0360541600260906
1.0360541600260906
1.028697720978241
1.028697720978241
1.028697720978241
1.026432001690254
1.026973274703981
1.0287687322282606
1.0287687322282606
1.0287687322282606
1.0278855898907233
1.0268229723745632
1.0294406558421418
1.0294406558421418
1.0294406558421418
1.0294406558421418
1.0299729518238534
1.0300851862028655
1.0300851862028655
1.0300851862028655
1.0300851862028655
1.0308487964854685
1.0297213226750925
1.0297213226750925
1.031352168125765
1.030283717933914
1.030283717933914
1.0321262901570227
1.0321262901570227
1.0321262901570227
1.034675157066858
1.034675157066858
1.0410450406517435
1.0383303007050753
1.0383303007050753
1.0369368750045604
1.0377546062596577
1.036150505082555
1.036150505082555
1.036150505082555
1.0374713566339488
1.0374713566339488
1.0380066022428047
1.0380066022428047
1.0358618494832135
1.0358618494832135
1.0393424434613194
1.0393424434613194
1.0370217849829992
1.0370217849829992
1.0442929228472466
1.0414156314657175
1.0407481475135036
1.040263865593805
1.040263865593805
1.0385864823213882
1.0385864823213882
1.038114135152737
1.038114135152737
1.038114135152737
1.038114135152737
1.038114135152737
1.038114135152737
1.0381264538577153
1.0381264538577153
1.0344663824162086
1.0344663824162086
1.033854506600135
1.033496356906087
1.033496356906087
1.0364651983127184
1.0365818841294503
1.0365818841294503
1.036946589290678
1.031592002023755
1.031592002023755
1.031592002023755
1.031592002023755
1.035506513585285
1.0345724712427955
1.0345724712427955
1.0345724712427955
1.0345724712427955
1.0345724712427955
1.0345724712427955
1.0327092597459304
1.032616870982119
1.0316977730140489
1.0316977730140489
1.0316977730140489
1.0316977730140489
1.0320650178364272
1.037319998653208
1.037319998653208
1.033245407572998
1.0328183908768451
1.0328183908768451
1.0342512422004952
1.035551212160798
1.035551212160798
1.035551212160798
1.0364907272855353
1.0393962353551238
1.0404292425813284
1.03848682137275
1.03848682137275
1.03848682137275
1.03848682137275
1.03848682137275
1.03848682137275
1.034798632994149
1.034798632994149
1.0342021821848757
1.0342021821848757
1.035608325559716
1.035608325559716
1.034351902663784
1.0337116851180785
1.0323610591699153
1.0323610591699153
1.0285739146163542
1.0320160145281383
1.031560520914886
1.0299246392032255
1.0316694966680549
1.0292762697811204
1.028938625793247
1.028938625793247
1.028938625793247
1.028938625793247
1.028938625793247
1.028938625793247
1.028938625793247
1.028938625793247
1.028907994229722
1.0269701863207454
1.0274154563378606
1.034727391338729
1.034727391338729
1.034727391338729
1.034727391338729
1.0334683998432428
1.035981630666071
1.0351966632321667
1.0351966632321667
1.0306528452469768
1.0306528452469768
1.0306528452469768
1.0335576666241892
1.0353238209878508
1.0353238209878508
1.0334772956798806
1.0334772956798806
1.0327781894735935
1.0327781894735935
1.0355683608939374
1.0355683608939374
1.0355683608939374
1.0355683608939374
1.0355683608939374
1.0332838369554889
1.0332838369554889
1.0321991131605874
1.0342790606095393
1.0327864760794465
1.0327864760794465
1.0324780798377649
1.0324780798377649
1.0337129816876176
1.030666926629422
1.030666926629422
1.030666926629422
1.0292531052394462
1.0298751290822588
1.0365866151044267
1.0365866151044267
1.0365866151044267
1.037915037058825
1.037915037058825
1.0372419993047852
1.034842114836639
1.0352752282758464
1.0337529081901697
1.0370309294662725
1.0370309294662725
1.0339465323529256
1.0345033481134964
1.0345033481134964
1.0342532049814417
1.0316588537437517
1.0312345974844028
1.0312345974844028
1.0312345974844028
1.0321562875865242
1.0314661452170393
1.0314661452170393
1.0314661452170393
1.0314661452170393
1.0265753269682463
1.033019363677534
1.033019363677534
1.0283004562446738
1.028216063480816
1.0253518330068785
1.027308941108588
1.027308941108588
1.0303602169545474
1.0303602169545474
1.0263597541681642
1.0263597541681642
1.0263597541681642
1.0263597541681642
1.0263597541681642
1.0321109039585745
1.0332819853245487
1.0311452203980978
1.0348362566975546
1.039504344087356
1.039504344087356
1.0388122971459754
1.0381778994053663
1.0381778994053663
1.0360940016474063
1.0360940016474063
1.0360940016474063
1.0360940016474063
1.0367744519449436
1.0367744519449436
1.032853970269241
1.032853970269241
1.032853970269241
1.0309650264893828
1.0301855266523725
1.030671897471329
1.0322355322700618
1.0312301165324491
1.0334779960515015
1.0334779960515015
1.0343667818107514
1.0343667818107514
1.0343667818107514
1.0343667818107514
1.0339780393433529
1.0339780393433529
1.0342023550820922
1.035186467166799
1.035186467166799
1.0339425125263102
1.0339425125263102
1.0339425125263102
1.0339425125263102
1.037138224821822
1.037138224821822
1.034423000080772
1.034423000080772
1.0354506229899294
1.0354506229899294
1.0354506229899294
1.0349189177298757
1.0360005724728205
1.0309233725759308
1.0301831713934064
1.0353061080488883
1.0353061080488883
1.0353061080488883
1.0339139057860285
1.0339139057860285
1.0339139057860285
1.0339139057860285
1.0351787513027781
1.0351787513027781
1.0330283929229644
1.0330283929229644
1.0330283929229644
1.0330283929229644
1.0330283929229644
1.0330283929229644
1.030418209484689
1.030418209484689
1.030418209484689
1.0342955361392887
1.0342955361392887
1.0342955361392887
1.0349445172338017
1.0354188195200442
1.0354188195200442
1.0354188195200442
1.0354188195200442
1.0339074992151778
1.0325964628222897
1.0341543800580086
1.0341543800580086
1.0341543800580086
1.0341543800580086
1.0304942192448685
1.0304942192448685
1.0304942192448685
1.0304942192448685
1.0311065886069792
1.0245950477109433
1.0271653992953915
1.0266451900628883
1.0266493071392848
1.0266493071392848
1.0256229779328287
1.0256229779328287
1.0256229779328287
1.0256229779328287
1.0268070191195935
1.0298145932909786
1.0298145932909786
1.0298145932909786
1.0298145932909786
1.0298145932909786
1.029813498541016
1.029813498541016
1.029813498541016
1.0303494844194658
1.0303494844194658
1.0319907274796964
1.0319907274796964
1.0305345079752992
1.0305345079752992
1.0305345079752992
1.025069626571762
1.0282976193398383
1.0282976193398383
1.034164920972771
1.034164920972771
1.034164920972771
1.034164920972771
1.030938382284354
1.030938382284354
1.030527362524629
1.03297684887894
1.03297684887894
1.03297684887894
1.03297684887894
1.03297684887894
1.0308442066104684
1.0308442066104684
1.0315231223313681
1.0315231223313681
1.0315231223313681
1.03169229804566
1.03169229804566
1.0335739728739035
1.0366768276949856
1.038707772422134
1.0382126630507937
1.0328096101327315
1.0320658733044632
1.0320658733044632
1.0322925120023887
1.0335280722425408
1.0382654909466258
1.0416981498207418
1.0416981498207418
1.0416981498207418
1.0404381398036457
1.0365775740361118
1.0365775740361118
1.0411273887071948
1.041912755040466
1.041912755040466
1.041912755040466
1.041912755040466
1.041912755040466
1.0423143874904173
1.0413336518401184
1.0413336518401184
1.0413336518401184
1.036889500734412
1.041281609494033
1.037896190507136
1.037896190507136
1.0376913088161444
1.0388968455123542
1.0388968455123542
1.038626572279936
1.0415921281372154
1.0415921281372154
1.0410397520217318
1.0410397520217318
1.0410397520217318
1.0410397520217318
1.0410397520217318
1.0387952020706681
1.0387952020706681
1.0387952020706681
1.0361070936178978
1.0361070936178978
1.0361070936178978
1.0361070936178978
1.0361070936178978
1.0361070936178978
1.0361343066854225
1.0361343066854225
1.0357252328432336
1.0357252328432336
1.0357252328432336
1.0357252328432336
1.0375907217370262
1.0375907217370262
1.0375907217370262
1.0375907217370262
1.0359085684392921
1.033879079650119
1.033879079650119
1.033879079650119
1.033879079650119
1.0336873655864864
1.0336873655864864
1.0336873655864864
1.0336873655864864
1.0336873655864864
1.0347851121143108
1.0347851121143108
1.0347851121143108
1.030818254227299
1.030818254227299
1.0323270418164743
1.0323270418164743
1.0323270418164743
1.0323270418164743
1.0313903558404556
1.0313903558404556
1.031504484841346
1.0378357162644878
1.0378887081688262
1.0378887081688262
1.0386938851799434
1.0378565207811115
1.0378565207811115
1.0359673441898447
1.0359673441898447
1.0359673441898447
1.0359673441898447
1.0359673441898447
1.0359673441898447
1.0359673441898447
1.034599651763543
1.0317863458113374
1.032588366742104
1.032588366742104
1.032588366742104
1.0304653741966598
1.0304653741966598
1.0304653741966598
1.0304653741966598
1.0304653741966598
1.0300329986099848
1.0304366587983143
1.032532816363646
1.032532816363646
1.032532816363646
1.032532816363646
1.032532816363646
1.032532816363646
1.0337314829545887
1.0337314829545887
1.0303033069315943
1.030605120186027
1.030605120186027
1.0313062933359378
1.0313062933359378
1.030320535603875
1.030320535603875
1.030320535603875
1.030320535603875
1.030320535603875
1.0314296795366675
1.0294013458032278
1.0276230371885682
1.0289342997571744
1.0289342997571744
1.0290460745814045
1.0290460745814045
1.0290460745814045
1.0290460745814045
1.0290460745814045
1.0295690569717582
1.0295690569717582
1.0295690569717582
1.0298163349612999
1.0310135928138953
1.0310135928138953
1.0290540478749923
1.0290540478749923
1.0276422548969262
1.0276422548969262
1.0271824248726589
1.0286170916461868
1.0286170916461868
1.0286170916461868
1.0286170916461868
1.0286170916461868
1.0313798187719603
1.0354039102394277
1.037951634480671
1.037951634480671
1.037951634480671
1.037951634480671
1.0385639387228294
1.0395273068357622
1.0365574319074995
1.0411020527626502
1.0411020527626502
1.039032726864258
1.0374728450026156
1.0374728450026156
1.0402483246780345
1.0402483246780345
1.0445626170909648
1.0445626170909648
1.04583633448618
1.04583633448618
1.0451320314180248
1.0428502719048103
1.0428502719048103
1.0428502719048103
1.0428502719048103
1.0428502719048103
1.0391944443699792
1.0391944443699792
1.0391944443699792
1.0391944443699792
1.0380886839609982
1.035929868038978
1.0393862695962877
1.038223690918236
1.0378967422229783
1.0378967422229783
1.0378967422229783
1.0368985158829194
1.038764091326005
1.038764091326005
1.038764091326005
1.038787790040528
1.0390536640947183
1.0391253478044102
1.0391253478044102
1.0311402204138658
1.0326881433346033
1.034238049298585
1.034238049298585
1.034238049298585
1.0337106536282203
1.0303721929373295
1.0303721929373295
1.0303721929373295
1.0300904848017909
1.0300904848017909
1.0300904848017909
1.0300904848017909
1.0311534620174891
1.0311534620174891
1.0313735339429344
1.0313735339429344
1.0313735339429344
1.0313735339429344
1.0313735339429344
1.0313735339429344
1.029627184128148
1.0301200162109652
1.0273861928569006
1.0273861928569006
1.0285140888193764
1.0299705003007062
1.0299705003007062
1.0306095346590283
1.0303191536238472
1.0303191536238472
1.029293543897176
1.0322435657751818
1.034545412218365
1.034545412218365
1.034545412218365
1.034545412218365
1.034545412218365
1.034545412218365
1.0333490201669369
1.0333490201669369
1.030856661180176
1.030856661180176
1.032114223492413
1.0312112793121886
1.0312112793121886
1.0312112793121886
1.0312112793121886
1.0312112793121886
1.0312112793121886
1.0312112793121886
1.0312112793121886
1.0312112793121886
1.029722825628455
1.0276070303787201
1.0276242280611434
1.0280570901314927
1.0280570901314927
1.030524035581554
1.0356566418974993
1.0356566418974993
1.0356566418974993
1.0337582881455054
1.0310353733599564
1.0310353733599564
1.0310353733599564
1.0310353733599564
1.034689050839443
1.034689050839443
1.034689050839443
1.0341783129954798
1.0341783129954798
1.0316611061462047
1.0313106045133722
1.0315457742972036
1.0315457742972036
1.0315457742972036
1.0298694666171286
1.032253978274709
1.0331926381750125
1.0325212812157307
1.0325212812157307
1.0325212812157307
1.0309960807734209
1.0309960807734209
1.032283963683721
1.0299384087742904
1.0288250016490599
1.0334879042721234
1.0334879042721234
1.0334879042721234
1.0334879042721234
1.0334879042721234
1.0380362709549906
1.0355866574170864
1.0363224747736117
1.0334858961206759
1.0334858961206759
1.0334858961206759
1.0334858961206759
1.0334858961206759
1.0359295028499154
1.0359295028499154
1.0361994578799356
1.033403934038693
1.0359397161899349
1.0359397161899349
1.0359397161899349
1.0352394682353816
1.0332837122779577
1.036751364623442
1.036751364623442
1.0323653019897252
1.0323653019897252
1.031716697970721
1.0305193957611596
1.0305193957611596
1.0305193957611596
1.0305193957611596
1.0305193957611596
1.0305193957611596
1.0305193957611596
1.0305193957611596
1.0296111942180473
1.031397140380112
1.031397140380112
1.031397140380112
1.031397140380112
1.031397140380112
1.031397140380112
1.031397140380112
1.031397140380112
1.031397140380112
1.031397140380112
1.0283592682392442
1.0290287062989714
1.0273717033185812
1.026966290632603
1.026966290632603
1.026966290632603
1.026966290632603
1.026966290632603
1.031144183344781
1.031144183344781
1.031144183344781
1.0305964329699993
1.0305964329699993
1.0298035486901673
1.0298035486901673
1.031647182037164
1.031647182037164
1.031647182037164
1.0312386287340805
1.0312386287340805
1.0312386287340805
1.0286809516238156
1.0286809516238156
1.0286809516238156
1.0286809516238156
1.0321226372097676
1.0305951225821188
1.0350578175630643
1.0350578175630643
1.0350578175630643
1.0329044199526296
1.0329044199526296
1.0328543937068453
1.0319741394885955
1.0308931683531912
1.0308931683531912
1.0308931683531912
1.0308931683531912
1.0308931683531912
1.0306104269413146
1.0306104269413146
1.0308131333939428
1.0308131333939428
1.0335146144634377
1.0335146144634377
1.0335146144634377
1.0335502177219675
1.0335502177219675
1.0335502177219675
1.0321702652258686
1.0321702652258686
1.0321702652258686
1.0321702652258686
1.0321702652258686
1.0321702652258686
1.0321702652258686
1.0321702652258686
1.0321702652258686
1.0321702652258686
1.0320309774328797
1.0320309774328797
1.0320309774328797
1.0320309774328797
1.035265507895322
1.0348871533448996
1.0348871533448996
1.037627840248639
1.0355714386347856
1.0330526682520234
1.0330526682520234
1.0330526682520234
1.0330526682520234
1.0346803520178205
1.0346803520178205
1.0346803520178205
1.03640673312422
1.03640673312422
1.0367556531155164
1.0363360336584089
1.0363360336584089
1.0363360336584089
1.035093363480426
1.0348628490374912
1.0348628490374912
1.031654974556977
1.0313866553885536
1.0313866553885536
1.0330677977651075
1.036267093307011
1.0407002512032364
1.0420661345445141
1.0420661345445141
1.0391831088669725
1.0391831088669725
1.0395837888504973
1.0396874096573132
1.0345150966820402
1.0333643169505036
1.0321981283019601
1.0321981283019601
1.0315854570653624
1.031888421539171
1.031888421539171
1.0282094689123358
1.0282094689123358
1.0282094689123358
1.028472056235254
1.028472056235254
1.0286659568799679
1.0286659568799679
1.028821630063298
1.0303077670110952
1.0303077670110952
1.0303476501708266
1.0303476501708266
1.031650212384176
1.031650212384176
1.03087042399986
1.0313021582003654
1.0313021582003654
1.0313021582003654
1.0325293889981668
1.0332431590200966
1.03266842179001
1.0301373190115979
1.0283209834291616
1.0291470925316686
1.029480506251907
1.0302639485581442
1.0302639485581442
1.0294837712609872
1.0282823443613038
1.0282823443613038
1.0268228495172755
1.0268228495172755
1.0294733209192608
1.0294733209192608
1.0294733209192608
1.0296406237236806
1.0343348487264212
1.0319486619649563
1.0319486619649563
1.0307703520683567
1.0330883919108347
1.0335308681407112
1.035970549230499
1.034008843712899
1.034008843712899
1.034008843712899
1.0342062370721823
1.0342062370721823
1.0342062370721823
1.035521831279597
1.0377998214989916
1.0329578290156505
1.0340932577937514
1.0340932577937514
1.0340932577937514
1.0342292376740432
1.0341395616057931
1.0341395616057931
1.0341395616057931
1.0341395616057931
1.0341395616057931
1.0341395616057931
1.034912496698167
1.0332326650795751
1.0332326650795751
1.0332326650795751
1.0332326650795751
1.0332326650795751
1.0350833975166007
1.0350833975166007
1.0350833975166007
1.0350833975166007
1.0345517123622252
1.0328456947950773
1.0333377721231582
1.0333377721231582
1.0333377721231582
1.0333377721231582
1.0333377721231582
1.0326977870469936
1.0359082665034676
1.0341395665022153
1.0341395665022153
1.0320469931001641
1.0320469931001641
1.0320469931001641
1.034421436803549
1.034421436803549
1.0330402411418897
1.0330402411418897
1.0330402411418897
1.0362822472947057
1.0362822472947057
1.0362822472947057
1.0386386604483309
1.0407041821462004
1.0404192647638357
1.033052444773282
1.0398394790989103
1.0398394790989103
1.0365106978091958
1.035989851166067
1.034003272498025
1.034003272498025
1.0318742111294377
1.0322932835374892
1.0329827756363523
1.0307107185464075
1.0307107185464075
1.0284382920226067
1.0284382920226067
1.0306428787630744
1.0306428787630744
1.0306428787630744
1.036175565078512
1.036175565078512
1.036175565078512
1.0366736021525578
1.0380466891642475
1.0380466891642475
1.0380466891642475
1.0332527847776596
1.0324193771722152
1.0333755239828413
1.0333755239828413
1.0333755239828413
1.0333755239828413
1.0333755239828413
1.0333755239828413
1.0312869131057147
1.0312869131057147
1.0312869131057147
1.0329512143975046
1.0311238320754519
1.0311238320754519
1.0311238320754519
1.0311238320754519
1.0311238320754519
1.0311238320754519
1.033120465776904
1.033120465776904
1.033120465776904
1.0319945714039067
1.0291381727282105
1.0289339016071022
1.029031518434396
1.029031518434396
1.029031518434396
1.0328658246226536
1.0328658246226536
1.0328658246226536
1.0328658246226536
1.0328658246226536
1.0328658246226536
1.0358237597199933
1.0358237597199933
1.0358237597199933
1.0324816566652986
1.0324816566652986
1.0324816566652986
1.0324816566652986
1.0324816566652986
1.0313638086833006
1.0313638086833006
1.0313638086833006
1.0313638086833006
1.0299810073622782
1.0299810073622782
1.0289813609473835
1.0289813609473835
1.0289813609473835
1.0284599309785305
1.030287853514333
1.0322364719847323
1.0306789193140693
1.0292639989249701
1.0271974874533127
1.0271974874533127
1.0281684681701557
1.0281147607062526
1.0281147607062526
1.0281147607062526
1.0281147607062526
1.0281853888006862
1.0284096006848957
1.0284096006848957
1.0284096006848957
1.0284096006848957
1.0284096006848957
1.0284096006848957
1.0284096006848957
1.0284096006848957
1.028890708393501
1.032420930067632
1.032420930067632
1.032420930067632
1.032420930067632
1.0306484732445107
1.0306484732445107
1.0306484732445107
1.0296114359870623
1.0296114359870623
1.030094769121303
1.0280002946544113
1.0297792110228952
1.0297792110228952
1.0297792110228952
1.0293458983600856
1.0293458983600856
1.0298816528852655
1.033841452804828
1.0336098208463944
1.0336098208463944
1.0336098208463944
1.0371949651760182
1.0392303750522947
1.0407495110947138
1.0406858031736888
1.0406858031736888
1.0406858031736888
1.0387900105153967
1.0387900105153967
1.0387900105153967
1.0352046328556441
1.0327518474319837
1.0327518474319837
1.0327518474319837
1.0336114726763965
1.0336114726763965
1.0297724343734382
1.0297724343734382
1.0297724343734382
1.030649751232389
1.0302353809756286
1.0302353809756286
1.0302353809756286
1.0302353809756286
1.0302353809756286
1.0302353809756286
1.0302353809756286
1.0300977432058684
1.0300977432058684
1.0331400032952682
1.0331400032952682
1.0298576005321662
1.0288485942420107
1.0288485942420107
1.0288485942420107
1.0288485942420107
1.026025322675603
1.026025322675603
1.026025322675603
1.0260171013119428
1.0269867822761471
1.0265398580043223
1.0265398580043223
1.0265398580043223
1.0265398580043223
1.028384089107131
1.0280151999952274
1.0280151999952274
1.0301798394118737
1.028323805984704
1.0273844313262643
1.0269627356308293
1.028013829966164
1.028013829966164
1.0282627184233546
1.0282846164302257
1.0282846164302257
1.0282846164302257
1.0282846164302257
1.0288242239600849
1.0288242239600849
1.0269569741991902
1.0269569741991902
1.028290629741963
1.0314443988437685
1.0314443988437685
1.0314443988437685
1.0326331843569174
1.0334910437212446
1.0316714588119897
1.0316714588119897
1.0316714588119897
1.0322573561750963
1.0321875753799739
1.0321875753799739
1.0319150702048996
1.0319150702048996
1.0319150702048996
1.0282898177393545
1.0282898177393545
1.0282898177393545
1.0282898177393545
1.0282898177393545
1.0282898177393545
1.0268180387659576
1.0263383354963793
1.0263383354963793
1.0263383354963793
1.0263383354963793
1.0263383354963793
1.0227772281626806
1.0227772281626806
1.0227772281626806
1.0235022505995124
1.0235022505995124
1.0249064480307242
1.0249064480307242
1.0249064480307242
1.0253473776374573
1.0253473776374573
1.0253473776374573
1.0253473776374573
1.0253473776374573
1.028747885097061
1.0303931252089575
1.0311511373194528
1.0311511373194528
1.0311511373194528
1.0294478983266813
1.0265824480232877
1.0249242085612156
1.0271439081243618
1.0244804679793442
1.0244804679793442
1.0258717519664144
1.0258717519664144
1.0250876008406198
1.0251745522429654
1.02466463460929
1.02466463460929
1.02466463460929
1.02466463460929
1.02466463460929
1.02466463460929
1.0263527919988324
1.0247363479327436
1.022381947081673
1.0280620052606753
1.0280620052606753
1.0280620052606753
1.0259552466239392
1.0267398551528437
1.0267398551528437
1.0267398551528437
1.025455825576296
1.0276051571747347
1.03159691966664
1.0303531973672988
1.0303531973672988
1.0291257812048862
1.028380336002099
1.028380336002099
1.0308737788303075
1.0308737788303075
1.0308737788303075
1.0287025973665194
1.0223210451083402
1.0239548891591619
1.024859936812204
1.0204869793315803
1.022904179631766
1.022904179631766
1.022469659254427
1.022469659254427
1.022469659254427
1.0206465854976392
1.0206465854976392
1.0206465854976392
1.0206465854976392
1.0241350159894531
1.0241350159894531
1.0241350159894531
1.0249898114904783
1.0249898114904783
1.0249898114904783
1.0240001378773727
1.0240001378773727
1.0240001378773727
1.0240001378773727
1.0271881388526907
1.0271881388526907
1.027326370251189
1.030064079214415
1.0321064388186223
1.0321064388186223
1.0321064388186223
1.0321064388186223
1.0321064388186223
1.0312615275304222
1.03400522148347
1.0336497910702027
1.0366443683201974
1.0366443683201974
1.0366443683201974
1.0365020295009124
1.0348435147083495
1.0348435147083495
1.0329781503298072
1.0329781503298072
1.0338491909489589
1.033213321731452
1.0325167830409336
1.0331606625810428
1.0331606625810428
1.0344918572723023
1.0344918572723023
1.0344918572723023
1.0344918572723023
1.0344918572723023
1.0344918572723023
1.035910006091598
1.0394157837362308
1.0398196303488743
1.0354406094170001
1.0354406094170001
1.0329930337779987
1.0329930337779987
1.0329930337779987
1.0355712971876248
1.0355712971876248
1.0346751498785967
1.0346751498785967
1.0346751498785967
1.0346751498785967
1.0346751498785967
1.03584291575321
1.0359147868187875
1.0374061995191377
1.0380339315724967
1.0380339315724967
1.0380339315724967
1.0356426092607491
1.0356426092607491
1.0346310007189843
1.0338015548061732
1.0315272688799502
1.0331571358312337
1.0331571358312337
1.0331571358312337
1.0381424130825203
1.035279345038802
1.035279345038802
1.035279345038802
1.031867202812761
1.031759926840965
1.0339934797596784
1.0339934797596784
1.0339934797596784
1.0339934797596784
1.0339934797596784
1.0290449594489361
1.0290449594489361
1.0317311706923187
1.0317311706923187
1.0317311706923187
1.0317311706923187
1.0317311706923187
1.0317311706923187
1.0317311706923187
1.0329350624111266
1.0329350624111266
1.0315077698707587
1.034069667569061
1.034069667569061
1.0338974680586248
1.0356077511020256
1.0341529584209825
1.0341529584209825
1.0351234245865661
1.0342981776454683
1.0342981776454683
1.0342981776454683
1.0342981776454683
1.0342981776454683
1.0352487774561616
1.0352487774561616
1.039095515794682
1.039095515794682
1.039095515794682
1.037138840810287
1.0363113203561904
1.0363113203561904
1.0363113203561904
1.0363113203561904
1.031952574491545
1.031952574491545
1.0311965889053198
1.029876674626876
1.0297902443206264
1.0275730604691293
1.0275730604691293
1.0278632761895798
1.0307031687475348
1.0307031687475348
1.0307031687475348
1.0307031687475348
1.0307031687475348
1.0298587041302276
1.0329916758973658
1.0329916758973658
1.0329916758973658
1.0329916758973658
1.0329916758973658
1.0343601667569124
1.034848166537646
1.034848166537646
1.034848166537646
1.034848166537646
1.034848166537646
1.0337267412261293
1.0284178944544173
1.0283176050744622
1.0311374600319383
1.0311374600319383
1.0311374600319383
1.0311374600319383
1.0333348234587205
1.0333348234587205
1.0332107332701395
1.0332107332701395
1.0324130513626932
1.0338080155977052
1.0360615792294956
1.0360615792294956
1.0360615792294956
1.0371793973442367
1.0371793973442367
1.0368161273985221
1.037200528492949
1.0351619533486072
1.0351619533486072
1.0317680579151336
1.0317680579151336
1.0344865867107806
1.0369955531685624
1.0369955531685624
1.0377067237476634
1.0384128009349896
1.03974458157717
1.03974458157717
1.0404374395610243
1.0403332867033428
1.0403332867033428
1.0363846460516442
1.0348852711387069
1.0348852711387069
1.0350597716805696
1.0382871129143363
1.0381537353671688
1.0381537353671688
1.037827453857749
1.037827453857749
1.0416780625101494
1.0412617191621694
1.0412617191621694
1.0399917665834433
1.0399917665834433
1.0399917665834433
1.0379811527686982
1.0379811527686982
1.0398982775020618
1.0398982775020618
1.0398982775020618
1.0398982775020618
1.03857320997885
1.03857320997885
1.03857320997885
1.042093715696231
1.0429594847439345
1.0416197984168405
1.0416197984168405
1.0369382093932802
1.034946563627796
1.034946563627796
1.034946563627796
1.0369628293553659
1.0344051699113133
1.0344051699113133
1.0344051699113133
1.0344051699113133
1.0344051699113133
1.038675432195194
1.038675432195194
1.038675432195194
1.038675432195194
1.0387094373090349
1.0375732229030443
1.0375732229030443
1.0381734670610383
1.0381734670610383
1.036455416703395
1.036455416703395
1.0311333327790653
1.0274357909035348
1.0280756537978566
1.0280756537978566
1.0280756537978566
1.0280756537978566
1.0280756537978566
1.0282413004964877
1.0283302665653058
1.0303590568917218
1.030093312195506
1.030093312195506
1.030093312195506
1.0303775344588122
1.0303775344588122
1.0310696164291207
1.0310696164291207
1.0278881045109338
1.0244064485426743
1.0244064485426743
1.0244064485426743
1.0244064485426743
1.0244064485426743
1.0244064485426743
1.0301772698649225
1.0301772698649225
1.0350440087512738
1.0350440087512738
1.0337047297979205
1.0337047297979205
1.0334317626482945
1.0334317626482945
1.0334317626482945
1.033115592616123
1.033115592616123
1.033115592616123
1.033115592616123
1.0321050729144257
1.0288859130581482
1.0288859130581482
1.0335280752450124
1.0335280752450124
1.0335280752450124
1.0335280752450124
1.0326185923348947
1.0326185923348947
1.0326185923348947
1.02943756702446
1.0267205653046485
1.0267205653046485
1.0267205653046485
1.0267205653046485
1.0267205653046485
1.0279040145685796
1.0279040145685796
1.0279040145685796
1.029351113126719
1.029351113126719
1.0295716307184508
1.0295716307184508
1.0295716307184508
1.0270407081923785
1.0273181856691902
1.030475527979481
1.030475527979481
1.030475527979481
1.0321920536447278
1.0321920536447278
1.0321920536447278
1.0321920536447278
1.0321920536447278
1.0339553894823443
1.0336799817365003
1.0336799817365003
1.0336799817365003
1.0314613567918767
1.0314613567918767
1.0314613567918767
1.0314613567918767
1.0314613567918767
1.0314613567918767
1.0314613567918767
1.032848551086909
1.0349462038625425
1.0328833676308276
1.0328833676308276
1.0328833676308276
1.0328833676308276
1.0374140908347018
1.0353509273299686
1.0353509273299686
1.031977529044857
1.031977529044857
1.031977529044857
1.031425514008983
1.0346533500483313
1.0355216760721613
1.0355216760721613
1.0353231439918493
1.0322903217484822
1.031382801514854
1.030510240494904
1.030510240494904
1.030510240494904
1.030510240494904
1.0278132078941697
1.0278132078941697
1.028981062802638
1.028981062802638
1.0280118809688081
1.0282081157470742
1.029743191962983
1.029743191962983
1.0312223621770586
1.0312223621770586
1.0312223621770586
1.032376374351968
1.032376374351968
1.032376374351968
1.032376374351968
1.032376374351968
1.032376374351968
1.032376374351968
1.032376374351968
1.0339338932229731
1.0339338932229731
1.0333752799945333
1.0300289081021738
1.0300289081021738
1.0340107576439643
1.0340421825615758
1.0340421825615758
1.0340421825615758
1.0340421825615758
1.0293184298864901
1.0293184298864901
1.0293184298864901
1.0293184298864901
1.0265514771373052
1.0265514771373052
1.0265514771373052
1.0242454283619173
1.0278179277786221
1.024853596358114
1.0313635197186115
1.0334528195343984
1.0334528195343984
1.0280011226855579
1.0280011226855579
1.028005558521819
1.028005558521819
1.028005558521819
1.0342371511503636
1.0342371511503636
1.0321690850172451
1.032750396590714
1.032750396590714
1.032750396590714
1.032750396590714
1.032750396590714
1.032750396590714
1.029661474430313
1.0295448339071422
1.0303659641973453
1.0303659641973453
1.0303659641973453
1.028549818377631
1.029086671877757
1.029086671877757
1.030766401053161
1.0305616442841332
1.0305616442841332
1.0305616442841332
1.0305616442841332
1.0315790554224404
1.0315790554224404
1.0315790554224404
1.0298750938329746
1.0298750938329746
1.0325445757359475
1.0331805864750865
1.0331805864750865
1.0339035698212633
1.0339035698212633
1.0339035698212633
1.0341923490311618
1.0341923490311618
1.0341923490311618
1.0342756198329432
1.0357821340480076
1.0357821340480076
1.0357821340480076
1.0357821340480076
1.0357821340480076
1.0357821340480076
1.0357821340480076
1.0357821340480076
1.0357821340480076
1.0367685164016827
1.0367685164016827
1.0367685164016827
1.0367685164016827
1.0367685164016827
1.0367685164016827
1.0375673648833093
1.0398532518054626
1.0398532518054626
1.0398532518054626
1.0376883253933216
1.0376883253933216
1.0399149516493285
1.0399149516493285
1.0366353628686547
1.0385669447897452
1.0385669447897452
1.0385669447897452
1.0385669447897452
1.0394595797774642
1.032994132925758
1.032994132925758
1.0346964833427292
1.030142271292335
1.031988003937231
1.03232211627817
1.0285546951191957
1.0302742623758434
1.0315330410018928
1.0314432494471228
1.0346191264000353
1.0320805040757948
1.0320805040757948
1.0326668416544387
1.0335292655974715
1.0337569845590142
1.0366675731472386
1.0298261775188229
1.0298261775188229
1.0298261775188229
1.0319662880798974
1.0319662880798974
1.0323404054915555
1.0323404054915555
1.0323404054915555
1.0328245540197243
1.0328245540197243
1.0328245540197243
1.0352559834583899
1.0377625491872802
1.0377625491872802
1.0377625491872802
1.0342757206896198
1.0342757206896198
1.0335045113402213
1.0335045113402213
1.0335045113402213
1.0335045113402213
1.0348655666660749
1.0348655666660749
1.0348655666660749
1.0348655666660749
1.0348655666660749
1.032935687361191
1.032935687361191
1.032935687361191
1.0338225041222504
1.032926724795248
1.0375190454809717
1.0361032846337834
1.032972066576743
1.0316798349563452
1.0316798349563452
1.0316798349563452
1.0316798349563452
1.0305891416340316
1.0305891416340316
1.0305891416340316
1.0305891416340316
1.0316006917677112
1.0334833076307117
1.0324519421042053
1.031577814348349
1.031577814348349
1.032972819220923
1.034046778865916
1.034046778865916
1.034046778865916
1.034046778865916
1.0356758286110268
1.0356758286110268
1.032519698379567
1.0326349048805148
1.0326349048805148
1.0342479071025634
1.0360148757575955
1.035206803297344
1.0356163486858467
1.0343150479194945
1.0343150479194945
1.0343150479194945
1.0339163033748118
1.0343765901480757
1.0343765901480757
1.0343765901480757
1.0343765901480757
1.0319996690530733
1.0331944309966412
1.0325025024888392
1.0325025024888392
1.0327067636448997
1.0327067636448997
1.0327067636448997
1.0333498848771554
1.0333498848771554
1.034989880398035
1.0339767977251186
1.0339767977251186
1.0363076164745975
1.0363076164745975
1.0363076164745975
1.0363076164745975
1.0353842816258043
1.03182892015142
1.03182892015142
1.03182892015142
1.0308950146149656
1.0290421851021225
1.0290421851021225
1.0290421851021225
1.0290421851021225
1.0290421851021225
1.0287500162254595
1.0278949635869392
1.0278949635869392
1.0293193797706253
1.029851918021445
1.0348454688528834
1.0348454688528834
1.0364027167428282
1.0362213017140858
1.030455397642014
1.0299584487200286
1.0299584487200286
1.0299584487200286
1.0324886950464889
1.0331310813380485
1.0331310813380485
1.0331310813380485
1.0331310813380485
1.0302982428288168
1.0272043850790753
1.0255851744062392
1.0314560368251713
1.0314560368251713
1.0314560368251713
1.034756240520606
1.034756240520606
1.034756240520606
1.034756240520606
1.034756240520606
1.0375631270795231
1.037063844301585
1.037063844301585
1.037063844301585
1.037063844301585
1.037063844301585
1.037063844301585
1.037063844301585
1.037063844301585
1.0406503482538776
1.0412858859034704
1.0406904845150466
1.0406904845150466
1.0406904845150466
1.0406904845150466
1.0442957118719565
1.0405213442408339
1.0405213442408339
1.0405213442408339
1.0405213442408339
1.0408270751829425
1.0408270751829425
1.0379233362153915
1.0381801227650103
1.0348774928476911
1.0348774928476911
1.0328594522719945
1.0328594522719945
1.0328594522719945
1.037469962652571
1.037469962652571
1.037469962652571
1.0376299088421383
1.0360107231058442
1.0360107231058442
1.0358285777450338
1.0358285777450338
1.0325805333819909
1.0323775107303292
1.0295830575545708
1.0322712452475016
1.0322712452475016
1.0320658592826355
1.0320658592826355
1.0320658592826355
1.0320658592826355
1.0301326036082241
1.0301326036082241
1.0301326036082241
1.0287700006434584
1.0287700006434584
1.0287700006434584
1.0287700006434584
1.027553936039614
1.0277909230094597
1.0277909230094597
1.0284260396406573
1.0339830547658275
1.0339830547658275
1.0339830547658275
1.0330235858716634
1.0336444773110565
1.034382319772141
1.034382319772141
1.0351726301708881
1.0351726301708881
1.0351726301708881
1.0351726301708881
1.0381506979884565
1.036611080169987
1.036611080169987
1.0360913231857964
1.0339295969974325
1.0339295969974325
1.0324783923185177
1.0332669069031204
1.0343300758233163
1.0391282555404038
1.0391981183601593
1.0391981183601593
1.0369703235018606
1.0387097727636578
1.0375474329055243
1.0404354177607649
1.0404354177607649
1.0404354177607649
1.0369160015222207
1.0369160015222207
1.0369160015222207
1.0369160015222207
1.040785977411484
1.040785977411484
1.041577627396312
1.0394142880742288
1.037895383620201
1.037895383620201
1.035750756804369
1.0389013934011289
1.0346695895128502
1.0346695895128502
1.0346695895128502
1.0346695895128502
1.0346695895128502
1.029999988292821
1.029999988292821
1.029999988292821
1.0288849843359749
1.0302560451910798
1.0302560451910798
1.0302560451910798
1.0302560451910798
1.0302560451910798
1.0295093403465847
1.0304512373318087
1.0332900935992322
1.028259672496644
1.0263412425465053
1.0263412425465053
1.0263412425465053
1.0263412425465053
1.0263412425465053
1.0267945351971992
1.0267945351971992
1.0267945351971992
1.0307601388300363
1.0312266125120892
1.0312266125120892
1.0312266125120892
1.0266746898894652
1.0266746898894652
1.0266746898894652
1.0266746898894652
1.0275416623959501
1.0275416623959501
1.034131614542602
1.0341502382639747
1.0338753730077996
1.0338753730077996
1.0338753730077996
1.0338504691665862
1.0280395564404776
1.0275479139739367
1.0285266576198417
1.0285266576198417
1.028950532958865
1.028950532958865
1.028950532958865
1.028950532958865
1.028879571377697
1.0292571625999993
1.031041095623004
1.0279283614411976
1.0287679824819624
1.032097924764521
1.032097924764521
1.031111028951397
1.031111028951397
1.0291362668353699
1.0291362668353699
1.0289301016827386
1.0236331021558627
1.0234626761819485
1.0241261182331647
1.0300938236061425
1.0345584064308802
1.0349136909589598
1.0362412676921784
1.0358289113080636
1.0358289113080636
1.037155112608453
1.0373545198702567
1.0358621318199184
1.0358621318199184
1.0358621318199184
1.0358621318199184
1.0342696762817878
1.0342696762817878
1.0342696762817878
1.0342696762817878
1.0342696762817878
1.0328710506611092
1.0328710506611092
1.0328710506611092
1.0326515284104585
1.033601581683545
1.033718901085813
1.036433082842246
1.0334212642502825
1.0334212642502825
1.0338243041061357
1.033344585399313
1.033344585399313
1.033344585399313
1.0317940227909483
1.0317940227909483
1.0317940227909483
1.03524250793742
1.03524250793742
1.03524250793742
1.03524250793742
1.03524250793742
1.03524250793742
1.03524250793742
1.03524250793742
1.03524250793742
1.0351748747818748
1.0351748747818748
1.0351748747818748
1.0351748747818748
1.0351748747818748
1.0343637816901625
1.0343637816901625
1.0341322415731158
1.0372025054993275
1.0372025054993275
1.0372025054993275
1.0372025054993275
1.0379465675941846
1.0360411183875717
1.0360411183875717
1.0360411183875717
1.0359218577810088
1.0377628444186278
1.0348196871649833
1.0368098966824923
1.0347872528009554
1.0347872528009554
1.0332511682702548
1.0298688961726679
1.0335344564621396
1.0335344564621396
1.0335344564621396
1.0335344564621396
1.034855415610885
1.036135105847307
1.0344398503648864
1.0356197399682492
1.0356197399682492
1.0362182533257447
1.0337064987917872
1.0337064987917872
1.0337064987917872
1.0337064987917872
1.0307288659724185
1.0368839259320346
1.0393007800768779
1.039763939816469
1.038603993535407
1.038603993535407
1.038603993535407
1.0377053130571523
1.0394655711625673
1.035942807347916
1.035942807347916
1.0354625243949096
1.034185857659689
1.0340004476618885
1.038398944050898
1.0368690929543258
1.0368690929543258
1.0349358139178557
1.0349358139178557
1.0349358139178557
1.0349358139178557
1.0349358139178557
1.0344316805650604
1.0344316805650604
1.0344316805650604
1.0327587152399953
1.0333366993831496
1.0333366993831496
1.033601151883948
1.033601151883948
1.033601151883948
1.0334314359819121
1.0334314359819121
1.0334314359819121
1.0334314359819121
1.0334314359819121
1.0320076643703242
1.0320076643703242
1.0298873739967362
1.0303030516156078
1.0308797301916208
1.0308797301916208
1.0324959106097717
1.0324959106097717
1.030617522885586
1.030617522885586
1.030617522885586
1.030617522885586
1.0290026365137195
1.0290026365137195
1.0351869744094215
1.0338007470938884
1.033549297985746
1.033549297985746
1.033549297985746
1.0335509862075638
1.0360609003895547
1.0360609003895547
1.0360609003895547
1.0360609003895547
1.0360609003895547
1.0363915188620265
1.0360964815537277
1.0360964815537277
1.0355498535871794
1.0355498535871794
1.0347336811370673
1.0355890897684539
1.0355890897684539
1.0355890897684539
1.0364618312665825
1.041646194953388
1.036176001961616
1.036176001961616
1.036176001961616
1.036176001961616
1.030888234492084
1.030888234492084
1.02685060347845
1.02688049920861
1.03244922340842
1.03244922340842
1.0294409619143954
1.0294409619143954
1.0294409619143954
1.0294409619143954
1.0294409619143954
1.0294409619143954
1.0257278649237844
1.0311623840933588
1.0298486385471957
1.0298486385471957
1.0298486385471957
1.0287115609430144
1.0287115609430144
1.0287115609430144
1.0287115609430144
1.0288784300270841
1.0288784300270841
1.0288784300270841
1.0288784300270841
1.0297812315175279
1.0297812315175279
1.0297812315175279
1.0297812315175279
1.0330658172755023
1.0310014233709015
1.0310014233709015
1.0310014233709015
1.0342421673394837
1.0318469008732116
1.0309845036025331
1.0347064510227695
1.0347064510227695
1.0347064510227695
1.0347064510227695
1.0336378637400405
1.0322675077478
1.0324202207267683
1.0362072326265697
1.0351850633450952
1.0351850633450952
1.0351850633450952
1.0351850633450952
1.0362929106748804
1.0364845843426764
1.0326286642395626
1.0326609761973224
1.0305593376818691
1.0330091760424414
1.0328950510177684
1.0328950510177684
1.0328950510177684
1.0328950510177684
1.0328950510177684
1.0328950510177684
1.0328950510177684
1.0328950510177684
1.0328950510177684
1.0307757590751612
1.0257806343271154
1.0249614547266106
1.0255641659862136
1.0269818635870938
1.0269818635870938
1.0269818635870938
1.0269818635870938
1.029361815180129
1.029361815180129
1.029361815180129
1.029804256892104
1.0317073002632529
1.0317073002632529
1.0317073002632529
1.02993338839864
1.02993338839864
1.02993338839864
1.02993338839864
1.02993338839864
1.028427991583753
1.028427991583753
1.0264023479866717
1.025472005186022
1.025472005186022
1.0257168013677902
1.0253037774513452
1.027825872475524
1.0288179890953748
1.0288179890953748
1.027638011480711
1.02728998588491
1.02728998588491
1.028075816634887
1.0287661495550162
1.0287661495550162
1.028952679479396
1.030756827238353
1.030756827238353
1.0315755936702176
1.0315755936702176
1.0315755936702176
1.0315755936702176
1.0315755936702176
1.0315755936702176
1.0315755936702176
1.032474969872286
1.0324316652220515
1.0304516065440752
1.0304516065440752
1.0304516065440752
1.0304516065440752
1.0304516065440752
1.0304516065440752
1.0304516065440752
1.0303711457188873
1.030314726428906
1.030314726428906
1.0305617637779212
1.0287090163564974
1.027713138490097
1.027713138490097
1.0311551838509487
1.0294659737906235
1.0294659737906235
1.0282808250629083
1.0262748109774973
1.0262748109774973
1.0262748109774973
1.0262748109774973
1.025161687295791
1.025161687295791
1.025161687295791
1.025161687295791
1.025161687295791
1.0288873451958789
1.0285998357659392
1.0285998357659392
1.0285998357659392
1.0337827962719481
1.0337827962719481
1.0339795194352868
1.0339795194352868
1.0339795194352868
1.0339795194352868
1.0339795194352868
1.0339795194352868
1.0339795194352868
1.0339795194352868
1.0311707087461188
1.0279705935194328
1.0279705935194328
1.0270726101762289
1.0273772540076318
1.028876079847631
1.028876079847631
1.028876079847631
1.0352708652034472
1.0352708652034472
1.035168409426077
1.035168409426077
1.0325330876480072
1.0317295667773618
1.0317295667773618
1.0317295667773618
1.0317295667773618
1.0326911119901125
1.0329942452688528
1.0349302434526877
1.0327595927229005
1.0309373059619282
1.0333367062188499
1.0333367062188499
1.0333367062188499
1.0327054873304276
1.0327054873304276
1.0357721422366946
1.0328662569155787
1.0316363743667598
1.0322329080953725
1.0322329080953725
1.0322329080953725
1.0322329080953725
1.0317014839550287
1.0317014839550287
1.0317014839550287
1.0344340444503755
1.0344340444503755
1.0344340444503755
1.0344340444503755
1.0344340444503755
1.0344340444503755
1.0344340444503755
1.034471398863034
1.0353455741756696
1.0353455741756696
1.03488466814173
1.0368239373111454
1.0368239373111454
1.037642410226827
1.037642410226827
1.032682758544766
1.0328063491096302
1.0328063491096302
1.0328063491096302
1.0328063491096302
1.0328063491096302
1.0328063491096302
1.0328063491096302
1.0336834816096985
1.031882219600623
1.0331837282679595
1.0331837282679595
1.0346249859889534
1.0335402147248225
1.0366817076859585
1.0366817076859585
1.0382379232358612
1.0382379232358612
1.0382379232358612
1.0398641925588388
1.041049097267011
1.0399190474740896
1.0398331748560727
1.0398331748560727
1.0398331748560727
1.0398331748560727
1.0331512458212375
1.0346579983865642
1.0316644303493994
1.0319963831983667
1.0355852858294465
1.0343850999055126
1.0334922745169846
1.0334922745169846
1.0334922745169846
1.0334922745169846
1.0315764720958256
1.0312575733013072
1.0312575733013072
1.0312575733013072
1.0312575733013072
1.0312575733013072
1.0341475343173476
1.0332956156448097
1.0332956156448097
1.0332956156448097
1.030924929751842
1.0286915387535511
1.0286915387535511
1.0336037115627692
1.0336037115627692
1.0347783622763274
1.0355727842905669
1.033813560934653
1.032999182209718
1.0352669271522705
1.0364118716144897
1.0364118716144897
1.0364118716144897
1.0331679672273741
1.0340311970694527
1.0321495617027323
1.0321495617027323
1.0321495617027323
1.0321495617027323
1.0311190393344796
1.031077448827234
1.0343557369148424
1.0354223813401744
1.0383959139749643
1.0383959139749643
1.0386728231833602
1.0362821519950673
1.035607271763179
1.035607271763179
1.035607271763179
1.0375403399325744
1.0383172529095765
1.0383172529095765
1.0383172529095765
1.0361382515130373
1.0382958294949716
1.0382958294949716
1.0382958294949716
1.0400976807711733
1.0426142364812583
1.0380168190270782
1.0414527435611292
1.0419647523595814
1.04192040625668
1.0426001413167894
1.0416291243203313
1.03927053233113
1.03927053233113
1.03927053233113
1.03927053233113
1.0333688978934803
1.033214409834121
1.035637382478113
1.0362994817161066
1.0362994817161066
1.0355356176021577
1.037941936715654
1.037941936715654
1.037941936715654
1.037941936715654
1.037941936715654
1.037941936715654
1.0351685640990211
1.0351685640990211
1.0351685640990211
1.033821588637295
1.0315247766989268
1.0315247766989268
1.031523892315425
1.031523892315425
1.031523892315425
1.031523892315425
1.031523892315425
1.0290525125147476
1.0310582536117623
1.0314061349265244
1.0314061349265244
1.0314061349265244
1.0314061349265244
1.0314061349265244
1.032396067077535
1.032396067077535
1.0321029928989272
1.0321029928989272
1.0267434034840974
1.023540366544853
1.0244501932624694
1.0244501932624694
1.0244501932624694
1.0244501932624694
1.0249437307753202
1.0249437307753202
1.0250435923903736
1.024721435370862
1.024721435370862
1.0203740011784628
1.0215011227768418
1.021810218809786
1.0237437035073818
1.024171995533947
1.0270348462686596
1.0261962337911184
1.0261962337911184
1.0275115629234737
1.0275115629234737
1.0291780498809706
1.0295847644618048
1.0295847644618048
1.0264639451149637
1.0264639451149637
1.0264639451149637
1.0264639451149637
1.0264639451149637
1.0264639451149637
1.0272806727810726
1.0301088895995218
1.0288948293349818
1.0285072826770925
1.0285072826770925
1.0264882482158522
1.0264882482158522
1.0264882482158522
1.0253225058552686
1.028122003697644
1.028122003697644
1.0300914014890783
1.0300914014890783
1.0257108624173292
1.0257108624173292
1.0291672547631732
1.024984549457443
1.024984549457443
1.024984549457443
1.024984549457443
1.024984549457443
1.024984549457443
1.0258069716391212
1.0258069716391212
1.0258602930772434
1.0261720437239226
1.0261720437239226
1.0261720437239226
1.0261720437239226
1.0261720437239226
1.027606274354952
1.0251987963048974
1.025299019706543
1.0298452428991138
1.0298452428991138
1.0298452428991138
1.029084504847248
1.0278368424575015
1.0278368424575015
1.0278368424575015
1.0278368424575015
1.0278368424575015
1.0281592845268517
1.0279514472537283
1.025265459308909
1.0273921869807496
1.0273921869807496
1.0243927149825878
1.0243927149825878
1.0243927149825878
1.0243221961334592
1.0243221961334592
1.0243221961334592
1.0245017371682812
1.0245017371682812
1.0245017371682812
1.0245017371682812
1.0269252528828166
1.026204659956626
1.0247625784193943
1.0247625784193943
1.023877842096081
1.023877842096081
1.0261023918085768
1.0261023918085768
1.0292016788761789
1.0292016788761789
1.0292016788761789
1.028390963524697
1.0324118437826708
1.0324118437826708
1.0324118437826708
1.0324118437826708
1.0299605680478463
1.030208189251547
1.0296626792628827
1.0296626792628827
1.0296626792628827
1.0296626792628827
1.030758289712792
1.030758289712792
1.030758289712792
1.030758289712792
1.0329056853152965
1.0328875051997206
1.0338960202910898
1.0333181024469924
1.0330074720327962
1.0319810113945416
1.0304987411906117
1.0304987411906117
1.0304987411906117
1.0310481254612225
1.0310481254612225
1.031122689338577
1.031122689338577
1.031122689338577
1.031122689338577
1.031122689338577
1.0309788665944073
1.0309788665944073
1.0309788665944073
1.0318061503324572
1.0299202085899795
1.0299202085899795
1.0335618200500107
1.0335691148367525
1.0335691148367525
1.0356307835241507
1.030478253438933
1.0260403140292353
1.0260403140292353
1.0225520559453656
1.0256431213669754
1.0256348365166692
1.0256348365166692
1.0243355465695112
1.0243355465695112
1.030179860950839
1.0278638131107627
1.0278638131107627
1.0278638131107627
1.0278638131107627
1.0271247907760515
1.0271247907760515
1.0271247907760515
1.0300217888596455
1.0300217888596455
1.0314630559330074
1.028023886946143
1.032795381996472
1.0265718758494633
1.0278016741624716
1.0278016741624716
1.0278016741624716
1.0322004438915542
1.0323669458464275
1.0330612988729673
1.0330612988729673
1.0305018997295299
1.0305018997295299
1.0306520350299158
1.0306520350299158
1.0274374646739233
1.0275412895394158
1.0279234293585258
1.0343978766668405
1.0343978766668405
1.0351532436238309
1.0367684338237306
1.0367684338237306
1.0340898826902383
1.035487319002935
1.035487319002935
1.035487319002935
1.035487319002935
1.0325007862758393
1.032714725390035
1.03243064915778
1.0348664520276871
1.0348664520276871
1.0344694938346175
1.0314290662580459
1.031063126209002
1.031063126209002
1.031063126209002
1.0319012388374336
1.03038785787428
1.0328535358735476
1.0328535358735476
1.0328535358735476
1.0328535358735476
1.0301033331541278
1.0301033331541278
1.0301033331541278
1.031641052836409
1.0325696117588246
1.0325696117588246
1.0335082865561358
1.0329138378203422
1.0353784842514777
1.0352835163313683
1.0352835163313683
1.0352835163313683
1.032042324145574
1.03457888379507
1.03457888379507
1.0330663093763106
1.033403637257799
1.033403637257799
1.0310967939385756
1.0339475855360885
1.0339475855360885
1.034519603240362
1.0319328263574603
1.035133763183048
1.035133763183048
1.035133763183048
1.035133763183048
1.035133763183048
1.035133763183048
1.035133763183048
1.035133763183048
1.035133763183048
1.035133763183048
1.035133763183048
1.035133763183048
1.0368716403426912
1.0368716403426912
1.0368716403426912
1.0368716403426912
1.039107098459843
1.039107098459843
1.0385248699624008
1.0386600863791888
1.0348071728668071
1.0348071728668071
1.0370476648274687
1.0375243543803225
1.0375243543803225
1.0389437105952015
1.0399134338224303
1.0399134338224303
1.0368673435057167
1.0368673435057167
1.0387850448018432
1.0387850448018432
1.036370858930928
1.037039137330385
1.0412096034735567
1.0344962614299547
1.031417523162398
1.0345267586853653
1.0356995849567354
1.0356995849567354
1.0356995849567354
1.0365246329064663
1.0365246329064663
1.0374628080254709
1.0368020226762844
1.0368020226762844
1.0368020226762844
1.0341433963746178
1.0341433963746178
1.0386317892240584
1.0386317892240584
1.0386317892240584
1.0374328494454008
1.0339377306687518
1.0339377306687518
1.0339377306687518
1.034223883627476
1.0349335277819534
1.0346643932614767
1.0332410486369925
1.0332410486369925
1.0332410486369925
1.0320622867934977
1.0310064977894808
1.0267501555798126
1.0267501555798126
1.0268716094096155
1.0268716094096155
1.030386742005143
1.0303208960135943
1.028935476711338
1.028935476711338
1.028935476711338
1.031500267450425
1.0309864780471307
1.0309864780471307
1.0309864780471307
1.0309864780471307
1.0309864780471307
1.0299083784421288
1.0299358648315813
1.0300542316007786
1.0314079384676262
1.0335239407064842
1.0335239407064842
1.0335239407064842
1.0335239407064842
1.0330501370011276
1.0345309486308092
1.0335068785981856
1.0335068785981856
1.0335068785981856
1.0347842503309588
1.0325379368873049
1.030715284850285
1.030715284850285
1.0322127026956491
1.036713187201953
1.0359193426270337
1.038093291858828
1.0357635141765222
1.038881217988229
1.0417071538125844
1.0379835990764774
1.0379835990764774
1.0379835990764774
1.0379835990764774
1.0379835990764774
1.0376435523485812
1.036463107112057
1.036463107112057
1.03307400765104
1.03307400765104
1.0319790295019995
1.0314132855940827
1.0314132855940827
1.0314132855940827
1.0314132855940827
1.0352843905738047
1.033720077377554
1.0384292090449272
1.0350815283696744
1.0350815283696744
1.0350815283696744
1.033039568906306
1.033039568906306
1.033039568906306
1.033039568906306
1.033039568906306
1.0318620122931883
1.0318620122931883
1.0335027244423922
1.0363389516928299
1.0362223735062313
1.0377544349614205
1.0377544349614205
1.0372483485210477
1.031841181261148
1.0342068998711094
1.0339797150420362
1.0339797150420362
1.0339797150420362
1.0339797150420362
1.03284183004096
1.0332112370779836
1.034440388026515
1.035398902663379
1.035398902663379
1.027751709495162
1.027751709495162
1.0302753907955389
1.0302753907955389
1.0328359469286288
1.0328359469286288
1.0328359469286288
1.0328359469286288
1.0328359469286288
1.0328359469286288
1.0328359469286288
1.0328359469286288
1.0328359469286288
1.0328359469286288
1.0328359469286288
1.0298723483623784
1.030924289842458
1.0290923925053084
1.0302401293700933
1.0302401293700933
1.0325489356416075
1.0325489356416075
1.0325489356416075
1.0325489356416075
1.0362659487840011
1.0362659487840011
1.030946334190505
1.030946334190505
1.030946334190505
1.0324625903636504
1.0324625903636504
1.0324625903636504
1.0325974349664737
1.0325974349664737
1.0325974349664737
1.0325974349664737
1.0325974349664737
1.0325974349664737
1.036446616653397
1.036811812745451
1.036811812745451
1.036811812745451
1.036811812745451
1.036811812745451
1.0408990667700502
1.0386205549898024
1.0373518163277067
1.0383118156730697
1.0367267717214295
1.0367267717214295
1.0367267717214295
1.037786902741103
1.037786902741103
1.038377746528277
1.038377746528277
1.038377746528277
1.0389727367143342
1.0389727367143342
1.0384426634548123
1.0384426634548123
1.0384426634548123
1.0383475995206726
1.040010407270109
1.040010407270109
1.0373757632182048
1.0373757632182048
1.0356963252643605
1.0356963252643605
1.0356963252643605
1.0356963252643605
1.0356963252643605
1.0318718794969837
1.033994130768897
1.033994130768897
1.0333425914437193
1.0397334292910754
1.0364524913840583
1.0364524913840583
1.0364524913840583
1.034684930411596
1.034684930411596
1.0350691976471287
1.0350691976471287
1.0350691976471287
1.0337288268440772
1.0363265505033838
1.0391103076870785
1.0391103076870785
1.0391103076870785
1.0357044863762541
1.0357044863762541
1.0301473043268055
1.029310057855009
1.0299568357171829
1.0299568357171829
1.0351909635605154
1.0351909635605154
1.0351909635605154
1.0372202126647867
1.0372202126647867
1.0372202126647867
1.034059603720133
1.034059603720133
1.0345313542073908
1.0345313542073908
1.0345313542073908
1.0345313542073908
1.0345313542073908
1.0363592818218563
1.0335198704729134
1.0322177124289809
1.0322177124289809
1.0322177124289809
1.0339895471410847
1.0339895471410847
1.0339895471410847
1.0326840458277227
1.0326840458277227
1.0326840458277227
1.0326840458277227
1.0334635088960475
1.0334635088960475
1.0334635088960475
1.0334635088960475
1.0334635088960475
1.0334635088960475
1.0302296837924005
1.0302296837924005
1.0302296837924005
1.0362974703811225
1.0362974703811225
1.0348825419224739
1.0348825419224739
1.036436948455563
1.036436948455563
1.0320844131776956
1.0315115697045243
1.0328536573270817
1.0328536573270817
1.0305599981612306
1.033567053399976
1.0327417266028873
1.0327417266028873
1.0327417266028873
1.0327417266028873
1.0367780638210058
1.0412449138710484
1.0380502566356802
1.0380502566356802
1.0348134919660135
1.0363831730910382
1.0380378012448341
1.0380378012448341
1.0380378012448341
1.039483710213523
1.039483710213523
1.039483710213523
1.0380122887371142
1.0380122887371142
1.0359663424308392
1.0359663424308392
1.0359663424308392
1.0359663424308392
1.0341743329860476
1.0379142866622648
1.0384962345387785
1.0384962345387785
1.039090549961081
1.039090549961081
1.0378797027583568
1.0381081373388539
1.0323459885509167
1.0323459885509167
1.0323459885509167
1.032132426700408
1.0328910199436352
1.0328910199436352
1.0340967709353486
1.0340967709353486
1.0340967709353486
1.0346359417942799
1.0346359417942799
1.0346359417942799
1.0346359417942799
1.0346359417942799
1.0346359417942799
1.0346359417942799
1.0349424210379208
1.0349424210379208
1.0337978520276794
1.0337978520276794
1.0337978520276794
1.0337978520276794
1.0337978520276794
1.0337978520276794
1.0337978520276794
1.0337978520276794
1.0337978520276794
1.0323705834739043
1.0368309198522618
1.036291529768418
1.0393818730452893
1.0369472361775451
1.037975192004183
1.037975192004183
1.037975192004183
1.037975192004183
1.0352696906979013
1.0352696906979013
1.0352696906979013
1.0352696906979013
1.0352696906979013
1.0389609502357229
1.0389609502357229
1.0418017291485613
1.0418017291485613
1.040532924662312
1.041282290556824
1.0416105108225542
1.0393718555682037
1.0393718555682037
1.0393718555682037
1.0375401087871825
1.0423534679380264
1.0369158184733547
1.0375475437300519
1.0312991666778546
1.0340872865279722
1.0340872865279722
1.0340872865279722
1.0312154560932785
1.0312051895592818
1.0311702359002073
1.0311702359002073
1.0311702359002073
1.0275213225347453
1.0321974382315586
1.02995670433875
1.02995670433875
1.0279561045988297
1.0307440089647115
1.0307440089647115
1.0309595981009714
1.0306651104498057
1.0306651104498057
1.0306651104498057
1.0298470331825234
1.0298470331825234
1.0298470331825234
1.0298470331825234
1.0327884553455713
1.0327884553455713
1.0327884553455713
1.033337777107734
1.0326339118669676
1.0331399053602621
1.0331399053602621
1.0331399053602621
1.0331399053602621
1.0376039564714077
1.034717731318155
1.0362894323943563
1.0362894323943563
1.0310164151520154
1.0320694246475588
1.0320694246475588
1.0320694246475588
1.0320694246475588
1.0303903944254915
1.0327606418304434
1.0338318179049835
1.0338318179049835
1.0348111765231154
1.0348111765231154
1.035490346013331
1.035490346013331
1.035490346013331
1.035490346013331
1.0369568511519316
1.0369568511519316
1.0314048816568218
1.0305564159385896
1.0347605465019194
1.0347605465019194
1.0339220413368668
1.0345346058687057
1.0345346058687057
1.0345346058687057
1.0346102825498766
1.0346102825498766
1.0346305346175373
1.0334974516070239
1.0318406994917433
1.0292713220267633
1.0279415370348515
1.0279415370348515
1.0279415370348515
1.0279415370348515
1.0309737283265314
1.0309737283265314
1.0309737283265314
1.0296616516512371
1.0296616516512371
1.0334820615512423
1.0334820615512423
1.0363406942147173
1.0363406942147173
1.0358845824942242
1.0358845824942242
1.0358845824942242
1.0358845824942242
1.0358845824942242
1.0363228101313215
1.0363228101313215
1.034673380126215
1.034673380126215
1.034673380126215
1.034673380126215
1.034176206454888
1.0376164004016901
1.0367338220130744
1.0367338220130744
1.0375491671929287
1.0375491671929287
1.0375491671929287
1.0400310699706325
1.0400310699706325
1.0435509470194944
1.0415620929776688
1.0415620929776688
1.0392162989757592
1.038162715507086
1.0386896303176902
1.0386896303176902
1.0398127406405655
1.039804643510679
1.039804643510679
1.039804643510679
1.0381995224944875
1.0378556038456206
1.0359412997311643
1.0364638835331144
1.0338019971095764
1.0338019971095764
1.035905861133679
1.035905861133679
1.0368070181018556
1.0368070181018556
1.038742918413936
1.038742918413936
1.0356552519703661
1.0356552519703661
1.0356552519703661
1.033150544815007
1.0324448158600863
1.0343739480287353
1.0311169171125927
1.0311169171125927
1.0311169171125927
1.03084459004916
1.0331921940156705
1.0331921940156705
1.0331921940156705
1.0289653479754468
1.0265129349882693
1.0309283976490389
1.0309283976490389
1.0337854536895605
1.0346990826149782
1.0346990826149782
1.0330186066479092
1.0287501108317738
1.0273578375641448
1.028986128339621
1.0259424536007995
1.027301025884647
1.030932372197025
1.0306430513429816
1.0306430513429816
1.0355904690156748
1.0355904690156748
1.0389647365953443
1.0389647365953443
1.043400849778716
1.043400849778716
1.0407074655279067
1.0468945787583663
1.0472958779120427
1.0445493153065237
1.0445493153065237
1.0445493153065237
1.0445493153065237
1.0445493153065237
1.0445493153065237
1.0393420122064625
1.0396676614383764
1.0396676614383764
1.0395024330633706
1.0415744930357802
1.0415744930357802
1.0415744930357802
1.0366258930032022
1.0390365634056913
1.0390365634056913
1.0388695365148968
1.0388695365148968
1.0388695365148968
1.041316182818779
1.0378370822591967
1.0378370822591967
1.0378370822591967
1.0378370822591967
1.0378370822591967
1.0378370822591967
1.0398472589476806
1.0403300528019963
1.0403300528019963
1.0403300528019963
1.0388675651776762
1.0369529595433342
1.0415919138084397
1.0412637539782972
1.0401733044452988
1.0401733044452988
1.0401733044452988
1.0401733044452988
1.0401733044452988
1.0401733044452988
1.0401733044452988
1.0401733044452988
1.03948818376263
1.0369383441048587
1.0362583882663787
1.0371993128492503
1.0371993128492503
1.039163712891795
1.0436425663419462
1.0409216240892918
1.0409216240892918
1.0384075899699612
1.0384075899699612
1.0384075899699612
1.0352208565801395
1.0360520233106367
1.0360520233106367
1.0360520233106367
1.0360520233106367
1.037721166246028
1.037721166246028
1.0349515555085913
1.0349515555085913
1.0346282782531089
1.0346282782531089
1.0346282782531089
1.0383855624832643
1.0383855624832643
1.0368217078008921
1.0368217078008921
1.037335368991473
1.037335368991473
1.0371520029590597
1.037460785242292
1.037460785242292
1.0415073177319807
1.0399079823797912
1.0399079823797912
1.0399079823797912
1.0377655643912758
1.0401455905508037
1.0389354143126042
1.0389354143126042
1.0389354143126042
1.0415571251566342
1.0382148914770812
1.0382148914770812
1.0382148914770812
1.0382148914770812
1.0402579549635689
1.0402579549635689
1.0402579549635689
1.037786523903888
1.0387077383484975
1.0364723078431761
1.0364723078431761
1.0364723078431761
1.0364108666815217
1.0340045570264196
1.03321702582934
1.0372440283042916
1.0372440283042916
1.0396471193018213
1.0396471193018213
1.0396471193018213
1.0398884083470974
1.0398884083470974
1.0398884083470974
1.0356732528709947
1.0364838292745029
1.0364838292745029
1.0335366202225584
1.0335366202225584
1.0332708138625475
1.0351002892850776
1.0340463305776664
1.0340463305776664
1.034905647760364
1.034905647760364
1.0348958518194362
1.0348958518194362
1.0348958518194362
1.0348958518194362
1.0348958518194362
1.0357768974627093
1.0357768974627093
1.0357768974627093
1.0364562354300326
1.0376057891650923
1.0376057891650923
1.0349525117908744
1.0359144883713225
1.0348634785147985
1.035654948951625
1.035654948951625
1.0361133267406544
1.0361133267406544
1.0377942355598109
1.0355223744808097
1.0376356121171233
1.0364846110654806
1.0364846110654806
1.0367245595049324
1.037382266798652
1.037552248558783
1.037552248558783
1.037552248558783
1.0365737159678947
1.0365737159678947
1.0312628300429458
1.0312628300429458
1.0373154796301507
1.0373154796301507
1.0401840450599038
1.0401840450599038
1.0380479363084885
1.0371375155058538
1.0371375155058538
1.0371375155058538
1.0337871854329332
1.0337871854329332
1.0337871854329332
1.0337871854329332
1.0337871854329332
1.0364805498977125
1.037594386270983
1.0366545774211091
1.0388356536150885
1.0388356536150885
1.0388356536150885
1.0407676361129954
1.0407676361129954
1.0407676361129954
1.0454053341027616
1.0454053341027616
1.0454053341027616
1.0457643072424345
1.0414361793320173
1.0436140474692432
1.0433371930513429
1.0433371930513429
1.039752155015445
1.039752155015445
1.0356923713094737
1.0375219594578176
1.0375219594578176
1.0335371839258054
1.0335371839258054
1.0335371839258054
1.0335371839258054
1.035092235499369
1.0355503531386523
1.0355503531386523
1.0305239001878161
1.0346734000467854
1.040051503508534
1.040051503508534
1.040051503508534
1.040051503508534
1.040051503508534
1.0381731947660846
1.0393156307886422
1.0403878550963688
1.0403878550963688
1.0403878550963688
1.0403878550963688
1.0403878550963688
1.0411464315515087
1.0416100617744555
1.0416100617744555
1.0416100617744555
1.0432453853907384
1.0432453853907384
1.039628663296554
1.0366150559253655
1.0337656518112033
1.0349814229351013
1.0349814229351013
1.0349814229351013
1.0346296588987394
1.0346296588987394
1.0346296588987394
1.0382414067444008
1.0382414067444008
1.036040026437231
1.0336836163588856
1.0324561202828086
1.0357327924192525
1.0361479954282826
1.03748121150877
1.03748121150877
1.03748121150877
1.037104480589504
1.0327208920778386
1.0360938162459465
1.0353349761574908
1.0353349761574908
1.0353349761574908
1.0358216737106252
1.0358216737106252
1.0358216737106252
1.0358216737106252
1.0358216737106252
1.0353532809891521
1.0353532809891521
1.0324700373854507
1.0340055157335364
1.0332906016444565
1.0332208236496865
1.0346283818745414
1.032487419555565
1.0321416752879315
1.0316086779133493
1.0276019607672073
1.0287885497750366
1.0327170171587712
1.031231570818972
1.0293521016735039
1.0245481067643445
1.0267764883475323
1.0226130649441276
1.027773364706696
1.027773364706696
1.0238231924664636
1.0238231924664636
1.025367912236662
1.025367912236662
1.0267536756633155
1.026945055642248
1.026945055642248
1.0284126275596304
1.0279019903539917
1.028477836609398
1.02974335657226
1.030143483184481
1.0294698809360334
1.0294213613925256
1.0294213613925256
1.0313277532150524
1.0279370553483862
1.0279370553483862
1.023906220817611
1.0241000611492974
1.0292356324584389
1.0293512734958297
1.0296029969938674
1.031564919525173
1.0312820965193852
1.030563702433056
1.0322992765968593
1.0322992765968593
1.0304090903609762
1.0352529136619517
1.0352529136619517
1.0352529136619517
1.0395409721116318
1.0395409721116318
1.0395409721116318
1.0373101213011295
1.0369655301700473
1.037153578033405
1.0363301607802538
1.0363301607802538
1.0363301607802538
1.0416994553599528
1.0416994553599528
1.04190855745149
1.04190855745149
1.035665780513456
1.035665780513456
1.035665780513456
1.0366082196577435
1.0366082196577435
1.0366082196577435
1.0366082196577435
1.0348752144724398
1.0351353499258424
1.0334497443860933
1.0329059856679408
1.0319708395790093
1.03502490952534
1.0361936631006592
1.0348796767431114
1.0387902972178016
1.0387902972178016
1.0394042824763894
1.0374753924057554
1.0374753924057554
1.0374753924057554
1.0377872513104593
1.0377872513104593
1.0375315508824852
1.0370173734550236
1.039177564337391
1.041380792679004
1.041380792679004
1.0376848861108674
1.0334170149327433
1.0334170149327433
1.0334170149327433
1.0334170149327433
1.0334170149327433
1.0334170149327433
1.0352724095050203
1.0340491869740684
1.0340491869740684
1.0340491869740684
1.0340491869740684
1.0343652909528156
1.0343652909528156
1.0343652909528156
1.034319116944987
1.034319116944987
1.0352843610097153
1.0367966764722159
1.0367966764722159
1.0379997831514656
1.0379997831514656
1.0328893008709235
1.0328893008709235
1.029498244939145
1.0306777971635817
1.0306777971635817
1.0293697330174303
1.0293697330174303
1.0261918635176028
1.0261918635176028
1.0261918635176028
1.0245830648044705
1.0245830648044705
1.0245830648044705
1.0245830648044705
1.0245830648044705
1.0245830648044705
1.030502739528976
1.030502739528976
1.030502739528976
1.030502739528976
1.031249400572753
1.031249400572753
1.031249400572753
1.031249400572753
1.0305934868410267
1.0305934868410267
1.0305934868410267
1.033856905358239
1.035026397604008
1.035026397604008
1.0344641915832131
1.0272557930322315
1.0280739107477008
1.0279064851042665
1.0279064851042665
1.0279064851042665
1.026596998120355
1.026596998120355
1.0245095396024988
1.0284267876328017
1.0262706892132236
1.0261840131113056
1.0246832474334442
1.0247532147459026
1.0247532147459026
1.0247532147459026
1.019758697454755
1.0210624499715162
1.0203867303422491
1.0279071145247634
1.0247090370004126
1.0202752328659277
1.019331717653698
1.0167168449753317
1.0227363656121236
1.0227363656121236
1.0214960915727118
1.0241996808524096
1.0241996808524096
1.025758121909332
1.025758121909332
1.0268722127879257
1.024519285548698
1.0219278158395106
1.0222232980283033
1.0222232980283033
1.0251336298568414
1.0231258401010048
1.027610777980069
1.027610777980069
1.0305148648363054
1.0305148648363054
1.0343601520971253
1.0343601520971253
1.0343601520971253
1.0351350798449017
1.032858610991035
1.0319829994010945
1.0319829994010945
1.0334185848293778
1.0334185848293778
1.0334185848293778
1.0334185848293778
1.031196895415325
1.031196895415325
1.031196895415325
1.031196895415325
1.0313827129102096
1.0313827129102096
1.0313827129102096
1.0313827129102096
1.0313827129102096
1.0313827129102096
1.0266135958126563
1.0266135958126563
1.0266135958126563
1.0262305414889825
1.0262305414889825
1.0262305414889825
1.0215847716356516
1.023379021370127
1.023379021370127
1.0267244776620885
1.0267244776620885
1.0267244776620885
1.0263350775138271
1.0263350775138271
1.0263350775138271
1.0253013607458954
1.0253013607458954
1.023171319831118
1.0247375943617945
1.0263449493380268
1.0263449493380268
1.02483907327956
1.023789030292617
1.023789030292617
1.023789030292617
1.023789030292617
1.0239156795530167
1.0245132400366517
1.0239921425569405
1.0240805001483988
1.0246039977362589
1.0246039977362589
1.0246039977362589
1.026119965630887
1.0267629980166262
1.0267629980166262
1.0267629980166262
1.0267629980166262
1.0282370264407965
1.0282370264407965
1.0268002454617362
1.0284520338963539
1.0284520338963539
1.0284520338963539
1.0284520338963539
1.0273602109886544
1.0273602109886544
1.0318927396162119
1.0339885169051457
1.0253088401381907
1.0253088401381907
1.0319515991813852
1.0302732717325545
1.0302732717325545
1.0286367577401299
1.0286367577401299
1.0286367577401299
1.030796994270304
1.028887659419784
1.0284756179269519
1.0242529586482791
1.0283072628952852
1.0283072628952852
1.0283072628952852
1.0278626903013703
1.0297886973814958
1.0250382823073905
1.0250382823073905
1.0296853538384363
1.0296853538384363
1.0296853538384363
1.0317506021828924
1.0314416861103535
1.030564640184976
1.030564640184976
1.030144241083001
1.0323205190235323
1.0323205190235323
1.030616255337785
1.030616255337785
1.030616255337785
1.026788268067081
1.026788268067081
1.0278922834337794
1.0294920807650016
1.029908199216142
1.0303115321960206
1.032852313803258
1.03179613269295
1.03179613269295
1.0310998001873222
1.0310998001873222
1.0310998001873222
1.030908861830891
1.0300426322358287
1.0300426322358287
1.0239080016496056
1.024027654851063
1.024027654851063
1.0227976074005707
1.0227976074005707
1.024121349774207
1.024121349774207
1.024121349774207
1.0274033037662653
1.0274033037662653
1.0290299427872966
1.0290299427872966
1.0290299427872966
1.0310331175269583
1.0310331175269583
1.0307567100102493
1.0348898718434247
1.0348898718434247
1.0348898718434247
1.0348898718434247
1.0316239039677346
1.0323975599564754
1.0310946399939371
1.0327952302245926
1.0327952302245926
1.0327952302245926
1.0328249807434757
1.0328249807434757
1.0328249807434757
1.0328249807434757
1.0328249807434757
1.0328249807434757
1.0328249807434757
1.0328249807434757
1.0316039318298695
1.0316039318298695
1.0305868133019416
1.0305868133019416
1.0305868133019416
1.0305868133019416
1.0305868133019416
1.0285576322094152
1.0289433265050973
1.0289433265050973
1.0267624871899963
1.0289739534524978
1.0296910050820867
1.0305364178334557
1.0330513698746064
1.0330513698746064
1.0330400079683464
1.0330400079683464
1.0354805108206866
1.0354805108206866
1.0348867664809414
1.0348867664809414
1.0348867664809414
1.0311986004317952
1.0311986004317952
1.0311234117103112
1.0322212368569532
1.0322212368569532
1.0359323007499117
1.037437358215834
1.0376470474899901
1.0376470474899901
1.039745416812601
1.0394133632585374
1.0394133632585374
1.0394133632585374
1.039659265489044
1.0390899060438183
1.0390899060438183
1.0390899060438183
1.0390899060438183
1.0367524685256055
1.0357021021879953
1.0357021021879953
1.0357021021879953
1.0357021021879953
1.0357021021879953
1.0357021021879953
1.0357021021879953
1.0357021021879953
1.0357021021879953
1.0357021021879953
1.0368864863374736
1.0375742279328204
1.0346259130556887
1.0355865476391302
1.0335657859207328
1.0335657859207328
1.0333028822662194
1.0359625232235985
1.0359625232235985
1.0343788167781105
1.036137913995188
1.036137913995188
1.0366730662710182
1.0366730662710182
1.0366730662710182
1.0345953243464354
1.0345953243464354
1.0345953243464354
1.0345953243464354
1.0354767082687535
1.032990712738274
1.033663752944936
1.0361713365335192
1.0361713365335192
1.0345975054938803
1.0391241157139819
1.0391241157139819
1.0415740039845616
1.0415740039845616
1.0415740039845616
1.03986268907333
1.0373561314760225
1.039078313082194
1.039078313082194
1.0402196915749262
1.0411922154805895
1.0409116704503787
1.0409116704503787
1.0409116704503787
1.0397824565172444
1.03732003852583
1.0348296937176427
1.0348296937176427
1.033245700666993
1.0370621153558677
1.033983320431809
1.033983320431809
1.033983320431809
1.0341527706208131
1.032533310047516
1.032533310047516
1.032533310047516
1.032533310047516
1.0333370744825074
1.0307741726971056
1.0307201053861526
1.0307201053861526
1.028196110148707
1.028196110148707
1.028196110148707
1.028196110148707
1.0306529185533493
1.0315935743351714
1.0315935743351714
1.0315935743351714
1.0315935743351714
1.0339777623517203
1.0339777623517203
1.0339777623517203
1.0339777623517203
1.0348713620662229
1.0348713620662229
1.0348713620662229
1.0348713620662229
1.0346009930754803
1.034281982025358
1.0350180789956225
1.0357269019592885
1.0357269019592885
1.032387280442453
1.0330784992297903
1.0330784992297903
1.0330784992297903
1.0333639761892053
1.0354818926834466
1.0356791548309732
1.0356791548309732
1.0326065755699358
1.0319756219728513
1.0327729810178037
1.0327729810178037
1.0327729810178037
1.0327729810178037
1.0317701569440751
1.0317701569440751
1.0317701569440751
1.0304443399697492
1.0304443399697492
1.030778101222244
1.0327581499743406
1.0325544270612
1.0325544270612
1.032086141248351
1.0328802994199793
1.0328802994199793
1.0328802994199793
1.0328802994199793
1.0326756833095352
1.0326768367432162
1.0337052386753278
1.0337052386753278
1.0337052386753278
1.034298638768689
1.034298638768689
1.034298638768689
1.035291166041924
1.0337915973232992
1.02914564390186
1.0384641095408593
1.0384641095408593
1.0384641095408593
1.0384641095408593
1.0384641095408593
1.0364426773911757
1.0394797640820421
1.036272382684116
1.0386440987483012
1.0386440987483012
1.0386440987483012
1.0386440987483012
1.0376688032015549
1.0392296858253076
1.0392296858253076
1.039704321883688
1.0392712179913597
1.0379058024587382
1.0393812571875338
1.0375277164334258
1.0349621831446885
1.03400524832992
1.0350546152942397
1.0350546152942397
1.0324923796210965
1.031925965753047
1.0329687116438047
1.0329687116438047
1.0329687116438047
1.0329687116438047
1.0329687116438047
1.0308886950462806
1.0308886950462806
1.033853110561261
1.031439517830259
1.0353240512472865
1.0353240512472865
1.0317948962200805
1.0283478779583595
1.0224297848497375
1.0224297848497375
1.0224297848497375
1.0224297848497375
1.0235067633014647
1.0235067633014647
1.0242856833520955
1.0298186607262707
1.0326570430793676
1.0326570430793676
1.0339596928755883
1.0339596928755883
1.0339596928755883
1.0339596928755883
1.031827062948005
1.0320804773883736
1.03187964714987
1.03187964714987
1.03187964714987
1.027245409930415
1.027245409930415
1.027245409930415
1.027245409930415
1.027245409930415
1.0284942112961917
1.0284942112961917
1.0284942112961917
1.0284942112961917
1.0284942112961917
1.0228887005388372
1.0228887005388372
1.0228887005388372
1.0228887005388372
1.020024479821388
1.020024479821388
1.020024479821388
1.0204527057052823
1.0204527057052823
1.0204527057052823
1.021657557211688
1.021657557211688
1.021657557211688
1.0211227907865965
1.0211227907865965
1.0212775794626847
1.0221395590539202
1.0221395590539202
1.0221395590539202
1.026067284641319
1.023960797490224
1.0240826338076003
1.027313584642439
1.028642672982401
1.0303120200421034
1.0302333629873304
1.0302333629873304
1.0301164015533755
1.0301164015533755
1.0301164015533755
1.0286501521885567
1.0286501521885567
1.0286501521885567
1.0286501521885567
1.0286501521885567
1.0299121426316264
1.028554695731697
1.028075691059998
1.028075691059998
1.028075691059998
1.028075691059998
1.028075691059998
1.0287076737298049
1.0287076737298049
1.0287076737298049
1.0249432050437628
1.0275664447595687
1.0275664447595687
1.0264744758008113
1.0264744758008113
1.0248796021903834
1.0248796021903834
1.0298696574416428
1.0291170652512118
1.0291170652512118
1.0291170652512118
1.0250247334557108
1.0225068672014666
1.0251265855892293
1.0251265855892293
1.0251265855892293
1.0251265855892293
1.0251265855892293
1.025413998671249
1.0286790091291178
1.0294244366975103
1.0284446465835513
1.0284446465835513
1.032988944808747
1.0311144302619142
1.032901789427059
1.032901789427059
1.032901789427059
1.0285142769766147
1.0285142769766147
1.0285142769766147
1.0291063168871817
1.0291063168871817
1.0291063168871817
1.0291063168871817
1.027889159450527
1.027889159450527
1.0283424765267717
1.0292011199673277
1.0265412667601368
1.0265412667601368
1.0274595218916067
1.0293136733831447
1.0286542534992893
1.0293996556324212
1.0272739370617745
1.0253289063115554
1.0253289063115554
1.0254073726212922
1.030126426092683
1.02978994571894
1.02978994571894
1.034429079250374
1.0313583548891003
1.0300198464650443
1.0280372951479562
1.0280372951479562
1.0256704027369408
1.0285019586298239
1.0285019586298239
1.0305370982021156
1.0317762489615163
1.027834073302534
1.0299615265946618
1.0253648886973408
1.0253648886973408
1.0290791493634037
1.0290791493634037
1.0290791493634037
1.0290791493634037
1.0290791493634037
1.0290791493634037
1.0290791493634037
1.0290791493634037
1.0290791493634037
1.0306681002415428
1.0306681002415428
1.0306681002415428
1.0302343721027645
1.0302343721027645
1.0267699530297667
1.0267699530297667
1.0267699530297667
1.0267699530297667
1.0332301032584088
1.0332301032584088
1.0332301032584088
1.0354450344953803
1.0354450344953803
1.0354450344953803
1.0383724318636307
1.0383724318636307
1.0374504638625717
1.0366919477184982
1.0366844078901836
1.0366844078901836
1.0387767468493272
1.036853049068028
1.036853049068028
1.036853049068028
1.0363383479881974
1.0367086504706164
1.0388349464306128
1.0388349464306128
1.0388349464306128
1.0428812756131864
1.0428812756131864
1.0398626996111888
1.0398626996111888
1.0398626996111888
1.0398626996111888
1.0350997372466808
1.0350997372466808
1.034912956029571
1.0378828993101072
1.0421035195331296
1.0401378695027093
1.0401378695027093
1.0401378695027093
1.0401450546823958
1.0401450546823958
1.0401450546823958
1.034224599959322
1.030923885372151
1.0330241952534485
1.0330241952534485
1.0330241952534485
1.0358476601763507
1.0358476601763507
1.0358476601763507
1.0348115493741739
1.0348115493741739
1.0348115493741739
1.0338908959874427
1.0338908959874427
1.0338908959874427
1.0373584312127175
1.0373584312127175
1.0373584312127175
1.039563528772897
1.0354472172070528
1.0354472172070528
1.0387990609124493
1.038589132806196
1.038589132806196
1.038589132806196
1.0377873885111295
1.0354936000679682
1.0354936000679682
1.0350865573933337
1.039501745328154
1.0387213163801818
1.0418091599799655
1.0418091599799655
1.0359770589522457
1.0359770589522457
1.0374232388161189
1.0374232388161189
1.039589115399105
1.039589115399105
1.039589115399105
1.039589115399105
1.039589115399105
1.0409816354522894
1.0351364620562185
1.0379301766052589
1.0385171307245329
1.0371454497893475
1.0371454497893475
1.0325949230649614
1.0253055786559098
1.0279186811794356
1.0279186811794356
1.0279186811794356
1.0296583332737796
1.03087214723028
1.03087214723028
1.03087214723028
1.034921750757096
1.029919805386257
1.029919805386257
1.028783949816319
1.030240939158003
1.0293599677013252
1.028878405959701
1.031990936719334
1.031990936719334
1.031990936719334
1.0326729461326412
1.0326729461326412
1.0303057907549533
1.031296574862754
1.031296574862754
1.0294756258579407
1.029682560141996
1.032737321995765
1.0276210080380674
1.0276210080380674
1.0249390919130814
1.0249390919130814
1.0249390919130814
1.0298815315404655
1.0298815315404655
1.032821298880904
1.032821298880904
1.032821298880904
1.0356537469598859
1.038150273246285
1.0396598562554058
1.0382164012567698
1.0382164012567698
1.038477902576032
1.0365071617526247
1.0365071617526247
1.0365071617526247
1.0373600519650976
1.0374262652610287
1.0374262652610287
1.0360317722263865
1.0360317722263865
1.0358549606673682
1.0379537466787923
1.0379537466787923
1.0319124925205647
1.0318721048098272
1.0326157901789093
1.0326157901789093
1.0326157901789093
1.0301549657994806
1.0301549657994806
1.0301549657994806
1.0309814857887316
1.03291200280081
1.0379676948487024
1.0379676948487024
1.0379676948487024
1.0375467303807195
1.0340184070687233
1.0333957062369579
1.037950328941145
1.037950328941145
1.0385374692641112
1.0385374692641112
1.0385374692641112
1.0385374692641112
1.0390252341746522
1.0350923107508894
1.0350923107508894
1.0350923107508894
1.0362865257529827
1.0362865257529827
1.0362865257529827
1.0362865257529827
1.033176393987595
1.033176393987595
1.033176393987595
1.033176393987595
1.0344971475536349
1.034773340768697
1.0373995557765638
1.0412057225281717
1.0412057225281717
1.0410057369245862
1.0391770948515717
1.0360589714727126
1.0360589714727126
1.0360589714727126
1.0334660110888274
1.0329354302173852
1.0329354302173852
1.0329354302173852
1.0329354302173852
1.0329354302173852
1.0315548490671036
1.0315548490671036
1.0315548490671036
1.0303372222085574
1.0303372222085574
1.0316240246267452
1.0325069035304002
1.0298255426848777
1.0263691449906163
1.0270144909195587
1.0270144909195587
1.0270144909195587
1.0290152568006297
1.0290152568006297
1.0283900987214685
1.0283900987214685
1.0283900987214685
1.0283900987214685
1.0283900987214685
1.0286065368608301
1.0286065368608301
1.0286681016093622
1.0286681016093622
1.029984893097148
1.029984893097148
1.0299573925651195
1.0299573925651195
1.0299573925651195
1.0299573925651195
1.0287754250923735
1.0301503247936235
1.0327074176597324
1.0327074176597324
1.0369402920766602
1.0369402920766602
1.0411408254953587
1.0411408254953587
1.0411408254953587
1.0391930564924423
1.0391930564924423
1.037802087202505
1.037802087202505
1.037802087202505
1.037802087202505
1.037380488978593
1.0347459355319206
1.0347459355319206
1.0347459355319206
1.0347459355319206
1.0347459355319206
1.0320876947837185
1.0319808365626448
1.0354236936984857
1.0316036395509878
1.029578936237718
1.029578936237718
1.029578936237718
1.0306570053780357
1.0306570053780357
1.029896816381197
1.029896816381197
1.0280523527519592
1.0280523527519592
1.0283112743279696
1.0283112743279696
1.0283112743279696
1.0308072002589233
1.0308072002589233
1.0308072002589233
1.0308739369275555
1.030618232093596
1.030618232093596
1.030618232093596
1.030618232093596
1.030618232093596
1.030618232093596
1.030618232093596
1.0308131559684142
1.0308131559684142
1.0284508788365028
1.0284508788365028
1.0327546071544311
1.0303518498752984
1.0303518498752984
1.0303518498752984
1.0303518498752984
1.0314256619079822
1.0293617887148614
1.0337484805434085
1.0337484805434085
1.0337484805434085
1.0337484805434085
1.0337484805434085
1.0339220986019673
1.0339220986019673
1.0339220986019673
1.029718650478523
1.029718650478523
1.029718650478523
1.029718650478523
1.0305961170803584
1.0309836458929265
1.0309836458929265
1.0281408163408523
1.0297133735314783
1.0297133735314783
1.0297133735314783
1.0297133735314783
1.0332118349529018
1.0336316632513438
1.0336316632513438
1.0336316632513438
1.0336316632513438
1.0379313632753082
1.0379313632753082
1.0379313632753082
1.0379372631860184
1.0379372631860184
1.0379372631860184
1.0337814468774658
1.0309583559542481
1.0309583559542481
1.0309583559542481
1.0309583559542481
1.029343430936515
1.029343430936515
1.029343430936515
1.029343430936515
1.0309481569691008
1.0309481569691008
1.0309481569691008
1.0300801222093379
1.0300801222093379
1.0354832551682989
1.0332365496797085
1.0320460955903872
1.0320460955903872
1.0320460955903872
1.0320460955903872
1.0314687623920198
1.0314687623920198
1.0314687623920198
1.0314687623920198
1.0314687623920198
1.0314687623920198
1.0314687623920198
1.0314687623920198
1.0314687623920198
1.0314687623920198
1.0314687623920198
1.0314687623920198
1.0314687623920198
1.0332485380259857
1.031169532906553
1.0306036226859572
1.0305466375840624
1.0305466375840624
1.0305466375840624
1.0305466375840624
1.0305466375840624
1.0333407812085535
1.0333407812085535
1.0336919951863413
1.0336919951863413
1.0336919951863413
1.0336919951863413
1.0336919951863413
1.0336919951863413
1.0336919951863413
1.0325604899935117
1.0325604899935117
1.0325604899935117
1.0325604899935117
1.0325604899935117
1.0325604899935117
1.0328047552277733
1.0328047552277733
1.0328047552277733
1.0328047552277733
1.0315465858547406
1.0322662599198713
1.0322662599198713
1.0322662599198713
1.035381046762354
1.032274475465784
1.032274475465784
1.0303782399982429
1.0303782399982429
1.0286768346244364
1.0286768346244364
1.0286768346244364
1.0286768346244364
1.0287918703827033
1.0244348383782793
1.0258175122119846
1.0258175122119846
1.0258175122119846
1.0258175122119846
1.0258175122119846
1.0265963392494715
1.0284576366521458
1.027731327178216
1.027731327178216
1.028045807297836
1.0265656920811737
1.0265656920811737
1.0292081515173233
1.0292081515173233
1.0292081515173233
1.0310906219817497
1.0310906219817497
1.0310906219817497
1.0296006410116745
1.0303446728573922
1.0303446728573922
1.0303446728573922
1.0323210454660299
1.0323210454660299
1.0323210454660299
1.0323210454660299
1.0315497788048003
1.0328817330931872
1.0328817330931872
1.0328817330931872
1.0335857667792414
1.0335803893939564
1.0335803893939564
1.0317423560408627
1.0317423560408627
1.0312941524249766
1.0312941524249766
1.0312941524249766
1.028209238391069
1.0242812749430168
1.0242812749430168
1.0242812749430168
1.0214018477589715
1.0202882554526362
1.0231927928768492
1.0231927928768492
1.0231927928768492
1.0230934965275953
1.0249860187796382
1.0249860187796382
1.026963450215067
1.0255551708410868
1.0255551708410868
1.0255551708410868
1.0222550259252676
1.0227393401752756
1.022602345227917
1.022602345227917
1.0217190814532986
1.0217190814532986
1.0227114185131443
1.0228473727098286
1.0228190653010305
1.0228190653010305
1.0228190653010305
1.02657181305554
1.0261980577558611
1.0296513058000931
1.0296513058000931
1.0296513058000931
1.0333027060236901
1.0333027060236901
1.0329210920740817
1.0329210920740817
1.0330678801465358
1.0392254006016572
1.03490637463051
1.035165814922762
1.035165814922762
1.0356795380507176
1.0356795380507176
1.0356795380507176
1.037012254838454
1.037012254838454
1.037012254838454
1.037012254838454
