2.8450442641987364
2.8450442641987364
2.8450442641987364
2.8450442641987364
2.8450442641987364
2.8450442641987364
2.8450442641987364
2.8450442641987364
2.8450442641987364
2.8450442641987364
2.8450442641987364
2.8450442641987364
2.8450442641987364
2.8450442641987364
2.8450442641987364
2.8450442641987364
2.8450442641987364
2.8450442641987364
2.8450442641987364
2.8450442641987364
2.8450442641987364
2.8450442641987364
2.8450442641987364
2.8450442641987364
2.8450442641987364
2.8450442641987364
2.8450442641987364
2.8450442641987364
2.8450442641987364
2.8450442641987364
2.8450442641987364
2.8450442641987364
2.8450442641987364
2.8450442641987364
2.8450442641987364
2.8450442641987364
2.8450442641987364
2.8450442641987364
2.8450442641987364
2.8450442641987364
2.8450442641987364
2.8450442641987364
2.8450442641987364
2.8450442641987364
2.8450442641987364
2.8450442641987364
2.8450442641987364
2.8450442641987364
2.8450442641987364
2.8450442641987364
2.8450442641987364
2.8450442641987364
2.8450442641987364
2.8450442641987364
2.8450442641987364
2.8450442641987364
2.8450442641987364
2.8450442641987364
2.8450442641987364
2.8450442641987364
2.8450442641987364
2.8450442641987364
2.8450442641987364
2.8450442641987364
2.8450442641987364
2.8450442641987364
2.8450442641987364
2.8450442641987364
2.8450442641987364
2.8450442641987364
2.8450442641987364
2.8450442641987364
2.8450442641987364
2.8450442641987364
2.8450442641987364
2.8450442641987364
2.8450442641987364
2.8450442641987364
2.8450442641987364
2.8450442641987364
2.8450442641987364
2.8450442641987364
2.8450442641987364
2.8450442641987364
2.8450442641987364
2.8450442641987364
2.8450442641987364
2.8450442641987364
2.8450442641987364
2.8450442641987364
2.8450442641987364
2.8450442641987364
2.8450442641987364
2.8450442641987364
2.8450442641987364
2.8450442641987364
2.8450442641987364
2.8450442641987364
2.8450442641987364
2.8450442641987364
2.8510382674494834
2.8510382674494834
2.8515186561599672
2.8515186561599672
2.8515186561599672
2.8515186561599672
2.8515186561599672
2.872378972090557
2.8847434669309924
2.905563221909253
2.905563221909253
2.919333798315168
2.928011634923285
2.9431124490449343
2.9431124490449343
2.94339403103209
2.983066437371632
3.004546239928449
3.004546239928449
3.004546239928449
3.0181513759177028
3.0323272267220944
3.0475498698571086
3.0475498698571086
3.0563231295365316
3.0563231295365316
3.0563231295365316
3.0909507626463144
3.0931191030476133
3.0931191030476133
3.0931191030476133
3.0931191030476133
3.0931191030476133
3.0931191030476133
3.117316798962821
3.117316798962821
3.1231976269739383
3.1261413732213237
3.1347694192989093
3.138886343778822
3.138886343778822
3.143261486721135
3.143261486721135
3.143261486721135
3.1446791531261993
3.145622144813774
3.158055449027781
3.158055449027781
3.1669042624603208
3.1669042624603208
3.1669042624603208
3.187708179612792
3.187708179612792
3.187708179612792
3.205169980042697
3.205169980042697
3.205169980042697
3.211282123602429
3.211282123602429
3.2137298538048937
3.2137298538048937
3.2155769850630174
3.2135075674089126
3.2135075674089126
3.2254303423095094
3.2161101236998264
3.220962959593057
3.2036749393635753
3.2136380084577696
3.2136380084577696
3.197868161098886
3.1975344096050318
3.2076174755375613
3.181595021296962
3.181595021296962
3.181595021296962
3.181595021296962
3.181595021296962
3.212747587702473
3.212747587702473
3.208517669339099
3.20522709054313
3.20522709054313
3.1961132743546425
3.193014920528439
3.17155248128301
3.1756354547748877
3.173852574670938
3.1620882036945868
3.154787515936633
3.154787515936633
3.1503362921970774
3.1503362921970774
3.1662744617440195
3.1662744617440195
3.181182524027019
3.1861140562846284
3.1875557511950885
3.1850436093989027
3.1899584601933055
3.1899584601933055
3.2019238847173574
3.2019238847173574
3.2086318231542057
3.1763205614865235
3.1763205614865235
3.1763205614865235
3.1763205614865235
3.180924053385453
3.18376661436367
3.18376661436367
3.18376661436367
3.18376661436367
3.2036503085659396
3.200094963209289
3.205659405722134
3.2108893517835
3.199226755079963
3.199226755079963
3.199226755079963
3.2056980799735117
3.2056980799735117
3.2120134361833155
3.2120134361833155
3.2120134361833155
3.2120134361833155
3.2158029878038175
3.2158029878038175
3.194153095634002
3.1973483839874173
3.1973483839874173
3.20432165786856
3.187034608725432
3.1947172051194146
3.1947172051194146
3.202449430329486
3.212222488183333
3.212222488183333
3.2237549590558894
3.2278853601460864
3.2235861935571815
3.2313528235791353
3.2423658458025155
3.2416641219908144
3.1771337389538123
3.177587400708494
3.177587400708494
3.190738258477441
3.1884928869819373
3.1884928869819373
3.2007843882734015
3.1966331009169733
3.1966331009169733
3.1966331009169733
3.1966331009169733
3.1966331009169733
3.2016909833506273
3.1952271224745252
3.1952271224745252
3.1952271224745252
3.1952271224745252
3.1952271224745252
3.2058932612045847
3.2058932612045847
3.2058932612045847
3.2058932612045847
3.2054024579923817
3.191618301047381
3.191618301047381
3.191618301047381
3.197872783683045
3.195069884620032
3.195069884620032
3.191141866384347
3.1909847907415902
3.1909847907415902
3.1909847907415902
3.1881832302209645
3.2032449285141187
3.2059531272489172
3.2059531272489172
3.215606647555682
3.215606647555682
3.196103122768826
3.177537793304261
3.177537793304261
3.177537793304261
3.1759434851609627
3.1759434851609627
3.183510237853691
3.194715358639249
3.194715358639249
3.194715358639249
3.179482336575979
3.1864537494252665
3.1864537494252665
3.1864537494252665
3.1864537494252665
3.17146841615203
3.1814313799831613
3.1814313799831613
3.1853809142870593
3.2050451176777006
3.2050451176777006
3.2050451176777006
3.2050451176777006
3.2050451176777006
3.1973355225144307
3.2159562977754392
3.196257823563825
3.196257823563825
3.196257823563825
3.1946384473835274
3.1980886460475766
3.1980886460475766
3.1980886460475766
3.1980886460475766
3.187994106404624
3.187994106404624
3.187994106404624
3.187994106404624
3.18337176203425
3.18337176203425
3.18337176203425
3.18337176203425
3.18337176203425
3.1852039107804266
3.1948877449940185
3.186121259981156
3.1969355890271003
3.1969355890271003
3.1969355890271003
3.1969355890271003
3.1942051021557023
3.2052924810323087
3.2028093665829216
3.209853233766885
3.2013025954990435
3.2013025954990435
3.2013025954990435
3.2013025954990435
3.2003199904507
3.211330935175289
3.211330935175289
3.2218726795962462
3.2218726795962462
3.2218726795962462
3.2218726795962462
3.2218726795962462
3.2218726795962462
3.2077690647528403
3.227318191757961
3.2030084066142583
3.2030084066142583
3.2030084066142583
3.196275541369863
3.196275541369863
3.2116626030168263
3.2116626030168263
3.2116626030168263
3.2116626030168263
3.2116626030168263
3.200471221667147
3.200471221667147
3.197042501383183
3.215496453190813
3.215496453190813
3.215496453190813
3.199129883597275
3.2033373055855816
3.2033373055855816
3.2033373055855816
3.2033373055855816
3.2033373055855816
3.2000090842250652
3.2003916422537544
3.2003916422537544
3.2098878823183123
3.2098878823183123
3.2098878823183123
3.2098878823183123
3.2098878823183123
3.2098878823183123
3.2098878823183123
3.1981746789986603
3.205318585193124
3.205318585193124
3.205318585193124
3.205318585193124
3.2070971741502534
3.2010406162237155
3.2010406162237155
3.1876713389679643
3.178166044609245
3.1887517978330484
3.202652131994083
3.202652131994083
3.1948008855621004
3.1948008855621004
3.187526669703736
3.187526669703736
3.180448083706325
3.180448083706325
3.1763821678858744
3.1763821678858744
3.192540228731274
3.192540228731274
3.192540228731274
3.1824301390087517
3.1943658257904324
3.1908496453454234
3.1908496453454234
3.1908496453454234
3.1908496453454234
3.1908496453454234
3.1890569562190265
3.188478184213012
3.1854864400082943
3.1854864400082943
3.1684102855503866
3.174984987759019
3.183347930234788
3.183347930234788
3.220181464669965
3.1852354313411975
3.185105051436678
3.212712184190934
3.213152550867294
3.213152550867294
3.212149476477436
3.194387082225942
3.187842001475685
3.187842001475685
3.175112528409736
3.175112528409736
3.175851712938972
3.176005601766529
3.176005601766529
3.1847707105974195
3.1847707105974195
3.178697749102717
3.178697749102717
3.181845368576904
3.181845368576904
3.181845368576904
3.181845368576904
3.1965347997909097
3.1965347997909097
3.2017711095776837
3.2067058952880907
3.2067058952880907
3.2067058952880907
3.2067058952880907
3.2067058952880907
3.2067058952880907
3.208732301535933
3.2250441704125214
3.216325216760988
3.216325216760988
3.216325216760988
3.216325216760988
3.214880088376067
3.2138198856736793
3.2138198856736793
3.2110936162547183
3.2110936162547183
3.2110936162547183
3.2110936162547183
3.2138742984877715
3.204642252287665
3.204642252287665
3.204642252287665
3.2219235664432793
3.2219235664432793
3.2219237808388774
3.2219237808388774
3.2325109829446528
3.2325109829446528
3.241908568932728
3.2331686476225334
3.2133708968336334
3.2267012817969
3.2267012817969
3.2267012817969
3.215598663814717
3.2231496431963653
3.2063897920041264
3.2063897920041264
3.2302991629340414
3.2140522289932427
3.2140522289932427
3.2140522289932427
3.2140522289932427
3.236837218387638
3.236837218387638
3.236837218387638
3.217789111591106
3.2201097628790363
3.2014136372471604
3.2014136372471604
3.2014136372471604
3.2160339232750155
3.209026775841508
3.1936642097131807
3.1936642097131807
3.1937344713986677
3.1937344713986677
3.2052416724355037
3.2048783826291602
3.190143859022683
3.190143859022683
3.190143859022683
3.190143859022683
3.190143859022683
3.190143859022683
3.1893857856701344
3.190450133110461
3.190450133110461
3.190450133110461
3.190450133110461
3.2204640153690707
3.2204640153690707
3.2204640153690707
3.2204640153690707
3.2182336042575326
3.1993819414399427
3.1905420135628555
3.1850213106632363
3.1850213106632363
3.176962705851466
3.1944681248670896
3.1944681248670896
3.1944681248670896
3.1957288844474703
3.1957288844474703
3.203272002303627
3.1908298461322984
3.190364896899447
3.190364896899447
3.190364896899447
3.190364896899447
3.190364896899447
3.190364896899447
3.190364896899447
3.1891842837201794
3.191127922311076
3.198133627596224
3.198133627596224
3.198133627596224
3.198133627596224
3.198133627596224
3.1967239078634937
3.1603341979961486
3.1603341979961486
3.161326778945502
3.169080436734683
3.165729055438269
3.165729055438269
3.165729055438269
3.180696897791773
3.180696897791773
3.152117428279557
3.1716505344870733
3.1716505344870733
3.1717710980633633
3.184506519168595
3.184506519168595
3.184506519168595
3.1850315331233423
3.181023864289905
3.181023864289905
3.1708208816375567
3.1679326894538336
3.1624476088667106
3.186290969043931
3.186290969043931
3.19228141785356
3.19228141785356
3.19228141785356
3.191676977334137
3.196642363919637
3.196642363919637
3.192181639346919
3.192181639346919
3.192181639346919
3.1853566742256256
3.1853566742256256
3.204009020927188
3.1806551519426374
3.192330457246909
3.189597511059625
3.189597511059625
3.1868895726609168
3.1702400850370966
3.1702400850370966
3.1720719500657735
3.15578228448977
3.15578228448977
3.15578228448977
3.15578228448977
3.1824969004532107
3.1739725734923288
3.1739725734923288
3.1739725734923288
3.1739725734923288
3.1892428902108225
3.182679167673429
3.182679167673429
3.184601045333845
3.1710126295838217
3.1710126295838217
3.1834495106070646
3.178721903992334
3.178721903992334
3.164211049524902
3.1603738911898422
3.1603738911898422
3.1603738911898422
3.1715650581620625
3.1715650581620625
3.1715650581620625
3.1715650581620625
3.1715013639605947
3.1715013639605947
3.173816013755425
3.1599718734388045
3.1599718734388045
3.1599718734388045
3.1599718734388045
3.1723804912522304
3.1723804912522304
3.1723804912522304
3.1723804912522304
3.1632456350240004
3.1632456350240004
3.1632456350240004
3.1632456350240004
3.166933151018079
3.165378968977538
3.165378968977538
3.1783200802613143
3.1783200802613143
3.1599475778578716
3.1599475778578716
3.1599475778578716
3.162407910606256
3.162407910606256
3.162407910606256
3.166832772731549
3.166832772731549
3.176139702765633
3.176139702765633
3.196196927943391
3.196196927943391
3.1978826999428986
3.1978826999428986
3.1775058374347904
3.1775058374347904
3.1775058374347904
3.1775058374347904
3.1775058374347904
3.1775058374347904
3.1775058374347904
3.1775058374347904
3.1775058374347904
3.1995001169804262
3.207049265949266
3.207049265949266
3.207049265949266
3.207049265949266
3.201010062045128
3.201010062045128
3.201010062045128
3.201010062045128
3.2031111006813564
3.2031111006813564
3.2031111006813564
3.1999614097117357
3.199136722264183
3.1815692533502133
3.1815692533502133
3.171593120674668
3.171593120674668
3.20393968854156
3.1971581082747216
3.1971581082747216
3.1900152669897395
3.2204785555548554
3.2204785555548554
3.2099822669732303
3.220340057802878
3.220340057802878
3.2077288378509063
3.2077288378509063
3.199330615635619
3.199330615635619
3.1914091418144874
3.2003567193202693
3.1995459441169576
3.2055146925911915
3.2055146925911915
3.2061767910580716
3.1980662508174014
3.1799591535380776
3.1951376659357855
3.205667185302558
3.171215394740164
3.171215394740164
3.171215394740164
3.187359256221243
3.187359256221243
3.187359256221243
3.187359256221243
3.1989749688077933
3.1734732449644887
3.1839833732032345
3.1891101228334997
3.180283518490016
3.2091005818700733
3.2091005818700733
3.201703790661583
3.192842126146095
3.1901560404200295
3.177195623331398
3.180227964974265
3.1992659660437504
3.1992659660437504
3.2111292308728805
3.2111292308728805
3.2047356318495206
3.188814188639874
3.1863208694498417
3.183444072715867
3.176874208005719
3.176874208005719
3.1843474036940096
3.1843474036940096
3.1843474036940096
3.1843474036940096
3.188837480748458
3.188837480748458
3.167913273048105
3.1751727672279952
3.1751727672279952
3.1654532884436244
3.1822246088871013
3.1822246088871013
3.184330003336314
3.184330003336314
3.184330003336314
3.179629319064035
3.1712012942613357
3.1683942484310412
3.1683942484310412
3.173675446769632
3.173675446769632
3.168629644445788
3.182412802163547
3.1878341342862564
3.1878341342862564
3.195522669677561
3.195522669677561
3.2041489145895508
3.1954897026632407
3.1870384722610594
3.1870384722610594
3.1870384722610594
3.1786009469792895
3.1786009469792895
3.1786009469792895
3.1786009469792895
3.1786009469792895
3.1786009469792895
3.18248325713077
3.18248325713077
3.1920636471491286
3.1866448701667434
3.1866448701667434
3.1866448701667434
3.1866448701667434
3.1866448701667434
3.1866448701667434
3.196255780930971
3.1823378068696364
3.1831514996694574
3.1831514996694574
3.1831514996694574
3.1831514996694574
3.1882731400977096
3.1882731400977096
3.1956344081826185
3.1956344081826185
3.1956344081826185
3.19591750133915
3.19591750133915
3.19591750133915
3.203357753653113
3.2017986695951177
3.2017986695951177
3.206053633750785
3.196937783105846
3.193451951734286
3.193451951734286
3.193451951734286
3.193451951734286
3.1872920996994587
3.1872920996994587
3.194426441101494
3.187505478858851
3.195659013163497
3.176930698051463
3.1870533704887576
3.1870533704887576
3.1870533704887576
3.1999870111377176
3.1818663218796894
3.1818663218796894
3.1976739778896577
3.201809634804128
3.1784179301520212
3.1784179301520212
3.1883477234273863
3.1883477234273863
3.190419443909206
3.190419443909206
3.190419443909206
3.1958661908211785
3.1958661908211785
3.1958661908211785
3.1917108626482023
3.1917108626482023
3.1929673901907076
3.1929673901907076
3.1929673901907076
3.1929673901907076
3.2050424595697184
3.20167928376079
3.1863112295774805
3.2068638855872234
3.1949443778465905
3.1949443778465905
3.1949443778465905
3.172691433934288
3.172691433934288
3.172691433934288
3.1766100349687196
3.173784971889418
3.173784971889418
3.173784971889418
3.1810925929260114
3.1810925929260114
3.1684556329094162
3.1684556329094162
3.1684556329094162
3.1684556329094162
3.1709739535323003
3.1709739535323003
3.174948881712467
3.174948881712467
3.175802094481265
3.180092251609782
3.1734257132028603
3.17195095476828
3.17195095476828
3.17195095476828
3.17195095476828
3.17195095476828
3.17195095476828
3.17195095476828
3.181210217455201
3.1768559608207294
3.1768559608207294
3.186992043231747
3.186992043231747
3.186992043231747
3.1818337852372744
3.1818337852372744
3.1929470223343572
3.185860662261021
3.196370663861956
3.196370663861956
3.196370663861956
3.196370663861956
3.2087490167098136
3.2136313676867805
3.2136313676867805
3.2146938258306843
3.195563381115813
3.1958661772241617
3.1958661772241617
3.1918671915836185
3.2004166769886133
3.2256186213231177
3.2256186213231177
3.201674774814091
3.224238363991377
3.224238363991377
3.23078753790198
3.2250324848547076
3.225505311380236
3.194459297256624
3.2132097048385693
3.2132097048385693
3.2249535780124754
3.2249535780124754
3.2110637364929433
3.1911026967759266
3.1911026967759266
3.1911026967759266
3.1911026967759266
3.1911026967759266
3.1911026967759266
3.184661176399491
3.1903022478578245
3.1903022478578245
3.1903022478578245
3.1903022478578245
3.196218015450659
3.196218015450659
3.191698467684416
3.1761206823375066
3.1761206823375066
3.1806079327513626
3.1806079327513626
3.1869661923861643
3.1869661923861643
3.1869661923861643
3.1881313533953533
3.1955999840349247
3.1917825635986956
3.1839316922092222
3.1816499495052426
3.1816499495052426
3.1816499495052426
3.176594412914181
3.19529896842061
3.183110638280978
3.21698626558707
3.21698626558707
3.2043989560481423
3.2022275996236695
3.1799350806858575
3.215818234545945
3.215818234545945
3.215818234545945
3.231370672076757
3.2221500629645927
3.2057834225498527
3.2057834225498527
3.2057834225498527
3.2057834225498527
3.2057834225498527
3.2114547342888513
3.2114547342888513
3.2114547342888513
3.2114547342888513
3.2114547342888513
3.2026869403675984
3.220009871013429
3.220009871013429
3.201057585259083
3.201057585259083
3.225567996215176
3.217443932910633
3.2068248822063867
3.1989774204014836
3.1989774204014836
3.1989774204014836
3.1989774204014836
3.1989774204014836
3.1989774204014836
3.1989774204014836
3.1989774204014836
3.199016384764383
3.199016384764383
3.2068134203061125
3.2071483882121528
3.1916730976616132
3.1970605637187406
3.195156370353933
3.2046219033774292
3.2143624961203217
3.218080351708027
3.2320939911570905
3.2320939911570905
3.205964092201206
3.205964092201206
3.205964092201206
3.2094301177914657
3.2094301177914657
3.2063378485499934
3.2063378485499934
3.2063378485499934
3.204180808467813
3.1958393687893536
3.1958393687893536
3.2071116321524613
3.2071116321524613
3.2071116321524613
3.2192854310642254
3.2192854310642254
3.2187861624841037
3.209585031354453
3.18260583814631
3.18260583814631
3.18260583814631
3.18260583814631
3.18260583814631
3.18260583814631
3.18260583814631
3.20564784724125
3.20564784724125
3.213854082127021
3.230754480805042
3.2168886699849453
3.2028739942820987
3.220183868962317
3.2171156904594786
3.21207112561644
3.21207112561644
3.21207112561644
3.192766144201781
3.2095843138084645
3.2120205305965706
3.177732841591255
3.1841555427290973
3.1932278750309786
3.161943445325946
3.161943445325946
3.1605063763622256
3.1605063763622256
3.1605063763622256
3.169805045360908
3.173979457767672
3.20025376759079
3.196047192877737
3.196047192877737
3.196047192877737
3.1897293524524937
3.1897293524524937
3.191228000917533
3.191228000917533
3.191228000917533
3.191228000917533
3.191228000917533
3.191228000917533
3.1841298900221466
3.169340097033775
3.1636439781441488
3.192421395400362
3.1910877466020344
3.1910877466020344
3.2179539109104254
3.2179539109104254
3.2094783959246804
3.2094783959246804
3.207632851132492
3.190345257868071
3.2182969345910606
3.2083229272685116
3.2083229272685116
3.1898534036711386
3.209255060557128
3.209255060557128
3.209255060557128
3.209255060557128
3.206396774906703
3.206396774906703
3.1990515835685436
3.1996639407342253
3.1996639407342253
3.1996639407342253
3.1996639407342253
3.1996639407342253
3.2042355082189204
3.2019377753967
3.1992504062736304
3.1992504062736304
3.1992504062736304
3.1992504062736304
3.2048968701779774
3.2048968701779774
3.210183284208932
3.217871287838217
3.218854417296956
3.199144605380233
3.199144605380233
3.190043314697681
3.190043314697681
3.190043314697681
3.190043314697681
3.214112222455734
3.2131873559756623
3.2131873559756623
3.2131873559756623
3.205860569868445
3.2027046463793063
3.2027046463793063
3.2260756618610325
3.2260756618610325
3.2260756618610325
3.2177039868107595
3.2243614304438433
3.2243614304438433
3.2243614304438433
3.2243614304438433
3.2243614304438433
3.2243614304438433
3.221000977881749
3.221000977881749
3.221000977881749
3.228515196541213
3.228515196541213
3.211051269567668
3.211051269567668
3.191927961082719
3.191927961082719
3.191927961082719
3.1926285432705215
3.1926285432705215
3.1972807004946686
3.1972807004946686
3.184750708124729
3.184750708124729
3.184750708124729
3.1919203331051325
3.1919203331051325
3.1847541546251907
3.1589086848078853
3.1589086848078853
3.1912029529850128
3.1871042027655814
3.175120891201206
3.175120891201206
3.175120891201206
3.173770005456385
3.1686003865084187
3.1906727249462508
3.1906727249462508
3.173771123461257
3.173771123461257
3.173771123461257
3.2043739145645853
3.2043739145645853
3.202652943369816
3.174999891570444
3.174999891570444
3.174999891570444
3.174999891570444
3.174999891570444
3.1884526187938365
3.1884526187938365
3.199927518399529
3.2119675187465195
3.2013711656415027
3.2013711656415027
3.202818368266963
3.202818368266963
3.202818368266963
3.204213331434338
3.2068519802052737
3.2068519802052737
3.1745250597164816
3.1745250597164816
3.1745250597164816
3.193962595089325
3.193962595089325
3.2048772328123847
3.1988855383438475
3.210777179589041
3.210777179589041
3.1894001448608225
3.1786898413149003
3.1786898413149003
3.1879051118051045
3.1879051118051045
3.1879051118051045
3.200186958176157
3.2107615466796564
3.2107615466796564
3.2077807352026753
3.2077807352026753
3.2077807352026753
3.2077807352026753
3.2077807352026753
3.222307488457372
3.204813925783795
3.1947962129154703
3.1947962129154703
3.20197975980245
3.1941823439018315
3.199818879735339
3.199818879735339
3.205148336838071
3.205148336838071
3.205148336838071
3.1987491123214458
3.1987491123214458
3.1987491123214458
3.1987491123214458
3.1987491123214458
3.1987491123214458
3.215337190269098
3.215337190269098
3.197954609109201
3.1813604508594397
3.1813604508594397
3.181062652658747
3.181062652658747
3.181062652658747
3.181062652658747
3.1896778559401406
3.2010091962387315
3.203430416169451
3.203430416169451
3.203430416169451
3.1936338705056357
3.1772655475347946
3.1772655475347946
3.1925562795022593
3.229492879200038
3.229492879200038
3.2150968246446463
3.198677078709671
3.219175748702713
3.219175748702713
3.231333603438136
3.231333603438136
3.2182403779315725
3.218330998632863
3.218330998632863
3.2083591231266855
3.2083591231266855
3.182796643222197
3.182796643222197
3.1889890629982682
3.18028897640078
3.199039114399832
3.199039114399832
3.199039114399832
3.199039114399832
3.199039114399832
3.199039114399832
3.199039114399832
3.199039114399832
3.1989743687045316
3.1989743687045316
3.1989743687045316
3.2015805222677836
3.18455103376559
3.190666560039264
3.1849535128709703
3.1879301879907738
3.1879301879907738
3.1879301879907738
3.2009799274537327
3.2009799274537327
3.2009799274537327
3.211829994379077
3.211829994379077
3.211829994379077
3.211829994379077
3.1983435641435496
3.1983435641435496
3.1917419802582008
3.2103151710422133
3.2103151710422133
3.1932733098763397
3.2232039441373925
3.236899567119651
3.234545548942638
3.2378072107369085
3.2378072107369085
3.2388833775288366
3.1877389963663396
3.1851023225733917
3.1870283478850907
3.2158425923239986
3.2134777180313936
3.2035506651411536
3.190629318822759
3.1933992667576496
3.2066918641156135
3.2160668086521884
3.197874810442889
3.197874810442889
3.235402000696696
3.235402000696696
3.2402532961810344
3.2402532961810344
3.2402532961810344
3.236694215180391
3.237608858815461
3.237608858815461
3.237608858815461
3.2212842429687933
3.2248175584154017
3.243041394273397
3.243041394273397
3.2336944593977144
3.2336944593977144
3.2336944593977144
3.2189255840403104
3.2438554975185347
3.247002781744238
3.247002781744238
3.247002781744238
3.247002781744238
3.247002781744238
3.250884426828527
3.228662171835575
3.230665507355195
3.2232837359965663
3.211555915069713
3.2133037923615513
3.2225471080283143
3.2225471080283143
3.232545138228622
3.230364784683959
3.225146838596579
3.2094061053422736
3.2263734814437197
3.2263734814437197
3.227839778419685
3.2120207395050895
3.2061625602119754
3.2061625602119754
3.2061625602119754
3.2061625602119754
3.2086441635017744
3.2373785484930155
3.213846113630746
3.213846113630746
3.213846113630746
3.2194170123270345
3.2194170123270345
3.19361830309769
3.1919481607022506
3.201144646122892
3.201144646122892
3.201144646122892
3.1895202642367404
3.1942245884639595
3.1942245884639595
3.199022633519015
3.199022633519015
3.209366117251464
3.209366117251464
3.209366117251464
3.224873874933143
3.2224028197684658
3.2080795628529293
3.184888768171578
3.190871132118064
3.190871132118064
3.217313869691195
3.217313869691195
3.195925905932306
3.1979088958108854
3.1976158119538147
3.1976158119538147
3.2121957000480696
3.203608257141391
3.203608257141391
3.1907252795680296
3.189818566314045
3.189818566314045
3.189818566314045
3.189818566314045
3.21521951657063
3.21521951657063
3.21521951657063
3.21521951657063
3.21521951657063
3.202827560230704
3.202827560230704
3.202827560230704
3.202827560230704
3.2286900468045148
3.2286900468045148
3.208363729182808
3.208363729182808
3.2084420502477218
3.208440889504674
3.208440889504674
3.208440889504674
3.2140826995965024
3.1983269637235225
3.1983269637235225
3.1852952293382613
3.1879107680101764
3.214775738571119
3.214775738571119
3.208821094884699
3.203671261194139
3.2013190844481443
3.1924197951365403
3.1924197951365403
3.1924197951365403
3.1830439287550774
3.1784148751349375
3.1943005023053264
3.1966540324794606
3.199503540026243
3.199503540026243
3.199503540026243
3.1982487064923157
3.1982487064923157
3.1989280736003303
3.1989280736003303
3.187758152974851
3.187758152974851
3.187758152974851
3.179537533336226
3.198175838665031
3.198175838665031
3.198175838665031
3.198175838665031
3.192593578245492
3.192593578245492
3.192593578245492
3.201381405186591
3.201381405186591
3.201381405186591
3.1924022588914522
3.1924022588914522
3.1804261944527594
3.1804261944527594
3.197989616397202
3.1639489816661786
3.197517754243149
3.178610974111241
3.1837754192206833
3.1856250092839633
3.1946570256108213
3.1946570256108213
3.192770914995411
3.192770914995411
3.1837989896183627
3.1837989896183627
3.1837989896183627
3.1823344967663627
3.199590207081282
3.1967207453971267
3.202899109440032
3.2113218394151706
3.2113218394151706
3.2113218394151706
3.2036605315455424
3.2051725211113418
3.2051725211113418
3.226790087310813
3.1941129266533914
3.1749872326962425
3.1749872326962425
3.1749872326962425
3.178603612826222
3.178603612826222
3.178603612826222
3.178603612826222
3.1635343822548423
3.1635343822548423
3.1663406322725023
3.1663406322725023
3.1663406322725023
3.1663406322725023
3.1663406322725023
3.1734917786982706
3.161739067366805
3.1640981776964376
3.16784045684365
3.185011648066104
3.2001293734624934
3.2001293734624934
3.1936480961724967
3.1936480961724967
3.1936480961724967
3.204440708565219
3.204440708565219
3.204440708565219
3.1817371915208796
3.1817371915208796
3.1817371915208796
3.1759400142225283
3.192717417254146
3.196925231620418
3.196925231620418
3.196925231620418
3.2235523690196457
3.2235523690196457
3.2235523690196457
3.1952682915976327
3.1952682915976327
3.199653822995579
3.2075538023746017
3.2075538023746017
3.198027317490844
3.198027317490844
3.1975051051002357
3.1812922650792577
3.1812922650792577
3.18067113374136
3.179450829255638
3.179450829255638
3.1953952030942525
3.1953952030942525
3.224255753301135
3.2165419826231005
3.2041418738200886
3.2080948616311447
3.2080948616311447
3.1983040796608937
3.202606387514815
3.187554012124911
3.187554012124911
3.187554012124911
3.187554012124911
3.197468882423968
3.192496096756162
3.189338701754683
3.189338701754683
3.189338701754683
3.189338701754683
3.196852060413755
3.198101464554659
3.198101464554659
3.1992906589367505
3.1934835945305715
3.1934835945305715
3.176466623368703
3.1892655924193565
3.199487788304566
3.203836918723169
3.203836918723169
3.203836918723169
3.2060380477990287
3.2060380477990287
3.2059070173891975
3.2059070173891975
3.2059070173891975
3.1902476127826986
3.1902476127826986
3.1902476127826986
3.1902476127826986
3.1902476127826986
3.1857949414894393
3.1964440778699865
3.1964440778699865
3.1929821261022666
3.1929821261022666
3.200991628394418
3.1874038326839726
3.1874038326839726
3.1848029384784486
3.1848029384784486
3.1848029384784486
3.1848029384784486
3.2246590401532247
3.2246590401532247
3.214304108877069
3.2147363294782636
3.2025215988424227
3.1963517432336395
3.1963517432336395
3.2130189410692895
3.2130189410692895
3.2130189410692895
3.2130189410692895
3.199339393984351
3.1951073871919826
3.2194414585655835
3.2194414585655835
3.2163018339084863
3.1891817176012824
3.1891817176012824
3.203156068419768
3.203156068419768
3.205095886964137
3.205095886964137
3.205095886964137
3.205095886964137
3.21531022345953
3.21531022345953
3.21531022345953
3.21531022345953
3.21531022345953
3.2173500312049343
3.2173500312049343
3.2089103377972457
3.2089103377972457
3.20108491444614
3.20108491444614
3.2072349567657636
3.2072349567657636
3.215549293237557
3.2039146386947284
3.208707682359793
3.223496369565634
3.2158104038958673
3.2158104038958673
3.2164243677376123
3.2164243677376123
3.2198474889202795
3.2198474889202795
3.20554752692794
3.20554752692794
3.19511274859496
3.2251843026637115
3.2251843026637115
3.223599580667523
3.223599580667523
3.209664944419483
3.209664944419483
3.209664944419483
3.1776657165200866
3.2045547701561827
3.2045547701561827
3.2050968278723255
3.1895822375178846
3.1895822375178846
3.1895822375178846
3.1895822375178846
3.1895822375178846
3.1976877726558603
3.204986702647288
3.204986702647288
3.206404419742876
3.2060777990698672
3.2060777990698672
3.2060777990698672
3.2060777990698672
3.2060777990698672
3.205622408695173
3.205622408695173
3.205622408695173
3.205622408695173
3.2104261094403204
3.201577888769696
3.201577888769696
3.201577888769696
3.201577888769696
3.2199273817290712
3.2199273817290712
3.2199273817290712
3.1939815377824003
3.197905088330688
3.197905088330688
3.1956141200615766
3.1956141200615766
3.2005379653662875
3.2005379653662875
3.186200465709575
3.186200465709575
3.184141399490441
3.189822605073678
3.1997751841357993
3.1997751841357993
3.1997751841357993
3.184024903341299
3.184024903341299
3.184024903341299
3.182099620490869
3.1922083169411426
3.179273182054901
3.179273182054901
3.188018172579744
3.188018172579744
3.1824785864770315
3.1824785864770315
3.171262232156161
3.184587091872348
3.184587091872348
3.193785912799211
3.187751930976089
3.187751930976089
3.184448431944929
3.184448431944929
3.184448431944929
3.184448431944929
3.184448431944929
3.184448431944929
3.184448431944929
3.184448431944929
3.184448431944929
3.180017422394755
3.213416005535553
3.22300381795981
3.2037044507274066
3.209290998974262
3.203037080359712
3.174512314967578
3.188176597409199
3.1881973158520314
3.1942260691416835
3.201028699578638
3.22346757056847
3.22346757056847
3.2227181058196006
3.2227181058196006
3.2227181058196006
3.2227181058196006
3.2227181058196006
3.217423050173072
3.192071410166903
3.192071410166903
3.2103839043068305
3.2103839043068305
3.218982225213207
3.216299091879577
3.216299091879577
3.216299091879577
3.212617450144874
3.198656899071902
3.187713186137429
3.187713186137429
3.187713186137429
3.183003129844253
3.1873385359024513
3.162599865228421
3.204647544377328
3.1798916973047735
3.1798916973047735
3.1580766780373963
3.1795438935574043
3.1795438935574043
3.1795438935574043
3.1795438935574043
3.1793101325120112
3.1793101325120112
3.175603413731988
3.175603413731988
3.1751041345559643
3.203221580416187
3.203221580416187
3.209556676732592
3.215380871595973
3.21202259912525
3.2018611012230127
3.2018611012230127
3.2018611012230127
3.2018611012230127
3.218886634196407
3.1992520157946105
3.208940812019864
3.2017226070993896
3.2017226070993896
3.2017226070993896
3.199685836512478
3.211991110397643
3.211991110397643
3.205052859199819
3.212239202372821
3.191234835864409
3.195209043011859
3.1987438446480816
3.1987438446480816
3.2069909117914572
3.1874585524313312
3.1874585524313312
3.1674601856505316
3.183796259864233
3.183796259864233
3.155494546695899
3.1726068283805344
3.1860913498912247
3.1860913498912247
3.1860913498912247
3.181525604067379
3.16856616981139
3.16856616981139
3.16856616981139
3.16856616981139
3.1951353524598285
3.1758486730031334
3.1769663542953683
3.1769663542953683
3.177427071650708
3.185682497741032
3.185682497741032
3.205265737221876
3.205265737221876
3.187477240269911
3.187477240269911
3.187477240269911
3.187477240269911
3.2001487162789974
3.2001487162789974
3.2001487162789974
3.2001487162789974
3.20219255307915
3.20219255307915
3.20219255307915
3.20219255307915
3.20219255307915
3.20219255307915
3.204776699516673
3.204776699516673
3.2032235566067726
3.2032235566067726
3.2032235566067726
3.2032235566067726
3.1992028697002675
3.1992028697002675
3.2172793541335682
3.2172793541335682
3.2172793541335682
3.2068298693458908
3.2029529555642173
3.2029529555642173
3.2029529555642173
3.191461821039507
3.191461821039507
3.191461821039507
3.1903508853879177
3.1903508853879177
3.1903508853879177
3.1800767818826596
3.19054871494114
3.19054871494114
3.19054871494114
3.19054871494114
3.19054871494114
3.19054871494114
3.2040713919054413
3.196929669522144
3.1897555302963423
3.1887775767552613
3.1887775767552613
3.1753188636341276
3.1753188636341276
3.1753188636341276
3.1633100198029545
3.1633100198029545
3.1849519755982345
3.1670617512672132
3.1670617512672132
3.1665771258008273
3.1665771258008273
3.169918359542698
3.1768582539705696
3.17869644790249
3.17869644790249
3.1726091969290335
3.1732112950310802
3.1688661883483644
3.18720640916893
3.185434409748978
3.178745172197835
3.1801588313656897
3.166134500165658
3.166134500165658
3.166134500165658
3.190614298812107
3.178651346250221
3.176493790101175
3.176493790101175
3.179216995404998
3.1858206388431296
3.1858206388431296
3.191906953872022
3.191906953872022
3.1915494815568843
3.1915494815568843
3.1915494815568843
3.1915494815568843
3.199789656578467
3.186440646334094
3.181355647941948
3.1712468601313035
3.1712468601313035
3.1712468601313035
3.173637126186016
3.183456626275435
3.183456626275435
3.1704480787791645
3.1704480787791645
3.168848146589932
3.1834646047973933
3.1834646047973933
3.201939832289525
3.174528379872052
3.1831513151947943
3.205443694491771
3.1978710087982276
3.1978710087982276
3.213967800966809
3.1949159957045334
3.208367703866036
3.208246758683358
3.1909252893060316
3.1909252893060316
3.198742244292585
3.198742244292585
3.198742244292585
3.193442317901072
3.1932804281550276
3.1932804281550276
3.1932804281550276
3.1932804281550276
3.2020589241116753
3.2020589241116753
3.200669484297986
3.200669484297986
3.203871414017619
3.203871414017619
3.203871414017619
3.2123179768398673
3.2123179768398673
3.2123179768398673
3.2149281016243116
3.209163575110411
3.209163575110411
3.209163575110411
3.208857429177812
3.2082461659181294
3.208020799125585
3.208020799125585
3.208020799125585
3.1839503021356688
3.1839503021356688
3.1839503021356688
3.177170211290476
3.177170211290476
3.177170211290476
3.1611536948688834
3.1611536948688834
3.1713209802678675
3.1713209802678675
3.1713209802678675
3.1713209802678675
3.1763207065845966
3.1763207065845966
3.176438150025173
3.1792626889724165
3.1792626889724165
3.1792626889724165
3.1792626889724165
3.1936546016447043
3.1936546016447043
3.187639159294971
3.187639159294971
3.187639159294971
3.1798587199910933
3.1798587199910933
3.1798587199910933
3.1798587199910933
3.18593265789643
3.1944732638924433
3.204646294387281
3.1924070236176743
3.1720400528979584
3.1720400528979584
3.1933296301266854
3.1894546414652742
3.1894546414652742
3.1971134560025916
3.2053103932817835
3.2053103932817835
3.2053103932817835
3.189042966906606
3.189042966906606
3.189042966906606
3.1696595402245724
3.172185168100446
3.1849773273299715
3.1849773273299715
3.1845159730172545
3.1845159730172545
3.1845159730172545
3.1845159730172545
3.1845159730172545
3.1845159730172545
3.178674819196213
3.178674819196213
3.178674819196213
3.178674819196213
3.184929864135686
3.182242626949244
3.182242626949244
3.1887800554581713
3.1887800554581713
3.1950074147123644
3.200362685462047
3.1977421378301925
3.1981607261900264
3.1915943400615943
3.18671426707622
3.18671426707622
3.18671426707622
3.1939117276655136
3.1939117276655136
3.1939117276655136
3.189684793172458
3.1737860682496843
3.1737860682496843
3.1737860682496843
3.1737860682496843
3.1737860682496843
3.1737860682496843
3.1846915057701866
3.1846915057701866
3.177508573121147
3.177508573121147
3.1777324488571885
3.1798432649081376
3.180734686759064
3.1922508932392555
3.184496133145505
3.2135017127827323
3.2135017127827323
3.205682248598676
3.2217296510950937
3.2217296510950937
3.2217296510950937
3.2465741106224435
3.2505305009749494
3.2505305009749494
3.2505305009749494
3.2243905940902846
3.2267729954179805
3.223276649552221
3.218115912936683
3.218115912936683
3.215425788304906
3.2225567696894597
3.2225567696894597
3.2075388644770833
3.208347244847231
3.226033006484746
3.226033006484746
3.204308652197372
3.2062000724650708
3.2062000724650708
3.2009100580148595
3.2009100580148595
3.2009100580148595
3.2154840772062454
3.2154840772062454
3.220403364770507
3.220403364770507
3.2196433012927215
3.231691564832109
3.232389385470128
3.2140458705714456
3.2140458705714456
3.2140458705714456
3.2140458705714456
3.187802491895881
3.211140450648546
3.216126063010719
3.2156292393384973
3.2156292393384973
3.236302336139117
3.236302336139117
3.236302336139117
3.236302336139117
3.236302336139117
3.21523807084839
3.216928157013054
3.219702274426409
3.2307406292835332
3.202906016540936
3.202906016540936
3.202906016540936
3.202906016540936
3.202906016540936
3.202906016540936
3.202906016540936
3.2033595663021637
3.2033595663021637
3.2033595663021637
3.2033595663021637
3.2033595663021637
3.2024346127098355
3.178184479570464
3.1955987953256724
3.2090702646001636
3.2090702646001636
3.2090702646001636
3.2090702646001636
3.1983601730734414
3.1983601730734414
3.2019181594132853
3.1886432223100707
3.1886432223100707
3.1886432223100707
3.1886432223100707
3.1886432223100707
3.200852722488326
3.200852722488326
3.1946548858399257
3.204939074810244
3.2051450388652545
3.2051450388652545
3.2051450388652545
3.200027354490574
3.200027354490574
3.219213704657688
3.1978887889328527
3.210107799279108
3.1952689065316955
3.1952689065316955
3.2045616391782876
3.2045616391782876
3.201189515595187
3.201189515595187
3.18177105149659
3.1860013030341667
3.1860013030341667
3.1860013030341667
3.1860013030341667
3.1860013030341667
3.1860013030341667
3.200244422022359
3.1924028441229204
3.1924028441229204
3.179471995735018
3.179471995735018
3.1825051474741186
3.1825051474741186
3.182325284813194
3.182325284813194
3.194395696139785
3.194395696139785
3.1792804298159947
3.187006430650377
3.182133428322588
3.1790300808824115
3.1839454768993116
3.1821683994318772
3.224317704244728
3.2109355584400947
3.19628894218569
3.1816469463466515
3.2028762249015528
3.2028762249015528
3.2135067568179676
3.2110451989051527
3.219296121283771
3.219296121283771
3.20880492036947
3.20880492036947
3.20880492036947
3.2078096115909767
3.2078096115909767
3.218729400526482
3.238125962441306
3.241504686322351
3.241504686322351
3.2368872746619397
3.230833766839672
3.197293683393287
3.2274955975308943
3.2274955975308943
3.212118658664611
3.2059312424145947
3.223603434116926
3.223603434116926
3.2399937410621114
3.222512311785609
3.222512311785609
3.219370190391545
3.217613647113336
3.217613647113336
3.217613647113336
3.217613647113336
3.210807447100454
3.1990036892315157
3.1990036892315157
3.201096051919886
3.1990181563063502
3.191054684304248
3.1999892691369847
3.1835973740877392
3.1835973740877392
3.1835973740877392
3.1835973740877392
3.184320167538767
3.183679008232027
3.183679008232027
3.1987289094033433
3.1987289094033433
3.197330376761139
3.206364007429764
3.1751403346900418
3.1842011037268536
3.1735485564250725
3.1805701748536
3.1805701748536
3.1805701748536
3.1787345717081124
3.186121037434216
3.186121037434216
3.186121037434216
3.186121037434216
3.19000056408968
3.186742318881261
3.192204903244755
3.1803195378665623
3.1803195378665623
3.1803195378665623
3.1806696328905195
3.191185965804569
3.1978552344960027
3.2116881404295468
3.2116881404295468
3.1991565902560852
3.1991565902560852
3.1991565902560852
3.2004808390326107
3.2023900466490636
3.2023900466490636
3.2333803930454765
3.222114881808142
3.222114881808142
3.207102471839674
3.207102471839674
3.207102471839674
3.207102471839674
3.2149993573802296
3.224661870236555
3.224661870236555
3.2146568115977634
3.207751713374713
3.2080775426163024
3.2080775426163024
3.1891265123729173
3.1891265123729173
3.1891265123729173
3.1690151694609847
3.1690151694609847
3.1690151694609847
3.1801439048395794
3.179848608087371
3.179848608087371
3.177312874869199
3.177312874869199
3.177312874869199
3.177312874869199
3.180782932312438
3.180782932312438
3.172611045483043
3.1888237107781547
3.1888237107781547
3.1888237107781547
3.1905520347789222
3.171338505216824
3.172122019757507
3.1812330988847357
3.204785817281038
3.2043708014800405
3.203391294624392
3.187388254535022
3.206451137935502
3.1916880663678073
3.1811585732937426
3.18949452266555
3.1999837803939313
3.2084466891068404
3.2084466891068404
3.2084466891068404
3.198408645132902
3.202335400415034
3.1957738867176073
3.187957301859655
3.189399985935515
3.1977085731912385
3.1977085731912385
3.1977085731912385
3.1977085731912385
3.2021787503539336
3.213963208783561
3.2261438857506954
3.2261438857506954
3.2261438857506954
3.2261438857506954
3.2261438857506954
3.215510708177544
3.2099762081019247
3.2293420485885145
3.220741924632161
3.2286256892190326
3.2286256892190326
3.236278718885982
3.235461367694961
3.235461367694961
3.237850397470296
3.237850397470296
3.226764839353164
3.226764839353164
3.206962370094762
3.206962370094762
3.206962370094762
3.212833138684894
3.2121478982174296
3.2244194237240147
3.2244194237240147
3.2280959232073503
3.2226805829530867
3.2251976752260707
3.219813732986372
3.1933970440636337
3.1933970440636337
3.2166250889178682
3.2197796487135295
3.2028908568543852
3.2028908568543852
3.2028908568543852
3.2028908568543852
3.2028908568543852
3.2028908568543852
3.2028908568543852
3.2028908568543852
3.2018443619506334
3.2018443619506334
3.2149488809086266
3.2149488809086266
3.2149488809086266
3.1974005727168406
3.186651387559397
3.186651387559397
3.186651387559397
3.171528115727414
3.2141990525609083
3.2141990525609083
3.218397259159471
3.2100245313072198
3.199215273794612
3.190445962166671
3.21077209166234
3.21077209166234
3.191329186193147
3.191329186193147
3.2254113651676697
3.2254113651676697
3.2254113651676697
3.198494687541796
3.198494687541796
3.205527738373973
3.205527738373973
3.205527738373973
3.2168694584989046
3.2248067724010254
3.1990445132609353
3.1990445132609353
3.1990445132609353
3.2113421333430656
3.209372033625731
3.209372033625731
3.1914839824657237
3.1914839824657237
3.1914839824657237
3.2140031105619538
3.2019191276663617
3.1927396169851443
3.1927396169851443
3.1927396169851443
3.1927396169851443
3.202020421399597
3.202020421399597
3.202020421399597
3.202020421399597
3.202020421399597
3.1925089406613725
3.1925089406613725
3.1925089406613725
3.1925089406613725
3.1925089406613725
3.210028013405851
3.2101305457150993
3.2101305457150993
3.2101305457150993
3.2101305457150993
3.2101305457150993
3.2101305457150993
3.2101305457150993
3.216203948153294
3.206097254453902
3.196982454011989
3.196982454011989
3.236601094314118
3.236601094314118
3.215628303932031
3.215628303932031
3.213711805950293
3.213711805950293
3.213711805950293
3.213711805950293
3.213711805950293
3.213711805950293
3.2118914161179863
3.2118914161179863
3.2118914161179863
3.2118914161179863
3.2076607246990414
3.207418153270224
3.207418153270224
3.1927274370364285
3.1927274370364285
3.1975188691732725
3.1975188691732725
3.1975188691732725
3.2002683969591708
3.2002683969591708
3.1964019116856046
3.216987705366617
3.216987705366617
3.221982094165833
3.2128422567168378
3.2128422567168378
3.207044612732842
3.189048249857509
3.189048249857509
3.189048249857509
3.189048249857509
3.189048249857509
3.1946627484213534
3.1946627484213534
3.1946627484213534
3.194566809943144
3.1992933552426743
3.222809727664765
3.222809727664765
3.216322441115989
3.1970303184746696
3.194494229106476
3.195556735043844
3.2243479791169074
3.2243479791169074
3.2243479791169074
3.2243479791169074
3.2243479791169074
3.2301489904635408
3.2301489904635408
3.194613698768899
3.194613698768899
3.194613698768899
3.189946685053816
3.1702463847587383
3.1702463847587383
3.1685994228136924
3.1823628694271795
3.1823628694271795
3.1823628694271795
3.1823628694271795
3.1739165549461936
3.165225402502522
3.1721127178700215
3.17270646839316
3.17270646839316
3.175169285238647
3.1729136678266654
3.175325832508148
3.1660352702303145
3.1660352702303145
3.1710342911377336
3.1883989726218447
3.183998650492974
3.200573926526371
3.2027302734963348
3.2027302734963348
3.194978534686912
3.194978534686912
3.194978534686912
3.194978534686912
3.1946489498274993
3.1946489498274993
3.1946489498274993
3.202344564893059
3.202344564893059
3.200622943766665
3.200622943766665
3.200622943766665
3.1948477800430997
3.190978487477347
3.190978487477347
3.189086394553076
3.189086394553076
3.189086394553076
3.188141439087401
3.188141439087401
3.183819531665628
3.183819531665628
3.183819531665628
3.19614015402898
3.196511073143854
3.196511073143854
3.1944254225578987
3.16913349787457
3.1711411380590686
3.1711411380590686
3.1711411380590686
3.1711411380590686
3.2056278847738966
3.2056278847738966
3.207934565928592
3.207934565928592
3.216347909740984
3.216347909740984
3.2077488923463267
3.18839273084229
3.2063935965268158
3.2063935965268158
3.2063935965268158
3.2093735179282668
3.2093735179282668
3.2090735144525433
3.2090735144525433
3.2090735144525433
3.201687863524005
3.201687863524005
3.2136254057559777
3.232266941797151
3.2312156228712117
3.2312156228712117
3.2312156228712117
3.2291596052233005
3.2312532676336625
3.2312532676336625
3.2265934460373358
3.199022862560508
3.1890988439719026
3.2098253403372037
3.204098302821441
3.204098302821441
3.2103276072101377
3.2103276072101377
3.2103276072101377
3.210391789243298
3.2222180393694817
3.192355534493664
3.2059398277778053
3.2059398277778053
3.2059398277778053
3.1959237996226566
3.1959237996226566
3.1959237996226566
3.192965867531668
3.2012246592712366
3.20354391480802
3.20354391480802
3.2075702474475776
3.2075702474475776
3.200961189712358
3.199132123595251
3.190680489969376
3.205893128464348
3.195812929579713
3.174934162544107
3.1872134626158117
3.1887730313477918
3.1887730313477918
3.1887730313477918
3.1887730313477918
3.1887730313477918
3.1887730313477918
3.1823558841215798
3.1823558841215798
3.1839018447085157
3.1839018447085157
3.190084408741396
3.187843298614702
3.173820859755201
3.193315555495798
3.191381362214884
3.1848941252196585
3.1766325338256114
3.1766325338256114
3.1766325338256114
3.1766325338256114
3.1766325338256114
3.1790787967481333
3.1728523804717863
3.181204394479477
3.186779594710207
3.184338139182347
3.184338139182347
3.184338139182347
3.184338139182347
3.184338139182347
3.184338139182347
3.184338139182347
3.171151239729691
3.171151239729691
3.1762471587226635
3.1762471587226635
3.1900770937073184
3.1900770937073184
3.1900770937073184
3.2014016908249756
3.2080125525687424
3.2080125525687424
3.2080125525687424
3.2080125525687424
3.2080125525687424
3.2070803861276924
3.190397900816933
3.190397900816933
3.1782049401706023
3.1782049401706023
3.179555126977662
3.1697688686558374
3.1717639122056123
3.1707896417186356
3.1707896417186356
3.173089648328609
3.173089648328609
3.1805385251296383
3.1805385251296383
3.1805385251296383
3.1805385251296383
3.1805385251296383
3.1805385251296383
3.1805385251296383
3.1805385251296383
3.1805385251296383
3.198888450080409
3.198888450080409
3.195151616163018
3.2036686433646198
3.2036686433646198
3.2052052454636235
3.1995246269804167
3.2058768304766203
3.2058768304766203
3.1900516015674403
3.183632603279791
3.183632603279791
3.1824206709192953
3.1844826348591493
3.1844826348591493
3.1844826348591493
3.170126704195559
3.176019199262632
3.176019199262632
3.1807504437285226
3.1807504437285226
3.1807504437285226
3.1807504437285226
3.1761485335252786
3.1761485335252786
3.1761485335252786
3.1761485335252786
3.1761485335252786
3.1761485335252786
3.182299117058582
3.182299117058582
3.1824620715839065
3.1824620715839065
3.1863810197784646
3.1863810197784646
3.1863810197784646
3.1863810197784646
3.1948314126607236
3.178391651288217
3.178391651288217
3.1777952543870844
3.1777952543870844
3.1486094800066096
3.1536845587758635
3.1462325769067925
3.166868305915915
3.168947385099999
3.1617289264176813
3.2031208910976354
3.2085005509825737
3.2085005509825737
3.2085005509825737
3.2036443488169524
3.2195875861510523
3.2110736358607834
3.203989663479387
3.203989663479387
3.204779380815206
3.2148145873793004
3.2148145873793004
3.2148145873793004
3.209196064525915
3.209196064525915
3.2006113497318083
3.2124551818402853
3.2018049306049488
3.2001352233389815
3.2057461702778123
3.2057461702778123
3.2057461702778123
3.2057461702778123
3.2057461702778123
3.195247525848302
3.186037958961388
3.1810881493152268
3.1810881493152268
3.1849112096010743
3.1897376741558663
3.1897376741558663
3.1729894602740685
3.1729894602740685
3.1729894602740685
3.1729894602740685
3.1922383624788733
3.1922383624788733
3.1922383624788733
3.1922383624788733
3.203697528739957
3.203697528739957
3.191460270972663
3.191460270972663
3.2109724338432715
3.2109724338432715
3.2109724338432715
3.222904451761595
3.222904451761595
3.222904451761595
3.222904451761595
3.2222383785501534
3.2222383785501534
3.2256359455191914
3.2256359455191914
3.2256359455191914
3.2159194113567353
3.2217113636431014
3.2217113636431014
3.2160783885042292
3.2359474535656028
3.2325842201700614
3.2312118688247384
3.2312118688247384
3.206016332545694
3.206016332545694
3.206016332545694
3.206016332545694
3.206016332545694
3.206016332545694
3.209983377816565
3.202752163642567
3.214489212404332
3.214489212404332
3.207120891569466
3.207120891569466
3.1857144763325924
3.179708655008903
3.18109318467027
3.18109318467027
3.1619086265279686
3.1674674459570236
3.177288877832545
3.177288877832545
3.177288877832545
3.172667477242405
3.188152583369518
3.19737490272582
3.19737490272582
3.1823711536163253
3.17986722736116
3.17986722736116
3.1768012706269917
3.1768012706269917
3.1865834879199495
3.1826274881351977
3.1826274881351977
3.1986691273615073
3.19277708933573
3.19277708933573
3.188739314440592
3.188739314440592
3.2060002000037837
3.2060002000037837
3.177227268480948
3.1756652663418863
3.1756652663418863
3.187830853143909
3.187830853143909
3.187830853143909
3.1913028906963983
3.2044316045662957
3.208971857512227
3.189981758199647
3.189981758199647
3.189981758199647
3.189981758199647
3.189981758199647
3.189981758199647
3.189981758199647
3.189981758199647
3.2000012828256565
3.2000012828256565
3.2000012828256565
3.2000012828256565
3.204472759151208
3.204472759151208
3.2214937011223648
3.203577507248546
3.179588965626501
3.179588965626501
3.1782319972700215
3.1764116726493015
3.1764116726493015
3.1929741294287197
3.1929741294287197
3.20609341081325
3.1894269449564723
3.1894269449564723
3.1894269449564723
3.19175436035586
3.206056641871322
3.206056641871322
3.206056641871322
3.2037624312318456
3.197908046482719
3.204996047800284
3.204996047800284
3.2012032985030343
3.196560919097238
3.1988786410412526
3.1988786410412526
3.2367852282822875
3.2247351617595843
3.216882657677063
3.2152239063931494
3.2067531131489537
3.197328481480768
3.197328481480768
3.1862453930162666
3.187108967491055
3.2125297336184433
3.2125297336184433
3.2125297336184433
3.2125297336184433
3.2125297336184433
3.2025994700121903
3.2025994700121903
3.2025994700121903
3.2025994700121903
3.2138492781767707
3.2138492781767707
3.212628904150661
3.199979090715942
3.2043630118104223
3.2109624975597857
3.2109624975597857
3.2109624975597857
3.2109624975597857
3.2215927281856036
3.2244722751278556
3.2374105411269682
3.234745726485508
3.2444137773419137
3.247255961297178
3.2268756338407294
3.2262240130179265
3.2127076887843784
3.2237207274150936
3.2237207274150936
3.2237207274150936
3.2237207274150936
3.2237207274150936
3.2237207274150936
3.2237207274150936
3.2036035143221224
3.2036035143221224
3.2036035143221224
3.1806474843104073
3.1806474843104073
3.1806474843104073
3.1806474843104073
3.1806474843104073
3.1963670709822596
3.189666737342562
3.189666737342562
3.189666737342562
3.1920227675446218
3.1920227675446218
3.2072062149250513
3.2072062149250513
3.2072062149250513
3.1956706026220294
3.1956706026220294
3.2004564125423984
3.2004564125423984
3.1924444868419246
3.2037796856951015
3.192210678469655
3.192210678469655
3.192210678469655
3.192210678469655
3.191413413586932
3.1900048776267904
3.1958607374525796
3.2054240746810634
3.2054240746810634
3.2054240746810634
3.2054240746810634
3.2086919706150208
3.2086919706150208
3.2089290681430103
3.2089290681430103
3.2089290681430103
3.2089290681430103
3.2062269726877974
3.186508694034125
3.186508694034125
3.190796069321565
3.1839946877562117
3.199025797658823
3.199025797658823
3.199025797658823
3.199025797658823
3.194055035901489
3.194055035901489
3.194055035901489
3.194055035901489
3.2113462127465704
3.2113462127465704
3.203902265829548
3.224798723003125
3.230458454213298
3.2204061509865562
3.2204061509865562
3.217486201539775
3.217486201539775
3.1929718189910505
3.1929718189910505
3.2067001531920125
3.210613412026553
3.1911901974235586
3.1911901974235586
3.198033158869176
3.198033158869176
3.198033158869176
3.219706209060256
3.219706209060256
3.219706209060256
3.219706209060256
3.219706209060256
3.2213325255777505
3.2016272078062165
3.204240819385594
3.204240819385594
3.2187400824146164
3.2369595744133006
3.2369595744133006
3.2369595744133006
3.2369595744133006
3.2227307260534017
3.2227307260534017
3.218699817669604
3.218699817669604
3.218699817669604
3.226701626470194
3.226701626470194
3.226701626470194
3.226701626470194
3.226701626470194
3.2477047150197045
3.2477047150197045
3.2477047150197045
3.2536123332805627
3.237872691786858
3.237872691786858
3.190878319539036
3.190878319539036
3.190878319539036
3.190878319539036
3.190878319539036
3.222712513573473
3.222712513573473
3.222712513573473
3.222712513573473
3.2043700339589734
3.2043700339589734
3.218152012164908
3.209673433100527
3.209673433100527
3.209050746904929
3.2278582682340797
3.217816944814372
3.217816944814372
3.207825311080999
3.207825311080999
3.230062604574352
3.2274146327616617
3.2274146327616617
3.2274146327616617
3.2274146327616617
3.2274999968947515
3.2391889319105016
3.2220663084603403
3.2220663084603403
3.2220663084603403
3.221159451159702
3.2367471534567733
3.2367471534567733
3.228747293795091
3.228747293795091
3.227006299453188
3.227006299453188
3.227006299453188
3.227006299453188
3.227006299453188
3.227006299453188
3.234216962826074
3.234216962826074
3.2164999575382596
3.2242255895073177
3.2242255895073177
3.2177271763788506
3.2177271763788506
3.203206316877407
3.203206316877407
3.203206316877407
3.203206316877407
3.203206316877407
3.2070367566670313
3.2070367566670313
3.2079071281187033
3.21187167561396
3.226140009916984
3.2183379072330047
3.2183379072330047
3.2183379072330047
3.2183379072330047
3.188283773042163
3.188283773042163
3.1961083369713132
3.2147723378086828
3.2147723378086828
3.1989711417199
3.1989711417199
3.188872424322223
3.2041387899817066
3.2041387899817066
3.1818342964936983
3.2072604462656717
3.2072604462656717
3.20144106620617
3.1995846480510566
3.202361647376768
3.202361647376768
3.202361647376768
3.202361647376768
3.182734141970978
3.1982156238698645
3.1982156238698645
3.1982156238698645
3.1982156238698645
3.1736630649898596
3.1736630649898596
3.1736630649898596
3.1785159249019084
3.1785159249019084
3.1785159249019084
3.18610587555208
3.18610587555208
3.175831460948822
3.170977853756224
3.172553094532047
3.172553094532047
3.172553094532047
3.172553094532047
3.1886079929459523
3.181846311232641
3.1886039324083284
3.1886039324083284
3.1812949577572476
3.1812949577572476
3.2009282197067472
3.2009282197067472
3.185347257578798
3.179565791367521
3.1940590560015005
3.1940618466281916
3.2012129077139164
3.2012129077139164
3.2012129077139164
3.20016299634159
3.189574453144847
3.189574453144847
3.189574453144847
3.180660407837272
3.196367393203606
3.196367393203606
3.196367393203606
3.196367393203606
3.196367393203606
3.196367393203606
3.1837772067058068
3.177304380538
3.177304380538
3.177304380538
3.177304380538
3.177304380538
3.197433682350606
3.1929805358670738
3.1904496259859876
3.175690608831409
3.175690608831409
3.175690608831409
3.162953627942707
3.177471460506191
3.1790125542179726
3.1790125542179726
3.1756898923904564
3.1593488870596564
3.1593488870596564
3.1586175692095875
3.176183559312595
3.1637310355733277
3.1637310355733277
3.1637310355733277
3.1637310355733277
3.1932481661976313
3.1932481661976313
3.1932481661976313
3.1932481661976313
3.2015705840082123
3.2015705840082123
3.204915026139404
3.204915026139404
3.204915026139404
3.204915026139404
3.2125494053908126
3.2125494053908126
3.2125494053908126
3.1919405343443463
3.1932939774546485
3.180903914453669
3.180903914453669
3.180903914453669
3.1952417139360136
3.1952417139360136
3.199432400447734
3.1908358446601084
3.196783142153296
3.196783142153296
3.196783142153296
3.2015630100345804
3.2031441232076703
3.2159087908408988
3.2336115602094635
3.2268223041828645
3.221344986509416
3.221344986509416
3.221344986509416
3.2084514049745456
3.2084514049745456
3.2084514049745456
3.2128371630793118
3.2128371630793118
3.2128371630793118
3.2128371630793118
3.2059489988821426
3.2059489988821426
3.2052985843822124
3.2052985843822124
3.205147715679503
3.205147715679503
3.205147715679503
3.205147715679503
3.205147715679503
3.205147715679503
3.2047441209566427
3.189757573373518
3.189757573373518
3.189757573373518
3.172997362582886
3.1887029271984235
3.1887029271984235
3.1911510912987344
3.1932751080956514
3.1932751080956514
3.1932751080956514
3.1932751080956514
3.192411311350112
3.192411311350112
3.1891722860875333
3.1891722860875333
3.20594754360831
3.20594754360831
3.2029462187060505
3.2029462187060505
3.2123278971773352
3.2185680455710486
3.2185680455710486
3.1938142265208387
3.1938142265208387
3.1938142265208387
3.1938142265208387
3.1938142265208387
3.1938142265208387
3.1938142265208387
3.180109154531394
3.180109154531394
3.180109154531394
3.180109154531394
3.204655235542333
3.187652382737355
3.1987297417282874
3.190263058174538
3.1789867483943905
3.1789867483943905
3.2006341816865285
3.192243140062766
3.1988576467534133
3.1988576467534133
3.1988576467534133
3.194694070877156
3.220501693954643
3.2180968673269668
3.2180968673269668
3.2180968673269668
3.2394077748429995
3.2394077748429995
3.213192894419213
3.213192894419213
3.213192894419213
3.2245456680500686
3.2269301073239536
3.2266144492094493
3.2266144492094493
3.2266144492094493
3.2266144492094493
3.2266144492094493
3.2266144492094493
3.228190274104069
3.228190274104069
3.2244695430052586
3.2244695430052586
3.2244695430052586
3.2244695430052586
3.1767002535591233
3.1767002535591233
3.1767002535591233
3.1767002535591233
3.1551150686658866
3.181380666996213
3.191196189681337
3.191196189681337
3.1968800928202317
3.1862398499015248
3.1868287704149245
3.2188244327398117
3.2188244327398117
3.214404745850939
3.2186975929700408
3.203134465012843
3.202623051033967
3.2016303878673007
3.220429711428198
3.2246497953635624
3.2246497953635624
3.222456620687513
3.222456620687513
3.222456620687513
3.2112493252162113
3.2112493252162113
3.197894355111976
3.1931876412202973
3.1709185494817778
3.168797839757771
3.1941322420848834
3.1941322420848834
3.188058709474752
3.188058709474752
3.199861041621423
3.199861041621423
3.179974312565053
3.1746383038930337
3.1746383038930337
3.180651073959372
3.183591765833077
3.160265262820668
3.150518146747458
3.150518146747458
3.150518146747458
3.1499530587119375
3.1734676790244674
3.1758549514467056
3.168987370731706
3.168987370731706
3.168987370731706
3.1660770374452474
3.1660770374452474
3.1660770374452474
3.1660770374452474
3.1660770374452474
3.180536864750944
3.180536864750944
3.180536864750944
3.180536864750944
3.180536864750944
3.180536864750944
3.1883217286095107
3.1883217286095107
3.1883217286095107
3.2013782700138393
3.2013782700138393
3.2068808567849567
3.204620302637896
3.183375661571361
3.1865960437560363
3.1983411306689478
3.1983411306689478
3.184277326918671
3.1631714206245
3.1631714206245
3.1631714206245
3.1631714206245
3.187415789578913
3.1780299119370814
3.1780299119370814
3.1780299119370814
3.176126192897766
3.176126192897766
3.1801581875367138
3.17976019012998
3.165588169022036
3.153592026251936
3.149622983918556
3.1537212361592846
3.165426105548324
3.154027378169005
3.1650256702034008
3.1729011952523045
3.1729011952523045
3.1729011952523045
3.168289481858317
3.168289481858317
3.1590400767105953
3.159607743071042
3.159607743071042
3.159607743071042
3.1783845066516143
3.159265375708773
3.1687039345480574
3.1973418549520116
3.1973418549520116
3.1936798914406035
3.2019384579747303
3.2019384579747303
3.1900381446514094
3.192861395744083
3.192861395744083
3.192861395744083
3.18922527073033
3.18922527073033
3.18922527073033
3.203633313468063
3.1992105180381367
3.1992105180381367
3.1992105180381367
3.1992105180381367
3.2153314552211087
3.2153314552211087
3.188596612761212
3.197612299240577
3.197612299240577
3.1768431133879536
3.1990660189309366
3.1983299872476043
3.1983299872476043
3.2082831987280316
3.1958823945452157
3.1958823945452157
3.1958823945452157
3.1937560359424833
3.1937560359424833
3.1937560359424833
3.1932028784956743
3.200585252918041
3.201823457218329
3.201823457218329
3.2069032964145494
3.2069032964145494
3.2069032964145494
3.2183230681652106
3.2183230681652106
3.218346542265066
3.2072372570026006
3.2072372570026006
3.225813138320724
3.225813138320724
3.225813138320724
3.2267015279780966
3.2267015279780966
3.197209699370687
3.197209699370687
3.197209699370687
3.191243748726754
3.191243748726754
3.191243748726754
3.191243748726754
3.191243748726754
3.191243748726754
3.198015140324186
3.2217146179158846
3.2217146179158846
3.2217146179158846
3.2198020656312214
3.2198020656312214
3.2122455197728383
3.2122455197728383
3.2122455197728383
3.2122455197728383
3.2063687958320704
3.2062901296817428
3.227927161559693
3.227927161559693
3.227927161559693
3.227927161559693
3.227927161559693
3.217961922024966
3.2373453769994693
3.2196231369848802
3.238983980497264
3.238983980497264
3.247295546024361
3.247295546024361
3.247295546024361
3.247295546024361
3.246830246440793
3.246830246440793
3.2181113346832673
3.219359530298813
3.219359530298813
3.217390365144024
3.217390365144024
3.1829430197130684
3.2004585899426727
3.2004585899426727
3.2027755947004484
3.2027755947004484
3.1956573429765616
3.1980521667930715
3.21581473979047
3.194987206396603
3.194987206396603
3.2139394520858913
3.2139394520858913
3.2342642289993324
3.2141219313754426
3.2100822257100763
3.2100822257100763
3.2100822257100763
3.2004165685429338
3.2004165685429338
3.178370438638231
3.1748665292073768
3.1741634342079315
3.178554644297069
3.178554644297069
3.178554644297069
3.1738877034987802
3.1738877034987802
3.166265655136479
3.166265655136479
3.166265655136479
3.2008865312916077
3.2008865312916077
3.2008865312916077
3.2174280992705606
3.2174280992705606
3.2171394982659236
3.2417622416994973
3.226998500221746
3.2147158365060844
3.2147158365060844
3.2172360803529902
3.2172360803529902
3.200871120894475
3.200871120894475
3.2194524942705103
3.2194524942705103
3.2194524942705103
3.2194524942705103
3.208923823757028
3.2101777984976834
3.1923948008359138
3.1923948008359138
3.2049135356518645
3.2174900488314866
3.2174900488314866
3.230722763677481
3.230722763677481
3.230722763677481
3.2272420735771323
3.2164973642406256
3.2164973642406256
3.2140230157038445
3.2140230157038445
3.2076816119011715
3.2076816119011715
3.2076816119011715
3.2076816119011715
3.2076816119011715
3.1906249789302215
3.1906249789302215
3.192761989542054
3.2252062430983397
3.2252062430983397
3.229245755055927
3.2253566219714522
3.2253566219714522
3.2155195791628457
3.2155195791628457
3.2041192528779088
3.2129224076998186
3.2129224076998186
3.2129224076998186
3.21736655552973
3.21736655552973
3.21736655552973
3.215363330121025
3.20708504671525
3.21282488095874
3.21282488095874
3.227716538085323
3.227716538085323
3.2135109488724445
3.21154153042684
3.21154153042684
3.2066123691578556
3.2066123691578556
3.2117097473817884
3.222242841709384
3.222242841709384
3.222242841709384
3.1985053656382187
3.1985053656382187
3.1985053656382187
3.206200485835578
3.206200485835578
3.204144246911158
3.204144246911158
3.204144246911158
3.204144246911158
3.204144246911158
3.204144246911158
3.204144246911158
3.1983828618056362
3.1983828618056362
3.1983828618056362
3.2000711516287597
3.2000711516287597
3.20870479813175
3.2164061028689357
3.2164061028689357
3.2164061028689357
3.2164061028689357
3.2164061028689357
3.2164061028689357
3.19892939585739
3.19892939585739
3.195972073828932
3.2045418972948614
3.2192594456789076
3.2192594456789076
3.2192594456789076
3.2125526209713606
3.192555622153414
3.192555622153414
3.18806499864316
3.190489074686307
3.1886816851960065
3.1886816851960065
3.1886816851960065
3.1886816851960065
3.18924736595368
3.18924736595368
3.18924736595368
3.186006794708421
3.1885923589634326
3.1900192008212884
3.1900192008212884
3.1900192008212884
3.1900192008212884
3.1900192008212884
3.1900192008212884
3.1900192008212884
3.1900192008212884
3.187538452210731
3.187538452210731
3.178408541332635
3.178408541332635
3.2097466046531293
3.2016617298126757
3.1996099422476405
3.2106112200565033
3.2106112200565033
3.1909327498714557
3.1909327498714557
3.1909327498714557
3.175976694260422
3.175976694260422
3.187855287564953
3.191333881192408
3.191333881192408
3.2069042935150973
3.183415760073159
3.183415760073159
3.183415760073159
3.1819371505030594
3.1861765661782124
3.1810708559356464
3.1932708270736407
3.181673798913288
3.1795078598481656
3.1795078598481656
3.1949439331169027
3.1949439331169027
3.184203725563414
3.1795116159323027
3.1795116159323027
3.1498506402555924
3.168571051354266
3.168571051354266
3.168571051354266
3.1737802744534274
3.184749890880076
3.1905679421949333
3.1905679421949333
3.1824855683950535
3.1824855683950535
3.170582665986093
3.189631231161238
3.1945879854656303
3.1882531110374157
3.2001501803114665
3.1857808655454245
3.1857808655454245
3.1584381510862927
3.179664160488411
3.18450431423773
3.18450431423773
3.181611567886419
3.1733453582613893
3.1733453582613893
3.1733453582613893
3.193660610288826
3.193660610288826
3.193660610288826
3.193660610288826
3.193660610288826
3.193660610288826
3.197751709968746
3.197751709968746
3.2110918927174934
3.2110918927174934
3.21144623737194
3.21144623737194
3.21144623737194
3.21144623737194
3.2303249421418685
3.2119931546003277
3.2119931546003277
3.2119931546003277
3.211011476543428
3.225164128025958
3.225164128025958
3.225164128025958
3.218025447581279
3.2213182449311306
3.2077900541639552
3.2077900541639552
3.2077900541639552
3.2077900541639552
3.1976781648250596
3.206190781923737
3.206190781923737
3.206190781923737
3.206190781923737
3.206190781923737
3.206190781923737
3.1963425772262997
3.2019556691387514
3.2019556691387514
3.2019556691387514
3.2019556691387514
3.2036032289965948
3.1900794147579594
3.1900794147579594
3.1788230239811504
3.1788230239811504
3.1788230239811504
3.1788230239811504
3.1788230239811504
3.182237824571196
3.182237824571196
3.177763918612958
3.177763918612958
3.177718771881911
3.177718771881911
3.1977952378053933
3.1830382876491736
3.1830382876491736
3.1947382905003905
3.1857561170969495
3.186844270406576
3.186844270406576
3.186844270406576
3.186844270406576
3.186844270406576
3.186844270406576
3.186844270406576
3.186844270406576
3.186844270406576
3.186844270406576
3.183552850002798
3.183552850002798
3.1792671736212736
3.1792671736212736
3.195985786327554
3.193552146663504
3.176983411697407
3.196500558308058
3.196500558308058
3.196500558308058
3.196500558308058
3.196500558308058
3.196876894342558
3.2206227506351075
3.2206227506351075
3.2206227506351075
3.2206227506351075
3.2206227506351075
3.2108782400940137
3.208306937567487
3.208306937567487
3.208306937567487
3.208306937567487
3.208306937567487
3.1952964367167804
3.1952964367167804
3.2088093766335697
3.2030053312628524
3.208162323497329
3.208162323497329
3.208162323497329
3.185532583669899
3.1808210003179354
3.1841258902806295
3.1841258902806295
3.1841258902806295
3.1841258902806295
3.1679203927064243
3.1679203927064243
3.1679203927064243
3.16727796613052
3.1841434347145943
3.1841434347145943
3.1841434347145943
3.1919938346131804
3.16280094716494
3.171960388128934
3.171960388128934
3.171960388128934
3.181501176351774
3.181501176351774
3.1956557732044333
3.1892937403953
3.180125512692148
3.180125512692148
3.180125512692148
3.1880419211827067
3.1867433417204896
3.1934899448516303
3.1833899843704816
3.1833899843704816
3.191561414104083
3.191561414104083
3.1885524873875335
3.1885524873875335
3.1885524873875335
3.1744258150281266
3.1840037703860884
3.1738027338585395
3.1738027338585395
3.171111099339612
3.17013788339258
3.1781587289914826
3.1781587289914826
3.1781587289914826
3.179289242476265
3.1884872804521844
3.1884872804521844
3.2057270677904524
3.2057270677904524
3.189740987622895
3.189740987622895
3.1682950772413743
3.1682950772413743
3.1799824211599477
3.1850990520650497
3.1850990520650497
3.2059557511661514
3.1997596646004527
3.1997596646004527
3.1997596646004527
3.201321662700074
3.201321662700074
3.1941043912689593
3.1857042699558233
3.18379401788432
3.18379401788432
3.18379401788432
3.18379401788432
3.21578878348675
3.2049069188287076
3.19480344777846
3.19480344777846
3.19480344777846
3.1602522796036365
3.1645303734022483
3.1534831856792667
3.1534831856792667
3.1541869219901257
3.1701222201947115
3.1701222201947115
3.182550691330249
3.182550691330249
3.1489771874545287
3.149189427510713
3.1496605111185376
3.1496605111185376
3.152138668865096
3.1757891971113232
3.1757891971113232
3.1757891971113232
3.1757891971113232
3.1757891971113232
3.168917322523527
3.1754145825542817
3.1754145825542817
3.175568021879958
3.175568021879958
3.175568021879958
3.175568021879958
3.175568021879958
3.175568021879958
3.1613228440342946
3.1653535700527295
3.1666274930422915
3.1666274930422915
3.1666274930422915
3.165293033522182
3.165293033522182
3.165293033522182
3.165293033522182
3.165293033522182
3.165293033522182
3.165293033522182
3.1727327561944727
3.1647373925243945
3.1647373925243945
3.1647373925243945
3.1647373925243945
3.1647373925243945
3.186588428360122
3.2072948779949355
3.2087767376131655
3.2237953039261615
3.2112286674534736
3.2112286674534736
3.2112286674534736
3.1741695811429147
3.1736745214190494
3.180187545347788
3.196536658010933
3.1860937110650145
3.2085594092557983
3.2008564460718523
3.2008564460718523
3.2008564460718523
3.2008564460718523
3.2215366201352316
3.200854560836738
3.200854560836738
3.207938526869262
3.209311020877559
3.198941361388604
3.210389706545917
3.194255830142501
3.194255830142501
3.194255830142501
3.1936441923149306
3.1936441923149306
3.2164048361080058
3.215409586128223
3.215409586128223
3.215409586128223
3.2383189258518446
3.216024277058271
3.216024277058271
3.2243153458150386
3.2243153458150386
3.2243153458150386
3.2243153458150386
3.2243153458150386
3.205499840209314
3.205499840209314
3.1936147962394594
3.1957537544384578
3.1986822559136256
3.201875336881716
3.201875336881716
3.2166610247201852
3.2166610247201852
3.2248177377421654
3.213062984288965
3.213062984288965
3.213062984288965
3.211221924941119
3.2136032349596504
3.190254596481117
3.188780575570261
3.216447149587681
3.194410785921135
3.194410785921135
3.194410785921135
3.1879301271938916
3.1879301271938916
3.1879301271938916
3.2235200266795845
3.217769712673185
3.217769712673185
3.217769712673185
3.202284125367617
3.1966895275824188
3.1998053519539766
3.1998053519539766
3.192400490948801
3.1898650339770516
3.1869659781309894
3.188853943288018
3.1819451384581234
3.1819451384581234
3.18789448278012
3.18789448278012
3.2021662709003307
3.2021662709003307
3.197531479044945
3.197531479044945
3.1918836553653986
3.1952361482775355
3.1952361482775355
3.1952361482775355
3.1952361482775355
3.1952361482775355
3.186642809559479
3.186642809559479
3.195786250355247
3.195786250355247
3.195786250355247
3.195786250355247
3.195786250355247
3.195786250355247
3.195786250355247
3.1881430834076157
3.1881430834076157
3.2029852624225748
3.194013415228435
3.2009846075134143
3.1975110188581377
3.1975110188581377
3.182749214035989
3.194532456703566
3.194532456703566
3.189942158345167
3.183155946354326
3.183155946354326
3.183155946354326
3.183155946354326
3.196655311295319
3.196655311295319
3.1824174645078998
3.187099207007957
3.187099207007957
3.177456124311347
3.1662866800158636
3.1662866800158636
3.1662866800158636
3.179712401131202
3.179712401131202
3.179712401131202
3.179712401131202
3.1811039228031834
3.1811039228031834
3.1811039228031834
3.1811039228031834
3.1811039228031834
3.1705638380527117
3.1705638380527117
3.1705638380527117
3.169956869007042
3.1766418936851077
3.1766418936851077
3.1766837642113304
3.1739201754343664
3.1739201754343664
3.1839187846655634
3.1839187846655634
3.1839187846655634
3.1839187846655634
3.1839187846655634
3.1839187846655634
3.183768472894443
3.1805552129376284
3.1805552129376284
3.169083860994148
3.1793502924877095
3.1793502924877095
3.1793502924877095
3.171803784035818
3.194001223185776
3.1807337614573736
3.1807337614573736
3.1922877227364252
3.1810182362687343
3.1810182362687343
3.1778815817346078
3.1778815817346078
3.1778815817346078
3.1778815817346078
3.186388997971816
3.186388997971816
3.181630461077637
3.1805430243940087
3.187214227305126
3.187214227305126
3.194465154204246
3.1760234155546816
3.1760234155546816
3.1760234155546816
3.1760234155546816
3.145385740847335
3.145385740847335
3.157765438240116
3.157765438240116
3.157765438240116
3.162965727778302
3.175736789827612
3.175736789827612
3.1905611036259813
3.1905611036259813
3.1947438392388623
3.1947438392388623
3.195712653071573
3.195712653071573
3.195712653071573
3.195712653071573
3.1924959481934296
3.1925786092860617
3.1903947042228813
3.194892127493475
3.194892127493475
3.194892127493475
3.197826005201874
3.197826005201874
3.1872085962605805
3.1872085962605805
3.1889958169248245
3.2111058544366435
3.210798605472597
3.2108540364708347
3.2108540364708347
3.214101191439507
3.210644515346638
3.215328014367789
3.215328014367789
3.2060438810469916
3.1999007708201535
3.1964716997312683
3.1964716997312683
3.1950541211707115
3.1937752378723974
3.1869321932876744
3.1869321932876744
3.1840472629930443
3.2021936384691547
3.2021936384691547
3.1884446422637276
3.1884446422637276
3.1884446422637276
3.1884446422637276
3.2044928626337983
3.189568324321968
3.1926793631236485
3.1744536041720166
3.186624231097122
3.1830536703624768
3.201716832916793
3.1918012616753866
3.1918012616753866
3.1918012616753866
3.1887288746709643
3.174641517617947
3.18144254464665
3.18144254464665
3.18144254464665
3.18144254464665
3.1994185851663555
3.1940496220601893
3.1940496220601893
3.1842507083581224
3.1918630252855613
3.1918630252855613
3.1984253790246466
3.1984253790246466
3.1984253790246466
3.1953270179142415
3.1953270179142415
3.1953270179142415
3.1953270179142415
3.198891874287944
3.19652047236935
3.19652047236935
3.197550851904379
3.197550851904379
3.1943913928188543
3.1725359311981998
3.1725359311981998
3.1725359311981998
3.1725359311981998
3.1725359311981998
3.1607255619592682
3.173411365152758
3.173411365152758
3.1976797169656517
3.184732764753079
3.184732764753079
3.184732764753079
3.184732764753079
3.184732764753079
3.164259528043058
3.164259528043058
3.164259528043058
3.164259528043058
3.164259528043058
3.164259528043058
3.1689610631353173
3.1689610631353173
3.1786836194025705
3.1786836194025705
3.1786836194025705
3.15720209054077
3.15720209054077
3.15720209054077
3.15720209054077
3.14859361086765
3.16113297734532
3.168764982476435
3.168764982476435
3.1914214725254033
3.1892167293202434
3.1892167293202434
3.1863493786196493
3.1863493786196493
3.1899317178960356
3.1899317178960356
3.1894892543115305
3.1894892543115305
3.1905008819876994
3.1905008819876994
3.2149946818215365
3.180116994550728
3.180116994550728
3.1794571177646125
3.191948244712518
3.1854197509888285
3.18836114153076
3.20350706958033
3.20350706958033
3.20350706958033
3.20350706958033
3.20350706958033
3.20350706958033
3.202435763204309
3.202435763204309
3.1947308979690217
3.2139926393627123
3.2041809082510655
3.201435629951705
3.201435629951705
3.21785115325432
3.1984022164759085
3.1984022164759085
3.1903882299392023
3.222424278219455
3.222424278219455
3.222424278219455
3.208989929319047
3.198501978923359
3.1753170196702216
3.1753170196702216
3.1791534876967202
3.1791534876967202
3.1791534876967202
3.1791534876967202
3.1791534876967202
3.189641938131905
3.189641938131905
3.1890002633181402
3.1926218305277305
3.1762410625182262
3.1762410625182262
3.1762410625182262
3.193154430646454
3.193154430646454
3.1673392618056386
3.1673392618056386
3.2104723732222715
3.2104723732222715
3.198796681895344
3.198796681895344
3.198796681895344
3.198796681895344
3.198796681895344
3.2147398200317343
3.2147398200317343
3.2247358664705366
3.2247358664705366
3.206882335903934
3.206882335903934
3.211583835992814
3.206212281647029
3.206212281647029
3.1986413745721296
3.1986413745721296
3.1986413745721296
3.1818877533638252
3.1818877533638252
3.1676623579978207
3.1719255197836382
3.1562071841854156
3.181031385091004
3.170227248637373
3.170227248637373
3.170227248637373
3.170227248637373
3.170227248637373
3.177175455363032
3.1742602499326926
3.1742602499326926
3.1742602499326926
3.1751402061657465
3.176614636660242
3.176614636660242
3.1828239362660486
3.1588942604125263
3.1484449069377707
3.1484449069377707
3.155442796525629
3.1615242879497054
3.1615242879497054
3.1615242879497054
3.161839262763115
3.154668457987684
3.1468592486260167
3.1468592486260167
3.1468592486260167
3.1468592486260167
3.15692467651736
3.15692467651736
3.15692467651736
3.171794972504707
3.175303494203323
3.175303494203323
3.175303494203323
3.170078993709279
3.184069607924386
3.177852596594952
3.169536902037606
3.169536902037606
3.169536902037606
3.1601845888101363
3.1601845888101363
3.158321293527739
3.158321293527739
3.1616235388433718
3.1616235388433718
3.1616235388433718
3.1616235388433718
3.1616235388433718
3.1616235388433718
3.1787354120083853
3.1549970041174116
3.1325398033534113
3.1303468258833735
3.1303468258833735
3.1303468258833735
3.127035414669016
3.127035414669016
3.148523671999147
3.148523671999147
3.148523671999147
3.144717126705762
3.166954101295323
3.171932011929735
3.171932011929735
3.171932011929735
3.169363461461214
3.169363461461214
3.169363461461214
3.169363461461214
3.159948048888242
3.159948048888242
3.159948048888242
3.1446753307788153
3.1446753307788153
3.158180819198816
3.158180819198816
3.1687588388617143
3.1687588388617143
3.1687588388617143
3.158884150515819
3.154363911515421
3.1576511131265947
3.1576511131265947
3.1947115278293388
3.196625312003679
3.165891514876061
3.165891514876061
3.165891514876061
3.165891514876061
3.1810162727626956
3.1810162727626956
3.1810162727626956
3.1810162727626956
3.1873085259328793
3.1873085259328793
3.193263510927064
3.193263510927064
3.1873520648416838
3.1869862904355175
3.191107088080434
3.191107088080434
3.191107088080434
3.191107088080434
3.191107088080434
3.1916827793140228
3.194322610100007
3.202168995188768
3.1998199491305686
3.1890898269662977
3.1890898269662977
3.1890898269662977
3.1890898269662977
3.191128494619974
3.191128494619974
3.1990064233342403
3.1990064233342403
3.1812184897285483
3.1812184897285483
3.1663127126352513
3.1663127126352513
3.1663127126352513
3.1663127126352513
3.1686905466161455
3.1686905466161455
3.177362570139814
3.162964161851995
3.162358998755017
3.162358998755017
3.162358998755017
3.162358998755017
3.171414864772157
3.1738350240218107
3.1738350240218107
3.1847549942132725
3.1918954389600986
3.1739820273768133
3.1739820273768133
3.1739820273768133
3.210657296848348
3.210657296848348
3.210657296848348
3.2116942370660064
3.2116942370660064
3.1936495145764883
3.1936495145764883
3.1936495145764883
3.1936495145764883
3.1904498063396636
3.1865430082394663
3.1865430082394663
3.1865430082394663
3.1865430082394663
3.1865430082394663
3.178897392498396
3.178897392498396
3.1892591895065556
3.182191784427883
3.182191784427883
3.199182478504763
3.193261168206097
3.193261168206097
3.196848202605223
3.20894578010666
3.18239177952157
3.18239177952157
3.18239177952157
3.1916112114020843
3.1916112114020843
3.1916112114020843
3.1916112114020843
3.1916112114020843
3.2079155633453253
3.2079155633453253
3.2077007140148237
3.2077007140148237
3.2077007140148237
3.21485491649682
3.21485491649682
3.192195938771053
3.192195938771053
3.1968319054905194
3.1968319054905194
3.1968319054905194
3.1968319054905194
3.190864901734496
3.190864901734496
3.1920762629135817
3.1920762629135817
3.179800435677693
3.1666594203191276
3.171229070309554
3.1632462768386764
3.1632462768386764
3.1761143462993227
3.1747553055458027
3.18761930213449
3.1816377772529667
3.1816377772529667
3.1816377772529667
3.17754359365797
3.17754359365797
3.17754359365797
3.1686957146619625
3.1686957146619625
3.1686957146619625
3.1925119354627847
3.18622569960013
3.192660703797866
3.192660703797866
3.192660703797866
3.193322142648495
3.193322142648495
3.195736926339037
3.1842025132647063
3.1842025132647063
3.183365178331092
3.183365178331092
3.183365178331092
3.183365178331092
3.195319431922715
3.1924139672820426
3.1924139672820426
3.204881168487006
3.204881168487006
3.1911450976131617
3.1911450976131617
3.1954939618295244
3.1998383295008757
3.1863316009084706
3.1863316009084706
3.1909811170981017
3.1909811170981017
3.1909811170981017
3.1881535197881963
3.1881535197881963
3.1881535197881963
3.2043109082081473
3.1967190392432254
3.183015362393515
3.1921624417702454
3.1921624417702454
3.1921624417702454
3.1921624417702454
3.1923155892020523
3.1923155892020523
3.1923155892020523
3.1923155892020523
3.1923155892020523
3.186101841072953
3.186101841072953
3.186101841072953
3.186101841072953
3.186101841072953
3.186101841072953
3.174726145336319
3.174726145336319
3.17081579887821
3.17081579887821
3.160979148716957
3.1653873667494605
3.167153287080416
3.17453008370208
3.17453008370208
3.17453008370208
3.17453008370208
3.179873661562949
3.204557665545179
3.204557665545179
3.204557665545179
3.204557665545179
3.204557665545179
3.204557665545179
3.204557665545179
3.204557665545179
3.204557665545179
3.204557665545179
3.204557665545179
3.204557665545179
3.204557665545179
3.204557665545179
3.19636040931595
3.2009229280105784
3.188846839828985
3.188400771776995
3.188400771776995
3.188400771776995
3.188400771776995
3.188400771776995
3.188400771776995
3.1858839717993837
3.1858839717993837
3.1915333128369987
3.1915333128369987
3.1915333128369987
3.1982457181015027
3.2110353519295036
3.209443169390729
3.193499044422971
3.193499044422971
3.193499044422971
3.189319763269359
3.189319763269359
3.2008467640351124
3.2008467640351124
3.2008467640351124
3.2096557482166235
3.200625957431289
3.200625957431289
3.200625957431289
3.200625957431289
3.200625957431289
3.200625957431289
3.1853599805942223
3.216247708191054
3.208049186531024
3.168295772583248
3.1916396635211424
3.1883765117086957
3.1883765117086957
3.1883765117086957
3.1883765117086957
3.1883765117086957
3.1883765117086957
3.1980339140484806
3.1730914365173626
3.17371296226129
3.17371296226129
3.17371296226129
3.1753040819413343
3.1753040819413343
3.1735838765725
3.1646719302834754
3.1718838127827786
3.1718838127827786
3.1718838127827786
3.1718838127827786
3.175372793364212
3.2120407956568773
3.2104621224818617
3.2104621224818617
3.2083231486944106
3.2083231486944106
3.209157024828639
3.195486586343674
3.1948860760755955
3.1948860760755955
3.1948860760755955
3.1948860760755955
3.1912441021805535
3.2237359341272267
3.2067467201910786
3.2067467201910786
3.218341970377058
3.218341970377058
3.232557768344996
3.18705455851241
3.1818171210431068
3.175647176501779
3.155881881556886
3.1574798779707938
3.1574798779707938
3.22034493724513
3.202011858460514
3.202011858460514
3.202011858460514
3.202011858460514
3.202011858460514
3.2007216242174694
3.2007216242174694
3.2007216242174694
3.2007216242174694
3.2007216242174694
3.215187850045121
3.215187850045121
3.22363447122029
3.22363447122029
3.22363447122029
3.2356576599042937
3.204975281491062
3.204975281491062
3.200334421741033
3.193997632478884
3.193997632478884
3.193997632478884
3.193997632478884
3.1823596315641356
3.2012291219942215
3.2012291219942215
3.1892343558757594
3.2088522499836185
3.209390919309095
3.209390919309095
3.209390919309095
3.2051873375690563
3.2051873375690563
3.185400867568824
3.185400867568824
3.2031369185147858
3.2031369185147858
3.2031369185147858
3.191428636921191
3.2118978180781284
3.190018058716107
3.2018246688423333
3.2018246688423333
3.1836809030698783
3.1991777886387616
3.1991777886387616
3.1991777886387616
3.1782459228221844
3.157782550548713
3.1886098841968753
3.1890382611303925
3.2093628917236883
3.1930769344538246
3.200816347335385
3.200816347335385
3.191156111915138
3.191156111915138
3.2117623473184627
3.2117623473184627
3.185758264148205
3.2003043279154655
3.2003043279154655
3.2003043279154655
3.2003043279154655
3.2003043279154655
3.2003043279154655
3.2246208942603234
3.19695020629854
3.19695020629854
3.19695020629854
3.1908582002433095
3.1908582002433095
3.1908582002433095
3.1908582002433095
3.2138966760180177
3.2138966760180177
3.2138966760180177
3.2095924439751573
3.2095924439751573
3.1962069245665163
3.198868530643512
3.1904265243432
3.188432504226919
3.1963214273918217
3.1963214273918217
3.190258738642834
3.202049422271208
3.1985529836040176
3.1985529836040176
3.1834272809209403
3.2199890567356904
3.2097310854431096
3.219788836890648
3.219788836890648
3.219788836890648
3.2223936602419294
3.226562962571126
3.204773152146206
3.204773152146206
3.2164959821770225
3.209594903438985
3.209594903438985
3.209594903438985
3.204924922707296
3.204924922707296
3.212628292810944
3.2281024668944656
3.238517170675702
3.2345697342140594
3.235826058860527
3.231054297009837
3.210609291488452
3.212718660778185
3.212718660778185
3.209268777236083
3.2041721531987646
3.2041721531987646
3.212496429087243
3.212496429087243
3.213088241693784
3.213088241693784
3.211978646025554
3.211978646025554
3.197307482223333
3.196954510578617
3.196954510578617
3.196954510578617
3.19324772470123
3.19324772470123
3.2125873538569203
3.2125873538569203
3.221357037515929
3.221357037515929
3.221357037515929
3.207666977609064
3.2140105408719855
3.2140105408719855
3.2140105408719855
3.199509919016159
3.199509919016159
3.199509919016159
3.188192241445329
3.188192241445329
3.188192241445329
3.1874709393890575
3.1597243344741672
3.178595541156853
3.1608346227561372
3.187873826166301
3.187521362166761
3.196461332478112
3.198614241029746
3.196504980088721
3.179565708401381
3.179565708401381
3.179565708401381
3.175816959721244
3.1593248743728073
3.1593248743728073
3.1611952410990947
3.164413997534671
3.158471821919708
3.155699722388589
3.1811875117698407
3.1811875117698407
3.179735717898628
3.179735717898628
3.2118140709939142
3.1933576922079387
3.1985821268133376
3.181696786823702
3.2053166161723854
3.2053166161723854
3.203083883946259
3.210277097080778
3.2294478950710284
3.2294478950710284
3.2294478950710284
3.2294478950710284
3.2311764519940884
3.2225760730642814
3.2225760730642814
3.209529836615685
3.2401630264038004
3.2401630264038004
3.2401630264038004
3.207841407220483
3.207841407220483
3.207841407220483
3.207841407220483
3.2087371148363566
3.187934887810237
3.18115357188937
3.1941023907045265
3.1882832201454
3.1859739090923154
3.1769212019054986
3.1663731109352433
3.1741362015112826
3.1885860064202487
3.1814506965749487
3.210774128257955
3.210774128257955
3.202659515763809
3.202659515763809
3.18661927001758
3.1930361208779576
3.1930361208779576
3.202000189710393
3.202000189710393
3.192744686617373
3.192146117327148
3.192146117327148
3.192146117327148
3.192146117327148
3.1987690085651392
3.1987690085651392
3.1987690085651392
3.1840841662586317
3.1840841662586317
3.187322110950447
3.1848818791329516
3.1848818791329516
3.1848818791329516
3.1848818791329516
3.172047799063795
3.1904313186626445
3.1835839525339398
3.1849550833336386
3.182786426881405
3.182786426881405
3.182786426881405
3.182786426881405
3.182786426881405
3.182786426881405
3.1950422642373404
3.1950422642373404
3.194663043572026
3.164978656240602
3.164978656240602
3.168343803815132
3.157821529620189
3.172330921354006
3.1820970560758948
3.195048920713456
3.195048920713456
3.195048920713456
3.195048920713456
3.195048920713456
3.195048920713456
3.198757697632519
3.198757697632519
3.165088489958952
3.1904372405306543
3.174165666523676
3.156452606826794
3.1544117324236907
3.1544117324236907
3.1544117324236907
3.1544117324236907
3.160916034266054
3.1584974920170517
3.1722082101016364
3.1722082101016364
3.1722082101016364
3.1722082101016364
3.170520565750087
3.1671656375588384
3.1671656375588384
3.1671656375588384
3.155443169551765
3.163536869111658
3.17468151318697
3.17468151318697
3.17468151318697
3.17740261186656
3.161882816140625
3.164735240782911
3.182815332874579
3.17900869496356
3.190430862900048
3.190430862900048
3.190430862900048
3.190430862900048
3.190430862900048
3.190430862900048
3.190430862900048
3.192876072313367
3.192876072313367
3.192876072313367
3.192876072313367
3.1932517878875375
3.1932517878875375
3.191730690917267
3.191730690917267
3.191730690917267
3.1922943593022235
3.1922943593022235
3.192798859381068
3.1705726447132
3.1778118741217574
3.1778118741217574
3.1778118741217574
3.204701140947463
3.207991397493808
3.203906409688988
3.1985265460754317
3.1985265460754317
3.1985265460754317
3.1985265460754317
3.1985265460754317
3.1985265460754317
3.2014447059732403
3.195597895579263
3.195597895579263
3.195597895579263
3.195597895579263
3.1981898857096094
3.1981898857096094
3.197871101864768
3.1984386532791027
3.1878737318468358
3.1878737318468358
3.1878737318468358
3.1878737318468358
3.1878737318468358
3.2019341482467496
3.2093990304660815
3.2093990304660815
3.2093990304660815
3.1971401761910228
3.192753632163425
3.192753632163425
3.192753632163425
3.1803922021826216
3.1803922021826216
3.1803922021826216
3.1803922021826216
3.1681853855095805
3.192780660972443
3.18306176589726
3.18306176589726
3.218031675790043
3.220881264451564
3.2077523328770323
3.216451749500447
3.2133133250807417
3.2133133250807417
3.19748218249888
3.218092522920047
3.218092522920047
3.1916194393110113
3.2104350836400384
3.2076137397215114
3.215391380500118
3.1986260191832088
3.1986260191832088
3.1986260191832088
3.1986260191832088
3.1966578468774185
3.1905099877141088
3.1905099877141088
3.164356722399667
3.164356722399667
3.164356722399667
3.1775533767593878
3.1691489116555633
3.1691489116555633
3.1691489116555633
3.172652627592337
3.172652627592337
3.172652627592337
3.172652627592337
3.171774712503734
3.17305049985361
3.17305049985361
3.1914059673163697
3.200424792935377
3.1956649263806374
3.1956649263806374
3.1956649263806374
3.1956649263806374
3.1956649263806374
3.1809411645339885
3.1809411645339885
3.1809411645339885
3.1809411645339885
3.1809411645339885
3.1809411645339885
3.20002187019116
3.20002187019116
3.186454584166651
3.1968757668654897
3.1968757668654897
3.1968757668654897
3.1968757668654897
3.188077310204154
3.1924823389070323
3.185644999472447
3.185644999472447
3.1729290376694625
3.1703788499801773
3.1721584117928803
3.1598764406996414
3.1598764406996414
3.164617528524709
3.164617528524709
3.1502663450260706
3.1625229841739477
3.1758870772828773
3.160961811666776
3.160961811666776
3.160961811666776
3.158837975690695
3.158837975690695
3.1940424147027775
3.1940424147027775
3.1940424147027775
3.183977995492584
3.1854974539703242
3.1750949176118164
3.168908671537193
3.168908671537193
3.172809935183019
3.172809935183019
3.172809935183019
3.1657332587837996
3.1657332587837996
3.1657332587837996
3.1657332587837996
3.1657332587837996
3.171351362434123
3.171351362434123
3.171351362434123
3.180882681375101
3.183169525180295
3.183169525180295
3.183169525180295
3.183169525180295
3.183169525180295
3.18189191070238
3.18189191070238
3.18189191070238
3.18189191070238
3.18189191070238
3.18189191070238
3.18524395111482
3.1877259160004754
3.1877259160004754
3.1741617380191887
3.1670741585351507
3.193425899351552
3.193425899351552
3.1812964127125354
3.1883563089832707
3.1776096744927473
3.188594033678339
3.188594033678339
3.188594033678339
3.188594033678339
3.188594033678339
3.1934979489881723
3.1934979489881723
3.1861060861934485
3.1664368069296263
3.1664368069296263
3.1648040744532433
3.1649955763202877
3.1649955763202877
3.1768586382330852
3.1703623381433683
3.1674908123366605
3.1674908123366605
3.1632175857279448
3.1632175857279448
3.166782682658089
3.161276891634512
3.1732913415458586
3.1732913415458586
3.1732913415458586
3.1593874976731597
3.1593874976731597
3.1593874976731597
3.1593874976731597
3.161975543672316
3.174570386256926
3.174570386256926
3.1761640519971377
3.1667168325653554
3.172056085109194
3.2078681229801513
3.1903512966448417
3.188804618406739
3.188804618406739
3.1874234961093517
3.1874234961093517
3.1874234961093517
3.205577998037617
3.205577998037617
3.214122558138093
3.21995868889131
3.21995868889131
3.227235947836582
3.2140624942191773
3.2328772247525266
3.216497753211612
3.206591779760341
3.193574165277707
3.193574165277707
3.1980612978152516
3.1980612978152516
3.2060036001042156
3.21064385560234
3.21064385560234
3.21064385560234
3.21064385560234
3.21064385560234
3.21064385560234
3.195094551484807
3.195094551484807
3.189174102046785
3.188619810404908
3.1898431681620734
3.2104711756635336
3.2104711756635336
3.198616816241319
3.198616816241319
3.198616816241319
3.198616816241319
3.213424100215727
3.213424100215727
3.1897929997196943
3.1897929997196943
3.1740234147945205
3.1740234147945205
3.211628520488803
3.206844383141898
3.206844383141898
3.192118953238456
3.1987570820293563
3.1987570820293563
3.1868804077988497
3.1868804077988497
3.191531657353684
3.191531657353684
3.201125514718337
3.2063816876959224
3.2063816876959224
3.2063082347984477
3.2063082347984477
3.189267356829723
3.18704466317297
3.187865189535235
3.187865189535235
3.157542971650716
3.157542971650716
3.157542971650716
3.167495676483269
3.1639640764599357
3.1794543696229027
3.2015958577005548
3.2015958577005548
3.2015958577005548
3.2015958577005548
3.2015958577005548
3.2015958577005548
3.191532893416719
3.191532893416719
3.1891825871213095
3.1891825871213095
3.1891825871213095
3.1891825871213095
3.1899030515185554
3.1843695486532373
3.177247946684409
3.1909151487111234
3.1909151487111234
3.1962462842197286
3.1962462842197286
3.189691165995379
3.1680240738874144
3.200128712820768
3.1890877872272947
3.1890877872272947
3.1890877872272947
3.1864191682529897
3.1864191682529897
3.1786652618462337
3.1786652618462337
3.1882607763092894
3.1971300944567056
3.1971300944567056
3.1948255012422724
3.1948255012422724
3.214767257660629
3.214767257660629
3.214767257660629
3.2160718937644033
3.1884884565341
3.198982429166362
3.2018225509889535
3.2020826550271133
3.2020826550271133
3.2020826550271133
3.2020826550271133
3.210840509973753
3.210840509973753
3.2024053291479024
3.2024053291479024
3.1987414054537227
3.211789920164513
3.211789920164513
3.211789920164513
3.2003125003536597
3.209046059810203
3.209046059810203
3.209046059810203
3.209046059810203
3.209046059810203
3.2112615121386137
3.21471408476237
3.21471408476237
3.21471408476237
3.21471408476237
3.2306096208059145
3.220643418746467
3.227950084636546
3.233627105075249
3.213304610249858
3.2160642454230293
3.216972652868758
3.216972652868758
3.216972652868758
3.216972652868758
3.216972652868758
3.2021445209561255
3.200897396552414
3.200897396552414
3.192020779208829
3.1879492334128696
3.1879492334128696
3.210192512644275
3.2261984935285963
3.229738519736949
3.2212582336871898
3.223353567656716
3.2224813108190724
3.2224813108190724
3.2224813108190724
3.225060529154722
3.2305515309869572
3.2305515309869572
3.233835419664372
3.233835419664372
3.2187407221941005
3.2187407221941005
3.2328124936418434
3.2328124936418434
3.2328124936418434
3.2328124936418434
3.2328124936418434
3.241556707821312
3.2513504422380257
3.2457890990423204
3.225587501779838
3.225587501779838
3.228563613152201
3.228563613152201
3.228563613152201
3.228563613152201
3.2171766311154624
3.2329432466852905
3.2329432466852905
3.2343733359989777
3.2343733359989777
3.2314091537349374
3.2314091537349374
3.225685699123801
3.228370813821296
3.228370813821296
3.226477032123748
3.236415045805961
3.234353341138636
3.209396026644964
3.2167320413448195
3.2167320413448195
3.2167320413448195
3.2198875903559605
3.2198875903559605
3.2198875903559605
3.1953914718085636
3.1953914718085636
3.198544690443304
3.1973173506823587
3.1973173506823587
3.1984104528805317
3.20761481758837
3.20761481758837
3.20761481758837
3.20761481758837
3.20761481758837
3.1947165913922775
3.187416628999604
3.2172512642589064
3.21025669171255
3.2075846105840706
3.2075846105840706
3.2302466062487674
3.2273353527276556
3.2273353527276556
3.2273353527276556
3.2273353527276556
3.2113859471264132
3.2113859471264132
3.2005129385331905
3.217730702789932
3.2206706019539144
3.222540866352204
3.213974188109018
3.236544492083206
3.2261474345281607
3.221395985972164
3.216599878403431
3.2145895692585613
3.191307645228971
3.191307645228971
3.204581056717814
3.204581056717814
3.204581056717814
3.171931952287579
3.171931952287579
3.1705846019405652
3.1705846019405652
3.1705846019405652
3.1790765712819007
3.1790765712819007
3.178013417277849
3.178013417277849
3.1922589202377685
3.1918832296197905
3.192760887474869
3.192760887474869
3.192760887474869
3.1940238556895406
3.180928744611642
3.182609765658575
3.1850467096544546
3.1900256871832355
3.200323691717165
3.200323691717165
3.200323691717165
3.200323691717165
3.200323691717165
3.189102725017651
3.189102725017651
3.178040040071267
3.191328039320449
3.191328039320449
3.191328039320449
3.2099730845214762
3.2099730845214762
3.2129026304997743
3.1897802485664424
3.1897802485664424
3.197025655874399
3.197025655874399
3.197025655874399
3.197025655874399
3.197025655874399
3.197025655874399
3.197025655874399
3.188764442931634
3.1870225070512954
3.1870225070512954
3.195843828427187
3.195843828427187
3.1701518121605186
3.175075531022849
3.196972404186631
3.1828709654939717
3.194776133907555
3.1876619703386275
3.1864937216593026
3.191462753889863
3.197162461380707
3.197162461380707
3.2147960782674034
3.20201935001054
3.20201935001054
3.199652683075199
3.199652683075199
3.199652683075199
3.214074057579835
3.214074057579835
3.2030521773195644
3.2030521773195644
3.2030521773195644
3.2030521773195644
3.1929657883535203
3.1929657883535203
3.180557141481855
3.180557141481855
3.17937926517716
3.2146353388669637
3.2146353388669637
3.215425269064523
3.206705623443393
3.206705623443393
3.19848604028341
3.2146280817450132
3.219483430926492
3.219483430926492
3.210463539213747
3.210463539213747
3.210463539213747
3.210463539213747
3.2062606708552828
3.2062606708552828
3.2062606708552828
3.227283791350776
3.227283791350776
3.232113846851926
3.227241881464389
3.227241881464389
3.227241881464389
3.227241881464389
3.2217022316092843
3.2217022316092843
3.2217022316092843
3.221918711951224
3.221918711951224
3.221918711951224
3.201275600146472
3.215280755497928
3.2024462623824856
3.2187797164209653
3.2129790589283305
3.1977578730294827
3.2033898517166643
3.2097899808246577
3.1946669542850223
3.1932964599035194
3.2051927489832637
3.200026874490001
3.200026874490001
3.200026874490001
3.2278633125885032
3.215817840946648
3.201521078031195
3.201521078031195
3.201521078031195
3.193852037072649
3.2034330411053804
3.213301809112222
3.213301809112222
3.201350645743112
3.1766996940172083
3.1766996940172083
3.1766996940172083
3.1766996940172083
3.1671308143589267
3.1671308143589267
3.1671308143589267
3.1661092435248084
3.1644473174891923
3.1644473174891923
3.1644473174891923
3.1644473174891923
3.1644473174891923
3.1644473174891923
3.1767300863634724
3.174137455278903
3.1948888968281235
3.1948888968281235
3.1948888968281235
3.1948888968281235
3.1948888968281235
3.1948888968281235
3.1948888968281235
3.1948888968281235
3.1948888968281235
3.1948888968281235
3.1885010394264106
3.160386249802404
3.1611281852085225
3.1611281852085225
3.158571536403266
3.164643295373443
3.1722072211844043
3.1840750896147907
3.1840750896147907
3.1840750896147907
3.1840750896147907
3.18502308222494
3.193095968007131
3.2106406357300936
3.2106406357300936
3.2106406357300936
3.2106406357300936
3.192004102585645
3.192004102585645
3.187284315166645
3.197713683906252
3.204364169754109
3.204364169754109
3.1978669384506153
3.1910225533026773
3.1910225533026773
3.1763517568778687
3.1732783567772507
3.1732783567772507
3.1732783567772507
3.185791657193476
3.1898922208745275
3.174175784192551
3.174175784192551
3.1823826648123212
3.1840076442403937
3.1923085845592767
3.19727107552383
3.199281629486458
3.1877208588675585
3.1877208588675585
3.1939635887167657
3.1939635887167657
3.1964428809259515
3.19422269568619
3.19422269568619
3.1719923082694716
3.177431219721009
3.177431219721009
3.20065660809138
3.1946436858851026
3.1946436858851026
3.19702618825657
3.2070295909390554
3.2074604255331653
3.2150980058274476
3.210087144477435
3.210087144477435
3.210087144477435
3.210087144477435
3.210087144477435
3.210087144477435
3.210087144477435
3.1994169316361014
3.1994169316361014
3.2223800606160546
3.217173524641223
3.205826495051586
3.1962040729105325
3.195803010411122
3.195803010411122
3.195803010411122
3.195803010411122
3.195803010411122
3.187293738315452
3.187293738315452
3.1898735524931774
3.1898735524931774
3.1898735524931774
3.190263162498126
3.190263162498126
3.190263162498126
3.185167910967895
3.214285168921251
3.201834771899098
3.205168334158338
3.2178715218781706
3.2178715218781706
3.209438094490166
3.205168014838979
3.1824892621355825
3.1824892621355825
3.1824892621355825
3.1716895725821264
3.182110879041887
3.182110879041887
3.182110879041887
3.192118037546313
3.17962698834529
3.1893946558611956
3.179001076851098
3.187650156674191
3.1852042144400188
3.1852042144400188
3.175187448112596
3.187702185670982
3.1823485793325816
3.1823485793325816
3.1823485793325816
3.1823485793325816
3.1823485793325816
3.20085844010127
3.20085844010127
3.20085844010127
3.20085844010127
3.20085844010127
3.20085844010127
3.20085844010127
3.1973705960742653
3.1973705960742653
3.192291644292102
3.195704134543007
3.195704134543007
3.2100538814928226
3.2060555715780055
3.1949627116100956
3.1949627116100956
3.1949627116100956
3.1949627116100956
3.1949627116100956
3.1949627116100956
3.1949627116100956
3.2033887314192846
3.2169834909499864
3.2306922357204977
3.2306922357204977
3.2306922357204977
3.228733455485337
3.2253415471490614
3.2253415471490614
3.205422361597054
3.2051901555040927
3.1997536429614173
3.223602997181195
3.2208597089212128
3.226850339892223
3.226850339892223
3.226850339892223
3.226850339892223
3.226850339892223
3.226850339892223
3.226850339892223
3.226850339892223
3.226850339892223
3.226850339892223
3.226850339892223
3.226850339892223
3.226850339892223
3.226850339892223
3.226850339892223
3.226850339892223
3.2008201813699615
3.195415926851605
3.195415926851605
3.187319635578131
3.193823518787641
3.193823518787641
3.193823518787641
3.2016996337660446
3.192494657832617
3.192494657832617
3.192494657832617
3.2075597744861537
3.1976411606910737
3.2112864852062897
3.2112864852062897
3.2065106838900084
3.2060628581703337
3.2060628581703337
3.2075510876437656
3.214674938330213
3.231925219766129
3.2482262632356433
3.241493932942741
3.241493932942741
3.241493932942741
3.2350923727789147
3.217551153879548
3.217551153879548
3.206342547695391
3.2126795482240436
3.224629840191473
3.226034399733077
3.222373209030674
3.222373209030674
3.222373209030674
3.222373209030674
3.2052626705713587
3.2052626705713587
3.2052626705713587
3.2088877707988788
3.2088877707988788
3.2088877707988788
3.2088877707988788
3.2088877707988788
3.2088877707988788
3.2088877707988788
3.2088877707988788
3.2001801120863824
3.2001801120863824
3.1974623206137553
3.1837389658974793
3.196126542080061
3.1810120274135887
3.1819822016964796
3.19014630700368
3.1929152732369634
3.1929152732369634
3.194775204813124
3.194775204813124
3.194775204813124
3.185889672721751
3.185889672721751
3.185497044834985
3.1822809187647114
3.212813901911979
3.1913519142104216
3.182868054517621
3.1868680410696486
3.18844487596128
3.18844487596128
3.18844487596128
3.1982742024472968
3.1982742024472968
3.2125842003394087
3.2141601344783637
3.2141601344783637
3.212976236966871
3.212976236966871
3.195678674977465
3.203197143127164
3.2130256361036933
3.2130256361036933
3.2037081769630458
3.2037081769630458
3.197999677992259
3.2228843991143816
3.2228843991143816
3.2228843991143816
3.2332430952635836
3.2332430952635836
3.207989320967022
3.205505053322648
3.205505053322648
3.2111808545299954
3.2111808545299954
3.2111808545299954
3.180664904963973
3.180664904963973
3.180664904963973
3.1848547559254423
3.1848547559254423
3.16372975162055
3.1689784263798373
3.1689784263798373
3.1689784263798373
3.1689784263798373
3.180224287616144
3.1755363037662154
3.1755363037662154
3.1755363037662154
3.186723742045799
3.194396440646253
3.1891405506571755
3.1940212037325924
3.1940212037325924
3.1757818582324067
3.1757818582324067
3.1757818582324067
3.1757818582324067
3.1757818582324067
3.181861780161845
3.181861780161845
3.181861780161845
3.2047223097279613
3.2047223097279613
3.192639359228983
3.2104204773962812
3.2103881719989635
3.2074506111640684
3.192571208001494
3.1945822084945714
3.1945822084945714
3.192638144147009
3.192688301152777
3.192688301152777
3.192688301152777
3.1962785736228527
3.1962785736228527
3.175647712737691
3.175647712737691
3.1830062206595104
3.1727150300559033
3.179272733714475
3.179272733714475
3.179272733714475
3.179272733714475
3.19932961317466
3.1935547492820437
3.1935547492820437
3.2107849716965395
3.19518468697744
3.196516913228786
3.196516913228786
3.203514241684976
3.2075145998766206
3.1981722765962344
3.1981722765962344
3.205268124228314
3.2044198144727223
3.2044198144727223
3.2044198144727223
3.2044198144727223
3.2044198144727223
3.2044198144727223
3.2102593085841216
3.2102593085841216
3.2102593085841216
3.2009943243093106
3.2077867252800503
3.2077867252800503
3.226299580695971
3.2083805939946757
3.2083805939946757
3.1984834007963774
3.1984834007963774
3.1926833874708627
3.2152095211524214
3.2085699287770466
3.2085699287770466
3.2085699287770466
3.2085699287770466
3.2085699287770466
3.202364842907827
3.202364842907827
3.202364842907827
3.202364842907827
3.197146121994901
3.197146121994901
3.197146121994901
3.21595014909281
3.203996262546691
3.21112128593138
3.219601047420076
3.227009182622712
3.227009182622712
3.20837424042297
3.1988737874729356
3.214841643113328
3.214841643113328
3.214841643113328
3.214841643113328
3.240772484036347
3.240772484036347
3.240772484036347
3.240772484036347
3.224355225984763
3.2202994015158826
3.2185600409850403
3.2185600409850403
3.2185600409850403
3.2185600409850403
3.2185600409850403
3.2117789405315675
3.217902484359586
3.217902484359586
3.2156903106013766
3.207259055054645
3.209705383272025
3.209705383272025
3.209705383272025
3.209705383272025
3.209705383272025
3.209705383272025
3.209705383272025
3.2003412276153305
3.2062325991284433
3.2062325991284433
3.193023342022349
3.1743287880985456
3.1743287880985456
3.1743287880985456
3.169371837303873
3.169371837303873
3.1811022669840896
3.177367751069979
3.177367751069979
3.1957943987833453
3.195235630758594
3.195235630758594
3.2151273923729473
3.2151273923729473
3.22019416248158
3.22019416248158
3.22019416248158
3.2158622480132264
3.209332887650404
3.209332887650404
3.209332887650404
3.2054294537910337
3.2054294537910337
3.2136023326482825
3.211957344701951
3.210764475521051
3.210764475521051
3.228027871781524
3.2234632664908127
3.2079365778518087
3.2079365778518087
3.2079365778518087
3.1998884693775516
3.1998884693775516
3.1998884693775516
3.1998884693775516
3.1998884693775516
3.1998884693775516
3.1831883398981775
3.1986466805322387
3.2144977793695007
3.2104091543703714
3.215413155865816
3.213724992101857
3.213724992101857
3.2210677860620938
3.219784349447781
3.219784349447781
3.2255551781441154
3.2255551781441154
3.2255551781441154
3.2255551781441154
3.2323302572682393
3.2421326970607938
3.251524989429076
3.251524989429076
3.2587729914643333
3.2326169970762915
3.2326169970762915
3.2326169970762915
3.224563336183441
3.224563336183441
3.2199904493447686
3.2168524435185106
3.2305029701996353
3.2018616570512934
3.2138828946003004
3.2138828946003004
3.2138828946003004
3.2052261024127136
3.2052261024127136
3.20086584320089
3.20086584320089
3.20262120929071
3.216757401723154
3.216757401723154
3.220136627272548
3.220136627272548
3.214984958697965
3.214988297796515
3.214988297796515
3.1917756618691664
3.1917756618691664
3.1917756618691664
3.218975808335267
3.221965333463219
3.2084847763881164
3.2044199849046255
3.2044199849046255
3.190687368471329
3.1974145058797823
3.197655076439344
3.197655076439344
3.197655076439344
3.221438356819827
3.221438356819827
3.227386406003315
3.212951190982906
3.2161224533336568
3.2161224533336568
3.2161224533336568
3.2244690884828398
3.2089339405581288
3.2087775055893712
3.2087775055893712
3.205707186574089
3.195537620983566
3.195526490820324
3.195526490820324
3.1957606236780536
3.1957606236780536
3.1851861342380636
3.1851861342380636
3.196794897630688
3.2069175922941895
3.20505061153081
3.20505061153081
3.2143551083808015
3.1805576566928675
3.1805576566928675
3.1805576566928675
3.1844656833284044
3.2070303996059204
3.2070303996059204
3.2070303996059204
3.2070303996059204
3.196443489943766
3.196443489943766
3.2038944160825156
3.2038944160825156
3.2038944160825156
3.1922826462735996
3.195856611764692
3.1942030957345278
