3.152186345439009
3.152186345439009
3.152186345439009
3.152186345439009
3.152186345439009
3.152186345439009
3.152186345439009
3.152186345439009
3.152186345439009
3.152186345439009
3.152186345439009
3.152186345439009
3.152186345439009
3.152186345439009
3.152186345439009
3.152186345439009
3.152186345439009
3.152186345439009
3.152186345439009
3.152186345439009
3.152186345439009
3.152186345439009
3.152186345439009
3.152186345439009
3.152186345439009
3.152186345439009
3.152186345439009
3.152186345439009
3.152186345439009
3.152186345439009
3.152186345439009
3.152186345439009
3.152186345439009
3.152186345439009
3.152186345439009
3.152186345439009
3.152186345439009
3.152186345439009
3.152186345439009
3.152186345439009
3.152186345439009
3.152186345439009
3.152186345439009
3.152186345439009
3.152186345439009
3.152186345439009
3.152186345439009
3.152186345439009
3.152186345439009
3.152186345439009
3.152186345439009
3.152186345439009
3.152186345439009
3.152186345439009
3.152186345439009
3.152186345439009
3.152186345439009
3.152186345439009
3.152186345439009
3.152186345439009
3.152186345439009
3.152186345439009
3.152186345439009
3.152186345439009
3.152186345439009
3.152186345439009
3.152186345439009
3.152186345439009
3.152186345439009
3.152186345439009
3.152186345439009
3.152186345439009
3.152186345439009
3.152186345439009
3.152186345439009
3.152186345439009
3.152186345439009
3.152186345439009
3.152186345439009
3.152186345439009
3.152186345439009
3.152186345439009
3.152186345439009
3.152186345439009
3.152186345439009
3.152186345439009
3.152186345439009
3.152186345439009
3.152186345439009
3.152186345439009
3.152186345439009
3.152186345439009
3.152186345439009
3.152186345439009
3.152186345439009
3.152186345439009
3.152186345439009
3.152186345439009
3.152186345439009
3.173386451934879
3.2045685795279493
3.2155939230375696
3.2155939230375696
3.2155939230375696
3.2155939230375696
3.216170419047189
3.216170419047189
3.216170419047189
3.216170419047189
3.2385124300677126
3.2432945666337947
3.256464179615491
3.2728890212066686
3.2728890212066686
3.285116491539806
3.285116491539806
3.285116491539806
3.2820581768496253
3.2844922695454226
3.2844922695454226
3.2781827011330336
3.2781827011330336
3.2781827011330336
3.273421224528595
3.2732903955873405
3.276706060609163
3.280566508515724
3.280566508515724
3.2577126972765154
3.26624813960879
3.26624813960879
3.26624813960879
3.26624813960879
3.267577176014825
3.259204109111006
3.251353724470004
3.244113638954996
3.244113638954996
3.244113638954996
3.244113638954996
3.244113638954996
3.244113638954996
3.2422922144261808
3.271166968995823
3.2597543977230496
3.2392291704081155
3.2377804233374325
3.2377804233374325
3.2377804233374325
3.2300031167208894
3.2126032278101673
3.2126032278101673
3.2126032278101673
3.2126032278101673
3.2126032278101673
3.2126032278101673
3.2126032278101673
3.2126032278101673
3.2126032278101673
3.2146361849626572
3.2146361849626572
3.2146361849626572
3.225194327775669
3.232858909585248
3.232858909585248
3.218888991451517
3.2157517436168868
3.2157517436168868
3.2157517436168868
3.2131221586613745
3.213400914605254
3.21408330128142
3.21408330128142
3.236442424497998
3.236442424497998
3.241722588932251
3.241722588932251
3.230326024424732
3.233356557935189
3.233356557935189
3.2403798526788483
3.242670684632468
3.242670684632468
3.242670684632468
3.2182873093047086
3.2182873093047086
3.2182873093047086
3.205131691684535
3.210005596745202
3.2107803921663582
3.2088746298118918
3.2105816166580983
3.2316661490186935
3.2316661490186935
3.2274070029661055
3.2274070029661055
3.2274070029661055
3.2182058837184946
3.22399079946198
3.225021886715148
3.225021886715148
3.225021886715148
3.2223760744994805
3.248754519504605
3.2581036837252126
3.2181293968209586
3.224790227119626
3.2041958038378375
3.2002470181207356
3.2002470181207356
3.2032682850349996
3.2032682850349996
3.2101029702261776
3.2101029702261776
3.194802360261093
3.194802360261093
3.194802360261093
3.194802360261093
3.202967789330538
3.213661987059703
3.213661987059703
3.2070426214052894
3.225358645349852
3.2152951589331633
3.215668722749385
3.215668722749385
3.225325274459763
3.225325274459763
3.228413502077353
3.246902682991384
3.2459198821557442
3.2459198821557442
3.228457067785072
3.2457127849687732
3.2457127849687732
3.227423297820884
3.227423297820884
3.227423297820884
3.227423297820884
3.227423297820884
3.227423297820884
3.2340958374448423
3.2542323725705935
3.2542323725705935
3.25494518773713
3.250796249531818
3.250796249531818
3.250796249531818
3.2509677603498557
3.247635969665646
3.247635969665646
3.247635969665646
3.2608956802304183
3.2774010598462198
3.2774010598462198
3.2532025153256545
3.2532025153256545
3.2392511705222407
3.239228101376223
3.239228101376223
3.239228101376223
3.239228101376223
3.239228101376223
3.2461517230207426
3.2461517230207426
3.2449869548141685
3.2382566871736302
3.227695203927255
3.2122894462423304
3.2122894462423304
3.2122894462423304
3.2122894462423304
3.2122894462423304
3.2122894462423304
3.218296914962439
3.218296914962439
3.223062936796686
3.223062936796686
3.2288022924222184
3.2288022924222184
3.2288022924222184
3.2223780006056377
3.2223780006056377
3.2223780006056377
3.2172546468477736
3.2172546468477736
3.2496702618565774
3.2496702618565774
3.250285597356623
3.250285597356623
3.250285597356623
3.250285597356623
3.2416168645015238
3.2416168645015238
3.2416168645015238
3.238502916209456
3.2290183193009847
3.229495747012387
3.229495747012387
3.229495747012387
3.2257368018563857
3.2336141287736964
3.245807225023998
3.245807225023998
3.2398472619167578
3.250583723573049
3.2463839786950226
3.2463839786950226
3.2463839786950226
3.238331264323237
3.238331264323237
3.238331264323237
3.2217654052701845
3.224934460400554
3.224934460400554
3.233570696105298
3.2307415324916717
3.244574530095904
3.244574530095904
3.244574530095904
3.252622451680241
3.252622451680241
3.254448194709224
3.254448194709224
3.2301282372010647
3.2301282372010647
3.2300160959364166
3.2300160959364166
3.211825596873965
3.2155761774490323
3.213009240319062
3.213009240319062
3.20861226967029
3.20861226967029
3.2160899869613213
3.2397521403855256
3.2397521403855256
3.242162444642611
3.242162444642611
3.242162444642611
3.1997423703645316
3.204950536852356
3.2059339546639425
3.226446538594712
3.238547584767497
3.2110717878646247
3.2110717878646247
3.2110717878646247
3.204014254344994
3.2441229120652677
3.228238555761959
3.228238555761959
3.2177537638736493
3.2177537638736493
3.230527768835836
3.220784056072169
3.2284765567542664
3.2284765567542664
3.2181070389961923
3.2181070389961923
3.2181070389961923
3.2181070389961923
3.2181070389961923
3.215134714819276
3.215134714819276
3.215134714819276
3.2094938677267595
3.206807720821745
3.226674948427408
3.2232667409153044
3.1910362721061647
3.199889573319891
3.2125675290847995
3.2232145799515552
3.2232145799515552
3.2112653572580943
3.2112653572580943
3.2210394120942163
3.2210394120942163
3.223548898677766
3.223548898677766
3.223548898677766
3.223548898677766
3.2144300301938102
3.2213476249903503
3.2213476249903503
3.2389773453162
3.2389773453162
3.2241284481819883
3.2241284481819883
3.2151643404892827
3.244442848850989
3.235742750083873
3.233952551810184
3.233952551810184
3.2253571430655628
3.2235366745657723
3.2235366745657723
3.2235366745657723
3.2108229171906997
3.227471748975928
3.2428410061681165
3.231223517735733
3.231223517735733
3.231223517735733
3.21591925091837
3.204221971274439
3.2280222424537297
3.2280222424537297
3.2280222424537297
3.2385896673146912
3.2206174878516824
3.2213714886398397
3.2213714886398397
3.199286931292606
3.199286931292606
3.199286931292606
3.199286931292606
3.199286931292606
3.199286931292606
3.199286931292606
3.1981822950148344
3.1981822950148344
3.1981822950148344
3.1981822950148344
3.2041034841355183
3.2056605747234386
3.2056605747234386
3.2056605747234386
3.2178827022687044
3.2178827022687044
3.221025224918536
3.2109331876511567
3.2188640074302723
3.2188640074302723
3.20846324023829
3.20846324023829
3.230918141762245
3.219825446542611
3.219825446542611
3.2359783093281442
3.2239314861285546
3.2300539535639268
3.2300539535639268
3.2300539535639268
3.2300539535639268
3.2400288960668004
3.2400288960668004
3.24861351944924
3.241699554824619
3.241699554824619
3.241699554824619
3.2480352167579096
3.2392709291107242
3.2392709291107242
3.2392709291107242
3.2392709291107242
3.2392709291107242
3.2392709291107242
3.2392709291107242
3.2315818548689963
3.2315818548689963
3.2425629197410735
3.247893751453215
3.247893751453215
3.247893751453215
3.247893751453215
3.247893751453215
3.2551522238503945
3.2551522238503945
3.2461363869734674
3.2461363869734674
3.241711822258022
3.2410128374123586
3.2410128374123586
3.2410128374123586
3.2238332638222
3.2169438065209386
3.2169438065209386
3.2169438065209386
3.227766120234794
3.2403804120769117
3.230710571239878
3.230710571239878
3.248028945917141
3.2435087768652955
3.2618190558204705
3.244138035257032
3.244138035257032
3.244138035257032
3.244138035257032
3.2286123222580057
3.2286123222580057
3.2286123222580057
3.2397786106697017
3.236816227031896
3.2461517660328263
3.2458830204414686
3.2458830204414686
3.2633153834271416
3.2487887111506377
3.2487887111506377
3.2557210191270705
3.2464474912761174
3.2301327937135174
3.2424382399093883
3.223682580459964
3.223682580459964
3.2261638923955034
3.2261638923955034
3.2261638923955034
3.2312495694787664
3.2312495694787664
3.2363096422798714
3.233870077328193
3.233870077328193
3.233870077328193
3.2402991538691324
3.248065079327899
3.2510204049812086
3.268055408154775
3.268055408154775
3.2325646718228174
3.2325646718228174
3.2309334493690085
3.2309334493690085
3.2309334493690085
3.2314835710688574
3.2314835710688574
3.249652179000058
3.249652179000058
3.25194042684652
3.257773197044848
3.254180420680338
3.254180420680338
3.235116332246257
3.2364502081158197
3.2364502081158197
3.2364502081158197
3.2149499732407776
3.2218142585976084
3.2332411215370405
3.2332411215370405
3.2332411215370405
3.2332411215370405
3.2419274739459576
3.2419274739459576
3.251486166876835
3.251486166876835
3.2409824195352894
3.2535942064045944
3.2443612341880783
3.272690093813802
3.2578883881528324
3.2578883881528324
3.2578883881528324
3.261414599292472
3.2434527427831092
3.237133113808668
3.237133113808668
3.237133113808668
3.237133113808668
3.2265471818409317
3.244637114112188
3.244637114112188
3.2643715334495504
3.2643715334495504
3.2643715334495504
3.2593094238955698
3.2593094238955698
3.263800098592107
3.263800098592107
3.263800098592107
3.26363869628589
3.267314844421524
3.268208608577223
3.268208608577223
3.230825425363507
3.230825425363507
3.2332219538061495
3.23216865306571
3.23216865306571
3.260442558005881
3.260442558005881
3.255412782409988
3.2487393824919186
3.2489560329460794
3.253427702193904
3.250237594275061
3.2406772963554076
3.2166551729455732
3.2207883246049085
3.2270637752705955
3.2270637752705955
3.2270637752705955
3.2270637752705955
3.240217834414689
3.2541411091514103
3.2486492069724497
3.2527997025250084
3.2527997025250084
3.2527997025250084
3.2579679269385227
3.2579679269385227
3.2579679269385227
3.2579679269385227
3.2579679269385227
3.2579679269385227
3.2579679269385227
3.2579679269385227
3.2579679269385227
3.2557783349625575
3.2557783349625575
3.2517254324980476
3.2503702374076506
3.2617591053837143
3.265346157521791
3.265346157521791
3.2578795264012546
3.2578795264012546
3.2578795264012546
3.2499464613420903
3.2570070984842814
3.273691786487165
3.273691786487165
3.27197358255646
3.27197358255646
3.2506227856125034
3.2293565452136193
3.239681227091751
3.2568939005902626
3.2445649889507044
3.2387394006332277
3.213194420701543
3.2206004379855213
3.2206004379855213
3.2172400235164993
3.215307981349726
3.215307981349726
3.215307981349726
3.2390952733634624
3.2358015799675153
3.2358015799675153
3.2358015799675153
3.2358015799675153
3.238502481620134
3.238502481620134
3.216074653979508
3.231585919278231
3.2377863018733506
3.249313241005641
3.249313241005641
3.246583611003744
3.2490515975791223
3.2705573244612403
3.2705573244612403
3.2430447147812487
3.2430447147812487
3.2405555414190355
3.23230929042047
3.21951709664161
3.230101360425475
3.233670395084542
3.233670395084542
3.233670395084542
3.235418517287753
3.235418517287753
3.224466110288343
3.224466110288343
3.224466110288343
3.2174089669374064
3.2298063184093397
3.2298063184093397
3.2259674268631144
3.2259674268631144
3.2025370424633883
3.2041480690504116
3.206951901203977
3.2159927027837667
3.2159927027837667
3.231720315994514
3.2113215803720045
3.2113215803720045
3.205840640403274
3.220086817436094
3.220086817436094
3.220086817436094
3.212581770760662
3.2182019308094127
3.2182019308094127
3.1943202157059707
3.214998399946235
3.214998399946235
3.2271898313178258
3.2271898313178258
3.2271898313178258
3.2271898313178258
3.2031997196875457
3.2031997196875457
3.2031997196875457
3.232053531978929
3.232053531978929
3.204781063213654
3.204781063213654
3.204781063213654
3.204781063213654
3.204781063213654
3.220388419706105
3.229215386604255
3.238335367669882
3.2348073892156126
3.255304134474097
3.233489593647902
3.2355711999442085
3.2355711999442085
3.2205455549779676
3.2205455549779676
3.205441885081926
3.207736862805271
3.2231345188831435
3.214325296564541
3.214325296564541
3.2232380084947425
3.2232380084947425
3.2304367553544755
3.229580783477026
3.234293135487825
3.234293135487825
3.234293135487825
3.2299151939831647
3.222514151295427
3.222514151295427
3.2349867787404025
3.2349867787404025
3.2415654895743407
3.2415654895743407
3.2314738534243417
3.2314738534243417
3.236701709638449
3.218712858580623
3.224811299104804
3.2152497159576776
3.2069347742224856
3.2069347742224856
3.2118039999844314
3.2118039999844314
3.2144959429641373
3.218537692736782
3.228337607950112
3.2153383614578943
3.2153383614578943
3.2044559315274213
3.199253331069313
3.2044562350232786
3.2044562350232786
3.2141109061621824
3.233996995634075
3.233996995634075
3.233996995634075
3.2176831262712726
3.2326343097283727
3.229377733744572
3.229377733744572
3.229377733744572
3.22957786169281
3.231153331831691
3.2251134435982345
3.232210633568407
3.231163300129346
3.231163300129346
3.2234975493827918
3.2242973060107722
3.2242973060107722
3.206731709898277
3.206731709898277
3.206731709898277
3.206731709898277
3.209558330408791
3.195746562015966
3.195746562015966
3.222604809367947
3.2315446081665784
3.227484030082009
3.227484030082009
3.229691976352323
3.229691976352323
3.228052657547318
3.228052657547318
3.228052657547318
3.2156746424840357
3.2156746424840357
3.208890406284362
3.210565403048254
3.226788308169433
3.226788308169433
3.226788308169433
3.2167078480661666
3.2167078480661666
3.204084629463417
3.1929710879641764
3.2042666065037873
3.2042666065037873
3.2056496102408674
3.2035734315911597
3.228475793209272
3.231748118314606
3.231748118314606
3.231748118314606
3.2487363350783522
3.231021932173155
3.240758618817697
3.240758618817697
3.240758618817697
3.2264957496381514
3.2264957496381514
3.2264957496381514
3.2264957496381514
3.236995527479937
3.2120801778861092
3.1929431136643127
3.210644989863546
3.2179483493171137
3.2299336505519687
3.2236828433933824
3.2236828433933824
3.2236828433933824
3.2236828433933824
3.2149533832332144
3.231638907533272
3.209058321815818
3.2066667937903954
3.237300845998653
3.237300845998653
3.237300845998653
3.212127540738476
3.212127540738476
3.204643540236756
3.2086151346389817
3.2232003298021588
3.226892822088013
3.226892822088013
3.223344338390389
3.223344338390389
3.223344338390389
3.2341069773316713
3.2341069773316713
3.2241549855912397
3.2138699461588534
3.2138699461588534
3.2121652935884253
3.2300136861825304
3.2300136861825304
3.2185982029328266
3.2185982029328266
3.2185982029328266
3.2185982029328266
3.2050491317900294
3.2050491317900294
3.2207823488666807
3.2207823488666807
3.2207823488666807
3.2207823488666807
3.202876740442602
3.2237031314347857
3.2237031314347857
3.2499560617099545
3.2412217754269377
3.2412217754269377
3.2412217754269377
3.2412217754269377
3.2412217754269377
3.235805390886064
3.233653076409329
3.233653076409329
3.233653076409329
3.2219172073517908
3.2367621354030742
3.2363757795724744
3.2363757795724744
3.2363757795724744
3.2363757795724744
3.225899335855991
3.225899335855991
3.229738659902022
3.229738659902022
3.219375226193361
3.219375226193361
3.217678479536347
3.218554539670074
3.218554539670074
3.232019926048768
3.232019926048768
3.2386239639199523
3.2386239639199523
3.2402259351398337
3.2402259351398337
3.2154030946105423
3.2154030946105423
3.2144817653191753
3.192834293670287
3.1985143777389298
3.218855550955661
3.215357141249452
3.207447522111768
3.237146764900536
3.230200027658666
3.2192175460420787
3.2240524932774526
3.2240524932774526
3.2240524932774526
3.2393949540514773
3.2424942177327005
3.2424942177327005
3.2424942177327005
3.2424942177327005
3.232136245999342
3.232136245999342
3.232136245999342
3.23830314279961
3.2361663795637
3.2361663795637
3.2361663795637
3.234496701422104
3.234496701422104
3.234496701422104
3.234496701422104
3.2143456850842833
3.238364074666042
3.235860676864002
3.235860676864002
3.242852989399099
3.242852989399099
3.242852989399099
3.2671308137320603
3.2671308137320603
3.2671308137320603
3.25729789045856
3.238585780985112
3.238585780985112
3.2344272375140526
3.2344272375140526
3.231896508136616
3.231896508136616
3.232880220454059
3.241483169980568
3.241483169980568
3.245371284492884
3.2447287561645615
3.2447287561645615
3.2390653067646267
3.246927529074222
3.246927529074222
3.243383687112737
3.2490305417755927
3.249072497178677
3.263774839176474
3.2495245581928267
3.2614434654048683
3.2614434654048683
3.2614434654048683
3.2591613186844435
3.265923468801948
3.2406383113844472
3.242506846610818
3.2374074429261004
3.23496873309819
3.249069476947458
3.249069476947458
3.2523774956929095
3.268279010587474
3.25423315284674
3.232451550134812
3.2415986682522466
3.2415986682522466
3.2247876840617886
3.234052385681422
3.2397329242720683
3.2397329242720683
3.226588685062733
3.2340208684796794
3.2340208684796794
3.2340208684796794
3.2340208684796794
3.2340208684796794
3.2340208684796794
3.2340208684796794
3.243137069172588
3.243137069172588
3.227622835841163
3.2169254119387185
3.2191940819452793
3.2191940819452793
3.2327772319411645
3.2327772319411645
3.2474677659938846
3.245894608790999
3.2508411198241793
3.2508411198241793
3.2350318911086267
3.2350318911086267
3.2350318911086267
3.2221418741182597
3.2213729863428977
3.2213729863428977
3.2213729863428977
3.2213729863428977
3.2213729863428977
3.2213729863428977
3.234713525413055
3.234713525413055
3.2113944514795913
3.228800780403506
3.2414474373719324
3.2414474373719324
3.2414474373719324
3.242294978564133
3.2429423550362046
3.247574265681746
3.2597085845833873
3.2483036711078292
3.2399084441144406
3.2265907441094974
3.208225402623647
3.208225402623647
3.206293287835959
3.206293287835959
3.206293287835959
3.206293287835959
3.206293287835959
3.206293287835959
3.2421808520394655
3.2421808520394655
3.2421808520394655
3.257900364449856
3.26440519914453
3.252814480765538
3.2411947643623775
3.2411947643623775
3.2411947643623775
3.23918660125298
3.23918660125298
3.2317362228839834
3.2384898722662228
3.2333238486216294
3.223741285777275
3.223741285777275
3.2311758946007796
3.2263790916536648
3.2277020959602027
3.246961485005958
3.255335237574685
3.255335237574685
3.2557702037803806
3.255388669324508
3.255388669324508
3.255388669324508
3.220464556738673
3.220464556738673
3.2229978059785167
3.2229978059785167
3.2229978059785167
3.240788968432705
3.240788968432705
3.240788968432705
3.240788968432705
3.237477693180178
3.237477693180178
3.237477693180178
3.237477693180178
3.237477693180178
3.237477693180178
3.237477693180178
3.237477693180178
3.237477693180178
3.2414976985153
3.233527089316711
3.234486443780734
3.234486443780734
3.234486443780734
3.2305159435988564
3.2305159435988564
3.23111313307984
3.23111313307984
3.23111313307984
3.235503678132741
3.21767825691559
3.228854606982953
3.228854606982953
3.2340224703656766
3.2365995761932416
3.214860230572573
3.226348127999461
3.226348127999461
3.201876138764954
3.2006459610208453
3.228323761575956
3.2372247660300437
3.2372247660300437
3.2372247660300437
3.2372247660300437
3.2244022938098538
3.2050617794176524
3.2050617794176524
3.2050617794176524
3.204338274613144
3.204338274613144
3.2111734536858507
3.2179732595683066
3.2113924364054913
3.2113924364054913
3.2113924364054913
3.226942128515121
3.225882032915139
3.2176320338706157
3.214677414889565
3.228503671990461
3.228503671990461
3.228503671990461
3.2324212858581363
3.2324212858581363
3.2324212858581363
3.2160782948376103
3.2160782948376103
3.2160782948376103
3.2160782948376103
3.2263446529906123
3.2425861264251417
3.2414422478005642
3.2414422478005642
3.2414422478005642
3.2533828537800105
3.251320830627518
3.251320830627518
3.251320830627518
3.251320830627518
3.251320830627518
3.2592450739863588
3.2592450739863588
3.2592450739863588
3.2592450739863588
3.258735788605461
3.2591609879624817
3.2531057744881737
3.2531057744881737
3.2531057744881737
3.2287970656879783
3.2287970656879783
3.2287970656879783
3.2219930443634497
3.2219930443634497
3.238414064504819
3.238414064504819
3.241672175051653
3.241672175051653
3.244314410871746
3.2486309655093444
3.2486309655093444
3.2224053636852874
3.219065679203242
3.219065679203242
3.219065679203242
3.2204438976716534
3.2204438976716534
3.2167937535872024
3.1997208034059414
3.2167542669342923
3.240968400686519
3.255753945950695
3.255753945950695
3.2566196077701943
3.2528128918458847
3.2513090788260475
3.2298204622101854
3.218860561149367
3.218860561149367
3.2085307759308512
3.2031056554405652
3.2166048953630884
3.2166048953630884
3.22119796808984
3.22119796808984
3.2313184799454118
3.2313184799454118
3.2313184799454118
3.2313184799454118
3.2313184799454118
3.22678675646226
3.224935864397468
3.224935864397468
3.2277814703343943
3.2277814703343943
3.2277814703343943
3.2277814703343943
3.2277814703343943
3.2291477060638925
3.237462915385381
3.237462915385381
3.237462915385381
3.237462915385381
3.2446399564409516
3.2477733207008823
3.2477733207008823
3.2434504758734315
3.2687841039298675
3.2687841039298675
3.26269223874772
3.26269223874772
3.26269223874772
3.244440857219289
3.244440857219289
3.259861622930835
3.239717582137792
3.239717582137792
3.239717582137792
3.239717582137792
3.2548799092611884
3.2548799092611884
3.2496588326674694
3.2447178518968527
3.2370227117164223
3.25018846951351
3.2298323950691596
3.236421944018916
3.23592331083598
3.2294516853530424
3.2183991138624353
3.2299356002171042
3.2299356002171042
3.2299356002171042
3.226209456663834
3.226209456663834
3.226209456663834
3.2538271757486488
3.2538271757486488
3.2538271757486488
3.2538271757486488
3.2538271757486488
3.224967347496788
3.224967347496788
3.2291615949365995
3.2291615949365995
3.2264281761359785
3.2264281761359785
3.2264281761359785
3.242652413304483
3.242652413304483
3.242652413304483
3.234989740273799
3.2196910294240637
3.2196910294240637
3.2196910294240637
3.2196910294240637
3.2407742460177564
3.2297445127816626
3.2297445127816626
3.2297445127816626
3.223140095243504
3.2323299000364756
3.235710846598364
3.237060744400804
3.229174927818808
3.229174927818808
3.229174927818808
3.229174927818808
3.2430233335665184
3.2430233335665184
3.2445572276247616
3.2281176646693983
3.2281176646693983
3.2281176646693983
3.2281176646693983
3.224224040536484
3.224224040536484
3.224224040536484
3.224224040536484
3.232064834877641
3.232064834877641
3.2412632230616465
3.2412632230616465
3.2412632230616465
3.2412632230616465
3.2412632230616465
3.2459943627487795
3.2459943627487795
3.2459943627487795
3.243869866947706
3.243869866947706
3.243869866947706
3.2492553343636383
3.2492553343636383
3.2492553343636383
3.2492553343636383
3.2492553343636383
3.2529150161018583
3.2523972117418127
3.2523972117418127
3.2420999083647675
3.2420999083647675
3.2420999083647675
3.2471361327442354
3.2322315378501747
3.2322315378501747
3.2322315378501747
3.2322315378501747
3.2360575055386747
3.2360575055386747
3.2360575055386747
3.2360575055386747
3.2360575055386747
3.2245952137305505
3.2402922499410676
3.250837946892414
3.250837946892414
3.2684849958702213
3.253381958695496
3.2540470571666336
3.2454792192796202
3.2454792192796202
3.259231401929573
3.259231401929573
3.259231401929573
3.259231401929573
3.259231401929573
3.265075891788085
3.2631848251414204
3.2794575606474563
3.2815087225210755
3.276256711185665
3.276256711185665
3.276256711185665
3.2625642434372017
3.2625642434372017
3.24813456174668
3.24813456174668
3.24813456174668
3.2381410272895628
3.233198705319995
3.2398664237230816
3.2398664237230816
3.2198874524286736
3.2198874524286736
3.2273831883063053
3.2149198755073582
3.225546090687409
3.215244524608207
3.21087731662612
3.213266842530697
3.221719745194328
3.221719745194328
3.216550437085164
3.23500075158263
3.2322288124281826
3.2322288124281826
3.2322288124281826
3.2374225586895093
3.247003538095128
3.2372050507226806
3.253137179061855
3.253137179061855
3.253137179061855
3.253137179061855
3.2374009600662066
3.2374009600662066
3.241472588595296
3.241472588595296
3.252719065722136
3.252719065722136
3.2577677438873733
3.2334299616908457
3.2283564380611303
3.2358799312316746
3.2454746960763785
3.2454746960763785
3.2446180256813175
3.252191153448376
3.252191153448376
3.242643839902107
3.2600102134788136
3.2652754918852733
3.259710543708991
3.259710543708991
3.2522111196352053
3.2522111196352053
3.2522111196352053
3.2632649913165617
3.261407892896139
3.2626514790666414
3.2626514790666414
3.2434803448896052
3.2434803448896052
3.2434803448896052
3.2434803448896052
3.2189260142190967
3.2189260142190967
3.2181110635752805
3.2181110635752805
3.2181110635752805
3.2181110635752805
3.2181110635752805
3.2181110635752805
3.2105440883990917
3.2371285608150697
3.232146995826682
3.232146995826682
3.232146995826682
3.232146995826682
3.2416212851916306
3.2416212851916306
3.255976331590293
3.255976331590293
3.244404189395539
3.244404189395539
3.256010169483313
3.256010169483313
3.256010169483313
3.256010169483313
3.256010169483313
3.2608735400707918
3.2608735400707918
3.2608735400707918
3.2708982046545514
3.264750715419684
3.2508274066801697
3.2469868742764616
3.260816778946976
3.260816778946976
3.260816778946976
3.260816778946976
3.2572638163221597
3.2572638163221597
3.2692603683852286
3.2692603683852286
3.2692603683852286
3.2692603683852286
3.2692603683852286
3.2692603683852286
3.270265734384322
3.2454125887162317
3.241244623950029
3.259157770457254
3.259157770457254
3.259157770457254
3.260366570291323
3.2612897966497076
3.257062213087125
3.250158396653482
3.250158396653482
3.2350733698810044
3.2350733698810044
3.233345754489027
3.218974967833788
3.2304155728236728
3.2489701961470514
3.252399041673903
3.256527590046243
3.256527590046243
3.259196474954485
3.262750866375911
3.2732263760153595
3.2717486713272534
3.2562615752226174
3.2459724642476155
3.2459724642476155
3.2459724642476155
3.2427093105977325
3.2427093105977325
3.2427093105977325
3.2427093105977325
3.22640464375866
3.22640464375866
3.22640464375866
3.22640464375866
3.22640464375866
3.239025095167108
3.239025095167108
3.2349543865059602
3.2204064110653996
3.2245377438401124
3.2245377438401124
3.2245377438401124
3.229898606377939
3.2300593146132734
3.2373438756830297
3.248183660982748
3.248183660982748
3.2572509936251857
3.2572509936251857
3.253309595110484
3.237212270849697
3.227068728342172
3.227068728342172
3.227068728342172
3.227068728342172
3.227068728342172
3.2350871957785707
3.22844109722247
3.2369094063082766
3.232590911372209
3.2272839704683522
3.2462766816109685
3.240613085457756
3.240613085457756
3.207885191850133
3.207885191850133
3.207885191850133
3.232005786314315
3.232005786314315
3.2392329808582825
3.2403875540284766
3.214919184006189
3.2257449385972006
3.2257449385972006
3.2257449385972006
3.2241577488905673
3.215802927438575
3.215802927438575
3.231532115210764
3.2205349690063727
3.2205349690063727
3.2179817814659795
3.253857054314118
3.253857054314118
3.277558843113575
3.277558843113575
3.261159879177532
3.2572627760961588
3.2563195231392537
3.2563195231392537
3.2563195231392537
3.2560155234089496
3.2560155234089496
3.2560155234089496
3.2518648363382114
3.259311491907186
3.259311491907186
3.259311491907186
3.259311491907186
3.269502273096147
3.269502273096147
3.269502273096147
3.269502273096147
3.269298731283997
3.259016206643276
3.2449102495422752
3.2449102495422752
3.2332724233217225
3.2332724233217225
3.2332724233217225
3.222795061750838
3.222795061750838
3.2189405278126846
3.205521097145461
3.205521097145461
3.205521097145461
3.1993719764773196
3.195143201261265
3.195143201261265
3.1950741291731783
3.188421386326289
3.198147956857742
3.198147956857742
3.2034564748198155
3.2086027691033094
3.210298943934187
3.205558244551125
3.205558244551125
3.205558244551125
3.205558244551125
3.217699530587786
3.217699530587786
3.217699530587786
3.218884375713237
3.190189550247147
3.190189550247147
3.1959957144134643
3.1959957144134643
3.198420213807835
3.218027302789031
3.194297566609152
3.194297566609152
3.2003733561568377
3.2003733561568377
3.2214093210186276
3.2214093210186276
3.198457625620582
3.190233318054411
3.219348660641446
3.219348660641446
3.219348660641446
3.223857356102155
3.2244883571626017
3.220763749635419
3.2154815635130194
3.217773875825069
3.221542737050276
3.2290183700968447
3.218850538180313
3.218850538180313
3.2189757651854474
3.2189757651854474
3.2189757651854474
3.2207191600056544
3.2207191600056544
3.21319726744154
3.21319726744154
3.201693548785968
3.208398725383021
3.208398725383021
3.208398725383021
3.208398725383021
3.208398725383021
3.244162549023726
3.244162549023726
3.2441025576128837
3.2441025576128837
3.225268354480176
3.231679479298006
3.231679479298006
3.2323900248105466
3.2323900248105466
3.2323900248105466
3.2323900248105466
3.2393918125180496
3.2574456492786474
3.258682500785457
3.258682500785457
3.258682500785457
3.2752351818792245
3.2755490174963886
3.2654919212065034
3.2654919212065034
3.2686248188653044
3.260067338426291
3.258971217077756
3.258971217077756
3.225848572553209
3.2505703812105553
3.2577525229444984
3.2442348363090097
3.239292393091361
3.239292393091361
3.239292393091361
3.239292393091361
3.239292393091361
3.239292393091361
3.239292393091361
3.239292393091361
3.239292393091361
3.239292393091361
3.2417959744488405
3.234344500963477
3.2302815704431938
3.242907278648398
3.2451458658211165
3.2451458658211165
3.234026125770761
3.234026125770761
3.238270466922463
3.238270466922463
3.238270466922463
3.2333714515824554
3.234230542184092
3.234230542184092
3.22652907687914
3.2258975387423754
3.2258975387423754
3.2258975387423754
3.213552814861214
3.213552814861214
3.213552814861214
3.213552814861214
3.213552814861214
3.213552814861214
3.2219374961353577
3.2254737531258795
3.2208262305641746
3.2283618681935833
3.2283618681935833
3.2283618681935833
3.2447956225617807
3.2294499648516206
3.2294499648516206
3.2350003126853797
3.2431253507583895
3.2431253507583895
3.2476128990793462
3.2476128990793462
3.2493696770570715
3.2421831036634234
3.2421831036634234
3.218747508487437
3.220082418776875
3.2230655557040286
3.226791170631148
3.205896433267691
3.205896433267691
3.221903297551873
3.221903297551873
3.221903297551873
3.221903297551873
3.221903297551873
3.2375141616562777
3.2361826349027063
3.2361826349027063
3.2361826349027063
3.2361826349027063
3.2361826349027063
3.241034605162662
3.2470643176621925
3.255601588010588
3.255601588010588
3.259951836289784
3.259951836289784
3.259951836289784
3.259951836289784
3.265656258364195
3.225509939917553
3.225509939917553
3.225509939917553
3.225509939917553
3.225509939917553
3.220525441515736
3.2163377386488663
3.22760815654568
3.2306706929448303
3.2306706929448303
3.2306706929448303
3.2354554918420697
3.2434100557360113
3.2434100557360113
3.2434100557360113
3.2434100557360113
3.240477074119317
3.241429226460012
3.241429226460012
3.2094699356174856
3.2094699356174856
3.2094699356174856
3.2116995147181617
3.2116995147181617
3.2391295691172295
3.2391295691172295
3.2391295691172295
3.223767507574165
3.223767507574165
3.223767507574165
3.223767507574165
3.223767507574165
3.212867292352791
3.2244171235039736
3.228534798813777
3.2390111235971033
3.210751770041088
3.210751770041088
3.210751770041088
3.210751770041088
3.229383302971198
3.2194760125857798
3.2194760125857798
3.218504026786626
3.218504026786626
3.2391299914304663
3.2332127745557115
3.2650581496018862
3.2650581496018862
3.2520579696328737
3.2484184649707504
3.2484184649707504
3.2384827227025266
3.2384827227025266
3.2317521281326655
3.2317521281326655
3.2317521281326655
3.2317521281326655
3.2317521281326655
3.2317521281326655
3.2317521281326655
3.2430417683923265
3.2430417683923265
3.2426849074561908
3.2426849074561908
3.2426849074561908
3.2426849074561908
3.2426849074561908
3.232542370635312
3.2512440145349437
3.2512440145349437
3.2512440145349437
3.2512440145349437
3.2521402616010104
3.2403355555065065
3.2403355555065065
3.2403355555065065
3.239114227770025
3.241759394914453
3.241759394914453
3.241759394914453
3.241759394914453
3.241759394914453
3.241759394914453
3.241759394914453
3.238887289903344
3.219084212618546
3.219084212618546
3.219084212618546
3.213055932456003
3.2489766231197166
3.2341505785460476
3.202445143668975
3.2199730608453114
3.2199730608453114
3.224024973579269
3.224024973579269
3.224024973579269
3.232945605106445
3.232945605106445
3.232945605106445
3.2155996811750125
3.2188380075376872
3.210623330502346
3.2120543442161464
3.248130864920465
3.2331029028009053
3.2557766087826723
3.2557766087826723
3.2462121974676053
3.2462121974676053
3.2462121974676053
3.2462121974676053
3.2462121974676053
3.2462121974676053
3.2462121974676053
3.2407505848511513
3.2407505848511513
3.2407505848511513
3.2345280671068357
3.2288849932910613
3.23739012386995
3.2551042666621828
3.2551042666621828
3.2551042666621828
3.2368369176153005
3.2598179514628813
3.233934291766705
3.2470206252500904
3.224071282510425
3.224071282510425
3.224071282510425
3.2237502649023875
3.2237502649023875
3.232647781352168
3.2468725794275475
3.2468725794275475
3.238585635275443
3.242926961509935
3.2368570448173912
3.2369893213295398
3.2552647400024166
3.2552647400024166
3.2552647400024166
3.2350022245261876
3.2350022245261876
3.2422421810367013
3.2422421810367013
3.2422421810367013
3.2422421810367013
3.212688763783563
3.2084853308172536
3.2084853308172536
3.1945010662515796
3.2222811757514207
3.2097618484766874
3.2047774659356776
3.210035944958973
3.210035944958973
3.193238336567426
3.1987930750130062
3.1987930750130062
3.1987930750130062
3.1891449732236654
3.183619769954949
3.183619769954949
3.183619769954949
3.183619769954949
3.1903278418748395
3.1903278418748395
3.1903278418748395
3.187605675941984
3.187605675941984
3.187605675941984
3.187605675941984
3.2008731425984314
3.2008731425984314
3.2098957788243268
3.2098957788243268
3.2141604982662595
3.2302669667908304
3.2302669667908304
3.2085898756404188
3.2166010995752896
3.2166010995752896
3.2166010995752896
3.239367380543592
3.230855796431345
3.2525084352289744
3.2525084352289744
3.2525084352289744
3.2517033012674847
3.2517033012674847
3.2567670787575596
3.24676955914463
3.2502606150820443
3.2627368007344897
3.2627368007344897
3.274033835921053
3.251556133456657
3.2625155270214288
3.264637867944402
3.264447374973434
3.264447374973434
3.2665746473542048
3.2665746473542048
3.2665746473542048
3.2665746473542048
3.254043217799471
3.248674187097462
3.2628777695208
3.2628777695208
3.2628777695208
3.2628777695208
3.2628777695208
3.23560687457312
3.23560687457312
3.2496142571142332
3.2469614336155788
3.236057723586518
3.236057723586518
3.236057723586518
3.236057723586518
3.236057723586518
3.236057723586518
3.2566727493351655
3.2426204583101823
3.2426204583101823
3.2502090937925128
3.2502090937925128
3.236008346931283
3.236008346931283
3.236008346931283
3.236008346931283
3.236008346931283
3.2318758250258117
3.252277974672608
3.2617311305652086
3.2617311305652086
3.2593941067717407
3.2445614324209764
3.252867614131822
3.252867614131822
3.2440422875438486
3.2220455747404753
3.2220455747404753
3.239879095541572
3.239879095541572
3.239879095541572
3.2284145444480643
3.2358852299518137
3.236852080196808
3.2312499878664585
3.2312499878664585
3.2312499878664585
3.252419364068531
3.248701439211455
3.2305162541114614
3.2305162541114614
3.240569052843869
3.240569052843869
3.2420084345525657
3.2420084345525657
3.243106089586888
3.244849637139098
3.244849637139098
3.2306165313283235
3.2464120464427193
3.2464120464427193
3.2464120464427193
3.2247656830615807
3.2247656830615807
3.2174127069163148
3.2174127069163148
3.2174127069163148
3.2347250959547247
3.253018347172638
3.241357405846074
3.241357405846074
3.228447613314014
3.228447613314014
3.1944461769888775
3.1944461769888775
3.1944461769888775
3.1944461769888775
3.1944461769888775
3.207943923682373
3.224569117107239
3.2064072061311664
3.20021314523697
3.20021314523697
3.20021314523697
3.20021314523697
3.20021314523697
3.20021314523697
3.197496675734731
3.216982435933554
3.216982435933554
3.216982435933554
3.216982435933554
3.2301904560273504
3.2301904560273504
3.2259429576521024
3.21106020567885
3.21106020567885
3.228889923640211
3.228889923640211
3.228889923640211
3.241180032521179
3.2366376449822156
3.2340860631010804
3.2340860631010804
3.2340860631010804
3.246748423014038
3.2496848451077307
3.2468077925930783
3.2468077925930783
3.2468077925930783
3.240592721148027
3.240592721148027
3.261297731071477
3.261297731071477
3.2608231739512004
3.2520561035755198
3.253133108768656
3.2647115243498455
3.2626749532770662
3.2626749532770662
3.232542678515794
3.232542678515794
3.2567876997413454
3.233125344293221
3.233125344293221
3.233125344293221
3.232187706194917
3.232187706194917
3.235100603062165
3.235100603062165
3.2503391068067704
3.2503391068067704
3.2369839835023027
3.2359512140406435
3.2359512140406435
3.2359512140406435
3.249985063964271
3.2460058576092035
3.2460058576092035
3.2406593435583386
3.23068640586554
3.23068640586554
3.235024877645168
3.235024877645168
3.235024877645168
3.2446831829074525
3.2366155947415036
3.2353479929465547
3.2477297228424455
3.2477297228424455
3.238507052565343
3.236188781560956
3.222649125840491
3.217548842542153
3.217548842542153
3.213023507536207
3.213023507536207
3.22679387627737
3.22679387627737
3.22679387627737
3.2649678316900834
3.2779966982972653
3.2779966982972653
3.2779966982972653
3.2779966982972653
3.2581015169532312
3.2706807922309684
3.246209487046175
3.246209487046175
3.246209487046175
3.246209487046175
3.278186989048054
3.278186989048054
3.278186989048054
3.253310252943971
3.253310252943971
3.253310252943971
3.241358748880831
3.241358748880831
3.237321321158821
3.244852705660523
3.236856167558545
3.2188162464690198
3.2188162464690198
3.2188162464690198
3.2188162464690198
3.2188162464690198
3.2408702569077623
3.2408702569077623
3.2408702569077623
3.241322997308289
3.233345797531756
3.233345797531756
3.233345797531756
3.233345797531756
3.233345797531756
3.2299936756598218
3.2357668509761326
3.2357668509761326
3.2596038771567195
3.23938649725618
3.23938649725618
3.24130889899381
3.24130889899381
3.2233310596074527
3.2233310596074527
3.2193616613033313
3.2193616613033313
3.239262162810775
3.239262162810775
3.239262162810775
3.248044649799153
3.2360062892167814
3.2360062892167814
3.231496912399205
3.220920771691822
3.2213548048222025
3.234214386558256
3.234214386558256
3.234214386558256
3.2434571338213143
3.2266257690225344
3.2266257690225344
3.2388357559252383
3.2450638112235697
3.2494994810396163
3.2494994810396163
3.238919992107832
3.245525717141525
3.245525717141525
3.2367163850314715
3.253050159968547
3.241795100351758
3.241795100351758
3.241795100351758
3.241795100351758
3.241795100351758
3.222656657490686
3.222656657490686
3.215426268314016
3.215426268314016
3.244595937004703
3.244595937004703
3.252793961190835
3.2558127941432304
3.2558127941432304
3.2558127941432304
3.2558127941432304
3.244333934977574
3.244333934977574
3.244333934977574
3.244333934977574
3.238042058695677
3.238042058695677
3.238042058695677
3.2359936813750516
3.2359936813750516
3.2359936813750516
3.2359936813750516
3.2477090576773624
3.251981528188986
3.240204354303955
3.2424088503081983
3.2424088503081983
3.224973918682347
3.224973918682347
3.224973918682347
3.224973918682347
3.224973918682347
3.224973918682347
3.224973918682347
3.224973918682347
3.2238440996735775
3.21000391581896
3.206668611329602
3.2035942942655407
3.200290504821776
3.229000276594976
3.213399333126371
3.213399333126371
3.213399333126371
3.213399333126371
3.217944874830518
3.21603525394338
3.22476232142376
3.222145218454702
3.2134268692665433
3.2134268692665433
3.2134268692665433
3.2007112614980615
3.2167021597699064
3.2167021597699064
3.2167021597699064
3.220598693082003
3.220598693082003
3.2217157607955986
3.2217157607955986
3.2432481601101597
3.2462999558639436
3.2462999558639436
3.2462999558639436
3.2454689097116796
3.230740518102874
3.2253959819268845
3.229801234705631
3.229801234705631
3.2266592721112284
3.2266592721112284
3.2328066515871345
3.2328066515871345
3.2345569340022164
3.235148333917113
3.235148333917113
3.246800548470128
3.227594586186453
3.227594586186453
3.222156171566652
3.222156171566652
3.251821271775352
3.2279954965878463
3.2279954965878463
3.2151246002645473
3.2151246002645473
3.2159089767796463
3.2194442199921887
3.2194442199921887
3.2194442199921887
3.2194442199921887
3.2194442199921887
3.2194442199921887
3.2221160475452333
3.2252011878697355
3.2252011878697355
3.223126742917541
3.223126742917541
3.223126742917541
3.223126742917541
3.223126742917541
3.2372662822341756
3.2372662822341756
3.2372662822341756
3.2434411505968317
3.2108090214980596
3.2199395127317443
3.2199395127317443
3.208006358950117
3.208006358950117
3.208006358950117
3.208006358950117
3.208006358950117
3.217981339141724
3.241189056158731
3.242879230690808
3.2335424396665817
3.2335424396665817
3.2335424396665817
3.2335424396665817
3.2335424396665817
3.2335424396665817
3.2335424396665817
3.23797820451617
3.23797820451617
3.258595301378129
3.246530849718738
3.2539786998078157
3.2539786998078157
3.2573313565444972
3.2500986891061037
3.2523959905499993
3.2375042916249868
3.2488352789599553
3.2488352789599553
3.2511892779682863
3.2511892779682863
3.245754222904009
3.237063004994587
3.244419451074605
3.244419451074605
3.2505328504399356
3.2505328504399356
3.240055703990782
3.2539611013122705
3.2741378581219376
3.2516540343450884
3.2516540343450884
3.253416456890724
3.253778781706969
3.2445180980238346
3.251105583267111
3.251105583267111
3.251105583267111
3.251105583267111
3.2753313729558338
3.2673202341437917
3.2673202341437917
3.2673202341437917
3.2673202341437917
3.2573549680331646
3.2573549680331646
3.2666130122212333
3.2678302493302236
3.2678302493302236
3.2678302493302236
3.2678302493302236
3.265392825406174
3.265392825406174
3.278968486202558
3.2815192750153006
3.2367225176661405
3.2540687575476768
3.2395853908722714
3.229973444929732
3.249619255862757
3.2460776760844428
3.2460776760844428
3.2460776760844428
3.2460776760844428
3.2460776760844428
3.2460776760844428
3.253250792228066
3.255691191379202
3.2588235318947736
3.259515302588154
3.259515302588154
3.259515302588154
3.252871401220389
3.2306942503389853
3.2467776181295194
3.2467776181295194
3.2467776181295194
3.2467776181295194
3.2467776181295194
3.247061769224924
3.247061769224924
3.247061769224924
3.2478308493681087
3.2288768790357794
3.2288768790357794
3.2288768790357794
3.221829762392565
3.2430998046674984
3.2430998046674984
3.2419525473912425
3.2275374574480327
3.2289429153129423
3.216136562571631
3.216136562571631
3.217854916421708
3.217854916421708
3.2136226047495984
3.2132202616127836
3.2132202616127836
3.2132202616127836
3.209382041081697
3.209382041081697
3.20033646033486
3.20033646033486
3.2198942240865653
3.2198942240865653
3.209229996806535
3.209229996806535
3.2111114476106484
3.2097647569793195
3.211262231616052
3.211262231616052
3.211262231616052
3.207921235204098
3.207921235204098
3.203256805154596
3.203256805154596
3.2305404257189836
3.2305404257189836
3.215536761228799
3.215536761228799
3.215536761228799
3.215536761228799
3.1977433692381347
3.219783117382001
3.219783117382001
3.2186749300270003
3.202271403847001
3.2131078935014536
3.2131078935014536
3.218920980128593
3.218920980128593
3.218920980128593
3.218920980128593
3.218920980128593
3.218920980128593
3.2189584874170905
3.222880336765708
3.221942941232915
3.221942941232915
3.2379341067369127
3.2379341067369127
3.2445322777567083
3.2445322777567083
3.2445322777567083
3.25299767030848
3.232701191741539
3.232701191741539
3.232701191741539
3.232701191741539
3.236153554870492
3.236153554870492
3.2306312217336326
3.2349072810745967
3.2349072810745967
3.2349072810745967
3.2349072810745967
3.231694431092424
3.231694431092424
3.2507822736314074
3.2507822736314074
3.2599181187717496
3.2610905261850336
3.2610905261850336
3.259428215822055
3.259428215822055
3.2644705347583454
3.2644705347583454
3.2644705347583454
3.251423264566556
3.251423264566556
3.251423264566556
3.252882335512777
3.252882335512777
3.248984879545824
3.252070954525008
3.252070954525008
3.254376834512215
3.249339519160014
3.2365844203749408
3.2596310692313906
3.2596310692313906
3.2596310692313906
3.2596310692313906
3.2596310692313906
3.2596310692313906
3.242530917202645
3.242530917202645
3.2548918715179465
3.268138895997097
3.268138895997097
3.268138895997097
3.240076850243394
3.240076850243394
3.247381255162527
3.2373259719035583
3.2373259719035583
3.2521526794057913
3.2521526794057913
3.2521526794057913
3.243195862978389
3.243195862978389
3.243195862978389
3.2405304867430775
3.2396569697484874
3.2583641839565995
3.2583641839565995
3.2583641839565995
3.254137904912603
3.254137904912603
3.2588430574147305
3.2588430574147305
3.2588430574147305
3.262455139364191
3.262455139364191
3.262455139364191
3.262455139364191
3.264338076971123
3.264338076971123
3.264338076971123
3.2500009274673336
3.2500009274673336
3.2612486954309676
3.2611152817289186
3.2611152817289186
3.2621538922185
3.2489696949329323
3.256703694160451
3.271518036532455
3.271518036532455
3.258926778525262
3.258926778525262
3.250409874285017
3.239962268083496
3.233064204248483
3.233064204248483
3.233064204248483
3.233064204248483
3.235541401573868
3.235541401573868
3.235541401573868
3.2491915963774063
3.2491915963774063
3.2491915963774063
3.2491915963774063
3.276814394990119
3.2753749140997015
3.2741146002249013
3.275702799829881
3.275702799829881
3.275702799829881
3.2758906907591503
3.2758906907591503
3.277801418460934
3.2782289642528606
3.2782289642528606
3.284308851688949
3.284308851688949
3.2594629984378227
3.257296025114938
3.2569891028300875
3.2368615045149585
3.264809023389014
3.254007810851129
3.2532434887813637
3.2532434887813637
3.2484970268774083
3.2448781047668955
3.249091233592972
3.249091233592972
3.249091233592972
3.2431144574433413
3.2431144574433413
3.2431144574433413
3.2180855689542547
3.2180855689542547
3.2180855689542547
3.2180855689542547
3.237449223367619
3.236531887505779
3.236531887505779
3.236531887505779
3.2504578791489602
3.2504578791489602
3.2504578791489602
3.2504578791489602
3.2504578791489602
3.2504578791489602
3.259801276385904
3.266775594239314
3.266775594239314
3.2553350227327043
3.251113331154346
3.251113331154346
3.251113331154346
3.245307730900887
3.238558804063296
3.238558804063296
3.2219842230699647
3.2338944506817144
3.2338944506817144
3.2338944506817144
3.2338944506817144
3.240730996947103
3.240730996947103
3.240730996947103
3.246858266271175
3.236499170729211
3.236499170729211
3.2234967438991853
3.2287695810490797
3.2302701832238987
3.2302701832238987
3.235746782469277
3.2380075729286224
3.2380075729286224
3.2380075729286224
3.2380075729286224
3.2380075729286224
3.2380075729286224
3.244185743811207
3.244185743811207
3.244185743811207
3.244185743811207
3.2345541630834003
3.2345541630834003
3.2443094564328194
3.235783685964658
3.235783685964658
3.235783685964658
3.243368508949912
3.243368508949912
3.250344169238722
3.264525316266485
3.247103982555115
3.247103982555115
3.244765949835784
3.244765949835784
3.244765949835784
3.244765949835784
3.244765949835784
3.229201828788075
3.22206069375768
3.22206069375768
3.2348874744977634
3.2348874744977634
3.2348874744977634
3.2348874744977634
3.23365308775817
3.23365308775817
3.2193240200307325
3.225651747376945
3.217949886431367
3.217949886431367
3.217949886431367
3.2312797800496473
3.2312797800496473
3.2575844921271346
3.260356693324111
3.272900651694826
3.272900651694826
3.279611574734422
3.279611574734422
3.2640908154550323
3.25290166833375
3.233219533205513
3.248127002624491
3.251454130185425
3.25410364120242
3.267935186995644
3.2699609073909066
3.2655749616532237
3.2518615760767124
3.251979633499104
3.251979633499104
3.250354916747654
3.241318414688618
3.241318414688618
3.246864579562953
3.246864579562953
3.246864579562953
3.246864579562953
3.24884266821053
3.2312683206498485
3.2312683206498485
3.2312683206498485
3.224144584019586
3.224144584019586
3.2268282521286213
3.2322503734883914
3.2322503734883914
3.2414565666045614
3.2414565666045614
3.2309477484582225
3.2268484614282587
3.233807046681368
3.233807046681368
3.233807046681368
3.233807046681368
3.2364877281990663
3.2364877281990663
3.2254179918490147
3.2344836182315104
3.2344836182315104
3.2344836182315104
3.2344836182315104
3.2378360552570307
3.2378360552570307
3.2378360552570307
3.2146786933268876
3.2065929515455984
3.2065929515455984
3.203659369307289
3.2351617635503684
3.2351617635503684
3.2351617635503684
3.2351617635503684
3.2351617635503684
3.231228923631996
3.231228923631996
3.2309624378085116
3.2270436862376557
3.2270436862376557
3.2204691409748927
3.2256117122491315
3.2256117122491315
3.2256117122491315
3.2256117122491315
3.2042807497669124
3.2042807497669124
3.1991341795134653
3.1907800291203046
3.1907800291203046
3.1907800291203046
3.23036680986435
3.23036680986435
3.23036680986435
3.230581086545314
3.230581086545314
3.230581086545314
3.230581086545314
3.2066142057700846
3.2066142057700846
3.2066121785039754
3.2066121785039754
3.209844868172065
3.209844868172065
3.209844868172065
3.236734329883883
3.236734329883883
3.2342391862367204
3.2342391862367204
3.2345026568313386
3.248733926556362
3.248733926556362
3.249923538087661
3.241324387408277
3.2344374859668688
3.2507034009421556
3.2507034009421556
3.242359794586116
3.241734909557935
3.2477352259882006
3.2480613469173107
3.2480613469173107
3.247844779712587
3.247281178413565
3.247281178413565
3.252721797808314
3.252721797808314
3.252721797808314
3.251316772755505
3.2531839966004914
3.2563850432940216
3.2563850432940216
3.2563850432940216
3.2563850432940216
3.2410353633116835
3.241330623249816
3.241330623249816
3.241330623249816
3.241330623249816
3.241330623249816
3.241330623249816
3.2478649596081044
3.243566359684077
3.243566359684077
3.2209292142555013
3.2248905899893776
3.2248905899893776
3.2256914960888
3.2420216599744163
3.2331652665672466
3.2331652665672466
3.226070749118773
3.2394579316442162
3.2394579316442162
3.2394579316442162
3.235751552804272
3.235751552804272
3.235751552804272
3.2327132803752345
3.2440607234044334
3.2598265923547123
3.240903651035651
3.260127834642349
3.260127834642349
3.268917893552541
3.2395597303249932
3.24589965570119
3.24589965570119
3.245241760554064
3.245241760554064
3.233355736458624
3.233355736458624
3.233355736458624
3.233355736458624
3.233355736458624
3.2281449357163225
3.253996599903781
3.253996599903781
3.253996599903781
3.244978704152743
3.244978704152743
3.2444967507394975
3.263489305468652
3.263489305468652
3.2624325027149395
3.2624325027149395
3.2624325027149395
3.2624325027149395
3.2645016519429326
3.2645016519429326
3.2645016519429326
3.2681200857754944
3.2681200857754944
3.2681200857754944
3.2751202735928597
3.2751202735928597
3.2365563305967537
3.2470214666680333
3.2447758933232786
3.2447758933232786
3.2587565960197793
3.2587565960197793
3.2587565960197793
3.2587565960197793
3.2587565960197793
3.238033116290831
3.2353796510697324
3.2353796510697324
3.2501510312408493
3.2501510312408493
3.2501510312408493
3.2501510312408493
3.252239976384683
3.2424453952150336
3.2424453952150336
3.235711275205048
3.2272071973419223
3.21635467046215
3.233754897398134
3.233754897398134
3.233754897398134
3.2443556858855347
3.2220794003440436
3.2220794003440436
3.2213881549219026
3.2213881549219026
3.2213881549219026
3.2213881549219026
3.226702409838556
3.226702409838556
3.219518229897152
3.219518229897152
3.2155688663901745
3.2044493084732517
3.2044493084732517
3.2044493084732517
3.203211054795949
3.203211054795949
3.2197847387802994
3.2197847387802994
3.22953438550971
3.22953438550971
3.2514917853128433
3.2514917853128433
3.233479035700422
3.233479035700422
3.233479035700422
3.233479035700422
3.2147168364596572
3.2141387919593587
3.2141387919593587
3.2141387919593587
3.2141387919593587
3.2546620443310186
3.2546620443310186
3.2488452817842104
3.2488452817842104
3.2603318851097396
3.2357149232986213
3.2357149232986213
3.2357149232986213
3.218764616417144
3.218764616417144
3.221771539224799
3.221771539224799
3.221771539224799
3.2148841350700192
3.2136697223948807
3.2136697223948807
3.201457209148927
3.2178007506684696
3.2168422039989273
3.2268925730749034
3.2268925730749034
3.2268925730749034
3.240965335124886
3.246013420341346
3.2321721782694164
3.228243258695981
3.228243258695981
3.228243258695981
3.228243258695981
3.228243258695981
3.228243258695981
3.23060777188921
3.240391661390182
3.240391661390182
3.2324477112157046
3.240677495804935
3.2364205776950663
3.2364205776950663
3.242855570456851
3.2167573614235
3.212616802938858
3.212616802938858
3.212616802938858
3.215424247020336
3.215424247020336
3.215424247020336
3.215424247020336
3.2393404976458955
3.2393404976458955
3.2393404976458955
3.248280601999797
3.2562937616267074
3.252020612289899
3.259630925349566
3.2567100996145073
3.2567100996145073
3.2567100996145073
3.2561906775847613
3.287587207752326
3.287587207752326
3.267237029480778
3.260700738052427
3.2469766478401323
3.2368968350820144
3.2368968350820144
3.2508998721817006
3.2433060253307024
3.2433060253307024
3.2334302366217313
3.2334302366217313
3.2334302366217313
3.2334302366217313
3.2334302366217313
3.23191016447866
3.23191016447866
3.247500596794039
3.247500596794039
3.247500596794039
3.2333989902250977
3.2333989902250977
3.2333989902250977
3.2333989902250977
3.2515605699791186
3.241198473501133
3.2321615566034607
3.2411915525072983
3.253987960491853
3.253987960491853
3.2559918082659403
3.24206291712504
3.24206291712504
3.24206291712504
3.2519581586918824
3.2590629295425884
3.2679045201712307
3.2415627587038607
3.2415627587038607
3.2415627587038607
3.2415627587038607
3.2415627587038607
3.2415627587038607
3.2415627587038607
3.2415627587038607
3.2415627587038607
3.2348305057279525
3.233980121389091
3.233980121389091
3.233980121389091
3.2485372797301078
3.237875454875126
3.23623212024259
3.23623212024259
3.23623212024259
3.23623212024259
3.23623212024259
3.23623212024259
3.231380641920733
3.2181863803859154
3.2181863803859154
3.2181863803859154
3.2181863803859154
3.2243477860807412
3.2497199428462946
3.2422042677062057
3.2216215984319256
3.2436733774789093
3.2436733774789093
3.225765492754516
3.225765492754516
3.234198171585228
3.2333865635144274
3.2224301965714215
3.248888418989154
3.222310440461023
3.222310440461023
3.228673770260994
3.2314147873101144
3.2314147873101144
3.2427248584857664
3.2427248584857664
3.2522322996864683
3.2522322996864683
3.2522322996864683
3.2376269225942864
3.2398551869479766
3.2361368818492564
3.2361368818492564
3.239124576358843
3.239124576358843
3.2264266980087988
3.221267645904726
3.221267645904726
3.221267645904726
3.221267645904726
3.221267645904726
3.2332311115241064
3.2534507512454236
3.2534507512454236
3.2534507512454236
3.2534507512454236
3.2739722718828648
3.2739722718828648
3.2492282955380527
3.2556816246960025
3.237504046616448
3.237504046616448
3.237504046616448
3.255607322100845
3.247800691722952
3.247800691722952
3.2394697929482184
3.2394697929482184
3.2421903429547
3.2421903429547
3.245735021513299
3.245735021513299
3.240827529296671
3.219932003387735
3.219932003387735
3.221158521398693
3.2372213906208023
3.2329157253938967
3.2329157253938967
3.2329157253938967
3.2329157253938967
3.233146758295732
3.233146758295732
3.2366881459838073
3.227524962326483
3.227524962326483
3.227023489987992
3.2450638937732257
3.2450638937732257
3.2260083103837798
3.2260083103837798
3.2260083103837798
3.245775529142792
3.245775529142792
3.245775529142792
3.247163759532893
3.247163759532893
3.229231757343447
3.2354909437777386
3.2502423598923897
3.2424201350693482
3.248176279482609
3.248176279482609
3.2609802131567545
3.2609802131567545
3.2609802131567545
3.2609802131567545
3.2538279646606543
3.258979841695094
3.258979841695094
3.258979841695094
3.281376403616152
3.281611837912646
3.2654898899088916
3.295368980793994
3.293822360399008
3.293822360399008
3.293822360399008
3.2402122697457147
3.2497578216504817
3.2497578216504817
3.2481077556100972
3.2413253541645815
3.241826792104998
3.2258557036941697
3.2152678097757095
3.2240160654962615
3.2240160654962615
3.2240160654962615
3.2240160654962615
3.2271594399534314
3.2271594399534314
3.2271594399534314
3.2271594399534314
3.2271594399534314
3.2257343616146597
3.2257343616146597
3.2236869432890893
3.2236869432890893
3.228519848246086
3.2074098714556287
3.2074098714556287
3.2032183247279895
3.234426691585454
3.234426691585454
3.234426691585454
3.234426691585454
3.234426691585454
3.234426691585454
3.214365459275428
3.214365459275428
3.2089918998692184
3.2096581902667936
3.2096581902667936
3.2081088369362947
3.2179852051060824
3.2179852051060824
3.2179852051060824
3.225793984751177
3.2218791928989154
3.224222785646415
3.224222785646415
3.21426823171025
3.21426823171025
3.21426823171025
3.21426823171025
3.23881848305561
3.251374769998025
3.251374769998025
3.2381071404387765
3.2381071404387765
3.2376559200150434
3.2382387037320632
3.2382387037320632
3.2382387037320632
3.2696279341696317
3.2417552034559285
3.2417552034559285
3.2417552034559285
3.2417552034559285
3.249771359671994
3.23777314457408
3.240816887301682
3.2606467834630424
3.2606467834630424
3.2606467834630424
3.25540607925323
3.25540607925323
3.2458432470602823
3.2458432470602823
3.2458432470602823
3.2458432470602823
3.2458432470602823
3.2458432470602823
3.2458432470602823
3.2458432470602823
3.2569333295598653
3.2461047297437555
3.243954835711698
3.2508758083784954
3.2508758083784954
3.2244907220011
3.2244907220011
3.2244907220011
3.2244907220011
3.2274562717780264
3.2274562717780264
3.2274562717780264
3.2274562717780264
3.2417752891269833
3.2417752891269833
3.2417752891269833
3.235161256032973
3.235161256032973
3.229052547205421
3.2264358638163397
3.2264358638163397
3.2264358638163397
3.2264358638163397
3.223593705418339
3.2307895172862553
3.2307895172862553
3.2307895172862553
3.2331003755394625
3.2331003755394625
3.2331003755394625
3.2331003755394625
3.2331003755394625
3.2361578444046075
3.2257454355201034
3.238934867237759
3.238934867237759
3.2188682497388217
3.228837908091341
3.2287240779412714
3.223735017495434
3.223735017495434
3.223735017495434
3.223735017495434
3.223735017495434
3.223735017495434
3.222828489114585
3.222828489114585
3.222828489114585
3.222828489114585
3.222828489114585
3.2498788660804117
3.2498788660804117
3.2498788660804117
3.2302472219186655
3.2484015199773504
3.243084712072108
3.243084712072108
3.2317497103524384
3.2317497103524384
3.2529340720482196
3.2534307349200184
3.2590668998630017
3.2590668998630017
3.2582918767964726
3.2582918767964726
3.2582918767964726
3.2582918767964726
3.2645973711891476
3.2560100231264038
3.2560100231264038
3.2560100231264038
3.2560100231264038
3.2560100231264038
3.234125578130531
3.234125578130531
3.234125578130531
3.234125578130531
3.2255557698907174
3.2534299695486157
3.2534299695486157
3.2615031129269276
3.2615031129269276
3.2574579073722787
3.2574579073722787
3.2598708581969307
3.247194428600723
3.247194428600723
3.247194428600723
3.247194428600723
3.247194428600723
3.247194428600723
3.2464374048574656
3.2668480395436608
3.2668480395436608
3.2554456134456946
3.2478398225353455
3.2403769271337937
3.2403769271337937
3.2372084504019467
3.2483412699294134
3.230624456685021
3.238082005655532
3.232558009477087
3.2476849332329545
3.2476849332329545
3.2476849332329545
3.2462077377957113
3.2462077377957113
3.248436741246262
3.248436741246262
3.251437907328897
3.2496992355142997
3.2496992355142997
3.2399815553976956
3.239048786819736
3.2419432392979357
3.2419432392979357
3.2419432392979357
3.2360578269974742
3.2360578269974742
3.2360578269974742
3.2306069830409125
3.2306069830409125
3.2306069830409125
3.2306069830409125
3.2306069830409125
3.2306069830409125
3.2306069830409125
3.213383380923701
3.213383380923701
3.213383380923701
3.2091474995349327
3.227143652013115
3.227143652013115
3.227143652013115
3.227143652013115
3.2246121091167206
3.2246121091167206
3.2093832870755468
3.2202845220021485
3.2119579067966346
3.209810425292426
3.209810425292426
3.209810425292426
3.2446851973483537
3.2365854237944065
3.2365854237944065
3.22994183103375
3.22994183103375
3.2227818317898445
3.2227818317898445
3.239949992565571
3.222535240536576
3.2255416328756223
3.240588710878869
3.2289601930573664
3.2289601930573664
3.2074391149525394
3.2074391149525394
3.2087063198378027
3.2087063198378027
3.2087063198378027
3.205268851223795
3.218275227394656
3.2297685362388218
3.2297685362388218
3.2236777205187632
3.2236777205187632
3.2236777205187632
3.2236777205187632
3.2469644944633202
3.2469644944633202
3.255313510324044
3.255313510324044
3.243227004014681
3.2559287756519826
3.260842313425365
3.211361395267209
3.211361395267209
3.211361395267209
3.211361395267209
3.211361395267209
3.211361395267209
3.211361395267209
3.2188279542894174
3.2291344643737183
3.201110968603403
3.201110968603403
3.2129172949317555
3.2129172949317555
3.2129172949317555
3.2097560214508367
3.2097560214508367
3.2097560214508367
3.2195577804508697
3.2195577804508697
3.2124582921892553
3.2109548617053734
3.2109548617053734
3.2109548617053734
3.194007994479951
3.1863508884984197
3.1863508884984197
3.1863508884984197
3.188493028727176
3.188493028727176
3.188493028727176
3.188493028727176
3.188493028727176
3.2189547429678633
3.2227003855783978
3.237423833768051
3.237423833768051
3.2310247993872694
3.2310247993872694
3.2355859828637668
3.240525070267235
3.240525070267235
3.240525070267235
3.240525070267235
3.240525070267235
3.2295909835248766
3.2295909835248766
3.2258324287245648
3.2233948541316444
3.237208858152071
3.2246790622309023
3.2319722794335015
3.2319722794335015
3.229056081465908
3.229056081465908
3.229056081465908
3.229056081465908
3.219421140609684
3.2300520718712193
3.2300520718712193
3.216160624033504
3.216160624033504
3.216160624033504
3.216160624033504
3.216160624033504
3.216160624033504
3.2214031685901086
3.20597217911172
3.20597217911172
3.216138776398453
3.216138776398453
3.216138776398453
3.2308307405456955
3.2213573904635497
3.2213573904635497
3.201435108823789
3.1967713181814768
3.202096816802085
3.2080795174555203
3.2080795174555203
3.1980779232501884
3.218617541260741
3.218617541260741
3.1998302050212453
3.1998302050212453
3.207062503835643
3.207062503835643
3.2148498000355725
3.2424968779003835
3.2424968779003835
3.2424968779003835
3.2395486998414467
3.2395486998414467
3.2395486998414467
3.233659949052397
3.233659949052397
3.233659949052397
3.233659949052397
3.233659949052397
3.233659949052397
3.233659949052397
3.2278283416287805
3.2278283416287805
3.2209178793493405
3.2209178793493405
3.2209178793493405
3.2209178793493405
3.223096223492041
3.214379980017154
3.2067995145621504
3.209771062258207
3.2318961897696723
3.2318961897696723
3.2341873168529367
3.232994068070041
3.2159495208410758
3.2159495208410758
3.2223239676173665
3.2223239676173665
3.2223239676173665
3.2223239676173665
3.219183690003158
3.219183690003158
3.219183690003158
3.1960329771362677
3.1960329771362677
3.1960329771362677
3.17510513993539
3.17510513993539
3.1756646079467536
3.1756646079467536
3.1756646079467536
3.194296213766974
3.189465827272586
3.1943868970453764
3.196440236501109
3.196440236501109
3.196440236501109
3.251542734223647
3.2403525378514
3.2446826972879794
3.2446826972879794
3.2446826972879794
3.2446826972879794
3.2243712487809657
3.2233493727920846
3.238513159267232
3.238513159267232
3.2319100884300065
3.2254317008571647
3.2254317008571647
3.2254317008571647
3.2254317008571647
3.2254317008571647
3.2254317008571647
3.2352776784513613
3.2352776784513613
3.235069397544667
3.2242376707627742
3.2242376707627742
3.2242376707627742
3.2242376707627742
3.222936952276148
3.222936952276148
3.2102936315353037
3.2102936315353037
3.2102936315353037
3.2102936315353037
3.210343504053214
3.2341708518214625
3.22033609075531
3.206832386580309
3.1981167431160764
3.1981167431160764
3.1981167431160764
3.197632966895966
3.2251801506652136
3.2251801506652136
3.2254351369731356
3.2254351369731356
3.2254351369731356
3.2254351369731356
3.2254351369731356
3.2254351369731356
3.2254351369731356
3.20591786753144
3.2162424494869755
3.2162424494869755
3.2224696214604633
3.22506028490634
3.22506028490634
3.2224072599565816
3.223068044046485
3.223068044046485
3.206011916873684
3.206011916873684
3.206011916873684
3.206011916873684
3.2250098723236906
3.21425049310065
3.214331877425502
3.2268114980541083
3.2268114980541083
3.220072086069254
3.250289721222912
3.250289721222912
3.238017139529947
3.238017139529947
3.225949829853595
3.2237670858981056
3.230073739499673
3.247271277355186
3.2295755929689567
3.2295755929689567
3.2338605814685057
3.2338605814685057
3.2368526546573375
3.2368526546573375
3.2368526546573375
3.2368526546573375
3.2368526546573375
3.2407726309832543
3.2407726309832543
3.254687480557441
3.2434328904469916
3.2434328904469916
3.2434328904469916
3.2434328904469916
3.2434328904469916
3.231837956089405
3.231837956089405
3.231837956089405
3.231837956089405
3.231837956089405
3.23457960778535
3.23457960778535
3.23457960778535
3.23457960778535
3.235471789653533
3.235471789653533
3.235471789653533
3.235471789653533
3.240799327357046
3.240799327357046
3.25327795495494
3.2577157746052343
3.2567150769087885
3.2567150769087885
3.2618260525980967
3.2618260525980967
3.254417463312904
3.254417463312904
3.254417463312904
3.254417463312904
3.2463186955026804
3.2345102064394315
3.2345102064394315
3.2345102064394315
3.246643026852678
3.246643026852678
3.246643026852678
3.240011419452988
3.240011419452988
3.240011419452988
3.240011419452988
3.240011419452988
3.2238060063619165
3.2238060063619165
3.225902555265282
3.225902555265282
3.207125127197586
3.213364213905336
3.213364213905336
3.213364213905336
3.2191868856420296
3.2067227799785107
3.2067227799785107
3.2067227799785107
3.2067227799785107
3.21383746342037
3.21383746342037
3.21383746342037
3.2310643304158275
3.219445576607427
3.219445576607427
3.231490677704349
3.231490677704349
3.208451437829196
3.208451437829196
3.217857025366154
3.2074126481792242
3.208357104146293
3.2024092905859325
3.2024092905859325
3.199037009711571
3.199037009711571
3.199037009711571
3.2040954996713986
3.2040954996713986
3.213246175708022
3.1988512667439117
3.1988512667439117
3.196444550327617
3.196444550327617
3.196444550327617
3.203428756307826
3.203428756307826
3.203428756307826
3.203428756307826
3.213211778878941
3.200346357945545
3.200346357945545
3.200346357945545
3.200346357945545
3.200346357945545
3.203063810775157
3.203063810775157
3.203063810775157
3.213152724209588
3.2034371508884214
3.199649375970368
3.209161377589678
3.209161377589678
3.209161377589678
3.209161377589678
3.209161377589678
3.2092249343487125
3.1948092743728296
3.1948092743728296
3.2142313270542346
3.2142313270542346
3.2142313270542346
3.2142313270542346
3.2142313270542346
3.2142313270542346
3.2142313270542346
3.222406189006806
3.222406189006806
3.222406189006806
3.222406189006806
3.221432819318042
3.221432819318042
3.204875171828081
3.2312883455604915
3.2312883455604915
3.2312883455604915
3.2312883455604915
3.2212140580037603
3.2379319621169524
3.2286843645283225
3.2286843645283225
3.2286843645283225
3.2286843645283225
3.2286843645283225
3.2286843645283225
3.212376308421524
3.212376308421524
3.219776378188592
3.219776378188592
3.219776378188592
3.219776378188592
3.190322215709101
3.1938535994531323
3.192511398873704
3.192511398873704
3.192511398873704
3.192511398873704
3.2154321939996264
3.211846410905507
3.2031758719369057
3.20301123644723
3.20301123644723
3.20301123644723
3.2061822754531812
3.1983099293350703
3.1990047966828796
3.226995859512114
3.2210586938653303
3.2210586938653303
3.2210586938653303
3.2210586938653303
3.2210586938653303
3.2210586938653303
3.2210586938653303
3.2210586938653303
3.2210586938653303
3.2402007537333617
3.2402007537333617
3.223954870397133
3.223954870397133
3.2380349311313643
3.222893969820469
3.205706959569075
3.205706959569075
3.2147268325432337
3.1996213681535814
3.1996213681535814
3.1996213681535814
3.2067760892125414
3.2067760892125414
3.2067760892125414
3.2067760892125414
3.2067760892125414
3.203797662179498
3.1988331714848366
3.1988331714848366
3.22401269956764
3.22401269956764
3.22401269956764
3.22401269956764
3.22401269956764
3.22401269956764
3.22401269956764
3.2231350739115054
3.211469151718373
3.211469151718373
3.200792784810639
3.2163043814241883
3.2163043814241883
3.2163043814241883
3.217897487954384
3.217897487954384
3.217897487954384
3.217897487954384
3.2263107966874345
3.2263107966874345
3.236458490742965
3.2270066841339307
3.213230642721798
3.1926458935540416
3.1926458935540416
3.2047082121804062
3.2087027212488337
3.2226043429393068
3.2226043429393068
3.2402159712775895
3.2402159712775895
3.2324529544616687
3.2324529544616687
3.252071757256445
3.252071757256445
3.244079336439743
3.244079336439743
3.244079336439743
3.244079336439743
3.244079336439743
3.244541010436312
3.243875256669707
3.2434826556938834
3.2434826556938834
3.2434826556938834
3.2434826556938834
3.2434826556938834
3.2434826556938834
3.2434826556938834
3.2494807018626357
3.2494807018626357
3.2494807018626357
3.2494807018626357
3.262101233471059
3.2158101132228603
3.2158101132228603
3.2523312810376965
3.2589051780366285
3.2589051780366285
3.2589051780366285
3.2589051780366285
3.2589051780366285
3.2648446487895706
3.243584970175661
3.243584970175661
3.243584970175661
3.243584970175661
3.243584970175661
3.243584970175661
3.243584970175661
3.243584970175661
3.243584970175661
3.2464442301115133
3.245296001223287
3.248077366273179
3.2476108381401563
3.234720016730509
3.234720016730509
3.234720016730509
3.2491388438327293
3.2491388438327293
3.2491388438327293
3.2491388438327293
3.2549298182903335
3.2549298182903335
3.242630054758455
3.242630054758455
3.2458182804124713
3.235824257497314
3.235824257497314
3.235824257497314
3.2311661616039045
3.2311661616039045
3.2311661616039045
3.2311661616039045
3.207088254769448
3.207088254769448
3.207088254769448
3.207088254769448
3.207088254769448
3.204438559081502
3.2241117289493983
3.228408337175036
3.228408337175036
3.241401436689403
3.2442282066941197
3.211867065512275
3.2343156146736236
3.2365078529468807
3.2365078529468807
3.2428785494391645
3.2483150159226004
3.2263561920413006
3.2263561920413006
3.2192909693117597
3.2192909693117597
3.2172362424135743
3.2167344373284537
3.2167344373284537
3.2409673555700236
3.224730084560605
3.2201535669912045
3.2401160782059226
3.2465732785543935
3.2465732785543935
3.2465732785543935
3.2323850297351817
3.226948216961209
3.232350038470871
3.2313791472773423
3.2313791472773423
3.225205480599945
3.225205480599945
3.225205480599945
3.225205480599945
3.2394763136226454
3.2265742885137954
3.233953010041628
3.208213635461666
3.208213635461666
3.2260256303375274
3.222992725940254
3.222992725940254
3.222992725940254
3.2027256817750467
3.2027256817750467
3.1951136897178487
3.208291967058595
3.2055898961520595
3.2055898961520595
3.2055898961520595
3.2361918980107394
3.230001082585049
3.244046514961737
3.2507043344549262
3.2390086419453454
3.2390086419453454
3.2270311154971107
3.2270311154971107
3.2476898346966383
3.2415632222127315
3.2580770835538644
3.2522562442121825
3.2522562442121825
3.2522562442121825
3.2522562442121825
3.2522562442121825
3.2562248543790213
3.2540719792298907
3.2580553923368782
3.2563805237059626
3.257284946311179
3.2432031104634014
3.2432031104634014
3.2385342769067846
3.2345275443475034
3.2345275443475034
3.249697512701168
3.2404512101909977
3.2404512101909977
3.2438483688870394
3.2438483688870394
3.2496782431854894
3.2496782431854894
3.2352654796932443
3.2218252100248033
3.2218252100248033
3.2218252100248033
3.2186852937615194
3.2069480909872947
3.2294116351485695
3.2424241263494857
3.2424241263494857
3.219347628885493
3.218969725152261
3.2084101860259673
3.2282651058776812
3.214944972030139
3.2123101246508865
3.216975275994153
3.2168142788964156
3.2418356161053135
3.227435756209915
3.225756613399239
3.2471130891805156
3.227741285657817
3.23631795231061
3.2362819320398533
3.2219706675576734
3.2393604958529076
3.2393604958529076
3.22068056919422
3.22068056919422
3.22068056919422
3.22068056919422
3.2056623975800953
3.210852578992026
3.210852578992026
3.210852578992026
3.2121652425506926
3.2121652425506926
3.221911640845782
3.2194742858101866
3.224066865850682
3.2202429686483307
3.2246982793426837
3.2410474660240096
3.2413040581617545
3.2413040581617545
3.2413040581617545
3.2310032620092235
3.2282866318051395
3.2359646851681125
3.2286942545171438
3.2286942545171438
3.2286942545171438
3.22888650931857
3.22888650931857
3.228640773413881
3.2286375626788484
3.2286375626788484
3.2333998506415718
3.2368091180308207
3.2292631435712806
3.2292631435712806
3.2292631435712806
3.2292631435712806
3.2292631435712806
3.2236488725308785
3.218077395170619
3.2396921116424857
3.2396921116424857
3.2372349284220676
3.257402443855599
3.257402443855599
3.234662385089518
3.246345815608706
3.246345815608706
3.255683862747399
3.256824493752766
3.2389023305033975
3.251760435675593
3.251760435675593
3.251760435675593
3.251760435675593
3.24634647558345
3.2582578674242257
3.25763432071873
3.25763432071873
3.2609900392773428
3.2470420494172085
3.2379035669340968
3.2379035669340968
3.2379035669340968
3.2379035669340968
3.2379035669340968
3.2383024556793285
3.24636848132758
3.2475951374737284
3.2475951374737284
3.26126730804042
3.2528265938831877
3.250362518322682
3.248434960778874
3.248434960778874
3.2521100657009994
3.2521100657009994
3.2521100657009994
3.257470607565452
3.257470607565452
3.2408236279320053
3.2413151161896594
3.2413151161896594
3.2516091878252222
3.2516091878252222
3.252123634888561
3.252123634888561
3.2637651418138374
3.2512967562112562
3.2512967562112562
3.2497855489401517
3.2497855489401517
3.2369589576291276
3.257476103051264
3.257476103051264
3.2357475493120833
3.2530214789845715
3.2530214789845715
3.237535312201475
3.2374753547982937
3.2429837305025755
3.2429837305025755
3.2518865499823146
3.2518865499823146
3.222734802523263
3.237378403598333
3.237378403598333
3.223698995131867
3.223698995131867
3.2269250417590216
3.2269250417590216
3.222161765971567
3.222161765971567
3.2338507411393325
3.22226588741057
3.222607799149985
3.2176490861755904
3.2211297268560286
3.2211297268560286
3.2211297268560286
3.2211297268560286
3.230525397004095
3.238268220225868
3.234855995620961
3.2227423153653008
3.2413418430474668
3.2413418430474668
3.2413418430474668
3.2413418430474668
3.2413418430474668
3.241047250053621
3.241047250053621
3.241047250053621
3.241047250053621
3.2270286925605625
3.2270286925605625
3.2270286925605625
3.228519520489618
3.2399914370859815
3.2266477435849024
3.2266477435849024
3.2391807862118305
3.2391807862118305
3.2391807862118305
3.2329598779342286
3.232039150392625
3.232039150392625
3.2042103888545257
3.2287471155462235
3.2287471155462235
3.220835068932088
3.2405941244280005
3.2405941244280005
3.2405941244280005
3.2350530963756743
3.234871343481093
3.234871343481093
3.2212247920887873
3.2321647542247214
3.2321647542247214
3.2321647542247214
3.2321647542247214
3.2321647542247214
3.2321647542247214
3.2311257726007114
3.2311257726007114
3.2339032366027993
3.236356444574457
3.236356444574457
3.236356444574457
3.236356444574457
3.236356444574457
3.2406928780920667
3.2406928780920667
3.236052542630363
3.2257718842567575
3.2257718842567575
3.2257718842567575
3.2248785061677405
3.2248785061677405
3.205559763710818
3.21295532284156
3.2083156813616944
3.2083156813616944
3.2353991355747653
3.2289656280161703
3.2289656280161703
3.2289656280161703
3.2258129015424757
3.2258129015424757
3.2258129015424757
3.2258129015424757
3.2258129015424757
3.2258129015424757
3.2261127478020044
3.2325719420998045
3.2325719420998045
3.2220443768494884
3.2220443768494884
3.2220443768494884
3.2220443768494884
3.2220443768494884
3.2220443768494884
3.2393516303564165
3.2393516303564165
3.2393516303564165
3.2393516303564165
3.2393516303564165
3.2393516303564165
3.2393516303564165
3.2393516303564165
3.2393516303564165
3.221160551512825
3.221160551512825
3.221160551512825
3.221160551512825
3.221160551512825
3.221160551512825
3.226951931998415
3.210480475707358
3.212656835509803
3.2297954336761703
3.2253404987754966
3.2253404987754966
3.2204090967785333
3.2204090967785333
3.2204090967785333
3.2075658751218867
3.2075658751218867
3.2075658751218867
3.2229398033918537
3.2403974659502226
3.240898285959754
3.238072229508432
3.2589342054221673
3.2576504387816385
3.2576504387816385
3.235604275497825
3.243822159634062
3.25931904269574
3.25931904269574
3.25931904269574
3.2576166078688162
3.2576166078688162
3.2576166078688162
3.2381911545831783
3.241638511355048
3.241638511355048
3.241638511355048
3.265380592810728
3.2356117169783802
3.2408981399595245
3.2445872799735254
3.2368242974144863
3.2368242974144863
3.259721609113168
3.259721609113168
3.259721609113168
3.259721609113168
3.2474035813210613
3.2474035813210613
3.2474035813210613
3.2474035813210613
3.2474035813210613
3.2438477423536574
3.2438477423536574
3.221547455586663
3.221547455586663
3.221547455586663
3.221547455586663
3.2128449379089394
3.20413749297009
3.2238656119473164
3.211955994477571
3.211955994477571
3.211765952979642
3.211765952979642
3.226220134111849
3.226220134111849
3.250552100420761
3.2612916004925308
3.2612916004925308
3.260919537098087
3.260919537098087
3.2544743482967537
3.2544743482967537
3.25607039555677
3.25607039555677
3.2436324435309802
3.226556191868082
3.2204781220021674
3.2204781220021674
3.2093861620937165
3.2093861620937165
3.212100664255402
3.218358376335646
3.229178669515544
3.229178669515544
3.247651785569487
3.247651785569487
3.217753160362925
3.217753160362925
3.226965535912278
3.226965535912278
3.2170209195811603
3.2170209195811603
3.2320922468319315
3.230272286040136
3.230272286040136
3.230272286040136
3.2308189999721075
3.2308189999721075
3.2308189999721075
3.2308189999721075
3.2308189999721075
3.2308189999721075
3.253204466976493
3.253678362272771
3.2287972481088443
3.2287863263685948
3.2349637822355595
3.2349637822355595
3.2214457568869057
3.2214457568869057
3.2214457568869057
3.224458632614582
3.224458632614582
3.2225448535171832
3.2340251621059553
3.2340251621059553
3.233431070679278
3.233431070679278
3.233431070679278
3.233431070679278
3.233431070679278
3.233431070679278
3.2377419536415304
3.2377419536415304
3.2416080147286017
3.244503193057693
3.2344183859746494
3.24747471767527
3.2607606116466914
3.257015511918952
3.257015511918952
3.251798252150778
3.253533662919522
3.253533662919522
3.253533662919522
3.2499202692397238
3.2350949144743852
3.2350949144743852
3.2350949144743852
3.232408341031029
3.244318139995747
3.244318139995747
3.244318139995747
3.2537899888617816
3.2590639165148967
3.2590639165148967
3.2590639165148967
3.2459135428623895
3.2459135428623895
3.2369286540936297
3.2369286540936297
3.2369286540936297
3.2265292181497043
3.2385716197510956
3.227582221190003
3.248112337806924
3.237104212397295
3.2369080369755467
3.2369080369755467
3.219360965555844
3.219360965555844
3.235616699297291
3.2341228985027675
3.2341228985027675
3.2341228985027675
3.2341228985027675
3.2341228985027675
3.2341228985027675
3.2341228985027675
3.2329781494189818
3.2329781494189818
3.2329781494189818
3.2329781494189818
3.2329781494189818
3.25787253290497
3.25787253290497
3.25787253290497
3.251629077577296
3.251629077577296
3.251629077577296
3.259434453126051
3.259434453126051
3.2309886444285336
3.2309886444285336
3.26800863021698
3.26800863021698
3.2662529047030673
3.2596331078059517
3.2596331078059517
3.2596331078059517
3.2583281701224682
3.232952843543406
3.232952843543406
3.232952843543406
3.237772803736347
3.235372253106481
3.235372253106481
3.2389405614293088
3.2420130422416245
3.2420130422416245
3.2399912540218017
3.2360109356755653
3.2360109356755653
3.229171039627675
3.229171039627675
3.229171039627675
3.2239635656344867
3.1860968206532285
3.1862726235290375
3.191389441529939
3.191389441529939
3.2089060040930355
3.2089060040930355
3.2094116265935995
3.2094116265935995
3.2094116265935995
3.2058733797594092
3.2058733797594092
3.2058733797594092
3.2058733797594092
3.202165511175984
3.202165511175984
3.2088950046051647
3.2063723775405903
3.2063723775405903
3.1809168964210066
3.192316382806787
3.192316382806787
3.1956556023981593
3.1956556023981593
3.1956556023981593
3.1956556023981593
3.1956556023981593
3.1956556023981593
3.1988232515635464
3.2169378759543314
3.2268391189334236
3.227374427298996
3.227374427298996
3.227374427298996
3.227374427298996
3.2080833121407863
3.2080833121407863
3.2080833121407863
3.23009637754035
3.226962615388797
3.233027221304277
3.233027221304277
3.233027221304277
3.233027221304277
3.233027221304277
3.236924801901651
3.2456394291788504
3.2571743390912062
3.2578738576710067
3.2485819210238858
3.2527900642850467
3.2527900642850467
3.2527900642850467
3.255047791890328
3.255047791890328
3.270491552324799
3.2556885057333997
3.2556885057333997
3.234074004787281
3.234074004787281
3.234074004787281
3.2586104485186707
3.2465587522393045
3.2465587522393045
3.2269901196837854
3.2269901196837854
3.2244924070473595
3.221661846512152
3.230880433806068
3.243936927891965
3.2180833587817816
3.222618646342718
3.220976940265147
3.2336638239154945
3.219118057168289
3.2106715764021154
3.2311699248576766
3.2203200110524364
3.2203200110524364
3.2022981667989128
3.2022981667989128
3.2022981667989128
3.2295733200771606
3.230666923343966
3.230666923343966
3.212529986480772
3.2125519661788617
3.230267856650627
3.2291714947633805
3.2350634359540082
3.232154009856205
3.232154009856205
3.237699548526096
3.237699548526096
3.237699548526096
3.237699548526096
3.2390113580322275
3.2291750344732177
3.2291750344732177
3.2208262943907413
3.198635360382452
3.203400644619632
3.2223101854806235
3.2273115626648434
3.218651761575143
3.231573130114821
3.2233631091542105
3.234882952181546
3.2326138970987413
3.2326138970987413
3.2326138970987413
3.2357039782591124
3.2366141054273903
3.2366141054273903
3.2366141054273903
3.227135592901079
3.227135592901079
3.227135592901079
3.227673527049455
3.227673527049455
3.2320136975976994
3.2320136975976994
3.2320136975976994
3.234061734814882
3.234061734814882
3.234061734814882
3.234061734814882
3.234061734814882
3.234061734814882
3.2266041457798824
3.2302054032400123
3.2367881713087363
3.2312377358154527
3.224042625697832
3.224042625697832
3.224042625697832
3.2137932546740835
3.2137932546740835
3.1760485880647717
3.173861274360382
3.173861274360382
3.173861274360382
3.173861274360382
3.171397946473025
3.171397946473025
3.171397946473025
3.170129153439506
3.1655778086277464
3.1642921880780053
3.1642921880780053
3.1642921880780053
3.1642921880780053
3.17654544392291
3.17654544392291
3.17654544392291
3.1960608533120514
3.214780425689649
3.1973219234671393
3.201806790498257
3.1944310668326694
3.1944310668326694
3.1910257814601417
3.2142288887377135
3.2142288887377135
3.2142288887377135
3.2142288887377135
3.209551208554338
3.210573359230321
3.210573359230321
3.2183593407139672
3.201565100811535
3.201565100811535
3.2204111662245976
3.2204111662245976
3.2204111662245976
3.2204111662245976
3.2204111662245976
3.233173835156552
3.234485839229879
3.2319656785835127
3.2319656785835127
3.2319656785835127
3.2112697584002348
3.2112697584002348
3.2112697584002348
3.2112697584002348
3.2112697584002348
3.239661025044554
3.236931485044361
3.2504271675452667
3.231275304767524
3.237331644398673
3.237331644398673
3.227061546835109
3.227061546835109
3.227061546835109
3.227061546835109
3.227061546835109
3.227061546835109
3.2188635801287764
3.2188635801287764
3.2188635801287764
3.243687366072878
3.243687366072878
3.222717892719216
3.222717892719216
3.222717892719216
3.222717892719216
3.222717892719216
3.211054935242839
3.211054935242839
3.211054935242839
3.220643760669487
3.220643760669487
3.1966976637411975
3.1829294570235933
3.1829294570235933
3.1829294570235933
3.1998153078693146
3.1894108210248
3.186197664598656
3.219019023813908
3.219019023813908
3.219019023813908
3.219451596001139
3.219451596001139
3.2134015887215717
3.233152288264449
3.238961472866614
3.23372294374491
3.23372294374491
3.2243115809694536
3.2243115809694536
3.203284390810695
3.203284390810695
3.2028900063400463
3.2028900063400463
3.2028900063400463
3.2028900063400463
3.2028900063400463
3.2028900063400463
3.2284169167111734
3.2041674424930973
3.2041674424930973
3.221813425445084
3.2033603356959115
3.20551893911606
3.20551893911606
3.208998904330871
3.208998904330871
3.2128519860969873
3.187611222882179
3.187611222882179
3.193390608819766
3.2006833752029524
3.217412782787938
3.2179164012948007
3.2483308679128604
3.250013761025402
3.250013761025402
3.250013761025402
3.250013761025402
3.250013761025402
3.239125986398369
3.228805522450227
3.228805522450227
3.228805522450227
3.228805522450227
3.228805522450227
3.205799977695298
3.205799977695298
3.205799977695298
3.192365742685308
3.192365742685308
3.192365742685308
3.192365742685308
3.192365742685308
3.192365742685308
3.192365742685308
3.2161836938077424
3.2161836938077424
3.222798372998799
3.240201534566593
3.240201534566593
3.2187966352267305
3.2187966352267305
3.214297611772128
3.221899813621488
3.221899813621488
3.2330216772034754
3.2330216772034754
3.2330216772034754
3.2332299562552564
3.223309640924065
3.23688957941009
3.23688957941009
3.253150683767039
3.253150683767039
3.246639934797047
3.246639934797047
3.238089311830409
3.247810310978075
3.2580344092822817
3.228981596688017
3.230358172509407
3.230358172509407
3.2391217253641407
3.237319785905469
3.237319785905469
3.2332907233505876
3.244787198139015
3.244787198139015
3.2324707119420633
3.2324707119420633
3.223301996846337
3.223301996846337
3.2353610660130503
3.2353610660130503
3.2415257366672727
3.247646885360775
3.2376817307492973
3.2376817307492973
3.2376817307492973
3.216108954728186
3.2227530563956757
3.2227530563956757
3.2355772312137305
3.2355772312137305
3.242080024098417
3.242080024098417
3.2288579617226785
3.2288579617226785
3.2288579617226785
3.2288579617226785
3.2288579617226785
3.234809620737078
3.2279196409958635
3.232161027838916
3.232161027838916
3.2163513940260477
3.2209488227789396
3.217372816963115
3.2493285935550817
3.2338937074800898
3.25566564536513
3.25566564536513
3.254204542732819
3.254204542732819
3.254204542732819
3.24092132360783
3.2544497601248983
3.2544497601248983
3.2650746410374643
3.2668577241073877
3.2668577241073877
3.2668577241073877
3.248000925994688
3.246700394948983
3.2434343178914773
3.235947133095483
3.232807193216145
3.2405494939585995
3.2405494939585995
3.2405494939585995
3.2405494939585995
3.2405494939585995
3.2405494939585995
3.229625270913348
3.228678411196225
3.227879890266155
3.228304396171825
3.228304396171825
3.225392682616304
3.225392682616304
3.225392682616304
3.239500766565971
3.2323835527987606
3.2330545296268838
3.222528233016198
3.21875402745139
3.220223898299165
3.220223898299165
3.223781167588383
3.2307616880006296
3.2307616880006296
3.2339012710162978
3.252902051793261
3.252902051793261
3.2496119590043078
3.2496119590043078
3.2496119590043078
3.229826297896338
3.240646281339648
3.240646281339648
3.246681508364086
3.2168270299934214
3.2168270299934214
3.2238893374728432
3.210134932562331
3.213169882397799
3.213169882397799
3.2223022887124277
3.2223022887124277
3.2204881681734716
3.2381178580546157
3.2381178580546157
3.243884076802727
3.243884076802727
3.243884076802727
3.243884076802727
3.2778014683635255
3.2657328192613098
3.2657328192613098
3.2657328192613098
3.2657328192613098
3.2657328192613098
3.278455258224308
3.2550693698487603
3.2719541677369186
3.2719541677369186
3.2637121222223815
3.2637121222223815
3.2637121222223815
3.253447980672085
3.253447980672085
3.24706059412354
3.24706059412354
3.2463737479399266
3.2463737479399266
3.2463737479399266
3.2463737479399266
3.2463737479399266
3.2463737479399266
3.2463737479399266
3.246651958179966
3.252834863093524
3.225249097558081
3.225249097558081
3.2282874135158894
3.2282874135158894
3.2282874135158894
3.2282874135158894
3.2273058938853625
3.234181903140472
3.234181903140472
3.234181903140472
3.2236415318102183
3.2236415318102183
3.2236415318102183
3.2236415318102183
3.2295337406201696
3.2295337406201696
3.2295337406201696
3.23156844623115
3.219881151135673
3.220629935151594
3.220629935151594
3.2212250085062206
3.2100580038849023
3.2120913076463196
3.2120913076463196
3.2120913076463196
3.2102153202843082
3.2102153202843082
3.2102153202843082
3.2102153202843082
3.2102153202843082
3.2158522296963103
3.2251219390193593
3.2251219390193593
3.2144894024504844
3.2144894024504844
3.2144894024504844
3.2294591056601014
3.2294591056601014
3.2294591056601014
3.222519939811163
3.222519939811163
3.217667383049782
3.2287537201786987
3.2282416446343367
3.2282416446343367
3.2282416446343367
3.2282416446343367
3.2282416446343367
3.219443139881623
3.2318793578148073
3.2318793578148073
3.2318793578148073
3.234774659906842
3.234774659906842
3.234774659906842
3.234774659906842
3.232594010014104
3.228755483283984
3.228755483283984
3.228755483283984
3.245208313585808
3.245208313585808
3.2285181656282114
3.2285181656282114
3.2285181656282114
3.225470295768529
3.225470295768529
3.225470295768529
3.219794750213021
3.223913616877035
3.223913616877035
3.229056230927291
3.2233988369297206
3.2233988369297206
3.2254640282841196
3.2254640282841196
3.2242065801786732
3.2430601512153747
3.2430601512153747
3.2430601512153747
3.2430601512153747
3.2430601512153747
3.2430601512153747
3.2344091464252056
3.2385323229333944
3.2385323229333944
3.2385323229333944
3.2585859350574746
3.247762950495184
3.2353069320684433
3.2353069320684433
3.2353069320684433
3.2353069320684433
3.2425449694878794
3.2412655242717623
3.2412655242717623
3.242966444701561
3.23463040476528
3.23463040476528
3.23463040476528
3.23463040476528
3.23463040476528
3.2378028277144533
3.2341493800378784
3.218653143676808
3.218653143676808
3.208021000143161
3.208021000143161
3.200945147203965
3.200945147203965
3.220825377420159
3.220825377420159
3.220825377420159
3.2132828095544546
3.2189064016032085
3.2189064016032085
3.2189064016032085
3.2189064016032085
3.2189064016032085
3.2189064016032085
3.219933315127527
3.2292606923842984
3.232419296403973
3.214894360704522
3.214894360704522
3.214894360704522
3.214894360704522
3.214894360704522
3.214894360704522
3.2096992482430466
3.2096829799141844
3.2125862446444295
3.2138967535254968
3.2138967535254968
3.2132747724641946
3.2132747724641946
3.2132747724641946
3.2234214041605833
3.2127424316188495
3.218165385288425
3.218165385288425
3.2048118110332715
3.205315729626541
3.2195783500168806
3.222926690920882
3.222926690920882
3.222926690920882
3.2113882060783845
3.2194805795697072
3.211375794819128
3.211375794819128
3.227138866118143
3.227138866118143
3.2233857957580034
3.2291843183364906
3.2291843183364906
3.257223435573705
3.257223435573705
3.2548057204944127
3.2372554141154715
3.2358456828432773
3.2281140955014602
3.234257179008208
3.230856070440088
3.230856070440088
3.2417179267044207
3.2417179267044207
3.2417179267044207
3.24111204440613
3.2259470181845433
3.231589855910036
3.2330880978629732
3.2401154455996988
3.2264050839298433
3.2193168130933314
3.218480293522923
3.2041870834533928
3.216994814607891
3.2111439817174796
3.20526741457732
3.2168544095712623
3.216578659935702
3.216346559160848
3.2006327490059476
3.197780044133734
3.2000786467885467
3.2058938613523855
3.2058938613523855
3.204806248026407
3.212716201826879
3.229740095092308
3.2122626208147733
3.221780040114465
3.221780040114465
3.221780040114465
3.205342787732083
3.2001447470911284
3.197329823649795
3.197329823649795
3.197329823649795
3.197329823649795
3.197329823649795
3.2056933268217063
3.2040564374082403
3.2040564374082403
3.2358208214357806
3.2358208214357806
3.242189006630371
3.242189006630371
3.242189006630371
3.2503722711535685
3.2503722711535685
3.2503722711535685
3.2503722711535685
3.2503722711535685
3.2682188236475858
3.2519223671504784
3.2519223671504784
3.2451708537795803
3.244896865528316
3.244896865528316
3.232174760569988
3.2245274802589603
3.230238105178858
3.230238105178858
3.230238105178858
3.230238105178858
3.230238105178858
3.230238105178858
3.230238105178858
3.230238105178858
3.238798266871365
3.238798266871365
3.2282355384621853
3.2380153298541843
3.2343705438527293
3.2337695415464727
3.2337695415464727
3.2337695415464727
3.2318189816059726
3.2318189816059726
3.2213528426190763
3.2553296951537805
3.2553296951537805
3.242701401794047
3.242701401794047
3.242701401794047
3.242701401794047
3.239548797986895
3.239548797986895
3.239548797986895
3.2306745392611496
3.2306745392611496
3.2306745392611496
3.2306745392611496
3.2306745392611496
3.2306745392611496
3.2306745392611496
3.2306745392611496
3.2196507322648786
3.228994810909531
3.2046268495350194
3.2046268495350194
3.1946319511777146
3.194695441808204
3.194695441808204
3.208448508077763
3.208448508077763
3.229158340701355
3.2190088121967935
3.2190088121967935
3.218563849317867
3.218563849317867
3.218563849317867
3.2031632783012185
3.2031632783012185
3.2031632783012185
3.2031632783012185
3.208878531928741
3.2118871658981414
3.2118871658981414
3.2190879276829896
3.2190879276829896
3.2190879276829896
3.199912451638051
3.208158081215768
3.214815326552977
3.218418619321718
3.218418619321718
3.218418619321718
3.2245661441620532
3.2424117053154213
3.2319303646468436
3.2196064008239254
3.2196064008239254
3.2196064008239254
3.2196064008239254
3.2062462027227743
3.2069081107553705
3.225428253985734
3.225428253985734
3.2189695807827228
3.2189695807827228
3.2189695807827228
3.233283154261695
3.233283154261695
3.233283154261695
3.247833900356547
3.247833900356547
3.247833900356547
3.247833900356547
3.247833900356547
3.2388354126014613
3.2420664034595252
3.2420664034595252
3.2421301202918866
3.229195276074891
3.229195276074891
3.229195276074891
3.229195276074891
3.229195276074891
3.229195276074891
3.2452852777917256
3.2432382940859665
3.260118010235497
3.260118010235497
3.260118010235497
3.2610951995620407
3.2588829882927524
3.258811544326664
3.258811544326664
3.220505771135206
3.2376104645505457
3.2437324822770854
3.2379350121640247
3.2379350121640247
3.2302429105193338
3.235961335412185
3.235961335412185
3.235961335412185
3.235961335412185
3.2398715637122106
3.2398715637122106
3.2559304379511844
3.245106894530087
3.245106894530087
3.245106894530087
3.2284955598098914
3.229569128860024
3.229569128860024
3.229569128860024
3.235816280081251
3.235816280081251
3.235816280081251
3.229282018925327
3.229282018925327
3.229282018925327
3.222611773393767
3.2214736380643103
3.2214736380643103
3.214456468895364
3.214456468895364
3.2076748798203507
3.2076748798203507
3.2076748798203507
3.2076748798203507
3.2076748798203507
3.2076748798203507
3.2166898354238285
3.2263050394863826
3.2131801054980196
3.2330838490388834
3.230553471772325
3.2492857486181235
3.2445017775008
3.245014627171081
3.253605411415576
3.2344131888833645
3.2318723521022283
3.22949130432481
3.22949130432481
3.221321192991495
3.23023812852498
3.23023812852498
3.2043163517742075
3.2043163517742075
3.2351131559455935
3.2391025417717003
3.1999314271572534
3.1999314271572534
3.1999314271572534
3.1999314271572534
3.203993452367102
3.202862051803626
3.194224911414997
3.217349563039265
3.199320593419848
3.2275521917861605
3.2275521917861605
3.229991387016746
3.229991387016746
3.229991387016746
3.2306407860126147
3.2306407860126147
3.2317781413210946
3.2273687192093736
3.23888084766158
3.2377467429317592
3.2269792504675423
3.2269792504675423
3.2269792504675423
3.218946850531505
3.2222947869541985
3.223067237071153
3.2223299256792837
3.2223299256792837
3.2223299256792837
3.230261597966323
3.2446755151777897
3.2446755151777897
3.243363521052288
3.245429537266764
3.252126026820608
3.23287304182288
3.23287304182288
3.23287304182288
3.2466347940642946
3.225230817701843
3.225230817701843
3.226899994681485
3.226899994681485
3.226899994681485
3.2132554154220228
3.2185940867100893
3.218598279225845
3.218598279225845
3.231234785046449
3.2273000647882646
3.226317041103646
3.2083536301315103
3.2083536301315103
3.21559661098288
3.222041883550009
3.2179231772823047
3.2249629467302032
3.2185589602522797
3.2185589602522797
3.2185589602522797
3.2185589602522797
3.2144210779456106
3.2053769280724147
3.236437294043751
3.219408062714532
3.219408062714532
3.220580721009855
3.2259200124145737
3.2125108232186985
3.2125108232186985
3.2284010939963714
3.2284010939963714
3.2284010939963714
3.2384084793789962
3.2384084793789962
3.2384084793789962
3.2384084793789962
3.244182100126624
3.2571352176800454
3.2461242674918616
3.2587503184424054
3.250231160204527
3.2338203110451085
3.23101507386766
3.23101507386766
3.23101507386766
3.1912720840559707
3.2169112338598747
3.2169112338598747
3.2169112338598747
3.235031166322357
3.2265356679203534
3.2424949458002015
3.2424949458002015
3.2424949458002015
3.2424949458002015
3.2339918906057488
3.2339918906057488
3.2430255467849154
3.2430255467849154
3.2408593721320638
3.2138391300984543
3.2138391300984543
3.2138391300984543
3.211692382426573
3.2203475954489886
3.214091397888937
3.2439295102175314
3.2434912318280413
3.2434912318280413
3.2364653827407226
3.2306378027805662
3.2306378027805662
3.234838575440293
3.234838575440293
3.234838575440293
3.2128198988290975
3.2128198988290975
3.212815392205919
3.218632333710657
3.218632333710657
3.218632333710657
3.230509055525818
3.230509055525818
3.216637439216562
3.216637439216562
3.2137627664024935
3.2137627664024935
3.2137627664024935
3.2137627664024935
3.2137627664024935
3.2137627664024935
3.2137627664024935
3.2137627664024935
3.2137627664024935
3.2038118555823782
3.2038118555823782
3.2090703785228833
3.2252203361413283
3.2064520997119033
3.219879216940368
3.219879216940368
3.2086739281487175
3.2004038815644225
3.2004038815644225
3.2004038815644225
3.2004038815644225
3.193403371619018
3.193403371619018
3.1994478054281434
3.1994478054281434
3.1994478054281434
3.1994478054281434
3.1994478054281434
3.203294226894224
3.203294226894224
3.203294226894224
3.203294226894224
3.203294226894224
3.2210052904899666
3.2210052904899666
3.2210052904899666
3.20461739680634
3.211746987099225
3.211746987099225
3.211746987099225
3.199049903322873
3.1879286884953135
3.1879286884953135
3.1879286884953135
3.1749865083782374
3.1749865083782374
3.1749865083782374
3.197870819626792
3.1915744517696085
3.1915744517696085
3.1911884802801618
3.1729600710697223
3.1729600710697223
3.172622191149527
3.1668579515869046
3.157584809175547
3.1651883727909578
3.165909575478401
3.165909575478401
3.165909575478401
3.1724743083423648
3.1691957347333535
3.1971844353820433
3.197254824267857
3.1753467508379725
3.1753467508379725
3.1753467508379725
3.1639290407544034
3.1639290407544034
3.1639290407544034
3.1639290407544034
3.17029240751869
3.17029240751869
3.17029240751869
3.1657080138281586
3.184753212235107
3.184753212235107
3.184753212235107
3.184753212235107
3.188005101992773
3.188005101992773
3.1964299955041744
3.1944299350776784
3.1944299350776784
3.21792887490434
3.21792887490434
3.21792887490434
3.2072293951924147
3.2072293951924147
3.2072293951924147
3.1933386602312352
3.1996008132771054
3.2169202735266933
3.217448526906105
3.217448526906105
3.2165287675113854
3.2193066924884195
3.207392754842817
3.201038795277156
3.201038795277156
3.201038795277156
3.2078958455507
3.2221801159243673
3.2125995389365807
3.2016470835873387
3.2116684451299586
3.2116684451299586
3.2078933290547607
3.2078933290547607
3.2078933290547607
3.2078933290547607
3.2078933290547607
3.2078933290547607
3.2126056763037703
3.2126056763037703
3.2128847431348557
3.2128847431348557
3.2128847431348557
3.2128847431348557
3.2128847431348557
3.2128847431348557
3.20334443078265
3.20334443078265
3.20334443078265
3.20334443078265
3.2129609920586066
3.207962549249447
3.203041414599943
3.203041414599943
3.203041414599943
3.203041414599943
3.203041414599943
3.203041414599943
3.220644393565773
3.220644393565773
3.2162859799191814
3.2094555399813753
3.2094555399813753
3.2095440804026314
3.205539590276431
3.205589503954603
3.219934132665997
3.195525499050902
3.2193749120607285
3.2193749120607285
3.2193749120607285
3.2193749120607285
3.2278964413485087
3.2055296827989874
3.1949186992871312
3.1928885783558134
3.1965908072868423
3.224163788874212
3.224163788874212
3.233301732845944
3.233301732845944
3.233301732845944
3.233301732845944
3.2372359930803447
3.2372359930803447
3.232482860922831
3.232482860922831
3.2405815615493094
3.2405815615493094
3.2405815615493094
3.2405815615493094
3.2363866440553735
3.210460294221604
3.2048011530194405
3.2048011530194405
3.2048011530194405
3.2048011530194405
3.221978505873513
3.221978505873513
3.216832887694907
3.216832887694907
3.219515749149396
3.2088922848138464
3.2088922848138464
3.2088922848138464
3.196145285776034
3.196145285776034
3.196145285776034
3.2137416300706674
3.2380244109036185
3.2380244109036185
3.2225974026314934
3.2225974026314934
3.2036513873387964
3.2135640159091627
3.180431447369714
3.1928573849531983
3.1928573849531983
3.1938222952936153
3.1938222952936153
3.1910512142546223
3.197589163621697
3.194848147891555
3.191169745067908
3.191169745067908
3.1964462912997
3.202914098225381
3.20682552578457
3.20682552578457
3.2205844077537256
3.19609683086468
3.196885286796718
3.196885286796718
3.2195233677900306
3.228751385647965
3.228751385647965
3.211631739127689
3.2057186588157225
3.21230508298657
3.2085492187417275
3.220347763358236
3.221752893268755
3.2209497542455594
3.225249070405038
3.225249070405038
3.215059723760258
3.218271037848947
3.218271037848947
3.218271037848947
3.218271037848947
3.218271037848947
3.2214605454883265
3.2214605454883265
3.2214605454883265
3.2387251922789217
3.2382857869071286
3.2382857869071286
3.24835785323411
3.24835785323411
3.241803205604889
3.2432843729653
3.2432843729653
3.237476702823112
3.2379595521491953
3.237768195319546
3.2378414681178254
3.2378414681178254
3.2378414681178254
3.2188085971648097
3.2225481321666583
3.2298060251172127
3.2298060251172127
3.2115834658969584
3.2269483550531897
3.2269483550531897
3.203555466224874
3.2293389846979794
3.2293389846979794
3.2293389846979794
3.2562651974354853
3.249537902793586
3.2456632322238694
3.2456632322238694
3.2456632322238694
3.241438954161072
3.260365504391672
3.2487367735585795
3.2487367735585795
3.2487367735585795
3.2352913035212607
3.2352913035212607
3.2352913035212607
3.2352913035212607
3.233045400882978
3.224571502541222
3.224571502541222
3.224571502541222
3.224571502541222
3.2315543504800184
3.2315543504800184
3.2347785378184097
3.2317288286269137
3.2317288286269137
3.2308954278197852
3.2308954278197852
3.2308954278197852
3.2501126597184014
3.237242240553553
3.2409160105775787
3.2409160105775787
3.2163252599716823
3.2371746384777715
3.238841711485689
3.238841711485689
3.2395846360345515
3.257799251721343
3.2519064638564763
3.2411952401241693
3.2496441863900607
3.239887690567014
3.239887690567014
3.245456438064155
3.243228709238054
3.243228709238054
3.2422839551296416
3.264452942268468
3.264452942268468
3.264452942268468
3.253766295286434
3.238698285775358
3.238698285775358
3.2476575101315506
3.2658189822795602
3.265282951319787
3.265282951319787
3.2554616040371838
3.2554616040371838
3.2554616040371838
3.261163960891713
3.2614896671694904
3.2614896671694904
3.2614896671694904
3.2614896671694904
3.2614896671694904
3.2614896671694904
3.2614896671694904
3.248585512379847
3.248585512379847
3.248585512379847
3.24209171493007
3.24209171493007
3.2368659661107544
3.245189584690301
3.245189584690301
3.245189584690301
3.245189584690301
3.23529024920152
3.229496667768033
3.229496667768033
3.2265649179585463
3.2191284138515237
3.2055107299878953
3.214453130934168
3.21833649571188
3.2176452597253973
3.2311239979277278
3.2311239979277278
3.1900864054641245
3.1900864054641245
3.216898417328555
3.210791924418366
3.2385950873270337
3.2385950873270337
3.2385950873270337
3.238126781960912
3.238126781960912
3.220152126173008
3.220152126173008
3.220152126173008
3.220152126173008
3.223045455151214
3.223045455151214
3.223045455151214
3.223045455151214
3.223045455151214
3.2112070629921177
3.229678013138784
3.229678013138784
3.229678013138784
3.229678013138784
3.229678013138784
3.2423755659167215
3.258318909942894
3.2535126811615984
3.2535126811615984
3.2629434769602095
3.2629434769602095
3.2629434769602095
3.2629434769602095
3.270311405584497
3.270311405584497
3.256128602358259
3.2607884309513278
3.2607884309513278
3.257889025836497
3.2623694985466027
3.275776278063594
3.27111395544255
3.27111395544255
3.2562641109260975
3.2562641109260975
3.245568134179718
3.245568134179718
3.245568134179718
3.245568134179718
3.246192536450461
3.23516179335235
3.23516179335235
3.2304742010477443
3.2496850302485294
3.2496850302485294
3.2444026188631834
3.249692789875527
3.249692789875527
3.249692789875527
3.249692789875527
3.249692789875527
3.249692789875527
3.249692789875527
3.2609802889986024
3.2609802889986024
3.267189609424892
3.25227171830915
3.25227171830915
3.231634867453021
3.231634867453021
3.247642681633147
3.2504132261465903
3.249280260247466
3.249280260247466
3.249280260247466
3.249280260247466
3.2536668559919826
3.2434671396981436
3.2434671396981436
3.2607749643185886
3.2607749643185886
3.2607749643185886
3.2580261888383935
3.2580261888383935
3.2591121394569584
3.2561889851687473
3.252453365088566
3.252453365088566
3.259261852715411
3.2643665840799523
3.265324840918235
3.265888548330313
3.2693314988700513
3.2693314988700513
3.252272184333464
3.252272184333464
3.252272184333464
3.252272184333464
3.252272184333464
3.252272184333464
3.252272184333464
3.2448955378373565
3.2448955378373565
3.2448955378373565
3.2524056209615613
3.254934305787873
3.254934305787873
3.254934305787873
3.2379165069545044
3.2379165069545044
3.206783744396504
3.2119198022333157
3.2207657975052295
3.2207657975052295
3.2236003505588453
3.2442765636112316
3.2442765636112316
3.239463591230539
3.2262966568954345
3.2262966568954345
3.2262966568954345
3.2262966568954345
3.2262966568954345
3.2262966568954345
3.2262966568954345
3.24221484338711
3.24221484338711
3.24221484338711
3.257867114125753
3.241304737575898
3.241304737575898
3.2505077113054157
3.2505077113054157
3.2505077113054157
3.2505077113054157
3.252477417962045
3.252477417962045
3.2281385920710197
3.2281385920710197
3.259174164266463
3.24613731821246
3.2447569983561273
3.2246774421069704
3.234794875160178
3.215672830242901
3.2303557094413087
3.2255508218901583
3.240193181570782
3.240193181570782
3.2530305166830162
3.240834561107172
3.2422444009945983
3.2422444009945983
3.2422444009945983
3.2422444009945983
3.2422444009945983
3.2422444009945983
3.2324652462118046
3.2324652462118046
3.2324652462118046
3.2381915258005494
3.2168623790824817
3.214090071756652
3.214090071756652
3.236548294682435
3.236548294682435
3.236548294682435
3.2194271847495908
3.2278365163174043
3.2251607270232334
3.231098005630073
3.231098005630073
3.231098005630073
3.252627128098374
3.252627128098374
3.252627128098374
3.249874531652661
3.2279204299087776
3.2279204299087776
3.2279204299087776
3.231243301759811
3.236477637234436
3.2370880274074776
3.2370880274074776
3.2370880274074776
3.2370880274074776
3.23540740783569
3.242098386715237
3.242098386715237
3.210425192847895
3.2205874051539776
3.2205874051539776
3.223380143170167
3.223380143170167
3.223380143170167
3.223380143170167
3.223380143170167
3.218719002282851
3.238186294436723
3.2408025087307477
3.2408025087307477
3.2427047951918992
3.2225205498533183
3.2225205498533183
3.2225205498533183
3.2295289088911034
3.228684473316555
3.228684473316555
3.2351779990488176
3.2526442690125252
3.228374917460376
3.2575079772766258
3.251013253718794
3.237231333456469
3.237231333456469
3.222369551452585
3.222369551452585
3.222369551452585
3.2339581279234286
3.2446676793122293
3.2425091615181207
3.230242458401349
3.239132263638195
3.239132263638195
3.239132263638195
3.239132263638195
3.214197110961792
3.214197110961792
3.2303078831322036
3.2303078831322036
3.2303078831322036
3.235030280070371
3.2301625927176674
3.228582283775141
3.270122779212589
3.270122779212589
3.244782135519836
3.2434803909542085
3.2303306234201186
3.2303306234201186
3.2303306234201186
3.2474844641723153
3.2474844641723153
3.2474844641723153
3.2474844641723153
3.224563002666104
3.224563002666104
3.2396787113129033
3.240598207293268
3.2487552992607496
3.2487552992607496
3.2487552992607496
3.2487552992607496
3.254987713282267
3.254987713282267
3.2578452709271875
3.235702079887519
3.221740236361556
3.226983245589754
3.226983245589754
3.226983245589754
3.226983245589754
3.229877645016068
3.229877645016068
3.233203265726805
3.233203265726805
3.2296554032194575
3.2296554032194575
3.2296554032194575
3.2375048203453
3.2375048203453
3.257553085851339
3.2223815171980963
3.2223815171980963
3.225503237213593
3.235945200818424
3.235945200818424
3.235945200818424
3.2376624894369876
3.244348011464344
3.244348011464344
3.244348011464344
3.254356806644231
3.254356806644231
3.2685207373197285
3.2685207373197285
3.2685207373197285
3.258900718251193
3.268291730608436
3.2534107024447243
3.2726442535646285
3.2521091980963788
3.2521091980963788
3.264941557116369
3.264941557116369
3.264941557116369
3.264941557116369
3.264941557116369
3.2616474255834027
3.2571884885289943
3.2571884885289943
3.2680303248032754
3.2680303248032754
3.2680303248032754
3.2724260939883307
3.282546988386575
3.2810647560909354
3.2810647560909354
3.276334267668856
3.276334267668856
3.276334267668856
3.2690739045208552
3.266289341784503
3.266289341784503
3.268022360547856
3.257711039229645
3.259107144054139
3.259107144054139
3.259107144054139
3.259107144054139
3.2513640818996428
3.254192603745169
3.233082487188817
