3.191947831446272
3.191947831446272
3.191947831446272
3.191947831446272
3.191947831446272
3.191947831446272
3.191947831446272
3.191947831446272
3.191947831446272
3.191947831446272
3.191947831446272
3.191947831446272
3.191947831446272
3.191947831446272
3.191947831446272
3.191947831446272
3.191947831446272
3.191947831446272
3.191947831446272
3.191947831446272
3.191947831446272
3.191947831446272
3.191947831446272
3.191947831446272
3.191947831446272
3.191947831446272
3.191947831446272
3.191947831446272
3.191947831446272
3.191947831446272
3.191947831446272
3.191947831446272
3.191947831446272
3.191947831446272
3.191947831446272
3.191947831446272
3.191947831446272
3.191947831446272
3.191947831446272
3.191947831446272
3.191947831446272
3.191947831446272
3.191947831446272
3.191947831446272
3.191947831446272
3.191947831446272
3.191947831446272
3.191947831446272
3.191947831446272
3.191947831446272
3.191947831446272
3.191947831446272
3.191947831446272
3.191947831446272
3.191947831446272
3.191947831446272
3.191947831446272
3.191947831446272
3.191947831446272
3.191947831446272
3.191947831446272
3.191947831446272
3.191947831446272
3.191947831446272
3.191947831446272
3.191947831446272
3.191947831446272
3.191947831446272
3.191947831446272
3.191947831446272
3.191947831446272
3.191947831446272
3.191947831446272
3.191947831446272
3.191947831446272
3.191947831446272
3.191947831446272
3.191947831446272
3.191947831446272
3.191947831446272
3.191947831446272
3.191947831446272
3.191947831446272
3.191947831446272
3.191947831446272
3.191947831446272
3.191947831446272
3.191947831446272
3.191947831446272
3.191947831446272
3.191947831446272
3.191947831446272
3.191947831446272
3.191947831446272
3.191947831446272
3.191947831446272
3.191947831446272
3.191947831446272
3.191947831446272
3.191947831446272
3.2097649048001293
3.2097649048001293
3.2250448198678074
3.2516313790288898
3.2573691790997974
3.29456038069699
3.296147889514045
3.296147889514045
3.296147889514045
3.3283485019145473
3.3481328389217935
3.3635631278380336
3.366300793210645
3.366300793210645
3.3777666714293173
3.3777666714293173
3.3777666714293173
3.3777666714293173
3.3777666714293173
3.4101100446031647
3.4101100446031647
3.440005548841591
3.4424853245633873
3.4424853245633873
3.4391808431598108
3.4391808431598108
3.433991492752068
3.466214293042548
3.471932338407046
3.471932338407046
3.471932338407046
3.4793920029888485
3.4732054618844392
3.4837488969209267
3.4822892282050417
3.4874633082196804
3.4954597443191924
3.483482740448929
3.481323157416472
3.4963085156662506
3.4963085156662506
3.4963085156662506
3.4963085156662506
3.4963085156662506
3.51347266763345
3.5158153026118666
3.5158153026118666
3.5174830261352437
3.5174830261352437
3.5174830261352437
3.5174830261352437
3.535604069492776
3.539254538096909
3.5305860026358675
3.527410169825667
3.527410169825667
3.538182612792303
3.538182612792303
3.538182612792303
3.538182612792303
3.538182612792303
3.538182612792303
3.538019924117456
3.538019924117456
3.541278118414664
3.541278118414664
3.5311974267576662
3.540331838844213
3.5459438713626326
3.5459438713626326
3.5459438713626326
3.5362022550631114
3.5490805852336837
3.5535890623876614
3.5265664163630563
3.5265664163630563
3.5265664163630563
3.5265664163630563
3.5265664163630563
3.5265664163630563
3.5265664163630563
3.5265664163630563
3.5265664163630563
3.53760083706023
3.5518002403699818
3.578918025795194
3.565211490093147
3.5623966351972163
3.5623966351972163
3.5623966351972163
3.5496676195115096
3.5524996664886794
3.5524996664886794
3.5524996664886794
3.5539519776306827
3.5539519776306827
3.5539519776306827
3.5560124970102933
3.5560124970102933
3.5560124970102933
3.5560124970102933
3.5560124970102933
3.5560124970102933
3.5560124970102933
3.5560124970102933
3.5560124970102933
3.5560124970102933
3.5560124970102933
3.5560124970102933
3.5560124970102933
3.5560124970102933
3.5560124970102933
3.5560124970102933
3.5560124970102933
3.567921073684269
3.567921073684269
3.567921073684269
3.567921073684269
3.567921073684269
3.567921073684269
3.567921073684269
3.6140979821056107
3.6140979821056107
3.598388329899722
3.6209054081434378
3.6209054081434378
3.6171586690691186
3.6171586690691186
3.6112305762639765
3.5979252408141904
3.5979252408141904
3.6040408002401967
3.5899277416394786
3.587743046053129
3.587743046053129
3.583464805082784
3.586459957798211
3.586459957798211
3.5822764135953076
3.5966266448849096
3.5992155427089765
3.5992155427089765
3.6056333470692423
3.5922753639835587
3.5922753639835587
3.5922753639835587
3.5922753639835587
3.5922753639835587
3.5922753639835587
3.5922753639835587
3.578053341515828
3.578053341515828
3.578053341515828
3.5924125426331455
3.582800310451251
3.585463437309232
3.585463437309232
3.585463437309232
3.585463437309232
3.585463437309232
3.5667522582508995
3.5667522582508995
3.5667522582508995
3.5667522582508995
3.5666924952810035
3.565291262167476
3.565291262167476
3.5597474753022684
3.570906924574406
3.570906924574406
3.570906924574406
3.58625210085816
3.58625210085816
3.5902282509333325
3.5902282509333325
3.5902282509333325
3.571248308382787
3.571248308382787
3.594061031084866
3.5866757466298465
3.5866757466298465
3.5866757466298465
3.571392692626417
3.5614202197562177
3.5614202197562177
3.5614202197562177
3.5614202197562177
3.578267885311285
3.578267885311285
3.581962420271912
3.5895885154704383
3.5895885154704383
3.5781798145329566
3.5781798145329566
3.5781798145329566
3.5781798145329566
3.5781798145329566
3.597233292161409
3.597233292161409
3.597233292161409
3.597233292161409
3.5777468783971322
3.589952938741721
3.5751254976873077
3.5751254976873077
3.57498395635796
3.57498395635796
3.5836412086881375
3.574875482641493
3.574875482641493
3.574875482641493
3.574875482641493
3.574875482641493
3.5760712675006268
3.5760712675006268
3.5760712675006268
3.5760712675006268
3.566580027814555
3.566580027814555
3.566580027814555
3.566580027814555
3.566580027814555
3.539443796106769
3.539443796106769
3.539443796106769
3.539443796106769
3.533311171268825
3.533311171268825
3.533311171268825
3.533311171268825
3.5385328648497234
3.5404183033559633
3.5404183033559633
3.530882825220664
3.5359996528216797
3.5359996528216797
3.5359996528216797
3.5359996528216797
3.5436463880738502
3.5436463880738502
3.5378758737030087
3.532905174951474
3.532905174951474
3.528576550775296
3.528576550775296
3.528576550775296
3.5243675496129554
3.5243675496129554
3.5284105670674286
3.5271897560671017
3.5271897560671017
3.5271897560671017
3.5271897560671017
3.5271897560671017
3.5226952091925816
3.531632904793315
3.5367724708416284
3.536175489410563
3.536175489410563
3.536175489410563
3.5210895021968276
3.5210895021968276
3.530966730587506
3.530966730587506
3.530966730587506
3.530966730587506
3.532152420076226
3.514313946234401
3.514313946234401
3.514313946234401
3.519316393981285
3.534747132816545
3.5213162709912025
3.5313247741368308
3.5318423751586665
3.5318423751586665
3.5318423751586665
3.5318423751586665
3.52386578642696
3.5151658473226424
3.5151658473226424
3.4944203204950512
3.4944203204950512
3.5101900386392972
3.5101900386392972
3.5144920633298247
3.5144920633298247
3.5144920633298247
3.53974633880548
3.53974633880548
3.527028870972528
3.527028870972528
3.518751607392737
3.518751607392737
3.518751607392737
3.494022581574586
3.5038023618075353
3.4848602506554216
3.4848602506554216
3.4848602506554216
3.4812198794926803
3.4812198794926803
3.4795595145545146
3.4865933997552094
3.4865933997552094
3.491438429858911
3.4927697357875482
3.4927697357875482
3.4861132752425497
3.456212934312234
3.437254466512448
3.437254466512448
3.421214894383044
3.4353230518651166
3.430516615346813
3.4104237758418408
3.4188508654911622
3.4188508654911622
3.4188508654911622
3.430372993873309
3.430372993873309
3.4113082919857027
3.4060644094426307
3.4060644094426307
3.4060644094426307
3.4013029944878412
3.4013029944878412
3.4013029944878412
3.4013029944878412
3.4013029944878412
3.397286226604792
3.397286226604792
3.3671117146099614
3.3671117146099614
3.4065234381816807
3.4065234381816807
3.4147121323562373
3.406353036069529
3.376961501659905
3.383024058560298
3.3700293297957598
3.3700293297957598
3.3718814070696204
3.353517488360874
3.353517488360874
3.3597059594133314
3.3597059594133314
3.3597059594133314
3.355211200456661
3.3454420587682483
3.34411628714795
3.34411628714795
3.344774637469202
3.344774637469202
3.3328873690062117
3.328483962442801
3.314774497028287
3.3155449761195963
3.3155449761195963
3.3159162165275067
3.3159162165275067
3.3159162165275067
3.300103755616052
3.296445744998651
3.2967593946396
3.294104522288078
3.294104522288078
3.2923621128144385
3.2821208396254806
3.2821208396254806
3.2821208396254806
3.3004819579423703
3.2893826310239054
3.2893826310239054
3.296677171672102
3.296677171672102
3.296677171672102
3.284406987126991
3.284406987126991
3.284406987126991
3.296986595951812
3.296986595951812
3.296986595951812
3.298161017731415
3.2885798013963257
3.2861140231798025
3.2861140231798025
3.3040832276001364
3.298850283115264
3.298850283115264
3.2967097714004394
3.2967097714004394
3.298032853327564
3.298032853327564
3.2975829235640535
3.2975829235640535
3.2921074081594743
3.298585732262847
3.298585732262847
3.294889396486516
3.2975233236134884
3.2975233236134884
3.2975233236134884
3.2975233236134884
3.2975233236134884
3.2975233236134884
3.2975233236134884
3.2859026844074917
3.2859026844074917
3.2984496189335566
3.3064981560970517
3.3064981560970517
3.3064981560970517
3.3032416818968455
3.307212166072123
3.305292616282853
3.305292616282853
3.3117293398110794
3.3117293398110794
3.3117293398110794
3.3117293398110794
3.3113936565291477
3.3113936565291477
3.306868303610827
3.306868303610827
3.306868303610827
3.295611480429232
3.2994850927634483
3.293929275820637
3.293929275820637
3.286506475566177
3.286506475566177
3.2813501459755194
3.2813501459755194
3.266384644888465
3.247313218433681
3.247313218433681
3.247313218433681
3.247313218433681
3.2634381233644354
3.2634381233644354
3.2617183859000956
3.2617183859000956
3.2617183859000956
3.254494939522736
3.255773887467321
3.255773887467321
3.255773887467321
3.255773887467321
3.268809071576033
3.268809071576033
3.268809071576033
3.26763994710419
3.2490813808397543
3.2490813808397543
3.2428127679778163
3.2428127679778163
3.2470976300085055
3.2646311719484977
3.2646311719484977
3.2646311719484977
3.2728490289956844
3.2728490289956844
3.2728490289956844
3.2921528697243927
3.2669451089040202
3.2760698631833396
3.2651933531119006
3.2651933531119006
3.2651933531119006
3.2651933531119006
3.233994043026907
3.233994043026907
3.2451152972691104
3.242419693129516
3.238016829195495
3.2558536164236735
3.2598350735697377
3.259321300196896
3.259321300196896
3.259321300196896
3.259321300196896
3.272373526368606
3.272373526368606
3.248695962510347
3.265981888087091
3.264185995335389
3.264185995335389
3.2696488835112842
3.2857342825238534
3.2857342825238534
3.2857342825238534
3.2761192858199024
3.3021582688111812
3.3021582688111812
3.3021582688111812
3.3021582688111812
3.3021582688111812
3.3021582688111812
3.2956218833757354
3.2705101870346094
3.2679273809103195
3.288047027424467
3.2849002115891706
3.2849002115891706
3.2849002115891706
3.280533232444471
3.280533232444471
3.2923262548908503
3.281340856397639
3.281340856397639
3.281340856397639
3.2885239489194125
3.2885239489194125
3.2885239489194125
3.2885239489194125
3.293863359615579
3.2985136735375313
3.2985136735375313
3.276913734300582
3.276072864704256
3.276072864704256
3.2823030184763478
3.2823030184763478
3.2823030184763478
3.2772345806675465
3.2772345806675465
3.2857751276398663
3.2857751276398663
3.2857751276398663
3.2857751276398663
3.2885188889929013
3.2885188889929013
3.2885188889929013
3.280164359857324
3.274151986112598
3.2977431324543924
3.2995644562697777
3.2939853947188875
3.2939853947188875
3.2939853947188875
3.2939853947188875
3.3009119790099963
3.3009119790099963
3.2888953224839113
3.2888953224839113
3.292979625359467
3.292979625359467
3.2878979074495787
3.2877854175975343
3.297608435891153
3.297608435891153
3.2904796043126536
3.2878650572410373
3.27512637067585
3.27512637067585
3.277975471902173
3.277975471902173
3.277975471902173
3.3206295584416754
3.3206295584416754
3.3206295584416754
3.30586128761278
3.304087854515259
3.3037639473099873
3.3037639473099873
3.3037639473099873
3.2865088338867565
3.2521044246231505
3.2521044246231505
3.242024344172269
3.242024344172269
3.2585497643810117
3.2585497643810117
3.2585497643810117
3.2585497643810117
3.2686259681850474
3.2686259681850474
3.2726052958169207
3.2870756669552086
3.287285745337978
3.287285745337978
3.2910425914195587
3.2910425914195587
3.2910425914195587
3.2767201856007437
3.2857806974163544
3.266537047156081
3.266537047156081
3.266537047156081
3.273629963048913
3.273629963048913
3.273629963048913
3.273629963048913
3.273629963048913
3.273629963048913
3.273629963048913
3.279526378756351
3.279526378756351
3.279526378756351
3.285092220114036
3.285092220114036
3.2785211983208877
3.2785211983208877
3.2785211983208877
3.2785211983208877
3.2712549390139367
3.2774930796357102
3.2778612864114955
3.276855135503847
3.276855135503847
3.2722865850624068
3.2722865850624068
3.2695350201171847
3.2695350201171847
3.257576099988441
3.287903524603063
3.287903524603063
3.270465163465546
3.270465163465546
3.270465163465546
3.270465163465546
3.270465163465546
3.25101022170688
3.2530186739203413
3.252840383262666
3.2502756255910636
3.2538316391199302
3.277294138047308
3.281762894901898
3.281762894901898
3.281762894901898
3.281762894901898
3.2756180008545477
3.2756180008545477
3.2756180008545477
3.2590129006175106
3.2565821797185497
3.2565821797185497
3.2565821797185497
3.2731284447761237
3.2731284447761237
3.2687253090154442
3.277653377090595
3.277653377090595
3.277653377090595
3.251639172739705
3.268304848068083
3.301298960590083
3.291566293698828
3.276594908870531
3.276594908870531
3.2751839597761645
3.2751839597761645
3.2751839597761645
3.2751839597761645
3.2751839597761645
3.2751839597761645
3.267573047551645
3.242920377318907
3.242920377318907
3.242920377318907
3.2512829924086257
3.2512829924086257
3.2512829924086257
3.271546729699071
3.271546729699071
3.271546729699071
3.2921409444129184
3.276053705895706
3.253624575628212
3.2617584725511697
3.24841260356526
3.24841260356526
3.24841260356526
3.250977752302799
3.2454200331409835
3.2544205858360495
3.2544205858360495
3.2544205858360495
3.231088087243506
3.2269078599406193
3.2269078599406193
3.2269078599406193
3.2269078599406193
3.2269078599406193
3.226670083843701
3.2290924478812912
3.2290924478812912
3.2327947837091133
3.226458844804481
3.219723039050441
3.2236470580482446
3.207966194388282
3.209891781581892
3.2102424807343706
3.2102424807343706
3.2102424807343706
3.2357475940558063
3.2357475940558063
3.2520339996202714
3.240443309873993
3.2470852669344064
3.2470852669344064
3.2470852669344064
3.235083561188465
3.235083561188465
3.235083561188465
3.235083561188465
3.235083561188465
3.235083561188465
3.235083561188465
3.23958287504188
3.2631618261533597
3.2533816887646205
3.25644871567544
3.25644871567544
3.259541517527685
3.259541517527685
3.259541517527685
3.259541517527685
3.2589294810554996
3.261148445406746
3.261148445406746
3.2553072507689866
3.2322040663605542
3.2322040663605542
3.2453855965678504
3.230433668517136
3.230433668517136
3.2536270246522068
3.2536270246522068
3.2536270246522068
3.2536270246522068
3.2572195614164547
3.2487100893967216
3.265344573201301
3.265344573201301
3.265344573201301
3.255530008438734
3.255530008438734
3.255530008438734
3.2544906351846294
3.2533211054601385
3.2533211054601385
3.2287572963601234
3.239658940102003
3.239658940102003
3.2212252976883144
3.2212252976883144
3.231111877258797
3.2432753315491434
3.2406277105235946
3.2406277105235946
3.2292386062934493
3.2321439337100406
3.2321439337100406
3.2384632662808026
3.23460996448833
3.23460996448833
3.23460996448833
3.23460996448833
3.2451487085857598
3.2451487085857598
3.2355468686955584
3.2256797010859954
3.2256797010859954
3.2227835646031453
3.220218154532813
3.220218154532813
3.2274141079840137
3.2452498020971925
3.2331448031560472
3.254372193496948
3.251605223794922
3.243362100122704
3.2296626242485442
3.2296626242485442
3.2296626242485442
3.2296626242485442
3.2606650044006216
3.234610406986036
3.234610406986036
3.229006069493604
3.2462639733115264
3.2462639733115264
3.2474360943735885
3.2474360943735885
3.243145263814765
3.243145263814765
3.2436980413566916
3.2436980413566916
3.269036831702537
3.269036831702537
3.2457859379161973
3.2457859379161973
3.253752510041143
3.2606966425824133
3.2606966425824133
3.284949901722946
3.277422666445706
3.277422666445706
3.274150553647526
3.274557597820125
3.275343204642058
3.275343204642058
3.275343204642058
3.250874643105629
3.250874643105629
3.24568852229942
3.2437208330910265
3.2437208330910265
3.2305888053457825
3.2653456908062877
3.2653456908062877
3.266097275433485
3.266097275433485
3.278872077352231
3.278872077352231
3.2694403376291947
3.2560658984711472
3.2560658984711472
3.2560658984711472
3.2560658984711472
3.2560658984711472
3.2560658984711472
3.260706536429306
3.2630809792892945
3.2630809792892945
3.256483870592655
3.256483870592655
3.256483870592655
3.2622239194137683
3.2622239194137683
3.2622239194137683
3.247538217260773
3.247538217260773
3.262280693040628
3.250984700916457
3.254314502326187
3.2453580255491326
3.2453580255491326
3.242722765709291
3.240687627960116
3.2597419719554397
3.2597419719554397
3.262830287165295
3.269948538068825
3.2859268262751065
3.2859268262751065
3.2823384685921226
3.2823384685921226
3.2805190744585655
3.274056439065544
3.274056439065544
3.274056439065544
3.274056439065544
3.2844329859690724
3.2844329859690724
3.2811400739226193
3.2811400739226193
3.2707665376687594
3.2707665376687594
3.2642427611151987
3.2749287245036713
3.2749287245036713
3.2749287245036713
3.2789744598986004
3.2789744598986004
3.242178031932982
3.2582156231189545
3.256914403139428
3.2668845487881235
3.2668845487881235
3.2668845487881235
3.2515176658938265
3.2515176658938265
3.2515176658938265
3.2515176658938265
3.2515176658938265
3.2515176658938265
3.2322625716438376
3.2312131871748235
3.2312131871748235
3.23313637940731
3.236323212262677
3.236408594575651
3.227308002569512
3.220885431972416
3.2265940044604604
3.2265940044604604
3.2265940044604604
3.2471964388053047
3.2511434035080033
3.2511434035080033
3.257734945449055
3.2465044122230524
3.2465044122230524
3.2465044122230524
3.2465044122230524
3.2465044122230524
3.246960291296013
3.248754616255836
3.249216767503439
3.242416001357352
3.2407059996614573
3.2383038306574727
3.2383038306574727
3.258728944160233
3.256542798792222
3.2524197432973403
3.2524197432973403
3.268254863312734
3.2765582155434307
3.2765582155434307
3.275046333482836
3.275046333482836
3.275046333482836
3.264067089417609
3.264067089417609
3.289323316983955
3.289323316983955
3.261710482177364
3.261710482177364
3.2523048007087705
3.2523048007087705
3.2552828709654134
3.2552828709654134
3.2422511603003756
3.248507274211605
3.2678212184402238
3.2678212184402238
3.2592849342953683
3.2750938891811074
3.2750938891811074
3.2561036223123563
3.2638520932164674
3.259383925914005
3.256497091101684
3.256497091101684
3.266270633458375
3.266270633458375
3.270366837886904
3.2580592442636465
3.2580592442636465
3.2580592442636465
3.2580592442636465
3.260099790994302
3.246256003504195
3.2662449199577592
3.2659642948058965
3.2636592641478503
3.258822897448423
3.258822897448423
3.258822897448423
3.2747701606204433
3.277743814227688
3.2468808898785455
3.2468808898785455
3.2465782337489157
3.27573207959629
3.291477234393716
3.291477234393716
3.2957250936858995
3.2957250936858995
3.2957250936858995
3.291502604464245
3.283033443644414
3.2767592564465584
3.275905253902136
3.2793667179144563
3.261227040220366
3.2706879547395427
3.254125569808488
3.256811304046491
3.2610807043060213
3.2610807043060213
3.2630626533199365
3.2624876405246077
3.2407485844076884
3.240865218614763
3.2569467233956693
3.2315674901625653
3.236135527615808
3.236135527615808
3.2437298909262453
3.2437298909262453
3.2437298909262453
3.2673472824366376
3.2644559639972752
3.2701488743349967
3.2701488743349967
3.2693100089619076
3.2630000024584054
3.2630000024584054
3.2558542347856347
3.256147338468323
3.252857578876268
3.264705510071169
3.2721705054704553
3.2721705054704553
3.2739217956035507
3.2828253357450117
3.2828253357450117
3.2750695114821307
3.2750695114821307
3.2750695114821307
3.278401272021841
3.2541858858723174
3.2541858858723174
3.2541858858723174
3.2774398829374998
3.2694442623582116
3.2694442623582116
3.268850151941835
3.274503775063058
3.303569690847773
3.2687286158607556
3.2687286158607556
3.2687286158607556
3.2687286158607556
3.2767915031851738
3.2767915031851738
3.2767915031851738
3.2767915031851738
3.2767915031851738
3.277745717263922
3.277745717263922
3.277745717263922
3.277745717263922
3.277745717263922
3.2648653798818894
3.2648653798818894
3.2715932715725207
3.2752823514675993
3.290021209183794
3.27857216668182
3.26688023401688
3.254202691586023
3.245274776586367
3.2381515766849995
3.2381515766849995
3.2381515766849995
3.2306305700864346
3.2306305700864346
3.256215609754163
3.256215609754163
3.2576709813529616
3.2639868468601443
3.242363711388553
3.250228878940705
3.250228878940705
3.250228878940705
3.250228878940705
3.2565176042038013
3.2565176042038013
3.2801256666860836
3.2801256666860836
3.2801256666860836
3.285178267069098
3.274794645400063
3.274794645400063
3.274794645400063
3.274794645400063
3.274794645400063
3.2667439723284413
3.2667439723284413
3.268887429602272
3.264688093768474
3.264688093768474
3.2587619090601367
3.255461337383247
3.255461337383247
3.255461337383247
3.2551147324006267
3.2551147324006267
3.2469011878745726
3.2468713550450268
3.2468713550450268
3.2468713550450268
3.247476484628064
3.247476484628064
3.251079496530545
3.251079496530545
3.251079496530545
3.2379720012622983
3.2250300462085
3.23605874718879
3.2303813020950014
3.2084063467185073
3.2173518505671996
3.2173518505671996
3.22694402521863
3.2299458219514556
3.2269909045605374
3.2196123833495793
3.2196123833495793
3.2196123833495793
3.2260115090946284
3.2260115090946284
3.2274444031910163
3.2254124438078238
3.2097441339382176
3.2097441339382176
3.2097441339382176
3.2097441339382176
3.235086884805639
3.235086884805639
3.224026563235078
3.224026563235078
3.2010541917444737
3.2010541917444737
3.199989448544797
3.191237154836795
3.191237154836795
3.197001584280803
3.197001584280803
3.206589923706306
3.206589923706306
3.215221280452784
3.215221280452784
3.2386538483293035
3.2334815824929963
3.2334815824929963
3.243717957701566
3.2304268158133636
3.2304268158133636
3.2304268158133636
3.251909469335103
3.2500042776787996
3.235462758824144
3.248163772117557
3.2363220894622278
3.2363220894622278
3.244995774039125
3.2376594528344285
3.228298158426259
3.2163321171481263
3.2272328383295297
3.2364763708893376
3.2364763708893376
3.2364763708893376
3.2364763708893376
3.2339645735911176
3.2339645735911176
3.2083818070352383
3.219240332743314
3.2188524044051796
3.2188524044051796
3.2188524044051796
3.2188524044051796
3.2188524044051796
3.2188524044051796
3.2185355190729315
3.2192736106437057
3.241720856877744
3.246204930098494
3.2214710588319537
3.2214710588319537
3.2214710588319537
3.2214710588319537
3.2450360963841955
3.2450360963841955
3.2450360963841955
3.2450360963841955
3.2450360963841955
3.2450360963841955
3.253523476748938
3.253523476748938
3.2504221112983536
3.2504221112983536
3.2504221112983536
3.2457108589002814
3.260083937843172
3.260083937843172
3.260083937843172
3.260083937843172
3.24256402652739
3.246248257709832
3.2429891156182746
3.2571633909124937
3.2618183873169513
3.2480616922920813
3.2480616922920813
3.248295118498319
3.248295118498319
3.2484289368021857
3.2497025918551388
3.2497025918551388
3.2497025918551388
3.2497025918551388
3.246946753171258
3.246946753171258
3.246946753171258
3.2379077243708916
3.2379077243708916
3.248188904177609
3.248188904177609
3.2369148249100768
3.2379835536493933
3.2379835536493933
3.216269969207287
3.216269969207287
3.216269969207287
3.216269969207287
3.223844834045005
3.2261938714695892
3.237116214291251
3.2313954089264194
3.225774616695914
3.225774616695914
3.2202899439260806
3.2202899439260806
3.217218377370508
3.217218377370508
3.2375513647470804
3.2426659474752606
3.2260498512764872
3.2260498512764872
3.232438037249533
3.2620191876197295
3.251296612118902
3.2442504725698984
3.232488151198141
3.232488151198141
3.2447604671245553
3.225950699884592
3.225950699884592
3.2306944417613592
3.2203361427588755
3.2267816869030397
3.216443436682717
3.216443436682717
3.216443436682717
3.216443436682717
3.22018700444889
3.22018700444889
3.2191310995840685
3.242702896305377
3.242702896305377
3.2356633896083644
3.2423205230769616
3.253181594619401
3.253181594619401
3.253181594619401
3.2146441578651777
3.239124080925286
3.230744242674352
3.2416613996996504
3.2399613516327994
3.240629375245156
3.240629375245156
3.240629375245156
3.240629375245156
3.240629375245156
3.240629375245156
3.2332212681376755
3.2332212681376755
3.2465659617676152
3.231816341460908
3.218406217503972
3.218406217503972
3.218406217503972
3.218406217503972
3.202203993548311
3.2041585544873925
3.2269229841941574
3.2424607597180257
3.2522627898870904
3.2522627898870904
3.2332541563310206
3.2475794675138676
3.2458455728272906
3.2477703250037218
3.2502728652131965
3.2405781342724973
3.2405781342724973
3.2604324377759664
3.248305011714524
3.248305011714524
3.2227645742169186
3.2227645742169186
3.2227645742169186
3.2258859508217963
3.2258859508217963
3.2374924256561584
3.2374924256561584
3.2374924256561584
3.2374924256561584
3.2374924256561584
3.2338617050898164
3.2139353330797324
3.2139353330797324
3.2139353330797324
3.2139353330797324
3.2139353330797324
3.2117052141743434
3.2117052141743434
3.2012497445241905
3.2125215177901287
3.24769554450817
3.2266765725101156
3.2266765725101156
3.226434032756393
3.2224687812485135
3.2304068807344137
3.2224273606084988
3.2224273606084988
3.2228449339757717
3.227947826164533
3.227947826164533
3.227947826164533
3.227947826164533
3.1985776037359024
3.200345282088307
3.200345282088307
3.200345282088307
3.212670288310193
3.212670288310193
3.2154156198821475
3.2154156198821475
3.222305096472662
3.216507208536924
3.2234281168768777
3.2172246392702415
3.2288996951716564
3.2288996951716564
3.2288996951716564
3.2288996951716564
3.2223090976162374
3.2236845496009194
3.2061748813033124
3.2355019482234684
3.228259118276568
3.223688473257869
3.218628945906059
3.2107717795695936
3.2107717795695936
3.2107717795695936
3.235265177286805
3.2294889300720855
3.2294889300720855
3.2294889300720855
3.2294889300720855
3.2294889300720855
3.2420091325581066
3.2434364335724517
3.2358165181506986
3.249662779868921
3.2444152859573108
3.2341695552973517
3.2341695552973517
3.248598347129171
3.248598347129171
3.248598347129171
3.248598347129171
3.2470915944163172
3.23390920112086
3.2292229393920366
3.2292229393920366
3.2305993467123284
3.2305993467123284
3.2290782968001586
3.21343240904604
3.213860391382794
3.211116428089893
3.209400951249504
3.209400951249504
3.2145800403600866
3.2145800403600866
3.2145800403600866
3.227671246423524
3.226729066264495
3.226729066264495
3.245134715044122
3.245134715044122
3.255120365339967
3.268837708657417
3.256812786872664
3.253962903205817
3.253962903205817
3.253962903205817
3.242269673960075
3.242269673960075
3.2523577319052155
3.248830787907767
3.248830787907767
3.251963213852277
3.251963213852277
3.251963213852277
3.254110772915802
3.254110772915802
3.254070805434977
3.254070805434977
3.2667349660216285
3.2566049892569544
3.2566049892569544
3.2604282456497953
3.2604282456497953
3.2528109584100457
3.2526839648869745
3.2387794400370358
3.2474991148086745
3.2505500116574
3.2505500116574
3.249524514823075
3.249524514823075
3.263702095884238
3.25188629850371
3.263060214978469
3.263060214978469
3.263060214978469
3.2521686050151444
3.2521686050151444
3.2521686050151444
3.2445032077130156
3.23908100046474
3.2323084142203506
3.2456658805226493
3.2456658805226493
3.2456658805226493
3.2456658805226493
3.2456658805226493
3.2434102562917757
3.2543054942164105
3.2499547288248536
3.2459352936445227
3.2459352936445227
3.2572103216822526
3.251448164417155
3.2493547588115237
3.2493547588115237
3.2493547588115237
3.2494092778142165
3.231901110074631
3.231901110074631
3.2329087217994883
3.229481377455647
3.218187473807029
3.2201160610294632
3.2165681146578864
3.2165681146578864
3.2165681146578864
3.2165681146578864
3.2165681146578864
3.228085390519516
3.228085390519516
3.228085390519516
3.228085390519516
3.2479579166660355
3.240646228293591
3.238562417663759
3.238562417663759
3.2464535072793734
3.2464535072793734
3.2603945550092823
3.2603945550092823
3.2543369328802028
3.235958181024971
3.235958181024971
3.2138629716084357
3.2138629716084357
3.2332975056075424
3.2332975056075424
3.2332975056075424
3.2332975056075424
3.233384845464238
3.233384845464238
3.233384845464238
3.233384845464238
3.233384845464238
3.233384845464238
3.248512508261489
3.248512508261489
3.2417141678139676
3.2417141678139676
3.2483501228278815
3.2483501228278815
3.2483501228278815
3.2483501228278815
3.241755860158527
3.241755860158527
3.244719883611072
3.257739459846717
3.265168632529963
3.2610589033044164
3.2602658461952823
3.262506867677222
3.2617162196413605
3.2617162196413605
3.2617162196413605
3.2266245593024507
3.2266245593024507
3.2266245593024507
3.216548304778925
3.216548304778925
3.23287703218224
3.23287703218224
3.235099390671446
3.235099390671446
3.2426375680214963
3.2348617158707036
3.2348617158707036
3.243874660763945
3.256125857715606
3.2470125622347994
3.2470125622347994
3.250446685851035
3.269760690721145
3.269760690721145
3.2915211023680344
3.2912357821959324
3.2912357821959324
3.2912357821959324
3.2841365194078724
3.2841365194078724
3.2841365194078724
3.2841365194078724
3.2841365194078724
3.2841365194078724
3.2637002279315346
3.284109572220379
3.269227064259623
3.269227064259623
3.269227064259623
3.269227064259623
3.269227064259623
3.255847926965409
3.255847926965409
3.255847926965409
3.255847926965409
3.2370398019957096
3.2370398019957096
3.2370398019957096
3.243996603660606
3.243996603660606
3.241933096242675
3.2490529844385736
3.2490529844385736
3.2490529844385736
3.2490529844385736
3.2490529844385736
3.249797898396229
3.249797898396229
3.2514637783138065
3.247231086797609
3.247231086797609
3.269670240537785
3.2834066688121175
3.2834066688121175
3.263201988382434
3.2728754491952405
3.2733138245438282
3.2733138245438282
3.2552971383793854
3.249375521508882
3.249375521508882
3.253129837801047
3.253129837801047
3.253129837801047
3.2712144122584483
3.258066116823044
3.271810663593445
3.271810663593445
3.2713187951764486
3.238061372601739
3.2308207098413666
3.2210089538888123
3.2210089538888123
3.223962531459489
3.2251125002898657
3.233348745715641
3.233348745715641
3.2571919340908453
3.2571919340908453
3.2486303181500666
3.2609858767701554
3.2448504168345647
3.2445530330205727
3.24132518474315
3.24132518474315
3.24132518474315
3.246769852908482
3.246769852908482
3.2440171924969765
3.2440171924969765
3.2440171924969765
3.2440171924969765
3.247667989813025
3.247667989813025
3.2222771015863203
3.24012266275379
3.24012266275379
3.239575411516272
3.2373235455632488
3.23038254558244
3.2302408058454217
3.2504125256329197
3.2504125256329197
3.261505202915378
3.261505202915378
3.261505202915378
3.261505202915378
3.261505202915378
3.2647374972770056
3.256544692293929
3.266943385164465
3.266943385164465
3.262138344174711
3.262138344174711
3.2426538759740606
3.2426538759740606
3.244986065320177
3.2468944953663295
3.2468944953663295
3.2468944953663295
3.2514718090755
3.2514718090755
3.261190570827247
3.261190570827247
3.261190570827247
3.261190570827247
3.260891854404449
3.260891854404449
3.2596278421576765
3.236120224129651
3.234923733686472
3.234923733686472
3.234923733686472
3.223571348001374
3.229891618688058
3.229891618688058
3.2336542985478895
3.224235475954219
3.2276487976020607
3.2276487976020607
3.2394375635083543
3.2394375635083543
3.2416924521401973
3.2306781881816304
3.2306781881816304
3.222067135530536
3.222067135530536
3.222067135530536
3.2346742878924832
3.2346742878924832
3.239340911396124
3.239340911396124
3.239340911396124
3.239340911396124
3.2340345345345405
3.2340345345345405
3.2347362889547155
3.2415904948365943
3.2415904948365943
3.2369032343975737
3.2369032343975737
3.254804595186158
3.254804595186158
3.254804595186158
3.2541156793726214
3.2541156793726214
3.2541156793726214
3.2541156793726214
3.2541156793726214
3.261182683737462
3.261182683737462
3.269117483176717
3.2812041375096928
3.251311982123617
3.2587664263580365
3.2658665120360197
3.268602261932935
3.2504467145247022
3.2504467145247022
3.2504467145247022
3.2504467145247022
3.236965236075214
3.236965236075214
3.2519954545693004
3.2519954545693004
3.2519954545693004
3.2519954545693004
3.2519954545693004
3.2519954545693004
3.2519954545693004
3.2248649593809264
3.232178523756272
3.232178523756272
3.236466374653763
3.241354285867579
3.241153070404549
3.2478308471505604
3.2478308471505604
3.2567297503666968
3.223306032554745
3.223306032554745
3.223306032554745
3.2357467980519643
3.2357467980519643
3.2357467980519643
3.2357467980519643
3.2357467980519643
3.2392752790632184
3.2392752790632184
3.2392752790632184
3.2392752790632184
3.2316055545507716
3.235916178677045
3.2363713005648784
3.236713551661088
3.236713551661088
3.236713551661088
3.2402278282743064
3.2402278282743064
3.2423306077136216
3.2423306077136216
3.2423306077136216
3.21717731619086
3.2256393717649567
3.2224806758398548
3.2224806758398548
3.215040548152643
3.215040548152643
3.226255745242778
3.226970680355435
3.240877494092484
3.240877494092484
3.256460635205526
3.256460635205526
3.256460635205526
3.256460635205526
3.268232896743924
3.268232896743924
3.268232896743924
3.268647112244345
3.268647112244345
3.2567157030323015
3.2608015494089666
3.2591639263015217
3.2591639263015217
3.2591639263015217
3.2515256035180684
3.24705741060225
3.2364022686579186
3.2364022686579186
3.2364022686579186
3.2364022686579186
3.246464346187947
3.260559464736781
3.2583003670682738
3.2583003670682738
3.2620688163966283
3.2620688163966283
3.2620688163966283
3.2620688163966283
3.27307394774653
3.27307394774653
3.2711156579067335
3.264569180105755
3.2509092963817343
3.2509092963817343
3.2509092963817343
3.2509092963817343
3.2509092963817343
3.2509092963817343
3.2592464866050244
3.2592464866050244
3.2592464866050244
3.2555627338909345
3.264229723741181
3.265099222943357
3.265099222943357
3.2586012923815972
3.2586012923815972
3.2586012923815972
3.278551522237143
3.2534943735281088
3.2534943735281088
3.247393748381896
3.247393748381896
3.247393748381896
3.247393748381896
3.2481684766002665
3.2481684766002665
3.2481684766002665
3.2481684766002665
3.251563118393064
3.251563118393064
3.251563118393064
3.251563118393064
3.2412065058145045
3.236049316276571
3.253387771271252
3.253387771271252
3.2643175561223887
3.2643175561223887
3.2799003092974544
3.262780874212079
3.266068947737469
3.2467054337112375
3.2467054337112375
3.2622811016461553
3.2622811016461553
3.2622811016461553
3.2601217087208414
3.2377300253555394
3.2451385955383327
3.21792302875777
3.2074417605243415
3.215212301355557
3.231003308633761
3.231003308633761
3.241523998591566
3.241523998591566
3.241523998591566
3.2771568099140143
3.269775218097254
3.269775218097254
3.269427247892763
3.2778989517494255
3.291959867355248
3.294879594295301
3.294879594295301
3.29239365898458
3.257029462225576
3.257029462225576
3.263330860195315
3.270237346010415
3.2744738122130137
3.2744738122130137
3.2744738122130137
3.265422839071993
3.262570811305453
3.278062560029834
3.278062560029834
3.2527614116572425
3.2527614116572425
3.278304330581179
3.271054479510918
3.266108207907725
3.26530117396711
3.26530117396711
3.26530117396711
3.2829814070716186
3.2829814070716186
3.2829814070716186
3.2829814070716186
3.2771799555100336
3.260064576918634
3.25171753113286
3.25171753113286
3.2659580742877794
3.2768572764509774
3.275286671603243
3.246674652165908
3.241556716870715
3.241556716870715
3.2532535585380713
3.2676581916830982
3.2456113588107707
3.2547002708996122
3.2547002708996122
3.2547002708996122
3.2547002708996122
3.2547002708996122
3.2547002708996122
3.2406603339796347
3.2406603339796347
3.2406603339796347
3.2427641911357763
3.2427641911357763
3.260161180691943
3.260025046140162
3.259513226073862
3.259513226073862
3.259513226073862
3.259513226073862
3.259513226073862
3.259513226073862
3.259513226073862
3.2847346467630336
3.2847346467630336
3.2847346467630336
3.2847346467630336
3.2847346467630336
3.2847346467630336
3.2643520625987925
3.2780888058051496
3.271330732140408
3.2444143271219597
3.2444143271219597
3.2444143271219597
3.2444143271219597
3.2444143271219597
3.244363394013327
3.227216581999611
3.229421472335914
3.229421472335914
3.23976692300473
3.23976692300473
3.23976692300473
3.2375844325952854
3.239665899905999
3.237448020357661
3.237448020357661
3.237448020357661
3.22721758856818
3.22721758856818
3.22721758856818
3.22721758856818
3.2311592480393285
3.2311592480393285
3.2508083720099266
3.2345931453384478
3.2345931453384478
3.294398062846891
3.2688742302857143
3.2688742302857143
3.266776499507268
3.257348809546267
3.257348809546267
3.2747947168146707
3.2747947168146707
3.2619330423554396
3.261110650486539
3.261110650486539
3.2650194542505027
3.2650194542505027
3.259683545824567
3.259683545824567
3.279853401550418
3.279853401550418
3.2785996515126086
3.2785996515126086
3.2785996515126086
3.2785996515126086
3.2852371625018972
3.273706675449224
3.28001662145375
3.28001662145375
3.289540204507588
3.2895155262436
3.2895155262436
3.2895155262436
3.2837402305922305
3.252098438983317
3.252098438983317
3.2741491839059305
3.2741491839059305
3.2741491839059305
3.2741491839059305
3.2730862815993236
3.2730862815993236
3.2815817567354704
3.279068123766506
3.279068123766506
3.279068123766506
3.279068123766506
3.2671054357164193
3.2671054357164193
3.2701465278335218
3.258191363295248
3.250625189439523
3.250625189439523
3.250625189439523
3.222263499164573
3.222263499164573
3.222263499164573
3.2318861928810634
3.2283214584287174
3.2283214584287174
3.2283214584287174
3.2283214584287174
3.226739204079842
3.226739204079842
3.243752255580056
3.252117335281731
3.23902864343681
3.249322252127309
3.2341863102145183
3.2462150866351376
3.2462150866351376
3.2462150866351376
3.2462150866351376
3.241210077799194
3.241210077799194
3.241210077799194
3.2392693619765707
3.2241307918682884
3.2241307918682884
3.2515971547594997
3.2515971547594997
3.260375336075886
3.260375336075886
3.260375336075886
3.255541879994306
3.248597969852977
3.248597969852977
3.256232271229871
3.255977090510373
3.2601366458088408
3.2601366458088408
3.244605448448167
3.244605448448167
3.2383145617210856
3.2383145617210856
3.24707488964633
3.24707488964633
3.24707488964633
3.256325388123298
3.2433053834381784
3.2433053834381784
3.2433053834381784
3.2433053834381784
3.2436258548340984
3.26353772625448
3.26353772625448
3.2338607172421385
3.2529384117215074
3.247379507994012
3.247379507994012
3.247379507994012
3.247379507994012
3.2301887325114493
3.2379791494489063
3.2395514492946744
3.247859437053061
3.247859437053061
3.253185080012977
3.232106140484216
3.230584019943416
3.2305546686964304
3.2335794586304774
3.2335794586304774
3.2335794586304774
3.22516560850335
3.238083584283377
3.238083584283377
3.2390247683142674
3.236249393007088
3.236249393007088
3.236249393007088
3.2507403871220495
3.246295886631445
3.246295886631445
3.240327483857495
3.2502481493949142
3.2569540859996287
3.249785148676702
3.249785148676702
3.249785148676702
3.249785148676702
3.2483172519595254
3.253482939927303
3.253482939927303
3.259870038933716
3.259870038933716
3.259870038933716
3.2545149589112383
3.2545149589112383
3.263817341672401
3.263817341672401
3.2639862078253006
3.2639862078253006
3.2639862078253006
3.2639862078253006
3.2342569724321737
3.2342569724321737
3.231040316155545
3.23606841801563
3.23606841801563
3.23606841801563
3.23606841801563
3.241136094123882
3.2275096988239054
3.2275096988239054
3.2275096988239054
3.2089898009436766
3.225209924932444
3.225209924932444
3.2164300367919534
3.222157303493554
3.222157303493554
3.2237983092078184
3.2237983092078184
3.2237983092078184
3.2237983092078184
3.223507032604684
3.223507032604684
3.223507032604684
3.1945850219248264
3.209733132110348
3.209733132110348
3.209733132110348
3.2194908982085595
3.2194908982085595
3.239092837957537
3.239092837957537
3.230957034084982
3.22882688618832
3.22882688618832
3.22882688618832
3.2210551526286406
3.2239555418544135
3.2239555418544135
3.2239555418544135
3.2239555418544135
3.2320591881241194
3.2250920748748144
3.2250920748748144
3.2250920748748144
3.2388684552812905
3.2267104713510237
3.207138146025922
3.2087260737835077
3.2087260737835077
3.201201132534897
3.1986296257485316
3.204909849377297
3.204909849377297
3.204909849377297
3.1984422080976374
3.1984422080976374
3.2125585378644645
3.2125585378644645
3.2125585378644645
3.2125585378644645
3.2125585378644645
3.2125585378644645
3.215662948279128
3.215662948279128
3.215662948279128
3.2014877622635094
3.217795913431253
3.2010350157037575
3.204428034144288
3.215543758087513
3.215543758087513
3.215543758087513
3.215543758087513
3.196560952668081
3.196517295372666
3.196517295372666
3.196517295372666
3.196517295372666
3.2167115640695663
3.2167115640695663
3.2167115640695663
3.193493708345592
3.2205583927597363
3.2205583927597363
3.2213228198172943
3.244865229548955
3.244865229548955
3.227191685979272
3.2288683477596423
3.236395471598039
3.236395471598039
3.2225881053579797
3.224308882746125
3.224308882746125
3.224308882746125
3.224308882746125
3.224308882746125
3.246585554985611
3.2457982774228573
3.2457982774228573
3.2464431560513565
3.2464431560513565
3.2464431560513565
3.2464431560513565
3.2464431560513565
3.2513745924286597
3.2513745924286597
3.228055131663041
3.2528902869003566
3.2501617999794754
3.2501617999794754
3.252981370696175
3.252981370696175
3.2627452912304924
3.248135350876126
3.2451785860029
3.2551832808006327
3.2713792640826886
3.259052899824863
3.259052899824863
3.229667617780811
3.229667617780811
3.229667617780811
3.2248312702968427
3.233511017839689
3.231346398674224
3.2357829244251985
3.240668640461322
3.2339145268057963
3.230049235793976
3.2320653157163877
3.244468119433728
3.244468119433728
3.244468119433728
3.2460720778602354
3.242336374413981
3.2340806867247887
3.2340806867247887
3.2340806867247887
3.2340806867247887
3.228700858806853
3.228700858806853
3.228700858806853
3.223964847384169
3.223964847384169
3.218790463823418
3.213844475665272
3.213844475665272
3.2419715142904004
3.2419715142904004
3.2456825293260585
3.237403739199573
3.237403739199573
3.2283819413678128
3.2283819413678128
3.2283819413678128
3.24436577133298
3.241237923543337
3.2282473825688958
3.2282473825688958
3.2282473825688958
3.2282473825688958
3.236900658490167
3.2381422165082427
3.228534264110172
3.2365179505675683
3.217555390288864
3.217555390288864
3.2083591247295336
3.2252285067348234
3.2252285067348234
3.221187134907872
3.221187134907872
3.2428457698970043
3.246744953832786
3.246744953832786
3.2531808736102263
3.227293684575504
3.227293684575504
3.2311500879960455
3.23420784799854
3.2308493872419928
3.2408304059759496
3.2408304059759496
3.2290979948263288
3.2142629176527993
3.2142629176527993
3.2119816731846704
3.2119816731846704
3.2119816731846704
3.2119816731846704
3.2119816731846704
3.1955533963697014
3.1955533963697014
3.231173254564939
3.231173254564939
3.239822928261428
3.237083573440456
3.2207244895442813
3.2272848258711173
3.2272848258711173
3.2272848258711173
3.2167962433487407
3.2262830497980177
3.197292260527624
3.2075207417574036
3.2360512134355353
3.22973565944367
3.230824194083855
3.223862622399966
3.2267429684238103
3.2377856244332373
3.2377856244332373
3.2308206812502895
3.2308206812502895
3.2334810890908146
3.2334810890908146
3.247669309715551
3.247669309715551
3.247669309715551
3.2365861975872714
3.2358961713176995
3.2511239008413617
3.2511239008413617
3.2433780599252606
3.2433780599252606
3.2433780599252606
3.250419411608572
3.250419411608572
3.250419411608572
3.250419411608572
3.250419411608572
3.258536588167042
3.250523161982595
3.250523161982595
3.251496644120361
3.251496644120361
3.251496644120361
3.2258403804733953
3.2264965499491156
3.218194250668013
3.2083051523642765
3.2129391167229393
3.2129391167229393
3.2177921605116344
3.2143649115525204
3.229502701647625
3.229502701647625
3.2406955531280985
3.2406955531280985
3.2406955531280985
3.2301275810460064
3.2301275810460064
3.2301275810460064
3.2301275810460064
3.2339967946559858
3.199767954116786
3.199767954116786
3.2017676818183745
3.2017676818183745
3.2012806545492007
3.2012806545492007
3.2012806545492007
3.2043492646114764
3.2161734829231143
3.2161734829231143
3.2161734829231143
3.2161734829231143
3.2161734829231143
3.2267312997702025
3.214921828470521
3.214921828470521
3.2153534400592654
3.196402810640892
3.2045815416249868
3.2045815416249868
3.2045815416249868
3.2223765174918513
3.225834016622563
3.207740298384242
3.207740298384242
3.2287417337466557
3.2287417337466557
3.222854058934291
3.222854058934291
3.222854058934291
3.2125058322761793
3.2126361053537114
3.2092966418761684
3.189353487489178
3.189353487489178
3.189353487489178
3.2033064434969942
3.2033064434969942
3.220623781011088
3.2371205469708118
3.2371205469708118
3.2371205469708118
3.2408511500375625
3.2408511500375625
3.2408511500375625
3.2100023060471488
3.200438536447506
3.2237064438033487
3.241763172356549
3.2382657762811267
3.2382657762811267
3.2035401616451518
3.2035401616451518
3.212025586789061
3.2116992669699287
3.219162185576698
3.2092853001376467
3.2092853001376467
3.2092853001376467
3.1931466051771973
3.20324076349096
3.222696398442397
3.222696398442397
3.222696398442397
3.222696398442397
3.2118749698145908
3.2098273860194366
3.2322712461573673
3.2409701381789846
3.2409701381789846
3.2421223161285058
3.255018477054018
3.2538694995524673
3.2538694995524673
3.2538694995524673
3.244441545389153
3.234534821162805
3.234534821162805
3.234534821162805
3.234534821162805
3.234534821162805
3.219345644421699
3.2507232996609496
3.2507232996609496
3.2507232996609496
3.2520817478321185
3.262131985192665
3.2689363810102448
3.2689363810102448
3.2562914629100312
3.2324390274809622
3.2324390274809622
3.2846715147029544
3.280372470346964
3.2807379140346473
3.2536928142269934
3.2611995628560884
3.261340068638342
3.261340068638342
3.2564971051623672
3.251399367049083
3.251399367049083
3.251399367049083
3.251399367049083
3.2542209153116817
3.2598255143719133
3.2598255143719133
3.26125798941824
3.26125798941824
3.26125798941824
3.2568973348060766
3.249803128060153
3.249803128060153
3.265973614402963
3.2609346611611856
3.252042368058101
3.269523324587047
3.2441370536883976
3.2441370536883976
3.2367825849133944
3.2387309162846027
3.23752819614797
3.2495405800230484
3.2621424314446594
3.2621424314446594
3.2621424314446594
3.2550959952937983
3.2550959952937983
3.2323148381966345
3.2323148381966345
3.2323148381966345
3.257458426826035
3.247635833975752
3.247635833975752
3.2457804262560632
3.2365426096329073
3.2441969126596475
3.2579735784045516
3.2507452752931663
3.2565928517163245
3.2565928517163245
3.2565928517163245
3.2565928517163245
3.2565928517163245
3.262994637106721
3.262994637106721
3.2673842369073993
3.2673842369073993
3.256945852276055
3.271720867528546
3.259337917750945
3.24955142181148
3.24955142181148
3.24955142181148
3.24955142181148
3.24955142181148
3.248475506714249
3.248475506714249
3.248398224395507
3.248398224395507
3.237783382194419
3.237783382194419
3.2413139105486732
3.2413139105486732
3.2488389882945525
3.2488389882945525
3.231755195598493
3.231755195598493
3.2589214482529227
3.2099372662980445
3.2447287190245926
3.243276173000231
3.243276173000231
3.243276173000231
3.243276173000231
3.2443602679104884
3.2443602679104884
3.2443602679104884
3.2437851384315546
3.2466704324565714
3.247248406622264
3.247248406622264
3.247248406622264
3.247248406622264
3.258271729907794
3.258271729907794
3.258271729907794
3.2501327681200802
3.2501327681200802
3.2551001810140687
3.246645390654539
3.246645390654539
3.246645390654539
3.266887368963561
3.266887368963561
3.276457926962249
3.263023630712618
3.263023630712618
3.240667002403727
3.246433551967799
3.2378976484547097
3.222065402733207
3.222065402733207
3.2281604088356097
3.2394446109457933
3.2394446109457933
3.231161491629486
3.231161491629486
3.2328955506144754
3.254068628127647
3.254068628127647
3.254068628127647
3.251602910347265
3.251602910347265
3.2456987757051103
3.2527060915862465
3.2527060915862465
3.240193303434325
3.238582350308072
3.240960547206307
3.240960547206307
3.240960547206307
3.240918885646335
3.2369247761182214
3.2369247761182214
3.233543740558987
3.226017076734309
3.247869977457307
3.2242188292945846
3.2242188292945846
3.2168239766877953
3.2171018584117594
3.2171018584117594
3.219336584475146
3.2387045158165186
3.2387045158165186
3.21192848614403
3.21192848614403
3.217831789729829
3.217831789729829
3.236247695190123
3.236247695190123
3.2158722968065305
3.2158722968065305
3.2158722968065305
3.2158722968065305
3.232429939830156
3.235790097130244
3.218761762420379
3.221825544122898
3.2303274777667332
3.2312663413106484
3.2312663413106484
3.232751032347141
3.242574581112109
3.242574581112109
3.242574581112109
3.24716406388321
3.24716406388321
3.2400402848021943
3.2400402848021943
3.2372266245065484
3.254935925553853
3.249525690666999
3.249525690666999
3.2389507498183057
3.261634081159579
3.261634081159579
3.2633067494199373
3.245844247855648
3.2520335337910455
3.2541598350995344
3.2589154641811535
3.272964416577913
3.272964416577913
3.272964416577913
3.272964416577913
3.272964416577913
3.2707527155624017
3.2707527155624017
3.2741731992815377
3.2741731992815377
3.2741731992815377
3.2620641547806692
3.2620641547806692
3.2620641547806692
3.2620641547806692
3.2620641547806692
3.2620641547806692
3.2620641547806692
3.2620641547806692
3.2620641547806692
3.2620641547806692
3.2620641547806692
3.236149240280693
3.2409444866769626
3.2409444866769626
3.2455144202579373
3.2540027011278
3.2500820414572584
3.2526540772134265
3.2482288809505837
3.2482288809505837
3.2551623870702273
3.2630267397968815
3.2630267397968815
3.2408304058497817
3.2433083950815975
3.2433083950815975
3.2433083950815975
3.249467783718067
3.249467783718067
3.249467783718067
3.2460974568739536
3.2386693473133032
3.2386693473133032
3.2386693473133032
3.2483565357089645
3.2293244392410334
3.2270538078811755
3.22161141427511
3.22161141427511
3.227376183791014
3.215873608538845
3.215873608538845
3.215873608538845
3.2195665631687245
3.2195665631687245
3.22142031749873
3.2317911797874435
3.245203064219183
3.245203064219183
3.2282885515737663
3.2176318002948747
3.2176318002948747
3.2176318002948747
3.2176318002948747
3.2176318002948747
3.2176318002948747
3.2176318002948747
3.206916432278537
3.21393711643924
3.22870550154785
3.22870550154785
3.22870550154785
3.22870550154785
3.2166528811214232
3.2166528811214232
3.212650385069326
3.212650385069326
3.212650385069326
3.212650385069326
3.2137976935106645
3.2279301915965575
3.2279301915965575
3.234580477993825
3.2219670023556635
3.2448520335896567
3.2448520335896567
3.251293236751317
3.251293236751317
3.2427910347953413
3.2427910347953413
3.2427910347953413
3.241236952648239
3.272304451149618
3.2666595991330563
3.275180763501291
3.275180763501291
3.2548386963562446
3.2548386963562446
3.248240770704692
3.248240770704692
3.248240770704692
3.2440094215440403
3.253801794351737
3.262189684195778
3.262189684195778
3.262189684195778
3.26900554684109
3.2731708922824563
3.2731708922824563
3.2617221104920753
3.2617221104920753
3.2620811923826607
3.262998185536317
3.2702623301815508
3.2702623301815508
3.27027518850224
3.2547715728657263
3.266103467135872
3.266103467135872
3.270852994044911
3.265727517687906
3.265727517687906
3.265727517687906
3.265727517687906
3.265727517687906
3.265727517687906
3.244636209722103
3.2526675821212603
3.2526675821212603
3.2526675821212603
3.2526675821212603
3.229535900706135
3.229535900706135
3.229535900706135
3.238863534108614
3.238863534108614
3.238863534108614
3.2688566467017193
3.238218619966522
3.2481809629611513
3.2481809629611513
3.2339921296945553
3.2339921296945553
3.2515554765569057
3.235074739843744
3.235074739843744
3.242492222331404
3.242492222331404
3.235361725316949
3.2383185849495915
3.2554164502868277
3.2554164502868277
3.266997290138418
3.266997290138418
3.2602597606597343
3.257222495529145
3.2498967708558175
3.2427385365979884
3.2341179145311085
3.2341179145311085
3.2341179145311085
3.2272346415255986
3.2303883193424623
3.228920062892124
3.232394220570596
3.2477787527210866
3.2477787527210866
3.2477787527210866
3.2477787527210866
3.250892497411714
3.250892497411714
3.250892497411714
3.2465856912347153
3.2465856912347153
3.239627376020759
3.239627376020759
3.228028977661441
3.228028977661441
3.2276676388727474
3.2171494875112363
3.2171494875112363
3.2171494875112363
3.2171494875112363
3.2171494875112363
3.2171494875112363
3.216973560330324
3.254613248754565
3.2539307907434267
3.2488823848636947
3.2488823848636947
3.2488823848636947
3.2488823848636947
3.237840890108118
3.237840890108118
3.237840890108118
3.229310000621997
3.229310000621997
3.2423380485571593
3.243574329141636
3.234272117350915
3.251109762186815
3.2555984054459803
3.2555984054459803
3.2555984054459803
3.2396045289619626
3.2396045289619626
3.2396045289619626
3.2396045289619626
3.2412731795077163
3.2412731795077163
3.2625075173879217
3.2549629947202288
3.2549629947202288
3.2549629947202288
3.246257118209483
3.246257118209483
3.2623305541011187
3.2623305541011187
3.2623305541011187
3.2623305541011187
3.2623305541011187
3.257613254051107
3.257613254051107
3.257613254051107
3.257613254051107
3.257613254051107
3.257613254051107
3.257613254051107
3.264783243108583
3.264783243108583
3.2746817114080637
3.260733658763442
3.25704931666342
3.2096731425889153
3.2294250758827796
3.2294250758827796
3.2359476106809955
3.2447949433033316
3.2497864005496933
3.2472184001113007
3.227003046277685
3.227003046277685
3.227003046277685
3.223684551976968
3.2201109857097348
3.2201109857097348
3.2201109857097348
3.214322470050877
3.219804942553987
3.2313170135450178
3.2313170135450178
3.2313170135450178
3.2435793057234448
3.235142927542493
3.2206394204747286
3.2206394204747286
3.2369026327133357
3.221290460719369
3.221290460719369
3.221290460719369
3.215952402495119
3.215952402495119
3.215952402495119
3.215952402495119
3.221309716576269
3.221309716576269
3.2394087621074603
3.2328225334767215
3.2405164761622256
3.234268482215344
3.2307219830092384
3.2307219830092384
3.229364040933006
3.229364040933006
3.229364040933006
3.2345228894018168
3.2455578702302237
3.2455578702302237
3.2532802627620576
3.244146455558316
3.244146455558316
3.2368733939223264
3.2368733939223264
3.2368733939223264
3.2368733939223264
3.2368733939223264
3.224594729396436
3.224594729396436
3.215272359308771
3.2376898953154463
3.2263142723406446
3.2459147960288446
3.2459147960288446
3.2459147960288446
3.2489149671035866
3.252049402557779
3.252049402557779
3.253464884497632
3.2380989103150015
3.253307286649538
3.253307286649538
3.253307286649538
3.253307286649538
3.253307286649538
3.234498557772009
3.234498557772009
3.234498557772009
3.2408164570937497
3.2408164570937497
3.2549638446974405
3.2416401477204735
3.2416401477204735
3.2447425055762973
3.2425691808225183
3.2413699395256255
3.2413699395256255
3.2413699395256255
3.2589853146101464
3.2589853146101464
3.254892987660478
3.254892987660478
3.254892987660478
3.254892987660478
3.254892987660478
3.254892987660478
3.2492395191568035
3.2398248463450416
3.2373733794788944
3.2373733794788944
3.2352618620383296
3.223942153961284
3.2391686597311145
3.2276875009926647
3.232429453779452
3.232429453779452
3.232429453779452
3.227596379873029
3.227596379873029
3.227596379873029
3.227596379873029
3.227596379873029
3.227596379873029
3.242241595288642
3.2417747871644766
3.234021673470578
3.2328600144594133
3.2285015310552767
3.2211233200561935
3.2211233200561935
3.234759018550613
3.221624943912612
3.221624943912612
3.221624943912612
3.224243385471638
3.2419049706786924
3.2370542774621796
3.2417190624773364
3.250470863284336
3.2493066328455282
3.2493066328455282
3.252160860653315
3.2526338883003763
3.2526338883003763
3.2526338883003763
3.2526338883003763
3.266187868591626
3.250979214727354
3.250979214727354
3.266742515264853
3.266742515264853
3.251745933728672
3.248535823760783
3.259253486490383
3.259253486490383
3.2662811723259924
3.2662811723259924
3.2662811723259924
3.2618413586875654
3.2645928800198645
3.2578851963872535
3.2578851963872535
3.2628139302972294
3.2750958201989775
3.2838956790008456
3.2792871921410374
3.2792871921410374
3.2879484938852954
3.2879484938852954
3.2711070551145873
3.2643489981841
3.2643489981841
3.2596337754349616
3.2596337754349616
3.2596337754349616
3.2575958436991304
3.2537360974167493
3.264477971281046
3.264477971281046
3.264477971281046
3.264477971281046
3.26468851317294
3.26468851317294
3.26468851317294
3.26468851317294
3.26468851317294
3.253259823791801
3.253259823791801
3.243365448582349
3.243365448582349
3.244702328435657
3.263479005951964
3.263479005951964
3.242774720445346
3.242774720445346
3.2451348411156586
3.2451348411156586
3.2465302099291145
3.2465302099291145
3.2465302099291145
3.2485406388536666
3.2485406388536666
3.2485406388536666
3.2495213685228976
3.2420264945964465
3.2430253674662084
3.2230754001842334
3.2203743531019144
3.2338447413157083
3.2324937738782586
3.2324937738782586
3.2502432022408057
3.2467702194362347
3.2467702194362347
3.2467702194362347
3.223678693717362
3.223678693717362
3.229250379159113
3.229250379159113
3.229250379159113
3.2292700282359594
3.250271988411245
3.255193027951339
3.2615854084192355
3.2652865500470427
3.2652865500470427
3.259374651478865
3.259374651478865
3.2555147466749927
3.254025456382312
3.254025456382312
3.254025456382312
3.241537531180769
3.259580487599717
3.259580487599717
3.2639524492912804
3.2639524492912804
3.2639524492912804
3.2639524492912804
3.261001976595791
3.261001976595791
3.2620415180452498
3.2620415180452498
3.2620415180452498
3.2611968290968036
3.2542665777118747
3.2542665777118747
3.2643617913206806
3.2754014767994004
3.2848964049548703
3.267500013735421
3.273213609902459
3.273213609902459
3.273213609902459
3.279517397230371
3.264672575001553
3.264672575001553
3.2491835467818997
3.248736834023811
3.2661166705032176
3.2810926934896902
3.26493302361653
3.2645090183439716
3.269063438864802
3.269063438864802
3.263988807459209
3.263988807459209
3.294598503666965
3.294598503666965
3.294598503666965
3.28399875905087
3.2810851075598033
3.2810851075598033
3.2810851075598033
3.2810851075598033
3.2810851075598033
3.2810851075598033
3.278039175068478
3.278039175068478
3.268407960628665
3.268407960628665
3.268407960628665
3.268407960628665
3.268407960628665
3.268407960628665
3.273065466527351
3.30303712355759
3.30303712355759
3.30303712355759
3.2657000175772177
3.2657000175772177
3.2639844472238844
3.2667647044898125
3.247218158572687
3.247218158572687
3.2400247802374125
3.2400247802374125
3.2400247802374125
3.254055600050403
3.254055600050403
3.254055600050403
3.262225765506473
3.275700776036939
3.2730964193595606
3.2730964193595606
3.2811065685539407
3.255347314552673
3.255347314552673
3.255347314552673
3.250014571297387
3.250014571297387
3.250014571297387
3.2611376792490447
3.272086628705507
3.272086628705507
3.2665871356940963
3.2665871356940963
3.255965312605072
3.250605561383531
3.2358773620957892
3.2358773620957892
3.2120453701901686
3.2120453701901686
3.2078507896744033
3.2078507896744033
3.2078507896744033
3.2236621266900243
3.2236621266900243
3.2236621266900243
3.2236621266900243
3.2236621266900243
3.2135474034006815
3.2135474034006815
3.211728300888682
3.220226326659504
3.2239623026485758
3.220556366648834
3.220556366648834
3.220556366648834
3.220556366648834
3.220556366648834
3.2292588827682707
3.2292588827682707
3.2459017685609064
3.209493382948363
3.209493382948363
3.2176922070787692
3.204872298207998
3.221975938168935
3.210585894578721
3.2335993481596974
3.2397848554568105
3.2337972747687176
3.2337972747687176
3.235467764157867
3.2401749601603855
3.2401749601603855
3.2305622661367908
3.2305622661367908
3.2325916690850645
3.2325916690850645
3.2325916690850645
3.2316359842707794
3.2525108882968503
3.254953978492567
3.241869137938161
3.241869137938161
3.241869137938161
3.241869137938161
3.241869137938161
3.241869137938161
3.2604776387468353
3.2604776387468353
3.264686140645175
3.264686140645175
3.264686140645175
3.2609983382932923
3.2525320837750495
3.2691974223703557
3.266249185362655
3.266249185362655
3.2658580625005196
3.277200458714551
3.277200458714551
3.280255210341524
3.280255210341524
3.280255210341524
3.2525298464290433
3.2489219702706094
3.2648558109434136
3.2648558109434136
3.255238839027742
3.2772036399542417
3.2829284655935043
3.2871567240011124
3.2836180801090853
3.2836180801090853
3.2836180801090853
3.2836180801090853
3.2836180801090853
3.253130769312588
3.2642848763240218
3.2503441712500867
3.2503441712500867
3.256601368610482
3.252162188897012
3.257490134584582
3.257490134584582
3.2662655935227596
3.2662655935227596
3.2684609926378205
3.265617884473798
3.2659243437391092
3.2527679122098534
3.269325154619219
3.269325154619219
3.2643564976286963
3.2728062961745623
3.2728062961745623
3.2642931545967984
3.259497008497671
3.259165598480346
3.2599342313515645
3.2599342313515645
3.2599342313515645
3.2599342313515645
3.257620088311728
3.257620088311728
3.257620088311728
3.2561304349239375
3.2561304349239375
3.2561304349239375
3.2429976293912954
3.2429976293912954
3.2429976293912954
3.245150579824045
3.245150579824045
3.245150579824045
3.245150579824045
3.256947651030108
3.256947651030108
3.263141494540677
3.263141494540677
3.263141494540677
3.263141494540677
3.263178147535623
3.260306923114913
3.25458320046716
3.25458320046716
3.2647613434343374
3.2647613434343374
3.2647613434343374
3.2536409006209084
3.2636675901701175
3.2636675901701175
3.2321047588293386
3.2310093517068776
3.2310093517068776
3.2310093517068776
3.2305554824115337
3.2305554824115337
3.2305554824115337
3.226603523312912
3.226603523312912
3.2007995495459856
3.2007995495459856
3.2003441873693053
3.2189037502465814
3.2413735549429257
3.2413735549429257
3.2413735549429257
3.2413735549429257
3.2413735549429257
3.2413735549429257
3.2413735549429257
3.257310136259603
3.2648177101000893
3.270533507047342
3.2637901334937744
3.2571289094453593
3.2543258937802046
3.2543258937802046
3.2543258937802046
3.2417993768855617
3.2417993768855617
3.2417993768855617
3.2417993768855617
3.2419632861690415
3.2419632861690415
3.2419632861690415
3.2419632861690415
3.2419632861690415
3.2297725115927918
3.225598761023965
3.225598761023965
3.21528701997244
3.21528701997244
3.2259421051177255
3.2259421051177255
3.2259421051177255
3.2259421051177255
3.2259421051177255
3.233051228811558
3.2508700293409913
3.2497609187609635
3.2217643875471325
3.2532645543971017
3.2532645543971017
3.2532645543971017
3.2532645543971017
3.2489951219145072
3.2489951219145072
3.2493156565602086
3.254879818035567
3.254879818035567
3.252368314065295
3.250827432796515
3.250827432796515
3.250827432796515
3.250827432796515
3.240869461719115
3.230321573914516
3.230321573914516
3.23801818027286
3.23801818027286
3.23801818027286
3.2339557035441193
3.249966324487662
3.236559792707695
3.236559792707695
3.252468312325917
3.2602194263405786
3.2602194263405786
3.260872545146562
3.260872545146562
3.260872545146562
3.263446800399791
3.2710661644611325
3.2710661644611325
3.2710661644611325
3.2710661644611325
3.2710661644611325
3.2710661644611325
3.2640001418120086
3.2691938986536053
3.2556475397360494
3.2556475397360494
3.263903000491158
3.2622355826545806
3.2477319658502024
3.2477319658502024
3.2477319658502024
3.264317274745506
3.256898555207444
3.256898555207444
3.255373383773558
3.255373383773558
3.255373383773558
3.2448513361135576
3.242153797134126
3.250730694352579
3.250730694352579
3.250730694352579
3.250730694352579
3.246188655164651
3.2444298387193893
3.2444298387193893
3.237651224019206
3.265046040711107
3.269687626459123
3.2708934890943273
3.2708934890943273
3.2365282351375253
3.2384695716316436
3.2384695716316436
3.242529629340413
3.241537955487432
3.241537955487432
3.241537955487432
3.241537955487432
3.2295040111995736
3.233867194260835
3.233867194260835
3.233867194260835
3.233867194260835
3.233867194260835
3.245912637381184
3.2566989118514313
3.259614851802738
3.259614851802738
3.25062802806849
3.25062802806849
3.2365221263696107
3.2365221263696107
3.2331465374238277
3.236008043762214
3.236008043762214
3.21566204329209
3.21566204329209
3.224983830722382
3.2113700452727327
3.2113700452727327
3.244950774653609
3.2127799578035483
3.2149218543121902
3.2149218543121902
3.24249278805837
3.24249278805837
3.2257929527810147
3.2260419670266867
3.2398212902572743
3.2398212902572743
3.2398212902572743
3.2398212902572743
3.2363105656689832
3.2344418163940207
3.2344418163940207
3.2344418163940207
3.2265223461964863
3.234843448050508
3.2418855023815274
3.2529835244948906
3.260821099086453
3.260821099086453
3.260821099086453
3.2497421172846113
3.2497421172846113
3.221937572504738
3.221937572504738
3.221937572504738
3.221937572504738
3.226165103260315
3.212051206442234
3.212051206442234
3.2098704241369
3.2172910219379416
3.2346330822042115
3.2346330822042115
3.2317988483908295
3.2529865647435763
3.2529865647435763
3.221364696500104
3.221364696500104
3.221364696500104
3.221364696500104
3.221364696500104
3.221364696500104
3.2246887444195305
3.2072584002904456
3.2072584002904456
3.2072584002904456
3.2072584002904456
3.2072584002904456
3.218075966986722
3.218075966986722
3.2238382425900514
3.242098602601133
3.242098602601133
3.249686909602718
3.249686909602718
3.249686909602718
3.249686909602718
3.249686909602718
3.249686909602718
3.231995441793866
3.248981946026136
3.247928417215458
3.247928417215458
3.219122030043701
3.2452682465109244
3.234573432399391
3.234573432399391
3.234573432399391
3.230884631953444
3.2307929888851232
3.2358957388988703
3.2358957388988703
3.247185500147174
3.228554341753163
3.219566068019507
3.23150604803388
3.23150604803388
3.2343326000068857
3.24377509625961
3.225664276151661
3.225664276151661
3.225664276151661
3.225664276151661
3.225664276151661
3.225664276151661
3.24769852778646
3.24769852778646
3.2514440998685066
3.2514440998685066
3.2514440998685066
3.2509613752667805
3.2509613752667805
3.2465817436070554
3.2465817436070554
3.241241781456938
3.2347161338601023
3.2347161338601023
3.234163360075298
3.234163360075298
3.2277736345915944
3.2278450274977435
3.2278450274977435
3.2334001190069332
3.227273292889171
3.2339998467977975
3.272569398462179
3.270311543400559
3.267537530258674
3.2808575860361815
3.262837728804501
3.262837728804501
3.2458440989754034
3.236542138114005
3.236542138114005
3.236542138114005
3.230087730548598
3.2408442794160925
3.2334261628077967
3.2334261628077967
3.2434710121552794
3.2434710121552794
3.249940118678256
3.249940118678256
3.249940118678256
3.20171223828082
3.234393613445758
3.234393613445758
3.234393613445758
3.2589829315931365
3.2604222157819467
3.2604222157819467
3.2604222157819467
3.2604222157819467
3.2604222157819467
3.2691524458250845
3.2691524458250845
3.2691524458250845
3.245243169679378
3.245243169679378
3.229871681887647
3.236498662407794
3.2473655733382065
3.2567079207597027
3.2567079207597027
3.2567079207597027
3.2567079207597027
3.2566412585818867
3.227094008251578
3.2366831268755556
3.249284223686349
3.2432465897812803
3.241090562410166
3.241090562410166
3.215245504988821
3.215245504988821
3.2204726209450576
3.227992979264073
3.238902455742087
3.238902455742087
3.231976097537373
3.2314826481394783
3.2314826481394783
3.2314826481394783
3.260884283449931
3.2531514281751734
3.2429497109675633
3.2367108149626826
3.2367108149626826
3.2367108149626826
3.233009050073389
3.237560668791354
3.237560668791354
3.206009805938153
3.2273935617338183
3.2273935617338183
3.23447384848217
3.223010743411495
3.223010743411495
3.2313761110832786
3.2283341781946273
3.2283341781946273
3.2283341781946273
3.2283341781946273
3.2283341781946273
3.2184071079543055
3.2436594417424933
3.2436594417424933
3.2436594417424933
3.2436594417424933
3.234068602880134
3.2142545844613606
3.2300853434097667
3.2300853434097667
3.2135491420813924
3.222797432457996
3.228487112840279
3.2167254283744
3.2167254283744
3.2167254283744
3.2167254283744
3.2167254283744
3.2167254283744
3.2167254283744
3.2167254283744
3.2167254283744
3.2144189030743426
3.2144189030743426
3.214667012972778
3.214667012972778
3.211518841105642
3.2129747980021173
3.1951282101348744
3.1955391931136816
3.206253282927961
3.206253282927961
3.207801945801486
3.220723748109517
3.220723748109517
3.2375951317276295
3.247573682713931
3.2432468224951205
3.2610736295466713
3.26240248187566
3.2487295361728292
3.2487295361728292
3.2246758772343616
3.2246758772343616
3.2246758772343616
3.2246758772343616
3.2246758772343616
3.2246758772343616
3.2246758772343616
3.2246758772343616
3.2246758772343616
3.2350901868456994
3.2350901868456994
3.2371038901367024
3.2351237737548364
3.2351237737548364
3.222977746859092
3.224011286163922
3.2338999244865696
3.226716805808749
3.226716805808749
3.226716805808749
3.219998033437594
3.219998033437594
3.219998033437594
3.221995730436457
3.220488738950987
3.220488738950987
3.220488738950987
3.224308943131983
3.2111963824574525
3.2111963824574525
3.2111963824574525
3.2037391193813356
3.2037391193813356
3.2037391193813356
3.2037391193813356
3.2295414070522326
3.2170140715593867
3.2170140715593867
3.1921817840528988
3.190229699051975
3.2218311314387944
3.2218311314387944
3.2254187881265284
3.2254187881265284
3.2254187881265284
3.2254187881265284
3.2254187881265284
3.233103991365894
3.233103991365894
3.233103991365894
3.247046995531913
3.247046995531913
3.2160431507402976
3.2187011535491155
3.2187011535491155
3.234282596822948
3.234282596822948
3.234282596822948
3.2355264025263932
3.2285304151568828
3.2285304151568828
3.2277400299072885
3.2277400299072885
3.2126521342261407
3.2126521342261407
3.2126521342261407
3.218815016943472
3.218917978638534
3.21292852472281
3.21292852472281
3.21292852472281
3.211233535466845
3.211233535466845
3.211233535466845
3.211233535466845
3.211233535466845
3.209468962260855
3.2173687502972723
3.2173687502972723
3.2173687502972723
3.2173687502972723
3.2303494606850127
3.2303494606850127
3.215321077156346
3.238329991499177
3.238329991499177
3.2453178962369638
3.2453178962369638
3.2427300821445137
3.222979258067617
3.224940168429607
3.224940168429607
3.2163423805805067
3.2163423805805067
3.2085008145250935
3.2417658309149227
3.2370578625669397
3.248903378081391
3.2245905116908795
3.2245905116908795
3.2245905116908795
3.234655435786564
3.2340865743425127
3.2340865743425127
3.2227802270933728
3.2289509247395034
3.2289509247395034
3.2222995578778613
3.2416577909978654
3.2416577909978654
3.2416577909978654
3.2416577909978654
3.215082641894597
3.215082641894597
3.215082641894597
3.215082641894597
3.2268986679331335
3.228455925429606
3.2363691228085334
3.2363691228085334
3.2363691228085334
3.2526142826158417
3.2526142826158417
3.257335177388433
3.257335177388433
3.25762259977231
3.25762259977231
3.25762259977231
3.2426466442656112
3.239914339880035
3.239914339880035
3.261252239642735
3.261252239642735
3.2572886007044173
3.2219402400306807
3.219811096133511
3.226649261795721
3.226649261795721
3.226649261795721
3.237775803834271
3.239342489565629
3.2403556280102843
3.2403556280102843
3.2472103652532853
3.2433154727751683
3.245896390240276
3.2407675138277345
3.2407675138277345
3.218265852719334
3.228882411080029
3.2361120292010845
3.2361120292010845
3.247645333315644
3.236754962480929
3.266754018986239
3.2448545016490775
3.2440696336403096
3.2383742031658618
3.246867785812672
3.244324989834934
3.2397638248560536
3.25264901241406
3.249303752270779
3.249303752270779
3.249303752270779
3.249303752270779
3.249303752270779
3.249303752270779
3.237808750266829
3.237808750266829
3.23298944160589
3.23298944160589
3.2491647073888386
3.2491647073888386
3.2491647073888386
3.2491647073888386
3.2491647073888386
3.2310890749755607
3.2302875056794513
3.2302875056794513
3.2302875056794513
3.2319204328309423
3.225850775452582
3.244195993539631
3.2478859259659036
3.256134372356138
3.2501514108448877
3.2501514108448877
3.2668772674877116
3.2668772674877116
3.2668772674877116
3.258409449541414
3.258409449541414
3.258409449541414
3.284027890040848
3.284027890040848
3.2601151935069774
3.2601151935069774
3.2610594681973835
3.2610594681973835
3.2610594681973835
3.2610594681973835
3.2610594681973835
3.2738954872987303
3.2738954872987303
3.2493404565706494
3.264185476848166
3.2684569602948037
3.2684569602948037
3.2684569602948037
3.2684569602948037
3.2684569602948037
3.2520324056490884
3.2700317731193493
3.258714178551281
3.2568263270616082
3.2605213067531444
3.2605213067531444
3.234476566955802
3.234476566955802
3.2256713714327376
3.209965308389451
3.209965308389451
3.209965308389451
3.209965308389451
3.210806645642652
3.2177163249298744
3.2177163249298744
3.2177163249298744
3.2390135495172436
3.219638272355039
3.228689896473961
3.228689896473961
3.228689896473961
3.228689896473961
3.228689896473961
3.24500073622554
3.2489300212517063
3.238453722028084
3.2402170079615273
3.239049591688578
3.268527789123448
3.268527789123448
3.267761702994344
3.267761702994344
3.237492632361816
3.237492632361816
3.254514303655808
3.243542191507214
3.243542191507214
3.2468753434818702
3.2468753434818702
3.2468753434818702
3.2468753434818702
3.2468753434818702
3.2468753434818702
3.2736425487223983
3.263534411156892
3.257940292389012
3.2608605695000707
3.2608605695000707
3.2608605695000707
3.2601954575236665
3.2410688188116414
3.2492437508538035
3.2492437508538035
3.2492437508538035
3.243381628728243
3.243381628728243
3.243381628728243
3.2636470250989476
3.2562104942656935
3.2368422502119274
3.234605525252787
3.234605525252787
3.221848445581384
3.229194635408795
3.229194635408795
3.229194635408795
3.229152320754038
3.229152320754038
3.240306882003902
3.20233530459062
3.218317997314207
3.218317997314207
3.218317997314207
3.218317997314207
3.225597225545158
3.2360531182605508
3.2360531182605508
3.2470507918476295
3.249888567887259
3.249888567887259
3.249888567887259
3.249888567887259
3.249888567887259
3.2481241967986314
3.2481241967986314
3.2481241967986314
3.2481241967986314
3.259849319750638
3.2904210230414854
3.2820644427494123
3.283322478681156
3.2702811239543874
3.2702811239543874
3.2643930297351043
3.2643930297351043
3.2643930297351043
3.261466781718304
3.2539950463267067
3.249017982134711
3.248456028397795
3.248456028397795
3.2641526117811392
3.2641526117811392
3.2641526117811392
3.256775564614089
3.2631311145142687
3.2576047358754496
3.240318729525064
3.237369605679216
3.2438871610009476
3.2653813898157007
3.2623177755779054
3.2548522777391016
3.2548522777391016
3.2548522777391016
3.2548522777391016
3.247173263813455
3.256437620088933
3.253326674908285
3.253326674908285
3.253326674908285
3.249318839946402
3.249318839946402
3.230223599007054
3.230223599007054
3.232672514445282
3.232672514445282
3.232672514445282
3.232672514445282
3.232672514445282
3.232672514445282
3.2272803139934685
3.2279508124283938
3.2279508124283938
3.2279508124283938
3.2279508124283938
3.2279508124283938
3.2279508124283938
3.23848250932067
3.2336762860490267
3.2336762860490267
3.2275554701252855
3.2275554701252855
3.2419438217290915
3.24352228207397
3.24352228207397
3.24352228207397
3.252236833840841
3.251682677205732
3.2244096403611793
3.2244096403611793
3.2244096403611793
3.2243415604167796
3.2243415604167796
3.2243415604167796
3.2426655114040392
3.2566568327232552
3.251638551550274
3.2465148571534854
3.2470320518923423
3.245033885086768
3.245033885086768
3.245033885086768
3.250020899859527
3.250020899859527
3.2523655081197362
3.2523655081197362
3.2523655081197362
3.2523655081197362
3.2523655081197362
3.2523655081197362
3.2671880469202965
3.245560876072066
3.2510691997967114
3.2510691997967114
3.2670399013454885
3.2790106505868786
3.2823038710078585
3.2823038710078585
3.2440665691085884
3.2502725547148765
3.2502725547148765
3.2502725547148765
3.2502725547148765
3.252286501250437
3.242715811422597
3.242715811422597
3.2477439373858386
3.2477439373858386
3.2477439373858386
3.2477439373858386
3.22899380915333
3.22899380915333
3.2187966225987896
3.242472430397737
3.2402280802530776
3.2402280802530776
3.2402280802530776
3.2347356014734663
3.229207506669464
3.2390534026463835
3.2390534026463835
3.2390534026463835
3.2390534026463835
3.2390534026463835
3.2390534026463835
3.242110687045238
3.242110687045238
3.243206883058012
3.243206883058012
3.240157236183803
3.240157236183803
3.248395475959785
3.231772827506371
3.231772827506371
3.238654892935912
3.238654892935912
3.233185094346312
3.243510463500146
3.2488494072785823
3.2472225420729823
3.2472225420729823
3.2472225420729823
3.2472225420729823
3.242862718065391
3.242862718065391
3.242862718065391
3.246147120940219
3.246147120940219
3.246147120940219
3.2358555869207732
3.25681028188405
3.25681028188405
3.2552202390691556
3.223773391187748
3.227614358540134
3.250785449050295
3.250785449050295
3.250785449050295
3.250785449050295
3.250785449050295
3.250785449050295
3.250785449050295
3.2258053367618764
3.2158374210063854
3.2158374210063854
3.2269150384866534
3.2269150384866534
3.2269150384866534
3.223496376289735
3.2456605435027384
3.2250057384270123
3.236507204963152
3.236507204963152
3.2462118380405895
3.229915566398342
3.229915566398342
3.229047356265946
3.2452608027506193
3.237733190326027
3.2495697260628056
3.249106080395848
3.249106080395848
3.257857558691296
3.257857558691296
3.2593374566997775
3.2593374566997775
3.2397191185547953
3.2498871126129427
3.2429325218236884
3.2329017303696577
3.2329017303696577
3.2174390010050526
3.2174390010050526
3.221909265446878
3.219303705409031
3.219303705409031
3.219303705409031
3.233652579159005
3.221204605998783
3.2269300265870826
3.216598723514626
3.216598723514626
3.216598723514626
3.2103885271566788
3.21639082894191
3.2217739503619134
3.224302714763832
3.224302714763832
3.2206917880661465
3.2206917880661465
3.2206917880661465
3.2206917880661465
3.2273822669907473
3.2324891924736336
3.2324891924736336
3.2324891924736336
3.25492198151797
3.25492198151797
3.25492198151797
3.25492198151797
3.233805878943165
3.233805878943165
3.233805878943165
3.24986486882738
3.24986486882738
3.2485866156788075
3.2485866156788075
3.246005420800979
3.2422013274612063
3.2450575602478064
3.2450575602478064
3.2533221542712574
3.2533221542712574
3.2533221542712574
3.2545619760170554
3.259073666327648
3.285604880000478
3.2901120773439225
3.2747834474784328
3.2747834474784328
3.248120925111366
3.2652270595082995
3.2652270595082995
3.2652270595082995
3.26046320781022
3.26046320781022
3.2772190282535782
3.2772190282535782
3.25952447858186
3.25952447858186
3.25952447858186
3.2580878666150395
3.2580878666150395
3.256235843128952
3.239993833298088
3.239993833298088
3.246367529478628
3.246367529478628
3.246367529478628
3.2504656512857237
3.244877240788919
3.244877240788919
3.244877240788919
3.244877240788919
3.239120288701686
3.246650009899418
3.243280465786592
3.243280465786592
3.243280465786592
3.243280465786592
3.243280465786592
3.226775044654548
3.226775044654548
3.2413716792408747
3.239793466911381
3.239793466911381
3.240050469688494
3.240050469688494
3.2433948018823964
3.2384970732695377
3.2384970732695377
3.236229060683327
3.2335085132645576
3.2199121759442852
3.23127339584651
3.227590674295178
3.227590674295178
3.2258031478161713
3.2258031478161713
3.2258031478161713
3.2258031478161713
3.2154725876016994
3.2154725876016994
3.2162681357819385
3.230945753589844
3.23450892585745
3.2108287806817715
3.2100121099451338
3.217747698826657
3.2256089002730017
3.2256089002730017
3.2256089002730017
3.2256089002730017
3.2256089002730017
3.2256089002730017
3.2350931061386046
3.2350931061386046
3.233854684690329
3.2494329736632266
3.2494329736632266
3.2494329736632266
3.254273483836084
3.2543539852556114
3.2740744693067576
3.2740744693067576
3.2740744693067576
3.2740744693067576
3.2740744693067576
3.280677784870299
3.280677784870299
3.265570585669174
3.270605906032046
3.270605906032046
3.266850853025577
3.2691833685291325
3.2691833685291325
3.273915636518589
3.273915636518589
3.2504762895773607
3.2504762895773607
3.251778481377047
3.251778481377047
3.251778481377047
3.251778481377047
3.26026241018118
3.249698419759996
3.249698419759996
3.249698419759996
3.249698419759996
3.2487254747525713
3.258486828185126
3.246346231390452
3.246346231390452
3.246346231390452
3.246346231390452
3.246346231390452
3.246346231390452
3.246346231390452
3.2636506891284465
3.2636506891284465
3.2636506891284465
3.2636506891284465
3.247267694643173
3.247267694643173
3.2597458857891715
3.2597458857891715
3.2597458857891715
3.2597458857891715
3.2486761240944912
3.2497855190915517
3.2497855190915517
3.2497855190915517
3.2679409518129834
3.2760349513159577
3.264729095817738
3.264729095817738
3.264729095817738
3.2556590771022638
3.2566583569971574
3.24597288780394
3.24597288780394
3.2385529027768665
3.2585143330531903
3.237229226785717
3.2548109749840073
3.2548109749840073
3.2549595792024055
3.2551140836966477
3.262112860361655
3.262112860361655
3.262112860361655
3.262112860361655
3.244773410323802
3.241001465380565
3.247451256807859
3.2555176227687848
3.2555176227687848
3.2555176227687848
3.2462716026972167
3.2462716026972167
3.2462716026972167
3.2467860869313747
3.2467860869313747
3.2673577212042613
3.2673577212042613
3.265719650094109
3.266356636498461
3.2518336427029233
3.2767899886056346
3.257848067811363
3.257848067811363
3.257848067811363
3.257848067811363
3.2520629066028706
3.2520629066028706
3.2520629066028706
3.2416635663298625
3.2416635663298625
3.2416635663298625
3.2563746580216555
3.2563746580216555
3.2563746580216555
3.2389606120894956
3.2389606120894956
3.2389606120894956
3.2389606120894956
3.2383866645544646
3.2343566446567733
3.2343566446567733
3.2343566446567733
3.2681804750202947
3.2681804750202947
3.2681804750202947
3.2681804750202947
3.2715313307599256
3.2715313307599256
3.2708206128223547
3.2708310934006657
3.2708180269183003
3.2708180269183003
3.2535910610691348
3.252003420466865
3.2811398072758067
3.266422792334497
3.2796949007915925
3.2796949007915925
3.2824675300140034
3.2824675300140034
3.2824675300140034
3.2685289992420126
3.2685289992420126
3.2685289992420126
3.266181891004764
3.2667597892528835
3.2667597892528835
3.2540224668350946
3.2540224668350946
3.2380153990106244
3.2380153990106244
3.2380153990106244
3.239816417429126
3.2392643317798973
3.2392643317798973
3.251418895033868
3.2319481816894444
3.2319481816894444
3.2232241464981044
3.2233343620779755
3.2233343620779755
3.2455980199585515
3.2455980199585515
3.2634821042950986
3.2634821042950986
3.2634821042950986
3.2336658443925903
3.2336658443925903
3.2336658443925903
3.2586312857342175
3.2438276508159656
3.233970504006897
3.233970504006897
3.230007629023969
3.2408840494956648
3.241821577137553
3.241821577137553
3.2380491321619838
3.2290795393203497
3.2290795393203497
3.2290795393203497
3.2402072573593945
3.250943107624626
3.250943107624626
3.250943107624626
3.250943107624626
3.269704376874381
3.2773487670463575
3.2773487670463575
3.2772320393729326
3.2801175182110507
3.2801175182110507
3.2722672193479814
3.2738848353181322
3.2739498435398096
3.261414599162494
3.261414599162494
3.261414599162494
3.2464887159809424
3.2416661331948267
3.2326492516112224
3.2486236477749735
3.249474705320917
3.249474705320917
3.2474482884922087
3.2474482884922087
3.234962010255126
3.234592520373157
3.234592520373157
3.234592520373157
3.234592520373157
3.2377336167134487
3.2377336167134487
3.2377336167134487
3.234739548979588
3.233290554339128
3.228914346948067
3.2345571276266
3.2335335035138106
3.227957015227147
3.227957015227147
3.236837258670091
3.248726294762629
3.248726294762629
3.248726294762629
3.248726294762629
3.2619785167793713
3.2619785167793713
3.230793128730477
3.2302007484257036
3.2354757780381753
3.2354757780381753
3.2354757780381753
3.2354757780381753
3.2354757780381753
3.2222243953405982
3.23468319399125
3.23468319399125
3.230460116309212
3.2193306117543057
3.2404721317453826
3.2404721317453826
3.251653081776742
3.251653081776742
3.276123939587819
3.2576499445075484
3.2576499445075484
3.2576499445075484
3.2576499445075484
3.2596542757669926
3.244924126185427
3.2372624634908718
3.2372624634908718
3.2372624634908718
3.2372624634908718
3.2372624634908718
3.229283190070027
3.242799413774775
3.242799413774775
3.242799413774775
3.2616610976885707
3.2708555233230636
3.2708555233230636
3.2399108991655816
3.2399108991655816
3.245101017061944
3.237125086441833
3.237125086441833
3.2249576802276256
3.2249576802276256
3.227404526518854
3.227404526518854
3.227404526518854
3.227404526518854
3.227404526518854
3.2233830587770687
3.2233830587770687
3.2233830587770687
3.2233830587770687
3.236319141572175
3.2295938383697997
3.2365969513774675
3.2361068875035683
3.2361068875035683
3.244080804537701
3.2343241177154316
3.2343241177154316
3.235618194695651
3.241191544608329
3.2377707423863664
3.2377707423863664
3.2202478699522867
3.2202478699522867
3.2202478699522867
3.1997175385162793
3.1997175385162793
3.1924493030208856
3.2171785435669933
3.2225251974175975
3.2225251974175975
3.2225251974175975
3.2398642081605575
3.234557590084829
3.234557590084829
3.237706772524667
3.237706772524667
3.237706772524667
3.227230218913695
3.227230218913695
3.2293744259177624
3.216369108676401
3.212471362400463
3.212471362400463
3.212471362400463
3.205832722049807
3.2037470566180417
3.211003782274819
3.207885547727502
3.207885547727502
3.2011381821826634
3.210730644924106
3.2194229810490804
3.2242464165039237
3.2242464165039237
3.2252302412188274
3.2252302412188274
3.2252302412188274
3.2252302412188274
3.2268616933949743
3.2404687907254046
3.2404687907254046
3.2404687907254046
3.2371536466725352
3.2371536466725352
3.236238332606387
3.236238332606387
3.23129647713077
3.2369947154814738
3.2369947154814738
3.2369947154814738
3.2540111519121844
3.2517399996059053
3.2517399996059053
3.2687953922291415
3.2628494860930792
3.2663346554222064
3.2368100427843953
3.2564427959742335
3.2494633455414537
3.2494633455414537
3.251229395695679
3.251229395695679
3.2336393176011264
3.2336393176011264
3.2336393176011264
3.2326570558780534
3.2328712616094664
3.2328712616094664
3.2328712616094664
3.2328712616094664
3.21861297135269
3.2164801332490875
3.2051310508230766
3.226941334378533
3.2106035006982974
3.2081247801901256
3.2061558088009705
3.2048647110376236
3.204227783286135
3.204227783286135
3.204227783286135
3.204227783286135
3.204227783286135
3.205257810213833
3.205257810213833
3.205257810213833
3.1931391793680395
3.2030007192110768
3.2030007192110768
3.2030007192110768
3.231235683908472
3.2379191899131925
3.2379191899131925
3.2379191899131925
3.237566698604537
3.255446992336944
3.255446992336944
3.255446992336944
3.2565733847565586
3.2549367418878554
3.261089702049436
3.2547569018636646
3.2547569018636646
3.2497399972765946
3.254718359120279
3.256783475138818
3.256783475138818
3.256783475138818
3.264486529484193
3.264486529484193
3.257017551238776
3.257017551238776
3.257017551238776
3.2485889429343486
3.2681097047507395
3.2685303815321567
3.2685303815321567
3.254713306109696
3.254713306109696
3.2360057243612395
3.249668434414938
3.249668434414938
3.254899135303783
3.254899135303783
3.254899135303783
3.25239127830763
3.239268547585372
3.239268547585372
3.2542856880530553
3.2542856880530553
3.2542856880530553
3.2542856880530553
3.2354304533751055
3.2354304533751055
3.244640407669018
3.2427387233137295
3.2240500290069063
3.2240500290069063
3.230352422327228
3.230352422327228
3.230352422327228
3.215947507548184
3.2390596367361773
3.2390596367361773
3.2335078548195684
3.2352085272744717
3.2325425410265725
3.2325425410265725
3.2325425410265725
3.2325425410265725
3.2325425410265725
3.2325425410265725
3.2325425410265725
3.2400807824309688
3.238208901192807
3.238208901192807
3.2495501278567294
3.2495501278567294
3.238099747027254
3.248412837694615
3.252512712193388
3.252512712193388
3.252512712193388
3.2303371854881866
3.2321686997124575
3.2355110939635887
3.258403381420882
3.2389155858403793
3.2389155858403793
3.2389155858403793
3.2262224481653985
3.2262224481653985
3.2262224481653985
3.2262224481653985
3.2262224481653985
3.2262224481653985
3.2262224481653985
3.2289078512387093
3.2289078512387093
3.229852424015457
3.2454439218523095
3.250184362003571
3.2378462781865984
3.227413474148076
3.2330912954297806
3.2330912954297806
3.2309227594148666
3.2309227594148666
3.2309227594148666
3.2309227594148666
3.232328238901419
3.232328238901419
3.220303593434914
3.22980646254778
3.2244756165451154
3.215165312461104
3.215165312461104
3.2231375836930996
3.2320027241122573
3.2320027241122573
3.2320027241122573
3.2390764799888454
3.2390764799888454
3.2390764799888454
3.2467476922669967
3.2474586081590404
3.2474586081590404
3.2629866312179123
3.264993113038143
3.240279599646227
3.240279599646227
3.2436463536120472
3.2436463536120472
3.2436463536120472
3.239411724245189
3.223083148893769
3.223083148893769
3.2187700800444525
3.223306421058921
3.223306421058921
3.2179163012314476
3.2288846391131094
3.2525850965144745
3.2525850965144745
3.250754956488807
3.250754956488807
3.252564647218768
3.252564647218768
3.2411564088629303
3.2360233688370577
3.2389431833070184
3.2389431833070184
3.2320594313077753
3.2320594313077753
3.2320594313077753
3.2320594313077753
3.2281081784877976
3.2326001798696407
3.23006510511897
3.220361821884131
3.220361821884131
3.220361821884131
3.220361821884131
3.220361821884131
3.220361821884131
3.225255327018264
3.225255327018264
3.225255327018264
3.225255327018264
3.225255327018264
3.2117752454107933
3.2289615226132335
3.2289615226132335
3.2515184157144237
3.2515184157144237
3.2515184157144237
3.242263866566752
3.217294981916547
3.2131645830062014
3.2131645830062014
3.2131645830062014
3.2131645830062014
3.230274433647432
3.2324103519008887
3.2324103519008887
3.260097989662911
3.2629687033394617
3.2629687033394617
3.269185979891507
3.269185979891507
3.269185979891507
3.274055228821475
3.274055228821475
3.232046725990488
3.237945460536217
3.236193130000574
3.236193130000574
3.2485850664938334
3.2485850664938334
3.2485850664938334
3.2461815891975534
3.243884301660938
3.2334318240333157
3.2366251192322717
3.2345241835272747
3.2345241835272747
3.240984774895328
3.240984774895328
3.2271535300438767
3.2207186294774797
3.2080739313500874
3.222249394728184
3.222249394728184
3.222249394728184
3.222249394728184
3.222249394728184
3.222249394728184
3.2357326159583675
3.2357326159583675
3.2357326159583675
3.2357326159583675
3.2301522091216515
3.2301522091216515
3.2328899261509023
3.2328899261509023
3.2328899261509023
3.2328899261509023
3.234066702788708
3.2479252176227638
3.2479252176227638
3.2479252176227638
3.2479252176227638
3.2503069742394235
3.2503069742394235
3.2503069742394235
3.2436344765794813
3.2436344765794813
3.2436344765794813
3.2590816954923847
3.2532645159394127
3.2717113244484626
3.2717113244484626
3.2468812874000896
3.2530455245552803
3.2480264218407435
3.2472798774321614
3.2472798774321614
3.2677450959908407
3.257923892886577
3.257923892886577
3.26546298030251
3.26546298030251
3.2528196280737074
3.286577319589615
3.286577319589615
3.2670621296091418
3.270547664370287
3.270547664370287
3.270547664370287
3.2451674374544344
3.2451674374544344
3.2451674374544344
3.2451674374544344
3.2451674374544344
3.2451674374544344
3.2451674374544344
3.245300103247329
3.245300103247329
3.24900940818627
3.24900940818627
3.24900940818627
3.24900940818627
3.24900940818627
3.24900940818627
3.24900940818627
3.24900940818627
3.249047086418614
3.2256983638322616
3.2256983638322616
3.222205724908283
3.222205724908283
3.2126495934135755
3.2126495934135755
3.2103774051923333
3.2103774051923333
3.2103774051923333
3.2103774051923333
3.2103774051923333
3.2250991500451796
3.2415976911286766
3.2315971223376985
3.2567233036204923
3.255431480375727
3.245502114514965
3.2380176650880514
3.228793756725963
3.228793756725963
3.247749518749732
3.2485392124503742
3.2485392124503742
3.2413778513822984
3.2413778513822984
3.240346237673795
3.240346237673795
3.260672213503368
3.2535027121633426
3.2535027121633426
3.2784108329460664
3.2782583460372225
3.2782583460372225
3.277344982299506
3.277344982299506
3.273435445040906
3.273435445040906
3.251998182412529
3.251998182412529
3.251998182412529
3.256658315761311
3.268555190509613
3.254020177943763
3.254020177943763
3.241213253497648
3.2596473480011667
3.2631647744448355
3.268754949775908
3.268754949775908
3.268754949775908
3.2806456850873986
3.2806456850873986
3.2806456850873986
3.280937002225362
3.280937002225362
3.280937002225362
3.260584562857255
3.260584562857255
3.2643030952205643
3.263143934434172
3.263143934434172
3.251212097498962
3.2572003349380756
3.2572003349380756
3.2572003349380756
3.268077253565054
3.256898433933259
3.256898433933259
3.2511530815342473
3.2511530815342473
3.246734071247322
3.2623562229709098
3.2623562229709098
3.2685396338458044
3.2552529780283064
3.2453174392639066
3.2453174392639066
3.253200446203425
3.253200446203425
3.2621498068358066
3.2621498068358066
3.2621498068358066
3.2621498068358066
3.265679501482629
3.2728821342765646
3.27328466895622
3.285048041080642
3.285048041080642
3.2582528079140194
3.2614551240231324
3.2614551240231324
3.2541035683599464
3.2696705810438664
3.2804129393403145
3.2804129393403145
3.282996456494438
3.2753974704920266
3.2753974704920266
3.2788596789234887
3.2788596789234887
3.255753703315827
3.2606567506188
3.2491625333431537
3.2672150782178484
3.272991196924361
3.272991196924361
3.272991196924361
3.2813710749352225
3.2863372333586205
3.2863372333586205
3.2712732186509315
3.267315001366865
3.2681170370093593
3.2681170370093593
3.2681170370093593
3.2681170370093593
3.2804876337186206
3.2804876337186206
3.2804876337186206
3.284985441470264
3.284985441470264
3.2643584123777827
3.2643584123777827
3.2643584123777827
3.271861310163156
3.261179556966764
3.261179556966764
3.2525381602675774
3.2525381602675774
3.2525381602675774
3.2667401020081215
3.2667401020081215
3.2667401020081215
3.244171208463526
3.2367429386813416
3.2367429386813416
3.2367429386813416
3.2367429386813416
3.2367429386813416
3.223791883149173
3.251464301274271
3.251464301274271
3.251464301274271
3.253830191133455
3.2552118627079607
3.2552118627079607
3.2607902386928234
3.2607902386928234
3.2579652337827776
3.258556635445711
3.244291665438989
3.244291665438989
3.257235379474878
3.252901656097928
3.252901656097928
3.262533581871443
3.2516832020597644
3.2516832020597644
3.2516832020597644
3.270837189307001
3.235845301075956
3.238932397428522
3.238932397428522
3.238932397428522
3.2444087446569587
3.2504967650983967
3.2504967650983967
3.2447676014777187
3.2414692278287354
3.236867226335846
3.2579284735686818
3.248923259577856
3.25388713155106
3.2580635269181792
3.2580635269181792
3.2580635269181792
3.275259480751892
3.268215328820749
3.2511438522082723
3.269000008497718
3.269000008497718
3.269000008497718
3.269000008497718
3.269000008497718
3.269000008497718
3.270475175750253
3.270475175750253
3.2670793473570283
3.249254235767869
3.2372853922802522
3.2372853922802522
3.2372853922802522
3.2458180235251017
3.238690655380797
3.238690655380797
3.238690655380797
3.241920224762019
3.240338629902721
3.238070426489116
3.2421092121357504
3.2421092121357504
3.2421092121357504
3.2421092121357504
3.2421092121357504
3.23443063730823
3.23443063730823
3.2238540780383285
3.2183154916396095
3.2183154916396095
3.2288384293326575
3.2107238006778767
3.2118681890140697
3.2118681890140697
3.2118681890140697
3.2573182443564597
3.2603423546940933
3.246173291196023
3.2505193150983738
3.2517838724681205
3.2517838724681205
3.2517838724681205
3.2495696241848178
3.2383292200038167
3.2383292200038167
3.2383292200038167
3.2383292200038167
3.2383292200038167
3.2383292200038167
3.227096835346786
3.227096835346786
3.237423305789811
3.219197366395408
3.228321771003265
3.2288459485282104
3.2288459485282104
3.2288459485282104
3.2288459485282104
3.2337162997502022
3.223641796099779
3.223641796099779
3.221878190596585
3.2273163396657063
3.2273163396657063
3.2273163396657063
3.239095068372075
3.2259153695139355
3.2259153695139355
3.2134374672126187
3.238079205695786
3.2478715798741984
3.2478715798741984
3.2478715798741984
3.247945175935729
3.2442277280159235
3.2328125454366865
3.2328125454366865
3.2324348057615584
3.2177774182867087
3.2177774182867087
3.2177774182867087
3.207366678662798
3.207366678662798
3.221330100487737
3.221330100487737
3.221330100487737
3.2268238487553007
3.236546993463514
3.236546993463514
3.2304535277394053
3.243201736595677
3.243201736595677
3.2392114013178777
3.2392114013178777
3.2392114013178777
3.2392114013178777
3.2392114013178777
3.2392114013178777
3.2392114013178777
3.2392114013178777
3.2464822710001635
3.2464822710001635
3.2464822710001635
3.2447334360881825
3.234173180447945
3.234173180447945
3.220299861873491
3.2374209091066617
3.2374209091066617
3.2319118159766376
3.2319118159766376
3.2528177094631205
3.2528177094631205
3.2528177094631205
3.2528177094631205
3.2471076147070965
3.2471076147070965
3.2430219149333537
3.2368526582151698
3.2368526582151698
3.231213823649224
3.239856508958127
3.239856508958127
3.239856508958127
3.2421506735431733
3.2421506735431733
3.2421506735431733
3.2102350015757275
3.240059773495406
3.240059773495406
3.240059773495406
3.240059773495406
3.240059773495406
3.240059773495406
3.240059773495406
3.240059773495406
3.2369712197562777
3.2323334151528202
3.2323334151528202
3.2323334151528202
3.233965813581312
3.233965813581312
3.2057990575583855
3.2057990575583855
3.2057990575583855
3.209802810400312
3.206751088997569
3.2347565822878623
3.2347565822878623
3.2347565822878623
3.2347565822878623
3.240196274745655
3.228980449356672
3.2149559715022393
3.2149559715022393
3.2210537747993784
3.2210537747993784
3.214895065766581
3.214895065766581
3.230976882222959
3.230976882222959
3.230976882222959
3.230976882222959
3.230976882222959
3.230976882222959
3.230976882222959
3.2348856202629
3.2348856202629
3.235579121868164
3.2298623331180587
3.2298623331180587
3.231069083311406
3.2109744435627228
3.1958476720925644
3.1958476720925644
3.1925537208830117
3.191638980039682
3.191638980039682
3.191638980039682
3.197262568314462
3.197262568314462
3.197262568314462
3.197262568314462
3.211793782110303
3.2377979223142312
3.2226578700897184
3.2190575785868454
3.2198805746948134
3.2198805746948134
3.201955932955266
3.2128874182154132
3.2191765774706007
3.221528129226904
3.2354461435133848
3.2498541105044465
3.241565011889426
3.241565011889426
3.241565011889426
3.236550853719874
3.236550853719874
3.2208692521232525
3.2208692521232525
3.2208692521232525
3.209352759118716
3.2301169888147943
3.216092634154366
3.2031177216971507
3.195459419587167
3.198580315525436
3.198580315525436
3.2132528637565816
3.208408782858009
3.208408782858009
3.214255045537716
3.209254374098409
3.209254374098409
3.215079340759273
3.215079340759273
3.2032250218538074
3.2032250218538074
3.2211882799540366
3.2211882799540366
3.2211882799540366
3.2211882799540366
3.229243720969399
3.227316909798628
3.2273906402667434
3.264348559631245
3.264348559631245
3.250451050956475
3.250451050956475
3.2396441317440465
3.2396441317440465
3.236531564467542
3.248179253269839
3.248179253269839
3.2374601640437826
3.2365372536421537
3.2365372536421537
3.2365372536421537
3.2365372536421537
3.2365372536421537
3.2350062261906873
3.221935980788643
3.221935980788643
3.221935980788643
3.221935980788643
3.2298103499666913
3.2442417128583187
3.2367394583432842
3.2448872862981557
3.2448872862981557
3.2448872862981557
3.2442815361283754
3.258948524660867
3.258948524660867
3.258948524660867
3.2478337273634024
3.2350387483158776
3.2451155358490125
3.2291666472417053
3.2291666472417053
3.2291666472417053
3.2291666472417053
3.2340696433851255
3.2340696433851255
3.2340696433851255
3.2340696433851255
3.234043539824448
3.2379482928238175
3.2379482928238175
3.23944430809484
3.2440249767850746
3.2440249767850746
3.2440249767850746
3.2440249767850746
3.2532765295796424
3.237299808891364
3.237299808891364
3.261825405053572
3.262440634218914
3.262440634218914
3.253860478122581
3.2384575263929665
3.2384575263929665
3.2410598027731203
3.2310078039968673
3.219170899406683
3.230258933467775
3.230258933467775
3.2283554788844517
3.227406446719961
3.227406446719961
3.227406446719961
3.227406446719961
3.256031510545819
3.2476930509673765
3.239350328647486
3.239350328647486
3.2247529135691737
3.226771403031616
3.226771403031616
3.226771403031616
3.226771403031616
3.226771403031616
3.2265907878326123
3.2180112422911127
3.2180112422911127
3.2180112422911127
3.2180112422911127
3.199502974633679
3.199502974633679
3.221338887166138
3.222335692100515
3.222335692100515
3.2068662199666287
3.2109909361596936
3.214600816337885
3.214600816337885
3.214600816337885
3.214600816337885
3.214600816337885
3.214600816337885
3.2294179673644887
3.2133117755864253
3.2133117755864253
3.2206491211901587
3.222999252090881
3.2101366950467587
3.2101366950467587
3.2101366950467587
3.2089547132141147
3.2089547132141147
3.2174691034875784
3.2178177491349533
3.2178177491349533
3.195846756039042
3.2045178717036458
3.2045178717036458
3.209290602627909
3.209290602627909
3.209290602627909
3.209290602627909
3.21291356592165
3.21291356592165
3.21291356592165
3.206734833991574
3.219561215059298
3.219561215059298
3.233742699310435
3.233742699310435
3.233742699310435
3.246468855389185
3.2236567603977564
3.2236567603977564
3.2411766311096115
3.2259132295099264
3.2259132295099264
3.2268173924552013
3.2268173924552013
3.2268173924552013
3.2268173924552013
3.245989344661562
3.219338796656436
3.219338796656436
3.217071818781592
3.217071818781592
3.217071818781592
3.2396739225698212
3.2396739225698212
3.241646918977428
3.241646918977428
3.2283202714302606
3.234036752060767
3.2438635680130528
3.2365227930007854
3.226947545827619
3.226947545827619
3.2285010389044015
3.2285010389044015
3.2285010389044015
3.2386052017745715
3.2386052017745715
3.2386052017745715
3.2380984538705224
3.2380984538705224
3.2380984538705224
3.2380984538705224
3.2380984538705224
3.2380984538705224
3.2473622965659836
3.2473622965659836
3.244958112483905
3.244958112483905
3.241972916280994
3.241972916280994
3.241972916280994
3.2594078665113666
3.2594078665113666
3.2594078665113666
3.2594078665113666
3.2594078665113666
3.256909635055
3.256909635055
3.256909635055
3.249780287042854
3.2494132143692864
3.2494132143692864
3.2494132143692864
3.2494132143692864
3.2494132143692864
3.2533265492091483
3.2533265492091483
3.2533265492091483
3.2533265492091483
3.2533265492091483
3.2533265492091483
3.2533265492091483
3.2533845436576536
3.238465522702002
3.238465522702002
3.238465522702002
3.238465522702002
3.238465522702002
3.250633502145738
3.2542614417862663
3.2542614417862663
3.2487905163012445
3.2487905163012445
3.2445153965105726
3.241536088319679
3.241536088319679
3.241536088319679
3.252688188564638
3.252855377979682
3.252855377979682
3.266463487944809
3.276220182329919
3.276220182329919
3.276220182329919
3.2480759101314702
3.2467175818058753
3.2653493508333566
3.2653493508333566
3.2653493508333566
3.2653493508333566
3.2653493508333566
3.2717604601058428
3.248117168403498
3.2424855982666667
3.252902654273104
3.252902654273104
3.265639653702267
3.254336299506998
3.252502671354681
3.252502671354681
3.2535163368765008
3.2535163368765008
3.2535163368765008
3.247045181299805
3.247045181299805
3.2878861815286657
3.290582719998748
3.2589715161191095
3.2810438393737003
3.296321094058917
3.296321094058917
3.296321094058917
3.2959904730413827
3.2959904730413827
3.2959904730413827
3.2959904730413827
3.284203785425078
3.283364773906523
3.283364773906523
3.2530972342879547
3.2417026512983798
3.259670226230055
3.2623918676922656
3.253256207550615
3.253256207550615
3.2334819866602555
3.2334819866602555
3.2334819866602555
3.242133024607869
3.256201156212588
3.256201156212588
3.252817585514425
3.244865842915266
3.236431122757442
3.236431122757442
3.236431122757442
3.236431122757442
3.2245986791856107
3.2245986791856107
3.2091629975997202
3.2091629975997202
3.2227303017796394
3.2227303017796394
3.2227303017796394
3.2227303017796394
3.2227303017796394
3.2227303017796394
3.2184326804978394
3.2282772530460018
3.228621476620769
3.219723683493014
3.224027897246815
3.224670282112027
3.23042176603546
3.2198620057093947
3.2198620057093947
3.2198620057093947
3.2198620057093947
3.2198620057093947
3.2198620057093947
3.222471866789189
3.222471866789189
3.222471866789189
3.222471866789189
3.222471866789189
3.222471866789189
3.222471866789189
3.2277212067595253
3.2277212067595253
3.235816374124711
3.235816374124711
3.237338447808079
3.242335866682081
3.235230178805257
3.246639917266652
3.2438962836271217
3.2438962836271217
3.2438962836271217
3.2438962836271217
3.255362282040995
3.24279688832334
3.24279688832334
3.2540716797949973
3.2540716797949973
3.2609701426335937
3.2609701426335937
3.2609701426335937
3.2437902841358537
3.254795017402589
3.263757792159853
3.2284596360887265
3.2284596360887265
3.262061142061608
3.262061142061608
3.262061142061608
3.2419542418960954
3.2287625794903763
3.2287625794903763
3.2292878206506255
3.2367868034303737
3.2488459808193233
3.2488459808193233
3.2488459808193233
3.2383753185404
3.219406243206259
3.219406243206259
3.244482421801743
3.244482421801743
3.244482421801743
3.244482421801743
3.244482421801743
3.244482421801743
3.246859180798514
3.246859180798514
3.246859180798514
3.255133047946287
3.255133047946287
3.255133047946287
3.2639708658012303
3.2639708658012303
3.2639708658012303
3.2639708658012303
3.2639708658012303
3.272053485623549
3.272053485623549
3.272053485623549
3.278070643982433
3.278070643982433
3.278070643982433
3.2857054417103027
3.2857054417103027
3.2905895585146507
3.2860764517106418
3.2846588836678223
3.2846588836678223
3.2611510835721162
3.2666646136596644
3.2666646136596644
3.2674574154455573
3.2608229724876865
3.2658729992204267
3.2658729992204267
3.2466404255463637
3.244255650110435
3.244255650110435
3.25385223441463
3.257085396372792
3.257085396372792
3.2550236185622023
3.2606583902003274
3.2606583902003274
3.2606583902003274
3.2606583902003274
3.2620618635875864
3.2620618635875864
3.240053294516289
3.2566804193574965
3.2514260187102466
3.2661227569622406
3.2661227569622406
3.2661227569622406
3.2661227569622406
3.2543582387507333
3.2543582387507333
3.257911047322563
3.257911047322563
3.257911047322563
3.2568058571490934
3.2568058571490934
3.258289709951562
3.2553539986672444
3.2553539986672444
3.231866260781692
3.2502302856286573
3.2502302856286573
3.2320401860487924
3.2320401860487924
3.2320401860487924
3.247162877480672
3.2309214839345
3.2309214839345
3.2295030674964242
3.2295030674964242
3.2323561930092812
3.2323561930092812
3.237398985956893
3.232083662050587
3.232083662050587
3.232083662050587
3.2605156551064023
3.2605156551064023
3.2605156551064023
3.2571834690818244
3.2571834690818244
3.234239898120567
3.234239898120567
3.234239898120567
3.225806210983547
3.2186642231986453
3.2186642231986453
3.2186642231986453
3.2186642231986453
3.2192915575780665
3.2192915575780665
3.2192915575780665
3.2192915575780665
3.2306711724631123
3.2316964972359794
3.2316964972359794
3.22068686375449
3.230485272809848
3.2508009726718927
3.2508009726718927
3.2525661795723524
3.255293152888424
3.255293152888424
3.255293152888424
3.2404384116329945
3.2514154409588985
3.2480919462295437
3.2527023910055473
3.2527023910055473
3.2527023910055473
3.2445919617945886
3.242119887746955
3.242119887746955
3.242119887746955
3.242119887746955
3.242119887746955
3.2411075786762162
3.2458987636850156
3.2396254826425857
3.2501561452423076
3.240014914184285
3.240014914184285
3.240014914184285
3.240014914184285
3.240014914184285
3.2307852908006724
3.2307852908006724
3.2307852908006724
3.2307852908006724
3.246401187534397
3.245840183554741
3.255981232691635
3.2636840054272143
3.2471569493963366
3.2545354670571207
3.2545354670571207
3.2545354670571207
3.2545354670571207
3.2545354670571207
3.2661332434147528
3.279391078457483
3.253353848530395
3.253353848530395
3.247161750583348
3.247161750583348
3.2717787857775837
3.269682081802442
3.2660646055526357
3.255568379687629
3.2458452909389965
3.2625547665315606
3.2625547665315606
3.2625547665315606
3.235131203548539
3.242435970912715
3.242435970912715
3.242435970912715
3.242435970912715
3.242435970912715
3.23927452537476
3.2423979864397867
3.2617810898896984
3.242671923285312
3.242671923285312
3.2414158735743532
3.2363114720795085
3.2363114720795085
3.2363114720795085
3.2244166626046997
3.2244166626046997
3.2424586142371834
3.2335108186822334
3.2335108186822334
3.2335108186822334
3.2278436785469427
3.220777547833725
3.209454226570573
3.209454226570573
3.209454226570573
3.209454226570573
3.209454226570573
3.2131119108936788
3.2339025665073535
3.244737045419099
3.244737045419099
3.244737045419099
3.244737045419099
3.249711794469213
3.2231857293584243
3.2277484877282787
3.2277484877282787
3.225201571977021
3.221819257050073
3.221819257050073
3.2335157485189256
3.2335157485189256
3.2335575514160264
3.2468525672083475
3.2152948681419757
3.2152948681419757
3.213794642560812
3.2242622255764353
3.2242622255764353
3.2242622255764353
3.2242622255764353
3.2242622255764353
3.2259244375603098
3.2256629044303797
3.2475279794510024
3.2475279794510024
3.2427364227858066
3.2427364227858066
3.2422628952244774
3.2289648464132226
3.242649109341221
3.2364776720908277
3.220241479482169
3.220241479482169
3.220241479482169
3.220241479482169
3.220567640596955
3.220567640596955
3.220567640596955
3.231549408484408
3.231549408484408
3.223008640063791
3.229000675085305
3.2303757706389913
3.2303757706389913
3.235712632314554
3.235712632314554
3.243257116157936
3.2376545712191187
3.2376545712191187
3.241037188991037
3.241037188991037
3.241037188991037
3.2493599398978548
3.2432374191465945
3.2432374191465945
3.2432374191465945
3.2579743372878807
3.2537929051515824
3.2537929051515824
3.258342239958434
3.258342239958434
3.258342239958434
3.2494764626113093
3.2494764626113093
3.241893480729066
3.251612162726809
3.251612162726809
3.251612162726809
3.251612162726809
3.251612162726809
3.251612162726809
3.251612162726809
3.237116977969594
3.237116977969594
3.258601503723646
3.258601503723646
3.258601503723646
3.256350453027913
3.234412644411683
3.234412644411683
3.234412644411683
3.24431966927621
