0.11841585747856075
0.11841585747856075
0.11841585747856075
0.11841585747856075
0.11841585747856075
0.11841585747856075
0.11841585747856075
0.11841585747856075
0.11841585747856075
0.11841585747856075
0.11841585747856075
0.11841585747856075
0.11841585747856075
0.11841585747856075
0.11841585747856075
0.11841585747856075
0.11841585747856075
0.11841585747856075
0.11841585747856075
0.11841585747856075
0.11841585747856075
0.11841585747856075
0.11841585747856075
0.11841585747856075
0.11841585747856075
0.11841585747856075
0.11841585747856075
0.11841585747856075
0.11841585747856075
0.11841585747856075
0.11841585747856075
0.11841585747856075
0.11841585747856075
0.11841585747856075
0.11841585747856075
0.11841585747856075
0.11841585747856075
0.11841585747856075
0.11841585747856075
0.11841585747856075
0.11841585747856075
0.11841585747856075
0.11841585747856075
0.11841585747856075
0.11841585747856075
0.11841585747856075
0.11841585747856075
0.11841585747856075
0.11841585747856075
0.11841585747856075
0.11841585747856075
0.11841585747856075
0.11841585747856075
0.11841585747856075
0.11841585747856075
0.11841585747856075
0.11841585747856075
0.11841585747856075
0.11841585747856075
0.11841585747856075
0.11841585747856075
0.11841585747856075
0.11841585747856075
0.11841585747856075
0.11841585747856075
0.11841585747856075
0.11841585747856075
0.11841585747856075
0.11841585747856075
0.11841585747856075
0.11841585747856075
0.11841585747856075
0.11841585747856075
0.11841585747856075
0.11841585747856075
0.11841585747856075
0.11841585747856075
0.11841585747856075
0.11841585747856075
0.11841585747856075
0.11841585747856075
0.11841585747856075
0.11841585747856075
0.11841585747856075
0.11841585747856075
0.11841585747856075
0.11841585747856075
0.11841585747856075
0.11841585747856075
0.11841585747856075
0.11841585747856075
0.11841585747856075
0.11841585747856075
0.11841585747856075
0.11841585747856075
0.11841585747856075
0.11841585747856075
0.11841585747856075
0.11841585747856075
0.11841585747856075
0.11841585747856075
0.11841585747856075
0.11841585747856075
0.11841585747856075
0.11841585747856075
0.11867790488094399
0.11867790488094399
0.11867790488094399
0.11867790488094399
0.11917387868616781
0.11917387868616781
0.11955295706986553
0.11955295706986553
0.1208099172350051
0.12106322109116976
0.12328080980373977
0.12328080980373977
0.12328080980373977
0.12328080980373977
0.123887363401617
0.123887363401617
0.12835135771697115
0.12835135771697115
0.13034060110764698
0.13026881204654717
0.13273132133722068
0.13252405990654814
0.13252405990654814
0.13252405990654814
0.13252405990654814
0.13252405990654814
0.13252405990654814
0.13241214886693534
0.1318976811507768
0.1318976811507768
0.129783071717263
0.129783071717263
0.129783071717263
0.129783071717263
0.12958175143179618
0.12958175143179618
0.12958175143179618
0.1263764217387827
0.12594212166917754
0.1264351730909458
0.1245754701533732
0.1245754701533732
0.1253406594665902
0.1248102602105026
0.12525885159861408
0.12543519090786115
0.12543519090786115
0.12543519090786115
0.12503682332461158
0.12503682332461158
0.12503682332461158
0.12503682332461158
0.12391651348303784
0.12391651348303784
0.12284897591713394
0.12296706883123083
0.12296706883123083
0.12296706883123083
0.12296706883123083
0.12183474342985078
0.12115002451313482
0.12115002451313482
0.12023578666028187
0.11826993438974853
0.11735650021594253
0.11502242570108004
0.11502242570108004
0.11502242570108004
0.11487331677945957
0.11505648335549172
0.11505648335549172
0.11505648335549172
0.11505648335549172
0.11505648335549172
0.11505648335549172
0.11540505648231804
0.11512632823774455
0.1154389633846826
0.1154389633846826
0.1154389633846826
0.11484156040792783
0.11484156040792783
0.11611692712133569
0.11475171312648597
0.11525103547878862
0.11616250139585207
0.11616250139585207
0.11679312408453582
0.11705806077292498
0.11650582411596527
0.11650582411596527
0.1169201491065521
0.1169201491065521
0.1169201491065521
0.1153798561458869
0.11542504573166948
0.11542504573166948
0.11542504573166948
0.11593806680057757
0.11277931838556877
0.1128108941329007
0.11339104566600701
0.11414180395198689
0.11414180395198689
0.11596932918248698
0.11645906492094833
0.11645906492094833
0.11620375910855525
0.11620375910855525
0.11758038968706098
0.11712104563782556
0.11598572632735214
0.11530904738850252
0.11536884691302748
0.1156914240537938
0.1156914240537938
0.1156914240537938
0.1150052988926089
0.11517809773308237
0.11517809773308237
0.11487865868079276
0.11487865868079276
0.11388766394744596
0.11553938331739054
0.1148091857017885
0.1146742431617361
0.1146742431617361
0.11465416327455229
0.11465416327455229
0.11465416327455229
0.11329704487230778
0.11391817215193875
0.11345000840399319
0.11345000840399319
0.11345000840399319
0.11345000840399319
0.1140607961342881
0.1140607961342881
0.11311761286471281
0.11064538475251295
0.11001830104702909
0.11313831557217907
0.11202384596104514
0.11202384596104514
0.11196362702727118
0.11280017051209809
0.11280017051209809
0.11340169966521778
0.1146363687773211
0.11418090987834206
0.11418090987834206
0.11266143849654611
0.11266143849654611
0.11266143849654611
0.11266143849654611
0.11296916161133623
0.11296916161133623
0.11231386408653544
0.11231386408653544
0.11173916200338072
0.11173916200338072
0.11206022960669076
0.11237720824474742
0.11237720824474742
0.11240732701044862
0.11299882702321679
0.1137531013425765
0.1137531013425765
0.11245374069896916
0.11245374069896916
0.11245374069896916
0.11245374069896916
0.11245374069896916
0.11245374069896916
0.11318764511436721
0.11318764511436721
0.11284456689928977
0.11284456689928977
0.11284456689928977
0.11284456689928977
0.11273451349964593
0.11273451349964593
0.11264801170817229
0.1126546528791861
0.1126546528791861
0.11128961256581632
0.1116856457206709
0.11116642977231599
0.11250844188880854
0.11250844188880854
0.11250844188880854
0.11250844188880854
0.11250844188880854
0.11164164567295388
0.11164164567295388
0.11164164567295388
0.11091690748669153
0.11151915625772188
0.11151915625772188
0.11151915625772188
0.11151915625772188
0.112871269376807
0.112871269376807
0.112871269376807
0.11230681840342649
0.11230681840342649
0.11230681840342649
0.11230681840342649
0.11230681840342649
0.11230681840342649
0.11195159323050163
0.11195159323050163
0.11195159323050163
0.11318420184852197
0.11148808020897275
0.11051185333757885
0.11051185333757885
0.11051185333757885
0.11051185333757885
0.11094730340340683
0.10931328992531834
0.10931328992531834
0.10817386560530651
0.10861261607688498
0.1088189214926768
0.1088189214926768
0.1088189214926768
0.1088189214926768
0.10825817436923797
0.10907040979041785
0.11027835582551934
0.11140358849398124
0.11322002447002563
0.11322002447002563
0.11322002447002563
0.11103866501566735
0.11103866501566735
0.11103866501566735
0.11103866501566735
0.11103866501566735
0.11136394863702728
0.11260612525878602
0.11269773884927398
0.1130097304281464
0.1130097304281464
0.1130097304281464
0.11330090045366893
0.11295735127310758
0.11295735127310758
0.11239316811030453
0.1113484559043978
0.1113484559043978
0.11137592245647361
0.11216485007945157
0.11216485007945157
0.11216485007945157
0.11216485007945157
0.11230210394265762
0.11230210394265762
0.11230210394265762
0.11057648662519932
0.11057648662519932
0.11057648662519932
0.11057648662519932
0.11014621247037068
0.11014621247037068
0.10999313560377903
0.11085625348744362
0.11063029140421006
0.11153861111317241
0.11067288967181427
0.11067288967181427
0.11119161246372503
0.11119161246372503
0.11119161246372503
0.11247854321572869
0.11247854321572869
0.11198177322374916
0.11222381992210498
0.11177016639528327
0.11133255325287797
0.11304994124544838
0.11321410525959712
0.11381288318896175
0.1136052365197854
0.1136052365197854
0.11195056072964202
0.11195056072964202
0.11195056072964202
0.111263723725495
0.11304290217117227
0.11273137839272691
0.11273137839272691
0.11141681013875286
0.11281683521828854
0.1106591033061398
0.1106591033061398
0.11053702368394362
0.11053702368394362
0.11053702368394362
0.11124098893894305
0.11155130766343767
0.11155130766343767
0.11211391424825023
0.11211391424825023
0.11211391424825023
0.11211391424825023
0.11141205054957162
0.11141205054957162
0.11141205054957162
0.11141205054957162
0.1114444186424304
0.1126875917137521
0.11167173355262597
0.11244418071725806
0.11244418071725806
0.11244418071725806
0.11253662810685289
0.1125994667053558
0.1125994667053558
0.11281963506596554
0.11281963506596554
0.1121445852317048
0.1121445852317048
0.1121445852317048
0.1121445852317048
0.11202457494537775
0.11224077504537623
0.11224077504537623
0.11224077504537623
0.11224077504537623
0.11333572569044266
0.11397887555476452
0.1138338445695601
0.1138338445695601
0.1138338445695601
0.1138338445695601
0.1138338445695601
0.1138338445695601
0.11167521050163232
0.11167521050163232
0.11156441757144898
0.11146888397861733
0.11163399202134365
0.11104568749911573
0.11104568749911573
0.11121427201444264
0.11114950828648683
0.11114950828648683
0.11114950828648683
0.11114950828648683
0.10950312734394255
0.10950312734394255
0.1106417625541593
0.1106417625541593
0.1106417625541593
0.1106417625541593
0.11232716506240893
0.11232716506240893
0.11170510139093609
0.11170510139093609
0.11170510139093609
0.11170510139093609
0.11251806674090226
0.11251806674090226
0.11251806674090226
0.11251806674090226
0.11251806674090226
0.11251806674090226
0.11251806674090226
0.11267634807865695
0.11093806598691477
0.11079089928914257
0.11279057096856901
0.11279057096856901
0.11252699341855957
0.11329382488178172
0.11324316266384095
0.11324316266384095
0.11324316266384095
0.11348880887807805
0.11348880887807805
0.11348880887807805
0.11348880887807805
0.11226273738026982
0.11242989010663641
0.11242989010663641
0.11168910825938665
0.11120122992539315
0.11120122992539315
0.11120122992539315
0.11019772035095861
0.11019978081938203
0.10924810442789494
0.10911694356862417
0.11021391445791417
0.11021391445791417
0.10992069941803317
0.10992069941803317
0.10992069941803317
0.11215714940924551
0.11016936441103885
0.1093117951167189
0.1093117951167189
0.10934491319827158
0.11084322854708223
0.10992197943618338
0.11145359085231592
0.11192214883092845
0.11192214883092845
0.1115006520009521
0.11185047605015322
0.11219456187809226
0.11256082674624136
0.11256082674624136
0.11146020552974881
0.11146020552974881
0.11146020552974881
0.11193367472821614
0.1121663886554567
0.11116678400400098
0.11260386250785458
0.11190489496752459
0.11190489496752459
0.11103320107391178
0.11103320107391178
0.11103320107391178
0.11103320107391178
0.11103320107391178
0.11103320107391178
0.11005448661507536
0.11058931392993634
0.11024873620356113
0.11028893528888113
0.11005426599579694
0.11005426599579694
0.1106065694405016
0.11146882050201842
0.11272619266290926
0.11179800793984203
0.1108288904534558
0.1096306204954536
0.10885585041898586
0.10837518250063784
0.11063842431903245
0.11153567523231592
0.11301910159917983
0.11301910159917983
0.11301910159917983
0.11292632874307845
0.11139450231593571
0.11139450231593571
0.11068553240108973
0.11139062255949983
0.11139062255949983
0.11139062255949983
0.11139062255949983
0.11119978086834419
0.11119978086834419
0.11119978086834419
0.10817860173589212
0.10929152985858988
0.10903969847871633
0.10992205999143577
0.10959607323960252
0.10959607323960252
0.10959607323960252
0.10996962475387421
0.11095016101547192
0.11095016101547192
0.11110211738189119
0.11110211738189119
0.11027711884997655
0.10954738777254733
0.10952183988869757
0.11021293579624575
0.11053589145945211
0.10975942605730621
0.11018892255749388
0.11018892255749388
0.10898784529670506
0.10898784529670506
0.1083472149472294
0.1083472149472294
0.10827980853247544
0.10827980853247544
0.10911724450614115
0.10911724450614115
0.11113904223277177
0.11004167910701798
0.11004167910701798
0.11140472129107533
0.11140472129107533
0.11170359428214427
0.11170359428214427
0.11170359428214427
0.11170359428214427
0.1111161131499634
0.11052940946729274
0.11052940946729274
0.11052940946729274
0.10994134694227402
0.11063618681085673
0.11063618681085673
0.10959674358302508
0.110403413289729
0.110403413289729
0.110403413289729
0.10845024973758972
0.10890072460417537
0.11110348110319355
0.11110348110319355
0.11110348110319355
0.11110348110319355
0.11065788559613032
0.11065788559613032
0.10980762431114599
0.10946998921282151
0.10983258067535097
0.10890233940541683
0.10890233940541683
0.10890233940541683
0.10815764053264243
0.10969488725076597
0.10968225529046961
0.10889008689722621
0.10889008689722621
0.10949289343056903
0.10949289343056903
0.10949289343056903
0.10968122063811934
0.1077815618113656
0.1077815618113656
0.10818470986371088
0.10851911951110643
0.1090221128127904
0.10900908294305066
0.10900908294305066
0.10867001485052585
0.10843293902409121
0.10843293902409121
0.10941483606116045
0.10941483606116045
0.10941483606116045
0.10874527824822074
0.10874527824822074
0.10889030924735967
0.10889030924735967
0.1090026339481054
0.1090026339481054
0.10848870116201285
0.1106253356383093
0.1106253356383093
0.1106253356383093
0.1106253356383093
0.1106253356383093
0.1106253356383093
0.1106253356383093
0.1106253356383093
0.11094084885326637
0.11195102482613621
0.11169241760443208
0.11120268651064992
0.11120268651064992
0.11120268651064992
0.11187632416526173
0.11187632416526173
0.11187632416526173
0.11272517705092104
0.11170124318849527
0.11181621271774113
0.11181621271774113
0.11181621271774113
0.11181621271774113
0.11149999343184744
0.11149999343184744
0.11152304761246803
0.11152304761246803
0.1099893044082978
0.1127793203410529
0.11187530239822972
0.10973226720428508
0.10973226720428508
0.11072036685117222
0.10989480800120516
0.10989480800120516
0.10989480800120516
0.10989480800120516
0.10989480800120516
0.10989480800120516
0.11072290471119493
0.11072453958615998
0.11081277192283026
0.11081277192283026
0.11081277192283026
0.1113423881593723
0.11218327892192997
0.11218327892192997
0.11218327892192997
0.11218489681671477
0.11289591701211184
0.11289591701211184
0.11372721068544397
0.11372721068544397
0.11372721068544397
0.11382561477920541
0.11346919425548155
0.11418345089755302
0.11375811345423394
0.11304477704310385
0.11304477704310385
0.11304477704310385
0.11270587348239276
0.11252374373438277
0.11101378836729858
0.11101378836729858
0.11079498378365862
0.11079498378365862
0.11023435919372138
0.11023435919372138
0.1086354214245233
0.10989796806844529
0.10989796806844529
0.10989796806844529
0.10944417198401737
0.10845815130221743
0.10861010608133105
0.10861010608133105
0.1095428715061823
0.1095428715061823
0.10973758793481474
0.11081547440652548
0.10996408870063575
0.11067795813766702
0.11067795813766702
0.11067795813766702
0.10993400960872833
0.11131136265473741
0.11131136265473741
0.11046522413322613
0.11046739046247267
0.11046739046247267
0.11112958275348635
0.11075157976496446
0.11054578294559265
0.11054578294559265
0.10991385046293743
0.10991385046293743
0.10974655472007568
0.1115759729198657
0.1115759729198657
0.11190529497898494
0.11057778437947716
0.11057778437947716
0.11057778437947716
0.11057778437947716
0.1108212032495819
0.1117710855357151
0.1117710855357151
0.1117710855357151
0.1117710855357151
0.1117710855357151
0.1117710855357151
0.1092550724655538
0.10904585385631174
0.10853718994641982
0.1099419308986237
0.10909131791379378
0.1090229192379412
0.11192484401736669
0.11210852966548353
0.11235298144871331
0.11258028722179811
0.11229551327336103
0.11256047478670393
0.11256047478670393
0.11256047478670393
0.11256047478670393
0.11256047478670393
0.11256047478670393
0.11201249514024976
0.11201249514024976
0.1116845355645072
0.1116845355645072
0.11375732910559218
0.11394463846713576
0.1128846455422562
0.11184617302162138
0.1109517484326974
0.11094603570294255
0.11094603570294255
0.11161701776288621
0.11195879575913308
0.11350840764451399
0.11350840764451399
0.11350840764451399
0.11350840764451399
0.11212154428549961
0.11388051669506184
0.11223886512587963
0.11223886512587963
0.11212394891400118
0.11214303306155005
0.11257899667165223
0.11240618543675242
0.11240618543675242
0.11213382427942682
0.11239440270922584
0.11183261579492572
0.11123068718714176
0.11245285898225547
0.11245285898225547
0.11366678388972826
0.11436479099461758
0.11287327776534296
0.11413879755622906
0.1130242340737304
0.1130242340737304
0.1130242340737304
0.11241640362072755
0.11241640362072755
0.11241640362072755
0.11241640362072755
0.11132140907904033
0.11132140907904033
0.11121387074689382
0.11121387074689382
0.11121387074689382
0.11091853480441366
0.11091853480441366
0.1102608938783875
0.1131471915650355
0.1121180850660393
0.11341848460183508
0.11341848460183508
0.11341848460183508
0.11488105165505118
0.1125539503604089
0.1125539503604089
0.1125539503604089
0.1125539503604089
0.11216611037152026
0.11272390368161403
0.11272390368161403
0.11272390368161403
0.11372973885083687
0.11372973885083687
0.11372973885083687
0.11372973885083687
0.11475992987666421
0.11475992987666421
0.11475992987666421
0.11522081996131585
0.11494476210420436
0.11465236137989568
0.11467051503793403
0.11370490164187982
0.11319457493107163
0.11307150221555716
0.11307150221555716
0.11295828299363457
0.11295828299363457
0.11295828299363457
0.11211368980472981
0.11211368980472981
0.11130463607736292
0.11115155248901026
0.11188038970677242
0.11205471483260987
0.11104907029015612
0.11142708477197096
0.11287133578121679
0.11287133578121679
0.11094866620326616
0.11165336001877234
0.11127651944504349
0.11161708617541326
0.11156843613614842
0.11250654581739987
0.11330766382095397
0.11267326771193718
0.11247562865671565
0.11247562865671565
0.11247562865671565
0.11247562865671565
0.11247562865671565
0.112144742127347
0.11200234215010342
0.11200234215010342
0.11200234215010342
0.11200234215010342
0.11313695745254365
0.11355332966148819
0.11355332966148819
0.11314204744133924
0.11190406288579875
0.11429989618194164
0.11429989618194164
0.11404952334112649
0.11404952334112649
0.11230456751926843
0.11230456751926843
0.11230456751926843
0.11230456751926843
0.11324244366674999
0.11191366684085471
0.11162285294563111
0.11162285294563111
0.11133683162597845
0.11293803832306129
0.11157652143996494
0.11212302833050836
0.11212302833050836
0.11126173247512117
0.1117943384228422
0.1117943384228422
0.11287744031364408
0.11287744031364408
0.11287744031364408
0.11287744031364408
0.11352974847430647
0.11371827866486842
0.11371827866486842
0.11416357604449501
0.11416357604449501
0.11380199638826435
0.11374961877208838
0.11202556245736621
0.11305766587916496
0.11421725109848654
0.11370442039882288
0.1136670838115581
0.1136670838115581
0.1136670838115581
0.1136670838115581
0.11369039128713407
0.11369039128713407
0.11385335723463277
0.11385335723463277
0.11385335723463277
0.1136028056599483
0.11226610552336862
0.11269787258766407
0.11269787258766407
0.11362349942146184
0.11362349942146184
0.11457119268270242
0.11164138821609022
0.11269589864392494
0.11266521906718505
0.11253782849097707
0.11253782849097707
0.11147955399137593
0.1118677193341687
0.11297648090698073
0.11297648090698073
0.11297648090698073
0.11268556692614794
0.11268556692614794
0.11268556692614794
0.11319108930637577
0.11301518070024925
0.11239695314163783
0.11239695314163783
0.11224792901363065
0.11217427951254225
0.11310105922358926
0.11310105922358926
0.11310105922358926
0.11310105922358926
0.11310105922358926
0.11158264292551816
0.11275857070085145
0.11275857070085145
0.11172745322853257
0.11172745322853257
0.11113105685465466
0.11135549176148964
0.11135549176148964
0.10924885029568328
0.11120405426608262
0.11124036058783106
0.11124036058783106
0.11124036058783106
0.11186340755451628
0.11186340755451628
0.1110673388559284
0.1104977026640703
0.1104977026640703
0.1104977026640703
0.1104977026640703
0.11154310938017245
0.11216153234516558
0.11216153234516558
0.11203423134271419
0.11398543727162008
0.11398543727162008
0.11398543727162008
0.11393683060566717
0.11356107247865027
0.11214718347703392
0.11214718347703392
0.11214718347703392
0.11214718347703392
0.11214718347703392
0.11214718347703392
0.11214718347703392
0.11214718347703392
0.11222985115750118
0.11222985115750118
0.11117939182383876
0.11113281914332435
0.11075740236591138
0.11075781591497337
0.11075781591497337
0.11075781591497337
0.11428141903967505
0.11428141903967505
0.11322659328272536
0.11322659328272536
0.11252155684069896
0.11271083180919912
0.11271083180919912
0.11176293951127975
0.11176293951127975
0.11297001350932184
0.11297001350932184
0.11305849206644679
0.1134648725409577
0.11305312382701659
0.11294293559667688
0.11294293559667688
0.11108457023772125
0.11131847033565809
0.11131847033565809
0.11131847033565809
0.11131847033565809
0.11250313714629273
0.11250313714629273
0.11204378815560093
0.11204378815560093
0.11225430112031166
0.1130071413199848
0.1130071413199848
0.1130071413199848
0.11391857089467858
0.11391857089467858
0.11337769055680469
0.11337769055680469
0.11343896614683976
0.1124727838706518
0.11306642102355821
0.11407711806072983
0.11363124017701173
0.11232858668301837
0.1117810172179374
0.11132843615363289
0.11239579346380267
0.11239579346380267
0.11175594036791882
0.11211432544767462
0.11211432544767462
0.11287141366016722
0.11287141366016722
0.11419097230023553
0.11419097230023553
0.11419097230023553
0.11419097230023553
0.11238249264832949
0.11238249264832949
0.11231546509858224
0.11274162899167176
0.11303991743817389
0.10901282406813129
0.10901282406813129
0.10901282406813129
0.11052086397638601
0.10901764847364018
0.11091242912514307
0.1114109004050167
0.11059839852074792
0.11059839852074792
0.11059839852074792
0.1122454154930081
0.1122454154930081
0.11196646140375005
0.11196646140375005
0.11196646140375005
0.11196646140375005
0.11080306535046752
0.11080306535046752
0.11080306535046752
0.11323791259152144
0.11323791259152144
0.11323791259152144
0.11323791259152144
0.11224361870979913
0.11224361870979913
0.11273069426494074
0.11195182460360678
0.11195182460360678
0.11195182460360678
0.1119593369546162
0.11108044855211553
0.11201457604043875
0.11201457604043875
0.1112737259295832
0.1112737259295832
0.11097250875880649
0.11097250875880649
0.10979573686557356
0.11020981197190476
0.11020981197190476
0.11090883366780234
0.11090883366780234
0.11074597916136641
0.11074597916136641
0.11073360841691572
0.11073360841691572
0.11073360841691572
0.11073360841691572
0.10996605761412484
0.11007254098216668
0.11007254098216668
0.10984946463331216
0.10984946463331216
0.11075539974063735
0.1105774916482059
0.11020490105674342
0.11020490105674342
0.111068844593043
0.111068844593043
0.111068844593043
0.111068844593043
0.1107637876748738
0.10928838584385084
0.10877637222071625
0.10865649747306654
0.10865649747306654
0.11054546538241138
0.11062971797554749
0.11016233109900923
0.11016233109900923
0.10950538018993887
0.10950538018993887
0.11005193375578932
0.11005193375578932
0.10922306336283122
0.10881848262656599
0.1103292761277744
0.11073934893582098
0.11016868131509167
0.11082381316445607
0.11082381316445607
0.11051566083176816
0.11080960257947106
0.11080960257947106
0.11080960257947106
0.11188314672707272
0.11188314672707272
0.10937602372412938
0.11159719875035073
0.1104200186441676
0.1104200186441676
0.1104200186441676
0.1104200186441676
0.11003556915150534
0.11103615890184244
0.11087519487791828
0.11060277618360656
0.11060277618360656
0.11060277618360656
0.11060277618360656
0.11131497810546401
0.11155675983581227
0.11155675983581227
0.11155675983581227
0.11155675983581227
0.11155675983581227
0.10996549601453436
0.1102508760575553
0.11085855577156281
0.1093201570522775
0.10922925912237584
0.10924734519535959
0.10924734519535959
0.10821857123657898
0.10821857123657898
0.10958967126012527
0.11001824214076272
0.11001366396460653
0.11068028961426525
0.10766998160063684
0.1071682371557806
0.1071682371557806
0.1071682371557806
0.10693901841329359
0.10693901841329359
0.10894379334414411
0.10935460958891542
0.1089464324954369
0.11024868357841244
0.10826659499766021
0.10826659499766021
0.10826659499766021
0.10826659499766021
0.10826659499766021
0.10826659499766021
0.11094607536762968
0.10920834143951036
0.11048311052319232
0.11048311052319232
0.10981386189615273
0.11072024152048822
0.11072024152048822
0.11100350365698626
0.11100350365698626
0.11075477661433457
0.11066325364192021
0.11066325364192021
0.11049777790842912
0.1093929746712942
0.1093929746712942
0.1093929746712942
0.11077033281230524
0.10962956824386061
0.1099117946681335
0.1099117946681335
0.11047670690380398
0.11047670690380398
0.10753030452290874
0.10753030452290874
0.10731564564818737
0.10731564564818737
0.10731564564818737
0.10731564564818737
0.10731564564818737
0.10830647898404805
0.10830647898404805
0.10916736623846159
0.10916736623846159
0.10916736623846159
0.10916736623846159
0.10916736623846159
0.11057739212051104
0.10883432227107626
0.10845207070049845
0.10677775541528683
0.10695317164340963
0.10695317164340963
0.10695317164340963
0.10834159014905041
0.10740302748569666
0.10740302748569666
0.10740302748569666
0.10740302748569666
0.10701871590983487
0.10673192233645779
0.10673192233645779
0.10775545623563677
0.10775545623563677
0.10775545623563677
0.10800995160997966
0.10681242760887702
0.10681242760887702
0.10670224074441624
0.10724941664371367
0.10724941664371367
0.10629068392500056
0.10629068392500056
0.10639126170485405
0.10639126170485405
0.10657574340479466
0.10657574340479466
0.10657574340479466
0.10657574340479466
0.10659316588511006
0.1059673955462692
0.1059673955462692
0.10671459811861217
0.10671459811861217
0.10671459811861217
0.10712056668455404
0.10712056668455404
0.10712056668455404
0.10679162965475525
0.10679162965475525
0.10612669125667178
0.10765652790952995
0.10863592319138538
0.10863592319138538
0.10817599053350466
0.10965152794363187
0.10965152794363187
0.1103748394505352
0.10871640114905412
0.10871640114905412
0.11001007794308366
0.1089183588294757
0.10919988206719586
0.10919988206719586
0.10919988206719586
0.10763640205326713
0.10695048658959372
0.10870336949592306
0.10870336949592306
0.10733972013231569
0.10728372026254163
0.10728372026254163
0.10728372026254163
0.10665533296468084
0.1062994103630231
0.1062994103630231
0.1062994103630231
0.1062994103630231
0.10791463429367079
0.10805230874754539
0.10782630606863021
0.10814639234398538
0.10814639234398538
0.10755605182436052
0.10755605182436052
0.10755605182436052
0.10755605182436052
0.10755605182436052
0.10703633761552303
0.1075689470607568
0.10756647720949826
0.10756647720949826
0.10756647720949826
0.10756647720949826
0.10509249437931485
0.10509249437931485
0.10509249437931485
0.10632234096817891
0.10557555527796869
0.10557555527796869
0.10525858623620302
0.10626624768301132
0.10723990276386759
0.10668629734227053
0.10668629734227053
0.10476918715637577
0.10476918715637577
0.1040415277064625
0.1040415277064625
0.1040415277064625
0.1040415277064625
0.1045288270155672
0.10460938503164464
0.10741618772378733
0.10741618772378733
0.10698551846843347
0.10595080732613467
0.10696214031921103
0.10696214031921103
0.10579853736052601
0.10579853736052601
0.10637217342212013
0.10644609034956447
0.10568321706618779
0.10568321706618779
0.10568321706618779
0.10655594338967128
0.10660476008641416
0.10617709970643974
0.10617709970643974
0.10700083423009321
0.10700083423009321
0.10700083423009321
0.10772800625156809
0.10722526368871083
0.10779507154844456
0.10589928135910243
0.10589928135910243
0.10589928135910243
0.1055868991886976
0.1055124792298191
0.10460333686342325
0.10460333686342325
0.10460333686342325
0.10481566364509912
0.10481396152295178
0.10481396152295178
0.10511942053300755
0.10529243568996591
0.1052082795265306
0.10595874928755049
0.10659072901446492
0.10659072901446492
0.10659072901446492
0.10659072901446492
0.10659072901446492
0.10659072901446492
0.10659072901446492
0.10659072901446492
0.10592536500405113
0.105786468828898
0.105786468828898
0.10575803353087991
0.10744782289393875
0.10760083995812414
0.10645120857116241
0.10645120857116241
0.10645120857116241
0.10710693537175085
0.10690750506375359
0.10690750506375359
0.10713784447522995
0.10713784447522995
0.10790848453349998
0.10790848453349998
0.10790848453349998
0.10790848453349998
0.10822250361234609
0.10867305547379004
0.10753428733122534
0.1083290391200782
0.1083290391200782
0.10749776420898755
0.10749776420898755
0.10749776420898755
0.10749776420898755
0.10782773028713613
0.10782773028713613
0.10782773028713613
0.10789697489320974
0.10789697489320974
0.10754894434303054
0.10754894434303054
0.10694200418146826
0.10698107763976626
0.10721904654473642
0.10829851790848843
0.10829851790848843
0.10829851790848843
0.10829851790848843
0.10788690270734455
0.10714029774504799
0.1080624700977864
0.10570946745027009
0.10570946745027009
0.10570946745027009
0.1066490482360017
0.10641178018198563
0.10641178018198563
0.10597360029686466
0.10597360029686466
0.10603745149519855
0.10684053478654741
0.10684053478654741
0.10684053478654741
0.10583923122961184
0.10583923122961184
0.10516648192277282
0.10516648192277282
0.10484072937405345
0.10355395176377506
0.1048275352984451
0.10448431472676975
0.10448431472676975
0.10448431472676975
0.10448431472676975
0.10495216723867497
0.10495216723867497
0.10495216723867497
0.10495216723867497
0.10482714219212119
0.10484692373387552
0.1058061999863565
0.10582911390427331
0.10582911390427331
0.10582911390427331
0.10582911390427331
0.10582911390427331
0.1063678809214912
0.10451321706869239
0.10488636643087558
0.10405368942311656
0.10405368942311656
0.10542959628283785
0.10542959628283785
0.10542959628283785
0.10507616227250056
0.10396225172012494
0.10396225172012494
0.10373661798632425
0.1033619877814794
0.10294123236275934
0.10294123236275934
0.10294123236275934
0.10294123236275934
0.10294123236275934
0.10289155224602878
0.10440595644034786
0.10440595644034786
0.10406195637243075
0.10535538637123762
0.10535538637123762
0.10529113267734865
0.10529113267734865
0.10529113267734865
0.1057950537400308
0.10456412529351514
0.10621439000434367
0.10621439000434367
0.1080958659427413
0.1080958659427413
0.10667697281355855
0.10667697281355855
0.10719717501299733
0.10721249799469504
0.10721249799469504
0.10734946942979139
0.10734946942979139
0.10567196743602479
0.10567196743602479
0.1043635341385518
0.1043635341385518
0.10436864746402093
0.1036805722171757
0.10452932916099486
0.10630995823495822
0.10533833043993979
0.10509732182624706
0.10540890768465797
0.10540890768465797
0.10461318189092823
0.10461318189092823
0.10519431011850676
0.10574541790531294
0.1068951228107012
0.10641855220744413
0.1067385721491308
0.10890529608284089
0.10946708573693652
0.10946708573693652
0.10946708573693652
0.10946708573693652
0.1101553756206721
0.1101553756206721
0.11071079340536276
0.11071079340536276
0.11071079340536276
0.11035731474809415
0.10746599915880176
0.1086503749271438
0.1086503749271438
0.10859333902674059
0.1073470841067911
0.1073470841067911
0.10678076344213827
0.10678076344213827
0.10678076344213827
0.10678076344213827
0.10741491607268255
0.10741491607268255
0.10741491607268255
0.10642620427306441
0.10642620427306441
0.10642620427306441
0.10642620427306441
0.10642620427306441
0.10642620427306441
0.10555069828594679
0.10555069828594679
0.10555069828594679
0.10555069828594679
0.1064321167312865
0.1064321167312865
0.10581659747773611
0.10614696219212331
0.10614696219212331
0.10614696219212331
0.10667132983025292
0.10650725346319329
0.10650725346319329
0.10650725346319329
0.1064431389657713
0.1064431389657713
0.10609303960506365
0.10609303960506365
0.1061658245426981
0.1061658245426981
0.1061658245426981
0.10765384570714788
0.10765384570714788
0.10765384570714788
0.10897727799727716
0.10925207304403017
0.10925207304403017
0.10905955595867696
0.10798053451468617
0.1080535117718036
0.1080535117718036
0.10853849718029066
0.10853849718029066
0.1086067781251611
0.10858978954387054
0.10812385748448068
0.10752797311834644
0.10605358923788591
0.10605358923788591
0.10605358923788591
0.1072889287429555
0.10549439307524593
0.10549439307524593
0.10513901324810805
0.1049770693025324
0.10588800350511703
0.10588800350511703
0.10588800350511703
0.10557797718966887
0.10643813789351748
0.10627831143565239
0.10627831143565239
0.10562483508148152
0.10562483508148152
0.10562483508148152
0.10551761972371065
0.10612172586070023
0.10511701478366763
0.10511701478366763
0.10511701478366763
0.10511701478366763
0.1062857338113156
0.10781098422475587
0.10769940192778094
0.10776454820987495
0.10738978109856508
0.1060285332087139
0.10566422001553781
0.10566422001553781
0.10566422001553781
0.10561528162187558
0.10561528162187558
0.10743101257957133
0.10772006070006718
0.10571827768102628
0.10571827768102628
0.10515955078713936
0.10459693841607054
0.10564597526736519
0.1048576113203908
0.1048576113203908
0.1048576113203908
0.10677196196893601
0.10673177558473697
0.10673177558473697
0.10717345582677083
0.10703847411779176
0.10703847411779176
0.106607431907392
0.10626799771547944
0.10626799771547944
0.10656715980801779
0.10854341825630068
0.10805127437284046
0.10805127437284046
0.10805127437284046
0.10750863235170233
0.1055033071192216
0.10599522963960702
0.10589702251908928
0.10580207799913421
0.10580207799913421
0.10557851667937974
0.10557851667937974
0.10764761082073533
0.10764761082073533
0.10764761082073533
0.10764761082073533
0.10764761082073533
0.10859356752370519
0.10846744941524177
0.1082472811116775
0.10589422519395555
0.10491442022788156
0.10549803309905906
0.10551555922938201
0.10647902242201565
0.10522674996986017
0.10522674996986017
0.10522674996986017
0.10517888991604224
0.10517888991604224
0.10517888991604224
0.10553958668099701
0.10553958668099701
0.10553958668099701
0.10553958668099701
0.10578064936750273
0.10641027930696106
0.10641027930696106
0.10728624019356625
0.10728624019356625
0.10728624019356625
0.10728624019356625
0.1076996603243258
0.10681323088907439
0.10759526571485027
0.10738057615329046
0.10738057615329046
0.10801401170853762
0.10723274127325516
0.10723274127325516
0.10610210019515624
0.10610210019515624
0.10627836093072532
0.10627836093072532
0.10627836093072532
0.10627836093072532
0.10554673339018589
0.10686369851718791
0.10726078643634146
0.10682742306652758
0.10611924250380951
0.10651730053475415
0.10576882824022744
0.10576882824022744
0.10576882824022744
0.10793364012170295
0.1081861543396769
0.10656387431810019
0.10651225398174552
0.10734631726733689
0.10734631726733689
0.10659087218988697
0.10659087218988697
0.10722565721137234
0.10722565721137234
0.10722565721137234
0.10777562147351043
0.10777562147351043
0.10777562147351043
0.10727247270392355
0.10727247270392355
0.10507849721015328
0.10625069930924384
0.1071250716150909
0.10543039936406258
0.10615910385545836
0.10615910385545836
0.10615910385545836
0.10615910385545836
0.1054093219302106
0.10728965172535387
0.10728965172535387
0.10728965172535387
0.10728965172535387
0.1064518598965221
0.1064518598965221
0.1064518598965221
0.10543100832281364
0.10543100832281364
0.10587996123239697
0.10609053365964476
0.10609053365964476
0.1063685116114612
0.10521787845341292
0.10521787845341292
0.10424901384245627
0.10426825864388706
0.10426825864388706
0.10426825864388706
0.10426825864388706
0.10501944546072595
0.10501944546072595
0.10501944546072595
0.10501944546072595
0.10632291938264292
0.10731175836028665
0.10731175836028665
0.10731175836028665
0.10762825668080837
0.10703076640782118
0.10703076640782118
0.10537790240694908
0.10537790240694908
0.1065910326937987
0.1065910326937987
0.10619011647838668
0.10525551121352858
0.10654551017638013
0.10654551017638013
0.1064384452274471
0.1064384452274471
0.10518066787580517
0.10523273260219158
0.10518821953694779
0.10518821953694779
0.10518821953694779
0.1046076834778113
0.10490017601304333
0.10561111257601874
0.10561111257601874
0.10528562046785939
0.1051673089672645
0.1051673089672645
0.10519467134237631
0.10615523771448018
0.10615523771448018
0.10615523771448018
0.10615523771448018
0.10519785257705316
0.10519785257705316
0.10667388265732804
0.10667388265732804
0.10667388265732804
0.10667388265732804
0.1063832296966824
0.1063832296966824
0.10577772509079351
0.10577772509079351
0.10577772509079351
0.10577772509079351
0.10579874341289495
0.10579874341289495
0.10704725686330419
0.10704725686330419
0.10539258749583481
0.1061163470757287
0.10482820680490558
0.10596248388748075
0.10627160419103064
0.10428313911619617
0.10585993027570213
0.1048591672114328
0.10453749576978141
0.10453749576978141
0.10453749576978141
0.10602023559832252
0.10602023559832252
0.1057841471526556
0.10572992141170988
0.10516926269874469
0.10521492419575659
0.10320173158007777
0.10315624061476089
0.10315624061476089
0.10315624061476089
0.10280189742287697
0.10346271067868197
0.10481815113932252
0.10434716164374012
0.1044747766837837
0.10435109109577674
0.10435109109577674
0.10435109109577674
0.10341208605503166
0.10341208605503166
0.10460149693130714
0.10393514141237234
0.1052175188408874
0.1078334000909713
0.10830486519339187
0.10830486519339187
0.10830486519339187
0.1049854834638662
0.1049854834638662
0.1052263385353669
0.10482040405225868
0.10533111244744572
0.10466892762931915
0.10466892762931915
0.10366575423815283
0.10366575423815283
0.10426052929273649
0.10426052929273649
0.10373437104521509
0.10373437104521509
0.10312858401158115
0.10274977840797653
0.10274977840797653
0.10274977840797653
0.10348694075997536
0.10347576798568443
0.10347576798568443
0.10351256005338075
0.10351256005338075
0.10288562305950864
0.10286556968783711
0.10286556968783711
0.10286556968783711
0.10480302225270356
0.10480302225270356
0.10480302225270356
0.10351697372295718
0.10351697372295718
0.10351697372295718
0.10572600867418162
0.10572600867418162
0.10367390809901639
0.10525306105551314
0.10525306105551314
0.10549557517913682
0.10549557517913682
0.10549557517913682
0.10549557517913682
0.10549557517913682
0.10549557517913682
0.10448818814180762
0.10448818814180762
0.10448818814180762
0.10448818814180762
0.10617979174313152
0.10631445441754446
0.10631445441754446
0.10631445441754446
0.1066507676657348
0.10582462582826699
0.10663732790474359
0.10663732790474359
0.10663732790474359
0.10572790349330584
0.10572790349330584
0.10600633345032393
0.10550120836695497
0.10550120836695497
0.10550120836695497
0.10811514875960815
0.10811514875960815
0.10685161315520605
0.10685161315520605
0.10685161315520605
0.10685161315520605
0.10685161315520605
0.10736867843578565
0.10736867843578565
0.10592066115136273
0.10592066115136273
0.1072286156880285
0.1072286156880285
0.1072286156880285
0.10700021870388146
0.10700021870388146
0.10550563181665547
0.10550563181665547
0.10492607739210194
0.10492607739210194
0.10512609780154099
0.10512609780154099
0.10518392570013366
0.10550646075370715
0.10652777910814676
0.10673522178570757
0.10673522178570757
0.10736517687886438
0.10783315921433247
0.10739723238907058
0.10682577052121521
0.10682577052121521
0.10682577052121521
0.10675016729953271
0.10628326360857676
0.10614967330424975
0.10630834708876495
0.10738756972782793
0.10501400429752274
0.10501400429752274
0.10386648739580978
0.10386648739580978
0.10733083435375784
0.10803304500016578
0.10862133120145955
0.10733856632033872
0.10756474332888985
0.1081673437459178
0.1081673437459178
0.10779346118487738
0.10731045161220143
0.10726020704316977
0.10726020704316977
0.10726020704316977
0.10726020704316977
0.10737249777833552
0.10737249777833552
0.10737249777833552
0.10627823749855222
0.10465051415034501
0.1059744107799964
0.10616964417931886
0.10501620345185524
0.10573453064926186
0.10573453064926186
0.10573453064926186
0.10637743366999865
0.10637743366999865
0.10637743366999865
0.10389633192403172
0.10508836904537316
0.10508836904537316
0.10469405580757922
0.10469405580757922
0.10657242838927596
0.10668141959763726
0.10560106360033437
0.10560106360033437
0.10510118762156043
0.10510118762156043
0.10575551338697889
0.10575551338697889
0.10553939905484735
0.10550162644252095
0.10591006450820521
0.10550237735858253
0.10550237735858253
0.10550237735858253
0.10550237735858253
0.10550237735858253
0.10550237735858253
0.10506828822490698
0.10678027958750563
0.10678027958750563
0.10410362786983486
0.10410362786983486
0.1043313288407557
0.10496823105605754
0.10581233520106814
0.10495543484556161
0.1056574125571268
0.10332845269620634
0.10332845269620634
0.10332845269620634
0.10462015586307821
0.10462015586307821
0.10400504513777334
0.10576742222642106
0.10576742222642106
0.1047839575309037
0.10579935663892863
0.10782633658215987
0.10782633658215987
0.1068613755586944
0.1071879505257067
0.1071879505257067
0.1071879505257067
0.1068307736946936
0.1068307736946936
0.10658687024141003
0.10658687024141003
0.10759802628134546
0.10759802628134546
0.10759802628134546
0.10904432913876537
0.10848359852162234
0.10800996578906599
0.10800996578906599
0.10800012667746677
0.1084164227174702
0.10806525651711765
0.1062187332906031
0.1062187332906031
0.1062187332906031
0.1062187332906031
0.10505203436236961
0.10505203436236961
0.10555471177233614
0.10542456588496354
0.10806597479402039
0.1081572298251113
0.10623921620776766
0.10706318508840232
0.10728927948881549
0.10773905278166727
0.10773905278166727
0.10686542440337489
0.10666374571986101
0.10666374571986101
0.10666374571986101
0.10666374571986101
0.10666374571986101
0.10666374571986101
0.10729840022199351
0.10729840022199351
0.10729840022199351
0.10729840022199351
0.10729840022199351
0.10661504116862837
0.10661504116862837
0.10399460550414451
0.10465818458386968
0.10465818458386968
0.10559952209495112
0.1057852048784701
0.1057852048784701
0.1057852048784701
0.10365774452378526
0.10365774452378526
0.10581010568790199
0.10588328251541813
0.10554000351114969
0.10483133046986631
0.10483133046986631
0.10438638659800177
0.10308772062759675
0.10308772062759675
0.10308772062759675
0.10450414426763974
0.10445688190846629
0.10445688190846629
0.10491081092860398
0.10459321361360632
0.10504149028804871
0.10475515476792864
0.10475515476792864
0.1035090209204294
0.1035090209204294
0.10485147006986113
0.10485147006986113
0.10485147006986113
0.10527530176490489
0.10529845969795176
0.10529845969795176
0.1045788039487678
0.10431862697692197
0.1029023151785803
0.10260119582179417
0.10321082437219961
0.1038436324879627
0.1038436324879627
0.1038436324879627
0.10319469112808971
0.10319469112808971
0.10517868259115828
0.1036880350371229
0.10373497169973257
0.10373497169973257
0.10373497169973257
0.10373497169973257
0.10373497169973257
0.10395768650476411
0.10395768650476411
0.10556408357561874
0.10538849042070232
0.10591610486219273
0.10585736948146285
0.10592936563575968
0.10440482659432664
0.10460455643882845
0.10550225687755478
0.10452178267706727
0.10471489183462415
0.10408019112300225
0.10294279775508407
0.10373832072139093
0.10360212843893885
0.10360212843893885
0.10360212843893885
0.10360212843893885
0.10253713837721964
0.10253713837721964
0.10253713837721964
0.10210945989202606
0.1023931482078316
0.1023931482078316
0.10311953069396484
0.10311953069396484
0.1030532805477778
0.1030532805477778
0.10441694064396659
0.10360905037722191
0.10402206217091396
0.10465308969420999
0.10465308969420999
0.10465308969420999
0.1036034295970909
0.1036034295970909
0.10387469471589728
0.10320006874738606
0.10320006874738606
0.10320006874738606
0.10320006874738606
0.10320006874738606
0.10396762512979789
0.10359487892751375
0.1048269286929907
0.1048269286929907
0.10387385373037177
0.10387385373037177
0.10387385373037177
0.10387385373037177
0.10387385373037177
0.104623999628238
0.10534961262493678
0.10500361390392565
0.10464704163856411
0.10485810066339182
0.10508916443222058
0.10591771956652439
0.10591771956652439
0.10441570412323012
0.10441570412323012
0.10550732638167006
0.10550732638167006
0.10569482376758113
0.10519514133086158
0.10519514133086158
0.10519514133086158
0.1040685992625951
0.1040685992625951
0.1040685992625951
0.1040685992625951
0.1040800738674362
0.1040800738674362
0.1040800738674362
0.1046628981478706
0.10636403544299802
0.10678330931091459
0.10693808745899237
0.10408251723019724
0.10361622950131137
0.10361622950131137
0.10361622950131137
0.10401793615328934
0.103486946320339
0.103486946320339
0.103486946320339
0.10475826090593286
0.10475826090593286
0.10475826090593286
0.10605806312511787
0.1052947570506248
0.1052947570506248
0.10695503403651832
0.10399520939866001
0.10573886292077875
0.10578707371636394
0.10373997221861173
0.10373997221861173
0.10501260072294516
0.10501260072294516
0.10582688992197568
0.10582688992197568
0.10582688992197568
0.10582688992197568
0.10582688992197568
0.10582688992197568
0.10582688992197568
0.10726393581506898
0.10726393581506898
0.10726393581506898
0.10726393581506898
0.10726393581506898
0.10726393581506898
0.1059110001455916
0.10690577480504616
0.10608115865061254
0.10608115865061254
0.10608115865061254
0.10608115865061254
0.10608115865061254
0.10608115865061254
0.10527674395544219
0.10506048289766372
0.10506048289766372
0.10582232379486503
0.10395338906402081
0.10395338906402081
0.10395338906402081
0.10500299712028487
0.10481735737954438
0.10481735737954438
0.10530899989373375
0.10530899989373375
0.10530899989373375
0.10468624887043142
0.10468624887043142
0.10468624887043142
0.10468624887043142
0.10468624887043142
0.10468624887043142
0.10572416394759979
0.10652200311221877
0.10652200311221877
0.10652200311221877
0.10554089988432226
0.10554089988432226
0.10652396427585455
0.10652396427585455
0.10563752158386573
0.10563752158386573
0.105753518510049
0.10657519881173541
0.10657519881173541
0.10635407459440159
0.10635407459440159
0.10619944321384062
0.10687555765210674
0.107134373456319
0.10700231441494092
0.10787946730851762
0.10743129551012548
0.10639145243322827
0.10639145243322827
0.10639145243322827
0.10675022963122519
0.10675022963122519
0.10803807166158629
0.10822742351513097
0.10822742351513097
0.10818431509743216
0.10818431509743216
0.10735656874630742
0.10735656874630742
0.10672657893101735
0.10666675733078045
0.10589778716081934
0.10619706218283
0.10619706218283
0.10619706218283
0.10619706218283
0.10619706218283
0.10884435537503884
0.10884435537503884
0.10772138936180371
0.10705454370575208
0.10686555545382498
0.10631994357805737
0.10680571670609033
0.10680571670609033
0.10633050769716075
0.10628454784129955
0.10609791164997187
0.10563866227127121
0.10563866227127121
0.10498125663645769
0.10500924855408951
0.10487335989185406
0.10487335989185406
0.10487335989185406
0.10487335989185406
0.10487335989185406
0.10487335989185406
0.10474343704561191
0.10474343704561191
0.10474343704561191
0.1064368216283313
0.1064368216283313
0.1064368216283313
0.10658239986584647
0.10755943606568294
0.10621038600795736
0.10621038600795736
0.10621038600795736
0.10686425839219173
0.10657223498533556
0.10749495664425304
0.10689089302364127
0.10689089302364127
0.10703010975627672
0.10703010975627672
0.10703010975627672
0.10703010975627672
0.10703010975627672
0.10703010975627672
0.10703010975627672
0.10581489492593975
0.10583144700404322
0.1048954130565351
0.10826206474978026
0.10723292165169379
0.10723292165169379
0.10546613474587767
0.10574201322481275
0.10574201322481275
0.10574201322481275
0.10574201322481275
0.10574201322481275
0.10563692950932338
0.10561219404940599
0.1059211449063704
0.1059211449063704
0.1059211449063704
0.10655782668485946
0.10792413230946701
0.10614955156440968
0.10614955156440968
0.10614955156440968
0.10658265099568927
0.10532064837823606
0.1070121265823244
0.10723495613735769
0.10764510348358321
0.10599808601068936
0.10735121755446307
0.10735121755446307
0.10735121755446307
0.10771651022528624
0.10740395388254106
0.10659482480579824
0.10658466621091928
0.10658466621091928
0.10658466621091928
0.10658466621091928
0.1051562375271121
0.10663285947096951
0.10663285947096951
0.10663285947096951
0.10663285947096951
0.10663285947096951
0.10579196375726736
0.10533807945299144
0.10533807945299144
0.10533807945299144
0.10631432087931107
0.1062315613365096
0.1062315613365096
0.10549585611611595
0.10549585611611595
0.1040672594909459
0.1040672594909459
0.1042090523796356
0.1042090523796356
0.1042090523796356
0.1042090523796356
0.1042090523796356
0.10469179109419326
0.10469179109419326
0.1037772633164689
0.1037772633164689
0.1037772633164689
0.10467543189412272
0.10467543189412272
0.10467543189412272
0.10467543189412272
0.10290883519246652
0.10326058936690899
0.10326058936690899
0.10326058936690899
0.10491980669176292
0.10491980669176292
0.10553164900861141
0.10553164900861141
0.10439981049278431
0.10439981049278431
0.1045074135118521
0.10574667727561522
0.10586950947900964
0.10576692665146527
0.10565539030192976
0.10565539030192976
0.10565539030192976
0.10565539030192976
0.10783340124190545
0.10783340124190545
0.10654975821955605
0.1077310143548241
0.1077310143548241
0.10529466065785077
0.10712709957416322
0.10712709957416322
0.10712709957416322
0.10712709957416322
0.10712709957416322
0.10712709957416322
0.10659824498202215
0.10717836933903224
0.10523547402098964
0.10523547402098964
0.10523547402098964
0.10485176503149343
0.106062227879425
0.106062227879425
0.106062227879425
0.106062227879425
0.1059023037499711
0.1059023037499711
0.10749597031268741
0.10749597031268741
0.10858872236650795
0.10858872236650795
0.10858872236650795
0.10858872236650795
0.10728580140606757
0.1082030893437948
0.1082030893437948
0.10892617933579517
0.10892617933579517
0.10927840706066116
0.10927840706066116
0.10927840706066116
0.1086283934111624
0.1086283934111624
0.10739233192875604
0.10739233192875604
0.10733234760264335
0.10733234760264335
0.10733234760264335
0.10733234760264335
0.10622716413490266
0.10728103199179034
0.10612954927413935
0.1077422360254186
0.1077422360254186
0.1077422360254186
0.1081493199202708
0.1081493199202708
0.10705358103866186
0.10705358103866186
0.10651953393451882
0.10583894158050096
0.10676848526927303
0.10822898615218468
0.10822898615218468
0.10730726553704344
0.10730726553704344
0.10680391732729094
0.10649902964125363
0.10649902964125363
0.10649902964125363
0.10655582629447029
0.10655582629447029
0.10655582629447029
0.10655582629447029
0.10758462164658332
0.10758462164658332
0.10701547771333024
0.10657472486723482
0.10712966820971752
0.10712966820971752
0.10712966820971752
0.10739215805524256
0.10814299262491053
0.10814299262491053
0.10814299262491053
0.10569350537677982
0.10529526569359379
0.10538175599762593
0.1062989442081289
0.1062989442081289
0.106148316928361
0.106148316928361
0.106148316928361
0.106148316928361
0.1064698179169165
0.1051701537739872
0.10558899540226387
0.10558899540226387
0.10561394061353208
0.10706863841882336
0.10733348653111117
0.10781426499497312
0.10781426499497312
0.1077294308537848
0.10907999349778542
0.10985700725824822
0.10985700725824822
0.11007223459578458
0.11007223459578458
0.10906027017104104
0.10840074943001705
0.10840074943001705
0.10811224789180107
0.10927551536724688
0.10967287120244118
0.1087226074717185
0.10777275437852993
0.10876899059279556
0.11087852571396971
0.11087852571396971
0.11174269760609466
0.11174269760609466
0.11174269760609466
0.11174269760609466
0.11174269760609466
0.11073275761090061
0.11073275761090061
0.11065285473460419
0.10953113843084965
0.10953113843084965
0.10875511952676788
0.10822531355923144
0.10920737091090864
0.10920737091090864
0.10979631112048995
0.10979631112048995
0.10979631112048995
0.10979631112048995
0.10979631112048995
0.10996422240940178
0.10984904526596448
0.10975936097844108
0.10981707933804437
0.11165192138296233
0.1102325678089426
0.10922698602123317
0.10922698602123317
0.10897948055732427
0.10966446971040117
0.10845646226296116
0.10845646226296116
0.10841673403017542
0.10841673403017542
0.10841673403017542
0.1086378798242177
0.1088227892638671
0.10874446955782589
0.10840742313746546
0.10679375679679998
0.10719568025423913
0.10799762271673026
0.10663589582723969
0.10663589582723969
0.10713730892926958
0.10713730892926958
0.10713730892926958
0.10713730892926958
0.10713730892926958
0.10713730892926958
0.10713730892926958
0.10598678367651541
0.10757189088565425
0.10757189088565425
0.10733058741441392
0.10611046912282629
0.10611046912282629
0.10644086786200448
0.10644086786200448
0.10637854310482948
0.10637854310482948
0.10683257782252768
0.10570823223960299
0.10571315487917864
0.10571315487917864
0.10632742842865378
0.10650102301192138
0.10603176615568698
0.10603176615568698
0.10603176615568698
0.10603176615568698
0.10603176615568698
0.10669891713853746
0.10750071286244378
0.10750071286244378
0.1069811132279514
0.10700287019555418
0.10700287019555418
0.10619890611217313
0.10619890611217313
0.10619890611217313
0.10619890611217313
0.10619890611217313
0.10619890611217313
0.10619890611217313
0.10619890611217313
0.1049359595169853
0.1049359595169853
0.1049359595169853
0.1049359595169853
0.10486075176922871
0.10486075176922871
0.10486075176922871
0.10531027611055563
0.10562294511635706
0.10486664202556208
0.10529687142833408
0.10529687142833408
0.10529687142833408
0.10529687142833408
0.10529687142833408
0.10335066315208079
0.10321327886582195
0.10321327886582195
0.10383223718245396
0.10383223718245396
0.10383223718245396
0.10383223718245396
0.10398642206205923
0.10398642206205923
0.10398642206205923
0.10398642206205923
0.10331601991674517
0.10373311174728933
0.10373311174728933
0.10469994254687771
0.10469994254687771
0.10469994254687771
0.1046764641875529
0.1046764641875529
0.10575491157034277
0.10575491157034277
0.10575491157034277
0.10666891924252599
0.10666891924252599
0.10548598768690928
0.10548598768690928
0.10555666980035057
0.10555666980035057
0.10536465665672537
0.10536465665672537
0.10487312556797301
0.10512732198504414
0.10550327682544687
0.10686893897370671
0.10840310966589514
0.10859607845899183
0.10859607845899183
0.10876102506218271
0.10876102506218271
0.10953373437278992
0.10953373437278992
0.10991015133871648
0.10991015133871648
0.10991015133871648
0.10991015133871648
0.10984250549273823
0.10984250549273823
0.10984250549273823
0.10936044451505285
0.10927808811761458
0.10852916727467088
0.1078200324970688
0.10798801181173899
0.10842600286767165
0.10936175469380734
0.10936175469380734
0.10936175469380734
0.10936175469380734
0.10756091432554289
0.10739856889684954
0.10774867299024746
0.10785735594034654
0.10785735594034654
0.10906663729321708
0.10906117037192835
0.10933532852465909
0.1100580504273491
0.1100580504273491
0.11054318058104393
0.11024815976026701
0.10997621352305612
0.10997621352305612
0.10997621352305612
0.10997621352305612
0.10997621352305612
0.10905485462556462
0.11061069309212868
0.11061069309212868
0.11129244350633036
0.11129244350633036
0.10912252625162462
0.10983652802221568
0.1076146932747796
0.1076146932747796
0.1076146932747796
0.1076146932747796
0.1076146932747796
0.10751011731998149
0.10907443101170995
0.10907443101170995
0.10952637407794559
0.10834746149440921
0.10905522616063806
0.10905522616063806
0.10751981828086447
0.10826320528234042
0.10933465884413661
0.10987854676643122
0.11051045251644102
0.1113135336595986
0.1113135336595986
0.10845931647611204
0.109031082971002
0.10859910013596857
0.10956525689801423
0.10956525689801423
0.11025431454416532
0.11035965592841938
0.10927864529181305
0.1091723747735683
0.1091723747735683
0.10755322988968974
0.10755322988968974
0.10755322988968974
0.10755322988968974
0.10755322988968974
0.11061619175932931
0.1112063758999307
0.1112063758999307
0.10950219556700934
0.10944254649227565
0.10904591826670468
0.10863251698010963
0.1080831279847604
0.1085787839053431
0.10862449202951005
0.10842035990804991
0.10964548662087985
0.10964548662087985
0.10964548662087985
0.10886684051044698
0.10739632102412086
0.10848176949749433
0.10821727444859423
0.10933850896396122
0.10933850896396122
0.10933850896396122
0.10951225188206148
0.10823334951168881
0.10790348406970131
0.10790348406970131
0.10790348406970131
0.10901499333503843
0.10933233248188703
0.10958233533601655
0.10958233533601655
0.10930153401447595
0.10867760225043861
0.1068090025034874
0.1064623254673498
0.10657516824783966
0.10957019363265115
0.10957019363265115
0.109184451586974
0.10904152461231664
0.11119909068979673
0.11119909068979673
0.11119909068979673
0.11170416743010408
0.11170416743010408
0.11254444707338412
0.11254444707338412
0.11254444707338412
0.11277531471562872
0.11181039818383906
0.11186359361476222
0.11115227771151956
0.1111380137946748
0.1111380137946748
0.1111380137946748
0.1111380137946748
0.1111380137946748
0.1111380137946748
0.10981804896152836
0.10981804896152836
0.10965776128536858
0.10848059197848621
0.10848059197848621
0.10972649378978004
0.10883232124013328
0.10836826330685184
0.10836826330685184
0.10837727620560472
0.10837727620560472
0.10845462112181681
0.1082651690612585
0.1082651690612585
0.108307074731076
0.1093263287426228
0.1093263287426228
0.10880897220345523
0.10787221413419446
0.10787221413419446
0.10703748649484626
0.10703748649484626
0.10703748649484626
0.1083480687725182
0.1064171271773223
0.1064171271773223
0.1064171271773223
0.1064171271773223
0.1064171271773223
0.1064171271773223
0.1064171271773223
0.10588352912925583
0.1070711758062935
0.1060808492689994
0.1060808492689994
0.1057400224208378
0.1055134880068829
0.1055134880068829
0.10705043801367331
0.10556285822263074
0.10556285822263074
0.10556285822263074
0.10606751767029311
0.10575977933120809
0.10733470976569247
0.1071559595813238
0.1064410626454915
0.10737264829053161
0.10737264829053161
0.10731825055929714
0.10731825055929714
0.10863135061618481
0.10732344147843122
0.10755773080463933
0.10755773080463933
0.10755773080463933
0.10755773080463933
0.10755773080463933
0.10755773080463933
0.10577483078416125
0.1066280136107887
0.1066280136107887
0.10604132334683392
0.10604132334683392
0.10638974077306859
0.10611815302458835
0.10611815302458835
0.10611815302458835
0.10754907648703661
0.10754907648703661
0.10850196585304982
0.10915716132471037
0.10915716132471037
0.10742606046484952
0.10923770739223444
0.10923770739223444
0.10874592316000777
0.10887451581395127
0.10887451581395127
0.10907674260575487
0.10881001599467084
0.10881001599467084
0.10881001599467084
0.10719930262918784
0.10719930262918784
0.10719930262918784
0.10719930262918784
0.10719930262918784
0.10649811139300662
0.10649811139300662
0.1084596249722618
0.10815467105735938
0.10736315847662527
0.10929728594734664
0.10839557303946698
0.10839557303946698
0.10839557303946698
0.10839557303946698
0.10839557303946698
0.10941765973107327
0.10941765973107327
0.10767373945854875
0.10759210217940347
0.10759210217940347
0.10855500382976917
0.10727519080744802
0.10727519080744802
0.1075758105264217
0.1075758105264217
0.1075758105264217
0.10905699879631327
0.10905699879631327
0.10905699879631327
0.10905699879631327
0.10905699879631327
0.10889747239101856
0.10692291244981171
0.1061236984580167
0.1082505540203719
0.10705453569904858
0.10699026007669256
0.10699026007669256
0.10739627650753719
0.10746784593233284
0.10797832553021304
0.10973595636356626
0.10877990670000681
0.10929134689739235
0.10929134689739235
0.11007239522854109
0.11137171518324714
0.11137171518324714
0.11137171518324714
0.11137171518324714
0.11137171518324714
0.11009975218148943
0.11009975218148943
0.11009975218148943
0.11009975218148943
0.10913785800244578
0.11152935551888189
0.11194320978051413
0.11194320978051413
0.11207007622045304
0.11207007622045304
0.11207007622045304
0.11207007622045304
0.11207007622045304
0.11207007622045304
0.10963323357248506
0.10961281269645037
0.10961281269645037
0.10961281269645037
0.10887367022983767
0.10849986510435317
0.10849986510435317
0.10896060609085087
0.10887915013249157
0.10887915013249157
0.10887915013249157
0.10887915013249157
0.10832330609681842
0.10832330609681842
0.10913808491205884
0.1083881390751763
0.10838076026542508
0.10838076026542508
0.10838076026542508
0.10827828734800994
0.10893921112677704
0.10795637472718177
0.10764218165472346
0.10630783278263842
0.1061118880026958
0.10580871442199365
0.10580871442199365
0.10583743503101871
0.10643141577199754
0.1070771906373955
0.10727942737011353
0.10764756376276734
0.10764756376276734
0.10764756376276734
0.108020752994894
0.10779962206273543
0.10821409648175795
0.10839110719685105
0.10599090466802477
0.1057755230159384
0.1057755230159384
0.1057755230159384
0.1057755230159384
0.1057755230159384
0.10500480401284046
0.10413528522097303
0.10413528522097303
0.10485604671038246
0.10644691379232257
0.10550249578311184
0.10511761794142913
0.10511761794142913
0.1052722610994026
0.1066159744832089
0.10776373306773486
0.10685746636632147
0.10830848917537018
0.10895106280681491
0.10747988206145928
0.10747988206145928
0.10906306478055147
0.10906306478055147
0.10906306478055147
0.10906306478055147
0.10941206783005591
0.10941206783005591
0.10910487946875572
0.10806586679868556
0.10838832508754273
0.10838832508754273
0.10845140837901107
0.10892513767886022
0.10892513767886022
0.10892513767886022
0.10892513767886022
0.10789699860688323
0.10717706630332402
0.10717706630332402
0.10717706630332402
0.10717706630332402
0.10886406149288949
0.10917008131768442
0.10917008131768442
0.10917008131768442
0.107077502375484
0.1079517088612622
0.10742720567430428
0.1074465435320345
0.10672256322322374
0.10833482743656382
0.10737965082309921
0.10737965082309921
0.1072164184470325
0.10592328848950239
0.10713993933008957
0.1068272485909209
0.1068272485909209
0.10801611980884568
0.10640008804393818
0.10578103361420878
0.10601659434704205
0.10455339630590195
0.10503377075625506
0.10542916886359416
0.10604842434204513
0.10475218517731254
0.10475218517731254
0.10585132289347263
0.10585132289347263
0.10585132289347263
0.10582767151484734
0.10582767151484734
0.10582767151484734
0.10539410576449457
0.10539410576449457
0.10585442613203337
0.10668277288037736
0.10610144833272957
0.10610144833272957
0.10617569305894752
0.10617569305894752
0.10493854398601019
0.10597864396761753
0.10563530480999371
0.1056561273179282
0.1056561273179282
0.10664170622355368
0.1062868364720351
0.1072283661259102
0.1072283661259102
0.1072283661259102
0.10607696769436842
0.10544972520556783
0.1054784303415528
0.1054784303415528
0.1054784303415528
0.10732101489430122
0.10732101489430122
0.10946337252906897
0.10959362063445434
0.10976485424966087
0.11001542187318156
0.11001542187318156
0.10785615576612385
0.10794650613675441
0.10794650613675441
0.10794650613675441
0.10794650613675441
0.10861099129256888
0.10822886396320554
0.10716917299211527
0.10716917299211527
0.10674953429345516
0.10676862686752482
0.10676862686752482
0.10833692929973565
0.10799275673795494
0.10799275673795494
0.10799275673795494
0.1071264446020858
0.1071264446020858
0.1071264446020858
0.1071264446020858
0.10880745459478833
0.10939716114019875
0.1076416609072207
0.10736718142309908
0.10736718142309908
0.10840583924223418
0.10840583924223418
0.10751225217833014
0.10631310217863976
0.10631310217863976
0.10640761260909194
0.10630877662331349
0.10765404178294113
0.10489792416649991
0.10489792416649991
0.10530210977370792
0.10530210977370792
0.10415099835488226
0.10378320033256486
0.10285685963142856
0.10285685963142856
0.10343283227695617
0.10403831392898327
0.10403831392898327
0.1047484848554484
0.1047484848554484
0.10811246444916686
0.10645327561299602
0.10645327561299602
0.10645327561299602
0.10603419598382814
0.10570721759096331
0.10810330169312295
0.10773715760480569
0.10704858377891534
0.10855569231250928
0.10603993514745795
0.10701803532681937
0.1061286929659718
0.10580785027589719
0.10612988912327205
0.10761679164878649
0.10644418137298217
0.10644418137298217
0.10673985321899687
0.10904700069698346
0.10904700069698346
0.10904700069698346
0.10904700069698346
0.10884309380430085
0.11056709122752892
0.11056709122752892
0.11056709122752892
0.11042015390530387
0.11042015390530387
0.11010552323417022
0.10984656073299363
0.10955351716872277
0.10955351716872277
0.10957562631129551
0.10957562631129551
0.10958515363237013
0.10930490779562899
0.10965847919898208
0.10842190840305657
0.10672737020707201
0.10664028884268423
0.10664028884268423
0.10664028884268423
0.10564546274107237
0.10564546274107237
0.10564546274107237
0.10564546274107237
0.1049079472466005
0.10548402136048932
0.10502073492425966
0.10652181805819408
0.10838139515547969
0.10792889585688534
0.10791979007054188
0.10791979007054188
0.10767609878756061
0.10681788937882745
0.10681788937882745
0.1066227548717582
0.1066227548717582
0.1066227548717582
0.10722577790875289
0.1084394538763253
0.1084394538763253
0.10914156831733805
0.10949652999002883
0.10949652999002883
0.10839930752458315
0.1075142799205635
0.1075142799205635
0.1058444049126206
0.1058444049126206
0.1058444049126206
0.1058444049126206
0.10547801541909776
0.10547801541909776
0.10547801541909776
0.10590341166567382
0.10584020840249059
0.10477639624279318
0.10477639624279318
0.10638013100056667
0.10590889228608444
0.10494406297335584
0.10494406297335584
0.10707927417538453
0.10707927417538453
0.10707927417538453
0.10707927417538453
0.10707927417538453
0.10715371389450704
0.10614219094825193
0.10614219094825193
0.10735549394952079
0.10735549394952079
0.10735549394952079
0.10733072581190269
0.10733072581190269
0.10582723014482238
0.10612755019049101
0.1069858960297384
0.1069858960297384
0.1069858960297384
0.1069858960297384
0.1069858960297384
0.10901483243437189
0.10901483243437189
0.10901483243437189
0.10837695895418524
0.10837695895418524
0.10837695895418524
0.10801581288859405
0.10801581288859405
0.10690758510251709
0.10690758510251709
0.10690758510251709
0.10743504113883888
0.10932111065087996
0.10665031053905422
0.10651997071931245
0.10651997071931245
0.1062688067085451
0.1062688067085451
0.10593561784281139
0.10700450341938353
0.10700450341938353
0.10700450341938353
0.10620248914959293
0.10620248914959293
0.1062757709670466
0.10676441315907992
0.10676441315907992
0.10676441315907992
0.10676441315907992
0.10676441315907992
0.10676441315907992
0.10676441315907992
0.10676441315907992
0.10731591372339579
0.10802686680591579
0.10802686680591579
0.10632243298459147
0.10667752495420157
0.10700301347764224
0.10786688987911455
0.10786688987911455
0.10511948113355171
0.10511948113355171
0.10511948113355171
0.10646392633502781
0.10646392633502781
0.10646392633502781
0.10646392633502781
0.10646392633502781
0.10646392633502781
0.10508452555009987
0.10508452555009987
0.10658728206567017
0.1079017804538055
0.1089844115236955
0.10645457919783154
0.10649427511731199
0.10732536850719498
0.10631990197403625
0.10691962774193453
0.10707435825801503
0.10800968596174294
0.10807000599523695
0.10807000599523695
0.10807000599523695
0.10815857234047307
0.10891883493440925
0.10891883493440925
0.10724697668567897
0.10650950824912783
0.10650950824912783
0.10599625260698396
0.10599625260698396
0.1063302100282536
0.1063302100282536
0.1058199385047137
0.1058199385047137
0.10702422375201148
0.10702422375201148
0.10704593639770392
0.10704593639770392
0.10704593639770392
0.10704593639770392
0.10673686810493006
0.10673686810493006
0.10673686810493006
0.10783340204744452
0.10783340204744452
0.10783340204744452
0.10812257873496196
0.10702140200452959
0.10702140200452959
0.10702140200452959
0.1061583108117517
0.10734562888962212
0.10858056198094988
0.10791529243404756
0.10756451099444156
0.10756451099444156
0.10756451099444156
0.10749202816928513
0.10749202816928513
0.10878153957202709
0.1091789142435041
0.10959145999433173
0.1102597031741545
0.11136267157517361
0.11136267157517361
0.11136267157517361
0.11136267157517361
0.11167761647864416
0.11155306106804637
0.11155306106804637
0.11168549552455581
0.11168549552455581
0.11168549552455581
0.11168549552455581
0.11092638605955257
0.11092638605955257
0.11046177810839242
0.11046177810839242
0.10852932735144084
0.10766937192812229
0.10922307062225674
0.10922307062225674
0.11003393744060148
0.11003393744060148
0.11003393744060148
0.11003393744060148
0.1080732866731146
0.1080732866731146
0.1089488305268803
0.1089488305268803
0.1089488305268803
0.109282449065432
0.109282449065432
0.10875281604190468
0.10752073509529679
0.10832844090972017
0.10860093816564541
0.10847627618471
0.10847627618471
0.10691840150429287
0.10691840150429287
0.10676154013228631
0.10818852160309717
0.10779852298628709
0.10905957916611389
0.10905957916611389
0.10905957916611389
0.10758010898471124
0.10758010898471124
0.1085700965042248
0.1085700965042248
0.1085700965042248
0.10815180685331702
0.10815180685331702
0.10815180685331702
0.10794102991022962
0.10703772971945129
0.10703772971945129
0.10596262253132638
0.10596262253132638
0.10586887752666034
0.10586887752666034
0.10569937065197363
0.10569937065197363
0.10682192060667679
0.10756522585654296
0.10756522585654296
0.10756522585654296
0.10671539967430296
0.10705002171593979
0.10705002171593979
0.10682750576269426
0.10682750576269426
0.10607290977625547
0.10709858949297116
0.10709858949297116
0.10709858949297116
0.10709858949297116
0.10709858949297116
0.10713724206710476
0.10713724206710476
0.107705367690108
0.10794340455118562
0.10764903634976557
0.10944345201506775
0.10944345201506775
0.10944345201506775
0.10775418586290435
0.10751539494683966
0.10873947705586949
0.11075435480860467
0.11075435480860467
0.11075435480860467
0.10780608427367531
0.10863102907910943
0.11021524120125177
0.10822457859259527
0.10822457859259527
0.10932519396847325
0.10833268398604759
0.10952235019336995
0.11052082159523356
0.10956682337371526
0.10956682337371526
0.10791491318974251
0.10791491318974251
0.10791491318974251
0.10774214645217134
0.10774214645217134
0.10774214645217134
0.10838818260611253
0.1095078970003346
0.10861212087958229
0.10861212087958229
0.10861212087958229
0.10861212087958229
0.10861212087958229
0.10890768793165106
0.10799978020473958
0.10796411096043539
0.10877014467901676
0.10833621325258602
0.10701292563041354
0.10762553373039936
0.10717178659975224
0.10961057900258629
0.1082406595840095
0.10793580914025729
0.1092738218424952
0.1092738218424952
0.1092738218424952
0.1092738218424952
0.1092738218424952
0.1092738218424952
0.10808118469829824
0.10808118469829824
0.10856515083117643
0.11037196958815948
0.10937179397240497
0.10937179397240497
0.10937179397240497
0.10985689697376369
0.10906839521848676
0.10906839521848676
0.10906839521848676
0.10906839521848676
0.10906839521848676
0.10920111760544667
0.10915699079249933
0.10915699079249933
0.10903213115714343
0.10903213115714343
0.11079860915127662
0.11034613131622668
0.11034613131622668
0.11034613131622668
0.11034613131622668
0.11098704816136436
0.11129972040986719
0.10884313558401713
0.11097057067485237
0.10988161383123451
0.10988161383123451
0.10988161383123451
0.10988161383123451
0.10988161383123451
0.1116039314342201
0.1116039314342201
0.11078356808359285
0.11078356808359285
0.11078356808359285
0.11078356808359285
0.11129389588914568
0.11181721472367728
0.11181721472367728
0.10979272432730958
0.10979272432730958
0.10892443016616578
0.10892443016616578
0.10892443016616578
0.10890688418966872
0.10890688418966872
0.10931604512894581
0.1091595959330753
0.10975691174187849
0.11013218315024914
0.11013218315024914
0.1102088884442183
0.11023875585822598
0.10956998763701442
0.10950444876581653
0.10852722251582385
0.10999596344285195
0.10999596344285195
0.10985418665643412
0.10985418665643412
0.11117415243548512
0.1095588059066101
0.1095588059066101
0.1095588059066101
0.10926688261168781
0.10926688261168781
0.10926688261168781
0.11035473083247266
0.10969148042912676
0.10969148042912676
0.10969148042912676
0.10889006122038651
0.10835287009868487
0.10976896188508489
0.1086987911482732
0.1086987911482732
0.1086987911482732
0.1086987911482732
0.10716373366587535
0.10684273690387745
0.10684273690387745
0.1059438418799978
0.10595543814557168
0.10595543814557168
0.10595543814557168
0.10595543814557168
0.10595543814557168
0.10595543814557168
0.10800489970063368
0.10800489970063368
0.10908954716938925
0.10866718139747159
0.10799054364717174
0.10799054364717174
0.10799054364717174
0.1082308995832077
0.1082308995832077
0.10750828596223065
0.10851233167380349
0.10866019614718915
0.10866019614718915
0.10887474135631509
0.10887474135631509
0.10866371353496364
0.10866371353496364
0.10858857432380417
0.10858857432380417
0.10840472839055786
0.10896932435684883
0.10896932435684883
0.10896932435684883
0.10896932435684883
0.10896932435684883
0.10909893726661082
0.10909893726661082
0.10954725608058685
0.10954725608058685
0.10944574644733054
0.10802130115006224
0.10802130115006224
0.10802130115006224
0.10791909319822053
0.1072241649877283
0.1072241649877283
0.1072241649877283
0.1072241649877283
0.10732094458659944
0.10859291303607974
0.10859291303607974
0.10863995981049145
0.10863995981049145
0.10863995981049145
0.10830198499596547
0.10830198499596547
0.10830198499596547
0.10880523715510607
0.11089132164365081
0.11039761893819651
0.1102461444274154
0.1102461444274154
0.1098156246649188
0.11014405678122048
0.11014405678122048
0.11014405678122048
0.11014405678122048
0.10911158630286714
0.10917647381760295
0.1078310267657169
0.1078310267657169
0.1078310267657169
0.1078310267657169
0.10998914460833736
0.10874195025459757
0.10874195025459757
0.11053542623617513
0.11017330169898512
0.11041012248172265
0.10864250024280828
0.10864250024280828
0.10940054930981179
0.10889253984467473
0.10893402180918227
0.10893402180918227
0.10893402180918227
0.10893402180918227
0.10841037228650588
0.10841037228650588
0.10841037228650588
0.10841037228650588
0.10860922889569052
0.10624790939241899
0.10823862702361454
0.10905680128311114
0.10933565052338465
0.10994568180048102
0.10972191878158807
0.10972191878158807
0.10972191878158807
0.10972191878158807
0.10972191878158807
0.10930400243067333
0.10930400243067333
0.10930400243067333
0.10930400243067333
0.10860386597671406
0.11055702659315578
0.11055702659315578
0.11055702659315578
0.1107060849309657
0.10993009762463772
0.10993009762463772
0.11064116401690477
0.11052049094663645
0.10935881618247442
0.10940002740391117
0.10940002740391117
0.10980022756897741
0.10980022756897741
0.11063680248550918
0.11063680248550918
0.11085688529274053
0.11046248072137278
0.10997766699236124
0.11071554609772505
0.11044878739597139
0.11031366817662251
0.11031366817662251
0.10956034108779553
0.10956034108779553
0.10937164651715345
0.10937164651715345
0.10937164651715345
0.1098215793582708
0.1108434482437549
0.10938269980109505
0.1105559495865224
0.1105559495865224
0.10923432464364151
0.10934318115136325
0.10945328295737834
0.10878801238881104
0.1087330109496624
0.10883261590298461
0.11081733292124088
0.10903439794684931
0.1091334499383444
0.1085069948194177
0.10664858107165376
0.10686941633187529
0.10686941633187529
0.10677238627304272
0.10660181237223375
0.10741509598874066
0.10741509598874066
0.10657890237669047
0.10914094617919279
0.10925730994141276
0.10925730994141276
0.10925730994141276
0.10768963225146831
0.10768963225146831
0.10768963225146831
0.10768963225146831
0.10823565057989949
0.10823565057989949
0.10823565057989949
0.10823565057989949
0.10823565057989949
0.10868002966781526
0.10868002966781526
0.10868002966781526
0.10802993625438156
0.10915110874554612
0.11034709193462616
0.10823593851096751
0.10823593851096751
0.10752477294983132
0.10752477294983132
0.10752477294983132
0.10752477294983132
0.10752477294983132
0.10752477294983132
0.10708993033740555
0.10657291880575644
0.10657291880575644
0.10664708730307726
0.10664708730307726
0.10690825899362544
0.10690825899362544
0.106284977493947
0.106284977493947
0.106284977493947
0.106284977493947
0.106284977493947
0.10607326549265751
0.10607326549265751
0.10701366095250554
0.10859628696964121
0.10842660174141736
0.10842660174141736
0.10842660174141736
0.10828199260317363
0.10828199260317363
0.10806001963113103
0.10806001963113103
0.10806001963113103
0.10614687570495923
0.10640082004297256
0.10724817733467647
0.10752119953506917
0.10752119953506917
0.10779947948389222
0.10779947948389222
0.10779947948389222
0.10779947948389222
0.10863018908559789
0.10863018908559789
0.10822517226184396
0.11085175244058473
0.11085175244058473
0.11085175244058473
0.11116815039776472
0.1092382464942942
0.1092382464942942
0.10930480275893892
0.10940722325390477
0.10940722325390477
0.10940722325390477
0.10940722325390477
0.10940722325390477
0.10975473381354006
0.10975473381354006
0.10975473381354006
0.1107714551798448
0.1107714551798448
0.1107714551798448
0.1107714551798448
0.11060363682838811
0.11045871452924422
0.11088919832712736
0.11088919832712736
0.11086505661474445
0.11114393571243962
0.11114393571243962
0.10965820921079987
0.10965820921079987
0.10965820921079987
0.10965820921079987
0.10965820921079987
0.10965820921079987
0.10965820921079987
0.10965820921079987
0.11014792107475727
0.11014792107475727
0.10968992290861337
0.10968992290861337
0.10968992290861337
0.10966446120723666
0.10966446120723666
0.11095387869222886
0.1104326850644422
0.1096946339125654
0.1096946339125654
0.1105534129740787
0.11042423083717337
0.11078080557297211
0.10948034722273778
0.10948034722273778
0.11062279181516368
0.11062279181516368
0.11062279181516368
0.11062279181516368
0.10988532914106557
0.10844290063554544
0.10844290063554544
0.10932894960944822
0.1087438264657477
0.11005625607775829
0.11005625607775829
0.10984317764337631
0.10984317764337631
0.10984317764337631
0.10984317764337631
0.10924600052013653
0.10989398933524289
0.10872828347073933
0.10889330475535933
0.10891818269995936
0.10891818269995936
0.1088732859772438
0.1088732859772438
0.10827934956357363
0.10827934956357363
0.10827934956357363
0.1089126738064878
0.1089126738064878
0.1089126738064878
0.1089126738064878
0.1089126738064878
0.10915007676523018
0.1094264666596083
0.1094264666596083
0.1094264666596083
0.1094264666596083
0.10983809253397282
0.10866351791199899
0.10873518321022714
0.10873518321022714
0.10873518321022714
0.10872629153370393
0.10872629153370393
0.10994120863556521
0.10994120863556521
0.10922008746602413
0.10922008746602413
0.10922008746602413
0.10928631129960698
0.1094080666458956
0.1094080666458956
0.1094080666458956
0.10884696110610999
0.1088310445090724
0.10897785793388771
0.10897785793388771
0.10897785793388771
0.11080247747098228
0.11126550434476877
0.11126550434476877
0.11019544957312626
0.10938857034010205
0.10938857034010205
0.10940872957486743
0.10986912283659778
0.11135387669548256
0.11107166423827232
0.11033844874978187
0.10908163371437958
0.10917579279652602
0.11009008638466371
0.11009008638466371
0.11009008638466371
0.11009008638466371
0.11009008638466371
0.11032592614077608
0.11032592614077608
0.11032592614077608
0.11032592614077608
0.11032592614077608
0.10976797413828855
0.10976797413828855
0.1097532301170483
0.1097532301170483
0.1097532301170483
0.11041190103207107
0.11041190103207107
0.10950570583065622
0.10996140949221662
0.10937541382212143
0.10937541382212143
0.10858828177555445
0.1095970451405128
0.10999724482806773
0.10834001673309003
0.10901987281008163
0.10901987281008163
0.10901987281008163
0.10978099035367933
0.10978099035367933
0.11013611680487838
0.11013611680487838
0.11013611680487838
0.11013611680487838
0.1106584275224038
0.1106584275224038
0.10875181075998334
0.10875181075998334
0.10856232228182502
0.10779539070259483
0.10885212003759964
0.10885212003759964
0.10885212003759964
0.10973911140379361
0.107486861338735
0.107486861338735
0.10776477721930228
0.10776477721930228
0.10789486666238038
0.10815627123469182
0.11106588989886142
0.11106588989886142
0.11106588989886142
0.11111488771739045
0.10997892450005935
0.10972898304603784
0.10972898304603784
0.10972898304603784
0.10970078184936403
0.11074164956092444
0.11021298224567966
0.11021298224567966
0.11021298224567966
0.10840950755987269
0.10941092442375348
0.10941092442375348
0.10775412038571362
0.10785265808889721
0.10821526934824915
0.1114837466091383
0.1114837466091383
0.1114837466091383
0.1114837466091383
0.11083329095966164
0.11083329095966164
0.1092341924658081
0.10764279830055117
0.10764279830055117
0.10888236539486011
0.10888236539486011
0.10888236539486011
0.10888236539486011
0.10868910285110932
0.10789417979510088
0.10858527237092097
0.10858527237092097
0.1074549266418099
0.10713978039607679
0.10713978039607679
0.10669478601393081
0.10669478601393081
0.10682995304310064
0.10682995304310064
0.10682995304310064
0.10753878531824372
0.10662654375618491
0.1082308415660113
0.1082308415660113
0.10744644265001463
0.10694887830293864
0.1066473801108371
0.10724128044547794
0.10680940207102856
0.10839111161269244
0.10839111161269244
0.10839111161269244
0.10908973080941323
0.10908973080941323
0.10726915008868312
0.10726915008868312
0.10726915008868312
0.10726915008868312
0.10726915008868312
0.10726915008868312
0.10889406388413173
0.10841846990763244
0.10841846990763244
0.10823387801914597
0.10836698336968548
0.10836698336968548
0.10836698336968548
0.10842779662340211
0.10842779662340211
0.10883721943525874
0.10962246497031033
0.10881808367031781
0.10824586053481948
0.10824586053481948
0.10814576377333456
0.1076515202501366
0.1074341302226939
0.10817830857162243
0.10880970707437965
0.10817004912568977
0.10817004912568977
0.10817004912568977
0.10817004912568977
0.10817004912568977
0.10701045950383162
0.10701045950383162
0.10701045950383162
0.10701045950383162
0.10678246982816578
0.10678246982816578
0.10648541189698568
0.10582394178340743
0.10437054374581926
0.10451355335783896
0.10572437067357106
0.1052597965848873
0.10648428928873302
0.10632877337396868
0.10632877337396868
0.106777541052065
0.1075611251981919
0.1075611251981919
0.1075611251981919
0.1075611251981919
0.1075611251981919
0.10636434830396514
0.10619755691589064
0.10734370874845307
0.10625645922447266
0.10635906117511655
0.10674706510865055
0.10704412809335687
0.10761872241113146
0.10634052536456565
0.10604660403199719
0.10521589045982001
0.10489558114242091
0.10545676089802553
0.10545676089802553
0.10545676089802553
0.10545676089802553
0.10643723801418323
0.1062911242120758
0.1062911242120758
0.10653427786566382
0.10653427786566382
0.10649437400542827
0.10649437400542827
0.10653413545501451
0.10648935310851429
0.10648935310851429
0.10689728936056248
0.10612319618010056
0.10641869095057553
0.10641869095057553
0.10564047983898292
0.10580986456513723
0.10580986456513723
0.10580986456513723
0.10554086165312312
0.10554086165312312
0.10544318765538266
0.10544318765538266
0.10544318765538266
0.10544318765538266
0.10544318765538266
0.10547248833415765
0.10547248833415765
0.10521751542274058
0.10582817332836007
0.10554467309344649
0.10559443850274439
0.10559443850274439
0.10563765061312388
0.10578591913451336
0.10579301798477944
0.10512810880168813
0.10511971219129851
0.1053126502990134
0.1053126502990134
0.1053126502990134
0.10647201305240224
0.10564410805298433
0.10432983793401854
0.10432983793401854
0.10480916149396097
0.1045729262946708
0.10489412323198585
0.10633632094204919
0.10670926946402692
0.1058308368876277
0.1058308368876277
0.10642469414125455
0.10479698017720707
0.10388445784975527
0.1046699463039922
0.10561206067410729
0.10561206067410729
0.10561206067410729
0.10427889445780052
0.10427889445780052
0.10520220356010392
0.10622832394569262
0.10622832394569262
0.10622832394569262
0.10622832394569262
0.10625691827359804
0.10480040736036013
0.10455360028215155
0.10544499687876062
0.10594403109371993
0.10594403109371993
0.10594403109371993
0.10594403109371993
0.1048610783932983
0.10430459037982528
0.10583447418990422
0.10841058038502542
0.10640614732329416
0.1064784878146144
0.10657784543211092
0.10657784543211092
0.10657784543211092
0.10829136838124243
0.10829136838124243
0.108272645180182
0.1087524123760306
0.10884204074809509
0.10619065145599058
0.10788113444435118
0.1075547707112652
0.1075547707112652
0.10697684086095784
0.10697684086095784
0.10548170887415521
0.10558002189053567
0.10599517219173944
0.10704121129761099
0.10704121129761099
0.10704121129761099
0.10647331463966257
0.10647331463966257
0.10663149269088137
0.10659364699605367
0.10699346348804482
0.10722573904773829
0.10722573904773829
0.10722573904773829
0.10709141813098275
0.10655191079616638
0.10613729076372852
0.10685225207098058
0.10681418117806786
0.10812852270996237
0.1084597086725492
0.1084597086725492
0.10741412667124177
0.10741412667124177
0.10741412667124177
0.10644637459855702
0.10644637459855702
0.10678243803725969
0.10678243803725969
0.10676756635538319
0.10896013418775775
0.10896013418775775
0.10731000571621241
0.10731000571621241
0.10731000571621241
0.10731000571621241
0.10731000571621241
0.10731000571621241
0.10676145989969488
0.1068020793251686
0.10751985964005403
0.10751985964005403
0.10800794650958719
0.10858255401981068
0.10776403024863875
0.10776403024863875
0.10941921790995354
0.10941921790995354
0.10922469212522454
0.10778863384193453
0.10778863384193453
0.10729794487506823
0.10729794487506823
0.1070377276767815
0.1070377276767815
0.10721764001174001
0.10742568838049261
0.10805235844030098
0.10805235844030098
0.10805235844030098
0.10805235844030098
0.10644900159034736
0.10644900159034736
0.10644900159034736
0.10644900159034736
0.10620029795899948
0.10564323639844313
0.10672881439444018
0.10672881439444018
0.10750063164219402
0.10684307023296422
0.10601610967414464
0.10601610967414464
0.10584118089221659
0.10644389545383633
0.10644389545383633
0.10644389545383633
0.10644389545383633
0.10644389545383633
0.10644389545383633
0.10644389545383633
0.10644389545383633
0.10644389545383633
0.10644389545383633
0.1064722547173827
0.10524292461948741
0.10677291311739745
0.10677291311739745
0.10677291311739745
0.10677291311739745
0.10801603950133631
0.10801603950133631
0.10801603950133631
0.10801603950133631
0.10801603950133631
0.10801603950133631
0.10678154070666865
0.10678154070666865
0.10678154070666865
0.10581938402756469
0.10464042530137425
0.10449847070469383
0.1044139755133506
0.1044139755133506
0.10455204162517155
0.10375613606408648
0.10431194807155036
0.10328343719458899
0.10411415265008805
0.10501774881460345
0.10448490895983426
0.10448490895983426
0.10448490895983426
0.10647470817857368
0.10647470817857368
0.10647470817857368
0.10647470817857368
0.10591873871106765
0.10591873871106765
0.1056846522907235
0.10572889371147319
0.10512265836802437
0.10582657834338889
0.10582657834338889
0.10582657834338889
0.10582257764912509
0.10657495849832704
0.10657495849832704
0.10657495849832704
0.10680722137624224
0.10702348049209753
0.10577060695436408
0.10632376981380315
0.10632376981380315
0.10624439954547053
0.10623745368872187
0.10623745368872187
0.10743554314614408
0.10632838140213255
0.10576080812178862
0.10576080812178862
0.10873210015059963
0.10843091660894048
0.10939224693988021
0.10962435689424944
0.1083161207471242
0.10829269330548537
0.10829269330548537
0.1085204512913714
0.10865653435870384
0.10865653435870384
0.10865653435870384
0.10865653435870384
0.10845453783716333
0.10656656568643656
0.10656656568643656
0.10621720282350801
0.10621720282350801
0.10621720282350801
0.1067128137985659
0.1067128137985659
0.1067128137985659
0.1067128137985659
0.10708030122783027
0.10708030122783027
0.10708030122783027
0.10708030122783027
0.10765589886532562
0.10765589886532562
0.10669624824496751
0.10669624824496751
0.10652970016014397
0.10612908315083446
0.10639742073483616
0.10684797816791482
0.10684797816791482
0.10597548501483556
0.10597548501483556
0.10597548501483556
0.10597548501483556
0.10597548501483556
0.10818465630165486
0.10751053257702273
0.10811954399496104
0.10811954399496104
0.10811954399496104
0.11042372930401549
0.10981652077839468
0.10981652077839468
0.10981652077839468
0.10935551615635547
0.10826255493433866
0.10826255493433866
0.10717806604517206
0.10690710117247082
0.10771766665579711
0.10771766665579711
0.10851936302727257
0.10728270562773899
0.10738887222936433
0.10751465728605394
0.10751465728605394
0.10707818107287552
0.10707818107287552
0.10901573591599453
0.10901573591599453
0.1091121061875048
0.1091121061875048
0.10931227604238881
0.10931227604238881
0.10918567533890505
0.10724355121802553
0.10575812348767236
0.10575812348767236
0.10575812348767236
0.10675302046651959
0.10507138831601653
0.1053227588997319
0.10718424985432856
0.10718424985432856
0.10669185145767572
0.10563670543236157
0.1051968957782523
0.10531030992526991
0.10531030992526991
0.10637156606098166
0.10623327599443214
0.1075571905201221
0.10832001670602667
0.10832001670602667
0.10832001670602667
0.10776540316198797
0.10765437387589667
0.10802468314070549
0.1071224852629443
0.10566193556134505
0.10566193556134505
0.10566193556134505
0.10470210372705258
0.10520883403365246
0.10638221486223921
0.10744507982070281
0.10905064215677637
0.10654355279042113
0.10654355279042113
0.10820687768395207
0.1084072982128333
0.10873761616013458
0.10832362446517058
0.10777942646366784
0.10777942646366784
0.10794077740506203
0.10794077740506203
0.10794077740506203
0.10794077740506203
0.10765321476656739
0.10753263114036311
0.10753263114036311
0.10753263114036311
0.10742223324894641
0.10996732453880631
0.10996732453880631
0.10967913593237212
0.10793070614649916
0.10793070614649916
0.10836620359515925
0.10772149192918794
0.10873002824550751
0.1093272480563654
0.10976489034759071
0.10902232758377049
0.10902232758377049
0.10902232758377049
0.10902232758377049
0.10943504544296369
0.10943504544296369
0.10943504544296369
0.10943504544296369
0.1094397852481201
0.1094397852481201
0.11026283339715452
0.11058156972538369
0.11053651632601456
0.11053651632601456
0.11053651632601456
0.11053651632601456
0.11053651632601456
0.10957657683639481
0.10957657683639481
0.1103225340845996
0.11021593897580736
0.11021593897580736
0.1095616809976625
0.1095616809976625
0.10822060033402042
0.1090762688627007
0.1090762688627007
0.1090762688627007
0.1090762688627007
0.11033100116641016
0.11033100116641016
0.10901630144476859
0.10901630144476859
0.1102099562119993
0.10947069516708127
0.10950564716991976
0.1103260067036546
0.1103260067036546
0.11027472035840098
0.11011987375707545
0.1110491438147915
0.1110491438147915
0.1110491438147915
0.11107838907498557
0.11016716760964784
0.10983120011339283
0.10983120011339283
0.11097859147633553
0.1108184541896866
0.1108184541896866
0.1108184541896866
0.11044750644049305
0.10797092847602864
0.10815555701988687
0.10949544745260752
0.10949544745260752
0.10949544745260752
0.10947944620631504
0.10947944620631504
0.10947944620631504
0.10947944620631504
0.10947944620631504
0.10958691972999896
0.10954157841453004
0.10836279213773543
0.10822319267227001
0.10822319267227001
0.10822319267227001
0.10878094646663367
0.10988611466431263
0.11035409786432698
0.11035409786432698
0.11035409786432698
0.11035409786432698
0.10992786738507702
0.10992786738507702
0.10948035662046897
0.10948035662046897
0.11161042075508942
0.11009286105899016
0.11009286105899016
0.10966050662187866
0.11006100528534193
0.10996989434241473
0.1103688789919889
0.11039915881736329
0.110411187258196
0.110411187258196
0.110411187258196
0.1091968178085671
0.1091968178085671
0.10794865986685925
0.10826908523401348
0.10933040289902264
0.10933040289902264
0.11027099524907334
0.10930007854166651
0.10930007854166651
0.11017710726980877
0.11017710726980877
0.10934301575374132
0.10952219408745999
0.10816186602231623
0.109204874133109
0.1096954049229071
0.1096954049229071
0.10928195136444593
0.10885999796051325
0.10923566871633868
0.10923566871633868
0.1102227814466019
0.11042455442287688
0.10997300681301724
0.10997300681301724
0.10997300681301724
0.10997300681301724
0.10997300681301724
0.10893421886957795
0.10893421886957795
0.10853966328413082
0.10853966328413082
0.1109604805415884
0.1109604805415884
0.10804684115450247
0.10804684115450247
0.10791203245528823
0.10846439065609355
0.10846439065609355
0.10846439065609355
0.10937671817749064
0.10944654834969852
0.10944654834969852
0.10944654834969852
0.10993779735640834
0.1102675110831814
0.1102675110831814
0.1102675110831814
0.1102675110831814
0.11032232286965711
0.11032232286965711
0.11032232286965711
0.11032232286965711
0.11032232286965711
0.10813196982843218
0.1083780517387025
0.1083780517387025
0.1083780517387025
0.1083780517387025
0.10926689348897857
0.10977579371206289
0.10977579371206289
0.10808348149443622
0.10808348149443622
0.10775385598463377
0.10738029040773037
0.10738029040773037
0.10738029040773037
0.106692146184698
0.10704868710936281
0.10704868710936281
0.10636897092429112
0.10636897092429112
0.10692766641296125
0.1073128349009292
0.1073128349009292
0.10502850325195903
0.10511644844461455
0.10566579088769369
0.10652190904847873
0.10652190904847873
0.10692858055186281
0.10694889305817042
0.10730448196599583
0.1079384265429549
0.1079384265429549
0.1079384265429549
0.10732675044832013
0.10732675044832013
0.10854067447311447
0.10854067447311447
0.10854067447311447
0.10854067447311447
0.10935556448224079
0.10935556448224079
0.10935556448224079
0.10854256056274549
0.10854256056274549
0.10721297256683822
0.1082082366840825
0.1082082366840825
0.1082082366840825
0.10877694235263315
0.1075888341823713
0.10842538948302627
0.10822737747654775
0.10822737747654775
0.10822737747654775
0.10836866691321717
0.10836866691321717
0.10832340336602818
0.10832340336602818
0.10832340336602818
0.10832340336602818
0.10791850709310385
0.10923076570753289
0.1065176656821842
0.1065176656821842
0.1065176656821842
0.10885052314288536
0.10883743543174056
0.10706203957134894
0.10706203957134894
0.10661009121204473
0.108047829630299
0.108047829630299
0.108047829630299
0.10839899632123606
0.10889272673385732
0.10889272673385732
0.10889272673385732
0.1096492506635196
0.1104510154105614
0.11027076215395622
0.10993146675091207
0.10907200572065291
0.10907200572065291
0.1078905730536394
0.10879436061123232
0.10879436061123232
0.10879436061123232
0.10879436061123232
0.10954535543128986
0.10954535543128986
0.10954535543128986
0.10954535543128986
0.11014308491667445
0.10842413672352495
0.10842413672352495
0.10844155756888198
0.10844155756888198
0.10844155756888198
0.10895315394704448
0.10854256507432526
0.10854256507432526
0.10707929626564068
0.1078839097776337
0.10779075145545752
0.10779075145545752
0.10804379288032319
0.10804379288032319
0.10804379288032319
0.10804379288032319
0.10987596206285816
0.10987596206285816
0.10987596206285816
0.10971490558577474
0.11053788573970558
0.11053788573970558
0.10970055978763019
0.11011465004588653
0.11011465004588653
0.11084239030685175
0.11031569328045242
0.11031569328045242
0.10968200059083921
0.10764268960736294
0.10764268960736294
0.10764268960736294
0.10764268960736294
0.10835064239016329
0.10835064239016329
0.11020713633543784
0.11020713633543784
0.11020713633543784
0.10963775399638989
0.10794955556611761
0.10794955556611761
0.10794955556611761
0.10838925954780573
0.10827857098811458
0.10827857098811458
0.10794308044031875
0.10794308044031875
0.10872259003559002
0.10872259003559002
0.10883515935024035
0.10883515935024035
0.11039502906187539
0.11039502906187539
0.11039502906187539
0.10870127421843703
0.11001150185877696
0.11001150185877696
0.10888574371485449
0.1093248167149545
0.1093248167149545
0.1093248167149545
0.1093248167149545
0.10940971644057886
0.1084292034188082
0.1096489129808961
0.1096489129808961
0.1096489129808961
0.1096489129808961
0.10933109592550228
0.10933109592550228
0.10933109592550228
0.11080145840085517
0.11194815935435017
0.11194815935435017
0.11122386257371433
0.11058053079814106
0.10964044188264152
0.10964044188264152
0.10964044188264152
0.10937297588581764
0.10937297588581764
0.10897750168657376
0.10897750168657376
0.10897750168657376
0.108350663518411
0.11054150382392905
0.11004883720692543
0.11004883720692543
0.10791238133887855
0.10762971758412727
0.10762971758412727
0.1082685454820237
0.1082685454820237
0.1082685454820237
0.1078856772801164
0.1078856772801164
0.10966598696936856
0.11039992431433764
0.11039992431433764
0.11039992431433764
0.11085496451426637
0.1105843338300115
0.1105749252057283
0.1105749252057283
0.1105749252057283
0.10989346635679716
0.10910328958961149
0.10910328958961149
0.10917162334581804
0.10917162334581804
0.10917162334581804
0.10922216170639308
0.10736330402826207
0.10786345839180075
0.10786345839180075
0.10786345839180075
0.10786345839180075
0.10786345839180075
0.10893791016618844
0.10934492746939199
0.11003131358936462
0.10836058885260773
0.10965965089467926
0.10965965089467926
0.10893446487741958
0.10893446487741958
0.10893446487741958
0.10893446487741958
0.10792779956926225
0.10749552137891294
0.10749552137891294
0.10632228057822458
0.10651175614357607
0.10651175614357607
0.10772687615928744
0.10772687615928744
0.10817947107562857
0.10817947107562857
0.10740310887628175
0.10644568355273003
0.10686126544782863
0.10792883108406019
0.10796204573818374
0.10796204573818374
0.10836585572305285
0.10774112721005671
0.10774112721005671
0.10774112721005671
0.10774112721005671
0.10774112721005671
0.1082290871151028
0.10746193999900587
0.10789762831234237
0.10789762831234237
0.10789762831234237
0.10604457438493785
0.10749281062534288
0.10767638687639278
0.10769069464778556
0.1070070760949259
0.1070070760949259
0.10703849069717428
0.10703849069717428
0.10579331066324497
0.10579331066324497
0.10579331066324497
0.10579331066324497
0.10579331066324497
0.10585195916720794
0.1061006601132379
0.1061006601132379
0.1050389042393454
0.1050389042393454
0.1050389042393454
0.1050389042393454
0.1050389042393454
0.10627165489349634
0.10594872710964523
0.10642919896677855
0.10642919896677855
0.10642919896677855
0.10687938570594528
0.10687938570594528
0.10687938570594528
0.10757732069116255
0.10888733238476397
0.10924253058240406
0.1100704473901424
0.10785063520496319
0.10785063520496319
0.10785063520496319
0.10803170086447554
0.1082060884358143
0.10924195701250114
0.10924195701250114
0.10859710839417067
0.10744603420351895
0.10731329175493376
0.10874640492639293
0.10785309050007265
0.10877788547912234
0.10970729761426892
0.10970729761426892
0.10970729761426892
0.10970729761426892
0.10856008254283327
0.10856008254283327
0.10756599847209707
0.10933322078070372
0.10933322078070372
0.10933322078070372
0.10933322078070372
0.10933322078070372
0.10938198164397858
0.10938198164397858
0.10938198164397858
0.10927992343340664
0.10927992343340664
0.10822614788088311
0.1080424240302129
0.10862486321489277
0.10862486321489277
0.10862486321489277
0.10862486321489277
0.10862486321489277
0.10862486321489277
0.10899497376633369
0.10899497376633369
0.10899497376633369
0.10971246355398503
0.10960395709636342
0.11018146091338218
0.10909528934830402
0.10909528934830402
0.10909528934830402
0.10909528934830402
0.10909528934830402
0.10909528934830402
0.10909528934830402
0.11012022797706361
0.11012022797706361
0.11047173448481866
0.11047173448481866
0.11047173448481866
0.11047173448481866
0.11047173448481866
0.11047173448481866
0.11047173448481866
0.1114595749621901
0.11087530730137914
0.11087530730137914
0.11087530730137914
0.10977812623451447
0.10977812623451447
0.10981743737627755
0.10992686242513934
0.10992686242513934
0.10833627928664924
0.10849837495005445
0.10914811200906194
0.10868303090011358
0.10868303090011358
0.10843679843612994
0.10843679843612994
0.10909357513305094
0.10950098297182329
0.10858369791526654
0.10843080489184297
0.10843080489184297
0.11040447462441103
0.11040447462441103
0.11040447462441103
0.11040447462441103
0.11040447462441103
0.11040447462441103
0.11069711660003766
0.11099725852281118
0.11037199965167649
0.10979914316540988
0.10894220067742191
0.10827036609765894
0.10827036609765894
0.10827036609765894
0.10747633269739355
0.10747633269739355
0.10747633269739355
0.1081435497556051
0.1081435497556051
0.10716310327335234
0.10716310327335234
0.10782565192726962
0.10890087210678254
0.10890087210678254
0.10885937626141257
0.10941348646730036
0.10941348646730036
0.1083548992963018
0.1083548992963018
0.1094281122816933
0.1079425360817893
0.1079425360817893
0.1079425360817893
0.1079425360817893
0.10850207473617066
0.10905571128639015
0.10840603286154267
0.11034600267651987
0.11021631179566971
0.11021631179566971
0.11010890970403837
0.10726993847206746
0.10726993847206746
0.10752820093475249
0.10752820093475249
0.10752820093475249
0.10752820093475249
0.10752820093475249
0.10686021406866007
0.10661715617513635
0.10827876373015262
0.10827876373015262
0.10918883266800725
0.11064713002579776
0.11044254503517367
0.11026914514813499
0.11088252283821572
0.11088252283821572
0.11043784892695534
0.11043784892695534
0.10851411510142744
0.10851411510142744
0.10976016518716397
0.11084642432618373
0.11058615395236947
0.11058615395236947
0.11013500692292642
0.11013500692292642
0.11013500692292642
0.11013500692292642
0.11029982155801962
0.10708396795071357
0.10708396795071357
0.10863793259152267
0.10863793259152267
0.10905156528889495
0.10905156528889495
0.10905156528889495
0.10905156528889495
0.1087038263142007
0.1087038263142007
0.10875336409138367
0.10875336409138367
0.10875336409138367
0.10880630249777909
0.10968350983204614
0.10968350983204614
0.10968350983204614
0.10823372809505653
0.10823372809505653
0.10818265619926237
0.1083996843243712
0.1094354568520829
0.1113487356416076
0.11043852171255265
0.11043852171255265
0.10882452817639529
0.1089767369020509
0.1089767369020509
0.1089767369020509
0.1089767369020509
0.10906608545423391
0.10891200757320678
0.10850203231327048
0.10829625566867335
0.10829625566867335
0.11028678167700177
0.11029159176324756
0.11029159176324756
0.11029159176324756
0.10965414220121145
0.10965414220121145
0.10965414220121145
0.10801620014574934
0.10801620014574934
0.10759873526394756
0.10759873526394756
0.10757346756288959
0.10682243806541117
0.10611776481058231
0.10611776481058231
0.10611776481058231
0.10611776481058231
0.10611776481058231
0.10757600540384869
0.10645244754101628
0.10646071004686006
0.10758129696103168
0.10844409594255515
0.10844409594255515
0.10844409594255515
0.10805762784565853
0.10843135463940178
0.10899514406617845
0.10899514406617845
0.10899514406617845
0.10899514406617845
0.10929841840411104
0.110687014758792
0.110687014758792
0.10961494614633921
0.10896058893954616
0.10860720554293506
0.10860720554293506
0.11031807338013462
0.11000001046968422
0.11009817298786014
0.10928694926164255
0.10901830587906726
0.10891693295876986
0.10866095285603249
0.10808508079317533
0.10856615110535305
0.10758131628588036
0.10758131628588036
0.10758131628588036
0.10758131628588036
0.10941707449439737
0.10941707449439737
0.10941707449439737
0.10941707449439737
0.10951397870533884
0.10881675018585003
0.10881675018585003
0.10881675018585003
0.10881675018585003
0.10881675018585003
0.10881675018585003
0.10856593613865415
0.10856593613865415
0.1100996188691288
0.11037070969418462
0.10964483425565624
0.10943479665533615
0.10943479665533615
0.10771510309183299
0.10771510309183299
0.10771510309183299
0.10771510309183299
0.10788005789899435
0.10788005789899435
0.10788005789899435
0.10834586490923373
0.10709328285255519
0.10606159285000935
0.10686314418307646
0.10794614182507954
0.10794614182507954
0.10794614182507954
0.10745050013260579
0.10738806792067793
0.10738806792067793
0.10781610133033731
0.10781610133033731
0.10815173696164991
0.1084375805513235
0.10689300605563842
0.10689300605563842
0.10651729372447635
0.10651729372447635
0.1070337758044046
0.1070337758044046
0.10533225646406831
0.10623234772704698
0.10582864334664588
0.10545592263439275
0.10695578162185596
0.10695578162185596
0.10695578162185596
0.10809111761453331
0.10809111761453331
0.10975936942638098
0.10975936942638098
0.10975936942638098
0.10917434531873624
0.10834405881337401
0.10633618829208659
0.10701689513828161
0.10701689513828161
0.10701689513828161
0.10701689513828161
0.10701689513828161
0.10701689513828161
0.10858663264725146
0.10858663264725146
0.10858663264725146
0.10865074868641596
0.10945633095242244
0.10923670561467619
0.10923670561467619
0.10923670561467619
0.10915626789689781
0.10915626789689781
0.10915626789689781
0.10871608303165518
0.10871608303165518
0.10871608303165518
0.10928259827684784
0.10928259827684784
0.1102753639626866
0.1102753639626866
0.10769762590078644
0.10609380964325085
0.10601922153557626
0.10710249415437138
0.10710249415437138
0.10799235691259829
0.1080612963111981
0.10900113644805579
0.10900113644805579
0.10759281245670699
0.10759281245670699
0.10757337634574778
0.10762358162188623
0.10841273836329123
0.10841273836329123
0.10841658416649748
0.10834270864242118
0.10834270864242118
0.10834270864242118
0.10834270864242118
0.10834270864242118
0.10979314276544215
0.10951493892667137
0.10813065417066686
0.10813065417066686
0.10813065417066686
0.10813065417066686
0.10813065417066686
0.10813065417066686
0.10813065417066686
0.10813065417066686
0.10813065417066686
0.10806347217895257
0.10674536565341089
0.10674536565341089
0.10606632484118876
0.10606632484118876
0.10606632484118876
0.10606632484118876
0.10711259336831905
0.10734761376342078
0.1080203702741027
0.10800694827678224
0.10683700975546308
0.10683700975546308
0.10683700975546308
0.10683700975546308
0.10683700975546308
0.10824001364594199
0.10723560911019739
0.10723560911019739
0.10723560911019739
0.10691262764730608
0.10691262764730608
0.10723956289029939
0.10933380738738131
0.10933380738738131
0.10913822908503559
0.1089772995793251
0.1089772995793251
0.10939480248790398
0.1077791017519026
0.1077791017519026
0.10815953215656507
0.10805507284117641
0.10805507284117641
0.10805507284117641
0.10750162487621658
0.10750162487621658
0.10870368153732123
0.10833840612391138
0.1087081086519793
0.1087081086519793
0.1087081086519793
0.1087081086519793
0.10882471167393552
0.10882471167393552
0.1097302893163478
0.10827340222385812
0.10890115190764216
0.1073926091726235
0.10791828988389646
0.10791828988389646
0.10793088150686911
0.10793088150686911
0.1096112649917186
0.11103858767077965
0.11152204507549303
0.11157101519584436
0.11157101519584436
0.11101408193565712
0.11101408193565712
0.11046460416805802
0.11046460416805802
0.11138481446047033
0.11045676828260309
0.11045676828260309
0.11016211787067759
0.11008628867079565
0.10940184669683096
0.10940184669683096
0.1095722525083929
0.10875180431436018
0.10814252772278263
0.10814252772278263
0.1073532500617058
0.1073532500617058
0.1073532500617058
0.1073532500617058
0.1073532500617058
0.10936917401908115
0.10862596321691344
0.10773802874484288
0.10753554597579092
0.10869363477278286
0.10829464713034147
0.10888867215407366
0.10888867215407366
0.10936278002866412
0.11003862826152755
0.10912244622488994
0.10788087206897613
0.10926218289663626
0.10925357858028772
0.10824072149118587
0.10872608984837598
0.1085870637411833
0.10897912394328259
0.10739457811083462
0.10787236172712708
0.10787236172712708
0.10787236172712708
0.10787236172712708
0.10754960819739169
0.10754960819739169
0.10823458501142602
0.10823458501142602
0.10823458501142602
0.10806213835278725
0.10745902524648983
0.10745902524648983
0.10802241547131351
0.10802241547131351
0.10802241547131351
0.10778073973416184
0.10778073973416184
0.10778073973416184
0.10778073973416184
0.10756340963956255
0.10756340963956255
0.10698041307473752
0.10751426100624745
0.10749281011541323
0.10749281011541323
0.10730526171273728
0.10730526171273728
0.10730526171273728
0.10730526171273728
0.10730526171273728
0.10730526171273728
0.10749474124941857
0.10749474124941857
0.10654954117273946
0.10735036908470201
0.10704835099782849
0.10733913263394297
0.10703536558115757
0.10708355997099808
0.10708355997099808
0.10674836287396215
0.10669447064961235
0.10768152907944799
0.10768152907944799
0.10474250763979578
0.10639543435253318
0.10586068023861891
0.10709097705028943
0.10709097705028943
0.10709097705028943
0.10709097705028943
0.10799996442111855
0.10799996442111855
0.10704376605266035
0.10752462830638876
0.10752462830638876
0.10752462830638876
0.10752462830638876
0.10752462830638876
0.10752462830638876
0.10752462830638876
0.10752462830638876
0.10789817610663742
0.10735925916303925
0.10735925916303925
0.10804347970438184
0.10753282706219658
0.10634319043541843
0.10800418318328381
0.10800418318328381
0.10800418318328381
0.10800418318328381
0.10822597468547429
0.10822597468547429
0.10886198041602156
0.10788772158874153
0.10786615296669476
0.10951333565524886
0.1086676522144285
0.1086676522144285
0.1086676522144285
0.1086676522144285
0.10876015347336312
0.10876015347336312
0.10733166779662628
0.10715387523609793
0.10715387523609793
0.1080895588260761
0.10674135541445803
0.10674135541445803
0.10674135541445803
0.1073050969795742
0.10697246534624837
0.10697246534624837
0.10873567628851581
0.10873567628851581
0.10873567628851581
0.10873567628851581
0.10873567628851581
0.10786118729351957
0.10823725431688909
0.10824582012074854
0.10906082401375053
0.10829668343824424
0.10829668343824424
0.10843229420076239
0.10843229420076239
0.10856331445394847
0.10856331445394847
0.10856331445394847
0.10874369537713648
0.10864481072025524
0.10864481072025524
0.10972085282086785
0.10809243033848083
0.10775112372805805
0.10779997524130756
0.10779997524130756
0.10915327502445811
0.1081875697754239
0.1081875697754239
0.1081875697754239
0.10744761871171124
0.105777832452259
0.10838111188798108
0.10677914556054695
0.10728251714160407
0.10713240830623923
0.10720203153087808
0.10720203153087808
0.10725766478728871
0.10725766478728871
0.10662870032853726
0.10810186527917323
0.1083900056260904
0.1083900056260904
0.10703206931520969
0.10755327880668104
0.10658210880865604
0.10676717102282642
0.10892715065046585
0.10892715065046585
0.10892715065046585
0.10783117364736611
0.10783117364736611
0.10783117364736611
0.1078825376860323
0.10566950452753048
0.10595129112753111
0.10595129112753111
0.1067469393942758
0.10583219998798903
0.10583219998798903
0.1059066116292312
0.1059066116292312
0.1059066116292312
0.1059066116292312
0.1059066116292312
0.1059066116292312
0.1059066116292312
0.10645874235080059
0.1062847404175491
0.1062847404175491
0.1062847404175491
0.106666478086692
0.106666478086692
0.10777705643825486
0.1076075122070257
0.10835119629399521
0.10788651221660446
0.10779751387140335
0.10793408892176307
0.10683210538093758
0.10683210538093758
0.10683210538093758
0.10856044376701915
0.10797015775557757
0.10946979395586327
0.11103999934491961
0.11028841948328982
0.11028841948328982
0.10950554334487705
0.10950554334487705
0.10844534535556667
0.10894356520382886
0.10977092687717814
0.10977092687717814
0.11043097584409464
0.1106481446825672
0.11003421172081233
0.10989616124510163
0.11033586233301676
0.11033586233301676
0.10966242992401933
0.10986241170908964
0.10917977759834785
0.10871681787909218
0.10892432688599507
0.11091472752190122
0.11072096270764327
0.11052683954243522
0.11161763954012863
0.10962535751380825
0.10962535751380825
0.1096868805790489
0.10970237511549284
0.10887550731655912
0.11086948954589515
0.11107735549002261
0.11107735549002261
0.11107735549002261
0.11107735549002261
0.11107735549002261
0.10974929389180117
0.10987193034109499
0.10987193034109499
0.10915583949731211
0.10915583949731211
0.10922336760294532
0.10922336760294532
0.10922336760294532
0.11038667911134542
0.10992251101769197
0.11103548697602061
0.11103548697602061
0.11103548697602061
0.11103548697602061
0.11041663808227091
0.11041663808227091
0.11041663808227091
0.10989855200472784
0.10951179374082422
0.10951179374082422
0.1100750986468468
0.11015764176061352
0.11057242992932088
0.10930987568228535
0.10740079467113109
0.10740079467113109
0.10870707411384097
0.10870707411384097
0.10902930064722068
0.10943724810620593
0.10763500712855882
0.1078633610897831
0.1078633610897831
0.1067732108936586
0.10732349260518588
0.10817411187389529
0.10816748389127354
0.10573064092461307
0.10799589652285732
0.10799589652285732
0.10762388846116153
0.10564578983572342
0.10564578983572342
0.10564578983572342
0.10473150022175844
0.10519549451720535
0.10519549451720535
0.10519549451720535
0.10557773638013468
0.10557773638013468
0.10557773638013468
0.10581598609607747
0.1058622423784829
0.1058622423784829
0.10624629779653716
0.10662295580540945
0.10613683906652599
0.10613683906652599
0.10613683906652599
0.10673017056651016
0.10673017056651016
0.10503977238365753
0.1062915558850904
0.10600122306081802
0.10505487416092174
0.1054859337566376
0.1054859337566376
0.1067873943922273
0.10608322299082118
0.10608322299082118
0.10781455298782223
0.10781455298782223
0.10694834864560401
0.1082250343492541
0.10746646259578473
0.10746646259578473
0.10815422546736318
0.10835894394757256
0.10835894394757256
0.10774083865930432
0.10774083865930432
0.10774083865930432
0.10730982011381755
0.10730982011381755
0.10730982011381755
0.10701055718407336
0.10736782922181616
0.10724579882537902
0.10814757476573775
0.10874173475894888
0.10701917941692128
0.10673901090326093
0.10627995735137352
0.10627995735137352
0.10627995735137352
0.10488119369550557
0.10488119369550557
0.10692793101081866
0.10692793101081866
0.10692793101081866
0.10489973789126023
0.10801805463814629
0.10801805463814629
0.10776108075232793
0.10678178887712325
0.10677562167897488
0.10677562167897488
0.10677562167897488
0.10677562167897488
0.10651263808067805
0.10640379436293193
0.10712168226768817
0.10712168226768817
0.10688388106903353
0.10681709183356967
0.10656955289198723
0.10714304699719651
0.1079109821105971
0.1079109821105971
0.10623737668813088
0.10623737668813088
0.10623737668813088
0.10623737668813088
0.10464705822286512
0.10463403637695763
0.10643739493017712
0.10621764296394819
0.10541397376698568
0.1051980886483949
0.10420885001082478
0.10420885001082478
0.10534342969288545
0.10484594160716049
0.10553556703636145
0.10568704347943934
0.10580881891858492
0.10580881891858492
0.10643020485292393
0.10643020485292393
0.10559114024848597
0.10548311028468486
0.10548311028468486
0.1049405153538607
0.1052428379807615
0.10548065013115408
0.10548065013115408
0.10621409777241111
0.10594318110622356
0.10594318110622356
0.10594318110622356
0.10594318110622356
0.10623801037097431
0.10623801037097431
0.1051835249903555
0.10427921334632365
0.10427921334632365
0.10370251135209207
0.10370251135209207
0.10491966262351386
0.10491966262351386
0.10556839356749832
0.10556839356749832
0.10556839356749832
0.10556839356749832
0.10556839356749832
0.10556839356749832
0.10556839356749832
0.10641871961844476
0.10641871961844476
0.10668766954959058
0.10623964649190425
0.10623964649190425
0.10649484196343105
0.10649484196343105
0.10665229331116338
0.10613276010183222
0.10682724845896321
0.10499823725190283
0.10528110781836836
0.10610901223604176
0.10623625145822509
0.10623625145822509
0.10716144185201777
0.108385946548174
0.10775225840749492
0.10589063182145915
0.10621099534294345
0.1071556634799887
0.1042452087742342
0.1044392693764018
0.1044392693764018
0.1044392693764018
0.10551968346091928
0.10676234686445749
0.10676234686445749
0.10689504589340734
0.10689504589340734
0.10596840264422978
0.10596840264422978
0.10640016752867476
0.10640016752867476
0.10640016752867476
0.10460659621241682
0.10493106937512561
0.10493106937512561
0.10625992111237204
0.10625992111237204
0.10625992111237204
0.10725023738810015
0.10725023738810015
0.10867130367031391
0.10852120967199994
0.10815910026818393
0.10869132595748683
0.10752550693455105
0.1077776608186958
0.1077776608186958
0.1077776608186958
0.10619269684660934
0.10619269684660934
0.10535474809629121
0.10648236739320883
0.10599030304319268
0.10599030304319268
0.10686751220433309
0.1071177817040895
0.10741938959386642
0.10741938959386642
0.1064131559065745
0.1064131559065745
0.1064131559065745
0.1064131559065745
0.10545121000032748
0.1048106249481059
0.10558657459367485
0.10558657459367485
0.1060052150648071
0.10683386033233624
0.10493984721454225
0.10516558563760094
0.10516558563760094
0.10669650328883806
0.10651778383784767
0.1076526963754012
0.1076526963754012
0.10690282673717325
0.10622719925494263
0.10630032723421964
0.10651730256061764
0.10710640416163388
0.10710640416163388
0.10710640416163388
0.10668426832312951
0.1064321063394083
0.10677194064657895
0.10763306137969465
0.10761745162417984
0.10761745162417984
0.10761745162417984
0.1081393373367182
0.10657064077930999
0.10657064077930999
0.10657064077930999
0.10657064077930999
0.10520055661771413
0.10658327738448178
0.10658327738448178
0.10658327738448178
0.10658327738448178
0.10611419310790876
0.10611419310790876
0.10759683746962659
0.10859898249365174
0.10880348816966497
0.10945097295916263
0.10891720158447174
0.10784504654840787
0.10784504654840787
0.10733140748450241
0.10733140748450241
0.10763450460048658
0.10763450460048658
0.10799400973585842
0.10795654209192597
0.10793298897798186
0.10842544022160992
0.1080726040730555
0.1080726040730555
0.1080726040730555
0.1080726040730555
0.10806529298315685
0.10806529298315685
0.10806529298315685
0.10961910905490439
0.10779653567987812
0.1075972840953847
0.1075972840953847
0.10783296452127106
0.10689762997633531
0.10783963398009988
0.1088497536257284
0.10768660967929919
0.10768660967929919
0.10709313223309831
0.1074745377229536
0.1074745377229536
0.10698401040840355
0.10698401040840355
0.10698401040840355
0.1080326053608459
0.10764070822549945
0.10764070822549945
0.10764070822549945
0.10764070822549945
0.10740584861063394
0.10849413820217274
0.10879479231632294
0.10879479231632294
0.10874513865956302
0.10874513865956302
0.10839051687796063
0.10725612134934616
0.10725612134934616
0.10725612134934616
0.10725612134934616
0.10725612134934616
0.10747963258887433
0.10747963258887433
0.10747963258887433
0.10747963258887433
0.10608646510454894
0.10608646510454894
0.10608646510454894
0.10690968638445063
0.10690968638445063
0.10690968638445063
0.10690968638445063
0.10690968638445063
0.10690968638445063
0.10682046475117626
0.10682046475117626
0.10745700630665533
0.10745700630665533
0.10745700630665533
0.10701131108948163
0.10701131108948163
0.10784898394123826
0.10814735973133233
0.10693488108660633
0.10693488108660633
0.10748038795987172
0.10761666055141654
0.10909747364551767
0.1090242998557582
0.1090242998557582
0.1090242998557582
0.1090242998557582
0.10937475035371565
0.10937475035371565
0.10937475035371565
0.10937475035371565
0.109448080333755
0.109448080333755
0.109448080333755
0.10898121018946182
0.10898121018946182
0.10898121018946182
0.10898121018946182
0.10898121018946182
0.10898121018946182
0.10898121018946182
0.10898121018946182
0.10898121018946182
0.10910880119143511
0.1090972446068331
0.10881121668381541
0.10881121668381541
0.10881121668381541
0.10881121668381541
0.10881121668381541
0.10881121668381541
0.1095855379895517
0.1095855379895517
0.1095855379895517
0.10797359153361652
0.10863679525459591
0.10803230016268167
0.10803230016268167
0.10677199032500892
0.10654655916085104
0.10654655916085104
0.10654655916085104
0.10654655916085104
0.1065175387181494
0.1065175387181494
0.1091329323856691
0.10903243431647038
0.10793267033123183
0.10793267033123183
0.10793267033123183
0.10793267033123183
0.10793267033123183
0.10793267033123183
0.10584030630094818
0.10600369789063482
0.10724047974322554
0.10856360583264364
0.10701320612825992
0.10701320612825992
0.10701320612825992
0.10701320612825992
0.10624213751760236
0.10785082978709441
0.10785082978709441
0.10720313663900219
0.10540866297758551
0.1058025987377662
0.1057107431242502
0.10586416595992922
0.1056789937453885
0.1056789937453885
0.10606821388813631
0.10606821388813631
0.10771867151751388
0.10771867151751388
0.10766713738278393
0.10817771732138694
0.10817771732138694
0.10817771732138694
0.10817771732138694
0.10633905050588441
0.10560702813665365
0.10718154112697784
0.10718154112697784
0.10810332842797575
