1.1114345774712362
1.1114345774712362
1.1114345774712362
1.1114345774712362
1.1114345774712362
1.1114345774712362
1.1114345774712362
1.1114345774712362
1.1114345774712362
1.1114345774712362
1.1114345774712362
1.1114345774712362
1.1114345774712362
1.1114345774712362
1.1114345774712362
1.1114345774712362
1.1114345774712362
1.1114345774712362
1.1114345774712362
1.1114345774712362
1.1114345774712362
1.1114345774712362
1.1114345774712362
1.1114345774712362
1.1114345774712362
1.1114345774712362
1.1114345774712362
1.1114345774712362
1.1114345774712362
1.1114345774712362
1.1114345774712362
1.1114345774712362
1.1114345774712362
1.1114345774712362
1.1114345774712362
1.1114345774712362
1.1114345774712362
1.1114345774712362
1.1114345774712362
1.1114345774712362
1.1114345774712362
1.1114345774712362
1.1114345774712362
1.1114345774712362
1.1114345774712362
1.1114345774712362
1.1114345774712362
1.1114345774712362
1.1114345774712362
1.1114345774712362
1.1114345774712362
1.1114345774712362
1.1114345774712362
1.1114345774712362
1.1114345774712362
1.1114345774712362
1.1114345774712362
1.1114345774712362
1.1114345774712362
1.1114345774712362
1.1114345774712362
1.1114345774712362
1.1114345774712362
1.1114345774712362
1.1114345774712362
1.1114345774712362
1.1114345774712362
1.1114345774712362
1.1114345774712362
1.1114345774712362
1.1114345774712362
1.1114345774712362
1.1114345774712362
1.1114345774712362
1.1114345774712362
1.1114345774712362
1.1114345774712362
1.1114345774712362
1.1114345774712362
1.1114345774712362
1.1114345774712362
1.1114345774712362
1.1114345774712362
1.1114345774712362
1.1114345774712362
1.1114345774712362
1.1114345774712362
1.1114345774712362
1.1114345774712362
1.1114345774712362
1.1114345774712362
1.1114345774712362
1.1114345774712362
1.1114345774712362
1.1114345774712362
1.1114345774712362
1.1114345774712362
1.1114345774712362
1.1114345774712362
1.1110774193368993
1.1110774193368993
1.1088586011400616
1.1088586011400616
1.1088586011400616
1.1058393080367959
1.1039148006267048
1.1039148006267048
1.1033808537922838
1.1030062405461811
1.1003880678712352
1.0984114482899896
1.0971824936205945
1.0962164095625402
1.0959308948497524
1.0959308948497524
1.093364412664744
1.093364412664744
1.093364412664744
1.0907439092688682
1.0907439092688682
1.0872913557029238
1.0858447627549461
1.0858447627549461
1.084976613396493
1.084976613396493
1.084976613396493
1.084976613396493
1.085094590783348
1.084504859220723
1.084504859220723
1.084228418616587
1.0813440688779896
1.0802013712602834
1.0779159845811461
1.0779159845811461
1.0779159845811461
1.0779159845811461
1.0779159845811461
1.0779159845811461
1.0747539752300768
1.0747539752300768
1.0747539752300768
1.074378057777067
1.0739429409788546
1.0720715294937906
1.0695509620047436
1.0661686311233494
1.0617540041161475
1.0617540041161475
1.0617331225405442
1.0617331225405442
1.0617331225405442
1.0617331225405442
1.0617331225405442
1.0617331225405442
1.057943625322127
1.057943625322127
1.057860069290417
1.0556975168527323
1.0556975168527323
1.053670862301812
1.0507541748233151
1.04832205307955
1.04832205307955
1.04832205307955
1.045049645812773
1.045049645812773
1.0410981386978615
1.0410981386978615
1.0410981386978615
1.0369328779388671
1.0369328779388671
1.0368193807720272
1.038599501541255
1.0384698252869196
1.0384698252869196
1.0384698252869196
1.036783442558067
1.036783442558067
1.0353605019648413
1.0353605019648413
1.0353605019648413
1.0353605019648413
1.0353605019648413
1.0353605019648413
1.0353605019648413
1.0348509517930211
1.0349494688868293
1.0349494688868293
1.034273742008172
1.034273742008172
1.033188946381212
1.0333645936288183
1.0319630757531384
1.0319630757531384
1.0319630757531384
1.0316223438414958
1.0316223438414958
1.0323030170176979
1.0314442764345335
1.0314442764345335
1.0314442764345335
1.0320548991159952
1.0320548991159952
1.0320548991159952
1.0320882918839722
1.0320882918839722
1.0321705818487459
1.0321705818487459
1.0321705818487459
1.0324276666603853
1.0334270640491863
1.0334270640491863
1.0334270640491863
1.0334270640491863
1.0345139813242226
1.0347894354140958
1.0347894354140958
1.0342609575344033
1.0342609575344033
1.035142132426716
1.035142132426716
1.035142132426716
1.0352373294129533
1.0352373294129533
1.035016963050716
1.035016963050716
1.035016963050716
1.0353792408791282
1.0348033873324032
1.0337712091720423
1.035088020891386
1.035088020891386
1.035088020891386
1.0341349698012894
1.0344771162790876
1.0344771162790876
1.0344771162790876
1.0344771162790876
1.0344771162790876
1.034408706338506
1.034408706338506
1.034408706338506
1.034408706338506
1.034408706338506
1.033018584618283
1.033018584618283
1.0316174736603265
1.0316174736603265
1.0315139665649424
1.0317166984671648
1.0322495232374775
1.0322495232374775
1.0325934523403664
1.0325934523403664
1.0325934523403664
1.0325934523403664
1.0325934523403664
1.0325934523403664
1.0325934523403664
1.0325934523403664
1.032493058238405
1.03328511860613
1.0330531331592046
1.0338256646899342
1.0348233700879106
1.0348233700879106
1.0348233700879106
1.0348233700879106
1.0348118964370465
1.0348118964370465
1.0348118964370465
1.0348118964370465
1.0348118964370465
1.033439359043865
1.033439359043865
1.0325977499358527
1.032545741812393
1.032545741812393
1.0323238083340565
1.0329193451947611
1.0329193451947611
1.0329193451947611
1.0329193451947611
1.0323225001877032
1.0323225001877032
1.031157314595122
1.031157314595122
1.031157314595122
1.0317532532279579
1.0312583465571756
1.0315526821778562
1.0315526821778562
1.0315526821778562
1.0315526821778562
1.0336769640591357
1.0336769640591357
1.0336769640591357
1.03370097590627
1.0327559612065111
1.0327559612065111
1.033355695062686
1.033318928043202
1.033318928043202
1.033318928043202
1.0335005503313606
1.0335005503313606
1.0335453103964085
1.0335453103964085
1.0330206313411234
1.0330206313411234
1.0330206313411234
1.0330206313411234
1.0330206313411234
1.0330206313411234
1.0330206313411234
1.0330206313411234
1.0330206313411234
1.0330206313411234
1.031321864332472
1.031321864332472
1.031321864332472
1.0311836585558802
1.0320709592742099
1.030522925741149
1.030522925741149
1.030522925741149
1.030522925741149
1.030522925741149
1.0306049852695085
1.0310867334646003
1.0310867334646003
1.0310867334646003
1.0322854907340846
1.0324176136706538
1.0322990676940433
1.03255498611133
1.03255498611133
1.0324393804856846
1.032497772869105
1.0326790828867567
1.0336185862802925
1.0336185862802925
1.0346634453002816
1.0341120797286332
1.0341120797286332
1.0341120797286332
1.0341120797286332
1.0341258727061755
1.0332558448886813
1.0332558448886813
1.0339984299030158
1.034927114140615
1.0352498011307965
1.035278447130663
1.0340688627883252
1.0340688627883252
1.0340688627883252
1.0340688627883252
1.0340688627883252
1.0340688627883252
1.0339104156095547
1.0346832805775965
1.0346832805775965
1.0342334912157134
1.0342334912157134
1.0342334912157134
1.0342334912157134
1.034608090219168
1.0322175147147015
1.0320171717811515
1.0332243518949893
1.0332243518949893
1.0332243518949893
1.0332243518949893
1.0333798227291764
1.0333798227291764
1.0333798227291764
1.0333798227291764
1.0327899434836032
1.0327899434836032
1.0327899434836032
1.0330141954875598
1.0330141954875598
1.0319932027459715
1.0319932027459715
1.031528030148985
1.031528030148985
1.0316507044538143
1.0317147082723082
1.0317147082723082
1.0319231037210979
1.0319477340119645
1.0319477340119645
1.0319477340119645
1.032526644633667
1.032526644633667
1.031569664127622
1.0315280708639507
1.0315280708639507
1.0315280708639507
1.0315280708639507
1.030205251780407
1.030555639798959
1.030555639798959
1.0311527091979715
1.031143297935097
1.031143297935097
1.031143297935097
1.031143297935097
1.031143297935097
1.0317197192072336
1.0317197192072336
1.0317197192072336
1.0317197192072336
1.0317197192072336
1.0316199657604757
1.0316199657604757
1.0301519666541625
1.0304196970264847
1.0316374251565612
1.0316374251565612
1.0330884277080286
1.0330884277080286
1.0330884277080286
1.0330884277080286
1.0330884277080286
1.0330884277080286
1.0330884277080286
1.0338059751231388
1.0338059751231388
1.0338059751231388
1.0311143898115243
1.0314467472465643
1.0314467472465643
1.0314467472465643
1.0314467472465643
1.0314467472465643
1.0310064780105141
1.0310064780105141
1.030095492132344
1.030095492132344
1.030095492132344
1.030095492132344
1.030665029737075
1.0308315585958663
1.0315007035993617
1.0315007035993617
1.0316460464515815
1.0311931010154871
1.0321478593663485
1.0317801038192227
1.0317801038192227
1.031106307201366
1.0324397345571088
1.0324397345571088
1.0335296211666811
1.0335296211666811
1.0335296211666811
1.0335296211666811
1.0335296211666811
1.0336344313298065
1.0336344313298065
1.0336344313298065
1.0325621294268434
1.0325621294268434
1.033318989603058
1.033318989603058
1.033318989603058
1.033318989603058
1.033318989603058
1.033190439787393
1.033190439787393
1.0331322344060354
1.0343430681520667
1.0343430681520667
1.0343430681520667
1.0353290646418043
1.0353290646418043
1.0353290646418043
1.0348754751341502
1.0348754751341502
1.0348754751341502
1.0361224961191062
1.036336492222395
1.036336492222395
1.0347820614386702
1.0347820614386702
1.0347820614386702
1.0347820614386702
1.0347820614386702
1.033979316320469
1.033979316320469
1.033979316320469
1.0342956119447957
1.0342956119447957
1.0342956119447957
1.0342956119447957
1.033380927265123
1.033380927265123
1.033380927265123
1.033380927265123
1.033380927265123
1.0333395796592544
1.0330428330756294
1.0330428330756294
1.0331989564902164
1.0331989564902164
1.0331989564902164
1.0331989564902164
1.0331989564902164
1.0312011948534083
1.0312011948534083
1.0310605587241715
1.031073511981236
1.030447906588845
1.030447906588845
1.030447906588845
1.030447906588845
1.030447906588845
1.030447906588845
1.030447906588845
1.030447906588845
1.030447906588845
1.030447906588845
1.030447906588845
1.030447906588845
1.030528607076644
1.030528607076644
1.0311422285065388
1.031640016641812
1.0309873087934494
1.0314913767743994
1.0314913767743994
1.0314913767743994
1.031308515283504
1.0315836851679916
1.0311053296012842
1.0307177525283886
1.030877985009288
1.030877985009288
1.030877985009288
1.0306180300056291
1.0306180300056291
1.0306180300056291
1.0306180300056291
1.0306180300056291
1.0303543393769672
1.0303543393769672
1.0303543393769672
1.0310885459471693
1.0301281573052752
1.0301133762641574
1.0282207501691731
1.0277441608858717
1.0277441608858717
1.0277441608858717
1.028798211204858
1.029159243373534
1.029159243373534
1.029159243373534
1.029159243373534
1.029159243373534
1.0297289264736995
1.0297289264736995
1.0297289264736995
1.0293180913672149
1.0293180913672149
1.0293180913672149
1.0293180913672149
1.0293180913672149
1.0293180913672149
1.028137134310619
1.028137134310619
1.028137134310619
1.028137134310619
1.028137134310619
1.0303142031957522
1.0313015958675211
1.0303262514127995
1.0303262514127995
1.0303262514127995
1.030351671249756
1.030351671249756
1.030923675260953
1.030923675260953
1.03021711172179
1.03021711172179
1.030002899876585
1.030002899876585
1.0310485957086253
1.0305175358001142
1.0305175358001142
1.0305175358001142
1.0305175358001142
1.0305175358001142
1.0284033839671005
1.0284033839671005
1.0284033839671005
1.0284033839671005
1.0285246022964984
1.0285246022964984
1.0285246022964984
1.0285246022964984
1.0285246022964984
1.0303409563871395
1.0296253491011365
1.0295651036904052
1.0295651036904052
1.0299174020382071
1.0290710476631972
1.0290710476631972
1.0290710476631972
1.0290710476631972
1.0290710476631972
1.0273841064817504
1.0271371175418385
1.0279943529778415
1.0279943529778415
1.0279943529778415
1.0279943529778415
1.0279943529778415
1.0279943529778415
1.0279943529778415
1.0279943529778415
1.0279943529778415
1.0279943529778415
1.0306988991163437
1.0306988991163437
1.0300351552745317
1.0300351552745317
1.0300351552745317
1.0287875514541354
1.0287875514541354
1.0287875514541354
1.0287875514541354
1.0287875514541354
1.0287875514541354
1.0287875514541354
1.02957456883093
1.02957456883093
1.02957456883093
1.0298073243113075
1.0298073243113075
1.0298481482777035
1.0290794455135317
1.0290794455135317
1.0290794455135317
1.0290794455135317
1.0290794455135317
1.0302344428133412
1.0308132005747799
1.0308132005747799
1.0308132005747799
1.0293473788408596
1.0296251366619324
1.0296251366619324
1.0288770837375572
1.0302238982333118
1.0302238982333118
1.0302238982333118
1.0302403543076968
1.0302403543076968
1.0302403543076968
1.030690404645233
1.030690404645233
1.030690404645233
1.0309210672856242
1.032509477751411
1.0326500269087149
1.0326500269087149
1.0326500269087149
1.0305995059992512
1.0305995059992512
1.0305995059992512
1.0305995059992512
1.0300089681185771
1.030741369093386
1.030741369093386
1.030741369093386
1.030741369093386
1.030741369093386
1.030741369093386
1.030741369093386
1.0309891936242608
1.0303303501514025
1.0303303501514025
1.0310918804985478
1.031983105377743
1.031983105377743
1.0331716235790371
1.0331716235790371
1.0331716235790371
1.0327576322102023
1.0321739445471518
1.0324594980998358
1.0323217278587338
1.0323217278587338
1.0323217278587338
1.0323217278587338
1.032572170740125
1.032572170740125
1.0299896467690095
1.0319704673287657
1.0322354195237167
1.0322354195237167
1.0310836728641668
1.0310836728641668
1.0305383773885246
1.0305383773885246
1.0312056925073536
1.0312056925073536
1.0312056925073536
1.0312056925073536
1.0312056925073536
1.0312056925073536
1.0312056925073536
1.0312056925073536
1.031830477680891
1.031830477680891
1.031830477680891
1.0319540298821932
1.0303611463142723
1.0317781748635426
1.0317781748635426
1.0317781748635426
1.0317781748635426
1.0317781748635426
1.0316879500436413
1.0318776269073986
1.0318776269073986
1.0318776269073986
1.030383718191269
1.0295844640526162
1.029952237940244
1.029952237940244
1.029952237940244
1.029952237940244
1.029952237940244
1.0293477426724928
1.0293477426724928
1.0293477426724928
1.0293477426724928
1.0293477426724928
1.029074517004946
1.029074517004946
1.030220818915682
1.030220818915682
1.030220818915682
1.030220818915682
1.030220818915682
1.030220818915682
1.030220818915682
1.027149589144995
1.0292842102857687
1.0292842102857687
1.0297928199055004
1.0287145801183062
1.0288476374338285
1.030082684338941
1.030082684338941
1.03012221799654
1.03012221799654
1.03012221799654
1.0307635784387443
1.0307635784387443
1.0307635784387443
1.0299323651335754
1.0299323651335754
1.0315489595940381
1.0315489595940381
1.0312231855690634
1.029929939126132
1.029929939126132
1.029929939126132
1.0302507419227342
1.0302507419227342
1.0305408692213
1.030032660191267
1.030032660191267
1.030032660191267
1.0301349947719725
1.0301349947719725
1.0301349947719725
1.0308591034172339
1.0308591034172339
1.0308591034172339
1.0308591034172339
1.0297815901653218
1.0297815901653218
1.0297815901653218
1.0297815901653218
1.0297815901653218
1.0303752367950143
1.0310731239858641
1.0310731239858641
1.0310731239858641
1.0302959828446743
1.0312501162763072
1.0312501162763072
1.0309153679905854
1.0311924988722467
1.0302600677059266
1.0302600677059266
1.0302600677059266
1.0302600677059266
1.0302600677059266
1.0300553320361054
1.0300553320361054
1.0300553320361054
1.0303804915368093
1.0297711924060025
1.0304355377057253
1.0304355377057253
1.0304355377057253
1.0304355377057253
1.0304355377057253
1.0304355377057253
1.0304355377057253
1.0289645399915623
1.0289645399915623
1.0286724508944138
1.0286724508944138
1.0296151671981448
1.0296151671981448
1.0296151671981448
1.0296151671981448
1.0296151671981448
1.0295952635809504
1.0295952635809504
1.0300006165188895
1.0300006165188895
1.0300006165188895
1.0287457937881999
1.0287457937881999
1.029526404301092
1.030260103326831
1.030260103326831
1.0306227999026472
1.0306227999026472
1.0287466686560132
1.0282661492995173
1.0282661492995173
1.0282661492995173
1.0282661492995173
1.0281921820006983
1.0281921820006983
1.0282640946369972
1.0282640946369972
1.0282640946369972
1.0282640946369972
1.0282640946369972
1.0282640946369972
1.0280681128990752
1.0280681128990752
1.0280681128990752
1.0293108349821367
1.029985011311449
1.029985011311449
1.029985011311449
1.029089937760601
1.029089937760601
1.029089937760601
1.029089937760601
1.029089937760601
1.029089937760601
1.0286806777146207
1.029736794818589
1.029736794818589
1.029736794818589
1.0297749684312343
1.0288684840190314
1.0288684840190314
1.0279294073026817
1.0279294073026817
1.0279294073026817
1.0295069061417166
1.0295069061417166
1.0303366817792505
1.0300358595538925
1.0300306808963904
1.0312457529611017
1.0312457529611017
1.0314247451271166
1.0314247451271166
1.0314247451271166
1.0314247451271166
1.0314247451271166
1.0314247451271166
1.0314247451271166
1.0280657128033384
1.0303393783417627
1.0303393783417627
1.0297506587421363
1.0297506587421363
1.029330218369392
1.0302893503502681
1.0314748953434163
1.0322164085065646
1.0322164085065646
1.0316233927471525
1.03134547229347
1.03134547229347
1.03134547229347
1.03134547229347
1.0307083371531778
1.0307083371531778
1.0299873786050338
1.0296516949900196
1.0281386037362936
1.0281386037362936
1.0278572991269237
1.0278572991269237
1.0278572991269237
1.0278572991269237
1.0278328278565583
1.0278328278565583
1.0293101946828997
1.0293101946828997
1.0293101946828997
1.0293837305496025
1.028824220325257
1.028824220325257
1.028824220325257
1.0307726881672141
1.0307726881672141
1.0302231272250317
1.0302231272250317
1.0302231272250317
1.0302231272250317
1.0289792957569346
1.0289792957569346
1.027840705638711
1.0275684647125025
1.0275684647125025
1.0290456978321567
1.0290456978321567
1.0290456978321567
1.0290456978321567
1.0283744441732592
1.0282967907006924
1.0282967907006924
1.0282967907006924
1.0310168674803777
1.0310168674803777
1.0310168674803777
1.0305027731850354
1.0305027731850354
1.0305027731850354
1.0296759595109415
1.0296759595109415
1.029790531579259
1.0307975483984277
1.0307975483984277
1.0307975483984277
1.0307975483984277
1.0307975483984277
1.0307975483984277
1.0307975483984277
1.0313855379048549
1.0314345706438612
1.0314345706438612
1.0314345706438612
1.0314345706438612
1.0314345706438612
1.0322781464360746
1.0296881556316437
1.0296881556316437
1.0296881556316437
1.0306157648259808
1.0306157648259808
1.0306157648259808
1.031551841702927
1.031551841702927
1.031551841702927
1.031551841702927
1.031551841702927
1.031551841702927
1.031551841702927
1.031551841702927
1.031551841702927
1.031551841702927
1.0319908666924376
1.0308807222324854
1.0308807222324854
1.03027491542478
1.03027491542478
1.029255138278126
1.0298043312263303
1.0298043312263303
1.0298043312263303
1.0298043312263303
1.030816103157362
1.0303843536296513
1.0303843536296513
1.0303843536296513
1.0303843536296513
1.0304628985810922
1.0304628985810922
1.0304628985810922
1.0304628985810922
1.0310318417958693
1.0312566937959493
1.0312566937959493
1.0312566937959493
1.0312566937959493
1.030017748716569
1.0298786169378438
1.0298786169378438
1.0298786169378438
1.0298786169378438
1.0298786169378438
1.0308965740184315
1.0308965740184315
1.0308965740184315
1.0294822439012072
1.0294822439012072
1.029172312352959
1.029172312352959
1.029172312352959
1.029172312352959
1.0295570658866111
1.0295570658866111
1.0295570658866111
1.0295570658866111
1.0285154330054087
1.0285154330054087
1.0285154330054087
1.0285154330054087
1.0285154330054087
1.0273366680398341
1.0279214687847518
1.0279214687847518
1.0279214687847518
1.0279214687847518
1.0279214687847518
1.0279214687847518
1.0275851424643787
1.0275851424643787
1.0275851424643787
1.0275851424643787
1.0273122068020464
1.0282621368681946
1.027801685995003
1.027801685995003
1.027801685995003
1.027801685995003
1.027801685995003
1.0276088791315692
1.028198162966764
1.0294423329537266
1.0294423329537266
1.0294423329537266
1.0294423329537266
1.0294423329537266
1.029831398398717
1.029831398398717
1.03038823101599
1.03038823101599
1.03038823101599
1.03038823101599
1.03038823101599
1.03038823101599
1.03038823101599
1.03038823101599
1.03038823101599
1.03038823101599
1.03038823101599
1.0300424471064156
1.0300424471064156
1.029167971163214
1.0307209061471487
1.0304723595270064
1.0298280712081722
1.0298280712081722
1.0298280712081722
1.0298280712081722
1.0298280712081722
1.030651806616165
1.030651806616165
1.030651806616165
1.030651806616165
1.030651806616165
1.030651806616165
1.0321514866801018
1.030275294334546
1.030275294334546
1.030275294334546
1.030275294334546
1.030275294334546
1.0309410955347933
1.0309410955347933
1.0309410955347933
1.0309410955347933
1.0309410955347933
1.0309410955347933
1.0309410955347933
1.0309410955347933
1.0309410955347933
1.031128986743935
1.031128986743935
1.031128986743935
1.031128986743935
1.0316225421173015
1.0296531034954728
1.0296531034954728
1.0296695144133599
1.0296695144133599
1.0296695144133599
1.0296695144133599
1.0296695144133599
1.0296695144133599
1.028147074411546
1.028147074411546
1.028147074411546
1.028147074411546
1.028617179405132
1.0281113101560921
1.0281113101560921
1.029016771878706
1.0282535976737688
1.0282535976737688
1.0288477206724636
1.0278464845645876
1.0278464845645876
1.0278464845645876
1.0278464845645876
1.0278464845645876
1.0278464845645876
1.028067155511816
1.028067155511816
1.028067155511816
1.028067155511816
1.0268249947173589
1.0268249947173589
1.0273503269636597
1.0264113153154197
1.0264113153154197
1.0278440339729946
1.0278440339729946
1.0278440339729946
1.0278440339729946
1.0278440339729946
1.0278440339729946
1.0278440339729946
1.0278440339729946
1.0278440339729946
1.0278440339729946
1.0278440339729946
1.027998630214119
1.027998630214119
1.027998630214119
1.027998630214119
1.030079996806604
1.030079996806604
1.030079996806604
1.030079996806604
1.030079996806604
1.0286397136180865
1.0280891540243529
1.0280891540243529
1.0280891540243529
1.0280891540243529
1.029546265733483
1.0291733370797598
1.0287087679091624
1.0287087679091624
1.0287087679091624
1.0287087679091624
1.0287087679091624
1.0287087679091624
1.0287087679091624
1.0287087679091624
1.0287087679091624
1.0287087679091624
1.0287087679091624
1.0296101373290745
1.0296101373290745
1.0307163686263134
1.0307163686263134
1.0307163686263134
1.0314207230558816
1.0314207230558816
1.031446047469008
1.031446047469008
1.031446047469008
1.031446047469008
1.031446047469008
1.0296090859840044
1.0296090859840044
1.0296090859840044
1.029265328516358
1.029265328516358
1.029265328516358
1.029265328516358
1.0297544051060212
1.0297544051060212
1.0297544051060212
1.0297544051060212
1.0293300045938312
1.0293300045938312
1.0293300045938312
1.0293300045938312
1.0293300045938312
1.0293381302994316
1.0293381302994316
1.0293381302994316
1.029528363670116
1.029528363670116
1.029528363670116
1.029528363670116
1.029528363670116
1.030360578910989
1.030360578910989
1.0293205516965478
1.0293205516965478
1.0301370276667723
1.0290158286652282
1.0290158286652282
1.0301091206230881
1.030448900068285
1.0297291886071884
1.0306550625226525
1.0306550625226525
1.0310736827535005
1.0310736827535005
1.0308420626884283
1.0310347052179232
1.0310347052179232
1.031323898239622
1.031323898239622
1.0297950843941908
1.0297950843941908
1.0297950843941908
1.0303036813724071
1.0303036813724071
1.0303036813724071
1.0303036813724071
1.0303036813724071
1.031162708160483
1.031162708160483
1.031162708160483
1.031162708160483
1.031162708160483
1.0295791634722493
1.0295791634722493
1.0301109412173044
1.0302686988930705
1.0294658939275794
1.0294658939275794
1.0294658939275794
1.0306451442987548
1.0306451442987548
1.0306451442987548
1.0306451442987548
1.0306451442987548
1.0306451442987548
1.0306451442987548
1.0306451442987548
1.0306451442987548
1.0306451442987548
1.0306451442987548
1.0305703012724117
1.0310561863579821
1.0310561863579821
1.0310561863579821
1.0309583595163467
1.0309583595163467
1.0307326464426148
1.0307326464426148
1.0307326464426148
1.031036014704205
1.0312283543393848
1.0304201027797628
1.0304201027797628
1.0304201027797628
1.0304201027797628
1.0304201027797628
1.0311190175529625
1.0316181142192453
1.0316181142192453
1.0316181142192453
1.0316181142192453
1.032366088330354
1.032366088330354
1.032366088330354
1.032366088330354
1.030067759225963
1.030067759225963
1.0297931843178907
1.0308905097627366
1.0308905097627366
1.0308905097627366
1.0308905097627366
1.0308905097627366
1.0323484040697986
1.0333781238941073
1.0333781238941073
1.0329954880008696
1.0329954880008696
1.0329954880008696
1.0310510396821706
1.0315076348937653
1.0314680456161949
1.0314680456161949
1.0314680456161949
1.0324786011327818
1.0324786011327818
1.0321248612682614
1.033617236781991
1.0315754402957928
1.0315754402957928
1.0315754402957928
1.0315754402957928
1.0314084289229863
1.0314084289229863
1.0314084289229863
1.0314084289229863
1.0314084289229863
1.0314084289229863
1.0314084289229863
1.0314084289229863
1.0314084289229863
1.0314084289229863
1.0314084289229863
1.0312703578808338
1.0312703578808338
1.031590370151301
1.031590370151301
1.031590370151301
1.031460056778377
1.031460056778377
1.031460056778377
1.031460056778377
1.031460056778377
1.0311540207814187
1.0311540207814187
1.0311540207814187
1.0311540207814187
1.0310632660153205
1.0295914800857326
1.029892179752062
1.0303979590541426
1.0307751358876864
1.0307751358876864
1.0307751358876864
1.030706978572657
1.03085615510468
1.030364331979203
1.030364331979203
1.030364331979203
1.030364331979203
1.030364331979203
1.030364331979203
1.0298222710834104
1.0298222710834104
1.0297799995800152
1.0297799995800152
1.0297799995800152
1.0297799995800152
1.0297799995800152
1.0297799995800152
1.030258907865987
1.030258907865987
1.030258907865987
1.030258907865987
1.030258907865987
1.030258907865987
1.0297619316539468
1.0297619316539468
1.0301614422335812
1.030144197010781
1.030144197010781
1.02927099860245
1.0285596109570558
1.0285596109570558
1.0285596109570558
1.0285596109570558
1.029129123691442
1.029129123691442
1.0292965666218992
1.0292965666218992
1.0292965666218992
1.0292965666218992
1.0292965666218992
1.0292965666218992
1.0282760455387168
1.0275991989037156
1.029641887543887
1.029641887543887
1.029641887543887
1.029641887543887
1.0287066039654083
1.0287066039654083
1.0287066039654083
1.0287066039654083
1.0295548027051193
1.0295548027051193
1.0282407669935842
1.0286812826467293
1.0286812826467293
1.0286812826467293
1.0287357895522509
1.0295894141102486
1.0295894141102486
1.0295894141102486
1.0295894141102486
1.0295894141102486
1.0295894141102486
1.0289418787072526
1.0289418787072526
1.0289418787072526
1.0289418787072526
1.0263312296505405
1.0263312296505405
1.0267455474135507
1.0279258415630121
1.0279258415630121
1.0279258415630121
1.0279258415630121
1.0279258415630121
1.0278627432518934
1.0285155939085229
1.0285155939085229
1.0285155939085229
1.0289981316952468
1.0289981316952468
1.0289981316952468
1.0284357929593289
1.0274259877988503
1.027062803689032
1.027062803689032
1.027062803689032
1.027062803689032
1.0274913568431754
1.0274913568431754
1.0274913568431754
1.027634056893347
1.027634056893347
1.027634056893347
1.0260992375775233
1.0267632856572977
1.0267632856572977
1.0284275791100432
1.0284275791100432
1.0277570187630432
1.0277570187630432
1.028543263069963
1.028543263069963
1.0284299796901253
1.0284299796901253
1.0277322983877646
1.0277322983877646
1.0277322983877646
1.0265188213950962
1.0245671234947156
1.0273478791253574
1.0258734520694317
1.0258734520694317
1.0258734520694317
1.0258734520694317
1.0258734520694317
1.0258734520694317
1.0258734520694317
1.0258734520694317
1.0258734520694317
1.0258734520694317
1.0260683257175114
1.0260683257175114
1.0236887223764741
1.0253723921018052
1.0253723921018052
1.0263987491625217
1.0268398341535476
1.0268398341535476
1.0268398341535476
1.0268398341535476
1.0268398341535476
1.0268398341535476
1.028888083169201
1.0281022355565734
1.0281022355565734
1.0281022355565734
1.0281022355565734
1.0281022355565734
1.0281022355565734
1.0276557006744405
1.0276557006744405
1.0276557006744405
1.0276557006744405
1.0276557006744405
1.0276557006744405
1.0276557006744405
1.0276557006744405
1.0285705243926393
1.0285705243926393
1.0275496041014878
1.0275496041014878
1.0275496041014878
1.0275413694418238
1.0282721984888792
1.0288505675737607
1.0288505675737607
1.0288505675737607
1.0288505675737607
1.029563434632896
1.029563434632896
1.029563434632896
1.029563434632896
1.0296794783929115
1.0271086148900874
1.028327079660198
1.028327079660198
1.028327079660198
1.028327079660198
1.028327079660198
1.028327079660198
1.028327079660198
1.0282680448656982
1.0281636523447069
1.0277914707369462
1.0282765387633965
1.0282765387633965
1.0282765387633965
1.029700919239592
1.029700919239592
1.0285335214758509
1.0285335214758509
1.0285335214758509
1.0285335214758509
1.0276284137512366
1.0276284137512366
1.0276284137512366
1.0276284137512366
1.0276284137512366
1.0276284137512366
1.0276284137512366
1.0279013724452941
1.0279013724452941
1.0279013724452941
1.0279013724452941
1.0271782961539506
1.0271782961539506
1.0271782961539506
1.0271782961539506
1.0271782961539506
1.0271782961539506
1.0267056120058775
1.0267056120058775
1.027000265822271
1.027000265822271
1.027000265822271
1.025800497512535
1.025800497512535
1.0294131009859322
1.0296371079459947
1.0295979104023336
1.0300779133353772
1.0300779133353772
1.0291926970125673
1.0291926970125673
1.0284942564564161
1.028332085215852
1.0300720205294582
1.0300720205294582
1.0300720205294582
1.0300720205294582
1.0286843964246097
1.0286843964246097
1.0286843964246097
1.0286843964246097
1.0302763402762043
1.0302763402762043
1.0295471157063663
1.0295471157063663
1.0302798207315784
1.0302798207315784
1.0302798207315784
1.0287358467185739
1.0286341929321978
1.028546568737472
1.0287108548101365
1.0292085287090627
1.0292085287090627
1.0292085287090627
1.0292085287090627
1.0292085287090627
1.0292085287090627
1.0292085287090627
1.0292085287090627
1.0292085287090627
1.0297832857148932
1.0297832857148932
1.0297832857148932
1.0297832857148932
1.0285815934207883
1.0285815934207883
1.0303343381408754
1.0294702227235162
1.0294702227235162
1.0303270608804767
1.0303270608804767
1.0303270608804767
1.029855152955815
1.0302115938461247
1.0302115938461247
1.0302115938461247
1.0302115938461247
1.0302115938461247
1.0302115938461247
1.0302115938461247
1.0302115938461247
1.0290013619995484
1.0290013619995484
1.0289106886980786
1.0293848451440413
1.029677725971548
1.030238680036511
1.0295753350080568
1.0295753350080568
1.0290583949938577
1.0290583949938577
1.0290583949938577
1.0290583949938577
1.029218977397448
1.029218977397448
1.029218977397448
1.029218977397448
1.0292240349732336
1.026951967992009
1.026951967992009
1.026951967992009
1.026951967992009
1.028688915199491
1.0293175557851653
1.0293175557851653
1.0296139473186652
1.0296139473186652
1.0296139473186652
1.029762692932684
1.029762692932684
1.029762692932684
1.029762692932684
1.029762692932684
1.0286607129504586
1.0286607129504586
1.0275478742556798
1.0275478742556798
1.0275478742556798
1.0275478742556798
1.0275478742556798
1.0271822940001039
1.0271822940001039
1.0271822940001039
1.0271822940001039
1.0271822940001039
1.0271822940001039
1.0273243145800217
1.0273243145800217
1.0273243145800217
1.0273243145800217
1.0267437462732825
1.0264812345692174
1.0266831076242466
1.0266831076242466
1.0266831076242466
1.0266831076242466
1.0266831076242466
1.0266831076242466
1.0266831076242466
1.0266831076242466
1.0266831076242466
1.0266831076242466
1.026743320609085
1.026743320609085
1.026743320609085
1.02642319483259
1.02642319483259
1.02642319483259
1.02642319483259
1.02642319483259
1.0263346624298704
1.0263346624298704
1.0263346624298704
1.0263346624298704
1.0282732971213155
1.0282732971213155
1.0282732971213155
1.028137461126916
1.028137461126916
1.028137461126916
1.028137461126916
1.028613633968013
1.028613633968013
1.0279602133596324
1.0279602133596324
1.0279602133596324
1.0279602133596324
1.0282659231470213
1.0282659231470213
1.0278947076205005
1.0281333299529838
1.0281333299529838
1.0280793678310471
1.0279572649729456
1.0279572649729456
1.0301770861684119
1.0301770861684119
1.0301770861684119
1.0301770861684119
1.0301770861684119
1.0301770861684119
1.0291995344864304
1.0291995344864304
1.0288382517115389
1.0288382517115389
1.0288382517115389
1.027894205098646
1.025685859066955
1.025685859066955
1.025685859066955
1.025685859066955
1.0253188099374453
1.0264832070491343
1.0264832070491343
1.0265337352649493
1.0264340561662815
1.0264340561662815
1.0261542942810258
1.0272044906369926
1.0269418078637749
1.0275685252417937
1.0275685252417937
1.0275685252417937
1.0275685252417937
1.0275685252417937
1.0274087702696812
1.0274087702696812
1.0274087702696812
1.0274087702696812
1.0274087702696812
1.0274087702696812
1.0274087702696812
1.028122471430316
1.028122471430316
1.028122471430316
1.028122471430316
1.028122471430316
1.028122471430316
1.028122471430316
1.0298299836740936
1.0298299836740936
1.0298299836740936
1.0298299836740936
1.0272001366993087
1.0267033359850692
1.0275005837565416
1.0275005837565416
1.0275005837565416
1.0275005837565416
1.0263937381855561
1.0263937381855561
1.0263066741216662
1.0257334011446253
1.0257334011446253
1.0273868197482563
1.0273868197482563
1.0273868197482563
1.0273868197482563
1.0273868197482563
1.0273868197482563
1.0282252663285631
1.0282252663285631
1.0282252663285631
1.0282779962082667
1.0287088723736573
1.0273169794896737
1.0276057594142167
1.0276057594142167
1.0276057594142167
1.0272509169490047
1.0279436104235127
1.0267679034835728
1.0267679034835728
1.0267679034835728
1.0267679034835728
1.0267679034835728
1.0271039971007132
1.0271209291640802
1.0271209291640802
1.0271209291640802
1.0271209291640802
1.0271209291640802
1.0271209291640802
1.0271209291640802
1.0271209291640802
1.0286460269019841
1.026782543931363
1.026782543931363
1.026782543931363
1.026782543931363
1.0277058261735386
1.0277058261735386
1.0286384995464652
1.0288193658614238
1.0288193658614238
1.0288193658614238
1.0288193658614238
1.0288193658614238
1.0279215916512383
1.028132103553386
1.028132103553386
1.027566648209777
1.0276707957039481
1.0276707957039481
1.0276707957039481
1.0267788210691728
1.0265371925450684
1.0265371925450684
1.027773614201311
1.027773614201311
1.02667035667589
1.0262472901091075
1.0266740927346316
1.0265470012520839
1.0265470012520839
1.0265009100667157
1.0265009100667157
1.0258571079758272
1.0258571079758272
1.0271155543729837
1.0254642982839057
1.0266316180868045
1.0259868571771829
1.0259197538277236
1.0248937966256706
1.0248937966256706
1.0248937966256706
1.0263202442361994
1.0263202442361994
1.0260531744163823
1.0260531744163823
1.0260531744163823
1.0260531744163823
1.0260531744163823
1.0259732009586051
1.0270577822893594
1.0270577822893594
1.0270577822893594
1.0275911377813451
1.0275911377813451
1.0273933721588884
1.0273933721588884
1.0273933721588884
1.0280472496835307
1.0280472496835307
1.0292013284129609
1.0282166796600298
1.0282166796600298
1.029485614057201
1.0294339248631796
1.0294339248631796
1.0294339248631796
1.0294339248631796
1.0283421950539946
1.0283421950539946
1.0283421950539946
1.0283421950539946
1.027309174290006
1.0260736905977925
1.0260736905977925
1.026716867623153
1.026716867623153
1.026716867623153
1.026716867623153
1.026716867623153
1.026098897555921
1.0264006826185377
1.027375760716493
1.027375760716493
1.027375760716493
1.027375760716493
1.0289890889227813
1.0289890889227813
1.02936365660709
1.02936365660709
1.0292949161107374
1.0292949161107374
1.0292949161107374
1.0292949161107374
1.0292949161107374
1.0297320844163207
1.0297320844163207
1.0297320844163207
1.0275103792649176
1.0289432789956678
1.0289432789956678
1.0289432789956678
1.0289432789956678
1.0292534511582705
1.0292534511582705
1.0292534511582705
1.0292534511582705
1.0292534511582705
1.0292534511582705
1.0293954909881171
1.0296826809928539
1.0296826809928539
1.0296826809928539
1.0296826809928539
1.0297298282267782
1.0300603665156844
1.0300603665156844
1.0297333980018537
1.0297333980018537
1.028615438741719
1.0289529798277528
1.0289529798277528
1.0289529798277528
1.0276633031903382
1.0276633031903382
1.0276633031903382
1.0276633031903382
1.0265718407465185
1.0265718407465185
1.026488888858702
1.026488888858702
1.026488888858702
1.026488888858702
1.026488888858702
1.0269604972744795
1.0269604972744795
1.0269604972744795
1.0269604972744795
1.0260978170050656
1.0267543111415165
1.0255593256420807
1.0255593256420807
1.0270683749241198
1.0270683749241198
1.0273481502618809
1.0273481502618809
1.0273481502618809
1.0273481502618809
1.0276329300713425
1.027554992596777
1.027554992596777
1.0283052996024495
1.0281589794968378
1.0281589794968378
1.0281589794968378
1.0281589794968378
1.0281589794968378
1.0281589794968378
1.0281589794968378
1.0281589794968378
1.0281589794968378
1.028668790773774
1.028668790773774
1.028668790773774
1.028668790773774
1.028668790773774
1.028668790773774
1.028668790773774
1.028668790773774
1.0291390105279041
1.0288155759856503
1.0288155759856503
1.0293371098757378
1.030435520393668
1.0296323918073704
1.0296323918073704
1.0296323918073704
1.0296323918073704
1.0283797758115014
1.0283797758115014
1.0283797758115014
1.0283797758115014
1.0274871311430473
1.0274871311430473
1.0270105808437802
1.0270105808437802
1.0270223364046849
1.0270331985151149
1.0281514870156054
1.0273911442575232
1.0277547825134365
1.0277547825134365
1.0293097068025499
1.0278364165138534
1.0295930181664312
1.0295930181664312
1.029083724135455
1.029083724135455
1.0282174784608513
1.0279063738533554
1.0263697888398038
1.0263697888398038
1.0266831028282573
1.0266831028282573
1.0266831028282573
1.0266831028282573
1.0266831028282573
1.027478161810926
1.027478161810926
1.0292865968556695
1.0292865968556695
1.0287374400383018
1.0287374400383018
1.0287374400383018
1.0287374400383018
1.0295934374260598
1.0299404017292555
1.0299404017292555
1.0327437956287857
1.0327437956287857
1.0316126949621254
1.0316126949621254
1.0322518217841494
1.0322518217841494
1.0319862913073645
1.0318168050108782
1.0318168050108782
1.030931786984148
1.030931786984148
1.030931786984148
1.030931786984148
1.030931786984148
1.030931786984148
1.030931786984148
1.0313219678850039
1.0296727350381543
1.0296727350381543
1.029386365558508
1.029386365558508
1.029386365558508
1.0290310173545625
1.0282718135600037
1.0295423762373352
1.0290400005628044
1.029174120500061
1.029174120500061
1.0290939270796637
1.0290939270796637
1.0290939270796637
1.0305200245688306
1.0293383904068019
1.0293383904068019
1.029393161502946
1.0300073123171585
1.0300073123171585
1.0300073123171585
1.0319438640786023
1.0319438640786023
1.0319438640786023
1.0312221771353538
1.0312221771353538
1.0312221771353538
1.0305742546438559
1.0305742546438559
1.0305742546438559
1.0305742546438559
1.0305742546438559
1.0305742546438559
1.0305742546438559
1.0305742546438559
1.0305742546438559
1.0305742546438559
1.0305742546438559
1.0303925500549809
1.0303925500549809
1.0303925500549809
1.0313257680741543
1.0313257680741543
1.029519982390112
1.029519982390112
1.0289830253318302
1.0289830253318302
1.0289830253318302
1.0298069638647502
1.029725666760645
1.029725666760645
1.029725666760645
1.029725666760645
1.0295298735329288
1.0295298735329288
1.0295298735329288
1.0295298735329288
1.0294325591062619
1.0294378598240799
1.0294378598240799
1.0294378598240799
1.0294378598240799
1.0294378598240799
1.0305452514638724
1.029913416796427
1.029913416796427
1.0298852956507163
1.0298852956507163
1.0298852956507163
1.0298852956507163
1.0302492823694427
1.0302492823694427
1.0288089570939254
1.0288089570939254
1.0288089570939254
1.0275581567164134
1.027489455269395
1.027489455269395
1.027489455269395
1.027489455269395
1.027489455269395
1.0281908842500083
1.0279541920927397
1.0273103494676246
1.0278163463994086
1.0278163463994086
1.0278163463994086
1.0278163463994086
1.0283347239658907
1.028426662607994
1.028426662607994
1.028426662607994
1.028426662607994
1.028426662607994
1.0281393061580635
1.0277946248494907
1.0277946248494907
1.0276379724529545
1.0276379724529545
1.0290918324983886
1.0300166259880683
1.0291315678433368
1.0291315678433368
1.0291315678433368
1.0291315678433368
1.0291315678433368
1.0291315678433368
1.0291315678433368
1.0291315678433368
1.029666909944453
1.0288965563133032
1.0288965563133032
1.0288965563133032
1.0288965563133032
1.0288965563133032
1.0299366869172322
1.0311768919950561
1.0301872700698893
1.0301872700698893
1.0301872700698893
1.0301872700698893
1.0303668942834152
1.0303668942834152
1.0303668942834152
1.030633465100691
1.03249700841624
1.03249700841624
1.0325985942817433
1.0325985942817433
1.0302476402345773
1.02944474168888
1.029305790166949
1.029305790166949
1.0296892267487225
1.0304914854159404
1.0301963517650155
1.0286762841685786
1.0294355408229114
1.0297668771521429
1.0297668771521429
1.0297882366124314
1.0297882366124314
1.0297882366124314
1.031687368814519
1.0311720512998492
1.0303910278374002
1.0303910278374002
1.0305769506344304
1.0305769506344304
1.0305769506344304
1.0305769506344304
1.0305769506344304
1.02906346942596
1.02906346942596
1.028263063893777
1.0280427187173073
1.0270687393696112
1.0270687393696112
1.0270687393696112
1.0270687393696112
1.0270687393696112
1.026976646315228
1.0284225408847731
1.0289243768792125
1.0290091491601812
1.0288637729891195
1.028273023365318
1.028273023365318
1.028273023365318
1.0293132412934884
1.0293132412934884
1.0295939785766512
1.0295939785766512
1.0295939785766512
1.0295939785766512
1.0294015985535423
1.0289684455921846
1.0289684455921846
1.0289684455921846
1.0289684455921846
1.0289684455921846
1.0306411632605998
1.0306411632605998
1.0306411632605998
1.0299692158331981
1.0299692158331981
1.0299692158331981
1.0295944081518142
1.0296573733403949
1.0296573733403949
1.0296573733403949
1.0296573733403949
1.0296573733403949
1.0296573733403949
1.029577654049797
1.0296214158855856
1.0296214158855856
1.0289818178153822
1.0289818178153822
1.0270255080903195
1.028280287758248
1.028280287758248
1.0281130247377541
1.0282246889040096
1.0282246889040096
1.0282246889040096
1.0278628949880286
1.0271146123992994
1.0288493903727254
1.0288493903727254
1.0288493903727254
1.0288493903727254
1.0286953656554623
1.0286953656554623
1.0286953656554623
1.0286953656554623
1.0286953656554623
1.0292606444942658
1.030699912742086
1.0306814286231005
1.0306022151527088
1.0295124923926557
1.0295124923926557
1.0295124923926557
1.030183654194987
1.029093963090811
1.029093963090811
1.0292077292006556
1.0292077292006556
1.0292077292006556
1.0296565562073685
1.0296565562073685
1.0296565562073685
1.0297840146758341
1.0297840146758341
1.0297840146758341
1.030241151875557
1.0302807342246372
1.0302807342246372
1.0302807342246372
1.0302807342246372
1.0302807342246372
1.0322707122884152
1.0319324168451156
1.0319324168451156
1.0319324168451156
1.0319324168451156
1.0319324168451156
1.0319324168451156
1.0315576790938512
1.0334929297885915
1.0307421992802515
1.032646184929863
1.031877572911098
1.031877572911098
1.0318206894256876
1.0318206894256876
1.0318206894256876
1.0319864372026926
1.0319864372026926
1.0319864372026926
1.0319864372026926
1.0305604377628583
1.0305073830633122
1.0307215195208468
1.0303651088966785
1.0303651088966785
1.0303651088966785
1.0303651088966785
1.0305098344551618
1.0293309403603004
1.0293309403603004
1.0293309403603004
1.0280506406120922
1.0280506406120922
1.0280506406120922
1.0280506406120922
1.0280506406120922
1.0273052868242807
1.0294041419729107
1.0294041419729107
1.0294041419729107
1.0292393084488651
1.0291893743854337
1.0291893743854337
1.0291893743854337
1.0291893743854337
1.028895987986883
1.028895987986883
1.028895987986883
1.028895987986883
1.028895987986883
1.029190829963748
1.0302515513632906
1.029080338293273
1.02930600342467
1.028627552909275
1.028627552909275
1.028627552909275
1.0312337158970386
1.0316436857390483
1.0316436857390483
1.0316436857390483
1.0316436857390483
1.0326540590258244
1.031848941035095
1.031848941035095
1.031848941035095
1.031848941035095
1.031848941035095
1.0308588473196414
1.0317503318109358
1.0304059380871196
1.0304059380871196
1.0294532854088976
1.0299152446345776
1.0299152446345776
1.03003063304772
1.02986947672165
1.02986947672165
1.0306062219436547
1.0310321099140358
1.0305427172309864
1.0305427172309864
1.0290628691830201
1.0290628691830201
1.0279099077348826
1.0279099077348826
1.0279099077348826
1.028624005202929
1.0288752185677825
1.0295237163214344
1.0295237163214344
1.0295237163214344
1.0295237163214344
1.0295237163214344
1.0300037812307317
1.0317779273535044
1.0315929424347647
1.0315929424347647
1.031618482655335
1.0327583427289813
1.0327583427289813
1.0325390080846772
1.0307982760927468
1.030158202592389
1.030158202592389
1.030158202592389
1.030158202592389
1.030158202592389
1.030158202592389
1.030158202592389
1.0290683403965404
1.0290683403965404
1.0290683403965404
1.0290683403965404
1.030702648850711
1.0309816068804631
1.030177135874362
1.0318506669827783
1.0318506669827783
1.0318506669827783
1.0318506669827783
1.0318506669827783
1.0318506669827783
1.0318506669827783
1.0300112454832708
1.0303144507637834
1.030382804820315
1.030382804820315
1.030382804820315
1.0314349037281625
1.0314349037281625
1.0314349037281625
1.0314349037281625
1.0314349037281625
1.0305477815368138
1.030763582608479
1.030763582608479
1.0312556574366682
1.0312556574366682
1.0300949820841607
1.0300949820841607
1.0300949820841607
1.0300949820841607
1.0300949820841607
1.0300949820841607
1.0300949820841607
1.0300949820841607
1.0303021211835406
1.0323375651744606
1.0323375651744606
1.0323375651744606
1.0323375651744606
1.0323375651744606
1.0323375651744606
1.0323375651744606
1.0323375651744606
1.0323375651744606
1.032613647038185
1.0328961634157736
1.0328961634157736
1.0326966069312273
1.0314223889699592
1.0319276599442146
1.0319276599442146
1.0295085395250962
1.0295085395250962
1.0295085395250962
1.0295085395250962
1.028920699653878
1.0297123796293894
1.0297123796293894
1.029730833209671
1.029730833209671
1.0293354234939953
1.0285823831099399
1.0285823831099399
1.028880707069826
1.0267276561411232
1.0267276561411232
1.0267276561411232
1.0267080398926627
1.0268921796798527
1.0304474748668797
1.0294764435143626
1.0294764435143626
1.0294764435143626
1.0294764435143626
1.0298744513108788
1.0292909572957942
1.0286549603555546
1.0286549603555546
1.029677802328746
1.0291982420426065
1.0291982420426065
1.0291982420426065
1.0291982420426065
1.0291982420426065
1.0291982420426065
1.0291982420426065
1.0291982420426065
1.0291744885113912
1.0291744885113912
1.0291744885113912
1.0287862950488844
1.0287862950488844
1.0285796963570715
1.0285796963570715
1.0290197367706138
1.0290197367706138
1.0284113963823533
1.0284113963823533
1.0284113963823533
1.0279446685210953
1.0279446685210953
1.0277178729023844
1.026359818437191
1.026359818437191
1.0268443951475286
1.026579695032724
1.026886677368146
1.026886677368146
1.026886677368146
1.0270959568281126
1.0270959568281126
1.0286053583230501
1.0286053583230501
1.0282457552514437
1.0290072331483437
1.0290072331483437
1.0290072331483437
1.0297482158246438
1.0297482158246438
1.0297482158246438
1.0297482158246438
1.0299311106458
1.0299311106458
1.029418536430666
1.029418536430666
1.029418536430666
1.0298101516192228
1.0298101516192228
1.0298101516192228
1.0298101516192228
1.0296236811453752
1.0296236811453752
1.0296236811453752
1.0296236811453752
1.0296236811453752
1.028754352207048
1.028754352207048
1.028754352207048
1.028754352207048
1.028754352207048
1.028754352207048
1.0283158527048246
1.0288533017025785
1.0288533017025785
1.0288533017025785
1.0288533017025785
1.0269916765075167
1.0281650009880356
1.0281650009880356
1.0281650009880356
1.0281650009880356
1.0278997294692416
1.0278932299311498
1.0278932299311498
1.0278932299311498
1.0278932299311498
1.0278932299311498
1.0278932299311498
1.0278932299311498
1.0284828343863552
1.0284828343863552
1.0283992092599847
1.0265745904008639
1.0265745904008639
1.0265745904008639
1.0265745904008639
1.0265745904008639
1.029280955189796
1.029280955189796
1.0273778286487603
1.026332617812635
1.0264563476623136
1.0258629652676785
1.0254647954775375
1.0254647954775375
1.026950823599493
1.026950823599493
1.0276436755385514
1.0259633963260752
1.0259633963260752
1.0259633963260752
1.025467250511151
1.025467250511151
1.0250108280482262
1.0250108280482262
1.026192829018469
1.026192829018469
1.0273901993881793
1.0264288459595505
1.0270826977633167
1.0270826977633167
1.0270826977633167
1.0265046933877788
1.0265046933877788
1.0270618838248409
1.025357823354574
1.0261217169870596
1.0261217169870596
1.0269760261566319
1.0269760261566319
1.0269760261566319
1.02772415580359
1.0287616917827678
1.0284719166938765
1.0284719166938765
1.0284719166938765
1.0284719166938765
1.0284719166938765
1.0284150502044755
1.0279267650715025
1.0279267650715025
1.0274485529120942
1.0280348405634505
1.0280348405634505
1.0269187694536484
1.026276167543886
1.026276167543886
1.026276167543886
1.026276167543886
1.0266448722125068
1.0275485128727335
1.0275485128727335
1.0269733488683312
1.028068299855386
1.0279792005385966
1.0279792005385966
1.0279792005385966
1.0279792005385966
1.0279792005385966
1.0279792005385966
1.0279792005385966
1.0279792005385966
1.0274626312745672
1.0277845466153894
1.0279370356539195
1.0279370356539195
1.0279370356539195
1.0279370356539195
1.0279370356539195
1.0282865940752621
1.0282865940752621
1.0282865940752621
1.0282865940752621
1.0262356588992876
1.02542253378368
1.026588281497752
1.026588281497752
1.026588281497752
1.0279370832753865
1.0279370832753865
1.028266443551651
1.028266443551651
1.028266443551651
1.028266443551651
1.028266443551651
1.028266443551651
1.028266443551651
1.028266443551651
1.028266443551651
1.0260324825161768
1.0260324825161768
1.0260324825161768
1.0259215762852703
1.0259215762852703
1.0263714356557394
1.0263714356557394
1.0263714356557394
1.0263714356557394
1.0263714356557394
1.0263714356557394
1.0263714356557394
1.0263714356557394
1.0263714356557394
1.0263714356557394
1.0263714356557394
1.0263714356557394
1.0294071941011955
1.0294564234638481
1.0294235735853756
1.0294235735853756
1.0294235735853756
1.0294235735853756
1.0294235735853756
1.0292952425594355
1.0292952425594355
1.0292952425594355
1.0292952425594355
1.0292952425594355
1.0296928409842543
1.0296928409842543
1.0281946601646248
1.0281946601646248
1.0281946601646248
1.0279002853877053
1.0279002853877053
1.0272820411843957
1.0272820411843957
1.0282954735474577
1.028814821620725
1.0297837974912896
1.0297837974912896
1.0297837974912896
1.0297837974912896
1.0297837974912896
1.0301749873999393
1.0301749873999393
1.0301749873999393
1.0301749873999393
1.0275831243012685
1.0273061560057222
1.0273061560057222
1.0273061560057222
1.0273061560057222
1.0280648224545252
1.0280648224545252
1.0280648224545252
1.0280648224545252
1.0280648224545252
1.027931280379145
1.0293477093835437
1.0293477093835437
1.0295379344668705
1.0297938859860847
1.0281576893529087
1.0294297448536354
1.0285275713645299
1.0285275713645299
1.0285275713645299
1.0291583513360518
1.0291583513360518
1.0291583513360518
1.0291583513360518
1.0285735060383996
1.0285735060383996
1.0285735060383996
1.0294382121212995
1.0273535378487593
1.02749627887462
1.02749627887462
1.02749627887462
1.02749627887462
1.0282219100091705
1.0282219100091705
1.0271802522883
1.0281226424815053
1.0281226424815053
1.0281226424815053
1.0281226424815053
1.0281226424815053
1.0281226424815053
1.027405095180194
1.0276935539695653
1.0259738884789955
1.0251103139019526
1.0249280067382305
1.0248965225094702
1.0248965225094702
1.0248965225094702
1.0248965225094702
1.0249755917231451
1.0252037752495942
1.0252037752495942
1.024528786769501
1.024528786769501
1.024528786769501
1.024528786769501
1.0238191395616325
1.0240542832365556
1.0261052420873702
1.0261052420873702
1.0261052420873702
1.0261052420873702
1.0261052420873702
1.0261612998762597
1.0251501318580887
1.0251501318580887
1.0251501318580887
1.0265660427212697
1.0265660427212697
1.0265660427212697
1.0265660427212697
1.0265660427212697
1.0265660427212697
1.0245242460445492
1.0245242460445492
1.0241735582048597
1.0243103803729712
1.0241678454349472
1.0241256117243982
1.0245732853864777
1.0245732853864777
1.0245732853864777
1.0247397114733374
1.0249317915753169
1.0249317915753169
1.0249317915753169
1.0246022657916396
1.0246022657916396
1.0239539479489774
1.0239539479489774
1.0239539479489774
1.0266931236978698
1.0266931236978698
1.0266931236978698
1.0259662652778456
1.0259662652778456
1.0259662652778456
1.0259662652778456
1.0259662652778456
1.0259662652778456
1.0259662652778456
1.0261953028531017
1.0263977975022711
1.0263977975022711
1.0278281293348923
1.0278281293348923
1.0278281293348923
1.0282430731065333
1.0282430731065333
1.0281179309496329
1.0281179309496329
1.0281179309496329
1.029221531206465
1.0276762123920122
1.0279594286248988
1.0279594286248988
1.0279594286248988
1.0279594286248988
1.0279594286248988
1.0279594286248988
1.0268627685251217
1.0268627685251217
1.0295879668378822
1.0295879668378822
1.0298613385696394
1.0273552721247294
1.0276970087549728
1.0275112495524312
1.027507255667336
1.027507255667336
1.027507255667336
1.027507255667336
1.0286816079947338
1.0286816079947338
1.0286816079947338
1.0286816079947338
1.0290204264872331
1.0290204264872331
1.0295395545785553
1.0295395545785553
1.0286831839968502
1.0292268646906517
1.0292268646906517
1.0281390996250948
1.0281390996250948
1.0281390996250948
1.0281390996250948
1.0287798725206674
1.0287798725206674
1.0287798725206674
1.0300865388674407
1.030183561072252
1.0302898815442223
1.0302898815442223
1.0293982668158606
1.029532174251209
1.029532174251209
1.029532174251209
1.029532174251209
1.0287607318836955
1.0287607318836955
1.0287607318836955
1.0287607318836955
1.0287607318836955
1.0287607318836955
1.0279639953629536
1.0280402316579347
1.0280402316579347
1.0280402316579347
1.027316159460287
1.027316159460287
1.027316159460287
1.027316159460287
1.0271889187054206
1.0271889187054206
1.0271889187054206
1.0271889187054206
1.0261634709781293
1.0252071231835511
1.0252071231835511
1.0252071231835511
1.0252071231835511
1.0263662440064796
1.0263662440064796
1.0263662440064796
1.0263662440064796
1.0289107474447354
1.0290252411487073
1.0290040357987567
1.027100856714459
1.0286225293753277
1.0269917150308654
1.0269917150308654
1.0273789810496272
1.0273518724019528
1.0275618766767494
1.0275618766767494
1.0278476166512316
1.0278476166512316
1.0278476166512316
1.0265532417767043
1.0266284601868334
1.0268527074128062
1.0273039583476762
1.0273039583476762
1.0273039583476762
1.0280909570331114
1.0280909570331114
1.0280909570331114
1.0280909570331114
1.0267907119995805
1.0269677570755982
1.0282700422084765
1.0282700422084765
1.0282700422084765
1.0282700422084765
1.0282700422084765
1.0282700422084765
1.0282748136918
1.0282748136918
1.0289656989497298
1.0289656989497298
1.0283958280952676
1.0283958280952676
1.0283958280952676
1.027730899538531
1.027730899538531
1.027730899538531
1.027730899538531
1.027730899538531
1.027730899538531
1.0291857904876083
1.0289696225441074
1.0289696225441074
1.0290342392556528
1.0298297093459106
1.0298297093459106
1.0298297093459106
1.0298297093459106
1.0294613173788356
1.0294613173788356
1.0294613173788356
1.0294613173788356
1.0294613173788356
1.0294613173788356
1.0294613173788356
1.0288069402189177
1.0288069402189177
1.028112438404523
1.028112438404523
1.028112438404523
1.028112438404523
1.0286347866914733
1.02739244461435
1.0289297843049725
1.0295648356694433
1.0312426351515063
1.0312426351515063
1.0312426351515063
1.0312426351515063
1.0312426351515063
1.0312426351515063
1.0315493571439474
1.030862857824405
1.0284150389471853
1.027746934581839
1.027350106460619
1.027859866416124
1.027859866416124
1.027859866416124
1.027859866416124
1.027859866416124
1.0283567264585218
1.0285626945316884
1.0285626945316884
1.0285626945316884
1.0285626945316884
1.0287979991989493
1.0287979991989493
1.0287979991989493
1.0287979991989493
1.0288193797417902
1.0288193797417902
1.0288193797417902
1.0288193797417902
1.0288193797417902
1.0273939285417635
1.0273939285417635
1.0273939285417635
1.026889993583347
1.0272773579314993
1.0291032607524284
1.0291032607524284
1.0291032607524284
1.0279457751846415
1.0279457751846415
1.0279457751846415
1.0289495824075299
1.0294829496929132
1.0289205931956307
1.0284890692851756
1.0284890692851756
1.0284890692851756
1.0284890692851756
1.0284890692851756
1.0293798786386401
1.0288741152595864
1.0282829310157682
1.0282829310157682
1.0282829310157682
1.0282829310157682
1.0282829310157682
1.0282829310157682
1.0282829310157682
1.0282829310157682
1.0282829310157682
1.026806273488596
1.0273923352107457
1.0277268050242006
1.0279497048556692
1.028454407306469
1.0278450842531872
1.0278450842531872
1.0280787711439057
1.0291302016870747
1.028113560582538
1.0275682828130548
1.0275682828130548
1.0275682828130548
1.0277422928496294
1.0266473661558198
1.0266473661558198
1.0266473661558198
1.0262560779647942
1.024424166030276
1.024424166030276
1.0260606646163868
1.0265334896355611
1.025797686231453
1.025797686231453
1.025797686231453
1.027276280252977
1.027238279943754
1.027238279943754
1.0268801213641952
1.0268801213641952
1.0266108652105974
1.0266108652105974
1.0266108652105974
1.0266108652105974
1.0262481839846376
1.0262325424166754
1.0266316777786655
1.0266316777786655
1.0266316777786655
1.0266316777786655
1.0257749777088685
1.0259662428235872
1.0255046381049937
1.0246263391592212
1.0258049471937076
1.0258049471937076
1.0258049471937076
1.0258049471937076
1.024724181257778
1.024724181257778
1.024897294151874
1.0253276970525238
1.0253276970525238
1.0253276970525238
1.0253276970525238
1.0253276970525238
1.025061355825531
1.025061355825531
1.026636442464831
1.026636442464831
1.0265781330922932
1.0265781330922932
1.0265781330922932
1.0265781330922932
1.0265781330922932
1.0274485462373635
1.026356445922203
1.0264972015909017
1.0264972015909017
1.0264972015909017
1.0270215546358121
1.0276071116690524
1.0271808390749257
1.0271808390749257
1.0271808390749257
1.0271317115502918
1.0270777076380835
1.0270777076380835
1.0270777076380835
1.0270777076380835
1.0262031842137036
1.0262031842137036
1.026859480532457
1.0270879449924668
1.0270879449924668
1.0252522925440395
1.0252522925440395
1.0257839221742766
1.024935026467264
1.024935026467264
1.024935026467264
1.024935026467264
1.0258459986733948
1.0262836506793604
1.0262836506793604
1.0268691687920548
1.0259548938943728
1.025512978525529
1.025512978525529
1.0267649874356912
1.0267649874356912
1.0267649874356912
1.0267649874356912
1.0275779126608355
1.0275779126608355
1.0275779126608355
1.0275779126608355
1.0275779126608355
1.0264596352031448
1.0264596352031448
1.0264596352031448
1.0264596352031448
1.025952645138859
1.025952645138859
1.025952645138859
1.0274307000689074
1.0274307000689074
1.0274307000689074
1.0280677365695958
1.0280677365695958
1.0288662710704015
1.0288662710704015
1.0288662710704015
1.0279642828832176
1.0279642828832176
1.0279642828832176
1.0279642828832176
1.0303348795102338
1.0303348795102338
1.0303348795102338
1.0303348795102338
1.0303348795102338
1.0296803763564848
1.0300651812172608
1.0298133761259747
1.0298133761259747
1.0285261391688487
1.0285261391688487
1.0285261391688487
1.0274023815269833
1.027670215844951
1.027670215844951
1.028448628664038
1.0285654507078599
1.0285654507078599
1.0293642819080315
1.0293642819080315
1.0290462229818973
1.0290462229818973
1.0290462229818973
1.0290462229818973
1.0284464127656279
1.0273048284628385
1.0264853135976804
1.0264853135976804
1.0264853135976804
1.0268011115575928
1.0268011115575928
1.028635990324102
1.0287349360981604
1.0291016367469972
1.0287049930378633
1.0287049930378633
1.02708493708535
1.0284125283961494
1.0274745623638202
1.0295654603269617
1.0295654603269617
1.0295654603269617
1.0295654603269617
1.0280108287865566
1.0280108287865566
1.0292297299470459
1.027811250995313
1.027811250995313
1.027811250995313
1.027811250995313
1.027811250995313
1.027811250995313
1.0278572593089506
1.0278572593089506
1.0278572593089506
1.0266903717580311
1.0286682205381086
1.0282572415335232
1.029204417678834
1.0283425391662575
1.0283425391662575
1.0283425391662575
1.0283425391662575
1.0283425391662575
1.0272857232035544
1.0272857232035544
1.0272857232035544
1.028189655419361
1.028189655419361
1.0299600884917932
1.029217237066654
1.029217237066654
1.0294581644847525
1.0294581644847525
1.0294581644847525
1.0294581644847525
1.0294581644847525
1.0294581644847525
1.0294581644847525
1.0294581644847525
1.0294581644847525
1.0294581644847525
1.0294581644847525
1.0294581644847525
1.0294581644847525
1.0294581644847525
1.027917300497846
1.0285476424868292
1.0283277236053274
1.0283277236053274
1.0283277236053274
1.0277229670058399
1.0277229670058399
1.0277229670058399
1.0277229670058399
1.0277263787592645
1.0277263787592645
1.0277263787592645
1.0284824010146558
1.0284824010146558
1.0284824010146558
1.0284824010146558
1.0284824010146558
1.0294798487649095
1.0294798487649095
1.0294798487649095
1.0294798487649095
1.0275168514531428
1.0275168514531428
1.028435267923037
1.028435267923037
1.028435267923037
1.0285532776499318
1.0278038070793514
1.0278038070793514
1.0278038070793514
1.0278038070793514
1.0279491966962315
1.027185058427743
1.0269950367923983
1.0273450432681062
1.0273450432681062
1.0273450432681062
1.0273450432681062
1.0273450432681062
1.0273450432681062
1.0273450432681062
1.027273573544489
1.027273573544489
1.027273573544489
1.0265181254254034
1.0265181254254034
1.0265181254254034
1.0265181254254034
1.0265181254254034
1.0262170153651233
1.0262170153651233
1.0262170153651233
1.0272018460166228
1.0270488685513128
1.0270488685513128
1.0270488685513128
1.0274013164939046
1.0274013164939046
1.0274013164939046
1.0274013164939046
1.02826121049202
1.02826121049202
1.02826121049202
1.02826121049202
1.02826121049202
1.02826121049202
1.0281163096980355
1.0281163096980355
1.0281163096980355
1.0281163096980355
1.0281163096980355
1.0281163096980355
1.0281915664110388
1.0281915664110388
1.0281915664110388
1.0281915664110388
1.027839196840519
1.027839196840519
1.027839196840519
1.027839196840519
1.028720683349688
1.028720683349688
1.0268211522255382
1.0284302852130152
1.028607489789909
1.028607489789909
1.028607489789909
1.028607489789909
1.028607489789909
1.0295624515674766
1.0295624515674766
1.0276333422621462
1.0276333422621462
1.0276333422621462
1.0276333422621462
1.0276333422621462
1.0276333422621462
1.0276333422621462
1.0276333422621462
1.0259616330778727
1.0259616330778727
1.0259616330778727
1.026397735620036
1.026397735620036
1.026397735620036
1.0285362817686314
1.0285362817686314
1.0285362817686314
1.0281599648474118
1.0281599648474118
1.0281599648474118
1.0294702273086644
1.0294702273086644
1.027934866324187
1.027934866324187
1.0276669119572068
1.0276669119572068
1.0276669119572068
1.0276669119572068
1.0276669119572068
1.027464651007302
1.0274333593200538
1.0274333593200538
1.0271276762703778
1.0277154952275545
1.0277154952275545
1.027049099753056
1.027049099753056
1.0273765716992187
1.0273765716992187
1.0273765716992187
1.0273765716992187
1.0273765716992187
1.0293608465291912
1.0293608465291912
1.0293608465291912
1.0293608465291912
1.0302285695751452
1.0300874198146586
1.030271245361845
1.030271245361845
1.030271245361845
1.0307667440435444
1.0307735663289874
1.0307735663289874
1.0307735663289874
1.0307735663289874
1.0298976240645172
1.0298976240645172
1.0298976240645172
1.0298976240645172
1.0298976240645172
1.0298976240645172
1.0298976240645172
1.0304081002006582
1.0309439282725419
1.0309439282725419
1.0307489187332557
1.0309855169663034
1.0309855169663034
1.0309855169663034
1.0318891045415906
1.0318891045415906
1.0318891045415906
1.0318891045415906
1.0318891045415906
1.0318891045415906
1.0313191130139727
1.0313191130139727
1.0313191130139727
1.0313985485580832
1.0313985485580832
1.0313985485580832
1.0313985485580832
1.0313985485580832
1.0313985485580832
1.0313985485580832
1.0308833994380497
1.0308833994380497
1.0308833994380497
1.03008865549844
1.03008865549844
1.03008865549844
1.03008865549844
1.0305646082979087
1.0305646082979087
1.0305646082979087
1.0305646082979087
1.0305646082979087
1.0305646082979087
1.0305646082979087
1.030576397865247
1.0305410337750942
1.030758551118858
1.030758551118858
1.030758551118858
1.0309402961514171
1.0309402961514171
1.0309402961514171
1.0309402961514171
1.0309402961514171
1.030715134257941
1.030715134257941
1.030715134257941
1.030715134257941
1.0305507449530575
1.0305507449530575
1.031623005668612
1.031623005668612
1.031623005668612
1.0317330824458881
1.0317330824458881
1.0317330824458881
1.0317330824458881
1.0317330824458881
1.0308156077730988
1.0308156077730988
1.0288467859279915
1.0295711549409496
1.0295711549409496
1.0295711549409496
1.0295711549409496
1.0286985799828978
1.0291921708638665
1.0291921708638665
1.0291921708638665
1.0291921708638665
1.0285000898132113
1.0285000898132113
1.0285000898132113
1.0285000898132113
1.0285000898132113
1.0297216104684102
1.0297216104684102
1.0297216104684102
1.0297216104684102
1.0306704219499516
1.0317010467538803
1.0317010467538803
1.0317010467538803
1.0317010467538803
1.0317010467538803
1.0317010467538803
1.0301892013492744
1.027971095043635
1.0292661939842023
1.0292661939842023
1.0300808415389702
1.0300808415389702
1.0300808415389702
1.0300808415389702
1.0300282068358297
1.0300282068358297
1.0295850055567837
1.0295850055567837
1.0295850055567837
1.0306356154316048
1.0306356154316048
1.0306356154316048
1.0304717350775994
1.0304717350775994
1.0304717350775994
1.0304717350775994
1.0318002664468582
1.0318002664468582
1.0327758930640065
1.0328065480162978
1.0328065480162978
1.0320177735671026
1.031364633749971
1.0303810972768728
1.02897373653463
1.0295897854514273
1.0294507771746304
1.0294507771746304
1.0307106780418362
1.0307106780418362
1.0307106780418362
1.0313875370496148
1.0313875370496148
1.0305355847713977
1.0305355847713977
1.0305355847713977
1.0295354436193012
1.0297264403882112
1.0297264403882112
1.0278719163860643
1.0278719163860643
1.0294459007825718
1.0294459007825718
1.0304011950808378
1.0304011950808378
1.0300422891926906
1.0300422891926906
1.0287045906287864
1.0285013990222707
1.0288399540448263
1.0288399540448263
1.02773830201299
1.0285500481460834
1.0285500481460834
1.0285405630177593
1.0285405630177593
1.0286131309461484
1.0286131309461484
1.027860290672367
1.027860290672367
1.027860290672367
1.027860290672367
1.027860290672367
1.0291908476161202
1.0295119563159172
1.029257816518565
1.0294266610141327
1.0294266610141327
1.0285608947287401
1.0285608947287401
1.0285608947287401
1.0285608947287401
1.0285608947287401
1.0291151732517627
1.0291151732517627
1.0305200843976925
1.0305200843976925
1.0305200843976925
1.0290114264819745
1.0290114264819745
1.0290114264819745
1.0290114264819745
1.0290114264819745
1.0298936708766269
1.0299154696586803
1.0299154696586803
1.0302225813124384
1.0293616013085203
1.0293616013085203
1.0293616013085203
1.0293616013085203
1.0293616013085203
1.0293616013085203
1.0293616013085203
1.0277302959643575
1.026285765295996
1.0274071391058166
1.0260807758474275
1.0268777990185955
1.0268777990185955
1.027547956691986
1.027547956691986
1.027547956691986
1.0278203552350944
1.0278203552350944
1.0278203552350944
1.0278203552350944
1.0278203552350944
1.0278203552350944
1.0278203552350944
1.0279523274469593
1.027638325839401
1.027638325839401
1.0282636285913385
1.0281703305009582
1.0281703305009582
1.0281703305009582
1.0281703305009582
1.0290962870289984
1.0290962870289984
1.0281394275965023
1.0281394275965023
1.0281394275965023
1.027819793665541
1.027819793665541
1.027819793665541
1.027819793665541
1.027819793665541
1.027819793665541
1.027460442810893
1.027460442810893
1.0273760361762518
1.0273760361762518
1.0273760361762518
1.0273760361762518
1.0273760361762518
1.0265206009424264
1.0265287258260107
1.0275642727622014
1.0275642727622014
1.0266242596408615
1.0266242596408615
1.0266242596408615
1.0266242596408615
1.0266242596408615
1.0266242596408615
1.0274955356720428
1.027000377233048
1.0271006356419974
1.0271006356419974
1.0271006356419974
1.0271006356419974
1.0271006356419974
1.0271006356419974
1.0272201048249079
1.0268121899476021
1.0268121899476021
1.0268121899476021
1.0268121899476021
1.0269647974698264
1.0283528034831124
1.0283528034831124
1.0265867130989517
1.028673376643329
1.028673376643329
1.028673376643329
1.028673376643329
1.028673376643329
1.028673376643329
1.0293404007208702
1.0293404007208702
1.0293404007208702
1.0295912658909128
1.0295912658909128
1.0295912658909128
1.0297427944834727
1.0297427944834727
1.0297427944834727
1.0297427944834727
1.0297427944834727
1.0297427944834727
1.030665901513027
1.0308634068996425
1.0314399705155957
1.0314399705155957
1.0308734940585231
1.0308734940585231
1.0309229098925055
1.0285220179672432
1.0285220179672432
1.0293087534062257
1.0293087534062257
1.0295248166915993
1.0295248166915993
1.0295248166915993
1.0273747415836334
1.0273747415836334
1.0280204910553175
1.0280204910553175
1.0280204910553175
1.0280204910553175
1.026741212595335
1.026741212595335
1.026741212595335
1.0274323433049892
1.0274323433049892
1.0265407801846427
1.0265407801846427
1.027015934134429
1.027015934134429
1.0254794448229414
1.0268722807392678
1.0268722807392678
1.0268722807392678
1.0280985904593838
1.027304389790141
1.027304389790141
1.027304389790141
1.027304389790141
1.027304389790141
1.027304389790141
1.027304389790141
1.026920236981035
1.026920236981035
1.0265918586759801
1.0265918586759801
1.0265918586759801
1.0265918586759801
1.0265918586759801
1.0265918586759801
1.0259590436973225
1.0259590436973225
1.024893261923379
1.0273568643811612
1.0273568643811612
1.0273568643811612
1.0275819780724105
1.0275819780724105
1.0275819780724105
1.0296026866248307
1.0296026866248307
1.0293536270710346
1.0293536270710346
1.0293536270710346
1.0293536270710346
1.0293536270710346
1.0293536270710346
1.0302896667779753
1.0302896667779753
1.0302896667779753
1.0302896667779753
1.0302896667779753
1.0295138042750893
1.0295138042750893
1.0293878311776645
1.0293878311776645
1.0293878311776645
1.02863671004463
1.02863671004463
1.0275035578162914
1.0275035578162914
1.0275035578162914
1.0276851353921228
1.0276851353921228
1.0276851353921228
1.0276851353921228
1.0276851353921228
1.0276851353921228
1.0269186344860004
1.0271957382032653
1.0265595707622317
1.0263249410897082
1.0241475313425104
1.0241475313425104
1.0241475313425104
1.0256629625748088
1.0251432314993123
1.0257433017510116
1.0257433017510116
1.0257433017510116
1.0265485034524855
1.0265485034524855
1.0267875629287055
1.0263901982895136
1.0256829144766786
1.0256829144766786
1.0256829144766786
1.0268984862506807
1.0268984862506807
1.0280492204104648
1.0280787416931296
1.0280787416931296
1.0258392085570847
1.0261503064951378
1.0261503064951378
1.0261503064951378
1.0261503064951378
1.0265021642479895
1.0265021642479895
1.0265021642479895
1.0265021642479895
1.0265021642479895
1.0265021642479895
1.02578887485213
1.02578887485213
1.0261129759332024
1.0261129759332024
1.0266902486946603
1.0268303791737061
1.026555286184806
1.026555286184806
1.0288842269331009
1.0288842269331009
1.0288842269331009
1.0266523288812732
1.0266523288812732
1.0266523288812732
1.0266523288812732
1.0266876590277778
1.0266876590277778
1.0266876590277778
1.0268524129963337
1.0268524129963337
1.0268524129963337
1.0268524129963337
1.0268524129963337
1.0268524129963337
1.025667035066632
1.025667035066632
1.0251549446624801
1.0251549446624801
1.0264373857765032
1.026519600649781
1.026519600649781
1.0265800023240224
1.0267869527450955
1.0268298193995953
1.0262072979718677
1.0262072979718677
1.0262553787096276
1.0262553787096276
1.0262553787096276
1.0262553787096276
1.0262553787096276
1.0262970320603102
1.0262970320603102
1.0252556864003537
1.0252556864003537
1.0252556864003537
1.0252556864003537
1.0255928169780715
1.0248210032634189
1.0257929356133657
1.0257929356133657
1.024899789607597
1.024899789607597
1.0248391054856947
1.0248391054856947
1.0248391054856947
1.0256764775134544
1.0256764775134544
1.0256764775134544
1.0256596821329422
1.0249149309818268
1.0249149309818268
1.0249149309818268
1.0249149309818268
1.0249149309818268
1.0249149309818268
1.0249149309818268
1.0257042971180208
1.0257042971180208
1.025467137915611
1.025467137915611
1.0271129404112245
1.0273565393308324
1.0273565393308324
1.027482730632072
1.027482730632072
1.0257273592916931
1.0259563726367396
1.027958863267068
1.0266171884305582
1.0260037300377094
1.0260037300377094
1.0261018986016555
1.0261018986016555
1.0274115560955825
1.026214743270268
1.026214743270268
1.026214743270268
1.026119144463918
1.026119144463918
1.025541332493467
1.025541332493467
1.025541332493467
1.0261174500029602
1.025903310531836
1.025903310531836
1.025903310531836
1.025903310531836
1.025014697770735
1.0258455945404639
1.0258455945404639
1.0258455945404639
1.0264772141199092
1.0264772141199092
1.0253264338794974
1.0253264338794974
1.0253264338794974
1.0253264338794974
1.027196806461666
1.027196806461666
1.027196806461666
1.027196806461666
1.0282898806576644
1.0282898806576644
1.0282277775896864
1.0282277775896864
1.0282277775896864
1.0282277775896864
1.0282277775896864
1.0282277775896864
1.0282277775896864
1.0263282801324547
1.0247071547345175
1.0247071547345175
1.0247071547345175
1.0254379463141248
1.0252016727931628
1.0252016727931628
1.0252016727931628
1.025102536068813
1.025102536068813
1.0246589698985158
1.0250962202466758
1.0264204088053865
1.0264204088053865
1.0264204088053865
1.0263593254663106
1.0265970438860033
1.0265970438860033
1.0265970438860033
1.0265970438860033
1.0265970438860033
1.0268665240812014
1.0255797184167241
1.0254240812173692
1.028373509766385
1.028373509766385
1.028373509766385
1.028373509766385
1.028373509766385
1.0283961297906474
1.0283961297906474
1.0272422706235917
1.0272422706235917
1.0280255490745271
1.0280255490745271
1.0271998001196472
1.0261372680525604
1.0261372680525604
1.0261372680525604
1.0261372680525604
1.0261372680525604
1.0261372680525604
1.0261372680525604
1.0264769794970068
1.0264769794970068
1.0264769794970068
1.0264769794970068
1.0257396383970918
1.0257396383970918
1.0257597913787586
1.0257597913787586
1.0257597913787586
1.0236653903923256
1.0246497997854753
1.0260631418250747
1.0260631418250747
1.0274057660469942
1.0274057660469942
1.0274057660469942
1.0274057660469942
1.028369839591894
1.028369839591894
1.028369839591894
1.028369839591894
1.0260824719402264
1.0260824719402264
1.0273504805403115
1.027329995903135
1.027329995903135
1.026909670784883
1.026909670784883
1.026909670784883
1.026909670784883
1.026909670784883
1.026909670784883
1.026909670784883
1.0274259392463012
1.0266945382830843
1.0266945382830843
1.0266945382830843
1.0266945382830843
1.0266945382830843
1.0260305878418232
1.0260305878418232
1.0260305878418232
1.026406613751063
1.0257490285127955
1.0257490285127955
1.0262118299944598
1.0255498457510572
1.0255498457510572
1.0255498457510572
1.0255498457510572
1.0255498457510572
1.0255498457510572
1.0255498457510572
1.0257943144875048
1.0257943144875048
1.0257943144875048
1.0261550929303518
1.0262577061397835
1.0262577061397835
1.0262036241702148
1.0250895012554773
1.0250895012554773
1.0253235346094502
1.025786160772659
1.025786160772659
1.025786160772659
1.0260774619166728
1.0260774619166728
1.0260774619166728
1.0260774619166728
1.0260774619166728
1.0261761833764136
1.0261761833764136
1.0261761833764136
1.0251633137249425
1.0251633137249425
1.0251633137249425
1.0251633137249425
1.0251633137249425
1.0276380104851746
1.0276380104851746
1.0276380104851746
1.0260567148557374
1.0260567148557374
1.0260567148557374
1.026424337650472
1.025671306805748
1.025671306805748
1.0247661577464264
1.0247661577464264
1.0248738046170232
1.0248738046170232
1.0248738046170232
1.0248738046170232
1.0249520536804815
1.0249520536804815
1.0249520536804815
1.0249520536804815
1.0249520536804815
1.0268001685483206
1.0267647226721806
1.0277523051516415
1.0277523051516415
1.0277523051516415
1.0277523051516415
1.0277523051516415
1.027731269752689
1.027731269752689
1.027731269752689
1.027731269752689
1.027731269752689
1.027731269752689
1.0264386989470298
1.028164469149001
1.0270499371548583
1.0270499371548583
1.0270499371548583
1.0278533987979988
1.0278533987979988
1.0276686311135388
1.0276686311135388
1.0276686311135388
1.030224695485548
1.030224695485548
1.030224695485548
1.0294829289821095
1.0295890434617923
1.0295890434617923
1.0295890434617923
1.0294884508542304
1.0293607340304232
1.029702194634252
1.0278440977803076
1.0278440977803076
1.0282561959652856
1.0282561959652856
1.0282561959652856
1.028741870598917
1.028741870598917
1.0282309486690557
1.0282309486690557
1.0264848922681615
1.0264848922681615
1.0264848922681615
1.0264848922681615
1.0272989808436384
1.0267321642490417
1.0273996996107824
1.0273996996107824
1.0273873855984554
1.027083231974107
1.026341828509143
1.026341828509143
1.026341828509143
1.025894578867536
1.0259917567060128
1.0259917567060128
1.0259917567060128
1.0258733685061965
1.0258733685061965
1.0276747424147543
1.0276747424147543
1.0276747424147543
1.0276747424147543
1.0276747424147543
1.029167834484545
1.029167834484545
1.0286408659240853
1.0286408659240853
1.0286408659240853
1.0291333890695507
1.0279400096259017
1.0279400096259017
1.0279400096259017
1.0282902363712394
1.0267624307361443
1.0267624307361443
1.0267624307361443
1.0267624307361443
1.0267624307361443
1.0267624307361443
1.0263054970171104
1.0263054970171104
1.0248421534214325
1.0243573181104744
1.024600489400377
1.0269455823033888
1.0269455823033888
1.0269455823033888
1.0269455823033888
1.0254640144172305
1.0254640144172305
1.0254640144172305
1.0256451729308227
1.0268636512426752
1.0268636512426752
1.0268636512426752
1.0253511170195133
1.0274178813882193
1.0274178813882193
1.0274178813882193
1.0265256602621813
1.0265256602621813
1.0265256602621813
1.0265256602621813
1.0269494368971204
1.0269494368971204
1.0269494368971204
1.0269494368971204
1.0269494368971204
1.0269494368971204
1.0269494368971204
1.0269494368971204
1.0272667933470385
1.0281235870718994
1.0281235870718994
1.0281235870718994
1.0281235870718994
1.0279939388635424
1.0273132085609973
1.0273132085609973
1.0273132085609973
1.0282897910829636
1.0282897910829636
1.0282897910829636
1.0282897910829636
1.0282897910829636
1.0281015292354256
1.027789858194118
1.027789858194118
1.0287824793538038
1.0266828384850342
1.0266828384850342
1.0266828384850342
1.0266828384850342
1.0266828384850342
1.0266828384850342
1.0266828384850342
1.028384082138174
1.028384082138174
1.028384082138174
1.028384082138174
1.028384082138174
1.0268559477575894
1.0268559477575894
1.0268559477575894
1.0265311018178582
1.0265311018178582
1.0265311018178582
1.0271998242198055
1.0277577085785015
1.0277577085785015
1.0260384491702548
1.0260384491702548
1.0260384491702548
1.0260384491702548
1.0254984209949545
1.0254984209949545
1.024668447687374
1.0244245714026636
1.0244245714026636
1.0244245714026636
1.0244245714026636
1.0244245714026636
1.0244245714026636
1.02594641060635
1.02594641060635
1.02594641060635
1.02594641060635
1.027354264872561
1.027354264872561
1.027354264872561
1.027354264872561
1.0270054721503428
1.0279515592155575
1.028107347473427
1.028107347473427
1.029194608323207
1.0296099254401685
1.0296099254401685
1.0296099254401685
1.0296099254401685
1.0296099254401685
1.0288011030109019
1.0284847286608734
1.0284847286608734
1.0274323275958186
1.0276846283309828
1.0250494293514691
1.0250494293514691
1.0250494293514691
1.0250494293514691
1.0250494293514691
1.0254007239230272
1.0256228042975697
1.0235969405495295
1.0235969405495295
1.0239847693032822
1.0229184670799534
1.0257009236702417
1.0257009236702417
1.024286869115769
1.0267427982168018
1.0254671418376176
1.0246689874187502
1.0251184030540241
1.023336195559157
1.023336195559157
1.0229532424775876
1.0229532424775876
1.0229532424775876
1.0229532424775876
1.0223834016534066
1.0231446044205244
1.0231446044205244
1.0231446044205244
1.0231446044205244
1.0229745954374756
1.0229745954374756
1.0229745954374756
1.0229745954374756
1.0229745954374756
1.0229745954374756
1.0224509517334046
1.0224509517334046
1.0224509517334046
1.0224509517334046
1.0224509517334046
1.0224509517334046
1.0240613562031062
1.0240613562031062
1.0235213564943704
1.0235213564943704
1.0216331141424568
1.0216331141424568
1.0216331141424568
1.0216331141424568
1.0216331141424568
1.0224687811360238
1.0224687811360238
1.0224687811360238
1.0224687811360238
1.0224687811360238
1.0224687811360238
1.0229432181485447
1.0218873315082198
1.0218873315082198
1.0210357122231641
1.0210357122231641
1.020142050083445
1.0200510082634473
1.0206573535131538
1.021036065420159
1.0228871353769826
1.0228871353769826
1.0228871353769826
1.0228871353769826
1.0228871353769826
1.0228871353769826
1.0228871353769826
1.0229125760479736
1.0229125760479736
1.024156568004593
1.0248447579027713
1.0248447579027713
1.0248447579027713
1.0248447579027713
1.0247734498076109
1.025599248029918
1.025599248029918
1.025599248029918
1.0251751499884796
1.0247594370172963
1.0247594370172963
1.0253421242337508
1.025001309469132
1.025001309469132
1.0258532377824938
1.0258532377824938
1.0257745595616783
1.0254728145671488
1.025320159063135
1.0248401964951788
1.026312532940466
1.026312532940466
1.026312532940466
1.0278767223928564
1.0273645197208865
1.025287186611156
1.025287186611156
1.0250950096367317
1.0250950096367317
1.0269343035385519
1.0269343035385519
1.0259640135640737
1.0259640135640737
1.0259640135640737
1.0259640135640737
1.0259640135640737
1.026362474075708
1.025895310604551
1.0254693256007905
1.0254693256007905
1.0248290164568281
1.0253822075507482
1.0268854998299506
1.0268854998299506
1.0256709020251011
1.0261426304719061
1.0261426304719061
1.0250324269764841
1.0250324269764841
1.0250324269764841
1.0250324269764841
1.0254962299289763
1.0247852706292742
1.0247852706292742
1.0247852706292742
1.0247852706292742
1.0247852706292742
1.0247852706292742
1.0247852706292742
1.0251638971286763
1.0247548937123752
1.0247548937123752
1.0243084660225865
1.0243084660225865
1.0243084660225865
1.0255874599186645
1.0255874599186645
1.0254900185033273
1.025193639919154
1.025193639919154
1.025193639919154
1.0259259571693709
1.0259259571693709
1.0259259571693709
1.0264415564274982
1.0264415564274982
1.0244643477291118
1.0251346087212312
1.0251346087212312
1.0251346087212312
1.0251346087212312
1.0251346087212312
1.0269693027067697
1.0269693027067697
1.0269693027067697
1.027367873712582
1.027367873712582
1.027367873712582
1.0271969709649555
1.0271969709649555
1.0271969709649555
1.0271969709649555
1.0271969709649555
1.0271969709649555
1.0271969709649555
1.0271969709649555
1.0271969709649555
1.0269165981661714
1.0269165981661714
1.0279081116624202
1.0279081116624202
1.028085272241834
1.027808622776618
1.027808622776618
1.027808622776618
1.027808622776618
1.0271753336552143
1.0271753336552143
1.0268687314076779
1.0280105565404536
1.0280105565404536
1.0261397375651475
1.0273555268979864
1.0273555268979864
1.026168310069442
1.026168310069442
1.027056383776101
1.027056383776101
1.027056383776101
1.0250288290179346
1.0250288290179346
1.0250288290179346
1.0250288290179346
1.0250288290179346
1.0266075231212441
1.0266075231212441
1.0266075231212441
1.0266075231212441
1.0266075231212441
1.0266075231212441
1.0266075231212441
1.0265486532140886
1.0265486532140886
1.0266029779596912
1.0266029779596912
1.0243424373423131
1.0240048999756295
1.024446737881636
1.024446737881636
1.0271247103275383
1.0271247103275383
1.0271247103275383
1.0264444533451902
1.0264444533451902
1.0264444533451902
1.0266299109276975
1.0277861816374152
1.0277861816374152
1.0277861816374152
1.0277861816374152
1.0277861816374152
1.0285069975342793
1.0292735069531824
1.0292735069531824
1.0292735069531824
1.0292735069531824
1.0292735069531824
1.0273973666722194
1.0265103690978779
1.0282256417809972
1.0282256417809972
1.0275784268755646
1.029262874751692
1.029262874751692
1.0292134834452462
1.0289295535260128
1.0286202882847075
1.0286202882847075
1.0286202882847075
1.026949917190138
1.0276137574893833
1.0288197919416502
1.0288197919416502
1.028339244043222
1.0264859002009115
1.0272043256914831
1.0272043256914831
1.0272043256914831
1.0272043256914831
1.0285948143467694
1.0285948143467694
1.0285948143467694
1.0285948143467694
1.0285948143467694
1.0291282166225433
1.0284047968424077
1.0280829177290463
1.0280829177290463
1.0280829177290463
1.0280829177290463
1.0267325216401217
1.0267325216401217
1.0277727619637884
1.0266930006671096
1.0266930006671096
1.0266930006671096
1.0265286673623815
1.0262209410820091
1.0262209410820091
1.0276544393654157
1.0277579536706942
1.0277579536706942
1.0277579536706942
1.0280113753750857
1.0280113753750857
1.0280113753750857
1.0280113753750857
1.0280113753750857
1.0280113753750857
1.028417950666179
1.028417950666179
1.028417950666179
1.028417950666179
1.0279853386907913
1.0279853386907913
1.028018964265799
1.0263677618902138
1.0263677618902138
1.0263677618902138
1.026436079470589
1.026436079470589
1.025839776775613
1.025839776775613
1.025839776775613
1.0264619862566247
1.024994101581689
1.024994101581689
1.0256734280306545
1.0256734280306545
1.0257168056162635
1.0257168056162635
1.0265593384968805
1.0276746086504134
1.0270903780126694
1.0265430632390165
1.0276323150866065
1.0278406431224412
1.0278406431224412
1.0278406431224412
1.0278406431224412
1.0278406431224412
1.0278406431224412
1.0278406431224412
1.0278406431224412
1.026320165238358
1.026320165238358
1.026320165238358
1.026320165238358
1.026320165238358
1.026320165238358
1.0271588141669643
1.0278082211210093
1.0278082211210093
1.0278082211210093
1.0272778720450468
1.0272778720450468
1.0272778720450468
1.0274302072143842
1.0274302072143842
1.0274302072143842
1.0261837929766402
1.0269114561980646
1.0271925123483283
1.0283840156871988
1.0283840156871988
1.0283840156871988
1.0278493843615635
1.0278493843615635
1.0278493843615635
1.0269739586783477
1.0269739586783477
1.027049515153654
1.027049515153654
1.027049515153654
1.027049515153654
1.0269577489654154
1.0269577489654154
1.0277712587182335
1.0277712587182335
1.0277712587182335
1.0277712587182335
1.029152835881425
1.030202403522965
1.030202403522965
1.029221392497131
1.0299569585928652
1.0299569585928652
1.0299569585928652
1.0277235462436716
1.0264943556553932
1.0264838037841013
1.0269804440607149
1.0274529154000513
1.0274529154000513
1.029688394230976
1.029688394230976
1.0288614134121914
1.0288614134121914
1.0288614134121914
1.0288614134121914
1.0288614134121914
1.0288614134121914
1.0287086286224938
1.0287086286224938
1.0276238648463232
1.0292163259341127
1.0292163259341127
1.0292163259341127
1.0292163259341127
1.0292163259341127
1.0292163259341127
1.0293689928231071
1.0293689928231071
1.0293689928231071
1.0293689928231071
1.0293689928231071
1.0293689928231071
1.0283012141488772
1.0283012141488772
1.0283012141488772
1.0283012141488772
1.0288846456683955
1.0281169159198182
1.0281169159198182
1.0281169159198182
1.0280008943689725
1.027742391718642
1.027742391718642
1.027742391718642
1.0282702283213543
1.0282702283213543
1.0282702283213543
1.0291133799798462
1.0291133799798462
1.0283259018901194
1.0266939393805965
1.0276461198384306
1.0276461198384306
1.0276461198384306
1.0276461198384306
1.0276461198384306
1.026548891160544
1.026548891160544
1.0281504126781096
1.0281504126781096
1.0281504126781096
1.0280805156866326
1.0280805156866326
1.0280805156866326
1.0280805156866326
1.0280805156866326
1.0274594750446442
1.0296780612446046
1.0290238337189792
1.029037786133483
1.029037786133483
1.0284591071773952
1.0284591071773952
1.0284591071773952
1.028366143370043
1.028366143370043
1.028366143370043
1.028366143370043
1.028366143370043
1.028366143370043
1.028366143370043
1.028366143370043
1.028704990945586
1.028704990945586
1.028704990945586
1.027984557755982
1.027984557755982
1.027297417088153
1.027297417088153
1.027297417088153
1.027297417088153
1.027297417088153
1.027297417088153
1.027297417088153
1.0265553381122476
1.0269514037890861
1.0269514037890861
1.0269514037890861
1.0283528794628807
1.0283528794628807
1.0283528794628807
1.0283528794628807
1.0292519823399036
1.0292519823399036
1.0302666610095146
1.0302666610095146
1.0302666610095146
1.0295941102469661
1.0295941102469661
1.0295941102469661
1.0295941102469661
1.028238589622615
1.0283638876718089
1.0283638876718089
1.0283638876718089
1.0283638876718089
1.0277861796376684
1.0277861796376684
1.0277861796376684
1.0277861796376684
1.0277861796376684
1.0272173334307664
1.0272173334307664
1.0287171862355797
1.0287171862355797
1.0287171862355797
1.0287171862355797
1.0287171862355797
1.0287171862355797
1.0287171862355797
1.0263716880210345
1.0263716880210345
1.0276937102632189
1.0276937102632189
1.0276937102632189
1.0277650150017257
1.0277650150017257
1.0277650150017257
1.0277650150017257
1.0277650150017257
1.0277650150017257
1.027124939388072
1.027124939388072
1.0280624035742778
1.0278799105001104
1.0278799105001104
1.0278799105001104
1.0278799105001104
1.0255564327674764
1.0255564327674764
1.0260474835289988
1.0260474835289988
1.0260474835289988
1.0268379784366095
1.0268379784366095
1.0267454264247464
1.0267454264247464
1.0260388858967866
1.0261550504531236
1.0261550504531236
1.0261550504531236
1.0261550504531236
1.0269984940863255
1.0269984940863255
1.0269984940863255
1.0269984940863255
1.0239226495675107
1.0246467332611764
1.0243558217416064
1.0249245198029577
1.0268044722320497
1.0276035295952637
1.0261637784927433
1.0261637784927433
1.0261637784927433
1.0268659185302862
1.028601159636031
1.028601159636031
1.028601159636031
1.028601159636031
1.028601159636031
1.028601159636031
1.028601159636031
1.028601159636031
1.028601159636031
1.0287897334377993
1.0287897334377993
1.0287897334377993
1.0285447845976268
1.028004731107159
1.028004731107159
1.028336685940714
1.028336685940714
1.028336685940714
1.0289346238818997
1.0289346238818997
1.0289346238818997
1.0274601708109443
1.0274601708109443
1.0274601708109443
1.0277816679964735
1.0277816679964735
1.0277816679964735
1.0273317643619138
1.0263001556768185
1.0257447405714775
1.025378666193955
1.0257216292984441
1.0257216292984441
1.025960072288305
1.025960072288305
1.0278146913036275
1.0278146913036275
1.028915348085656
1.028915348085656
1.028915348085656
1.0269739222813217
1.0269739222813217
1.0269739222813217
1.0269739222813217
1.0270042668939376
1.0254788921485853
1.0254788921485853
1.0254788921485853
1.0254788921485853
1.025344402588225
1.0256039450431356
1.0256039450431356
1.02720112850567
1.02720112850567
1.0275353319640586
1.0275353319640586
1.0275353319640586
1.0275353319640586
1.0260642883218103
1.0260642883218103
1.0260642883218103
1.0268875416197647
1.0277066290443728
1.0269560526315413
1.0269560526315413
1.026415999961514
1.027369414989918
1.027369414989918
1.027369414989918
1.027369414989918
1.0269087085047013
1.02591965488891
1.02591965488891
1.02591965488891
1.02591965488891
1.0267474073240808
1.0269591063311128
1.0259129535732556
1.0259129535732556
1.0276976607211996
1.0270028166688392
1.0270028166688392
1.0270028166688392
1.0270028166688392
1.0263681330245997
1.0263681330245997
1.0263681330245997
1.0260821414366483
1.0247411960735056
1.0247411960735056
1.0266650641709234
1.0268432071198237
1.023458118704166
1.023458118704166
1.0246597754923583
1.0246601462654688
1.0250247219565924
1.0246572085411805
1.0250293935076131
1.0250293935076131
1.0240516921991967
1.0245079511572341
1.0245079511572341
1.0241928130585936
1.0241928130585936
1.0241928130585936
1.0241928130585936
1.0254436106840963
1.0254436106840963
1.0254436106840963
1.0268660711909314
1.0266705678800756
1.0266705678800756
1.0272326534122465
1.0272326534122465
1.0272326534122465
1.0272326534122465
1.0272326534122465
1.0272326534122465
1.0272326534122465
1.0269148424524173
1.0269148424524173
1.0269537910589375
1.0286178235852157
1.0286178235852157
1.0286178235852157
1.0286178235852157
1.0293224579607985
1.0295197580307378
1.0295197580307378
1.0282613653889667
1.0286071810031692
1.0284127757415695
1.0268242321798384
1.0268242321798384
1.0268242321798384
1.0282780089165984
1.0278694915944913
1.0278694915944913
1.0278694915944913
1.0278694915944913
1.0278694915944913
1.0278694915944913
1.027054272678777
1.028063003491012
1.0285868810674912
1.0285868810674912
1.0285868810674912
1.027893344279077
1.027893344279077
1.027893344279077
1.027893344279077
1.027893344279077
1.0277084070569624
1.0277084070569624
1.0277084070569624
1.0287170975498765
1.0287170975498765
1.0287170975498765
1.0287170975498765
1.0287170975498765
1.0287170975498765
1.0287170975498765
1.0273262251001638
1.0273262251001638
1.0279928279523673
1.0291745828394268
1.0278697622615607
1.0278697622615607
1.0278697622615607
1.0278697622615607
1.0278697622615607
1.0278697622615607
1.0279686264327803
1.0293664291586087
1.0294371467945578
1.029190165215606
1.029190165215606
1.029190165215606
1.029190165215606
1.0302832337451655
1.0296100719226424
1.0296100719226424
1.0296100719226424
1.0296100719226424
1.0296100719226424
1.0296100719226424
1.0301395554172852
1.0301395554172852
1.0296389756351274
1.0296389756351274
1.0298134920484492
1.0302634751071469
1.0300696125222417
1.028622680979248
1.0277226651297535
1.0277226651297535
1.0277226651297535
1.0277226651297535
1.0274591114880995
1.0274591114880995
1.0274591114880995
1.0274591114880995
1.0274591114880995
1.0273361257150486
1.0273361257150486
1.027746595351867
1.0266040999274808
1.0266040999274808
1.0266040999274808
1.0277976909604942
1.0277976909604942
1.0277976909604942
1.0277976909604942
1.0277976909604942
1.0277976909604942
1.0277976909604942
1.0277976909604942
1.0277098754265324
1.0277098754265324
1.0277098754265324
1.0277098754265324
1.0276062967787174
1.0265185511076054
1.0272363665372095
1.0272363665372095
1.027653215915138
1.027653215915138
1.027653215915138
1.027653215915138
1.027653215915138
1.027918245656006
1.027918245656006
1.0268808569913348
1.0268808569913348
1.0268808569913348
1.0268808569913348
1.0265397494304345
1.026435199790742
1.026142957792346
1.0258924250273083
1.0258924250273083
1.0258924250273083
1.0265355372850684
1.0259145003459722
1.025487601044931
1.025487601044931
1.025487601044931
1.0265363369872078
1.0255329315326234
1.0261874645933813
1.0264380512378022
1.0254877400528972
1.0254877400528972
1.0270232858319917
1.025435378150571
1.025435378150571
1.025435378150571
1.0251764892404251
1.0251764892404251
1.0251764892404251
1.025848251329919
1.025848251329919
1.025848251329919
1.025848251329919
1.026529644828834
1.026529644828834
1.026529644828834
1.026529644828834
1.027117735716137
1.027117735716137
1.0272478164608614
1.0272478164608614
1.0272478164608614
1.0272478164608614
1.0279627772642983
1.0273117819940165
1.0273117819940165
1.0284146350813712
1.028983336908056
1.0286910283812905
1.0286910283812905
1.0270795177219578
1.0261875820648836
1.0259859358331263
1.0256271174092113
1.0256271174092113
1.0260058740869358
1.0267945200055626
1.028459917415218
1.02654379412355
1.02654379412355
1.0270820967449372
1.0270820967449372
1.0270820967449372
1.0270820967449372
1.027886670687361
1.027081796323502
1.027081796323502
1.027081796323502
1.027339841510753
1.027339841510753
1.027339841510753
1.025331990486587
1.0261262804205789
1.0261262804205789
1.0261520948922507
1.0264409033606787
1.0264409033606787
1.027320836431982
1.0272725446901347
1.0272725446901347
1.0272725446901347
1.0265688054391202
1.025343325533919
1.025343325533919
1.0256219092869443
1.026379240758022
1.0266604945713396
1.0266604945713396
1.0286766326142043
1.0286766326142043
1.0286766326142043
1.0286766326142043
1.0286766326142043
1.0286766326142043
1.0281292888504945
1.0281292888504945
1.0281292888504945
1.0281292888504945
1.0281292888504945
1.0277943072494367
1.029509782749305
1.029509782749305
1.029509782749305
1.0300662045154005
1.0300662045154005
1.0302967472500804
1.0302967472500804
1.0302967472500804
1.0302967472500804
1.0302967472500804
1.0302967472500804
1.0297775005692398
1.0297775005692398
1.0297775005692398
1.0292057094563873
1.0292057094563873
1.0292057094563873
1.0297471063475094
1.0297471063475094
1.0297471063475094
1.0297471063475094
1.0295627959156641
1.0295627959156641
1.0302115665249432
1.0302115665249432
1.0302115665249432
1.0278775559730657
1.0288665166215323
1.0288665166215323
1.0290910393011137
1.0284759745048657
1.0284759745048657
1.0284759745048657
1.0284759745048657
1.0284759745048657
1.0284759745048657
1.0284759745048657
1.0284759745048657
1.0284759745048657
1.0284759745048657
1.0284759745048657
1.0284759745048657
1.0284759745048657
1.0296013963088886
1.0281682248852912
1.0281682248852912
1.0281682248852912
1.0281682248852912
1.0281682248852912
1.0281682248852912
1.0263326441970342
1.0263326441970342
1.0263326441970342
1.0263326441970342
1.0263326441970342
1.0263326441970342
1.0263326441970342
1.0263326441970342
1.0267191033003975
1.0267191033003975
1.0276694711811387
1.0285208166221256
1.0285208166221256
1.0288078106194392
1.0288078106194392
1.0288078106194392
1.0299792178756455
1.0293513600896937
1.0293390380412826
1.0293390380412826
1.0277226418821723
1.0277226418821723
1.0265663404035705
1.026310279194237
1.026310279194237
1.0270322189573233
1.027046424942718
1.027046424942718
1.0269734463747966
1.0269734463747966
1.0263294128843217
1.0271358393805277
1.0271358393805277
1.0271358393805277
1.0272093029964884
1.026657595292415
1.0262908426651165
1.0256561146089807
1.0256561146089807
1.0256561146089807
1.0287710803732162
1.0289628662283739
1.0280837487139896
1.0280837487139896
1.0280837487139896
1.0280837487139896
1.030434281352804
1.0282561099448688
1.0282561099448688
1.0282561099448688
1.0286431791350448
1.0281709926812963
1.0281709926812963
1.0281709926812963
1.0281709926812963
1.0297822473818412
1.0297822473818412
1.030020330986526
1.030020330986526
1.0291965085905037
1.0292255199203775
1.0292255199203775
1.0292255199203775
1.0298191500265816
1.0299738148062725
1.0299738148062725
1.0315865026236672
1.030525459593033
1.030525459593033
1.030525459593033
1.030525459593033
1.030525459593033
1.030525459593033
1.030525459593033
1.0301675762132954
1.0301675762132954
1.0301675762132954
1.0306324346858844
1.0306324346858844
1.0313785213131343
1.0285427771237332
1.0285427771237332
1.0295735908313288
1.0301349731944618
1.0305715920087326
1.0305715920087326
1.0291990299884604
1.0291990299884604
1.0291990299884604
1.0291990299884604
1.0291990299884604
1.0292038428492183
1.0292038428492183
1.0304695548686584
1.0304695548686584
1.0294645242063039
1.0298334118939665
1.0298334118939665
1.0305911018938183
1.0305911018938183
1.0305911018938183
1.0305911018938183
1.0305016858437435
1.0305016858437435
1.029517040990209
1.029517040990209
1.029517040990209
1.0299656375289108
1.0299656375289108
1.0303645340692555
1.0303645340692555
1.0303645340692555
1.0303645340692555
1.0303645340692555
1.0312556848736112
1.0312556848736112
1.0312556848736112
1.0307370447174276
1.0307370447174276
1.0307370447174276
1.0307370447174276
1.0307370447174276
1.0307370447174276
1.031249374455489
1.031091949792752
1.0312182146081956
1.0311838698247793
1.0311838698247793
1.0311838698247793
1.0311838698247793
1.0311838698247793
1.0311838698247793
1.0311838698247793
1.0305099089856362
1.0305099089856362
1.0305099089856362
1.02867222719583
1.02867222719583
1.02867222719583
1.0302735778349015
1.029120657426845
1.0277894330810167
1.0277894330810167
1.0277894330810167
1.0296430823448206
1.0301140228858632
1.0301140228858632
1.0302946405061975
1.0302946405061975
1.0302946405061975
1.0302946405061975
1.0305742075834412
1.0305742075834412
1.0305742075834412
1.0295134513919388
1.0299665010592793
1.0299748887721667
1.0299748887721667
1.0299748887721667
1.0299748887721667
1.0293586237641486
1.0295062366996526
1.0294673730910406
1.0301310665994199
1.0301310665994199
1.0301310665994199
1.0303689338647701
1.0308518327138558
1.0308518327138558
1.0307251108445277
1.0307251108445277
1.0307251108445277
1.029782446421124
1.029782446421124
1.029782446421124
1.0297945251507505
1.0297945251507505
1.0288342645167852
1.0288342645167852
1.0288342645167852
1.028713927460751
1.0274919475399633
1.0274919475399633
1.0274919475399633
1.027268028648735
1.027268028648735
1.0268704136146556
1.0268704136146556
1.0278847723650317
1.0271556053204585
1.0271556053204585
1.0290341685798206
1.029533076447464
1.029533076447464
1.029533076447464
1.029533076447464
1.028673984059138
1.0290122818000622
1.0290122818000622
1.0293980276118837
1.0293980276118837
1.0293980276118837
1.0293980276118837
1.0292034718787901
1.029496851372667
1.0286901557882855
1.0299163493388275
1.0299163493388275
1.0299163493388275
1.0299163493388275
1.0299163493388275
1.0299163493388275
1.0299163493388275
1.0299163493388275
1.0288450994736624
1.0288450994736624
1.0288450994736624
1.0278796259032166
1.028771441463535
1.028771441463535
1.028771441463535
1.028771441463535
1.028771441463535
1.028771441463535
1.028771441463535
1.0302696482543283
1.0275499041094545
1.0275499041094545
1.0275499041094545
1.0275499041094545
1.0275561506813353
1.0275561506813353
1.0275561506813353
1.0275561506813353
1.0282180513853243
1.0282180513853243
1.0282180513853243
1.0293006055123657
1.029101478090441
1.029101478090441
1.029101478090441
1.029101478090441
1.029101478090441
1.029622590241018
1.0292101762947719
1.0292101762947719
1.0295330285529343
1.0295330285529343
1.0280897195557406
1.0280897195557406
1.0280897195557406
1.0280897195557406
1.0280897195557406
1.027872361022567
1.027872361022567
1.027872361022567
1.0297849742588485
1.0312627615041725
1.029955242806285
1.0300003664739537
1.0300003664739537
1.0300003664739537
1.0300003664739537
1.0302541103129246
1.0318542688090706
1.0320344729344102
1.0303741490638725
1.0303741490638725
1.03062250229469
1.03062250229469
1.03062250229469
1.029748155152989
1.029748155152989
1.029748155152989
1.029748155152989
1.029748155152989
1.029748155152989
1.029748155152989
1.0300112697367256
1.0310085374891556
1.0314423029233817
1.0311094834981347
1.0312442706169662
1.0312442706169662
1.0312442706169662
1.0312442706169662
1.030758497652148
1.030758497652148
1.030758497652148
1.0296830649334283
1.0296830649334283
1.0296830649334283
1.0296830649334283
1.0296830649334283
1.0296483729730952
1.0294290393487653
1.0294290393487653
1.0294290393487653
1.0294290393487653
1.0294290393487653
1.0294290393487653
1.028823051367355
1.028823051367355
1.0279601014514743
1.0288466608906894
1.0290415431066853
1.0290415431066853
1.0278632906930985
1.0276121704673453
1.0276121704673453
1.0276121704673453
1.0276121704673453
1.0276121704673453
1.0276121704673453
1.0276121704673453
1.0276121704673453
1.0258201905170872
1.0258201905170872
1.0258201905170872
1.0257617504592027
1.0254693680149667
1.0261878409038978
1.0284930675680188
1.0288043503080695
1.0288043503080695
1.0279408033736404
1.0279408033736404
1.0284634567519242
1.0275843743824873
1.0264894081418052
1.0295377066030527
1.0293974178737415
1.0293974178737415
1.027990526199323
1.027990526199323
1.027990526199323
1.0278556060850101
1.0278556060850101
1.0283075123330208
1.0284685922059436
1.0284685922059436
1.0284685922059436
1.0281964192129718
1.0281964192129718
1.0289599633069932
1.0289599633069932
1.0289599633069932
1.0289599633069932
1.0284242161791763
1.0284242161791763
1.0288166636240772
1.0288166636240772
1.0288166636240772
1.0275075032093908
1.0275075032093908
1.0275075032093908
1.0275075032093908
1.0275075032093908
1.0270922254399668
1.0270922254399668
1.0270922254399668
1.028552584649118
1.028552584649118
1.0272147671956033
1.0272147671956033
1.0272147671956033
1.0278968226584821
1.0278968226584821
1.029074946191652
1.0289695797206335
1.0289695797206335
1.0289695797206335
1.0291971088879868
1.0291971088879868
1.0279079516402339
1.0281602275380732
1.0283826584875921
1.029239463156216
1.0285901558272197
1.0285901558272197
1.0285901558272197
1.0285901558272197
1.0285901558272197
1.0285901558272197
1.0265069555825963
1.0265069555825963
1.0265069555825963
1.0265069555825963
1.028995706774118
1.028995706774118
1.028995706774118
1.0296897533174518
1.0292363784309055
1.0292363784309055
1.0291904076918688
1.0291904076918688
1.0291904076918688
1.0291904076918688
1.0291904076918688
1.0291904076918688
1.0291904076918688
1.0289210110575782
1.0289210110575782
1.0289210110575782
1.0289210110575782
1.0275567396602743
1.0275567396602743
1.0275567396602743
1.0275567396602743
1.0280051996670432
1.0280051996670432
1.0280051996670432
1.0262426681089987
1.0265622493829945
1.0273223302696732
1.0266848042058856
1.0266848042058856
1.0266848042058856
1.02812555420929
1.02812555420929
1.0277546976454308
1.0277546976454308
1.028279758054327
1.0272589149695703
1.0272589149695703
1.0272589149695703
1.0279783170169536
1.0265870002143271
1.0265870002143271
1.0265870002143271
1.0262556302362358
1.0262556302362358
1.0270051078200417
1.0270051078200417
1.0267021441992616
1.0267021441992616
1.0267021441992616
1.0267021441992616
1.0249415195207412
1.0244289690415629
1.0244289690415629
1.0244289690415629
1.0244289690415629
1.027425917983488
1.0280219228381722
1.0280219228381722
1.0280219228381722
1.0280219228381722
1.0280219228381722
1.0256004239464038
1.0257118708009418
1.0257118708009418
1.0262685153573596
1.0262685153573596
1.0262685153573596
1.0262685153573596
1.0272105132509528
1.0272105132509528
1.0285512993113244
1.0285512993113244
1.0275562867062724
1.0275562867062724
1.0281033295631814
1.0281413456007567
1.0281413456007567
1.0281413456007567
1.0281413456007567
1.0281413456007567
1.0281413456007567
1.0281413456007567
1.0281413456007567
1.0281413456007567
1.0281394344759298
1.028193477450418
1.028193477450418
1.028193477450418
1.028193477450418
1.0299107438540587
1.0299107438540587
1.0302931446989818
1.0302931446989818
1.0302931446989818
1.0302931446989818
1.0280704303377917
1.0280704303377917
1.0280704303377917
1.0285320262586126
1.0275313147300318
1.0275778141685419
1.0275778141685419
1.0275778141685419
1.0275778141685419
1.0275778141685419
1.0275778141685419
1.0275403734483437
1.0275403734483437
1.0275403734483437
1.0284121532698427
1.0284121532698427
1.0282590802003326
1.0266933609258375
1.0266933609258375
1.0266933609258375
1.0266933609258375
1.0279683089413352
1.0279683089413352
1.0279683089413352
1.0279683089413352
1.0279683089413352
1.0279683089413352
1.0279683089413352
1.0279683089413352
1.0280412379098425
1.0284055144815347
1.0286489782886568
1.0286489782886568
1.0298338766428465
1.0298338766428465
1.0298338766428465
1.0319958430914833
1.0308225569312488
1.0291283135600346
1.0291283135600346
1.0291283135600346
1.0291283135600346
1.0295157960623122
1.0299287639444763
1.0303739277913089
1.0301069322999015
1.0301069322999015
1.0288480484538287
1.0290055698259506
1.0290055698259506
1.0290055698259506
1.0290055698259506
1.0288706100360172
1.0288706100360172
1.0288706100360172
1.0291826369406263
1.0266741172439369
1.0266741172439369
1.0266741172439369
1.0266741172439369
1.0266741172439369
1.0266741172439369
1.0266741172439369
1.0270515688514301
1.0270515688514301
1.0270515688514301
1.0270515688514301
1.0271068016336713
1.0293467320366176
1.0293467320366176
1.0293467320366176
1.0281816325977617
1.0290256652093002
1.0279007680663879
1.0279007680663879
1.0279007680663879
1.0279007680663879
1.0279485561509214
1.028686935266665
1.0307076106576054
1.030322595689022
1.0299795840811905
1.0299795840811905
1.0296133272997532
1.0296133272997532
1.0296133272997532
1.0296133272997532
1.0296133272997532
1.0296133272997532
1.0294460645181869
1.0289133611543309
1.029223421891645
1.0301125289637318
1.0301125289637318
1.0301125289637318
1.0301125289637318
1.0286257261656253
1.0286257261656253
1.0286257261656253
1.0277325926818786
1.0287937534870684
1.0287937534870684
1.0280435089496844
1.0280435089496844
1.0275593819346212
1.0275593819346212
1.0275593819346212
1.0287584505968586
1.0266705096911861
1.0244810405835498
1.0255278733465754
1.0255278733465754
1.026169780496373
1.0283831381048314
1.026634766948886
1.026634766948886
1.026634766948886
1.026634766948886
1.026634766948886
1.025772459961083
1.0264201503495682
1.0264201503495682
1.0264201503495682
1.0264201503495682
1.0264201503495682
1.0264201503495682
1.0272418058412913
1.0272418058412913
1.0258132777519744
1.0258132777519744
1.0270763189487973
1.0270763189487973
1.0270763189487973
1.0270334714344211
1.0270334714344211
1.0270334714344211
1.027224513808323
1.0268289282059322
1.0267498707315719
1.0267498707315719
1.0267498707315719
1.0267498707315719
1.0267498707315719
1.0273996039229216
1.028352899908796
1.028352899908796
1.0282102525501329
1.0265296153228185
1.0265957258544762
1.0265957258544762
1.0265957258544762
1.0265957258544762
1.0265957258544762
1.0265957258544762
1.0265957258544762
1.0265957258544762
1.0267113314795544
1.0267113314795544
1.0267113314795544
1.0267113314795544
1.028941318057686
1.0283016249255452
1.0283269316008021
1.0284823868391808
1.0280290293520695
1.026032701459975
1.026032701459975
1.0263838612372196
1.0267057421656947
1.0279328670510595
1.0279328670510595
1.0279328670510595
1.0279583665368959
1.0279583665368959
1.0279583665368959
1.0280502280025778
1.0280502280025778
1.02996061577083
1.0299723267538226
1.0299723267538226
1.0299723267538226
1.0299723267538226
1.0299723267538226
1.0299723267538226
1.0280679772656625
1.0283054911592047
1.0283211172057232
1.0283211172057232
1.0283211172057232
1.0283211172057232
1.0283211172057232
1.0283211172057232
1.0273992513828594
1.0273992513828594
1.0267005134887413
1.0267005134887413
1.0267005134887413
1.027851748680434
1.027851748680434
1.027851748680434
1.0272297927800487
1.0272297927800487
1.0272297927800487
1.0286881714787706
1.0286881714787706
1.0287127609981357
1.0287127609981357
1.0287127609981357
1.0288806399716803
1.0297220549746713
1.0295676750817218
1.0295676750817218
1.0295676750817218
1.029788828835754
1.029788828835754
1.029788828835754
1.029739675837667
1.0287273639969778
1.0287273639969778
1.0288517536258044
1.0277455891793565
1.0274954926662283
1.0287942232142044
1.029384274129024
1.029384274129024
1.029384274129024
1.029384274129024
1.0292505763044477
1.0292505763044477
1.0292505763044477
1.0301765674731742
1.0301765674731742
1.0291784421253931
1.0291784421253931
1.0293070524958758
1.0293070524958758
1.0293070524958758
1.0293070524958758
1.0293070524958758
1.0284896104837558
1.029141322083629
1.029141322083629
1.029141322083629
1.029141322083629
1.029141322083629
1.029141322083629
1.0296240377113446
1.0288883790466758
1.0288883790466758
1.0286548969873655
1.0306975241778216
1.0306975241778216
1.0306975241778216
1.0306975241778216
1.0306975241778216
1.0306975241778216
1.0306975241778216
1.0285628411991237
1.0285628411991237
1.0285628411991237
1.029038297005634
1.0291543044559137
1.0291543044559137
1.0291543044559137
1.0291543044559137
1.0291543044559137
1.0286968624028348
1.0286968624028348
1.0286968624028348
1.0286968624028348
1.0279798475904973
1.0279798475904973
1.0279798475904973
1.0279798475904973
1.0279798475904973
1.027017975277194
1.027017975277194
1.028566956631119
1.028566956631119
1.028566956631119
1.028566956631119
1.028566956631119
1.0285693006161214
1.0285693006161214
1.0285693006161214
1.0277941346087356
1.0288804935178713
1.0288804935178713
1.0293818613137373
1.0293818613137373
1.0293818613137373
1.029939294669693
1.029939294669693
1.0308086627425066
1.0308086627425066
1.0308086627425066
1.030903705166976
1.0307077386172618
1.0294857884975064
1.0294857884975064
1.0294857884975064
1.0294857884975064
1.0294857884975064
1.0290809054710777
1.0290809054710777
1.0290809054710777
1.0290809054710777
1.0290809054710777
1.0293114918714603
1.0285669191431668
1.0285669191431668
1.029213593814782
1.0295376061384955
1.029117622836217
1.029117622836217
1.029117622836217
1.0286817408087572
1.0286817408087572
1.027768285091883
1.0279716612135674
1.0279827203816645
1.0279827203816645
1.0279827203816645
1.0280481421775527
1.0280481421775527
1.0280481421775527
1.0280481421775527
1.0280481421775527
1.0280481421775527
1.0280481421775527
1.0280481421775527
1.0280481421775527
1.0280481421775527
1.0280481421775527
1.0280481421775527
1.0280481421775527
1.0280481421775527
1.0283821741293662
1.0283821741293662
1.0283821741293662
1.0283821741293662
1.0283821741293662
1.0283110473126476
1.0283110473126476
1.0275505280800974
1.0275505280800974
1.0274207328766454
1.0274207328766454
1.0274207328766454
1.0272365541533763
1.0272365541533763
1.0272365541533763
1.0282059546132094
1.0282059546132094
1.0279435206131664
1.0270546788563624
1.0270546788563624
1.026652832151492
1.026652832151492
1.026652832151492
1.0261373090819585
1.0254535667882312
1.025616239407111
1.0267573898275137
1.0267573898275137
1.0267573898275137
1.0267573898275137
1.0266134465318881
1.026681122082657
1.0264044834662736
1.0264044834662736
1.0275717068593833
