0.939210827967162
0.939210827967162
0.939210827967162
0.939210827967162
0.939210827967162
0.939210827967162
0.939210827967162
0.939210827967162
0.939210827967162
0.939210827967162
0.939210827967162
0.939210827967162
0.939210827967162
0.939210827967162
0.939210827967162
0.939210827967162
0.939210827967162
0.939210827967162
0.939210827967162
0.939210827967162
0.939210827967162
0.939210827967162
0.939210827967162
0.939210827967162
0.939210827967162
0.939210827967162
0.939210827967162
0.939210827967162
0.939210827967162
0.939210827967162
0.939210827967162
0.939210827967162
0.939210827967162
0.939210827967162
0.939210827967162
0.939210827967162
0.939210827967162
0.939210827967162
0.939210827967162
0.939210827967162
0.939210827967162
0.939210827967162
0.939210827967162
0.939210827967162
0.939210827967162
0.939210827967162
0.939210827967162
0.939210827967162
0.939210827967162
0.939210827967162
0.939210827967162
0.939210827967162
0.939210827967162
0.939210827967162
0.939210827967162
0.939210827967162
0.939210827967162
0.939210827967162
0.939210827967162
0.939210827967162
0.939210827967162
0.939210827967162
0.939210827967162
0.939210827967162
0.939210827967162
0.939210827967162
0.939210827967162
0.939210827967162
0.939210827967162
0.939210827967162
0.939210827967162
0.939210827967162
0.939210827967162
0.939210827967162
0.939210827967162
0.939210827967162
0.939210827967162
0.939210827967162
0.939210827967162
0.939210827967162
0.939210827967162
0.939210827967162
0.939210827967162
0.939210827967162
0.939210827967162
0.939210827967162
0.939210827967162
0.939210827967162
0.939210827967162
0.939210827967162
0.939210827967162
0.939210827967162
0.939210827967162
0.939210827967162
0.939210827967162
0.939210827967162
0.939210827967162
0.939210827967162
0.939210827967162
0.9397737587711272
0.9399299637830135
0.9399299637830135
0.9402099957546781
0.9430375506985506
0.9442835996756238
0.9442835996756238
0.9456497636151088
0.9456497636151088
0.9460695472572852
0.9464423509631221
0.9464423509631221
0.9464423509631221
0.9468342579730781
0.9468342579730781
0.9497484556405579
0.9497484556405579
0.9497484556405579
0.9497484556405579
0.9497484556405579
0.9497484556405579
0.9497484556405579
0.9497484556405579
0.9549189020828946
0.9549189020828946
0.9549189020828946
0.9570274993460421
0.9570274993460421
0.9580744014172345
0.963200989094611
0.963200989094611
0.9644029293824696
0.9658133864118483
0.9655257911760317
0.9655257911760317
0.9655257911760317
0.9667166545625265
0.9666004675728611
0.9691561648119872
0.9691561648119872
0.9691561648119872
0.9690143263840763
0.971017674122707
0.9713960577841411
0.9717548742819314
0.9717548742819314
0.9717548742819314
0.9717548742819314
0.9717548742819314
0.9717548742819314
0.9728063034219885
0.9724410903020865
0.9724410903020865
0.9755183809194323
0.978509325776555
0.978509325776555
0.978509325776555
0.978509325776555
0.978509325776555
0.9814087898195056
0.9814087898195056
0.9814087898195056
0.9814087898195056
0.9814087898195056
0.9823166794043131
0.9836930155072626
0.9856018614002664
0.9863982224421097
0.9904334279604858
0.9904334279604858
0.9904334279604858
0.9904334279604858
0.9904334279604858
0.9913171396183853
0.9913171396183853
0.9929764783556976
0.9947606582217214
0.9983587520513325
0.9985305014512094
0.9985305014512094
0.9985305014512094
0.9983955723333466
0.9991630565587422
1.0007919441230957
1.0010461262817203
1.0010461262817203
1.0010461262817203
1.0010461262817203
1.0020796059244341
1.0020796059244341
1.0020796059244341
1.0020796059244341
1.0014779772950184
1.0014779772950184
1.0014779772950184
1.0035751289075971
1.004987096273536
1.0040733627070597
1.0066708377239357
1.0060963249299009
1.0087755901846558
1.010007022988451
1.0095332881541599
1.0091809445337538
1.0091809445337538
1.00899214689151
1.0090836677092472
1.0090297492339821
1.0089395144129107
1.0089395144129107
1.0105612872774665
1.0110525831456647
1.01214683768383
1.0128911496642368
1.016167808678743
1.0172572158871431
1.0172572158871431
1.0188027260511674
1.0188027260511674
1.0188027260511674
1.019758183025758
1.019758183025758
1.019758183025758
1.019758183025758
1.019758183025758
1.0181962149576094
1.0181962149576094
1.0215238229086037
1.0201248109290624
1.0225231984397847
1.0223564853116172
1.021607679125934
1.0217088768206828
1.0217088768206828
1.0217088768206828
1.0217088768206828
1.0215770222640137
1.0235526171482887
1.0235526171482887
1.0235526171482887
1.0235526171482887
1.0235526171482887
1.023908518512414
1.0248056438187485
1.025609919343939
1.025609919343939
1.025609919343939
1.025609919343939
1.0245761528255986
1.0241315109438298
1.0241315109438298
1.0231731044579746
1.0231731044579746
1.022813761820789
1.0221313045914449
1.0221313045914449
1.0216819209532735
1.0216819209532735
1.0216819209532735
1.0207867880813786
1.0207867880813786
1.0207867880813786
1.0208145948854732
1.0208145948854732
1.0208145948854732
1.0208145948854732
1.0201966114102028
1.019497076607559
1.0184705135569974
1.019294764592675
1.019692080557845
1.020136707088381
1.020136707088381
1.020136707088381
1.0187568043648987
1.0187568043648987
1.0195975052598096
1.0195975052598096
1.0191331356226891
1.0204211743311307
1.0204211743311307
1.0204211743311307
1.0200163165977671
1.020175194498352
1.0199104590242363
1.0199104590242363
1.0199104590242363
1.0199104590242363
1.0199104590242363
1.020309999246237
1.02039276908474
1.0210737745122445
1.0210737745122445
1.0218073390891709
1.0206555234137182
1.0206555234137182
1.0230060893021722
1.0230060893021722
1.0230060893021722
1.0230060893021722
1.0250880426249134
1.0250880426249134
1.0250880426249134
1.0246378628924844
1.0246378628924844
1.0246378628924844
1.0246378628924844
1.0246378628924844
1.0246378628924844
1.0246378628924844
1.0246378628924844
1.0229447460595906
1.0229037095055478
1.0229037095055478
1.0229037095055478
1.0229037095055478
1.0240817882379336
1.0240817882379336
1.0243234823149387
1.024442006080744
1.024442006080744
1.026132755472448
1.026132755472448
1.026132755472448
1.025625585538291
1.0246336032768917
1.0246336032768917
1.024757462540106
1.0246443069279791
1.022494068267781
1.0237264668200208
1.025065023055827
1.025065023055827
1.025065023055827
1.024542326453946
1.024542326453946
1.024542326453946
1.0246573578827922
1.024588790243043
1.02658987214564
1.02658987214564
1.02658987214564
1.02658987214564
1.02658987214564
1.02658987214564
1.02658987214564
1.02658987214564
1.0247484156426925
1.0247484156426925
1.0247484156426925
1.0247484156426925
1.0259316145438424
1.0259316145438424
1.0259316145438424
1.0259316145438424
1.0259316145438424
1.0259316145438424
1.0259316145438424
1.0246543057622202
1.0246543057622202
1.0228378683180368
1.0228378683180368
1.0236229839061175
1.0237503842544937
1.0234121024262863
1.0234121024262863
1.0234121024262863
1.0233523513689284
1.0261927884441406
1.0256316214401433
1.0261754203498525
1.0261754203498525
1.0261754203498525
1.0261754203498525
1.027898689219828
1.027898689219828
1.027898689219828
1.027898689219828
1.027898689219828
1.027898689219828
1.027878608901413
1.027878608901413
1.026902408460937
1.0260089948921303
1.0260089948921303
1.0268973381348643
1.0268973381348643
1.0268973381348643
1.0274694863125398
1.0270980125867555
1.0270980125867555
1.0266351156527702
1.0266351156527702
1.0266351156527702
1.0258502480929863
1.026290237575171
1.026290237575171
1.0267192175537836
1.0267192175537836
1.0267192175537836
1.0267192175537836
1.0267192175537836
1.0267192175537836
1.0267192175537836
1.0267192175537836
1.0267192175537836
1.0267192175537836
1.0267192175537836
1.0267192175537836
1.0267192175537836
1.0267192175537836
1.0290609900655774
1.0290609900655774
1.029156414171689
1.0272193041738058
1.028173768811166
1.028173768811166
1.028017064636558
1.028017064636558
1.028017064636558
1.027367467655043
1.027367467655043
1.027367467655043
1.027367467655043
1.027367467655043
1.027367467655043
1.0278647401242267
1.0278647401242267
1.0281948236481786
1.0281948236481786
1.0293111295104242
1.0293111295104242
1.0289339398674606
1.0289339398674606
1.0287530142829213
1.0287530142829213
1.0273118512703276
1.0306274034597749
1.0306274034597749
1.0306274034597749
1.0306274034597749
1.0303746689438344
1.02918821628313
1.02918821628313
1.02918821628313
1.027958745412286
1.027958745412286
1.0275087378286816
1.0275087378286816
1.0275087378286816
1.0275087378286816
1.0275087378286816
1.0275087378286816
1.0275087378286816
1.0247912691356453
1.0247912691356453
1.0247912691356453
1.0247912691356453
1.0276429393419384
1.027537332333714
1.027537332333714
1.026288366013848
1.026288366013848
1.0259378664827794
1.02528374763917
1.0277592748445927
1.0277592748445927
1.0277592748445927
1.0277592748445927
1.0277592748445927
1.0277592748445927
1.0277810838274148
1.0277810838274148
1.0278950154729702
1.0278950154729702
1.0286568416928965
1.0296094763905825
1.029374409131643
1.029374409131643
1.029374409131643
1.0285815718004232
1.0285815718004232
1.0290260909753675
1.0290260909753675
1.0290260909753675
1.0263109918721214
1.0267712534658604
1.0283218013400635
1.0283218013400635
1.0283218013400635
1.0283218013400635
1.0283218013400635
1.0283218013400635
1.0283218013400635
1.0283218013400635
1.0299791850709683
1.0299791850709683
1.0299791850709683
1.0291070964737912
1.0291070964737912
1.0291070964737912
1.0291070964737912
1.0291070964737912
1.0300974284448288
1.0300974284448288
1.0300974284448288
1.0300974284448288
1.0288692366607117
1.028294472945803
1.028294472945803
1.0296632062570998
1.0309218737501034
1.0309218737501034
1.0318935842821537
1.0318935842821537
1.0318935842821537
1.0318935842821537
1.0318935842821537
1.0318935842821537
1.0318935842821537
1.032657303955026
1.032657303955026
1.032657303955026
1.032657303955026
1.032657303955026
1.0328742164517348
1.0328742164517348
1.0325417544561095
1.031507316401958
1.030208574586033
1.0312181694840188
1.0312181694840188
1.0312181694840188
1.0312181694840188
1.0312181694840188
1.0312181694840188
1.03235967149379
1.0320098520448167
1.0310887402936524
1.030920185145085
1.030920185145085
1.030920185145085
1.0317730228654605
1.0310943885919612
1.0310943885919612
1.0310943885919612
1.0336808242214484
1.0336808242214484
1.0336808242214484
1.0336808242214484
1.0333590436872953
1.0333590436872953
1.033612409521659
1.033612409521659
1.033612409521659
1.033612409521659
1.0327628915838203
1.0327628915838203
1.0327628915838203
1.0327628915838203
1.0327628915838203
1.0327628915838203
1.0338490344902902
1.0338490344902902
1.0338490344902902
1.033574974457996
1.0344328034368084
1.0344328034368084
1.0344328034368084
1.0343403294092899
1.0343403294092899
1.0350401579629356
1.0350401579629356
1.0350401579629356
1.033485483170758
1.033485483170758
1.033485483170758
1.033485483170758
1.033485483170758
1.033485483170758
1.033485483170758
1.033485483170758
1.0325208557532062
1.0325208557532062
1.0324661367910124
1.0324661367910124
1.0324661367910124
1.0324661367910124
1.0324661367910124
1.0324661367910124
1.0324661367910124
1.0324661367910124
1.0324661367910124
1.0324661367910124
1.0324661367910124
1.0336635271380379
1.0336635271380379
1.0336635271380379
1.0336635271380379
1.0336635271380379
1.0336635271380379
1.0335569924865573
1.0332722563670151
1.0322847991853021
1.032379386602731
1.0335474341878603
1.0345472665883266
1.0328926396470794
1.0333887634639072
1.0339233287743308
1.0333844979753237
1.035335569385064
1.0346945784492703
1.0346945784492703
1.0346945784492703
1.0354844874239413
1.0354844874239413
1.0355180921035587
1.0332753832530301
1.0332753832530301
1.034512362708832
1.0345250929900864
1.0345250929900864
1.0345250929900864
1.0345421446904743
1.0345421446904743
1.0345421446904743
1.0345421446904743
1.0333017260022956
1.0333017260022956
1.0320378812651516
1.0330885625785795
1.0340781685702383
1.0335816605537915
1.0335816605537915
1.0335816605537915
1.0335816605537915
1.0335816605537915
1.0335816605537915
1.0335816605537915
1.0335816605537915
1.033701172669736
1.0355734543541038
1.0353314904171975
1.0344847137511635
1.0342576330368507
1.0342576330368507
1.0346616991457234
1.035124758300975
1.035124758300975
1.0332966192539168
1.0332966192539168
1.0332966192539168
1.0335785499697772
1.0332822404402149
1.0332822404402149
1.0336923008760608
1.0336923008760608
1.0336923008760608
1.0336923008760608
1.0336923008760608
1.0341742994108318
1.0341742994108318
1.0324006649652036
1.0323994294102423
1.0323994294102423
1.0323994294102423
1.0323994294102423
1.0323994294102423
1.0323994294102423
1.0323994294102423
1.0323994294102423
1.0323994294102423
1.0323994294102423
1.0323994294102423
1.0323994294102423
1.0323994294102423
1.0323994294102423
1.033120923447677
1.0346682040264104
1.0346682040264104
1.0346682040264104
1.0346682040264104
1.0344162422785166
1.0341188229254885
1.0328870465848725
1.0327384993403703
1.0325077064284263
1.0325077064284263
1.0333593223943576
1.0329239137000203
1.0335764394391793
1.0335764394391793
1.0335764394391793
1.0347705044308144
1.0347705044308144
1.0349137067041307
1.0349137067041307
1.0349137067041307
1.0349137067041307
1.0351438379439386
1.0351642520682134
1.0351642520682134
1.0332524267334484
1.0332524267334484
1.0332524267334484
1.0329345296539125
1.0327115548764865
1.0327115548764865
1.0327115548764865
1.0327115548764865
1.0321460245399245
1.0321460245399245
1.0336403777939325
1.0328998170498216
1.0328998170498216
1.0328998170498216
1.0330416888663272
1.0330416888663272
1.0330308204826943
1.0330308204826943
1.0330308204826943
1.0330308204826943
1.0330308204826943
1.0346355614123164
1.0346355614123164
1.0346355614123164
1.035964650369494
1.0347714960358276
1.0347714960358276
1.0347714960358276
1.0347959257606278
1.0347959257606278
1.0347959257606278
1.0347959257606278
1.0347959257606278
1.0347959257606278
1.0347959257606278
1.0347131875103526
1.0342820353700277
1.0353701630153471
1.0353701630153471
1.0353701630153471
1.0353701630153471
1.0338449303387527
1.033015217441715
1.0330062567730462
1.0336937344270658
1.0336937344270658
1.0345664198793627
1.0345664198793627
1.034399718543697
1.033469238375268
1.033980712435586
1.033980712435586
1.033980712435586
1.0341042384706793
1.0341042384706793
1.0341042384706793
1.0341042384706793
1.0341042384706793
1.0339427175382616
1.0354607544006122
1.035942581028562
1.035942581028562
1.036728558176188
1.036728558176188
1.036728558176188
1.036728558176188
1.035955981734018
1.036647060476284
1.036647060476284
1.036647060476284
1.036647060476284
1.036647060476284
1.0359755558959893
1.0359755558959893
1.0359755558959893
1.0350081804182407
1.0350081804182407
1.0350081804182407
1.0371036367341073
1.036745615662648
1.0369657319546275
1.0369657319546275
1.0369657319546275
1.0369657319546275
1.0369657319546275
1.0369657319546275
1.0369657319546275
1.036987014048189
1.036987014048189
1.0359083607389281
1.0359083607389281
1.0361443107657704
1.0361443107657704
1.0361443107657704
1.0367457460043865
1.036100824957828
1.036100824957828
1.036100824957828
1.036100824957828
1.036100824957828
1.0365879966643963
1.0365879966643963
1.0365879966643963
1.0365879966643963
1.0365879966643963
1.0365076369627253
1.0365076369627253
1.0365076369627253
1.0365076369627253
1.0365076369627253
1.0365076369627253
1.0354130698012483
1.0371096868244774
1.0372882999628394
1.0372882999628394
1.0379016256146716
1.0374893655625168
1.0374900796367041
1.037629095537421
1.0379939867760095
1.0379939867760095
1.0379939867760095
1.0379939867760095
1.0379939867760095
1.0380808015236704
1.0359221580308005
1.0359221580308005
1.0359221580308005
1.0359221580308005
1.0359221580308005
1.035085521820389
1.035085521820389
1.035085521820389
1.03491306972533
1.0341019461617873
1.0339339300474417
1.0339339300474417
1.0342220689907151
1.0342220689907151
1.0342220689907151
1.0344735710482378
1.0350452149028941
1.033641458486823
1.033641458486823
1.0342553557616532
1.0342553557616532
1.0342553557616532
1.0342553557616532
1.0344064141483622
1.0344064141483622
1.0344064141483622
1.0344361047641093
1.035527457636232
1.035527457636232
1.035527457636232
1.035527457636232
1.035527457636232
1.035527457636232
1.035426473263817
1.035426473263817
1.035426473263817
1.0359437800300442
1.0359437800300442
1.0359437800300442
1.0359437800300442
1.0341776088468235
1.0352807499195937
1.0359766880921708
1.0359766880921708
1.0359766880921708
1.0359055162619601
1.0359055162619601
1.0359055162619601
1.0359055162619601
1.0359055162619601
1.0359055162619601
1.0359055162619601
1.0355178032161985
1.0355019844300404
1.0353016958086545
1.0353016958086545
1.0353016958086545
1.0353016958086545
1.0353016958086545
1.037329867166086
1.036314498466168
1.0356506257723463
1.0357261156435404
1.0357261156435404
1.0357261156435404
1.0357261156435404
1.0357261156435404
1.0357261156435404
1.0357261156435404
1.0357261156435404
1.0355861864690685
1.0355861864690685
1.0355861864690685
1.0355861864690685
1.0350776452873964
1.0341447438303446
1.0341447438303446
1.034209733229701
1.034209733229701
1.0337626122996948
1.0333398971015721
1.0333398971015721
1.0339256909543733
1.0339256909543733
1.0339256909543733
1.0331882596989668
1.0331882596989668
1.0339152170151842
1.0330862937998735
1.0330862937998735
1.0330862937998735
1.0340953485300557
1.034367199225744
1.034367199225744
1.034367199225744
1.0327650014876846
1.0327650014876846
1.0327650014876846
1.0330704492671203
1.0342352172893512
1.0342352172893512
1.0342352172893512
1.033643238383616
1.033643238383616
1.033643238383616
1.033643238383616
1.033643238383616
1.033643238383616
1.0354632482736514
1.0354632482736514
1.0356964116578622
1.0356964116578622
1.0368398188689338
1.0347601243090856
1.0347601243090856
1.0344517166383798
1.0343866277278075
1.0343866277278075
1.0343866277278075
1.0360214647094639
1.0366820373144623
1.0368439813912012
1.0365781246736414
1.0365781246736414
1.035530150139511
1.035530150139511
1.035530150139511
1.035574741008582
1.035574741008582
1.035574741008582
1.036566818462089
1.036566818462089
1.0366565063849131
1.0366565063849131
1.0366565063849131
1.0366565063849131
1.0366565063849131
1.0366565063849131
1.0366565063849131
1.0366565063849131
1.0366565063849131
1.0366565063849131
1.0366565063849131
1.0369877574055548
1.0369877574055548
1.0367968893098776
1.0368338222616078
1.0368338222616078
1.037239610927231
1.037239610927231
1.037239610927231
1.0390537293511817
1.0369821874794027
1.0369821874794027
1.0369821874794027
1.0369821874794027
1.0373553814080612
1.0373553814080612
1.0368457511902465
1.0376461519811793
1.0376461519811793
1.0376461519811793
1.0376461519811793
1.0368130288511948
1.0353150536007614
1.0353260453712119
1.0363337637460863
1.0363337637460863
1.0369420531256206
1.0367783907393218
1.0367783907393218
1.0367783907393218
1.0367783907393218
1.036945890685592
1.036945890685592
1.037635214715639
1.037635214715639
1.037635214715639
1.037635214715639
1.037635214715639
1.0353784515885565
1.0369429229635483
1.038441637311284
1.038441637311284
1.038441637311284
1.0374143692079252
1.0374143692079252
1.0374143692079252
1.0373127900455794
1.0373127900455794
1.0356847820412574
1.034977895471887
1.037068345001652
1.036610408557066
1.036610408557066
1.036610408557066
1.0379805907488413
1.036011836077958
1.036011836077958
1.036011836077958
1.036011836077958
1.036011836077958
1.036011836077958
1.036011836077958
1.034701940711101
1.034701940711101
1.0355036273647649
1.0355036273647649
1.0355036273647649
1.0355036273647649
1.0360574201630153
1.0360574201630153
1.035091685568935
1.035091685568935
1.0334630602360366
1.0334630602360366
1.0334630602360366
1.0338320015965097
1.0338320015965097
1.0351281201392766
1.0341142226940685
1.032156143567908
1.0322363460638093
1.033184831816642
1.033184831816642
1.033184831816642
1.0323926332628004
1.0323926332628004
1.0323926332628004
1.0323926332628004
1.0323926332628004
1.0323926332628004
1.0323511392879479
1.032940074335473
1.032708352877803
1.0357653875086212
1.0357653875086212
1.0341845811188017
1.0359987873758663
1.0361413315691852
1.0381837939694176
1.0381837939694176
1.0381837939694176
1.0382214754929284
1.0369802362121048
1.0374091347485574
1.0371197910406686
1.0370880104575473
1.0373417955235822
1.0373417955235822
1.0364009300664605
1.0364009300664605
1.0364009300664605
1.0348469533719784
1.0348469533719784
1.0351424292920102
1.0351424292920102
1.0351424292920102
1.035329122532409
1.0344930129403842
1.0344930129403842
1.0344930129403842
1.0344930129403842
1.0344930129403842
1.0344930129403842
1.0344930129403842
1.0344930129403842
1.0342122668725684
1.0342122668725684
1.0342122668725684
1.0342122668725684
1.0342122668725684
1.0342122668725684
1.0342122668725684
1.034677100045794
1.034677100045794
1.034677100045794
1.034677100045794
1.034677100045794
1.034677100045794
1.0346637860173356
1.0346637860173356
1.0346637860173356
1.034399505400706
1.0346271898545696
1.0346271898545696
1.0346271898545696
1.0352350925095053
1.0342366269099672
1.0342366269099672
1.0356932408598538
1.0350973303440802
1.0350973303440802
1.034340436575316
1.0356506844574094
1.0360770865077702
1.0360770865077702
1.0360770865077702
1.0360770865077702
1.0360770865077702
1.0360770865077702
1.0360770865077702
1.0360770865077702
1.0361200353353468
1.035972311356163
1.035831998327978
1.0351447924133808
1.0348344540783998
1.0348344540783998
1.0348344540783998
1.0339560057412687
1.032930915300156
1.032930915300156
1.032930915300156
1.0328194416173975
1.0328194416173975
1.0328194416173975
1.0328194416173975
1.0328194416173975
1.0324189074874477
1.0324189074874477
1.0323389896240214
1.0343988719670514
1.0343988719670514
1.0332390623935968
1.0333912624971207
1.0328087232657324
1.0328087232657324
1.0341113274576694
1.0341113274576694
1.0341113274576694
1.0341113274576694
1.0348963404794513
1.0348963404794513
1.0348963404794513
1.0348963404794513
1.0348963404794513
1.0348963404794513
1.0353252525839645
1.0353252525839645
1.0353252525839645
1.0353252525839645
1.0353252525839645
1.0353252525839645
1.0353252525839645
1.0353252525839645
1.0353252525839645
1.0353252525839645
1.0352333541773884
1.0356948488408948
1.0356948488408948
1.0350504463398502
1.0350504463398502
1.0350504463398502
1.0351954885735455
1.0351954885735455
1.035781614182643
1.0346860042678034
1.0346860042678034
1.0346860042678034
1.0346860042678034
1.0346860042678034
1.0346860042678034
1.0346296055384665
1.0346296055384665
1.0346296055384665
1.0346296055384665
1.0346296055384665
1.0346296055384665
1.0331486311920688
1.032667086812755
1.032667086812755
1.032667086812755
1.0319092471923077
1.032788374582433
1.032788374582433
1.032788374582433
1.0328579755942024
1.0328579755942024
1.0328579755942024
1.0328579755942024
1.0328579755942024
1.0326880861298804
1.0326880861298804
1.0326880861298804
1.0326880861298804
1.0326880861298804
1.0326880861298804
1.0326880861298804
1.0333623104054543
1.0334060492030315
1.0325854876620937
1.033630414861316
1.033630414861316
1.033630414861316
1.0345310889654276
1.0345310889654276
1.0345310889654276
1.0347682458406344
1.0347682458406344
1.03579530048541
1.0345517874627626
1.0345517874627626
1.0345517874627626
1.0345517874627626
1.0345517874627626
1.035945265065195
1.033709613776222
1.033709613776222
1.033709613776222
1.0355388854981773
1.033532748743241
1.033532748743241
1.033532748743241
1.033532748743241
1.0330923636906781
1.0337773669568728
1.0337773669568728
1.034678494318392
1.034678494318392
1.034678494318392
1.0333858603588468
1.0331973765880686
1.034435799778141
1.034435799778141
1.034435799778141
1.0345005604001074
1.0345005604001074
1.0345005604001074
1.0345005604001074
1.0345005604001074
1.0345005604001074
1.0345005604001074
1.0345005604001074
1.0345005604001074
1.0345005604001074
1.0345005604001074
1.0358489080294382
1.0358489080294382
1.0346888062025812
1.0346888062025812
1.0346888062025812
1.0346888062025812
1.0346888062025812
1.0349736812763888
1.0354049068190383
1.0341701166626966
1.0328935895974767
1.0328935895974767
1.0328935895974767
1.0328935895974767
1.0331632634161914
1.0337540069028068
1.032809399266836
1.0327218290348295
1.0327218290348295
1.0337525105946743
1.03426210605014
1.03426210605014
1.03426210605014
1.0340152989135234
1.035003314362201
1.0335343782979107
1.0335343782979107
1.0362693277103343
1.036673238767556
1.036673238767556
1.036673238767556
1.036673238767556
1.0356411907608254
1.0356411907608254
1.0356411907608254
1.0356411907608254
1.0354002106254234
1.0354002106254234
1.0362968532032297
1.0362968532032297
1.0362968532032297
1.0362968532032297
1.0362968532032297
1.0362968532032297
1.0362968532032297
1.035838175099349
1.035838175099349
1.035838175099349
1.0344154956570866
1.0344154956570866
1.0345569742811176
1.0345569742811176
1.0345569742811176
1.0345569742811176
1.0345569742811176
1.035270894838768
1.035270894838768
1.035270894838768
1.0350378238994273
1.0350378238994273
1.0350378238994273
1.0350378238994273
1.0350378238994273
1.0350378238994273
1.0350378238994273
1.0343794518800211
1.0340363366267118
1.0340363366267118
1.0340363366267118
1.0340363366267118
1.0348595778418495
1.0351450745629895
1.0344215436728244
1.0344215436728244
1.0344215436728244
1.0344215436728244
1.0344215436728244
1.0344215436728244
1.0344215436728244
1.0344215436728244
1.0344215436728244
1.034446805398634
1.034446805398634
1.034446805398634
1.0349674983917492
1.0349674983917492
1.0349674983917492
1.033172786235833
1.033172786235833
1.033172786235833
1.033172786235833
1.033172786235833
1.033172786235833
1.033172786235833
1.033671112347594
1.033671112347594
1.033671112347594
1.033671112347594
1.033671112347594
1.033671112347594
1.033671112347594
1.0350727348178475
1.0350727348178475
1.0350727348178475
1.0350727348178475
1.0350727348178475
1.035671653342624
1.0332116920939565
1.0332116920939565
1.03307021541792
1.0350941893557082
1.0347395173212643
1.0347395173212643
1.0347395173212643
1.0347990884952012
1.0347990884952012
1.0347990884952012
1.035790854570499
1.035790854570499
1.035790854570499
1.037175838981619
1.035018629261358
1.035018629261358
1.0356055725796938
1.0356055725796938
1.0361935641199824
1.0361935641199824
1.0361935641199824
1.0361935641199824
1.035716237077675
1.0362429225772667
1.0362429225772667
1.0364705053725218
1.036545427935867
1.036545427935867
1.036545427935867
1.0365269010766407
1.0365269010766407
1.0365269010766407
1.0365269010766407
1.0347342602442755
1.0347342602442755
1.0347342602442755
1.0347342602442755
1.0347342602442755
1.0347692684046448
1.032819144186297
1.032819144186297
1.0342852619002416
1.0343758757925268
1.034579966638107
1.034579966638107
1.0341326505016477
1.0341326505016477
1.0341326505016477
1.0341326505016477
1.0341326505016477
1.0341326505016477
1.0339921531607874
1.0339921531607874
1.0339921531607874
1.0339921531607874
1.035024118655854
1.035024118655854
1.0351624191963358
1.0348254934764864
1.0376161798547014
1.0366652697255285
1.0366652697255285
1.0366652697255285
1.0362168590050633
1.0364471898871943
1.0340764070884725
1.0340764070884725
1.0350254884932935
1.0350254884932935
1.033813247500459
1.034866642478684
1.034866642478684
1.033137499000321
1.0335242617118647
1.0327491463250211
1.0327491463250211
1.0315024631757952
1.0305774231218403
1.0316651872689766
1.0316651872689766
1.0316651872689766
1.0316651872689766
1.032588896274593
1.032588896274593
1.032588896274593
1.032588896274593
1.032972516197352
1.0332378679589231
1.0332378679589231
1.0354338588589604
1.0354338588589604
1.0354338588589604
1.0354338588589604
1.0353898514675326
1.0353898514675326
1.0353898514675326
1.0354207784665732
1.0354207784665732
1.0350649654877262
1.0350649654877262
1.0350649654877262
1.0350649654877262
1.0350649654877262
1.0350649654877262
1.0350649654877262
1.0350649654877262
1.0343578874986679
1.0343578874986679
1.0351920398622596
1.0351920398622596
1.0351920398622596
1.0351920398622596
1.0352669766988905
1.0350589087111013
1.0348634999189585
1.0348634999189585
1.0348634999189585
1.0348634999189585
1.0348634999189585
1.0348634999189585
1.034668336466159
1.0361022711442975
1.0361022711442975
1.0361022711442975
1.0337767318289393
1.0337767318289393
1.0344393749120644
1.0344393749120644
1.0344393749120644
1.0344393749120644
1.0344393749120644
1.0344393749120644
1.0343366045291458
1.0343366045291458
1.0343366045291458
1.0343366045291458
1.0343366045291458
1.0343366045291458
1.0344953761428288
1.0344953761428288
1.0360006862818263
1.0352774370307478
1.0352774370307478
1.036003615917044
1.036003615917044
1.036003615917044
1.036003615917044
1.036003615917044
1.036003615917044
1.036003615917044
1.036003615917044
1.0376133774903409
1.0355755075949076
1.0348240882163529
1.032206477659721
1.032206477659721
1.032206477659721
1.0320428421374943
1.033328020881425
1.033328020881425
1.033903669542463
1.033903669542463
1.0354311539079222
1.0354311539079222
1.0354311539079222
1.0354311539079222
1.0354311539079222
1.0354311539079222
1.0355544467770164
1.0355544467770164
1.0355544467770164
1.0355319221940371
1.0355319221940371
1.03528744315872
1.03528744315872
1.03528744315872
1.03528744315872
1.0355724968662592
1.0355724968662592
1.0354315773930005
1.0354315773930005
1.0354315773930005
1.0354315773930005
1.0354315773930005
1.0349945855835518
1.0357522616597705
1.0358596243188312
1.0335882091631532
1.0335882091631532
1.0335882091631532
1.0335882091631532
1.0335882091631532
1.0335882091631532
1.0335882091631532
1.0336612701151018
1.033401453451803
1.033401453451803
1.033401453451803
1.033401453451803
1.033401453451803
1.033401453451803
1.033401453451803
1.033401453451803
1.033401453451803
1.033401453451803
1.0324241504582263
1.0324241504582263
1.0324241504582263
1.0324241504582263
1.0326586204716552
1.0326586204716552
1.0327690629846604
1.0327690629846604
1.0327690629846604
1.0327690629846604
1.0327690629846604
1.0327690629846604
1.0327690629846604
1.0327690629846604
1.034639726641429
1.034639726641429
1.034639726641429
1.032737352077403
1.032737352077403
1.032737352077403
1.032737352077403
1.032737352077403
1.032737352077403
1.032737352077403
1.0328001125858965
1.0319685910181573
1.0319685910181573
1.0319685910181573
1.0322439204165286
1.0322439204165286
1.0319573357252612
1.0319573357252612
1.0319573357252612
1.0319573357252612
1.033416476328599
1.033416476328599
1.033416476328599
1.0310747914206746
1.0324114537527385
1.0324114537527385
1.0324114537527385
1.0324114537527385
1.0324114537527385
1.0324114537527385
1.0331522044988215
1.0341382922058562
1.0351991624964871
1.032980264639071
1.0324285069285817
1.032385039392256
1.0326224676721256
1.0326224676721256
1.0326224676721256
1.032795855642848
1.032795855642848
1.032795855642848
1.032795855642848
1.032795855642848
1.0349708112567695
1.0349708112567695
1.0349708112567695
1.0349708112567695
1.0343434920256294
1.0343434920256294
1.0343434920256294
1.0343434920256294
1.0343434920256294
1.0343434920256294
1.0343434920256294
1.0343434920256294
1.0343434920256294
1.0343434920256294
1.0343434920256294
1.0343434920256294
1.0343434920256294
1.0336151541932668
1.0336151541932668
1.0336151541932668
1.0332422697478372
1.03252201791675
1.0320783579452872
1.029980166242125
1.029980166242125
1.029980166242125
1.0288091478411936
1.0290887376617266
1.0290887376617266
1.0290887376617266
1.0290887376617266
1.0324294474697238
1.0324294474697238
1.0324294474697238
1.0324904244317143
1.0324904244317143
1.029604867229825
1.029604867229825
1.0299338379729186
1.0299338379729186
1.0301756023328401
1.0301756023328401
1.0301756023328401
1.0301756023328401
1.0301756023328401
1.0301756023328401
1.0301756023328401
1.0301756023328401
1.0301756023328401
1.031958245668078
1.031958245668078
1.031958245668078
1.031958245668078
1.031958245668078
1.031958245668078
1.031958245668078
1.031958245668078
1.0318944749145222
1.0318944749145222
1.0318944749145222
1.0313159859937333
1.0313159859937333
1.0317986421626173
1.0331371515374281
1.0331371515374281
1.0333592143644104
1.0338567437382211
1.0333177256713344
1.032315874819762
1.032315874819762
1.032315874819762
1.032315874819762
1.0323343357952888
1.0315303868146237
1.0315303868146237
1.032185237282846
1.0336244611143293
1.0336244611143293
1.0336244611143293
1.0324190018528723
1.0324190018528723
1.0324190018528723
1.0325197925213072
1.0325197925213072
1.0325197925213072
1.0325197925213072
1.0325197925213072
1.0325197925213072
1.0331685849524335
1.0331685849524335
1.0331685849524335
1.0331685849524335
1.0331685849524335
1.0337089492338953
1.0324087920687237
1.0323953999801045
1.0323953999801045
1.0336635989212133
1.0313132016381437
1.0313132016381437
1.0313132016381437
1.0313132016381437
1.0313027627438975
1.0313027627438975
1.0322597017377961
1.0322597017377961
1.0320606905037173
1.0320606905037173
1.032289993468656
1.0327354768782977
1.0327354768782977
1.0320902730751849
1.0320902730751849
1.0343634185867265
1.033464176200218
1.035379506898477
1.0350769873819243
1.0350769873819243
1.0334680156725011
1.0334680156725011
1.03282930949987
1.03282930949987
1.03282930949987
1.03282930949987
1.03282930949987
1.0339573271653333
1.0339573271653333
1.0339573271653333
1.0330882873028513
1.0330882873028513
1.0308589115273477
1.0328499299331246
1.0328499299331246
1.0328499299331246
1.0328499299331246
1.0328499299331246
1.0328499299331246
1.0328499299331246
1.0343773524718611
1.0343773524718611
1.0343773524718611
1.0343773524718611
1.031816448459712
1.032459048058713
1.0320755642880761
1.0320755642880761
1.0320755642880761
1.0310106392969771
1.0310106392969771
1.0310106392969771
1.0300579705667796
1.0300579705667796
1.0291028912625952
1.0291028912625952
1.0291028912625952
1.0321373805318488
1.0321373805318488
1.031674608416541
1.0326682035124368
1.0326682035124368
1.0326682035124368
1.0326682035124368
1.0326682035124368
1.0329691205624365
1.0336533184918515
1.0336533184918515
1.0336533184918515
1.0336533184918515
1.0336533184918515
1.0336533184918515
1.0336533184918515
1.0343051632465872
1.0333020298064266
1.0333020298064266
1.0333020298064266
1.0317382222401772
1.0317382222401772
1.033545333355718
1.033545333355718
1.033545333355718
1.033545333355718
1.033545333355718
1.0328757820880348
1.0328757820880348
1.0344738493172834
1.0344099417074728
1.0344099417074728
1.0344099417074728
1.0344099417074728
1.0344099417074728
1.0344099417074728
1.0344099417074728
1.0344099417074728
1.0344099417074728
1.0344099417074728
1.0342546327136841
1.0342546327136841
1.0345450366499582
1.0327593922790352
1.0327593922790352
1.0333417743397326
1.0333417743397326
1.0319925824221265
1.0319925824221265
1.0321639227295882
1.0325521657395846
1.0322826205165156
1.0322826205165156
1.031533306624929
1.031533306624929
1.031533306624929
1.031533306624929
1.031533306624929
1.031533306624929
1.031533306624929
1.0334730612045373
1.0334730612045373
1.0334730612045373
1.0340520154717763
1.0340520154717763
1.0340520154717763
1.0340520154717763
1.0340520154717763
1.0327266061286526
1.0327266061286526
1.0327266061286526
1.0327266061286526
1.0327266061286526
1.0327266061286526
1.0327266061286526
1.0336345958067028
1.0336345958067028
1.0335725815087047
1.0335725815087047
1.0335725815087047
1.0327843441698854
1.0318559542127905
1.0318559542127905
1.032013471766485
1.032013471766485
1.032013471766485
1.032013471766485
1.0315434584380476
1.032887649598092
1.032887649598092
1.0335865693489343
1.0335865693489343
1.0335865693489343
1.0340052065971905
1.032109202253615
1.0330067605736208
1.0330067605736208
1.0330067605736208
1.0323787396128132
1.0324391120144714
1.0324391120144714
1.0324391120144714
1.0324391120144714
1.0324391120144714
1.0324391120144714
1.0303805203704393
1.0303805203704393
1.0303805203704393
1.0303805203704393
1.0303805203704393
1.0303805203704393
1.0303805203704393
1.0316581630578643
1.0318494107922518
1.0318494107922518
1.0328740377471193
1.0328740377471193
1.0324272862976638
1.0345081337668935
1.0345081337668935
1.0345081337668935
1.0345081337668935
1.0345081337668935
1.0345081337668935
1.0345081337668935
1.034337135593301
1.034437498293118
1.034437498293118
1.034437498293118
1.034437498293118
1.0351929144594174
1.0351929144594174
1.0351929144594174
1.0360255451663514
1.033889157086914
1.033889157086914
1.033889157086914
1.0339116596229612
1.0339116596229612
1.0329910163273885
1.0329910163273885
1.034990164873904
1.034990164873904
1.034990164873904
1.034990164873904
1.0331519438564967
1.033370362781022
1.033370362781022
1.033370362781022
1.033370362781022
1.033370362781022
1.033370362781022
1.0346104616784022
1.0346104616784022
1.0346104616784022
1.0343747951732993
1.034876350164667
1.0327864890358918
1.032820008939561
1.032820008939561
1.0328086117501358
1.0318590810283466
1.0318590810283466
1.0324737969640563
1.0324737969640563
1.0324737969640563
1.0324737969640563
1.0324737969640563
1.0324737969640563
1.0324737969640563
1.0324737969640563
1.0324737969640563
1.0324737969640563
1.0324737969640563
1.0324737969640563
1.0322207300332127
1.0322207300332127
1.0322207300332127
1.0320165738728573
1.0320165738728573
1.0320165738728573
1.0320165738728573
1.0320165738728573
1.0333970872266072
1.0333970872266072
1.0333970872266072
1.0340063024325683
1.0343950199571033
1.0343950199571033
1.0343950199571033
1.0343950199571033
1.0343950199571033
1.0335616781255157
1.0341539730085862
1.0341539730085862
1.0341539730085862
1.0341539730085862
1.0341539730085862
1.0341539730085862
1.0341539730085862
1.0341539730085862
1.0355611373388764
1.0364090320855266
1.0352581672344385
1.0352581672344385
1.0352581672344385
1.0352581672344385
1.0353025497528796
1.03562027710219
1.03562027710219
1.03562027710219
1.0350092555241257
1.035558198771278
1.035558198771278
1.033496618303671
1.033496618303671
1.033496618303671
1.0336114884208498
1.0336114884208498
1.0336114884208498
1.0336114884208498
1.0336114884208498
1.0327671452025668
1.0323538722752768
1.0326762807219754
1.0319261606161994
1.0319261606161994
1.0317035040539415
1.0317035040539415
1.0317035040539415
1.03291258452187
1.03291258452187
1.0334928303811166
1.0334928303811166
1.0334928303811166
1.0334928303811166
1.0334928303811166
1.0334928303811166
1.0334928303811166
1.0337485007709357
1.0352676696006182
1.0352676696006182
1.0330059544252068
1.0330059544252068
1.0335007668482104
1.0335007668482104
1.0335007668482104
1.033508297089024
1.0338859577220807
1.0338859577220807
1.0338859577220807
1.0338859577220807
1.0335195945671083
1.0335195945671083
1.0326437775208521
1.0334412945072338
1.0334412945072338
1.0342494122063264
1.0333854219161063
1.0333854219161063
1.0330860752580122
1.0330860752580122
1.0330860752580122
1.0330860752580122
1.0342887631910755
1.0342887631910755
1.036475293066179
1.036475293066179
1.0351516880682292
1.0337866324849363
1.0337866324849363
1.0347799819267913
1.0347799819267913
1.0347799819267913
1.0347799819267913
1.0347799819267913
1.0347799819267913
1.0347799819267913
1.0347799819267913
1.0347799819267913
1.0350661586991388
1.0350661586991388
1.0350661586991388
1.0363685081999874
1.0363685081999874
1.036377409235186
1.036377409235186
1.036377409235186
1.036377409235186
1.037304228222432
1.037381868090791
1.0375711711560724
1.0375711711560724
1.0375711711560724
1.0375711711560724
1.0375940603061027
1.0375350095239149
1.0375350095239149
1.0375350095239149
1.0375350095239149
1.0375350095239149
1.0375350095239149
1.0375350095239149
1.037653663849965
1.0372496515502827
1.0372496515502827
1.0372496515502827
1.0362482240980244
1.0362482240980244
1.0357997113875812
1.0357997113875812
1.0357997113875812
1.0357997113875812
1.0357997113875812
1.035722918356473
1.034390486131283
1.0333208499499602
1.0349054388684884
1.0349054388684884
1.0349054388684884
1.0349054388684884
1.0349054388684884
1.0348863657920244
1.0349984335559663
1.0346253870091116
1.0342779739771188
1.0342779739771188
1.036515556933763
1.036515556933763
1.0364668530236583
1.0364668530236583
1.0364668530236583
1.0364668530236583
1.0364668530236583
1.037428266644512
1.037428266644512
1.037428266644512
1.037428266644512
1.037428266644512
1.0372482563444239
1.0365767726881605
1.0365767726881605
1.0365767726881605
1.0365767726881605
1.0365767726881605
1.0365767726881605
1.0365731084472245
1.0365731084472245
1.0365731084472245
1.0365590264209166
1.035982714553719
1.037402524479505
1.0378609798704508
1.0378609798704508
1.0378609798704508
1.0378609798704508
1.0378609798704508
1.038697449048664
1.038697449048664
1.038697449048664
1.037943655819422
1.037943655819422
1.038312203849604
1.038312203849604
1.038312203849604
1.038312203849604
1.0395390524531425
1.0395390524531425
1.0395390524531425
1.0377061956943505
1.0371276218074061
1.0371276218074061
1.0371276218074061
1.0371276218074061
1.0371276218074061
1.0371276218074061
1.0371276218074061
1.0371276218074061
1.0371276218074061
1.0371276218074061
1.0397058097769016
1.0386653503195398
1.0386653503195398
1.0386653503195398
1.0389670672213298
1.0389670672213298
1.0389670672213298
1.03607042474536
1.03607042474536
1.03607042474536
1.03607042474536
1.03607042474536
1.03607042474536
1.03607042474536
1.03607042474536
1.038282177924322
1.0385840202141645
1.0386337122625435
1.0386337122625435
1.0386337122625435
1.0376896199870895
1.0385342486299707
1.039013879411788
1.039013879411788
1.039013879411788
1.039013879411788
1.039013879411788
1.039011595259259
1.0384368770626133
1.0398493900154941
1.0398493900154941
1.0397216075364588
1.039929828893434
1.0411322960689986
1.0411322960689986
1.0397307913860256
1.0397307913860256
1.0397307913860256
1.0384406584587311
1.0378675249291789
1.0385305857950855
1.0386481758730144
1.0387805680482856
1.0387805680482856
1.0387805680482856
1.040802572006885
1.040802572006885
1.040802572006885
1.040802572006885
1.0392536077911998
1.0411358405996962
1.040463726838378
1.040463726838378
1.040463726838378
1.040463726838378
1.0387124179187988
1.0387124179187988
1.0384932626423105
1.0385391558632062
1.0385391558632062
1.0385391558632062
1.0399246577919292
1.0399246577919292
1.0399246577919292
1.0399246577919292
1.0381334040874923
1.0373383993495942
1.0373383993495942
1.0392820127233655
1.0383485802949246
1.0385458371288636
1.0385458371288636
1.0385458371288636
1.0385458371288636
1.0385458371288636
1.038695381896788
1.038695381896788
1.0387380016365593
1.038572427638851
1.038572427638851
1.038572427638851
1.038572427638851
1.038572427638851
1.038572427638851
1.038572427638851
1.0369612607593102
1.0369612607593102
1.0369612607593102
1.0387852375146
1.0387852375146
1.0387876632513922
1.0387876632513922
1.0387876632513922
1.0387876632513922
1.0387876632513922
1.0387876632513922
1.0386896245803037
1.0386896245803037
1.0386896245803037
1.0380720118850875
1.0373284294361689
1.0373284294361689
1.0384153364589679
1.0384153364589679
1.0384153364589679
1.0384153364589679
1.0384153364589679
1.037654788943907
1.039955923865456
1.0394895778957889
1.0394895778957889
1.0394895778957889
1.0394895778957889
1.0394895778957889
1.0394895778957889
1.0394895778957889
1.0387666297799598
1.0387666297799598
1.0387666297799598
1.0387666297799598
1.0370321787447738
1.0405237872950035
1.0405237872950035
1.0405237872950035
1.0405237872950035
1.038025828376469
1.0392795513466488
1.0392795513466488
1.0392795513466488
1.039954670151131
1.039954670151131
1.0395844592313874
1.040178213926493
1.040178213926493
1.040178213926493
1.0400220656926324
1.039898215736292
1.039898215736292
1.039898215736292
1.039898215736292
1.039953840388183
1.039953840388183
1.039953840388183
1.039953840388183
1.039953840388183
1.039953840388183
1.0387615612491858
1.0390298165598697
1.0390298165598697
1.0390298165598697
1.0390298165598697
1.0390298165598697
1.0390298165598697
1.0385714240433785
1.0396191728308872
1.0396191728308872
1.0396191728308872
1.0396191728308872
1.0396191728308872
1.039069109170789
1.039069109170789
1.0373626293230018
1.0375652680692695
1.0392638080449312
1.0392638080449312
1.0392638080449312
1.0392638080449312
1.0392638080449312
1.038838843229312
1.038838843229312
1.038838843229312
1.0387518132420952
1.0387518132420952
1.038839924577495
1.038839924577495
1.038839924577495
1.038839924577495
1.038043237527567
1.0366918193917019
1.0366918193917019
1.0384072207891477
1.0374114007910944
1.0376364578683313
1.0372940209660466
1.0372940209660466
1.0372940209660466
1.0391877576025224
1.0387182610935473
1.038447864125639
1.038447864125639
1.038447864125639
1.038447864125639
1.0392490791478657
1.0387773755224463
1.039866031773043
1.0392027533320696
1.0392027533320696
1.0392027533320696
1.0392027533320696
1.0392027533320696
1.0382042950213564
1.0388415435198515
1.039732108185894
1.0417791201867117
1.0417791201867117
1.0417791201867117
1.0417791201867117
1.0404065650155914
1.0404065650155914
1.0400977464629546
1.0400977464629546
1.0399195019836192
1.0396973485819807
1.0400419561787082
1.0400419561787082
1.0400419561787082
1.0425906780320255
1.0421774951188034
1.0409721082981145
1.0384853670954186
1.038874666000758
1.038874666000758
1.038874666000758
1.038874666000758
1.038874666000758
1.038874666000758
1.0385903496130233
1.037910647958231
1.037910647958231
1.036860862768217
1.036860862768217
1.0377984153470565
1.0365483215870235
1.0367848231008336
1.0367848231008336
1.0367848231008336
1.0367848231008336
1.0362912583466437
1.036413194087682
1.0363271190461643
1.0373259895231646
1.036971459199342
1.036971459199342
1.0375838880796202
1.0386743590642604
1.0386743590642604
1.0382425919031184
1.0382425919031184
1.0382425919031184
1.0382425919031184
1.0382425919031184
1.0387869694060259
1.038859908657081
1.038859908657081
1.038859908657081
1.038859908657081
1.038859908657081
1.0378301719683725
1.0378301719683725
1.0395503948004032
1.0395503948004032
1.0395503948004032
1.038942825840197
1.0385197367431651
1.038518847368484
1.038518847368484
1.038518847368484
1.038730890753763
1.038730890753763
1.038730890753763
1.0382442387132593
1.0382442387132593
1.0382442387132593
1.0385135576188462
1.0385135576188462
1.0385135576188462
1.0385135576188462
1.0385135576188462
1.0385135576188462
1.0385135576188462
1.0386679704762372
1.0386679704762372
1.0386679704762372
1.03964897037045
1.03964897037045
1.0410425868612376
1.0392497108601289
1.0382473580317146
1.0382473580317146
1.0382473580317146
1.0382473580317146
1.038327800476973
1.038327800476973
1.038327800476973
1.039190022440433
1.0391078335764836
1.0400136901842196
1.039916849897321
1.041707870672003
1.0406929272074117
1.0406929272074117
1.0406929272074117
1.0406490481295303
1.0404649396171
1.0404661606267958
1.0407444328582252
1.0389286209405104
1.039266351769581
1.039266351769581
1.039266351769581
1.039266351769581
1.039861044907194
1.039861044907194
1.0394455019428006
1.0396352832844376
1.0396352832844376
1.0396352832844376
1.0410302234034512
1.0410302234034512
1.0410302234034512
1.0410140002174488
1.0410471136845278
1.0410471136845278
1.0387135884554928
1.0387135884554928
1.0387135884554928
1.0380632781095993
1.0376933816982044
1.0376933816982044
1.0372474135066467
1.0372474135066467
1.0364295498773457
1.0407266702449365
1.0412478480399738
1.0410510174967842
1.0394139812275427
1.0374988125101383
1.0374988125101383
1.0374988125101383
1.0374988125101383
1.0374988125101383
1.0385342898281413
1.0385342898281413
1.0385342898281413
1.0385342898281413
1.0385342898281413
1.0385342898281413
1.0385342898281413
1.0373093384439824
1.0373093384439824
1.0373093384439824
1.0374268296781433
1.0356851644971694
1.0361556492882873
1.0370066909473838
1.0370066909473838
1.0366317262664386
1.0377789242253466
1.038020418847575
1.038020418847575
1.0369976652970048
1.0369976652970048
1.0379721154581991
1.0379721154581991
1.0379721154581991
1.0379721154581991
1.0379721154581991
1.0379721154581991
1.0379721154581991
1.0374760271336883
1.036703573061845
1.036703573061845
1.036703573061845
1.036703573061845
1.0368575299331837
1.037556796613251
1.037556796613251
1.037556796613251
1.037556796613251
1.0380687472113093
1.0380687472113093
1.0380687472113093
1.0378031675350967
1.0378031675350967
1.0378031675350967
1.0378031675350967
1.0378031675350967
1.0372659989956081
1.0372659989956081
1.0393221149488445
1.0393221149488445
1.0393221149488445
1.0396502493566537
1.0396502493566537
1.0385449103814408
1.0367337424851
1.0367337424851
1.0367337424851
1.0367337424851
1.0367337424851
1.0367337424851
1.0367337424851
1.0372879370327257
1.0372879370327257
1.0372879370327257
1.0382672567371085
1.0382672567371085
1.0382672567371085
1.0388424986820572
1.0388424986820572
1.0388424986820572
1.037155399769863
1.037155399769863
1.0370144246876527
1.0382114923456212
1.0382114923456212
1.0380192814344276
1.0380192814344276
1.0380192814344276
1.0380192814344276
1.0380192814344276
1.0380192814344276
1.0380192814344276
1.0380192814344276
1.0388251233182546
1.0388251233182546
1.0388251233182546
1.0392187250431522
1.0392187250431522
1.0392187250431522
1.0392187250431522
1.0392128336856987
1.0392128336856987
1.0392128336856987
1.0375437826003036
1.0382396583405877
1.038292949840463
1.0377751190235576
1.0377751190235576
1.0389347764304584
1.0374156455414834
1.0374156455414834
1.0374156455414834
1.0374156455414834
1.0374156455414834
1.038172102599803
1.0381433850975115
1.0381433850975115
1.0381433850975115
1.0378229606513938
1.0378229606513938
1.0367240064544438
1.0367240064544438
1.0367240064544438
1.0367240064544438
1.0368269537257553
1.0391446601208543
1.0397308972585362
1.0397308972585362
1.0397308972585362
1.0397308972585362
1.0397308972585362
1.0384741633954067
1.0387381391061121
1.0387381391061121
1.0387381391061121
1.0394427064663059
1.0394427064663059
1.0392451683514659
1.0379872178182423
1.0391492580983335
1.0364141928303006
1.0364141928303006
1.038613464225391
1.0381670777334375
1.0381670777334375
1.0381670777334375
1.0381670777334375
1.0370281452042382
1.0378511333303069
1.0378511333303069
1.0378511333303069
1.0392845742782169
1.0389237953328707
1.0394359674520044
1.0394359674520044
1.037524433034522
1.037524433034522
1.037524433034522
1.0389700017344812
1.0393760215891323
1.0393760215891323
1.0396099331418398
1.0400001479609444
1.0387743670519647
1.0387743670519647
1.0387743670519647
1.0387743670519647
1.0387743670519647
1.0387743670519647
1.0387743670519647
1.0387743670519647
1.0393947296381212
1.0402056227980956
1.0402056227980956
1.0395183730918827
1.0404519990892553
1.0404519990892553
1.0404519990892553
1.0406870763655558
1.0405275560829585
1.040324929594853
1.0388311133096906
1.0388311133096906
1.0388311133096906
1.0388311133096906
1.039903118536621
1.039903118536621
1.039903118536621
1.039903118536621
1.0398668167772849
1.0398668167772849
1.0398668167772849
1.0398668167772849
1.0398668167772849
1.039897836329705
1.039897836329705
1.0415583960082617
1.0408981560705313
1.0392532384589952
1.0386648956064854
1.0386648956064854
1.0386648956064854
1.0386648956064854
1.0386648956064854
1.0386648956064854
1.0386971841945678
1.0372649318782157
1.0372649318782157
1.0370078281050454
1.0370078281050454
1.0364842786660915
1.0364842786660915
1.0366137686552523
1.0366137686552523
1.0363915451436205
1.0363915451436205
1.0363915451436205
1.0373253218901226
1.0373253218901226
1.0374656496650208
1.0374656496650208
1.0386032572521025
1.0386032572521025
1.0386032572521025
1.0386032572521025
1.0386032572521025
1.0366592631518072
1.0366592631518072
1.0366592631518072
1.0366592631518072
1.0366592631518072
1.0366592631518072
1.0366592631518072
1.0366592631518072
1.0366592631518072
1.0366592631518072
1.0385873962464454
1.0385873962464454
1.0385873962464454
1.0385873962464454
1.0385873962464454
1.0408711452841641
1.0403174024478499
1.040768983486478
1.039869367738446
1.039869367738446
1.0398516792149828
1.0398516792149828
1.0389397108859595
1.0389397108859595
1.0389394718351228
1.0417868687212068
1.0417868687212068
1.0393520271147425
1.038993668117438
1.040958160548599
1.040958160548599
1.040958160548599
1.040958160548599
1.042053111131208
1.0413975192375522
1.0413975192375522
1.0405514793867139
1.0405514793867139
1.040897463182552
1.0409797310891222
1.0409797310891222
1.0409797310891222
1.0409797310891222
1.0409797310891222
1.0409797310891222
1.0418374989318568
1.0418374989318568
1.0418374989318568
1.041584676907669
1.040741851175182
1.041613855909817
1.0413208004117882
1.0412919209272962
1.0397341085277199
1.0413296807918146
1.0413296807918146
1.0413296807918146
1.0413296807918146
1.0413296807918146
1.0413296807918146
1.0404599356482094
1.0402261096269998
1.0402261096269998
1.0402261096269998
1.0402261096269998
1.0402261096269998
1.0402261096269998
1.0402261096269998
1.0402261096269998
1.0402261096269998
1.0399813663426871
1.0390604884512906
1.0390604884512906
1.0396516904453688
1.03960173577914
1.03960173577914
1.0398817992619662
1.0398817992619662
1.0400640040142812
1.0400640040142812
1.0383414363562398
1.0379988522396986
1.0379988522396986
1.0379988522396986
1.0379988522396986
1.0389545089040138
1.0389545089040138
1.0386977754667683
1.0386977754667683
1.0386977754667683
1.0386977754667683
1.0386977754667683
1.0386977754667683
1.0386977754667683
1.0386977754667683
1.0386977754667683
1.0386977754667683
1.038436912092986
1.0387765260339312
1.0383649688089926
1.0374577364861248
1.0374577364861248
1.0377930113243639
1.0373511266488347
1.0379711035919483
1.0385441887292441
1.036954758260029
1.036982158565388
1.0374202112575246
1.038047636567099
1.0377955191111243
1.038104348665691
1.0373040254142982
1.0380450138741735
1.0381674025317305
1.0381674025317305
1.0368594773048652
1.0368594773048652
1.0368594773048652
1.0368594773048652
1.0368594773048652
1.0368594773048652
1.0375755318113546
1.0375755318113546
1.0375755318113546
1.0375755318113546
1.0375755318113546
1.0375755318113546
1.0375755318113546
1.0379248879612726
1.036742902558443
1.036256298896731
1.036256298896731
1.036256298896731
1.036256298896731
1.036256298896731
1.036256298896731
1.035830666867611
1.0378835697929696
1.0378835697929696
1.037970927485285
1.037970927485285
1.037970927485285
1.037970927485285
1.038938814415095
1.038938814415095
1.0396531144990246
1.0396851676487402
1.0396851676487402
1.0396851676487402
1.0396851676487402
1.0396851676487402
1.0380486472328303
1.0380486472328303
1.0387306509516256
1.0387306509516256
1.0381099303710086
1.038241414674072
1.038241414674072
1.038241414674072
1.038241414674072
1.038241414674072
1.038241414674072
1.038241414674072
1.038241414674072
1.039421165967403
1.039421165967403
1.039421165967403
1.0397418176200597
1.0397418176200597
1.0397418176200597
1.0397418176200597
1.039491234131586
1.039491234131586
1.0421418383643493
1.0413842520489975
1.0413842520489975
1.0413842520489975
1.0413842520489975
1.0413842520489975
1.041779272184946
1.041779272184946
1.041779272184946
1.0416205711261408
1.0416205711261408
1.0416205711261408
1.0409402967406869
1.04133274564044
1.04133274564044
1.04133274564044
1.040324425988309
1.040382389929512
1.040382389929512
1.040382389929512
1.040382389929512
1.0403663199801367
1.0415769245809612
1.0415769245809612
1.0415769245809612
1.0415769245809612
1.0415769245809612
1.0415769245809612
1.041576027286673
1.0399136300084022
1.0399136300084022
1.0399136300084022
1.0399136300084022
1.0399136300084022
1.0399851501997088
1.0399851501997088
1.0420480677237287
1.0413858300442773
1.0419714277250796
1.0419714277250796
1.0422086881456722
1.042552435163235
1.043423787335161
1.043423787335161
1.043423787335161
1.043423787335161
1.0442373112757781
1.043417073640566
1.043417073640566
1.0410298623756238
1.0410298623756238
1.0405255774433433
1.0405255774433433
1.0406438967783829
1.0406438967783829
1.0408863761447333
1.0398958265226232
1.0398958265226232
1.0398958265226232
1.0398958265226232
1.0392800190843448
1.0392800190843448
1.0392800190843448
1.0387740886611487
1.0386027229645256
1.037647716793862
1.037647716793862
1.0374202809858715
1.0362923526500256
1.0362923526500256
1.0369308447924832
1.0368087663734833
1.0368117535626284
1.0358290454597212
1.0358290454597212
1.0358290454597212
1.0364617622856358
1.0364617622856358
1.0364617622856358
1.0364617622856358
1.0373024092055134
1.0373024092055134
1.040006778156099
1.0392680027323358
1.040036654680222
1.040036654680222
1.039979641452348
1.039979641452348
1.0400368373865707
1.0400368373865707
1.0400368373865707
1.0400368373865707
1.0400933315677299
1.0400933315677299
1.0400933315677299
1.0400933315677299
1.0400933315677299
1.0400933315677299
1.0400933315677299
1.0400933315677299
1.0391120110094374
1.0391120110094374
1.0391120110094374
1.0391120110094374
1.0387422330152016
1.0387422330152016
1.0387422330152016
1.0387422330152016
1.0387422330152016
1.0373420698582156
1.0388166277098607
1.0388166277098607
1.0388166277098607
1.0375701145183753
1.0375701145183753
1.0375701145183753
1.0373523739776522
1.0358649397796615
1.0358649397796615
1.0358649397796615
1.0368453509450917
1.0368453509450917
1.0368453509450917
1.0368453509450917
1.037598364635957
1.037598364635957
1.039034428079725
1.0398062155499714
1.0398062155499714
1.0400513207657405
1.0399288882421878
1.0399288882421878
1.0395368362336899
1.0380083136928198
1.0380083136928198
1.0380083136928198
1.0380083136928198
1.0375048103526567
1.0375048103526567
1.0375048103526567
1.0375048103526567
1.0369419392421035
1.0369419392421035
1.0369419392421035
1.0369419392421035
1.035808762377589
1.035808762377589
1.035808762377589
1.0370631738748997
1.0358935156173255
1.0358935156173255
1.0358935156173255
1.0358935156173255
1.0358935156173255
1.0376312329406847
1.0376312329406847
1.0376312329406847
1.0376312329406847
1.0376312329406847
1.0376312329406847
1.0376312329406847
1.0376312329406847
1.0376312329406847
1.0376312329406847
1.0376312329406847
1.0376312329406847
1.0381889112255573
1.0381889112255573
1.0386310234825842
1.0386310234825842
1.038071407075931
1.038071407075931
1.038071407075931
1.0389004377870623
1.0389004377870623
1.0389004377870623
1.0389004377870623
1.0392465118761174
1.0391579717446793
1.0384704278709402
1.0393059813819918
1.0393059813819918
1.0393059813819918
1.0393059813819918
1.0393059813819918
1.039025241353413
1.039025241353413
1.0390259252645384
1.0390259252645384
1.0390259252645384
1.0390259252645384
1.0387461362732295
1.0375290121883505
1.0367044809435706
1.0367044809435706
1.0367044809435706
1.0367044809435706
1.0363027291696598
1.0363027291696598
1.038550897543261
1.0381486500564645
1.0381486500564645
1.0381486500564645
1.0381486500564645
1.0381486500564645
1.037948010609454
1.0379100886220527
1.0379100886220527
1.0380809019143988
1.0376798037474215
1.0368792563864904
1.0368792563864904
1.0368792563864904
1.0370157369132331
1.0370157369132331
1.0370157369132331
1.0370157369132331
1.0370157369132331
1.0370157369132331
1.0372269142422585
1.0367660117111717
1.0367660117111717
1.0367660117111717
1.0366962148166055
1.0366962148166055
1.0366962148166055
1.0368710199287157
1.036943649638293
1.0354086062454537
1.0354086062454537
1.0354086062454537
1.0353637363196209
1.0353637363196209
1.0353637363196209
1.035624676555435
1.035624676555435
1.035624676555435
1.035624676555435
1.035624676555435
1.03602734842003
1.0359547228805017
1.0359547228805017
1.0359547228805017
1.0354202478730161
1.0353833225357012
1.0353833225357012
1.0349453369920714
1.0333386281430437
1.0333386281430437
1.0333386281430437
1.0333386281430437
1.0336155351653946
1.0336155351653946
1.0336155351653946
1.0338803847613172
1.0338803847613172
1.0338803847613172
1.0338803847613172
1.0356753458919545
1.0356753458919545
1.0356753458919545
1.0356753458919545
1.0356753458919545
1.0356753458919545
1.0356753458919545
1.0356753458919545
1.0356753458919545
1.0350832621416255
1.0356693886692363
1.034463722841075
1.033527531455108
1.033527531455108
1.033527531455108
1.033527531455108
1.0355727673443547
1.035628678574018
1.035628678574018
1.035628678574018
1.035628678574018
1.0350931137077368
1.0352871941590236
1.0352871941590236
1.0357460784766108
1.0357460784766108
1.0354486081554035
1.0354486081554035
1.0353001943490485
1.0353001943490485
1.0353001943490485
1.0361452617093596
1.0361452617093596
1.0361452617093596
1.0356358359172213
1.0356358359172213
1.0356358359172213
1.0356358359172213
1.034703575179646
1.034703575179646
1.034703575179646
1.034703575179646
1.034703575179646
1.0343057726955542
1.0343057726955542
1.0343057726955542
1.0343057726955542
1.0343057726955542
1.0363860797408497
1.0363860797408497
1.0363860797408497
1.0363860797408497
1.0363367286336176
1.0360544363702633
1.0352901414922056
1.0352901414922056
1.035393829001281
1.035393829001281
1.035393829001281
1.035393829001281
1.035393829001281
1.035393829001281
1.0362794821368093
1.035196058115615
1.035196058115615
1.036086174322054
1.036086174322054
1.036086174322054
1.0356489843596248
1.0356489843596248
1.0356489843596248
1.0349123019849218
1.0349123019849218
1.0349123019849218
1.0356549635466998
1.035594667515109
1.0346601730188374
1.0346601730188374
1.0346601730188374
1.0346601730188374
1.0346601730188374
1.0346601730188374
1.0346601730188374
1.0346601730188374
1.0346601730188374
1.0346601730188374
1.0338250283205916
1.0338250283205916
1.0336270386432773
1.0336731806131265
1.0336731806131265
1.0329081975311207
1.0329081975311207
1.0336656050788067
1.0336656050788067
1.0336656050788067
1.0330420103418265
1.0330420103418265
1.0330420103418265
1.0330420103418265
1.033293948433752
1.033293948433752
1.033293948433752
1.034379788511409
1.034379788511409
1.034379788511409
1.034379788511409
1.034379788511409
1.033552450496188
1.033552450496188
1.0341612746603779
1.0344546031922939
1.0344546031922939
1.0344546031922939
1.0341765307987005
1.0336553990118778
1.0332175967912673
1.0332175967912673
1.0332175967912673
1.0332175967912673
1.0332175967912673
1.0332175967912673
1.0346413901176623
1.0346413901176623
1.035787920659403
1.036613471811521
1.0364268234339575
1.0364268234339575
1.0352891844150454
1.0352891844150454
1.0341317177620672
1.0327617773802757
1.0342373249331935
1.0342373249331935
1.0342373249331935
1.0342373249331935
1.0342373249331935
1.034295217243887
1.0336674053324595
1.0336674053324595
1.0336674053324595
1.0336674053324595
1.0336674053324595
1.034270395208822
1.0339907125885903
1.0339907125885903
1.0333409095659036
1.0333409095659036
1.0333409095659036
1.0336619264668827
1.0336619264668827
1.0336619264668827
1.0336619264668827
1.0336619264668827
1.0346780673212288
1.0346780673212288
1.0341319116258683
1.0341319116258683
1.0341319116258683
1.0350822444742864
1.0350822444742864
1.0350822444742864
1.0350822444742864
1.0348811172756045
1.0350809238603778
1.0341885459480211
1.0341885459480211
1.0341885459480211
1.0341885459480211
1.0341885459480211
1.0338683566802527
1.0338974849050315
1.0338974849050315
1.034797615520132
1.034797615520132
1.034797615520132
1.034797615520132
1.034797615520132
1.0345392591371705
1.0345392591371705
1.0345392591371705
1.0357106445573168
1.0357106445573168
1.0357106445573168
1.0357106445573168
1.0357530400079764
1.034618912402335
1.034618912402335
1.034618912402335
1.0342322126688204
1.0361526508643972
1.0361526508643972
1.0352948539571878
1.0352948539571878
1.035278227113156
1.03739261554142
1.03739261554142
1.03739261554142
1.0383149789206603
1.0383149789206603
1.0383149789206603
1.0383149789206603
1.0383149789206603
1.0383149789206603
1.0379328485212787
1.0373298596925011
1.0373298596925011
1.0373298596925011
1.0373298596925011
1.0373298596925011
1.0373298596925011
1.0373298596925011
1.03676754155339
1.03676754155339
1.0354790816061346
1.0354790816061346
1.0351876061812202
1.0351876061812202
1.0351876061812202
1.0351876061812202
1.035251132676581
1.035251132676581
1.035251132676581
1.035251132676581
1.035251132676581
1.0350702464824935
1.0350702464824935
1.0336187511289323
1.0336187511289323
1.033879629500662
1.033879629500662
1.0334447220435157
1.0334447220435157
1.0329890484251079
1.0329890484251079
1.0335883933975
1.0335883933975
1.0339725254155638
1.0330520243215568
1.0330520243215568
1.0330520243215568
1.0330520243215568
1.0330520243215568
1.0330520243215568
1.0330520243215568
1.0330520243215568
1.0330520243215568
1.0330520243215568
1.0330520243215568
1.034094445956982
1.034094445956982
1.034938864829497
1.034938864829497
1.0347764874023728
1.0343224271852025
1.0340483375767553
1.0340483375767553
1.0327094173866334
1.0327094173866334
1.0325098408691322
1.0325098408691322
1.0325098408691322
1.0325098408691322
1.0325098408691322
1.0326060986596408
1.0344649789536102
1.0344021536946253
1.034207604681026
1.0349551774361843
1.0348176100637128
1.0348176100637128
1.0348176100637128
1.0350369110999051
1.0350369110999051
1.0352324527679715
1.0352324527679715
1.034447016987577
1.0362796005674513
1.0362796005674513
1.0370169913912037
1.0367226512787613
1.0367226512787613
1.0367226512787613
1.0352973279881708
1.0352973279881708
1.0352973279881708
1.0352973279881708
1.0352973279881708
1.0352973279881708
1.0352973279881708
1.03462360720032
1.03462360720032
1.03462360720032
1.03462360720032
1.0357198730275872
1.0357198730275872
1.0357198730275872
1.0357198730275872
1.0348984858957937
1.0348984858957937
1.0348984858957937
1.0337534737092917
1.0327611542441397
1.032394191747375
1.0330348155242834
1.0348401028298002
1.0348401028298002
1.0339959016221059
1.0339959016221059
1.0339959016221059
1.0339959016221059
1.0339959016221059
1.0353359941607982
1.0355802536657794
1.0336955227637314
1.0341755080401263
1.0343310325486625
1.033849925052054
1.033849925052054
1.034540827688055
1.034540827688055
1.0342031634982218
1.0342031634982218
1.0342031634982218
1.0342031634982218
1.0342031634982218
1.0342031634982218
1.0342031634982218
1.0342031634982218
1.0342031634982218
1.0342031634982218
1.0342031634982218
1.0347525965429787
1.0347525965429787
1.0347525965429787
1.036344285566164
1.036344285566164
1.036783726070276
1.036783726070276
1.036783726070276
1.036783726070276
1.036783726070276
1.036783726070276
1.036783726070276
1.036254862252584
1.036254862252584
1.036254862252584
1.036254862252584
1.036254862252584
1.036254862252584
1.037887932713078
1.0371602830397204
1.0371602830397204
1.0374156323652817
1.0372469978607854
1.0359589791351607
1.0359589791351607
1.0359589791351607
1.0365711262169064
1.0365711262169064
1.036876312293936
1.0371290603949572
1.0354374801070703
1.0354374801070703
1.0365728698803889
1.036667475975291
1.036667475975291
1.0367046927932022
1.0367046927932022
1.0371943594946722
1.0371943594946722
1.0371943594946722
1.036580282926986
1.036580282926986
1.036580282926986
1.036580282926986
1.0372332470685541
1.0372332470685541
1.0372332470685541
1.0354666177779774
1.0354666177779774
1.0365203868847612
1.0365203868847612
1.0365203868847612
1.035357749451571
1.035357749451571
1.035357749451571
1.035357749451571
1.035357749451571
1.035357749451571
1.0349684897820637
1.0345647628609105
1.0345647628609105
1.0359298980296714
1.0359298980296714
1.0359298980296714
1.0359298980296714
1.0359298980296714
1.036028488811105
1.035264170608594
1.0341915277532756
1.0341915277532756
1.0348728145135973
1.0348728145135973
1.0348728145135973
1.0372378964477675
1.0378009962472892
1.0378009962472892
1.0378009962472892
1.0378009962472892
1.0378009962472892
1.0378009962472892
1.038541530489223
1.0370825223643916
1.0376814906298149
1.0376814906298149
1.0376814906298149
1.0382619144773142
1.0374997356994788
1.0371370488142744
1.0371370488142744
1.0371370488142744
1.0379146456020383
1.0379146456020383
1.0379146456020383
1.0379426472588649
1.0379426472588649
1.0376979344234056
1.0376979344234056
1.0376979344234056
1.0376979344234056
1.0371476169504752
1.0365841016960997
1.0372044814681483
1.0372044814681483
1.0372044814681483
1.0372044814681483
1.0372044814681483
1.0372044814681483
1.0372044814681483
1.038123063933781
1.038123063933781
1.03777833817868
1.03777833817868
1.0353492350486273
1.0346794363171101
1.0346794363171101
1.0367846132436862
1.0367846132436862
1.0367846132436862
1.0367846132436862
1.0367846132436862
1.0380983798781742
1.0380983798781742
1.038391593395246
1.038391593395246
1.038391593395246
1.038391593395246
1.038391593395246
1.038391593395246
1.038391593395246
1.038391593395246
1.038391593395246
1.038391593395246
1.038391593395246
1.0374933060024167
1.0379210337604234
1.0379210337604234
1.039846887033855
1.0398647873669151
1.0401500367796526
1.0401500367796526
1.0401500367796526
1.0401807566769512
1.0401807566769512
1.0407059427525014
1.0407059427525014
1.0407059427525014
1.0387803679630603
1.0387803679630603
1.0387803679630603
1.039146485475228
1.039146485475228
1.0404673907087485
1.0404673907087485
1.0404673907087485
1.0404673907087485
1.0404673907087485
1.0417477581831607
1.0410188231536504
1.039823277825379
1.039823277825379
1.039823277825379
1.039823277825379
1.0388069593361355
1.0388069593361355
1.0383684081888984
1.0383684081888984
1.0370053244034527
1.0376884477584671
1.0376884477584671
1.0376884477584671
1.0376884477584671
1.0376884477584671
1.0377542486374718
1.0377542486374718
1.0377542486374718
1.0377542486374718
1.0377542486374718
1.0374106188215473
1.0374106188215473
1.0374106188215473
1.0374106188215473
1.0374889606196855
1.0374889606196855
1.0374889606196855
1.0374889606196855
1.0382228234639945
1.0392003881591756
1.0392003881591756
1.0376422168103423
1.0387728801244407
1.0387728801244407
1.0384268628060227
1.0376275392097996
1.0376275392097996
1.0376275392097996
1.0376275392097996
1.0376275392097996
1.0376656054347162
1.0376656054347162
1.0376656054347162
1.0387855334955998
1.0387855334955998
1.0387855334955998
1.0387855334955998
1.0387855334955998
1.0387855334955998
1.0387855334955998
1.0387855334955998
1.0387212141710147
1.0387212141710147
1.040006581912894
1.0420313855047294
1.0420313855047294
1.0420313855047294
1.0420313855047294
1.0402003014983299
1.0402003014983299
1.0402003014983299
1.041182239409737
1.041182239409737
1.0404717905899559
1.0405472957615713
1.0405357339530625
1.0411428111782888
1.0411428111782888
1.0411428111782888
1.0411428111782888
1.0411428111782888
1.0411220104949817
1.0411220104949817
1.0411220104949817
1.0411220104949817
1.0415428962268358
1.0415475249273147
1.0394960869617391
1.0394960869617391
1.0394960869617391
1.0394960869617391
1.0379422412412354
1.0379422412412354
1.0382729494358072
1.0377542114915372
1.0377542114915372
1.0386741308295337
1.0386741308295337
1.0386741308295337
1.0386741308295337
1.0391891530449033
1.0391891530449033
1.0391891530449033
1.039793487654802
1.039914605011135
1.039914605011135
1.039914605011135
1.039914605011135
1.0385771985149068
1.0385771985149068
1.0385771985149068
1.0385771985149068
1.0385771985149068
1.0385771985149068
1.0385771985149068
1.037853120956722
1.038059961583448
1.038059961583448
1.0388687261626233
1.0388687261626233
1.0394798668548795
1.0396839721918394
1.0393232742635625
1.0393232742635625
1.0393232742635625
1.0393020660592742
1.0393020660592742
1.0393020660592742
1.0393020660592742
1.0385379058043913
1.0385379058043913
1.0381901271089988
1.0382668397094705
1.0382668397094705
1.0382668397094705
1.0382668397094705
1.0382668397094705
1.0382668397094705
1.0382668397094705
1.0382668397094705
1.0382668397094705
1.0382668397094705
1.0382668397094705
1.0382668397094705
1.0382668397094705
1.0382668397094705
1.037698997685252
1.0378678671603436
1.0380482017443167
1.0380482017443167
1.0380482017443167
1.0377685412331126
1.0377685412331126
1.0347589977363376
1.0347589977363376
1.0363984752943243
1.0363984752943243
1.0368002501525153
1.0368002501525153
1.0368002501525153
1.0368002501525153
1.0347179994150286
1.0351301994348068
1.0351351632752146
1.0351351632752146
1.0351057774534167
1.0351057774534167
1.0337322731765215
1.0337322731765215
1.0337322731765215
1.0337322731765215
1.0367054166411964
1.0371110869962392
1.0364964308226052
1.0364964308226052
1.0354535059478018
1.0354535059478018
1.0354535059478018
1.0354535059478018
1.0354535059478018
1.0354535059478018
1.0354535059478018
1.0352767300109902
1.0352767300109902
1.0352767300109902
1.0352767300109902
1.0360587907137682
1.0363773359754014
1.0363773359754014
1.0365694670837349
1.0365694670837349
1.0370293808587505
1.0377472553328972
1.0377472553328972
1.0377472553328972
1.0372201262902092
1.0372201262902092
1.0371104415755994
1.0371104415755994
1.0369913298050555
1.0369913298050555
1.0369913298050555
1.0371238396742335
1.0371238396742335
1.0371238396742335
1.0371238396742335
1.0374013157509783
1.0374013157509783
1.0382072972833793
1.0382072972833793
1.0382072972833793
1.0382072972833793
1.0379667376574815
1.0372935223870585
1.038743004471548
1.038743004471548
1.038743004471548
1.038743004471548
1.0380140485274965
1.0380140485274965
1.0380140485274965
1.0380140485274965
1.0380140485274965
1.0367932567308145
1.0363294247190311
1.0363294247190311
1.0363294247190311
1.0372212085031751
1.0372212085031751
1.0372212085031751
1.0382815669998773
1.0382815669998773
1.0382815669998773
1.0371819083863245
1.0371819083863245
1.0375038691227716
1.0375038691227716
1.0375038691227716
1.0375038691227716
1.0382784880010485
1.0382784880010485
1.0382784880010485
1.0382784880010485
1.0382784880010485
1.0377490128366464
1.0367156312571764
1.0381877729946956
1.0381877729946956
1.0381877729946956
1.0382675008817002
1.038377707564508
1.0388406342568348
1.0376118499415379
1.0369594553309727
1.0369594553309727
1.0369594553309727
1.0369594553309727
1.0369594553309727
1.0369594553309727
1.0365168681292396
1.0365168681292396
1.0365168681292396
1.0365168681292396
1.0365168681292396
1.0361294087545287
1.0354843048607145
1.0354843048607145
1.0363994956012135
1.0363994956012135
1.0363994956012135
1.0359775713983612
1.0359775713983612
1.0359775713983612
1.0359775713983612
1.0357994876700887
1.0357994876700887
1.0355727848239562
1.0345424558137555
1.0345424558137555
1.0342147836470437
1.0342147836470437
1.0342147836470437
1.035171562179772
1.035171562179772
1.035171562179772
1.035171562179772
1.035171562179772
1.035171562179772
1.035171562179772
1.0374920772271126
1.0374920772271126
1.0374920772271126
1.0374920772271126
1.0381011336183885
1.0387543101802343
1.0387543101802343
1.040336285357777
1.0396812707764167
1.0396812707764167
1.0402216150167243
1.0402216150167243
1.0402216150167243
1.0391217576417056
1.0391217576417056
1.0391217576417056
1.0391217576417056
1.0388051123823356
1.0381187510315486
1.0381187510315486
1.0381187510315486
1.0376380191177348
1.0376380191177348
1.0387559722061062
1.0379436731691853
1.0379436731691853
1.0379436731691853
1.037263514604765
1.038546349366653
1.038305681640541
1.038305681640541
1.038305681640541
1.0385317625816082
1.0385317625816082
1.0385317625816082
1.0385317625816082
1.037755626799553
1.0385941556063354
1.0385941556063354
1.0382218191682389
1.0382218191682389
1.0389086907600977
1.0379722714714756
1.0379722714714756
1.0382256546679596
1.0382256546679596
1.0382256546679596
1.0382256546679596
1.0378952498696374
1.0378952498696374
1.0378952498696374
1.0397872572606564
1.0397872572606564
1.0397872572606564
1.0378182472307604
1.0378182472307604
1.0378182472307604
1.0378182472307604
1.0378182472307604
1.0377256279502907
1.0377256279502907
1.0377256279502907
1.036983915109064
1.034655118733054
1.0345506784619956
1.0345506784619956
1.0344647618421097
1.0344279490726511
1.0344279490726511
1.035223164596033
1.0358092128066667
1.0358092128066667
1.0358092128066667
1.0358092128066667
1.0373616046686327
1.0373616046686327
1.0373616046686327
1.037960993341591
1.037960993341591
1.038321484178618
1.0371064747492726
1.0371064747492726
1.0371070265922846
1.0364185819406593
1.0364185819406593
1.0367031432092877
1.0367031432092877
1.0367031432092877
1.0367031432092877
1.0367031432092877
1.0355498444050744
1.0355498444050744
1.0355498444050744
1.0349960371096194
1.0349960371096194
1.0336718732052887
1.0342552308629738
1.0355060759959334
1.0346316941024232
1.0345000530613777
1.034639246087293
1.034639246087293
1.0362414375267877
1.0358685964326606
1.0358685964326606
1.0358685964326606
1.0358685964326606
1.0358685964326606
1.0358685964326606
1.0358685964326606
1.0358685964326606
1.0358685964326606
1.0358685964326606
1.0358685964326606
1.0358685964326606
1.0367657803800394
1.0367657803800394
1.0367657803800394
1.0367657803800394
1.0367657803800394
1.034702023948199
1.034702023948199
1.034702023948199
1.034702023948199
1.034702023948199
1.034702023948199
1.0348673485083533
1.0348673485083533
1.033173159245415
1.032891413874762
1.032891413874762
1.0349311521698967
1.0349311521698967
1.035105682495747
1.0352927927911153
1.0352927927911153
1.0352927927911153
1.0352927927911153
1.0352927927911153
1.0352927927911153
1.0352927927911153
1.0352927927911153
1.0345838039600503
1.0361889923304681
1.0361889923304681
1.036323384375498
1.0360920969870975
1.0371533751797528
1.0371533751797528
1.0371533751797528
1.0371533751797528
1.0371533751797528
1.037397884028561
1.037397884028561
1.0369368328484778
1.0369368328484778
1.0369368328484778
1.0368462100676068
1.0370728984756377
1.0370728984756377
1.0370728984756377
1.0370715210688979
1.0370833001443893
1.0370833001443893
1.034661169861424
1.0361918806933696
1.0361918806933696
1.0361918806933696
1.0350195501208037
1.0350195501208037
1.0349951361065761
1.0349951361065761
1.0349951361065761
1.0349951361065761
1.0349951361065761
1.0350092542772418
1.0350092542772418
1.0350092542772418
1.0350092542772418
1.0350092542772418
1.0334541001376938
1.0334541001376938
1.0334541001376938
1.0328845934267006
1.0328845934267006
1.0343864409721113
1.0343864409721113
1.0334383307242132
1.0334383307242132
1.0334383307242132
1.0334383307242132
1.0334383307242132
1.0334383307242132
1.0334383307242132
1.0345087578821168
1.0345087578821168
1.0345087578821168
1.0345087578821168
1.0345087578821168
1.0352247488970767
1.0352247488970767
1.0352107543023799
1.0350263854784292
1.0350967704616
1.0350967704616
1.0350967704616
1.0358966642576815
1.0358966642576815
1.0358966642576815
1.0358966642576815
1.0355682246180689
1.0355682246180689
1.0355682246180689
1.0355682246180689
1.0356766276467266
1.0356766276467266
1.0356766276467266
1.0359513818930632
1.0359513818930632
1.0365013364097782
1.0365013364097782
1.0364792212867004
1.0364792212867004
1.0362789671729233
1.0366066766018889
1.0366066766018889
1.0366066766018889
1.0366066766018889
1.036777090819275
1.035136198507758
1.035136198507758
1.0351014276087882
1.0351014276087882
1.0351014276087882
1.0351014276087882
1.0351014276087882
1.036543687190469
1.0363279347807715
1.0362584884547517
1.0362584884547517
1.0362584884547517
1.0362584884547517
1.0362584884547517
1.0356338667878837
1.0356338667878837
1.0356338667878837
1.0352031574035925
1.0369217215792779
1.0369217215792779
1.0381541489238326
1.0373900512445748
1.0373900512445748
1.0368202481629092
1.0363871133473124
1.0363871133473124
1.0363871133473124
1.0370659209759452
1.0370659209759452
1.0370659209759452
1.0364036321305083
1.0359831836869837
1.0363695743154084
1.036398959809534
1.036398959809534
1.0360089352973667
1.035323504972098
1.035323504972098
1.035323504972098
1.0351722509478354
1.0351722509478354
1.0351722509478354
1.0351093443788884
1.0351093443788884
1.0351093443788884
1.0346926539324595
1.0355709229509558
1.0355709229509558
1.0355709229509558
1.0355709229509558
1.0355709229509558
1.0355709229509558
1.0355709229509558
1.035492059228866
1.035492059228866
1.0350468980341323
1.036486707961514
1.036486707961514
1.036486707961514
1.036486707961514
1.03674436021613
1.03674436021613
1.03674436021613
1.0355443676157523
1.035916876361708
1.0359185142631928
1.0359185142631928
1.0359185142631928
1.0344792334530275
1.0344792334530275
1.0360306047919046
1.0344974761086791
1.0344974761086791
1.0346252430097223
1.0346252430097223
1.0346252430097223
1.0346252430097223
1.0350079706978947
1.0350079706978947
1.0350079706978947
1.0350079706978947
1.0350079706978947
1.0334667282195584
1.0334667282195584
1.0334667282195584
1.0334667282195584
1.0348190876719114
1.0343306385373034
1.0343306385373034
1.0343306385373034
1.0334562300909074
1.034493908113762
1.034493908113762
1.0346775464027032
1.0346775464027032
1.0346775464027032
1.0340603410495215
1.0338984980337242
1.034227984198222
1.034227984198222
1.034227984198222
1.034227984198222
1.034227984198222
1.034227984198222
1.034227984198222
1.0357684964970186
1.0355928400682721
1.0355928400682721
1.0335538483435311
1.0331077147967862
1.0331077147967862
1.0331077147967862
1.0346011348790045
1.0346011348790045
1.0336940281916285
1.0325447234104388
1.0325447234104388
1.0318902710752058
1.0324389393633844
1.0334113365045359
1.0334113365045359
1.0340054797409217
1.0340054797409217
1.0340054797409217
1.0340054797409217
1.0340054797409217
1.0340054797409217
1.0340054797409217
1.0340054797409217
1.0340054797409217
1.0340054797409217
1.0354519140201657
1.0354519140201657
1.0354519140201657
1.0366507616988638
1.0366507616988638
1.0366507616988638
1.0363155329936642
1.037613786196176
1.0375492633291106
1.0375492633291106
1.0375492633291106
1.0375492633291106
1.037586654146073
1.0368944810391765
1.0359553968150226
1.0357509879854614
1.0357509879854614
1.0357509879854614
1.0357509879854614
1.0357509879854614
1.0356171139657
1.0356171139657
1.0356171139657
1.0358846577034233
1.0358846577034233
1.035882316188546
1.0357441918639514
1.0362883751561212
1.0362883751561212
1.0362883751561212
1.0362883751561212
1.0362883751561212
1.0362883751561212
1.0362883751561212
1.0362883751561212
1.0362883751561212
1.0362883751561212
1.0362883751561212
1.0362883751561212
1.0362883751561212
1.0362883751561212
1.0341037045695205
1.0341037045695205
1.0350691393941538
1.0347790810220943
1.0347790810220943
1.0347790810220943
1.0352171746545666
1.0352171746545666
1.0352171746545666
1.0352171746545666
1.0352171746545666
1.034738757473378
1.034738757473378
1.034738757473378
1.034738757473378
1.033792143047375
1.033792143047375
1.0333890839180069
1.032838840157301
1.032838840157301
1.032838840157301
1.032838840157301
1.032838840157301
1.0337600521517563
1.0337600521517563
1.0335204122655508
1.0335204122655508
1.033737530102418
1.033737530102418
1.033737530102418
1.033737530102418
1.033737530102418
1.033737530102418
1.0344041050692194
1.0337945259665178
1.03419385534833
1.034148134818566
1.034148134818566
1.0330743752436482
1.0330743752436482
1.0330743752436482
1.0330743752436482
1.0347758964817875
1.035398504706757
1.035398504706757
1.0350981299277995
1.0358796629455929
1.0358643844079585
1.0358643844079585
1.0358643844079585
1.0358643844079585
1.0358643844079585
1.0369048635839873
1.0369048635839873
1.0369048635839873
1.0369048635839873
1.0370866121415687
1.0370866121415687
1.036071616705513
1.036071616705513
1.0363243672522018
1.0363243672522018
1.0364338398749695
1.0362604881157074
1.0362604881157074
1.0362604881157074
1.0351966572190578
1.0367587211240419
1.0367587211240419
1.0367587211240419
1.0367587211240419
1.0367587211240419
1.0367587211240419
1.0367587211240419
1.0355320370790642
1.0355320370790642
1.0362221231123896
1.0362221231123896
1.0362221231123896
1.0362221231123896
1.0362221231123896
1.0362221231123896
1.0362221231123896
1.0362221231123896
1.0366254090340934
1.0366254090340934
1.0366254090340934
1.036370778987226
1.0366467839733955
1.036809974211876
1.0371270637495513
1.0366688656302017
1.037453105095765
1.037453105095765
1.037453105095765
1.037453105095765
1.0373485552924988
1.0373485552924988
1.0359391669410858
1.0359391669410858
1.0359391669410858
1.0361111149438627
1.0361111149438627
1.0361111149438627
1.0361449773964757
1.035611616533349
1.0357899586354842
1.036310877904888
1.036310877904888
1.036310877904888
1.036310877904888
1.036310877904888
1.0377926246994598
1.0377926246994598
1.0367944135410283
1.0367944135410283
1.0367944135410283
1.0367944135410283
1.0351999366567557
1.0351999366567557
1.0353494873898903
1.0353494873898903
1.0353494873898903
1.034734614903032
1.033784203477783
1.033784203477783
1.0348459543938213
1.0331858835566736
1.0331858835566736
1.0348240585197666
1.0355931505549996
1.0347002837248345
1.0347002837248345
1.0347002837248345
1.0343843838302675
1.0347971549247503
1.034952392919555
1.034952392919555
1.0345037957417014
1.0343473186202838
1.0343473186202838
1.0343473186202838
1.0343473186202838
1.0343473186202838
1.0343473186202838
1.0343473186202838
1.0343473186202838
1.0345924029029057
1.0345924029029057
1.0345924029029057
1.0345924029029057
1.0345924029029057
1.0345924029029057
1.0341561327572377
1.0341561327572377
1.0332072577787832
1.0332072577787832
1.0332072577787832
1.0330390096963973
1.033442809028134
1.0332082048157143
1.0332082048157143
1.0332082048157143
1.0332082048157143
1.0332082048157143
1.0335068894622572
1.0340360470830863
1.033579667934146
1.033579667934146
1.033579667934146
1.032059725036939
1.032059725036939
1.032059725036939
1.0317998739875724
1.0317998739875724
1.0314926431939515
1.0314926431939515
1.0314926431939515
1.0314926431939515
1.0314926431939515
1.0314926431939515
1.0314926431939515
1.0314926431939515
1.0314710946544374
1.0314710946544374
1.0311339927129906
1.0301863103414244
1.0301863103414244
1.030301456868461
1.030301456868461
1.030301456868461
1.030301456868461
1.031107250453193
1.031107250453193
1.0324033314265615
1.0324033314265615
1.0324033314265615
1.0324033314265615
1.0324033314265615
1.0334363994179006
1.032438455005058
1.032438455005058
1.032438455005058
1.032438455005058
1.032438455005058
1.0334790866360213
1.0344778182442695
1.0344778182442695
1.0344801594340258
1.0341831784989288
1.0341831784989288
1.0341831784989288
1.0341831784989288
1.0340148923269186
1.0340148923269186
1.0342508308340017
1.0331690226263084
1.0331690226263084
1.0331690226263084
1.0331690226263084
1.0331690226263084
1.0335072839176964
1.0335072839176964
1.0335072839176964
1.033832348042675
1.033832348042675
1.0343455204564598
1.0341927895710676
1.0341927895710676
1.0341927895710676
1.0353088444834648
1.0353088444834648
1.0353088444834648
1.0353088444834648
1.0353088444834648
1.0340760417113286
1.0345010572550337
1.0345010572550337
1.0342555537951916
1.0342518521264492
1.0342518521264492
1.0342518521264492
1.0342518521264492
1.034304083873516
1.034304083873516
1.0342796693364564
1.0342796693364564
1.0347189428570647
1.0353751761926455
1.0353751761926455
1.035524255789255
1.035524255789255
1.035524255789255
1.0353243906011815
1.0353243906011815
1.0353243906011815
1.0325797716309484
1.0325797716309484
1.0317466401432651
1.0316879806022394
1.0321573769151462
1.0321573769151462
1.0321573769151462
1.0321573769151462
1.0321573769151462
1.0321573769151462
1.0329360349026184
1.0329360349026184
1.0323514225153616
1.0323514225153616
1.0323514225153616
1.032226561284969
1.03250204546196
1.03250204546196
1.0335783360638164
1.0335783360638164
1.0332444438105712
1.0332444438105712
1.0341075965185282
1.033492609569369
1.033882490905378
1.0335927834135623
1.0316742668280348
1.0316742668280348
1.0316742668280348
1.030941570654586
1.030941570654586
1.0332539456565195
1.033296973343275
1.033296973343275
1.033296973343275
1.033296973343275
1.0342406156100674
1.0342406156100674
1.0349882881663572
1.0349882881663572
1.0349882881663572
1.0349882881663572
1.0351863495937907
1.0351863495937907
1.0351863495937907
1.03487429847092
1.03487429847092
1.03487429847092
1.0348210941208889
1.0348210941208889
1.0343855497059398
1.0343855497059398
1.0352701449329627
1.0352701449329627
1.0352157047198114
1.0352157047198114
1.0347908295640442
1.0350836047232812
1.034322337478008
1.034322337478008
1.034322337478008
1.034322337478008
1.0359885203356942
1.0359885203356942
1.0359885203356942
1.0359885203356942
1.035498918869298
1.035498918869298
1.0353894939960275
1.0353894939960275
1.0318618847245413
1.032073277958533
1.0323885019826202
1.0313167444618976
1.0313167444618976
1.030189668718724
1.030189668718724
1.030189668718724
1.0298064566037313
1.0310819041199915
1.0309226656382877
1.0309226656382877
1.0322427861579941
1.0322427861579941
1.0322427861579941
1.0333390268399771
1.0333390268399771
1.0333390268399771
1.0333390268399771
1.0333390268399771
1.0333390268399771
1.0343136988360595
1.0335745097344815
1.0335745097344815
1.0335745097344815
1.0335745097344815
1.0325278851779816
1.0325278851779816
1.0325278851779816
1.0325278851779816
1.0324679934585754
1.0324679934585754
1.0324679934585754
1.0324679934585754
1.0320259236746896
1.032494576639122
1.032494576639122
1.0338588979899703
1.0338588979899703
1.0327438443477917
1.0327438443477917
1.0327438443477917
1.0331148480172627
1.0331148480172627
1.0350313804100533
1.0349509302722613
1.0349509302722613
1.0349509302722613
1.0334307857362006
1.0339960881385635
1.0339960881385635
1.0339960881385635
1.0339960881385635
1.0342172020893128
1.0342172020893128
1.0342172020893128
1.0342172020893128
1.034367708136767
1.0341832830255246
1.032652976193641
1.032652976193641
1.032652976193641
1.032652976193641
1.0328041356099997
1.0332239599614919
1.0332239599614919
1.0332239599614919
1.0332239599614919
1.0332239599614919
1.0332239599614919
1.0332239599614919
1.0332239599614919
1.0335875596175257
1.0358743763200744
1.0342564103221
1.0362630371815809
1.0370805942312546
1.0370805942312546
1.0363628986241633
1.0363628986241633
1.0363628986241633
1.0363628986241633
1.0363628986241633
1.0363628986241633
1.0335961119363308
1.0335961119363308
1.0335961119363308
1.0335961119363308
1.0333069167941338
1.0333069167941338
1.0326414664536818
1.0323778497622669
1.0323780170133163
1.0319846581546037
1.0324839868302829
1.0324839868302829
1.0324839868302829
1.0330997668645345
1.0330997668645345
1.0330997668645345
1.0341546160178932
1.0341546160178932
1.0341546160178932
1.0341546160178932
1.034721793069545
1.0339824404386326
1.0339824404386326
1.0339824404386326
1.0341417596881972
1.0341417596881972
1.0341417596881972
1.0336024841309353
1.0336024841309353
1.0336024841309353
1.0336024841309353
1.0336024841309353
1.0336024841309353
1.0336024841309353
1.0336024841309353
1.0336024841309353
1.0326356795894969
1.0353364032879289
1.0353364032879289
1.0353364032879289
1.0353364032879289
1.0353364032879289
1.0353364032879289
1.0353364032879289
1.0356431698149076
1.0356431698149076
1.0355151362957409
1.0350562906150877
1.0350562906150877
1.036416332011104
1.036416332011104
1.036416332011104
1.036416332011104
1.0345850705847346
1.0345850705847346
1.0345850705847346
1.0345850705847346
1.0345850705847346
1.0344011969217792
1.034236721159597
1.034236721159597
1.034236721159597
1.034236721159597
1.035399409225721
1.035399409225721
1.0356288351233787
1.0346681904484791
1.0346681904484791
1.0346681904484791
1.0350568847543329
1.0350568847543329
1.0350568847543329
1.0350568847543329
1.034216422481896
1.0331502094099467
1.0335201569708896
1.0335201569708896
1.0328017425928566
1.0328017425928566
1.0328017425928566
1.0328017425928566
1.0328017425928566
1.0328017425928566
1.0342740868192595
1.0342740868192595
1.0342740868192595
1.0342740868192595
1.0342740868192595
1.0342740868192595
1.0342740868192595
1.0351576819835078
1.0351576819835078
1.0351332019045052
1.0351332019045052
1.0351332019045052
1.0356844687856128
1.0356844687856128
1.03572132513221
1.036374517233636
1.035678671572825
1.0359076008172692
1.0359076008172692
1.0359076008172692
1.0359076008172692
1.0359076008172692
1.0359076008172692
1.0359076008172692
1.0351490092116256
1.0361207732083395
1.0372764740980966
1.0372764740980966
1.0355224894106245
1.0353139046014723
1.0353139046014723
1.0353139046014723
1.0353139046014723
1.0353139046014723
1.035421879488859
1.035421879488859
1.035421879488859
1.035421879488859
1.035421879488859
1.0354472793505898
1.0354472793505898
1.0354472793505898
1.0357210642813777
1.0361195791500415
1.0371050201004208
1.0350083328273345
1.0350083328273345
1.0350688448202743
1.0350688448202743
1.0350688448202743
1.0366263099824713
1.0355749527428144
1.0355749527428144
1.0353786536487317
1.0346793115175448
1.0346793115175448
1.0346793115175448
1.0346793115175448
1.0346793115175448
1.0346793115175448
1.0352991816147383
1.0353462123407045
1.0339045572379035
1.0357669099411948
1.0351412908134516
1.0351412908134516
1.0348614902243296
1.0348614902243296
1.0338810325528354
1.0338810325528354
1.0338810325528354
1.0338810325528354
1.0332906139611098
1.0337063072150703
1.0337063072150703
1.0337063072150703
1.0336978999545243
1.0336978999545243
1.0326256006791212
1.0339197339237047
1.0339197339237047
1.0339197339237047
1.0340155589535889
1.0340155589535889
1.0340155589535889
1.0340155589535889
1.0340155589535889
1.034080782530699
1.034080782530699
1.034080782530699
1.034080782530699
1.0335624959988388
1.0335624959988388
1.0335624959988388
1.0335624959988388
1.0347436860625303
1.0347436860625303
1.0347436860625303
1.0351920970558295
1.0351920970558295
1.0351920970558295
1.0351920970558295
1.0351920970558295
1.0352824442952282
1.0355138793408634
1.0355138793408634
1.0355138793408634
1.0355138793408634
1.0355138793408634
1.0355138793408634
1.0340484705414918
1.0340484705414918
1.0340484705414918
1.0361139496855314
1.0361139496855314
1.0361139496855314
1.035685935980161
1.0359430774307776
1.035331544829095
1.0356437238091833
1.0356437238091833
1.0356185874278008
1.0356185874278008
1.037245174974183
1.037358734848913
1.037358734848913
1.038032458728969
1.038032458728969
1.038032458728969
1.0379184931530099
1.0356894707064528
1.036549642179644
1.0367434696215883
1.0351419992882747
1.0351419992882747
1.0338833088150936
1.0338833088150936
1.0338833088150936
1.033953330106269
1.033953330106269
1.033865902289444
1.0350941201996036
1.0350941201996036
1.0341635994970124
1.0341635994970124
1.0341635994970124
1.0341635994970124
1.0341635994970124
1.0341635994970124
1.0347444837144375
1.0347444837144375
1.035619234374248
1.0360048395186146
1.0360048395186146
1.0360048395186146
1.0360048395186146
1.0353719902707361
1.0353719902707361
1.0353719902707361
1.036478355377685
1.036478355377685
1.0364740224689226
1.0364740224689226
1.0364740224689226
1.0364740224689226
1.0364740224689226
1.0364740224689226
1.0364740224689226
1.0364397308575146
1.0364397308575146
1.0364397308575146
1.0364397308575146
1.0369257609999125
1.0384279573077317
1.0384279573077317
1.0384279573077317
1.0384357358441312
1.0384357358441312
1.0381647911326366
1.0381647911326366
1.0381906840937198
1.0381906840937198
1.0381906840937198
1.0382072489419532
1.0382072489419532
1.0382072489419532
1.0382072489419532
1.0374633123002834
1.0374633123002834
1.0374633123002834
1.0374633123002834
1.0374633123002834
1.0374633123002834
1.0369786393191784
1.038782345837639
1.0400453111451635
1.039621707013103
1.0369457506005555
1.0369457506005555
1.0369457506005555
1.037059016831764
1.037212481318428
1.037212481318428
1.037212481318428
1.0383985588442262
1.0383985588442262
1.0388854870459407
1.0388854870459407
1.0388854870459407
1.0388854870459407
1.0388854870459407
1.037017288789883
1.0376202436643234
1.0369504740801967
1.038163223782144
1.0374548179087242
1.0374548179087242
1.0374548179087242
1.037657350150957
1.037657350150957
1.037657350150957
1.037657350150957
1.037657350150957
1.0374836794400857
1.0374836794400857
1.038673565557988
1.038673565557988
1.0377424331983274
1.0377424331983274
1.0377424331983274
1.0375454975811964
1.0380906930175073
1.0380906930175073
1.0380906930175073
1.0380906930175073
1.0379638749327182
1.0379331958210114
1.0379331958210114
1.0379331958210114
1.036265525750186
1.0362029633389471
1.0355546190017368
1.0371087593557955
1.0362418638401045
1.0362418638401045
1.0378059893061329
1.0372040844629764
1.0372040844629764
1.038343931019549
1.038343931019549
1.0381804690426715
1.0381560985188174
1.0381560985188174
1.0381560985188174
1.0381560985188174
1.0381560985188174
1.0381560985188174
1.0385720884351897
1.0385720884351897
1.0385720884351897
1.0385720884351897
1.0377399294770526
1.037522569006058
1.037522569006058
1.037522569006058
1.037522569006058
1.037522569006058
1.0390739971775877
1.0390739971775877
1.0390739971775877
1.0396210538866661
1.0396210538866661
1.0396210538866661
1.0396210538866661
1.0396210538866661
1.0394459771688591
1.03996504705943
1.03996504705943
1.0384002939126835
1.037351489703191
1.0375800699359754
1.0360264687479686
1.0360264687479686
1.0342941885313335
1.0344286598157384
1.0344286598157384
1.0344286598157384
1.0351106798715508
1.0351106798715508
1.0351106798715508
1.0351106798715508
1.0351106798715508
1.0356227453161857
1.0356227453161857
1.0356227453161857
1.0356227453161857
1.0358432253873722
1.0358432253873722
1.034027218135351
1.034027218135351
1.034027218135351
1.034027218135351
1.0344533536561504
1.0344533536561504
1.0344533536561504
1.0344533536561504
1.0344533536561504
1.0344533536561504
1.0350737629498956
1.0344211141877977
1.0344211141877977
1.0344211141877977
1.0339878768531565
1.0339878768531565
1.0336396016889102
1.0336396016889102
1.03513302625617
1.03513302625617
1.03513302625617
1.0344762492243396
1.035506662160435
1.036183321560321
1.036183321560321
1.036183321560321
1.036183321560321
1.0355066907647705
1.0355066907647705
1.0355066907647705
1.0355066907647705
1.036134534913962
1.0361500949491778
1.0361500949491778
1.0369565903307298
1.0353639125139076
1.0356547395946782
1.0356547395946782
1.0354665858561911
1.0354665858561911
1.0354665858561911
1.03489444337321
1.03489444337321
1.0364404076492568
1.0365241729027734
1.0365241729027734
1.0353564595007936
1.0373690709258336
1.0354628700649788
1.0354628700649788
1.0361399508521212
1.0361399508521212
1.0361399508521212
1.035038875094836
1.035038875094836
1.035038875094836
1.035038875094836
1.035038875094836
1.0373296356513926
1.0361300246801675
1.0361300246801675
1.0361300246801675
1.0361300246801675
1.0363063788127411
1.0363063788127411
1.0363063788127411
1.036168068889519
1.036168068889519
1.0365663609221476
1.0365663609221476
1.0365663609221476
1.0379335857731493
1.0379335857731493
1.0379335857731493
1.0381338143782926
1.0381338143782926
1.0381338143782926
1.0381338143782926
1.035738756608311
1.035738756608311
1.035738756608311
1.0355357343437313
1.0346786393597565
1.034711401773088
1.035333476091499
1.035333476091499
1.035333476091499
1.03554417823431
1.03554417823431
1.03554417823431
1.03554417823431
1.03554417823431
1.03554417823431
1.033911833864271
1.033911833864271
1.033911833864271
1.033911833864271
1.033911833864271
1.033911833864271
1.033911833864271
1.0332338606617912
1.0332338606617912
1.0332338606617912
1.033331977115611
1.033331977115611
1.033331977115611
1.033331977115611
1.033331977115611
1.033331977115611
1.031350376871706
1.0315393616595048
1.0315393616595048
1.0329786788672772
1.0345796103404403
1.0345796103404403
1.0345796103404403
1.0345796103404403
1.0335954051786784
1.0335954051786784
1.0335954051786784
1.0324399383657545
1.0324399383657545
1.0324399383657545
1.0319080607929354
1.0319080607929354
1.0332271399617867
1.0332271399617867
1.0332271399617867
1.0332271399617867
1.0330017279229546
1.0330017279229546
1.0308833240949464
1.0308833240949464
1.0308833240949464
1.0308833240949464
1.0308833240949464
1.0308833240949464
1.0308833240949464
1.0308833240949464
1.0308833240949464
1.0308833240949464
1.0309069170127776
1.031123828843583
1.0320257402988087
1.0320257402988087
1.0320257402988087
1.0314215743896602
1.0314294877875174
1.030889361691489
1.0321204622274804
1.0321204622274804
1.0316656333967837
1.0316656333967837
1.0316656333967837
1.0317765603368836
1.0317765603368836
1.031741719429879
1.0334632905236112
1.0334632905236112
1.0334632905236112
1.0334632905236112
1.0322328288071267
1.0322328288071267
1.0322328288071267
1.0322328288071267
1.0322328288071267
1.0322356387966085
1.0322356387966085
1.0322356387966085
1.0322356387966085
1.0315026760540646
1.0315026760540646
1.0321379609279195
1.0321379609279195
1.0312335636499241
1.0310873271463965
1.0310873271463965
1.0310873271463965
1.0310873271463965
1.0312564012743968
1.0312564012743968
1.0312564012743968
1.0312564012743968
1.0312564012743968
1.0312776776832406
1.0312776776832406
1.0312776776832406
1.0320903392419158
1.0320903392419158
1.0320903392419158
1.0322498204058654
1.0322498204058654
1.0322498204058654
1.0328478930827623
1.0322618942218258
1.0335490995178347
1.0335490995178347
1.0330824070861473
1.0331201470812723
1.032403260526882
1.0300500614721058
1.0314071041817003
1.0342578177722934
1.0342578177722934
1.0342578177722934
1.0336445701325354
1.0336445701325354
1.0336737336720636
1.0336737336720636
1.0336737336720636
1.0332493851439435
1.0332493851439435
1.0332493851439435
1.0342537397557554
1.0346043523960702
1.034540897022453
1.034540897022453
1.0350806090697504
1.0344236856500897
1.0344236856500897
1.0344236856500897
1.0344236856500897
1.0344236856500897
1.0344236856500897
1.0329105951935245
1.032641237269333
1.032641237269333
1.0331750126197479
1.0331750126197479
1.0332278842397675
1.0332278842397675
1.0332278842397675
1.0331745212669166
1.0331745212669166
1.0331745212669166
1.0331745212669166
1.0331745212669166
1.0370378759078331
1.0359058695231715
1.0359058695231715
1.0347141088851532
1.0347141088851532
1.0347141088851532
1.0345985418917363
1.0345985418917363
1.0345985418917363
1.0345985418917363
1.0353666515453654
1.0353666515453654
1.0353666515453654
1.0353666515453654
1.0353666515453654
1.0345908745759185
1.0345908745759185
1.0345203333749675
1.0345203333749675
1.0345203333749675
1.0345203333749675
1.0345203333749675
1.0341379759629563
1.0364215176206562
1.0364215176206562
1.035135793136757
1.035135793136757
1.035135793136757
1.035135793136757
1.03556886018946
1.03556886018946
1.034103909016754
1.0344097086879784
1.0348377866667953
1.0348377866667953
1.0347412673007812
1.0347412673007812
1.0347412673007812
1.034967296610446
1.0357094675908576
1.0352551985709457
1.0352551985709457
1.0352551985709457
1.0352551985709457
1.0351873210239446
1.0351873210239446
1.036298092477719
1.036298092477719
1.0362383988734192
1.0362383988734192
1.0362383988734192
1.0362383988734192
1.0362383988734192
1.0375212790174762
1.0375212790174762
1.0375212790174762
1.0361129631316484
1.03600416892678
1.03600416892678
1.03600416892678
1.0340273404208844
1.0340273404208844
1.0338531952357366
1.0338531952357366
1.0352971776547224
1.0352186242977932
1.0352186242977932
1.0333464600032551
1.0333464600032551
1.0333464600032551
1.0333464600032551
1.0351495203978935
1.0351495203978935
1.0351495203978935
1.0351495203978935
1.0343959914186354
1.0336447586260515
1.0337781089861702
1.0329236330804987
1.0329236330804987
1.0329236330804987
1.0329236330804987
1.0329236330804987
1.034425749706908
1.0336125672547465
1.0336125672547465
1.0350923712541156
1.0343416467870654
1.0349116288418867
1.0347476887956533
1.0347476887956533
1.0347476887956533
1.0356912551831445
1.0348034443664529
1.0348034443664529
1.0348034443664529
1.0348034443664529
1.033749265191078
1.033749265191078
1.033749265191078
1.0349671514138445
1.0349671514138445
1.0349671514138445
1.0349671514138445
1.0356443433150802
1.0351886562622097
1.0351886562622097
1.0356722826854803
1.0356722826854803
1.0356722826854803
1.0330383502702187
1.0330383502702187
1.0330383502702187
1.0330383502702187
1.0330383502702187
1.0333564621972127
1.0333564621972127
1.0333564621972127
1.0333564621972127
1.0333564621972127
1.0348102960825634
1.0348102960825634
1.0340986672474493
1.0340986672474493
1.0340986672474493
1.0349701382302965
1.0329486282911133
1.033012829371481
1.033012829371481
1.0344380401704987
1.0344380401704987
1.0346855168427962
1.033906571048429
1.0348526212879632
1.0348526212879632
1.0348526212879632
1.0343565482756416
1.0343565482756416
1.0349561837064485
1.0356348487020672
1.0340498402742324
1.0340498402742324
1.0340498402742324
1.0329696054045425
1.0335075320207723
1.0335075320207723
1.0335075320207723
1.0346210463531291
1.0354079168189505
1.0354911793316819
1.0354911793316819
1.0354911793316819
1.0354911793316819
1.0354911793316819
1.0334668098001574
1.0334668098001574
1.0354834156174502
1.0354834156174502
1.0354834156174502
1.0348453952632102
1.0348453952632102
1.0349413747024112
1.0356224576466109
1.0356224576466109
1.0354285403602557
1.0354285403602557
1.0354285403602557
1.0344265338473086
1.0344265338473086
1.0344265338473086
1.0344265338473086
1.0344265338473086
1.0341997199522601
1.0341997199522601
1.0341997199522601
1.0325782153400942
1.0328538824253162
1.0328538824253162
1.0328538824253162
1.0331703160836427
1.0329469213186753
1.0329469213186753
1.0326339398317093
1.032205014843955
1.0332447313260973
1.0337177809735794
1.0337177809735794
1.0337177809735794
1.0337177809735794
1.0337177809735794
1.0337177809735794
1.0340041773510518
1.0340041773510518
1.0340974213511356
1.0340974213511356
1.0350113777820615
1.0350113777820615
1.0350113777820615
1.0349783966847697
1.0349783966847697
1.0349783966847697
1.0349783966847697
1.0349783966847697
1.034493138253218
1.034493138253218
1.034493138253218
1.034493138253218
1.0332090081903642
1.0332090081903642
1.0332090081903642
1.035556635248495
1.035556635248495
1.0356798035739423
1.0356798035739423
1.0356798035739423
1.0358378714968182
1.0338123460377708
1.0338123460377708
1.0338123460377708
1.0338123460377708
1.0338123460377708
1.0358274946813335
1.0358274946813335
1.0349310754516172
1.0349310754516172
1.0340641092164229
1.0339953911278001
1.0359922593150028
1.0364129109397335
1.0348600654473874
1.0348600654473874
1.0338354160364558
1.0333631597700632
1.0333631597700632
1.0333631597700632
1.0351185956137572
1.0351185956137572
1.0351185956137572
1.0351185956137572
1.0351185956137572
1.0351185956137572
1.0351185956137572
1.0351185956137572
1.0351185956137572
1.0346131110155643
1.03478990937438
1.03478990937438
1.03478990937438
1.0340582319383134
1.0340582319383134
1.0340582319383134
1.0340582319383134
1.0339587252804403
1.0339587252804403
1.0345993512313871
1.0345993512313871
1.034391112271523
1.0344152802644284
1.032481173467305
1.034608330332747
1.034608330332747
1.034608330332747
1.0345869246622432
1.0345869246622432
1.0345869246622432
1.035077958702374
1.035077958702374
1.035077958702374
1.0340279375030257
1.0340279375030257
1.0350605677684181
1.034974510616061
1.0351375645075807
1.0351375645075807
1.0345156383815128
1.0345974271079519
1.0345974271079519
1.0345974271079519
1.0348344144322876
1.0370954981308387
1.0356547553393338
1.0356547553393338
1.0345581197438254
1.0345581197438254
1.0356430218441657
1.0356430218441657
1.0356430218441657
1.0356430218441657
1.0358808129689832
1.0359306055143371
1.0339416778359454
1.0339416778359454
1.0347403743265207
1.0347403743265207
1.0350143001812915
1.0340374259068557
1.0340374259068557
1.0327554359751434
1.0327554359751434
1.0327175116693843
1.032522368622092
1.0330924758286675
1.0336375716614803
1.0336375716614803
1.032587328645259
1.0327843473339262
1.0327843473339262
1.0328987894853872
1.0335007002050773
1.0335007002050773
1.0330832761402675
1.0330832761402675
1.0330832761402675
1.0330832761402675
1.0330832761402675
1.0330832761402675
1.0330832761402675
1.0330289741846446
1.0342515514793311
1.0342515514793311
1.0342515514793311
1.0330801010553798
1.0330801010553798
1.0330801010553798
1.0330801010553798
1.0330801010553798
1.0330801010553798
1.0337649113416605
1.0337649113416605
1.0331666300130402
1.0360669830068252
1.0360669830068252
1.035172845216288
1.035172845216288
1.0330044266297764
1.0330044266297764
1.0330044266297764
1.0330044266297764
1.032610698629649
1.032610698629649
1.032610698629649
1.032610698629649
1.032610698629649
1.033112861313826
1.033112861313826
1.033112861313826
1.033112861313826
1.0327857114232715
1.0319986835839792
1.0321561406441104
1.0325515483217704
1.0325515483217704
1.0325515483217704
1.0324914788059076
1.0324914788059076
1.0332750193728615
1.0332750193728615
1.0332750193728615
1.0330864208544739
1.0344417203339122
1.0344417203339122
1.0340711728740002
1.0330888467202883
1.0331194056207955
1.0341154929103276
1.0341154929103276
1.0341579394962557
1.0341579394962557
1.0350508715199613
1.0350508715199613
1.0350508715199613
1.0350508715199613
1.0350508715199613
1.0350508715199613
1.0350508715199613
1.0350508715199613
1.0334544653501596
1.0341432420258427
1.033448745058966
1.033448745058966
1.033448745058966
1.033220944039145
1.033220944039145
1.0340060788464716
1.032939545937744
1.033357760194241
1.0334857654309344
1.0343502559728923
1.0343502559728923
1.0343502559728923
1.0343502559728923
1.0343502559728923
1.0325924002025926
1.0325924002025926
1.0325924002025926
1.0325924002025926
1.0325924002025926
1.0325924002025926
1.0354762313228263
1.0354762313228263
1.0354762313228263
1.0363077124915034
1.0363077124915034
1.0350352961653453
1.035007187427113
1.035007187427113
1.035007187427113
1.035007187427113
1.035007187427113
1.0349935495267006
1.0349935495267006
1.0354560814715466
1.0354560814715466
1.0354560814715466
1.0348666779711193
1.0348666779711193
1.0348666779711193
1.0348666779711193
1.0348666779711193
1.0348666779711193
1.0354169355786296
1.0354169355786296
1.0354169355786296
1.0362317013740587
1.0362317013740587
1.0362317013740587
1.0362317013740587
1.0357778727234312
1.0355972111072416
1.0355972111072416
1.0368813666139465
1.0368813666139465
1.0360636157817238
1.0360636157817238
1.0360636157817238
1.0360636157817238
1.0360636157817238
1.0360636157817238
1.0382374046009488
1.0371659315535067
1.0371659315535067
1.0371659315535067
1.035315057897607
1.035315057897607
1.035315057897607
1.0361663239089665
1.0361663239089665
1.0369962338161034
1.0369962338161034
1.0369962338161034
1.0369962338161034
1.0369962338161034
1.0369962338161034
1.0369962338161034
1.0364889012351992
1.0364889012351992
1.0363041757953513
1.0363041757953513
1.0363041757953513
1.0363041757953513
1.0363041757953513
1.0361636339809388
1.0369335265704605
1.0369335265704605
1.0354551276040016
1.0354551276040016
1.0354551276040016
1.0354551276040016
1.0354551276040016
1.0354551276040016
1.0354551276040016
1.0364535242110655
1.0364535242110655
1.0364535242110655
1.0351014897934712
1.0351014897934712
1.0351014897934712
1.0351014897934712
1.03527200597063
1.03527200597063
1.0364622305170226
1.0364622305170226
1.0364622305170226
1.0364622305170226
1.0364622305170226
1.0370800719231468
1.0368944229393073
1.0368944229393073
1.0368944229393073
1.0368944229393073
1.0361910157341352
1.036671600728572
1.036671600728572
1.036671600728572
1.036671600728572
1.036671600728572
1.036671600728572
1.036671600728572
1.036671600728572
1.0360299939212387
1.0360299939212387
1.0360299939212387
1.0360299939212387
1.0332268810574763
1.0338298886473867
1.0338298886473867
1.0338298886473867
1.0338298886473867
1.034037873761923
1.034037873761923
1.0343681307851142
1.0348325198917077
1.0348325198917077
1.0338798469558683
1.0331268799556514
1.0331268799556514
1.0331268799556514
1.0329045288204335
1.0329045288204335
1.0331549126126187
1.036332552368178
1.036332552368178
1.036332552368178
1.036332552368178
1.0365873199561728
1.036072021392172
1.036072021392172
1.0364925317627196
1.0348149602405863
1.0351375292676868
1.0351375292676868
1.0351375292676868
1.0351375292676868
1.0351375292676868
1.0351375292676868
1.0335846022372923
1.0335846022372923
1.0335846022372923
1.0338536496120525
1.0338536496120525
1.0339148043827415
1.0339148043827415
1.0339148043827415
1.0328892810775077
1.0328892810775077
1.0328892810775077
1.033213724030516
1.0328102486546868
1.0328102486546868
1.0328102486546868
1.0335551990986829
1.035290470488021
1.0340125022669837
1.0340125022669837
1.0340634710286674
1.0340634710286674
1.0340634710286674
1.0341630131750275
1.034124625332755
1.034124625332755
1.034124625332755
1.034124625332755
1.0350663630407726
1.0350663630407726
1.0353407620560686
1.0353407620560686
1.0353407620560686
1.0353407620560686
1.0353441913425288
1.0353441913425288
1.0353441913425288
1.0353441913425288
1.0353441913425288
1.0353441913425288
1.0353441913425288
1.0353441913425288
1.0353441913425288
1.0353441913425288
1.0353441913425288
1.0353441913425288
1.0353441913425288
1.0362483261554503
1.0362483261554503
1.0362483261554503
1.0363997627402985
1.0345766107513499
1.0345766107513499
1.0349797808306695
1.0349797808306695
1.0349797808306695
1.0349797808306695
1.0349797808306695
1.0349797808306695
1.0349797808306695
1.0349797808306695
1.0348561074357443
1.0348561074357443
1.0340988743014186
1.0346955396182853
1.0359479353930638
1.0359479353930638
1.0359479353930638
1.0359479353930638
1.035674214477294
1.0358256256259164
1.0362395969017735
1.0362395969017735
1.0362395969017735
1.0362395969017735
1.0362395969017735
1.0364896097286707
1.0364896097286707
1.0356765274403428
1.0356765274403428
1.0356765274403428
1.0354506006044277
1.0354506006044277
1.0353006394502369
1.0353006394502369
1.0353006394502369
1.0353006394502369
1.0353006394502369
1.0345936986798283
1.0355162481289186
1.0360529747711864
1.0360529747711864
1.035559426563733
1.0350552511284732
1.0358635037851445
1.0358635037851445
1.0358040637643442
1.0351635700133073
1.0351635700133073
1.035661264344313
1.0349408195472405
1.034348867594101
1.034348867594101
1.0345474646643051
1.0345474646643051
1.0348256800758215
1.0348256800758215
1.034851022312964
1.034851022312964
1.034851022312964
1.033815384203966
