0.9663904049806208
0.9663904049806208
0.9663904049806208
0.9663904049806208
0.9663904049806208
0.9663904049806208
0.9663904049806208
0.9663904049806208
0.9663904049806208
0.9663904049806208
0.9663904049806208
0.9663904049806208
0.9663904049806208
0.9663904049806208
0.9663904049806208
0.9663904049806208
0.9663904049806208
0.9663904049806208
0.9663904049806208
0.9663904049806208
0.9663904049806208
0.9663904049806208
0.9663904049806208
0.9663904049806208
0.9663904049806208
0.9663904049806208
0.9663904049806208
0.9663904049806208
0.9663904049806208
0.9663904049806208
0.9663904049806208
0.9663904049806208
0.9663904049806208
0.9663904049806208
0.9663904049806208
0.9663904049806208
0.9663904049806208
0.9663904049806208
0.9663904049806208
0.9663904049806208
0.9663904049806208
0.9663904049806208
0.9663904049806208
0.9663904049806208
0.9663904049806208
0.9663904049806208
0.9663904049806208
0.9663904049806208
0.9663904049806208
0.9663904049806208
0.9663904049806208
0.9663904049806208
0.9663904049806208
0.9663904049806208
0.9663904049806208
0.9663904049806208
0.9663904049806208
0.9663904049806208
0.9663904049806208
0.9663904049806208
0.9663904049806208
0.9663904049806208
0.9663904049806208
0.9663904049806208
0.9663904049806208
0.9663904049806208
0.9663904049806208
0.9663904049806208
0.9663904049806208
0.9663904049806208
0.9663904049806208
0.9663904049806208
0.9663904049806208
0.9663904049806208
0.9663904049806208
0.9663904049806208
0.9663904049806208
0.9663904049806208
0.9663904049806208
0.9663904049806208
0.9663904049806208
0.9663904049806208
0.9663904049806208
0.9663904049806208
0.9663904049806208
0.9663904049806208
0.9663904049806208
0.9663904049806208
0.9663904049806208
0.9663904049806208
0.9663904049806208
0.9663904049806208
0.9663904049806208
0.9663904049806208
0.9663904049806208
0.9663904049806208
0.9663904049806208
0.9663904049806208
0.9663904049806208
0.9674577682618124
0.9674577682618124
0.9674577682618124
0.9674577682618124
0.9682324338719522
0.9682324338719522
0.9705389940642718
0.9705389940642718
0.9753664195106119
0.9767513218753054
0.9767513218753054
0.9771304309330708
0.9773386667666042
0.9778681277231268
0.9808699577295649
0.9808699577295649
0.9825889107401177
0.9825889107401177
0.9825889107401177
0.9833903355192268
0.9837838705763382
0.9853591301642854
0.9873234219173509
0.9873234219173509
0.9873234219173509
0.9873234219173509
0.9873234219173509
0.9873234219173509
0.9867966238209716
0.9871545748076072
0.9878363963229355
0.9906305506315671
0.9953326860644024
0.9977282331034059
0.9983449490347255
0.9987545719354174
0.9987545719354174
1.0003339967915121
1.0003339967915121
0.9998211939955247
0.999104168288907
0.999104168288907
0.999104168288907
0.999104168288907
0.9977250888821473
0.9976237178979875
0.9982978721690386
0.9982978721690386
0.9976992666405494
0.9976992666405494
0.9976992666405494
0.9976992666405494
0.9976992666405494
0.9976992666405494
0.9975278611764672
0.9982479072279564
0.9992479012752817
0.9992479012752817
0.9992479012752817
0.9987321428983796
0.9987321428983796
0.9987321428983796
1.0005547095682432
0.9993389381281048
0.999403741094689
1.0020970942288339
1.0020970942288339
1.0020970942288339
1.0020970942288339
1.0020970942288339
1.0020970942288339
1.0022205742029142
1.0022205742029142
1.0022205742029142
1.0023034068416052
1.0023034068416052
1.0023034068416052
1.0023034068416052
1.0019656028939472
1.0019656028939472
1.0019656028939472
1.0019656028939472
1.0014651796672192
1.0014651796672192
1.0018043780846941
1.0018043780846941
1.0031204735266521
1.0025758608226483
1.0025758608226483
1.0025758608226483
1.0025758608226483
1.0025758608226483
1.0025758608226483
1.0025758608226483
1.0019687046044738
1.0019687046044738
1.0019687046044738
1.0019687046044738
1.0034766525737908
1.0034766525737908
1.0038663466456317
1.0038663466456317
1.0038663466456317
1.0038663466456317
1.0038663466456317
1.002123113826877
1.002123113826877
1.0023729000766592
1.00435711264253
1.00435711264253
1.00435711264253
1.00435711264253
1.005889058077914
1.005889058077914
1.0091226412069412
1.009282425807065
1.0088961244169437
1.0088961244169437
1.0098984499602137
1.009570192032377
1.0063208891806876
1.0065119570283092
1.0065119570283092
1.0051614363200008
1.0037728305711333
1.0057460742310607
1.005777046134821
1.0062868121410973
1.0062868121410973
1.0052612630520144
1.0052612630520144
1.0060236805545781
1.0036569393803503
1.0036569393803503
1.0036569393803503
1.0036569393803503
1.0044700677823681
1.0052061053784167
1.0067314196953414
1.0067314196953414
1.0053316254806417
1.005625849131291
1.005625849131291
1.005625849131291
1.0058362432892882
1.0055684606517867
1.006042916386027
1.006042916386027
1.0061537510483434
1.0061537510483434
1.007243551654868
1.0061138605531301
1.0093495694176866
1.0094108023887043
1.0094108023887043
1.0088330543359743
1.0080745893822771
1.0080745893822771
1.0077255820807147
1.0086852235910218
1.0090605450150392
1.0090605450150392
1.007256821154052
1.0078043890059403
1.0098341283586367
1.0120032074382068
1.0082086823508298
1.0058600881678301
1.0058600881678301
1.0042470095233755
1.0042470095233755
1.0036242391104053
1.0036242391104053
1.0044503207385036
1.0044503207385036
1.0044503207385036
1.0060693193615642
1.007168243739955
1.007168243739955
1.007961180075875
1.0075651904641034
1.006671330277129
1.006671330277129
1.0067761876278554
1.006770325834992
1.006770325834992
1.0065931666856476
1.0065931666856476
1.003237458831539
1.003237458831539
1.0047940736502596
1.0047940736502596
1.0047940736502596
1.005059985057882
1.0044961669285721
1.0044961669285721
1.0048503998165315
1.0080383340608905
1.0080383340608905
1.0065665336467202
1.0065665336467202
1.0068894291597374
1.006618038120336
1.005000414114062
1.005000414114062
1.005000414114062
1.0036060773384519
1.0036060773384519
1.0036060773384519
1.0046993098682386
1.0037438918271686
1.0037438918271686
1.0037438918271686
1.005509535110426
1.0070337525386301
1.005849676679842
1.004423579744076
1.004423579744076
1.004423579744076
1.006160279580953
1.006160279580953
1.007659328233126
1.007510833259328
1.008124036530728
1.008604445319668
1.008604445319668
1.008604445319668
1.0079013774181018
1.0079013774181018
1.0079013774181018
1.0073368200751147
1.0072787170257373
1.0096137175472044
1.010598579348521
1.0116194355210444
1.0116194355210444
1.0160197906885502
1.0141127692293415
1.0143138794442184
1.016853997689804
1.0180822867887922
1.0196084820476683
1.0201276442712048
1.0215246563209692
1.020718078046065
1.020718078046065
1.0205599745188374
1.0205599745188374
1.0193117837526335
1.0179077441420037
1.0218284585071191
1.0221864875058668
1.0229862976536857
1.0229862976536857
1.0229862976536857
1.0229862976536857
1.0248573743099498
1.0248573743099498
1.0253819574306713
1.025637420355241
1.025637420355241
1.025637420355241
1.025637420355241
1.0253117592025138
1.0253117592025138
1.0253117592025138
1.0253117592025138
1.0261836578631751
1.02679073303072
1.02679073303072
1.02679073303072
1.02679073303072
1.026314060123138
1.0259262014497834
1.0259262014497834
1.0259262014497834
1.0262737230305987
1.0262367902192981
1.0262367902192981
1.0281913913789698
1.0281913913789698
1.026354388184947
1.026354388184947
1.026354388184947
1.0260501777946023
1.02696928321467
1.0280764534739497
1.0272655146082743
1.0272655146082743
1.0252746081100166
1.0252746081100166
1.026547049788297
1.0264283552681568
1.0264283552681568
1.0264283552681568
1.0264283552681568
1.0264283552681568
1.0264283552681568
1.0264283552681568
1.0259671798204233
1.0259671798204233
1.0259671798204233
1.0259671798204233
1.0259671798204233
1.0259671798204233
1.0259671798204233
1.0259671798204233
1.0259671798204233
1.0259671798204233
1.0269653492651347
1.029756196377868
1.029756196377868
1.029756196377868
1.029300315591789
1.029300315591789
1.029300315591789
1.029300315591789
1.0280568661146534
1.0298696489180736
1.0298696489180736
1.0275087811746506
1.0275087811746506
1.0275087811746506
1.0284988287199557
1.02656372316773
1.02656372316773
1.02656372316773
1.0266659692501365
1.0263815176829105
1.0277356172597383
1.0277356172597383
1.0277356172597383
1.0277356172597383
1.0265114127336343
1.0282118706916932
1.0282767271836943
1.0312682280886738
1.0312682280886738
1.0312682280886738
1.0304327110104572
1.0304327110104572
1.030197730453663
1.030197730453663
1.030197730453663
1.0281561536788415
1.0281561536788415
1.0287386321877519
1.0287386321877519
1.028631476807303
1.028631476807303
1.0290394696199083
1.0290394696199083
1.0290394696199083
1.0290394696199083
1.0288453396615345
1.0288453396615345
1.0288453396615345
1.0288453396615345
1.0288453396615345
1.0288453396615345
1.0288453396615345
1.0288453396615345
1.0288453396615345
1.0288453396615345
1.0288453396615345
1.0279182321384637
1.0279182321384637
1.0279182321384637
1.0279182321384637
1.0279182321384637
1.028483099755048
1.028483099755048
1.028483099755048
1.0279057392269952
1.0279057392269952
1.0276839286078572
1.0276839286078572
1.0276839286078572
1.026901266750857
1.0287252471430455
1.0287252471430455
1.028162161315197
1.028162161315197
1.028162161315197
1.0285749767305228
1.0285749767305228
1.0285749767305228
1.0285749767305228
1.0285749767305228
1.0285749767305228
1.0285749767305228
1.0272754602377012
1.0272754602377012
1.0272754602377012
1.0276344243172322
1.0281410640236028
1.0284013140585846
1.0288446546943613
1.029591972509927
1.029591972509927
1.029591972509927
1.029591972509927
1.0298090746604573
1.0298090746604573
1.0298090746604573
1.0298090746604573
1.026548148990923
1.0269772097250567
1.027350597148137
1.027350597148137
1.0281536318997397
1.0286248435407943
1.0286248435407943
1.0286248435407943
1.0291074974995573
1.0291074974995573
1.0308145151911714
1.0303328657830573
1.0303328657830573
1.0303328657830573
1.0303328657830573
1.0307275296808942
1.0307275296808942
1.0307275296808942
1.0278986941787092
1.0278986941787092
1.0278986941787092
1.0278986941787092
1.0278986941787092
1.0278986941787092
1.0285419372025206
1.029162674433541
1.0300762702111017
1.0300762702111017
1.0300762702111017
1.0300762702111017
1.0300762702111017
1.0300369314421458
1.0300369314421458
1.0300369314421458
1.0300369314421458
1.0312383338788014
1.0312383338788014
1.0313667826671393
1.0313667826671393
1.0313667826671393
1.0315136781911145
1.0308983578379776
1.0308983578379776
1.0308983578379776
1.0308983578379776
1.030260133070909
1.030260133070909
1.030260133070909
1.030260133070909
1.030260133070909
1.0304613394942848
1.0304613394942848
1.0305710260544607
1.0312854864893422
1.0304422847629853
1.0304422847629853
1.0304422847629853
1.0304422847629853
1.0301215364050957
1.0301215364050957
1.0298331810267307
1.0292104563871611
1.0292104563871611
1.0292104563871611
1.0286277608119834
1.0280042257976834
1.0280042257976834
1.0280042257976834
1.0297178012098485
1.0297178012098485
1.0297178012098485
1.0297178012098485
1.0297178012098485
1.0297178012098485
1.0297178012098485
1.0297178012098485
1.0297178012098485
1.0297178012098485
1.0297178012098485
1.0297178012098485
1.0297178012098485
1.0296268385708263
1.0296268385708263
1.0296268385708263
1.028926563837357
1.028926563837357
1.0296300238741998
1.0296300238741998
1.0296300238741998
1.0296300238741998
1.0296300238741998
1.0296300238741998
1.0296300238741998
1.0279254863130811
1.0279254863130811
1.0279254863130811
1.028166050537129
1.028166050537129
1.0272426352590769
1.0272426352590769
1.0272426352590769
1.027152231867832
1.027152231867832
1.0283594551729562
1.02872674007951
1.0281684064669496
1.0280081878961569
1.0280081878961569
1.0280081878961569
1.0270056532872318
1.0294799237954166
1.0294799237954166
1.0288127752368517
1.0288127752368517
1.0278910507800103
1.0278910507800103
1.0278910507800103
1.0278910507800103
1.0263155681689187
1.0285516642573835
1.0285516642573835
1.0305861294264842
1.0281964900992218
1.0281964900992218
1.0281964900992218
1.0281964900992218
1.0281964900992218
1.0281964900992218
1.0281964900992218
1.0290209779553436
1.0293154968991354
1.0293154968991354
1.0293154968991354
1.0308636245101175
1.0308636245101175
1.0306088774368523
1.0305708924948358
1.0305708924948358
1.0305708924948358
1.0305708924948358
1.0305708924948358
1.0296122076436227
1.028596329440267
1.028596329440267
1.028596329440267
1.028596329440267
1.028596329440267
1.0309888647793346
1.0309888647793346
1.0309888647793346
1.0303390061608875
1.0303390061608875
1.0303390061608875
1.030145360420253
1.030145360420253
1.030145360420253
1.030145360420253
1.030145360420253
1.030145360420253
1.030145360420253
1.0305907784417874
1.0299870603935344
1.0308321192379817
1.0308321192379817
1.0310916652044002
1.0310916652044002
1.0304081255962525
1.0304081255962525
1.0304081255962525
1.0304081255962525
1.0304081255962525
1.0294833789874582
1.0303067094890448
1.0303760289320285
1.0302617974853772
1.0302617974853772
1.0313901537611112
1.0313901537611112
1.0313901537611112
1.0313901537611112
1.0301446911883756
1.0283639479466682
1.0283639479466682
1.0283639479466682
1.0283639479466682
1.0283639479466682
1.0285433635967256
1.0303826400403948
1.0288282173700454
1.0288282173700454
1.0288282173700454
1.0290393182996502
1.0290393182996502
1.028202931607619
1.029714893947428
1.029714893947428
1.029714893947428
1.029714893947428
1.0303415681110673
1.0291680927697693
1.0291680927697693
1.0291680927697693
1.030862240168464
1.0307331399833626
1.029439449445194
1.029439449445194
1.029439449445194
1.029439449445194
1.029439449445194
1.029284061150359
1.029284061150359
1.029284061150359
1.0292930380358558
1.0286642091988831
1.0286642091988831
1.0297079041674297
1.0297079041674297
1.0297079041674297
1.0290119014464325
1.0290119014464325
1.0289890698620314
1.0289890698620314
1.0289890698620314
1.029767792901124
1.029767792901124
1.029767792901124
1.0295870243471195
1.029568751842752
1.0300045171206267
1.0300045171206267
1.0300045171206267
1.0305237316022249
1.0305237316022249
1.0305237316022249
1.0305237316022249
1.0305237316022249
1.0305237316022249
1.0305237316022249
1.0305237316022249
1.0305237316022249
1.0296363463019207
1.0296363463019207
1.0296363463019207
1.0296363463019207
1.0290651496162093
1.0293208435065735
1.0293208435065735
1.0295523210878632
1.0295523210878632
1.0295523210878632
1.0295523210878632
1.0295523210878632
1.0295523210878632
1.0295523210878632
1.0295523210878632
1.0295523210878632
1.0289232007391944
1.0289232007391944
1.0279833593991454
1.0272900138291003
1.027603890382453
1.029046289725838
1.0285716595469532
1.0286744590108363
1.0286744590108363
1.0286744590108363
1.0286744590108363
1.0286744590108363
1.0286744590108363
1.0286744590108363
1.0284281255154646
1.0284281255154646
1.0294277785093249
1.0294277785093249
1.0294277785093249
1.0294277785093249
1.0294277785093249
1.0301219207836851
1.0301219207836851
1.031572598714068
1.0309561792867026
1.0308382585405835
1.0308382585405835
1.0294132082395606
1.0294132082395606
1.0284898962930697
1.0284898962930697
1.0284898962930697
1.0279183424896579
1.0279183424896579
1.0279183424896579
1.0279183424896579
1.0279183424896579
1.0279183424896579
1.0279183424896579
1.0278493036182048
1.0286552742910415
1.0287184668659806
1.027624715042578
1.027624715042578
1.027624715042578
1.027624715042578
1.027624715042578
1.027624715042578
1.027624715042578
1.027624715042578
1.027040150576071
1.027040150576071
1.027040150576071
1.027040150576071
1.027040150576071
1.027364288800139
1.0272449466623645
1.0269702509826797
1.0276548219863504
1.0276548219863504
1.0278147371351596
1.027721000982571
1.027721000982571
1.027721000982571
1.027721000982571
1.027721000982571
1.026920757859951
1.028524511630151
1.028524511630151
1.028524511630151
1.028524511630151
1.028524511630151
1.028524511630151
1.028524511630151
1.027200295106839
1.0274862504015467
1.0275395120891613
1.0281578859951814
1.0287636663026938
1.0287636663026938
1.0287636663026938
1.0287636663026938
1.0287636663026938
1.0287853644487122
1.0287853644487122
1.0287853644487122
1.0287853644487122
1.0287853644487122
1.0292147903017657
1.0274295452168731
1.0273748552466786
1.0282421481902166
1.0281003015061558
1.027266602869537
1.027266602869537
1.0265322504605667
1.0265322504605667
1.027414256816346
1.027414256816346
1.027414256816346
1.0295814849848248
1.0292090412267698
1.0292090412267698
1.0285124056711061
1.0285124056711061
1.029781178719949
1.029781178719949
1.029683556486152
1.029683556486152
1.029683556486152
1.0307186744459935
1.0298039236258487
1.0288805859927481
1.0288805859927481
1.0288805859927481
1.0296567739560727
1.0296567739560727
1.0298278190693038
1.0298278190693038
1.0298278190693038
1.0313504761076475
1.0313504761076475
1.0313504761076475
1.0313504761076475
1.0313504761076475
1.0313504761076475
1.0303984822446728
1.0303984822446728
1.0294818630323643
1.0294818630323643
1.0294818630323643
1.0287082123545044
1.0287082123545044
1.0290887946790441
1.0290887946790441
1.0290887946790441
1.0290887946790441
1.0290887946790441
1.029988296555089
1.029950287564441
1.030413098073895
1.0305279334942146
1.0305279334942146
1.0305279334942146
1.0305279334942146
1.030744877354528
1.030744877354528
1.0303048544501223
1.0303048544501223
1.0289663677192455
1.0289663677192455
1.0293149826843133
1.0293149826843133
1.0293149826843133
1.0293149826843133
1.0293149826843133
1.030527204239169
1.030527204239169
1.030527204239169
1.030527204239169
1.030258447108566
1.030258447108566
1.030258447108566
1.030258447108566
1.029964976269431
1.029964976269431
1.029964976269431
1.029964976269431
1.029964976269431
1.029964976269431
1.029964976269431
1.0296427030973796
1.028431151503934
1.0298660223557188
1.0289628542623985
1.0299246662128791
1.0299246662128791
1.029915306034584
1.029915306034584
1.0316285895983417
1.0316285895983417
1.0309227475479832
1.0309227475479832
1.0309227475479832
1.0309227475479832
1.0309227475479832
1.0309227475479832
1.0302135342388403
1.0302135342388403
1.0302135342388403
1.0317381102570145
1.030366422513438
1.0304132447077123
1.0295829740788731
1.0304746533338547
1.0304746533338547
1.0298753063763888
1.0298753063763888
1.0298753063763888
1.0298753063763888
1.0298753063763888
1.0298753063763888
1.0298753063763888
1.0298753063763888
1.0298753063763888
1.0298753063763888
1.0294476751382722
1.0294476751382722
1.0294476751382722
1.0294476751382722
1.0294476751382722
1.0283009231052291
1.0293906142572222
1.0296704092169118
1.0301761549428856
1.0301761549428856
1.0301761549428856
1.0301761549428856
1.0301761549428856
1.0301761549428856
1.0301761549428856
1.0313763431170249
1.0313763431170249
1.0300403469215793
1.0298354848891165
1.029920332535176
1.029920332535176
1.03005701212463
1.02952702888002
1.02952702888002
1.02952702888002
1.02952702888002
1.030087873208408
1.030087873208408
1.0303489252856177
1.0303489252856177
1.029661275355426
1.030048448254019
1.0299110554475575
1.0299110554475575
1.0281081155669238
1.0293031402535486
1.0293031402535486
1.0286320381973224
1.0286320381973224
1.027431872237538
1.027431872237538
1.0277187749203278
1.0277187749203278
1.0277187749203278
1.0277187749203278
1.0277187749203278
1.0277187749203278
1.0277189586852722
1.028974479407194
1.029370976169672
1.029370976169672
1.029370976169672
1.029370976169672
1.0296040940099678
1.0296040940099678
1.0308798570387212
1.029777543077782
1.0307024387003294
1.0307306724406864
1.029782340532745
1.029782340532745
1.029782340532745
1.030151212242648
1.030151212242648
1.030151212242648
1.0289203960675564
1.0289203960675564
1.0297450986932002
1.0297450986932002
1.0297450986932002
1.0298221884419856
1.0298221884419856
1.0298221884419856
1.0298221884419856
1.0298221884419856
1.0297910345740382
1.0307731441263883
1.032095926836031
1.032095926836031
1.0320408530713223
1.0320408530713223
1.031547336200871
1.031547336200871
1.031547336200871
1.0308307153054637
1.0308307153054637
1.0308307153054637
1.0311002369954265
1.0311405850444995
1.0311405850444995
1.0311405850444995
1.0311405850444995
1.0311405850444995
1.0301458019570437
1.0314294069147756
1.0314294069147756
1.0314294069147756
1.0314294069147756
1.0314294069147756
1.0300985214042244
1.031592788582134
1.0299176047582541
1.0303655981986397
1.0303655981986397
1.0303655981986397
1.0303655981986397
1.029938400062328
1.0299017859690673
1.0292922251288499
1.0292922251288499
1.0292922251288499
1.0292922251288499
1.0292922251288499
1.0292922251288499
1.0300261359633824
1.0300261359633824
1.0281884748172914
1.0281884748172914
1.0281884748172914
1.0281884748172914
1.0281884748172914
1.0280119982406006
1.0280119982406006
1.0280119982406006
1.0277721405194946
1.0277721405194946
1.028401862316792
1.0282004630998913
1.0285505662925145
1.0285505662925145
1.029163853188683
1.0277919098718522
1.0277919098718522
1.0277919098718522
1.0277919098718522
1.0277919098718522
1.0277919098718522
1.0277919098718522
1.0270598329631058
1.0270598329631058
1.0270598329631058
1.0270598329631058
1.0270598329631058
1.0270598329631058
1.0270598329631058
1.027535985270118
1.027535985270118
1.027535985270118
1.027535985270118
1.0270600587887553
1.0270600587887553
1.0264093140805255
1.0264093140805255
1.0249906982286074
1.0249906982286074
1.0249906982286074
1.025041560764501
1.025041560764501
1.0269196084024412
1.0269196084024412
1.0269196084024412
1.0269196084024412
1.0269196084024412
1.0269196084024412
1.0284832073380452
1.0281788517336203
1.0280490043048096
1.0280490043048096
1.0280490043048096
1.0296423439689681
1.030030830289182
1.0295405495854908
1.0295405495854908
1.0312023229236051
1.0318606761640527
1.031581719763052
1.0285288164901136
1.0281122924858714
1.0281122924858714
1.0281122924858714
1.0281122924858714
1.0302980584565196
1.0302980584565196
1.029294325357394
1.029294325357394
1.0289769897960637
1.0289769897960637
1.0289769897960637
1.0289769897960637
1.0289769897960637
1.0289769897960637
1.0289769897960637
1.0289769897960637
1.029181809305981
1.0298605753706231
1.0298605753706231
1.0298605753706231
1.0298036030420377
1.0291483852999574
1.0297873205672923
1.0304898104444542
1.0304898104444542
1.0304898104444542
1.0304898104444542
1.0304898104444542
1.0304898104444542
1.0304898104444542
1.0304898104444542
1.0304898104444542
1.0304898104444542
1.0297714214490197
1.0297714214490197
1.0297714214490197
1.0297714214490197
1.0297714214490197
1.0297714214490197
1.0296282471091518
1.0291489314926203
1.029204676923682
1.0282447747088066
1.0282447747088066
1.0271110154972471
1.0271110154972471
1.0271110154972471
1.0271110154972471
1.028611248150153
1.028611248150153
1.028868026754433
1.028868026754433
1.028868026754433
1.028868026754433
1.028868026754433
1.028868026754433
1.028868026754433
1.028868026754433
1.0292101490209615
1.0300561462037878
1.0300561462037878
1.0300950194129788
1.0309366578747239
1.0309366578747239
1.030703837987665
1.030703837987665
1.030703837987665
1.030703837987665
1.030703837987665
1.030703837987665
1.030703837987665
1.0306286773939648
1.0300105878520398
1.0295171552070055
1.0295171552070055
1.028552442880135
1.028552442880135
1.028552442880135
1.028552442880135
1.028552442880135
1.0283018304187896
1.0283018304187896
1.0283018304187896
1.0283018304187896
1.0283018304187896
1.0283018304187896
1.0283018304187896
1.0282670445422797
1.0282670445422797
1.0282670445422797
1.0282670445422797
1.0282670445422797
1.0283695393570382
1.0283695393570382
1.0300003524767118
1.0300003524767118
1.0283730479949598
1.0276028046850645
1.0292623102125171
1.0287445699467233
1.0291153998331644
1.0296984416832515
1.030997883045526
1.0311737530535638
1.02988054409756
1.030366909700548
1.030366909700548
1.0316917056113244
1.0319633215436093
1.0319633215436093
1.0303960808780588
1.0303960808780588
1.0303960808780588
1.0316338421915623
1.0312813757178203
1.030027949878464
1.030027949878464
1.030027949878464
1.030027949878464
1.0298938768715227
1.0295548688584841
1.0295548688584841
1.0295548688584841
1.0295548688584841
1.0295548688584841
1.0295548688584841
1.0295548688584841
1.0283313952664574
1.0297112945852374
1.0293609004173045
1.0290574055121304
1.0290574055121304
1.0290574055121304
1.0290574055121304
1.0292283894895689
1.0292283894895689
1.029249086702221
1.029249086702221
1.0283045954498782
1.028683031967078
1.028683031967078
1.028683031967078
1.0285057846077228
1.0285057846077228
1.0285057846077228
1.0285057846077228
1.0285057846077228
1.027710338377013
1.0293085254614536
1.0293180689861599
1.0293261277808377
1.0298619041888846
1.0298619041888846
1.0298619041888846
1.0298619041888846
1.0298619041888846
1.0298619041888846
1.0298619041888846
1.0298619041888846
1.0298619041888846
1.029280698556103
1.0316964363770562
1.0316964363770562
1.0316964363770562
1.0316964363770562
1.0316964363770562
1.0316964363770562
1.032148404630909
1.0327268329064763
1.0320010982373078
1.0324833283693697
1.0324833283693697
1.0324833283693697
1.0300956022877765
1.0300956022877765
1.0300956022877765
1.0308212279620177
1.0308212279620177
1.0317132270442273
1.0311455607147237
1.0311455607147237
1.0311455607147237
1.031547947343964
1.031547947343964
1.031547947343964
1.031547947343964
1.031547947343964
1.031547947343964
1.031547947343964
1.0330647484176203
1.0330666939765114
1.0330666939765114
1.0330666939765114
1.0330666939765114
1.0330666939765114
1.0330666939765114
1.0330666939765114
1.0335626309942667
1.0335626309942667
1.0335626309942667
1.0335626309942667
1.0335284384242829
1.033451236531842
1.033451236531842
1.033451236531842
1.033451236531842
1.033451236531842
1.033649569505251
1.033649569505251
1.033649569505251
1.033649569505251
1.033649569505251
1.033649569505251
1.0319350790086836
1.0306507262369096
1.0306507262369096
1.0306507262369096
1.0306507262369096
1.0306507262369096
1.0306507262369096
1.0306507262369096
1.0306507262369096
1.030001843799978
1.030001843799978
1.030001843799978
1.030001843799978
1.0315698945059195
1.0318982561678116
1.0318982561678116
1.0318982561678116
1.0318982561678116
1.0318982561678116
1.0312973029598838
1.0297470914742466
1.0297470914742466
1.0307237539286853
1.0307237539286853
1.0307237539286853
1.031587011260376
1.0315351546989453
1.0315351546989453
1.0326060684351
1.031897798668712
1.031897798668712
1.031897798668712
1.031897798668712
1.031907064726845
1.031907064726845
1.031907064726845
1.032099238544901
1.031978148172495
1.031978148172495
1.0318307965162552
1.0318307965162552
1.0318307965162552
1.031482075620534
1.031482075620534
1.031482075620534
1.031482075620534
1.031482075620534
1.031482075620534
1.0312034395221092
1.0312034395221092
1.0312034395221092
1.0307833565969906
1.0307833565969906
1.0307833565969906
1.031994292199809
1.031994292199809
1.031481151403537
1.031481151403537
1.031481151403537
1.0299877816293848
1.0299877816293848
1.0292782516616625
1.0292782516616625
1.0296381459396367
1.0290397557620203
1.0290397557620203
1.029885504098256
1.030365040929058
1.030365040929058
1.0296914174191767
1.0296914174191767
1.0296914174191767
1.0296914174191767
1.0296914174191767
1.0296914174191767
1.0296914174191767
1.0296914174191767
1.0296914174191767
1.0305135072217222
1.0305135072217222
1.0305135072217222
1.0309250895377093
1.0309250895377093
1.0309250895377093
1.0309250895377093
1.029766663500131
1.029766663500131
1.0298063449992387
1.0316403397131968
1.0316403397131968
1.0316403397131968
1.0316403397131968
1.0326065280877985
1.0326065280877985
1.0326388811229927
1.0326449018386716
1.0319966698725287
1.030489525004254
1.030489525004254
1.030489525004254
1.0310785834962641
1.0310785834962641
1.0310785834962641
1.032268107950425
1.0307582061955776
1.0307582061955776
1.0298156956228082
1.0298156956228082
1.0298156956228082
1.0298156956228082
1.0298156956228082
1.0298156956228082
1.0298156956228082
1.0294466438026137
1.0294466438026137
1.0294466438026137
1.0294466438026137
1.0293433888046661
1.0293433888046661
1.031575727777112
1.030594654049249
1.030594654049249
1.030594654049249
1.029881718601558
1.029881718601558
1.029453675444779
1.028575877325335
1.028575877325335
1.028382021044048
1.0314432733862757
1.0314404201777458
1.0310485066697788
1.0310485066697788
1.0310485066697788
1.0316820056330307
1.0316820056330307
1.0323321589989323
1.0317159839036287
1.0317159839036287
1.0317159839036287
1.030904029672567
1.032565695457261
1.032565695457261
1.0337306810654365
1.0337306810654365
1.0337306810654365
1.0337306810654365
1.0337306810654365
1.0337306810654365
1.0317986503817498
1.0317986503817498
1.0317986503817498
1.0317986503817498
1.0317986503817498
1.0317986503817498
1.0326262170972238
1.0326262170972238
1.03284295023752
1.03284295023752
1.03284295023752
1.03284295023752
1.0329074944328884
1.0330164112323659
1.0328993393903672
1.0328993393903672
1.0328993393903672
1.034130944638836
1.034130944638836
1.0345801348070132
1.0345801348070132
1.0345801348070132
1.0345801348070132
1.0345815944155412
1.0337849866827038
1.0337849866827038
1.0337849866827038
1.0340201743976023
1.0340201743976023
1.0340201743976023
1.0340201743976023
1.0340201743976023
1.0340201743976023
1.0355925048331411
1.0355925048331411
1.0355925048331411
1.0355925048331411
1.035293225433486
1.035293225433486
1.035293225433486
1.035293225433486
1.035293225433486
1.035293225433486
1.033332625259106
1.0326160603173964
1.0326160603173964
1.031407215649748
1.031407215649748
1.0331147570261194
1.0331147570261194
1.033223386314939
1.032706180281366
1.032706180281366
1.032650033854346
1.032650033854346
1.032876920873972
1.032876920873972
1.032876920873972
1.0322602907921905
1.0322602907921905
1.0322602907921905
1.0322602907921905
1.0322602907921905
1.0327213209523936
1.0327213209523936
1.0330172997692793
1.0330172997692793
1.0330172997692793
1.0330172997692793
1.0330172997692793
1.0316380538228056
1.0316380538228056
1.0316380538228056
1.0316380538228056
1.0316380538228056
1.0316380538228056
1.0316380538228056
1.0316380538228056
1.0321136154521549
1.0319606160864514
1.0319606160864514
1.0319606160864514
1.0319606160864514
1.0319606160864514
1.0319606160864514
1.0319606160864514
1.0319606160864514
1.030305206254638
1.030305206254638
1.0303380932995927
1.0303380932995927
1.0303380932995927
1.0308277915428197
1.0300550772971493
1.0300550772971493
1.0300550772971493
1.0300550772971493
1.0303632299344256
1.0303632299344256
1.0303632299344256
1.0303632299344256
1.0303632299344256
1.031832890223866
1.031832890223866
1.0317269886868543
1.0317269886868543
1.0317269886868543
1.0317269886868543
1.0317269886868543
1.031440672756943
1.031440672756943
1.032037291842031
1.032037291842031
1.0323034721450493
1.0323677554714004
1.0333414562633203
1.0333414562633203
1.0333414562633203
1.0333414562633203
1.0337135430022273
1.0337135430022273
1.0337135430022273
1.032723765521941
1.032723765521941
1.031480011376851
1.031480011376851
1.031480011376851
1.031480011376851
1.030992052586578
1.031596332449356
1.031596332449356
1.031596332449356
1.0313581284196678
1.0294003817934982
1.0294003817934982
1.0297890414473228
1.0297890414473228
1.0300849701804586
1.0300849701804586
1.0300849701804586
1.0300849701804586
1.0300849701804586
1.0294745429584866
1.0294745429584866
1.0308835054218304
1.0308835054218304
1.0308835054218304
1.0308835054218304
1.0308835054218304
1.0316697386452856
1.0311220257769662
1.0311220257769662
1.0311220257769662
1.0294656513286504
1.0318666185412821
1.0318666185412821
1.0312838763750056
1.0312838763750056
1.0312838763750056
1.0312838763750056
1.0312838763750056
1.0312838763750056
1.0312838763750056
1.0312838763750056
1.0303474050723074
1.0303474050723074
1.0303474050723074
1.0319270505491744
1.0319270505491744
1.0319270505491744
1.0319270505491744
1.0315937599484581
1.0315937599484581
1.030962239169176
1.0316017459805495
1.0316017459805495
1.0316017459805495
1.0316017459805495
1.0316017459805495
1.0317996697485365
1.0317996697485365
1.0317996697485365
1.0317996697485365
1.0314768153314622
1.0314768153314622
1.0314768153314622
1.0314768153314622
1.030250646808533
1.030250646808533
1.0331713537754963
1.0331191701379416
1.0331191701379416
1.0331191701379416
1.0332367967052742
1.0332367967052742
1.0332367967052742
1.0332367967052742
1.033215321006566
1.0310895548010535
1.0310895548010535
1.0325597961225033
1.0318622931225347
1.0318622931225347
1.0318622931225347
1.0321390344461234
1.0320279961850527
1.0320279961850527
1.0310568357306205
1.0310568357306205
1.0310568357306205
1.0310568357306205
1.0310568357306205
1.0286720017050752
1.0286720017050752
1.0286720017050752
1.0286720017050752
1.0286720017050752
1.0286720017050752
1.0286720017050752
1.0287320779556006
1.0293952492136218
1.0293952492136218
1.0293952492136218
1.0321378997960586
1.0321378997960586
1.0321378997960586
1.0321378997960586
1.0321378997960586
1.0321378997960586
1.031764126644379
1.0317132445376314
1.0317132445376314
1.0317132445376314
1.0317132445376314
1.0317132445376314
1.0317132445376314
1.0326460437007015
1.0314084868348095
1.03132038748018
1.03132038748018
1.0309036641288276
1.0301317853100567
1.0301317853100567
1.0301317853100567
1.0301317853100567
1.0301317853100567
1.0301317853100567
1.0301317853100567
1.0301317853100567
1.0301317853100567
1.0324411226798722
1.0324411226798722
1.0324411226798722
1.0324411226798722
1.0324411226798722
1.0324411226798722
1.0325669036245115
1.0325669036245115
1.0325669036245115
1.0325669036245115
1.032588401503425
1.032588401503425
1.032588401503425
1.0318658666980476
1.0318658666980476
1.0318658666980476
1.0318658666980476
1.0318658666980476
1.0318658666980476
1.0335171246209385
1.0327485162351893
1.033391386793267
1.033391386793267
1.0330857263437072
1.0330857263437072
1.0330857263437072
1.0330857263437072
1.0330857263437072
1.0330857263437072
1.0343543596447844
1.0338041470100243
1.0338041470100243
1.0338041470100243
1.0338041470100243
1.0338041470100243
1.0338041470100243
1.0338041470100243
1.0338041470100243
1.033159887296808
1.033159887296808
1.033748829228646
1.03158535221456
1.03158535221456
1.03158535221456
1.03158535221456
1.0311447549121127
1.0319836670638947
1.033198242982553
1.0333879647268613
1.033277295399884
1.033277295399884
1.034011013373892
1.034011013373892
1.0345808101459537
1.0345808101459537
1.0345808101459537
1.0345808101459537
1.0345808101459537
1.0345808101459537
1.0345808101459537
1.0345808101459537
1.0331349168530313
1.0331349168530313
1.0331349168530313
1.0331349168530313
1.0331349168530313
1.0348519695325986
1.0348519695325986
1.0348519695325986
1.035611141926344
1.035611141926344
1.035611141926344
1.0355438979747182
1.0343199306260706
1.0343199306260706
1.0343199306260706
1.034425365271876
1.034425365271876
1.034425365271876
1.0347520184758048
1.033890082911724
1.033890082911724
1.0347124013998805
1.0320006884811739
1.0329408231383463
1.0329408231383463
1.0329408231383463
1.0329408231383463
1.0338197316237334
1.0336083874992401
1.0336083874992401
1.034567792287393
1.034618716918722
1.034618716918722
1.0361523273720377
1.0361523273720377
1.0361523273720377
1.0361523273720377
1.0357186690525213
1.0360522192851829
1.0360522192851829
1.0360522192851829
1.035084761936533
1.035084761936533
1.0356886186215832
1.0356886186215832
1.0356886186215832
1.0356886186215832
1.0356886186215832
1.0338209034884427
1.0338209034884427
1.0338209034884427
1.0338209034884427
1.033561362310245
1.0340491947054244
1.0360723393163402
1.0360723393163402
1.0360723393163402
1.0360723393163402
1.0360723393163402
1.0364259864302423
1.0352060527747102
1.0352060527747102
1.0350974494157719
1.0350974494157719
1.034805050273069
1.0346518764174653
1.0349359920243097
1.0350822061409821
1.0339202728348293
1.0355970047656886
1.0355970047656886
1.0359308286202362
1.0359308286202362
1.0359308286202362
1.0359308286202362
1.036128607496718
1.0358964993791397
1.0362429749971738
1.0362429749971738
1.0362429749971738
1.0362429749971738
1.0362429749971738
1.0361151843669232
1.0366264602068038
1.0363386050775865
1.0363386050775865
1.0357721868867422
1.0335400568501878
1.0335400568501878
1.0335400568501878
1.0335400568501878
1.0336202119624924
1.0353192083460516
1.0353740787470627
1.0353740787470627
1.0353740787470627
1.0346798241173627
1.0346798241173627
1.0346798241173627
1.0346798241173627
1.034276883113351
1.034276883113351
1.0331506679633904
1.0331506679633904
1.0334772675669919
1.0328530284967914
1.0343099145770038
1.0343099145770038
1.0334895506666164
1.033881504184712
1.0341093992781185
1.0341093992781185
1.0337047200414264
1.034408473419246
1.034408473419246
1.034408473419246
1.034408473419246
1.034408473419246
1.034408473419246
1.034408473419246
1.0344356082851498
1.0344356082851498
1.0344356082851498
1.0344356082851498
1.0344356082851498
1.0352455348559646
1.0352455348559646
1.0352455348559646
1.0352455348559646
1.0353242157240792
1.0353242157240792
1.0353242157240792
1.0353242157240792
1.0344367389239661
1.0344367389239661
1.0344367389239661
1.0344367389239661
1.0344367389239661
1.0345290287158093
1.0350993347331303
1.0350993347331303
1.0359492680316826
1.034793656403091
1.034282544152084
1.034282544152084
1.034282544152084
1.034282544152084
1.034282544152084
1.0358959329193744
1.0349563535989923
1.033227970783106
1.033227970783106
1.0333197006609902
1.0333197006609902
1.0333197006609902
1.0343393509308896
1.0343393509308896
1.0343393509308896
1.0344579546791308
1.0344579546791308
1.034874312517384
1.0358638615442464
1.0358638615442464
1.0358638615442464
1.034057888589487
1.034057888589487
1.0349875523384542
1.0349875523384542
1.0349875523384542
1.0349875523384542
1.0344010499886724
1.0344010499886724
1.0344010499886724
1.0344010499886724
1.0344010499886724
1.0344010499886724
1.0341772876718756
1.0346332418969093
1.0346332418969093
1.0346332418969093
1.0346332418969093
1.034637895931567
1.034637895931567
1.035852003638478
1.035852003638478
1.0362948914220074
1.0362948914220074
1.0359065308773039
1.0353142725307516
1.0353142725307516
1.0353142725307516
1.0353142725307516
1.0353142725307516
1.0353142725307516
1.0370544814612348
1.0370544814612348
1.0370544814612348
1.0370544814612348
1.0370544814612348
1.0365601456685438
1.035325015911899
1.0365327557516968
1.0365327557516968
1.0365327557516968
1.0366277234069365
1.0366277234069365
1.036047489211385
1.0363166212763426
1.0363166212763426
1.0363166212763426
1.0363166212763426
1.0363166212763426
1.0362520168471396
1.034630495851411
1.0335684182629203
1.0358992863602396
1.0358992863602396
1.0358992863602396
1.0332685461826072
1.0351497861728791
1.0351497861728791
1.0351497861728791
1.0358817980491026
1.0358817980491026
1.0356063104326716
1.0356063104326716
1.0351448813765756
1.0351448813765756
1.0351448813765756
1.0351448813765756
1.0337991833648932
1.0337991833648932
1.0337991833648932
1.0337991833648932
1.0337991833648932
1.0337991833648932
1.0337991833648932
1.0337991833648932
1.0345618699420482
1.0358114191246444
1.0349077739953152
1.0349077739953152
1.0338049404860457
1.0328398989303564
1.0328398989303564
1.0352729448184554
1.0352729448184554
1.0354180233178323
1.0344951448950526
1.0343059021583074
1.0343059021583074
1.0343059021583074
1.034410256206652
1.034410256206652
1.034410256206652
1.034410256206652
1.033289343491572
1.033289343491572
1.033289343491572
1.0315071088815306
1.03170046972889
1.03170046972889
1.033422985600844
1.034715538669133
1.0346248000171376
1.0346248000171376
1.0325047735451984
1.0334043855628303
1.0334020428315764
1.0336822112981339
1.0342760469233385
1.0342760469233385
1.0337959253830118
1.0337959253830118
1.0352605735148885
1.033161701511173
1.033161701511173
1.0330636090524823
1.0330636090524823
1.0330636090524823
1.0319378544892859
1.0319378544892859
1.0330605040954344
1.0330605040954344
1.0330605040954344
1.032771350336022
1.0324671339989522
1.0324671339989522
1.0323949112382242
1.0314522953402026
1.0325798374908335
1.031408009773162
1.0323957143311004
1.0323957143311004
1.0313505401308458
1.032479275442648
1.032479275442648
1.032479275442648
1.032479275442648
1.032479275442648
1.032479275442648
1.032479275442648
1.032479275442648
1.032479275442648
1.032479275442648
1.032479275442648
1.032479275442648
1.032479275442648
1.0324146456032035
1.0324146456032035
1.0324605939892946
1.0324605939892946
1.0324605939892946
1.0324605939892946
1.0323122407970944
1.030743784227967
1.030743784227967
1.030743784227967
1.030743784227967
1.030743784227967
1.030743784227967
1.030743784227967
1.030743784227967
1.030743784227967
1.030743784227967
1.0306848104854602
1.0306269596656557
1.0306269596656557
1.0303850506680727
1.0330688043335357
1.0330688043335357
1.0330688043335357
1.0330688043335357
1.0330688043335357
1.0326753734484895
1.0327997266115965
1.0325368361964273
1.0323548585310252
1.0323548585310252
1.0323548585310252
1.0323548585310252
1.0323548585310252
1.0323548585310252
1.0323548585310252
1.0323548585310252
1.0323548585310252
1.0323548585310252
1.0323548585310252
1.030051077296436
1.030051077296436
1.030051077296436
1.030051077296436
1.0301314538347441
1.0301314538347441
1.0301314538347441
1.0301314538347441
1.0301937579575111
1.0301937579575111
1.0301937579575111
1.0301937579575111
1.0301937579575111
1.0306960985748186
1.029901904204998
1.029901904204998
1.029901904204998
1.0309736932240587
1.0309736932240587
1.0309736932240587
1.0309736932240587
1.0309736932240587
1.0303498217142397
1.0303498217142397
1.0303498217142397
1.0317072943798995
1.0317072943798995
1.0317072943798995
1.0323340333078972
1.0323340333078972
1.0323340333078972
1.0323340333078972
1.0323340333078972
1.0323340333078972
1.0320543862795715
1.0320543862795715
1.0320543862795715
1.0320543862795715
1.030604565066989
1.030604565066989
1.0302425995625746
1.0302180414337268
1.0302180414337268
1.0305188658244087
1.0305188658244087
1.031129169069191
1.0317655905651844
1.0317655905651844
1.0317655905651844
1.0309894234952073
1.0306225290120137
1.0306225290120137
1.0306225290120137
1.0306225290120137
1.0313823769780488
1.0322404787267554
1.0322404787267554
1.0322404787267554
1.0322404787267554
1.0322404787267554
1.031742777917931
1.031742777917931
1.031742777917931
1.0317225534784507
1.0317225534784507
1.0320992089313004
1.0320992089313004
1.0320992089313004
1.0312674957627639
1.0312674957627639
1.0312674957627639
1.0312674957627639
1.03218431921339
1.032330058264878
1.032330058264878
1.032330058264878
1.032330058264878
1.0306611767393208
1.0306611767393208
1.032273609341719
1.032273609341719
1.032273609341719
1.032273609341719
1.031280087666019
1.0325200891254458
1.0325200891254458
1.032365867789109
1.0327245338550395
1.0313264169017007
1.031096591679663
1.031096591679663
1.031096591679663
1.031096591679663
1.031096591679663
1.031096591679663
1.031532545016954
1.031532545016954
1.031532545016954
1.0320323716665667
1.0320323716665667
1.0320323716665667
1.0310955254957834
1.0310955254957834
1.0310955254957834
1.0311318394961295
1.0311318394961295
1.0312808708420147
1.0312808708420147
1.0312808708420147
1.0312808708420147
1.0311495958759171
1.0311495958759171
1.0311495958759171
1.0311495958759171
1.0311495958759171
1.0311495958759171
1.0311495958759171
1.0311495958759171
1.0311495958759171
1.0326826802993545
1.0326826802993545
1.0326826802993545
1.0326826802993545
1.0326826802993545
1.032851198010928
1.032851198010928
1.032394488323748
1.032394488323748
1.032394488323748
1.032394488323748
1.0334617114830706
1.0326668591972619
1.0326668591972619
1.0326668591972619
1.0326668591972619
1.0326668591972619
1.0326668591972619
1.0323767932584307
1.0323767932584307
1.033085978436356
1.033085978436356
1.032264463712562
1.032264463712562
1.032264463712562
1.032264463712562
1.032264463712562
1.032264463712562
1.032264463712562
1.0315028966432616
1.03170584174201
1.031336942006256
1.03334969254289
1.03334969254289
1.03334969254289
1.03334969254289
1.03334969254289
1.03334969254289
1.03334969254289
1.031822374432322
1.031822374432322
1.031822374432322
1.032371206599162
1.032371206599162
1.032371206599162
1.032371206599162
1.032371206599162
1.032371206599162
1.032371206599162
1.0328931111116693
1.0328931111116693
1.0328931111116693
1.0328931111116693
1.0328931111116693
1.0332301619836977
1.0332301619836977
1.0332301619836977
1.0332301619836977
1.0332301619836977
1.0332301619836977
1.0332301619836977
1.0332301619836977
1.033404671875369
1.033404671875369
1.033404671875369
1.033404671875369
1.0322371151961964
1.0322371151961964
1.031075936405042
1.031075936405042
1.031075936405042
1.031075936405042
1.0318305893284627
1.0318305893284627
1.0318305893284627
1.0313627268552863
1.0313627268552863
1.0313627268552863
1.0313627268552863
1.0313627268552863
1.0313627268552863
1.0313627268552863
1.0313627268552863
1.033860898361498
1.033860898361498
1.033860898361498
1.0330252037109715
1.0330252037109715
1.0330252037109715
1.0330252037109715
1.0326012752547358
1.0327309162754972
1.0327309162754972
1.0330580691397542
1.0330580691397542
1.0330580691397542
1.0330580691397542
1.0331503040033798
1.0340715936737723
1.0340715936737723
1.0342829591594718
1.033768044550068
1.0337859466555563
1.0337859466555563
1.0343817297470164
1.0343817297470164
1.0343817297470164
1.0337365191313521
1.0334634819354296
1.0334634819354296
1.0340061932047655
1.0340061932047655
1.0340061932047655
1.0341755832309583
1.0341755832309583
1.0341755832309583
1.0342480353992245
1.0343800791597106
1.0343800791597106
1.0336496958713888
1.0348432530148413
1.0348432530148413
1.0348432530148413
1.0348432530148413
1.0353756876569797
1.0353756876569797
1.0343629655448916
1.0347652268028464
1.0347652268028464
1.033972998541734
1.033972998541734
1.0336794605813822
1.0336794605813822
1.0336794605813822
1.0336794605813822
1.03448518604795
1.03448518604795
1.03448518604795
1.03448518604795
1.03448518604795
1.03448518604795
1.03448518604795
1.03448518604795
1.03448518604795
1.03448518604795
1.03448518604795
1.03448518604795
1.03448518604795
1.0336335726611043
1.0336335726611043
1.0336335726611043
1.0336335726611043
1.0332340298943579
1.0332340298943579
1.0332340298943579
1.0333427475713783
1.0333427475713783
1.0333427475713783
1.0333427475713783
1.0333427475713783
1.0333427475713783
1.0333427475713783
1.0333929566343156
1.0333929566343156
1.033157558826044
1.033157558826044
1.033157558826044
1.033157558826044
1.033157558826044
1.033157558826044
1.033157558826044
1.033157558826044
1.0330034379453652
1.0328205118412495
1.0328205118412495
1.0328205118412495
1.0328205118412495
1.0328205118412495
1.0334530837781941
1.0334530837781941
1.0334530837781941
1.033405266501172
1.0342752314850718
1.0342553643470467
1.033731815566994
1.032409939078174
1.0316711567380257
1.0316711567380257
1.0316711567380257
1.0320360609731496
1.0348336001239615
1.0345403730053582
1.0345403730053582
1.0325607778787491
1.0325607778787491
1.0334422764908082
1.0334422764908082
1.0334422764908082
1.0337142544021518
1.0337142544021518
1.0335940888140476
1.0335940888140476
1.0335940888140476
1.0335940888140476
1.0335940888140476
1.0335940888140476
1.0336341258697863
1.0328674414800145
1.0328674414800145
1.0324120450815149
1.0324120450815149
1.0324120450815149
1.0330944530067678
1.0322139419110261
1.0322139419110261
1.0344210571069241
1.0344210571069241
1.0315292606201458
1.0317761771376246
1.0312472721506432
1.0340187556441391
1.0340187556441391
1.0340187556441391
1.0340187556441391
1.0340187556441391
1.0340187556441391
1.0340187556441391
1.0340187556441391
1.0337720669512638
1.0336190148480404
1.0336190148480404
1.033773949616068
1.033773949616068
1.033773949616068
1.033773949616068
1.033773949616068
1.033773949616068
1.033773949616068
1.033773949616068
1.033773949616068
1.033773949616068
1.0356185573321919
1.034545942418083
1.034545942418083
1.034545942418083
1.0329696143535387
1.0329461352323306
1.0329461352323306
1.0340792017296043
1.0340792017296043
1.0340792017296043
1.0340792017296043
1.0340792017296043
1.0340792017296043
1.034731440622665
1.034731440622665
1.034731440622665
1.0340952333819176
1.0340952333819176
1.0340952333819176
1.0340952333819176
1.0340952333819176
1.0340952333819176
1.0340952333819176
1.0340952333819176
1.0331827615889
1.0331827615889
1.0331827615889
1.034015504629804
1.0336817518952899
1.0340390698385935
1.0340390698385935
1.0340390698385935
1.0340390698385935
1.0340390698385935
1.0355767366104462
1.0355767366104462
1.0355767366104462
1.0355767366104462
1.0355767366104462
1.0359492026922095
1.0348195037134666
1.0348195037134666
1.0348195037134666
1.0348195037134666
1.0348195037134666
1.0344445901425097
1.0344445901425097
1.0344445901425097
1.0326689247958494
1.0335613920603985
1.0335613920603985
1.0339908937651556
1.0348452148824858
1.0348452148824858
1.0348452148824858
1.0348452148824858
1.0348452148824858
1.0348452148824858
1.0344424153275282
1.0366391938171298
1.0366391938171298
1.0366814516122949
1.0366814516122949
1.0366814516122949
1.0367567228122638
1.036666609014101
1.037388951580043
1.035945345981513
1.0346679233883158
1.032819639053685
1.0343058939789045
1.0343058939789045
1.0343058939789045
1.0344639717773265
1.0344639717773265
1.0344639717773265
1.0350865966667457
1.0350865966667457
1.0363547978524332
1.0363547978524332
1.035400407642543
1.034009768753819
1.032614586778118
1.032614586778118
1.032614586778118
1.0349540188765833
1.0348847842467195
1.0364704873381478
1.0364704873381478
1.0364704873381478
1.036939151193692
1.0366965207703829
1.0366965207703829
1.0366965207703829
1.0366965207703829
1.0366965207703829
1.0366965207703829
1.0356847063525336
1.0356847063525336
1.0356847063525336
1.0356847063525336
1.0356847063525336
1.0359094403021996
1.0357528892580148
1.0357528892580148
1.0357528892580148
1.036683140749464
1.0371196160905902
1.0371196160905902
1.0371196160905902
1.0371196160905902
1.0371490985104206
1.0371490985104206
1.0371490985104206
1.0371490985104206
1.0371490985104206
1.0360373452453127
1.0360373452453127
1.0360373452453127
1.0360373452453127
1.0360373452453127
1.0360373452453127
1.0360373452453127
1.0360373452453127
1.035299541623604
1.0342545534783083
1.0342545534783083
1.0342545534783083
1.0342545534783083
1.0340027225534325
1.0340027225534325
1.0340027225534325
1.0340027225534325
1.035028972936611
1.033740164919816
1.033740164919816
1.033740164919816
1.0334284182982119
1.034133897802868
1.034133897802868
1.0346991425464056
1.0363682165737542
1.0363682165737542
1.0363682165737542
1.0363682165737542
1.0363682165737542
1.0374775467485515
1.0372889541449593
1.0372889541449593
1.0372889541449593
1.0372889541449593
1.036610339452131
1.036088827872954
1.036088827872954
1.0361643508675096
1.0359922814307803
1.0359922814307803
1.0361246512635929
1.0381845868527493
1.0381845868527493
1.0369195512990097
1.0364805454832084
1.036363605982894
1.0366898827904854
1.0370958938038257
1.0370958938038257
1.0351358178520997
1.034901712921918
1.034901712921918
1.034901712921918
1.034901712921918
1.034535271389191
1.033440891529267
1.0353301505913826
1.0353301505913826
1.0353301505913826
1.0353301505913826
1.0353301505913826
1.0353301505913826
1.0350722493197477
1.0350722493197477
1.0350722493197477
1.0350722493197477
1.0350722493197477
1.0350722493197477
1.0350722493197477
1.0350722493197477
1.0350722493197477
1.0351038649034918
1.0351038649034918
1.0351038649034918
1.0351038649034918
1.0351038649034918
1.0351038649034918
1.0351038649034918
1.033681968595471
1.033681968595471
1.0343099727285021
1.0343099727285021
1.0331476518257252
1.033066015313849
1.033066015313849
1.033066015313849
1.033066015313849
1.034601294169476
1.034601294169476
1.0354368779205163
1.0354368779205163
1.0349860902202175
1.0349860902202175
1.0349860902202175
1.0342706106497677
1.0342706106497677
1.03351966901234
1.03351966901234
1.03351966901234
1.03351966901234
1.034649622648095
1.034649622648095
1.034649622648095
1.0335322591818883
1.0335322591818883
1.0335322591818883
1.0323024849467664
1.0323024849467664
1.0323024849467664
1.0332493024869143
1.0332493024869143
1.0332493024869143
1.0333000910909789
1.0333000910909789
1.0333000910909789
1.0333000910909789
1.0333000910909789
1.0333000910909789
1.0332471747813874
1.0332471747813874
1.0332471747813874
1.0332471747813874
1.0332471747813874
1.0339693139325445
1.0341451464278566
1.0342086141760927
1.0342086141760927
1.034362761738066
1.034362761738066
1.034362761738066
1.034362761738066
1.034362761738066
1.033073145315987
1.033073145315987
1.0330371855529323
1.0330371855529323
1.0350529229033387
1.0344146554022844
1.0344146554022844
1.0350983302092116
1.0342992957565498
1.0342992957565498
1.0342992957565498
1.0342992957565498
1.036656469428131
1.0365335889018903
1.0365335889018903
1.0348166409877593
1.0348166409877593
1.0348166409877593
1.0348166409877593
1.0348166409877593
1.0348166409877593
1.0347160446959238
1.0347160446959238
1.0347160446959238
1.0336651269615649
1.0336651269615649
1.0336651269615649
1.0338187608917786
1.0339028614883876
1.0339028614883876
1.0339028614883876
1.0339028614883876
1.0339028614883876
1.0339028614883876
1.0339028614883876
1.0339028614883876
1.0339028614883876
1.0339028614883876
1.0339028614883876
1.0339028614883876
1.0339028614883876
1.0336300211338427
1.0336300211338427
1.0336300211338427
1.034991088966426
1.034991088966426
1.035092016643201
1.035092016643201
1.0331025388209687
1.0331025388209687
1.0331025388209687
1.0331025388209687
1.0331025388209687
1.0331025388209687
1.0331025388209687
1.033001309204439
1.033001309204439
1.033001309204439
1.033001309204439
1.033001309204439
1.033001309204439
1.033001309204439
1.0319109222759228
1.0319109222759228
1.0333684373927947
1.0333684373927947
1.0328040333691573
1.0328040333691573
1.0328040333691573
1.0328040333691573
1.0326183822718962
1.0331007424442364
1.0315020009375782
1.0315020009375782
1.0311831457108285
1.033567901271931
1.0321246886137991
1.0321246886137991
1.0325782918104276
1.0320487377411298
1.0320487377411298
1.0320487377411298
1.0325642087555917
1.0334535698737688
1.0334535698737688
1.0334535698737688
1.0334535698737688
1.0334535698737688
1.0334535698737688
1.032236606712465
1.032236606712465
1.0311395915361288
1.0319845705986284
1.0319845705986284
1.0319845705986284
1.0319845705986284
1.0319300615458005
1.0319300615458005
1.0319300615458005
1.0319300615458005
1.0319300615458005
1.0319300615458005
1.0319300615458005
1.0319300615458005
1.0319300615458005
1.0319300615458005
1.0319300615458005
1.0319300615458005
1.0334882111664228
1.0334882111664228
1.0334882111664228
1.0338555349017435
1.0320797740147214
1.0320797740147214
1.0320797740147214
1.0320797740147214
1.0314948471822927
1.0314948471822927
1.0314948471822927
1.0314948471822927
1.0334086352334237
1.0334086352334237
1.0334086352334237
1.0342191054574188
1.0330548445526642
1.0330548445526642
1.032451970644368
1.032451970644368
1.032451970644368
1.032451970644368
1.0325390903046556
1.0325390903046556
1.0325390903046556
1.0325390903046556
1.0325390903046556
1.0325390903046556
1.0325390903046556
1.0325390903046556
1.0328050001215707
1.0328050001215707
1.0328050001215707
1.0328050001215707
1.032860618988439
1.032860618988439
1.032860618988439
1.032860618988439
1.032860618988439
1.032860618988439
1.0334325039208634
1.033377732898523
1.033377732898523
1.0330541546860248
1.0330541546860248
1.0330541546860248
1.0312952555856407
1.0315889695765899
1.0315889695765899
1.0315889695765899
1.0315889695765899
1.0315889695765899
1.0315889695765899
1.0315889695765899
1.031531888394125
1.031531888394125
1.031531888394125
1.0315646520777781
1.0315646520777781
1.0315646520777781
1.0315646520777781
1.0324569855126797
1.032164633968315
1.032164633968315
1.0327151351836268
1.0318719668868361
1.0314193938188787
1.0314193938188787
1.0314193938188787
1.0320419023644556
1.0310409551085864
1.0310409551085864
1.0315073067198117
1.0300930305861544
1.0313107979089657
1.0313107979089657
1.0313107979089657
1.0319230967499717
1.031989530073327
1.031989530073327
1.0325304023091064
1.0324937066293909
1.031572690030545
1.0310964197366135
1.0314932167196962
1.0314932167196962
1.0324633377766048
1.034958444332478
1.0338774364219665
1.0338774364219665
1.0338774364219665
1.0338774364219665
1.0338774364219665
1.0338774364219665
1.0338774364219665
1.0338774364219665
1.0353307493833241
1.0348850120172997
1.0348850120172997
1.0342255198979409
1.0342255198979409
1.0318222561916397
1.0318624689464144
1.0327852748393282
1.0327852748393282
1.0339754168652362
1.0340839462638993
1.0337045119493151
1.0337045119493151
1.0337045119493151
1.0337045119493151
1.0337045119493151
1.0343544848792081
1.0343544848792081
1.0340173291469246
1.0340173291469246
1.0340173291469246
1.0325769280450985
1.0325769280450985
1.0326281484579105
1.0326281484579105
1.0326281484579105
1.0326281484579105
1.033351370056306
1.033351370056306
1.032890730983143
1.03375347878229
1.0344560072245677
1.0344560072245677
1.0339880772310046
1.0339880772310046
1.0339880772310046
1.034408179566409
1.034408179566409
1.034408179566409
1.0352558801186909
1.0348860960258957
1.0348860960258957
1.0348860960258957
1.0349416001130904
1.0330851611626315
1.0330851611626315
1.0330851611626315
1.0330851611626315
1.0336742492895243
1.0336742492895243
1.0336742492895243
1.0336742492895243
1.0336742492895243
1.0336742492895243
1.0336742492895243
1.0336742492895243
1.0336742492895243
1.0336742492895243
1.0336742492895243
1.0336742492895243
1.0330656296564307
1.0330656296564307
1.0330656296564307
1.034181904590845
1.034181904590845
1.034181904590845
1.034181904590845
1.034181904590845
1.034181904590845
1.0346000667234454
1.0357465870853573
1.0357465870853573
1.0357289785392438
1.0357289785392438
1.0358394656428989
1.0358394656428989
1.0358394656428989
1.0358394656428989
1.0361363673035293
1.0343656365430993
1.0343656365430993
1.0343656365430993
1.0343656365430993
1.0343656365430993
1.0349775292664787
1.0349775292664787
1.0349775292664787
1.0361744009879583
1.0361744009879583
1.0361744009879583
1.034621204123603
1.0334114611673058
1.033554508747458
1.0338113758836254
1.0338113758836254
1.035731988103078
1.033580589117654
1.033186191608115
1.033186191608115
1.033186191608115
1.0345474735164832
1.0345474735164832
1.0345474735164832
1.0336612724838894
1.035930017320313
1.0357788976320264
1.0357788976320264
1.0357788976320264
1.0357788976320264
1.0357788976320264
1.0357788976320264
1.0357788976320264
1.0356675012207581
1.0356675012207581
1.0356675012207581
1.0356675012207581
1.0353803038454366
1.0353803038454366
1.0333671428633429
1.0333671428633429
1.0323205113062057
1.0323205113062057
1.0323205113062057
1.0323205113062057
1.0323205113062057
1.0323205113062057
1.0323205113062057
1.0323205113062057
1.0326702238758398
1.0338171327663308
1.0338171327663308
1.0337217780931072
1.0337217780931072
1.0337217780931072
1.0336521313872462
1.0316038465940556
1.0316038465940556
1.031349464425991
1.031349464425991
1.030892664043366
1.0303880927849824
1.0310697446858423
1.031247179911663
1.031247179911663
1.031247179911663
1.031247179911663
1.0312910148679237
1.0312910148679237
1.0300221586928506
1.0312018136319816
1.0312018136319816
1.0330568909982367
1.0330568909982367
1.033133829917474
1.033133829917474
1.0328385169428085
1.0328385169428085
1.0328114919192097
1.033029632824075
1.033029632824075
1.033029632824075
1.033029632824075
1.033029632824075
1.032517274144283
1.032517274144283
1.032517274144283
1.0320223720688795
1.0320223720688795
1.0320223720688795
1.0320223720688795
1.0320223720688795
1.0320223720688795
1.032329197065798
1.032329197065798
1.032329197065798
1.032329197065798
1.032329197065798
1.032329197065798
1.032329197065798
1.032329197065798
1.031075003561799
1.031075003561799
1.0324996921320662
1.0324996921320662
1.0324996921320662
1.0324996921320662
1.0323878705660186
1.0323878705660186
1.0320001054109642
1.0319967024559606
1.0315647998824855
1.0315647998824855
1.0315647998824855
1.0316002540850182
1.0316002540850182
1.0316002540850182
1.0316002540850182
1.0316002540850182
1.0316002540850182
1.0316002540850182
1.0322263186961342
1.0322263186961342
1.0322263186961342
1.0322263186961342
1.0322263186961342
1.0322263186961342
1.0322263186961342
1.0322263186961342
1.0343390083745996
1.0326992908681827
1.0326992908681827
1.0326992908681827
1.0334418658189046
1.0334418658189046
1.0352936905084509
1.033664990528908
1.033664990528908
1.0347789263144935
1.0347789263144935
1.0347789263144935
1.0347789263144935
1.0334516840302694
1.0334516840302694
1.0328709280195982
1.0333330049499798
1.0333330049499798
1.0333330049499798
1.0337128297001144
1.0339712018408906
1.0339712018408906
1.0339712018408906
1.0339712018408906
1.0339712018408906
1.0339712018408906
1.0339712018408906
1.0345559801458408
1.0330177932460032
1.0330177932460032
1.032535068986532
1.032535068986532
1.03301958447094
1.03301958447094
1.03301958447094
1.03301958447094
1.03301958447094
1.03301958447094
1.03301958447094
1.03301958447094
1.0342415447269584
1.0342415447269584
1.0342415447269584
1.0342415447269584
1.0342415447269584
1.0342415447269584
1.0342415447269584
1.0339227688783592
1.034620935316489
1.035097527405186
1.0343029346268477
1.033925659579696
1.0335442024548471
1.0335442024548471
1.0335442024548471
1.0335442024548471
1.0335442024548471
1.0335442024548471
1.0335442024548471
1.0329910173396304
1.0329910173396304
1.0329910173396304
1.0334579014886038
1.0334579014886038
1.0334579014886038
1.0334579014886038
1.0341815256517983
1.0348945367160653
1.0348945367160653
1.0348945367160653
1.0336194183009046
1.0336194183009046
1.0336194183009046
1.0338118833406524
1.0338118833406524
1.0338118833406524
1.0338118833406524
1.0342912749665654
1.0342912749665654
1.033181490308402
1.033497966571592
1.033497966571592
1.0336135634390868
1.0336135634390868
1.0336135634390868
1.0336135634390868
1.0354931547918957
1.03448219770465
1.03448219770465
1.0337888141817906
1.0337888141817906
1.0337888141817906
1.0315782351072542
1.0328242833863093
1.0336591877578258
1.0336629915570472
1.0336629915570472
1.033791284044518
1.033791284044518
1.033791284044518
1.0323745022844377
1.0323745022844377
1.0323745022844377
1.0323745022844377
1.0323745022844377
1.0323745022844377
1.0314566258503788
1.031514511029109
1.031514511029109
1.031514511029109
1.0319769143686128
1.0323305582033375
1.032997852333881
1.032997852333881
1.032997852333881
1.032997852333881
1.032997852333881
1.032997852333881
1.0332145536564759
1.0332145536564759
1.0332145536564759
1.0332145536564759
1.0332145536564759
1.0332145536564759
1.0332745739847262
1.0339041603210009
1.0330838245059433
1.0330838245059433
1.0330838245059433
1.0327559403552387
1.0327559403552387
1.03301291176279
1.0322427201963267
1.0322427201963267
1.0322427201963267
1.0322427201963267
1.0330758666915711
1.0330769096617802
1.0330769096617802
1.0330769096617802
1.0326123378987742
1.0323158010940594
1.0323158010940594
1.0323158010940594
1.0323158010940594
1.0318552472150582
1.0322841917939303
1.033173407178789
1.0332934153823552
1.0332934153823552
1.033127716297018
1.033127716297018
1.033127716297018
1.033127716297018
1.0325050381549457
1.0317694920874412
1.0321973650569034
1.0321973650569034
1.0321973650569034
1.0321973650569034
1.0321973650569034
1.0332323896053874
1.0332323896053874
1.0317688347279952
1.0316323672351584
1.0316323672351584
1.0316323672351584
1.0327924360569727
1.0327924360569727
1.0327924360569727
1.0331216238999112
1.0337908437090206
1.0337908437090206
1.0337908437090206
1.0345178940410953
1.0345178940410953
1.0345178940410953
1.0345178940410953
1.0337936040915128
1.0327838720351528
1.0327838720351528
1.0327838720351528
1.0327838720351528
1.0336686637277055
1.0357014950224357
1.0357014950224357
1.035049503199801
1.035049503199801
1.035049503199801
1.0331513664007426
1.0331513664007426
1.0331513664007426
1.0317766793072811
1.0324906828647267
1.0324906828647267
1.0324906828647267
1.0324906828647267
1.0324906828647267
1.0324906828647267
1.0324906828647267
1.032167291915424
1.032113591649653
1.032113591649653
1.032113591649653
1.0322010924305358
1.0322010924305358
1.0322010924305358
1.0322010924305358
1.0322010924305358
1.0321170081896565
1.0321170081896565
1.0321170081896565
1.0334627267202987
1.033404618733676
1.03270858133398
1.03270858133398
1.03270858133398
1.0314850927285273
1.0328583919252317
1.0328583919252317
1.0330249566368084
1.0330249566368084
1.033804999657758
1.033804999657758
1.033804999657758
1.033804999657758
1.033804999657758
1.033804999657758
1.033804999657758
1.0342281671297846
1.0342281671297846
1.0333595853389128
1.0333595853389128
1.0333595853389128
1.0333595853389128
1.0333595853389128
1.034013399793105
1.034013399793105
1.0339869626047526
1.0339869626047526
1.0334062715784489
1.0321065026317153
1.0318457301753106
1.0318457301753106
1.0318457301753106
1.0323778570021434
1.0309196599406187
1.0309196599406187
1.0309196599406187
1.0325339895264773
1.0325339895264773
1.0325339895264773
1.0325339895264773
1.0325339895264773
1.0325339895264773
1.0325339895264773
1.0325339895264773
1.0325339895264773
1.0323704850055664
1.0323704850055664
1.0323704850055664
1.0323223294555157
1.0323223294555157
1.0323223294555157
1.0323223294555157
1.0323223294555157
1.031316184067815
1.0323996154615083
1.0323996154615083
1.0323996154615083
1.0323996154615083
1.0323996154615083
1.0323996154615083
1.0339350562225083
1.0339350562225083
1.0339350562225083
1.0339350562225083
1.0334145930672802
1.0334145930672802
1.0334145930672802
1.0334145930672802
1.0334145930672802
1.033500797322076
1.033500797322076
1.033500797322076
1.0327191054406901
1.0309208617481667
1.0309208617481667
1.0309208617481667
1.0309208617481667
1.0309208617481667
1.0309208617481667
1.0317751081313729
1.0317751081313729
1.0317751081313729
1.0317751081313729
1.0333681033907218
1.0333681033907218
1.0333681033907218
1.0333681033907218
1.0335220480819987
1.0331049175634006
1.0331049175634006
1.0331049175634006
1.0331049175634006
1.0331049175634006
1.0325404031074192
1.03421000653431
1.03421000653431
1.03421000653431
1.03421000653431
1.03421000653431
1.03421000653431
1.03421000653431
1.033201809745284
1.033201809745284
1.0317726758141281
1.032738507972076
1.034410109846967
1.032916045241278
1.032916045241278
1.032916045241278
1.033282297275436
1.0331014309853819
1.0332034454428012
1.0332034454428012
1.0327680898198044
1.0335841239686894
1.0335841239686894
1.0335841239686894
1.0335841239686894
1.0335841239686894
1.034036576186457
1.034036576186457
1.034036576186457
1.034036576186457
1.034036576186457
1.0342044364916894
1.0342044364916894
1.0333384577166238
1.0333384577166238
1.0333384577166238
1.0333384577166238
1.032238464433167
1.032238464433167
1.032238464433167
1.0331451557252496
1.0331451557252496
1.0331451557252496
1.0331451557252496
1.0331451557252496
1.0332967270756968
1.0337152118129722
1.0337152118129722
1.0337152118129722
1.0337159903469797
1.0337159903469797
1.0337159903469797
1.0337159903469797
1.0329082853856222
1.0329082853856222
1.0329082853856222
1.0329082853856222
1.0352215492779815
1.0352215492779815
1.0352215492779815
1.0352215492779815
1.0352215492779815
1.0352215492779815
1.0352215492779815
1.0337382387717005
1.0337382387717005
1.0333192025288853
1.0333192025288853
1.0334582584071026
1.034230798964453
1.034230798964453
1.0353648970431335
1.0353648970431335
1.0353648970431335
1.0353648970431335
1.0338372889595082
1.0338372889595082
1.0338372889595082
1.0338372889595082
1.0338372889595082
1.0338372889595082
1.0338372889595082
1.0338372889595082
1.0329903035565609
1.0329903035565609
1.0329903035565609
1.0333837530770604
1.0333837530770604
1.0327038094042675
1.0327038094042675
1.0344661050414417
1.0349844290471686
1.0349844290471686
1.0349844290471686
1.034366571301451
1.034366571301451
1.034366571301451
1.034366571301451
1.034366571301451
1.0340335386321742
1.0340335386321742
1.0340335386321742
1.0333429645966408
1.0334570300143289
1.0332163534123513
1.0332163534123513
1.0330385576358418
1.0330385576358418
1.0330385576358418
1.0321777728647727
1.0321777728647727
1.0320068056719771
1.0320068056719771
1.0320068056719771
1.0328865030881753
1.0328865030881753
1.0329879027231263
1.0329879027231263
1.0329879027231263
1.0324471230950125
1.0338384988588931
1.0338384988588931
1.032930784667731
1.032831835241084
1.0337895800730499
1.0343385041751463
1.0340587880466379
1.0340587880466379
1.0334971448804242
1.0334971448804242
1.0335571816437217
1.0335571816437217
1.0335571816437217
1.0335571816437217
1.0342357641629392
1.0342357641629392
1.0342357641629392
1.0334160753744144
1.0334160753744144
1.0314029103038553
1.0314459461801266
1.0335040896027885
1.0335040896027885
1.0335040896027885
1.0335040896027885
1.0335040896027885
1.0332432339993882
1.0332432339993882
1.0332432339993882
1.0332432339993882
1.032414627115465
1.032414627115465
1.032414627115465
1.032414627115465
1.032414627115465
1.0340045091279606
1.0340045091279606
1.0328243420747425
1.0328243420747425
1.0321116994251733
1.0321116994251733
1.0307946862623933
1.0307946862623933
1.0307946862623933
1.0307946862623933
1.0307946862623933
1.0307946862623933
1.0307946862623933
1.0309254772600371
1.031732017357186
1.0326702043919345
1.0326702043919345
1.032254384776256
1.032254384776256
1.0320054672800525
1.0320054672800525
1.0311165342503164
1.0311165342503164
1.032042291178557
1.0328887095937946
1.0328887095937946
1.0343298425056702
1.0343298425056702
1.0343298425056702
1.0343298425056702
1.0343298425056702
1.0343298425056702
1.03522122779232
1.0341316782659793
1.0341316782659793
1.0341316782659793
1.0341316782659793
1.0341316782659793
1.0339105094545047
1.0339105094545047
1.0339105094545047
1.0339105094545047
1.0339105094545047
1.033920805010355
1.0344234689950362
1.034194205421002
1.0339202672335948
1.0339202672335948
1.0327508998877912
1.0327593401247033
1.0327593401247033
1.032614989526969
1.032614989526969
1.0329515226740116
1.0329515226740116
1.0329515226740116
1.0329515226740116
1.0333181756527954
1.0334266658495161
1.0334266658495161
1.0334266658495161
1.0334266658495161
1.0327104756944698
1.0327104756944698
1.0321459936786355
1.0313738547868034
1.0313738547868034
1.0313738547868034
1.0313738547868034
1.031724945982623
1.031724945982623
1.031724945982623
1.0316200270584004
1.031931162066589
1.031931162066589
1.031931162066589
1.031931162066589
1.031931162066589
1.0324828321748611
1.0324828321748611
1.0324828321748611
1.0324828321748611
1.0339434724620076
1.0332001736579033
1.0332001736579033
1.0338869003735476
1.0337285532908183
1.0337285532908183
1.0337285532908183
1.0337285532908183
1.0321854073037857
1.0321854073037857
1.032538060710149
1.032538060710149
1.032893904150936
1.032893904150936
1.0332994371646107
1.0331401663007063
1.0331401663007063
1.0331401663007063
1.0332047110377998
1.0332047110377998
1.0332047110377998
1.0332047110377998
1.0332047110377998
1.0332047110377998
1.0332047110377998
1.0338342616401859
1.0356985407223038
1.0349475273504156
1.0349475273504156
1.0349475273504156
1.0349475273504156
1.0349475273504156
1.0349475273504156
1.0349475273504156
1.0349475273504156
1.0354259072082337
1.0354259072082337
1.0344098069707919
1.0344098069707919
1.0350274907565156
1.035079344572392
1.034467683459559
1.034467683459559
1.034467683459559
1.034467683459559
1.034467683459559
1.034467683459559
1.034467683459559
1.0344715719536755
1.0339883857824839
1.0339883857824839
1.0327385047105233
1.0325427636041287
1.0325427636041287
1.0325427636041287
1.0325427636041287
1.0325427636041287
1.0325427636041287
1.0316615228372605
1.0316615228372605
1.0316615228372605
1.0322828462938285
1.0328554253126272
1.0328554253126272
1.0328554253126272
1.031865181545648
1.031865181545648
1.031865181545648
1.031865181545648
1.031865181545648
1.031865181545648
1.0315525214857137
1.0315525214857137
1.0315865263600628
1.0315865263600628
1.031723588572533
1.031723588572533
1.031723588572533
1.031231128038856
1.031231128038856
1.031231128038856
1.031231128038856
1.031231128038856
1.031231128038856
1.0302315487573506
1.0302315487573506
1.0302315487573506
1.0304884323978447
1.0315777914654507
1.0302454180789733
1.0302454180789733
1.0302454180789733
1.0302454180789733
1.0307920407774886
1.0307920407774886
1.0307920407774886
1.0307920407774886
1.0307920407774886
1.0306791013228351
1.0303765961384572
1.0303765961384572
1.0303765961384572
1.0303765961384572
1.0302965592198383
1.0302965592198383
1.0309013099976025
1.0316267614604306
1.0324658770211073
1.0324658770211073
1.0324658770211073
1.0308312795647936
1.0308312795647936
1.0308312795647936
1.0308312795647936
1.0308312795647936
1.0308312795647936
1.0308312795647936
1.0308312795647936
1.030434528070439
1.030434528070439
1.030434528070439
1.030434528070439
1.030434528070439
1.030434528070439
1.0303784859314478
1.0303784859314478
1.0303784859314478
1.0324303457608988
1.0324303457608988
1.0324303457608988
1.032874197253705
1.0303873132973753
1.0303873132973753
1.0303873132973753
1.0318907380888742
1.0318907380888742
1.0318907380888742
1.0311239200806335
1.0311239200806335
1.0311239200806335
1.0317198440996753
1.0317198440996753
1.0317198440996753
1.0317198440996753
1.0317198440996753
1.0317198440996753
1.0317198440996753
1.0317198440996753
1.0320647508671619
1.0320647508671619
1.0320647508671619
1.0320647508671619
1.0320647508671619
1.031528922116339
1.031528922116339
1.0307878085623714
1.0307878085623714
1.0307878085623714
1.0307878085623714
1.0307878085623714
1.0310080400962465
1.0310080400962465
1.0310080400962465
1.0312403080851127
1.0293755361408277
1.0292250751980396
1.0294847330473798
1.0294847330473798
1.0294847330473798
1.0294847330473798
1.0304730979780192
1.0304148538324316
1.0300681940209118
1.0300681940209118
1.0300681940209118
1.0300681940209118
1.031089085112968
1.0303471822907875
1.0303471822907875
1.0303471822907875
1.0303471822907875
1.0303471822907875
1.0303471822907875
1.0305937162650691
1.0311647317297787
1.0311647317297787
1.0311647317297787
1.0311647317297787
1.0311647317297787
1.0311647317297787
1.0293969980731397
1.0293969980731397
1.0293969980731397
1.0293969980731397
1.0293969980731397
1.02955794012364
1.029514075228077
1.029514075228077
1.0299695317029907
1.0302881944173512
1.0301740492975922
1.0301740492975922
1.0321082869726752
1.0321082869726752
1.0321082869726752
1.031300407531495
1.031300407531495
1.031300407531495
1.031300407531495
1.031300407531495
1.0339427943158406
1.0339427943158406
1.0330791918483933
1.0330791918483933
1.0318533444470195
1.0318533444470195
1.031697125447547
1.031697125447547
1.031697125447547
1.031697125447547
1.031697125447547
1.031697125447547
1.031697125447547
1.0327223156533285
1.0318494863315173
1.0318494863315173
1.0325368673360058
1.033011553565723
1.0328941987765332
1.0328941987765332
1.0328941987765332
1.0328941987765332
1.0328941987765332
1.0328941987765332
1.0328941987765332
1.0328941987765332
1.0319329327658935
1.031874992246087
1.031874992246087
1.031990388450856
1.031990388450856
1.0316175712718862
1.0316175712718862
1.0306947953631282
1.0306947953631282
1.0311550855740261
1.0321411118870902
1.0321411118870902
1.0321393113574198
1.0316036160415094
1.0316036160415094
1.031397459773963
1.031241656378615
1.031241656378615
1.031241656378615
1.0313663193539624
1.0313663193539624
1.030257235501009
1.030257235501009
1.0300420969890884
1.0318201739706572
1.0318201739706572
1.0326093886090948
1.0326528913561346
1.032917782684262
1.032917782684262
1.031820393418901
1.031820393418901
1.031820393418901
1.031820393418901
1.031820393418901
1.0329904289408791
1.0318529088456228
1.0318529088456228
1.031829911219108
1.031829911219108
1.0314608387207682
1.0314248949382376
1.030540712659468
1.030511523595693
1.030511523595693
1.030511523595693
1.030511523595693
1.030511523595693
1.030511523595693
1.0305239407970659
1.0305239407970659
1.0305239407970659
1.0312120412532415
1.0312120412532415
1.0312120412532415
1.0312120412532415
1.0316272988319568
1.0316272988319568
1.0316272988319568
1.0316495801741894
1.0305101842843143
1.0305101842843143
1.0305101842843143
1.0306756720912646
1.030410817134011
1.030410817134011
1.030410817134011
1.030410817134011
1.030410817134011
1.0316705844582286
1.0313128744126863
1.0309124526232307
1.0309124526232307
1.0319987112535218
1.0319987112535218
1.0319987112535218
1.0328893152299743
1.033264450365047
1.0320886980950008
1.0319490571084295
1.0319490571084295
1.03392895108827
1.0347925742124455
1.0335517285805091
1.0335517285805091
1.0335517285805091
1.0335517285805091
1.0335517285805091
1.0349738165888394
1.0343877591879014
1.0343877591879014
1.0343877591879014
1.0343877591879014
1.0344849309066622
1.0339756231480723
1.0339756231480723
1.0324276929676424
1.0324276929676424
1.0328360716256793
1.0325868054311917
1.0325868054311917
1.0325868054311917
1.0325868054311917
1.0341010215192443
1.0341010215192443
1.033467909360735
1.033467909360735
1.0339972934788781
1.0351036356684367
1.0351036356684367
1.0349812279612336
1.0349574369480348
1.0349574369480348
1.0358014714289234
1.0358014714289234
1.0362453658043935
1.0362453658043935
1.0362453658043935
1.0331905986997116
1.0331905986997116
1.0331905986997116
1.0329714159818764
1.0329714159818764
1.0326554201694487
1.0318222226469447
1.0318222226469447
1.0318222226469447
1.0318222226469447
1.0318222226469447
1.031237329133939
1.0325807444237107
1.03318686277981
1.03318686277981
1.03318686277981
1.03318686277981
1.03318686277981
1.0324545883483371
1.0324545883483371
1.0324545883483371
1.0334009660850845
1.0329993026760278
1.0341591679989897
1.0347541338083446
1.0347541338083446
1.0347541338083446
1.0345970592553693
1.0345970592553693
1.0345970592553693
1.0348634276566493
1.0348634276566493
1.0348634276566493
1.0348634276566493
1.035189141353258
1.0358236904087206
1.0358236904087206
1.0358236904087206
1.0349455643808003
1.0359725951267929
1.0359725951267929
1.0359725951267929
1.0361063072830832
1.0361063072830832
1.0368490033581201
1.03664474144054
1.0361687879796428
1.0361687879796428
1.035223020813245
1.035223020813245
1.0353835409792127
1.034949076641127
1.034949076641127
1.034949076641127
1.0358005658512464
1.0358005658512464
1.0351538043746755
1.0352786023175218
1.0365647597974268
1.0367362460175118
1.0367362460175118
1.0367362460175118
1.0367362460175118
1.0359485286824477
1.0359485286824477
1.0359485286824477
1.0359485286824477
1.0359485286824477
1.0359485286824477
1.0359485286824477
1.0368635903168615
1.0366821462544773
1.0370383693003722
1.0370383693003722
1.0370383693003722
1.0370383693003722
1.0373102638769203
1.0373102638769203
1.0361878599883008
1.0361878599883008
1.0361878599883008
1.0366007019776213
1.0366007019776213
1.0353047628407592
1.0353047628407592
1.0353047628407592
1.0353047628407592
1.0359312428749405
1.036835548232409
1.0362010509017174
1.0362010509017174
1.036778531812521
1.0362747980770737
1.0362747980770737
1.0362747980770737
1.0362747980770737
1.0362747980770737
1.0362747980770737
1.0362747980770737
1.0362747980770737
1.0362747980770737
1.0362747980770737
1.0362747980770737
1.0368553505033324
1.0368553505033324
1.0368553505033324
1.0368553505033324
1.0359774946255635
1.0359774946255635
1.0359774946255635
1.0359774946255635
1.0359774946255635
1.0352377505952401
1.0352377505952401
1.0352377505952401
1.0332047277566392
1.0332047277566392
1.0332047277566392
1.0332047277566392
1.03364615113092
1.03364615113092
1.03364615113092
1.03364615113092
1.0337105128449486
1.0337105128449486
1.0337105128449486
1.0337105128449486
1.0328640082530915
1.0328640082530915
1.0325890741065087
1.0325890741065087
1.0336264146708236
1.0336264146708236
1.0336264146708236
1.0336264146708236
1.0336965327174392
1.0351622687722966
1.033309517376774
1.0332470552875939
1.0332470552875939
1.0332470552875939
1.0332470552875939
1.0332470552875939
1.0327572841118056
1.0327572841118056
1.0327572841118056
1.0326174529024212
1.0321550147246799
1.0328475776745092
1.0328475776745092
1.0328475776745092
1.0328475776745092
1.0328475776745092
1.0328475776745092
1.0328475776745092
1.0328475776745092
1.0328475776745092
1.0334667188615774
1.0334667188615774
1.0334667188615774
1.0334667188615774
1.0334667188615774
1.0334667188615774
1.0328502811915274
1.0328502811915274
1.0317738078950673
1.0327173682041295
1.0324351512433418
1.032686601820337
1.0321977756395222
1.0321977756395222
1.0321977756395222
1.0321977756395222
1.0321977756395222
1.0321977756395222
1.0321977756395222
1.0321977756395222
1.0321977756395222
1.0321977756395222
1.0312083525500777
1.0312083525500777
1.0312083525500777
1.0312083525500777
1.032042335912748
1.032042335912748
1.0325164062538001
1.032328070806895
1.032328070806895
1.032328070806895
1.032328070806895
1.032328070806895
1.0322244828677931
1.0322244828677931
1.032472096266886
1.032472096266886
1.032472096266886
1.0324895431562806
1.032407842478108
1.0308646451471324
1.0315901283087139
1.0315901283087139
1.0311402513112855
1.0311402513112855
1.0304632429933234
1.0307144457346518
1.0311378622871368
1.0306400009450494
1.0304752170210885
1.0304752170210885
1.0304752170210885
1.0304752170210885
1.0304752170210885
1.0312515865671896
1.0312515865671896
1.0312515865671896
1.0302007078989701
1.0302049309679748
1.0302049309679748
1.0302049309679748
1.0302049309679748
1.0302049309679748
1.0302049309679748
1.030239656518939
1.030239656518939
1.030239656518939
1.030239656518939
1.030239656518939
1.030239656518939
1.030239656518939
1.0308433103845882
1.0311512867612256
1.0311512867612256
1.0311512867612256
1.0311512867612256
1.0311512867612256
1.032903870527665
1.0332431118876488
1.033374272499215
1.0331839472445026
1.0334573922445605
1.0334573922445605
1.0344349288410692
1.033342842545924
1.033342842545924
1.0333280949808326
1.0333280949808326
1.0334220344190304
1.03403667011976
1.03403667011976
1.03403667011976
1.03403667011976
1.033526512629336
1.0331654768170335
1.0321539887713862
1.0321539887713862
1.0321539887713862
1.0318476781008585
1.0318476781008585
1.030663899102069
1.030663899102069
1.030663899102069
1.030663899102069
1.0316466431563245
1.0316466431563245
1.0314844323374843
1.0314844323374843
1.0314844323374843
1.0314844323374843
1.0314844323374843
1.0321082265800594
1.0308526813012793
1.0308526813012793
1.0308526813012793
1.0316315552195274
1.0316315552195274
1.0311299267030063
1.0311299267030063
1.0311299267030063
1.0315031568005522
1.0315031568005522
1.0315031568005522
1.0315448389261586
1.0315448389261586
1.0315448389261586
1.0324482659755105
1.0324482659755105
1.0324482659755105
1.032565477448384
1.032565477448384
1.0318878865274081
1.0318878865274081
1.0318878865274081
1.032714422721236
1.03241490937687
1.03241490937687
1.03241490937687
1.0318664750079827
1.031283973322999
1.031288622428102
1.031288622428102
1.031288622428102
1.031288622428102
1.031288622428102
1.031288622428102
1.032040432838416
1.032040432838416
1.032040432838416
1.032040432838416
1.0316355847622376
1.0318364831045135
1.0318364831045135
1.0318364831045135
1.0318364831045135
1.0305867715057815
1.0305867715057815
1.0305867715057815
1.0305867715057815
1.0305867715057815
1.0299436910968272
1.0299436910968272
1.0301715948295445
1.0301715948295445
1.03231543261143
1.0326590843905963
1.03149786460169
1.03149786460169
1.03149786460169
1.0306294807224166
1.0304036518935973
1.0304036518935973
1.0302116791967195
1.0302116791967195
1.0315528482022176
1.0315528482022176
1.0321233773316423
1.0321233773316423
1.0321233773316423
1.0306726597420954
1.0306726597420954
1.0296862278970256
1.0296862278970256
1.0296862278970256
1.029227597960341
1.029227597960341
1.0287522046638042
1.0287522046638042
1.0287522046638042
1.0287522046638042
1.0287522046638042
1.0284374168381776
1.0284374168381776
1.030422620305455
1.030422620305455
1.030422620305455
1.0304803317967834
1.0304803317967834
1.0301723649224612
1.0301723649224612
1.0309452643885662
1.0309452643885662
1.0309452643885662
1.0309452643885662
1.0314964689696942
1.0314964689696942
1.0314964689696942
1.0298138366035787
1.0298138366035787
1.028831280893705
1.028831280893705
1.028831280893705
1.0281452179792878
1.0281452179792878
1.0281452179792878
1.0281452179792878
1.0287201227365246
1.0287201227365246
1.0287201227365246
1.0287201227365246
1.0288529192995355
1.0284409843651052
1.029023220711245
1.0283615956233634
1.0283615956233634
1.0283615956233634
1.0283615956233634
1.0283615956233634
1.0283615956233634
1.0295298416124916
1.0294141588176327
1.0291119576718035
1.0291119576718035
1.0283096752584382
1.02819563885194
1.02819563885194
1.0271806702155115
1.028545743448891
1.028545743448891
1.028545743448891
1.028545743448891
1.028545743448891
1.028545743448891
1.028545743448891
1.028545743448891
1.0295570004899026
1.0290871936395942
1.0290871936395942
1.0290871936395942
1.0290871936395942
1.0290871936395942
1.0280573425697372
1.029510566811124
1.029843587976211
1.0297836993905718
1.0297836993905718
1.0296919490506744
1.0296919490506744
1.030219595439707
1.0287273263429342
1.0287273263429342
1.0303921061979806
1.0303921061979806
1.0303514272912995
1.0303514272912995
1.030970976789601
1.0305091631880325
1.0305091631880325
1.0305091631880325
1.0305091631880325
1.0305091631880325
1.0305091631880325
1.0297853009249986
1.0297853009249986
1.0297853009249986
1.0297853009249986
1.0297853009249986
1.0314434763901847
1.032048718909602
1.032048718909602
1.0320846836499935
1.0320846836499935
1.0320846836499935
1.033269348815723
1.0334468336589415
1.0329115042189236
1.0329115042189236
1.031730136264089
1.031730136264089
1.031730136264089
1.031730136264089
1.0307480470126236
1.0307480470126236
1.0310121450538408
1.0310121450538408
1.0310121450538408
1.0310121450538408
1.0310121450538408
1.0322944115823238
1.0322944115823238
1.0322509280531418
1.0322509280531418
1.0322509280531418
1.0322509280531418
1.0322509280531418
1.0316358096263072
1.0316358096263072
1.0316358096263072
1.0316358096263072
1.0316358096263072
1.0332790602966162
1.0326979023256413
1.0342282695463243
1.0334663443342589
1.0341223679969545
1.0337355052276205
1.0337355052276205
1.0337355052276205
1.0326213996677773
1.0326213996677773
1.0326213996677773
1.0315080510668617
1.031901110090354
1.0322709425134478
1.0316435871682168
1.0316435871682168
1.030617567872835
1.030617567872835
1.0309191088390919
1.0319654111242529
1.0319654111242529
1.0319654111242529
1.0319654111242529
1.0319654111242529
1.0314133955311764
1.0314133955311764
1.0314133955311764
1.031868098739106
1.031868098739106
1.0326434351906966
1.0326434351906966
1.0326434351906966
1.0326434351906966
1.0326434351906966
1.0320759132731114
1.0315767320993405
1.0315767320993405
1.031947699025925
1.031947699025925
1.031947699025925
1.0319848982356135
1.0319848982356135
1.0319848982356135
1.0319494112292196
1.0319494112292196
1.0319494112292196
1.031468536418116
1.031468536418116
1.031468536418116
1.031468536418116
1.031468536418116
1.031468536418116
1.031269570245033
1.031269570245033
1.0312147480304668
1.0312147480304668
1.0312147480304668
1.0315083102564697
1.0315083102564697
1.0315083102564697
1.0315083102564697
1.0315083102564697
1.0315967983944723
1.0315967983944723
1.0315967983944723
1.0315967983944723
1.032916515612401
1.032916515612401
1.0336348609253112
1.0339151784247413
1.0339151784247413
1.0339151784247413
1.0339151784247413
1.0330961855864986
1.0323933247298198
1.0323933247298198
1.0316357137254413
1.0316357137254413
1.0304818036510233
1.0304818036510233
1.028919509892463
1.028919509892463
1.0294147424124758
1.0294147424124758
1.0294147424124758
1.0303082088939717
1.0299400792681233
1.0293791664653689
1.0293791664653689
1.0302017766360272
1.0316162709776597
1.0316162709776597
1.0301506198663624
1.0309389947839707
1.0311524380248043
1.0310413925395971
1.0313026230100297
1.0313026230100297
1.0313026230100297
1.0313026230100297
1.0313026230100297
1.0313026230100297
1.0313026230100297
1.0313026230100297
1.0313026230100297
1.0313026230100297
1.0301607813215954
1.0313321973779828
1.0313321973779828
1.0313321973779828
1.0328589812770448
1.0328589812770448
1.0328589812770448
1.0328589812770448
1.0328589812770448
1.0328589812770448
1.0328589812770448
1.0328589812770448
1.0315829809542854
1.0320795079724079
1.0325004851474946
1.0325004851474946
1.0325004851474946
1.0325004851474946
1.0325004851474946
1.033540327987229
1.033540327987229
1.033540327987229
1.033540327987229
1.033540327987229
1.033540327987229
1.033540327987229
1.033540327987229
1.0322163044159665
1.0322163044159665
1.0336226967690978
1.0328333162717491
1.0328333162717491
1.0338299746626145
1.0338299746626145
1.0338299746626145
1.0338299746626145
1.0329372458164414
1.0329372458164414
1.0329372458164414
1.0329372458164414
1.0328150861371663
1.0304486488219426
1.0300997885994976
1.0300997885994976
1.0300997885994976
1.0300997885994976
1.0300997885994976
1.0302609714970667
1.0302609714970667
1.0302609714970667
1.0302609714970667
1.028552585978801
1.028552585978801
1.0287694032650958
1.0300332747689853
1.0300332747689853
1.0300332747689853
1.0300332747689853
1.0291895904389718
1.031067361439749
1.0309785912623042
1.0309785912623042
1.0309785912623042
1.0309785912623042
1.0284390284190383
1.0284390284190383
1.0284390284190383
1.0258120225824499
1.0259248194015766
1.0270294819657855
1.028751806429089
1.028751806429089
1.028751806429089
1.028796261340969
1.0270835800483173
1.0272297197719322
1.0272297197719322
1.0272297197719322
1.0262525506282978
1.028335852600725
1.028335852600725
1.028335852600725
1.0284390009473554
1.0297254683983104
1.0297254683983104
1.0287690806748546
1.0287690806748546
1.028884072480145
1.0283808229434865
1.0283808229434865
1.0283808229434865
1.0283808229434865
1.0283808229434865
1.0283808229434865
1.026758672013627
1.026758672013627
1.026758672013627
1.0265680120976088
1.0265680120976088
1.0265680120976088
1.0263729322566286
1.0291858598016856
1.0291858598016856
1.0291858598016856
1.0299272295034647
1.030927920579722
1.0306345941209414
1.0306345941209414
1.0306345941209414
1.0306345941209414
1.0306345941209414
1.0306345941209414
1.0305800700999785
1.0302226996972672
1.028641334819324
1.0297088826828542
1.0297088826828542
1.0297088826828542
1.0296951415219493
1.0296951415219493
1.031370936814982
1.0307351730693655
1.0307351730693655
1.0307351730693655
1.0311607488345234
1.0311607488345234
1.0311607488345234
1.0311607488345234
1.0311607488345234
1.0311607488345234
1.0311607488345234
1.031374363114753
1.031374363114753
1.031374363114753
1.032756817436287
1.032756817436287
1.032756817436287
1.0323865559482688
1.0323865559482688
1.0323865559482688
1.0323865559482688
1.0331927213060543
1.0331927213060543
1.0331927213060543
1.0331927213060543
1.0325928286340804
1.0324113806946407
1.0324113806946407
1.0324113806946407
1.0335425858898732
1.031146632637239
1.0331198104471182
1.031688555316347
1.030421863353079
1.030421863353079
1.030421863353079
1.0302956483815497
1.0302956483815497
1.0302956483815497
1.0302277595421114
1.0311328407497409
1.0311328407497409
1.0311328407497409
1.0311328407497409
1.0298402108313338
1.029970053685478
1.029970053685478
1.0309077044456518
1.0309077044456518
1.0310241877526476
1.0310241877526476
1.0310241877526476
1.0303380760084526
1.0303380760084526
1.0295218245817508
1.0295218245817508
1.029561721139689
1.029561721139689
1.029561721139689
1.0298443729411813
1.0298443729411813
1.0298443729411813
1.0298443729411813
1.0298443729411813
1.0298443729411813
1.0303004128164177
1.0303004128164177
1.0303004128164177
1.0303004128164177
1.0303004128164177
1.0308072849896632
1.0308072849896632
1.0308072849896632
1.0308072849896632
1.0317815279321367
1.0334187698633366
1.0330230456961027
1.0330230456961027
1.0317377905357763
1.0317377905357763
1.0326525639947377
1.0326525639947377
1.0326525639947377
1.0326525639947377
1.0326525639947377
1.0326525639947377
1.0315671773290143
1.0315671773290143
1.0314979661733144
1.0314979661733144
1.0314979661733144
1.0308110305721796
1.0308110305721796
1.0308110305721796
1.0308110305721796
1.0308110305721796
1.0308110305721796
1.0308110305721796
1.0316275129624475
1.0312188726690719
1.0312188726690719
1.0312188726690719
1.0312188726690719
1.0312188726690719
1.0312188726690719
1.0312188726690719
1.030711405727145
1.030711405727145
1.030711405727145
1.030711405727145
1.030711405727145
1.0308556055342257
1.0308556055342257
1.0308556055342257
1.030808449807373
1.030808449807373
1.030808449807373
1.0306855239761818
1.0313980919782517
1.0318364260096295
1.0331976057285464
1.0331976057285464
1.0331976057285464
1.0331976057285464
1.0331976057285464
1.0337295024138269
1.0337295024138269
1.0337295024138269
1.0337295024138269
1.0337295024138269
1.0337295024138269
1.0337295024138269
1.0337295024138269
1.0337295024138269
1.0337295024138269
1.0337295024138269
1.0337295024138269
1.0340725244386866
1.0329070073268478
1.0329070073268478
1.0329070073268478
1.0329070073268478
1.0351421000908632
1.033349083770846
1.033349083770846
1.033349083770846
1.033349083770846
1.033349083770846
1.033349083770846
1.033349083770846
1.033349083770846
1.033349083770846
1.033349083770846
1.033349083770846
1.0335555318144085
1.0335555318144085
1.0335555318144085
1.034507976539689
1.032837397941772
1.032837397941772
1.032837397941772
1.032837397941772
1.0322248886582768
1.0330444831349372
1.0330444831349372
1.0337360797953397
1.0337360797953397
1.0337360797953397
1.0337360797953397
1.0337360797953397
1.033953572157479
1.033953572157479
1.0320607526497136
1.0320607526497136
1.03187046162594
1.03187046162594
1.0325251536949096
1.0325251536949096
1.0325251536949096
1.034064337815501
1.034064337815501
1.034064337815501
1.0329405117486417
1.0329405117486417
1.0325726110577973
1.0317092013280407
1.0317092013280407
1.0317092013280407
1.032151798591998
1.032151798591998
1.032151798591998
1.0303533805426186
1.0289167089026914
1.0289167089026914
1.0302913550737103
1.0315860376350463
1.0315860376350463
1.0315829505387886
1.0315829505387886
1.0315829505387886
1.0309800870263413
1.032575785478461
1.032575785478461
1.0334244100530932
1.0334244100530932
1.0334244100530932
1.0334244100530932
1.0334244100530932
1.0321660694932553
1.0322694990669914
1.0322694990669914
1.0322694990669914
1.0322694990669914
1.0331581315045473
1.032840629246295
1.032840629246295
1.032840629246295
1.032840629246295
1.032840629246295
1.032840629246295
1.0325926571041457
1.0325926571041457
1.0331486558020468
1.033748384966315
1.0346793883706815
1.0346793883706815
1.0346793883706815
1.0346793883706815
1.0323245089980393
1.0323245089980393
1.0323245089980393
1.0317260955478353
1.0317260955478353
1.0317260955478353
1.0317260955478353
1.0317260955478353
1.0317260955478353
1.0328824059736372
1.0328824059736372
1.0328824059736372
1.0329700716576247
1.0329700716576247
1.0337586380207433
1.0337586380207433
1.0324076621932925
1.0324076621932925
1.0327123798813058
1.0327123798813058
1.0327123798813058
1.0327123798813058
1.0312991464947947
1.0312991464947947
1.0312991464947947
1.0312991464947947
1.0307391102159502
1.0307391102159502
1.028724622563693
1.0277605387853541
1.0275622046714405
1.027171793493485
1.027171793493485
1.027171793493485
1.027171793493485
1.0300640407641726
1.0300640407641726
1.0316590364656855
1.0316590364656855
1.0313533336928713
1.0313533336928713
1.0313533336928713
1.0328827202195876
1.0331479541734698
1.0331479541734698
1.0328889541670299
1.0319786528937551
1.0319786528937551
1.0331072200533002
1.0331072200533002
1.0331072200533002
1.0336157098369878
1.0334629920405909
1.0334629920405909
1.0334629920405909
1.0340065247615824
1.0338844854392528
1.0338844854392528
1.0338844854392528
1.0328545261727942
1.0328545261727942
1.0344221452309599
1.0344221452309599
1.0347623257943186
1.0354330512315957
1.0354330512315957
1.034533469352473
1.0328462962338185
1.0335579769868026
1.0335579769868026
1.0338410484855642
1.0338410484855642
1.0332705357754082
1.0332705357754082
1.0341054787248005
1.0341054787248005
1.0335468839113318
1.0342274707870551
1.0342274707870551
1.0342274707870551
1.0344055412333104
1.0344055412333104
1.0344055412333104
1.0352900457598648
1.0352900457598648
1.035827676426843
1.034485828354829
1.033574560702983
1.0341660913717023
1.035533425916765
1.035533425916765
1.0350398539508874
1.0350398539508874
1.035409907645748
1.035409907645748
1.034893322018385
1.034893322018385
1.0351902964287145
1.0351902964287145
1.0365877468770717
1.0365877468770717
1.037860692428404
1.036378398713177
1.036378398713177
1.036378398713177
1.036378398713177
1.034521502209224
1.034521502209224
1.0345862353770483
1.0345862353770483
1.0345862353770483
1.0345862353770483
1.0345862353770483
1.0345862353770483
1.0345862353770483
1.0338492291778179
1.0338492291778179
1.0345332181982603
1.0345332181982603
1.0345332181982603
1.0345332181982603
1.0345332181982603
1.0345332181982603
1.0345332181982603
1.0356397082404343
1.0362476635093654
1.0358899258701522
1.0351978977662684
1.0329115273635427
1.0329115273635427
1.0329115273635427
1.0329115273635427
1.0332756983008555
1.0332756983008555
1.0318395282044126
1.0318395282044126
1.0318395282044126
1.0318395282044126
1.0318395282044126
1.0318395282044126
1.0318395282044126
1.0318395282044126
1.0318395282044126
1.0316240930830662
1.0316240930830662
1.0316240930830662
1.0339994065584641
1.0332603630664505
1.0332603630664505
1.0332603630664505
1.0332603630664505
1.0332603630664505
1.032098649321841
1.031053638286258
1.031053638286258
1.031053638286258
1.0298877934067165
1.0294748885343676
1.032799139511763
1.032799139511763
1.032799139511763
1.0325359272621697
1.0325359272621697
1.0325359272621697
1.0323325760698998
1.0323325760698998
1.032130917423329
1.032130917423329
1.032130917423329
1.0309916305903581
1.0309916305903581
1.0309916305903581
1.0309137327352103
1.0301356972147755
1.0301356972147755
1.0301356972147755
1.0304648188357335
1.0304648188357335
1.0304648188357335
1.0304648188357335
1.0326769782611813
1.0333877669655156
1.0328710586961103
1.0328710586961103
1.0330807929614887
1.0327164255303012
1.0327164255303012
1.0327164255303012
1.0327164255303012
1.0327164255303012
1.0327164255303012
1.0327164255303012
1.0327164255303012
1.0327164255303012
1.0327164255303012
1.0327164255303012
1.0327164255303012
1.0327164255303012
1.0327164255303012
1.032192790856503
1.032192790856503
1.032192790856503
1.0313684096125313
1.0314026312811253
1.034018442903912
1.034018442903912
1.034018442903912
1.0329720443795651
1.0335123387198284
1.0343489766190548
1.0343489766190548
1.0343489766190548
1.0343489766190548
1.034404747630829
1.0340078797082721
1.0354306295882947
1.0357742054976722
1.0358120997453775
1.0328175799100632
1.0328175799100632
1.0328175799100632
1.0328175799100632
1.0328175799100632
1.0328175799100632
1.0328175799100632
1.0352527869984727
1.035534318876293
1.0343551444525858
1.0343551444525858
1.0343551444525858
1.0343897952491257
1.0343897952491257
1.0343897952491257
1.0343897952491257
1.0343897952491257
1.0343897952491257
1.0332094582521403
1.0338559845900683
1.0338559845900683
1.0338559845900683
1.0333139836891303
1.0333139836891303
1.0333139836891303
1.0336723088247
1.0336723088247
1.0328493960781464
1.0340870330583738
1.0328704813370557
1.0328704813370557
1.0328704813370557
1.0335225841722524
1.0335070207106305
1.0312953078370992
1.0313091068218803
1.0323551376233324
1.0323551376233324
1.0323551376233324
1.0310875938009478
1.0320417318745598
1.0320417318745598
1.0320417318745598
1.0320417318745598
1.0325207022993086
1.0326234866192
1.0321262428708287
1.032373724287537
1.032373724287537
1.0320081223676556
1.0320081223676556
1.0320081223676556
1.0320081223676556
1.0320081223676556
1.0320081223676556
1.0314400842255385
1.0314400842255385
1.032025105292033
1.032025105292033
1.032025105292033
1.0316853634443184
1.0311373843741285
1.0311373843741285
1.0316529378024675
1.0316529378024675
1.033091089753709
1.0325752386327416
1.031118389639812
1.0309363779875016
1.031670480177502
1.0320178395420267
1.0313472949325317
1.0313472949325317
1.0313472949325317
1.0313472949325317
1.0313472949325317
1.0313472949325317
1.0296155930637563
1.0315592492760584
1.0315592492760584
1.0315592492760584
1.0315592492760584
1.03164762599748
1.03164762599748
1.03164762599748
1.03164762599748
1.03164762599748
1.03164762599748
1.03164762599748
1.03164762599748
1.03164762599748
1.0326684035233813
1.0326684035233813
1.0326684035233813
1.0326684035233813
1.0316592960103301
1.0307206245069125
1.033270625408545
1.0311614840735905
1.0311614840735905
1.0311614840735905
1.0312236371928534
1.0312236371928534
1.0312236371928534
1.031213855038222
1.031666140247804
1.031666140247804
1.031666140247804
1.030177679813088
1.0313103994525343
1.0313103994525343
1.0313103994525343
1.0313103994525343
1.0313103994525343
1.0313103994525343
1.0313103994525343
1.0314835014106576
1.0314835014106576
1.0314835014106576
1.0316474536679012
1.0316474536679012
1.0314112478758994
1.0314112478758994
1.0314112478758994
1.0314112478758994
1.0314112478758994
1.0314112478758994
1.0319411284163091
1.0319411284163091
1.0319411284163091
1.0319411284163091
1.0319411284163091
1.0319411284163091
1.0315358789788465
1.0315358789788465
1.0311883833176063
1.0311883833176063
1.0311883833176063
1.0306445754875675
1.0306445754875675
1.0306445754875675
1.0306445754875675
1.0306445754875675
1.0306445754875675
1.0306445754875675
1.0306445754875675
1.0306445754875675
1.0308978854313071
1.0308978854313071
1.0286859788820255
1.0286859788820255
1.0300153840280992
1.0300153840280992
1.0291493212304603
1.0289944860911924
1.0289944860911924
1.0289944860911924
1.0289944860911924
1.0289944860911924
1.0292570335951767
1.030997294659888
1.0304247913278473
1.0304247913278473
1.0304247913278473
1.0304247913278473
1.0304247913278473
1.0304247913278473
1.0304247913278473
1.0304247913278473
1.0304247913278473
1.0304247913278473
1.0304247913278473
1.0304247913278473
1.0304247913278473
1.0304247913278473
1.0304247913278473
1.0304247913278473
1.0304247913278473
1.0309406403681323
1.0309406403681323
1.0309406403681323
1.0309406403681323
1.0309406403681323
1.0309406403681323
1.0309406403681323
1.0312932093395912
1.031467690021816
1.031467690021816
1.031467690021816
1.031467690021816
1.031467690021816
1.031467690021816
1.031467690021816
1.031467690021816
1.0292859847504556
1.0292859847504556
1.030659575325625
1.030659575325625
1.030659575325625
1.0304506800527329
1.0304506800527329
1.0304506800527329
1.0305970152837587
1.0305970152837587
1.0305970152837587
1.0305970152837587
1.0305970152837587
1.0305970152837587
1.0305970152837587
1.0318115663001284
1.0318115663001284
1.0316952986353567
1.0313594242761879
1.0313270816172317
1.0313270816172317
1.0321605861461864
1.032409732293357
1.032409732293357
1.032409732293357
1.032409732293357
1.0328927707450517
1.0328927707450517
1.0334242467581132
1.0334242467581132
1.03324028564167
1.03324028564167
1.03324028564167
1.03324028564167
1.03324028564167
1.0306547640023267
1.0324731914669376
1.0324731914669376
1.0324386846673967
1.0320770800557044
1.0320770800557044
1.0320770800557044
1.0321009754567134
1.0337081264878083
1.0337081264878083
1.0319628770419809
1.0319757423183138
1.0327318897097868
1.0333163763068498
1.0333163763068498
1.0333163763068498
1.0333163763068498
1.0333163763068498
1.0333163763068498
1.0333163763068498
1.0333163763068498
1.0317795535478174
1.0308621235213224
1.0308621235213224
1.0308621235213224
1.0308621235213224
1.0308621235213224
1.0305550950807452
1.0305550950807452
1.0310045453551813
1.0310045453551813
1.0310045453551813
1.0316038857525853
1.0316038857525853
1.032613493477502
1.0325252539063106
1.0333968620877725
1.0333968620877725
1.0333968620877725
1.0320365192655858
1.0320365192655858
1.0328952628665278
1.0328952628665278
1.0328952628665278
1.0328952628665278
1.0328952628665278
1.0356221572005495
1.0356221572005495
1.0356221572005495
1.036678203638475
1.0358203046581294
1.0358203046581294
1.0358203046581294
1.036443454130895
1.0358527298155669
1.0348860128935866
1.0336280841841048
1.0330508004667245
1.0330508004667245
1.0330508004667245
1.0330508004667245
1.031554175743919
1.0320194875490818
1.0320194875490818
1.0320194875490818
1.0320194875490818
1.0324267411720673
1.0324267411720673
1.032004738836743
1.032849768095836
1.032849768095836
1.032849768095836
1.0337066334634049
1.0337066334634049
1.0337066334634049
1.0337066334634049
1.0337066334634049
1.0337066334634049
1.0331101259917483
1.0331101259917483
1.0331101259917483
1.0331101259917483
1.0331101259917483
1.0331101259917483
1.0331101259917483
1.0331101259917483
1.0331101259917483
1.0331101259917483
1.0331101259917483
1.0331101259917483
1.0331101259917483
1.0331101259917483
1.033399720439603
1.033399720439603
1.0327471583530317
1.0324742796371418
1.0324742796371418
1.031633532643444
1.031633532643444
1.031633532643444
1.031633532643444
1.032325480091141
1.032325480091141
1.0326206044491089
1.0326206044491089
1.0314741959302685
1.0314741959302685
1.0318323223217043
1.0314990712880845
1.0314990712880845
1.0323312178999948
1.032621602995839
1.032621602995839
1.030695768314157
1.030695768314157
1.0322529899434794
1.0322529899434794
1.0322529899434794
1.0322529899434794
1.0322529899434794
1.0322529899434794
1.0319025272880746
1.0327988212969783
1.032766897847132
1.032766897847132
1.0318941770435839
1.0318941770435839
1.0318941770435839
1.0318941770435839
1.0318941770435839
1.0328982005313427
1.0317808627371798
1.031619196751601
1.031619196751601
1.03016859195177
1.0299438746362668
1.029514742252565
1.0304599408825215
1.0304599408825215
1.0304599408825215
1.030848541597637
1.030848541597637
1.030848541597637
1.030848541597637
1.030848541597637
1.030848541597637
1.030848541597637
1.030848541597637
1.030848541597637
1.0310808013506592
1.0310808013506592
1.0305183704188505
1.0305183704188505
1.0305183704188505
1.0309203846816422
1.0309203846816422
1.0321072331014305
1.0321072331014305
1.0315562106553327
1.0315562106553327
1.0314178352140921
1.0314178352140921
1.0314178352140921
1.0314178352140921
1.0323091879881392
1.0323091879881392
1.0323091879881392
1.0315235733797294
1.0315235733797294
1.0315235733797294
1.0321546520505984
1.0315065632425031
1.0315065632425031
1.0315065632425031
1.0317707561436584
1.0317707561436584
1.0317707561436584
1.0317707561436584
1.0317707561436584
1.0317707561436584
1.0317707561436584
1.0303943994960745
1.0314059292953355
1.0314059292953355
1.0314059292953355
1.0314059292953355
1.0314059292953355
1.0314059292953355
1.0314059292953355
1.0314059292953355
1.0309197254339766
1.0311917069892824
1.0311917069892824
1.0311917069892824
1.0310335187337156
1.0310192155552127
1.0310192155552127
1.0319776445323698
1.0319776445323698
1.0305239785415679
1.0306112817411626
1.0306112817411626
1.0306112817411626
1.0305277103443382
1.0318317809691526
1.0318317809691526
1.033487848213491
1.0338347760183133
1.0338347760183133
1.0338347760183133
1.0338347760183133
1.0338347760183133
1.0335349325804142
1.0340538605193061
1.0340538605193061
1.0333961719264766
1.0333961719264766
1.0330425899759321
1.0330425899759321
1.0330425899759321
1.0328433419383038
1.0328433419383038
1.0328433419383038
1.0328433419383038
1.0328433419383038
1.0328433419383038
1.0332925191344053
1.032825501352959
1.032825501352959
1.032825501352959
1.032825501352959
1.032825501352959
1.032825501352959
1.032825501352959
1.032825501352959
1.032825501352959
1.032825501352959
1.032825501352959
1.032825501352959
1.032925645473757
1.0312174573196207
1.0312174573196207
1.0312174573196207
1.0312174573196207
1.0312174573196207
1.0285980655934401
1.0285980655934401
1.0285980655934401
1.0285980655934401
1.0285980655934401
1.0285980655934401
1.0288908531881575
1.0288908531881575
1.0288908531881575
1.0299433938006568
1.0299433938006568
1.0299433938006568
1.0317352473505064
1.0317352473505064
1.0312130855836095
1.0303771240637773
1.0303771240637773
1.0316040882938977
1.0316040882938977
1.0335216037684234
1.0335216037684234
1.0335216037684234
1.0335216037684234
1.0335216037684234
1.0335216037684234
1.0335216037684234
1.0335216037684234
1.0328157056201095
1.0328157056201095
1.0328157056201095
1.0328157056201095
1.0332918388095673
1.0332146499615982
1.034168158768662
1.034168158768662
1.0342570184713493
1.0325321203603448
1.0325321203603448
1.0325321203603448
1.0325558342195122
1.0316757417153102
1.0316757417153102
1.032074729477636
1.0311774645520146
1.0311774645520146
1.0311774645520146
1.0311774645520146
1.0311774645520146
1.0311774645520146
1.0316524057695287
1.0316524057695287
1.0319772144565917
1.03255649894727
1.03255649894727
1.0331653390677096
1.032890398378419
1.032890398378419
1.032890398378419
1.032890398378419
1.032890398378419
1.032890398378419
1.0317945485500424
1.0324492097872096
1.0308990643515257
1.032620415822501
1.029990614545284
1.0324382372923706
1.0324382372923706
1.0324382372923706
1.031912984406188
1.031912984406188
1.0338633904303682
1.0338633904303682
1.0338633904303682
1.0338633904303682
1.0327376642895107
1.0327376642895107
1.0327376642895107
1.0327376642895107
1.0327376642895107
1.0327376642895107
1.0327376642895107
1.033175263279962
1.033175263279962
1.033175263279962
1.033175263279962
1.033175263279962
1.0326056148541893
1.0326056148541893
1.0326056148541893
1.0326056148541893
1.0335769904598573
1.0335769904598573
1.0348794772855268
1.0348794772855268
1.0352227925584643
1.0352227925584643
1.0352227925584643
1.0352227925584643
1.0352227925584643
1.0343677907955833
1.0353736661278723
1.0353736661278723
1.0342423770853684
1.0342423770853684
1.0328828312667375
1.032011218182521
1.032011218182521
1.032011218182521
1.032011218182521
1.03349041247284
1.0322212383143032
1.0327085514822913
1.0327085514822913
1.0327085514822913
1.0318685180957476
1.0319873646452449
1.0319873646452449
1.0327740641936833
1.0327740641936833
1.0327740641936833
1.0323804844826723
1.0337625612055965
1.0326581370459855
1.0326581370459855
1.0326581370459855
1.0326581370459855
1.0326581370459855
1.0326581370459855
1.0326581370459855
1.0326581370459855
1.0326581370459855
1.0326581370459855
1.031684873635444
1.031684873635444
1.031684873635444
1.0318904898792665
1.0318904898792665
1.0318904898792665
1.0318904898792665
1.0318904898792665
1.0318904898792665
1.0318904898792665
1.0318904898792665
1.0318313831112975
1.0318313831112975
1.0318313831112975
1.0318313831112975
1.0327443799816323
1.0321705374407495
1.0326643157683872
1.0313032272092804
1.031189162350597
1.0316941034481435
1.0316941034481435
1.0316941034481435
1.0316941034481435
1.0316941034481435
1.0316941034481435
1.0331915910392928
1.033588338543868
1.033588338543868
1.033588338543868
1.033588338543868
1.033588338543868
1.0355808884174131
1.0355808884174131
1.0355808884174131
1.0355808884174131
1.0355808884174131
1.0355808884174131
1.0355808884174131
1.0355808884174131
1.0355808884174131
1.0355808884174131
1.0355808884174131
1.0355808884174131
1.0358905687462787
1.0366859846714127
1.0366859846714127
1.0366859846714127
1.0366859846714127
1.0366859846714127
1.0356078283995886
1.0356078283995886
1.0356078283995886
1.0356078283995886
1.0356078283995886
1.0356078283995886
1.0356078283995886
1.0356078283995886
1.0356078283995886
1.0345018005624387
1.0345018005624387
1.0367059209817069
1.0358729530418527
1.0357688008736246
1.0344101891096824
1.0348302046771138
1.0351326540059236
1.0351326540059236
1.0340011773208035
1.0341968031123754
1.0341968031123754
1.0341320232479554
1.0341320232479554
1.0340362465992645
1.0354608336062139
1.034938829986087
1.034938829986087
1.034938829986087
1.0371703301176167
1.0371703301176167
1.0371703301176167
1.0365352087180104
1.0361365165860197
1.0376997464943993
1.0376086999156833
1.0373155110063097
1.0373155110063097
1.0373155110063097
1.0373155110063097
1.0378442322653565
1.0378442322653565
1.0382329724532937
1.0382329724532937
1.0382329724532937
1.0372607601082384
1.0372607601082384
1.0372607601082384
1.0359525025861418
1.0342378127474439
1.0350682918357101
1.0350682918357101
1.0350682918357101
1.0350682918357101
1.0350682918357101
1.035932765850858
1.035932765850858
1.035932765850858
1.036043352294932
1.0356011176464797
1.0356011176464797
1.034720900722743
1.034720900722743
1.034720900722743
1.034720900722743
1.0334858776479585
1.0334858776479585
1.0337881889559355
1.0337881889559355
1.0337881889559355
1.033540596918835
1.0339844111861973
1.0343289077084399
1.0353335745975407
1.0353335745975407
1.0353335745975407
1.0353821869630062
1.0353821869630062
1.0353821869630062
1.0353821869630062
1.0353821869630062
1.0353821869630062
1.0353821869630062
1.0366384540348392
1.0366384540348392
1.0377371710717997
1.0377371710717997
1.0377371710717997
1.0377371710717997
1.037190588379242
1.0364117540221363
1.0362546848571184
1.0362546848571184
1.035865172126568
1.0353916574744642
1.03504790027872
1.03504790027872
1.03504790027872
1.03504790027872
1.035355340678032
1.0357698298623486
1.0336391524039665
1.0336391524039665
1.0336391524039665
1.0336391524039665
1.0336391524039665
1.0336391524039665
1.0324094084921542
1.0324094084921542
1.0334274174506883
1.0329656031172096
1.0329656031172096
1.0332779996179062
1.0332779996179062
1.0332779996179062
1.0332779996179062
1.0332779996179062
1.031927365338734
1.0316461290002934
1.0316461290002934
1.0327279353651355
