1.005360979033784
1.005360979033784
1.005360979033784
1.005360979033784
1.005360979033784
1.005360979033784
1.005360979033784
1.005360979033784
1.005360979033784
1.005360979033784
1.005360979033784
1.005360979033784
1.005360979033784
1.005360979033784
1.005360979033784
1.005360979033784
1.005360979033784
1.005360979033784
1.005360979033784
1.005360979033784
1.005360979033784
1.005360979033784
1.005360979033784
1.005360979033784
1.005360979033784
1.005360979033784
1.005360979033784
1.005360979033784
1.005360979033784
1.005360979033784
1.005360979033784
1.005360979033784
1.005360979033784
1.005360979033784
1.005360979033784
1.005360979033784
1.005360979033784
1.005360979033784
1.005360979033784
1.005360979033784
1.005360979033784
1.005360979033784
1.005360979033784
1.005360979033784
1.005360979033784
1.005360979033784
1.005360979033784
1.005360979033784
1.005360979033784
1.005360979033784
1.005360979033784
1.005360979033784
1.005360979033784
1.005360979033784
1.005360979033784
1.005360979033784
1.005360979033784
1.005360979033784
1.005360979033784
1.005360979033784
1.005360979033784
1.005360979033784
1.005360979033784
1.005360979033784
1.005360979033784
1.005360979033784
1.005360979033784
1.005360979033784
1.005360979033784
1.005360979033784
1.005360979033784
1.005360979033784
1.005360979033784
1.005360979033784
1.005360979033784
1.005360979033784
1.005360979033784
1.005360979033784
1.005360979033784
1.005360979033784
1.005360979033784
1.005360979033784
1.005360979033784
1.005360979033784
1.005360979033784
1.005360979033784
1.005360979033784
1.005360979033784
1.005360979033784
1.005360979033784
1.005360979033784
1.005360979033784
1.005360979033784
1.005360979033784
1.005360979033784
1.005360979033784
1.005360979033784
1.005360979033784
1.005360979033784
1.0074641680306815
1.0079004728179977
1.0082388377550462
1.0082388377550462
1.0082388377550462
1.008632173997336
1.0093215733914231
1.0093215733914231
1.0100804257203166
1.011512848420843
1.0117457262813496
1.0118376349065858
1.0118376349065858
1.0118376349065858
1.01208743283474
1.012837590787232
1.012837590787232
1.013057151719357
1.013057151719357
1.0161780497925188
1.0161780497925188
1.0182693031085306
1.021456437971417
1.021806040335712
1.021806040335712
1.0213289953470874
1.0213289953470874
1.0208698126593294
1.0219516963871191
1.0219516963871191
1.0241860362401645
1.0241860362401645
1.0241860362401645
1.023101133521494
1.023101133521494
1.0242731945474235
1.0242731945474235
1.0213786451693199
1.0213786451693199
1.0213786451693199
1.0213786451693199
1.0213786451693199
1.0213786451693199
1.019694224841146
1.020628319510983
1.0208939074832983
1.0190626588632459
1.0208230507266531
1.0208230507266531
1.0218223161644466
1.0218223161644466
1.0218223161644466
1.0218223161644466
1.0206948067240427
1.0213825026371421
1.0211708014091574
1.0211708014091574
1.0220437395124446
1.0207611343981235
1.0207611343981235
1.0207611343981235
1.0215355381368763
1.0215355381368763
1.021590552632087
1.021336452498965
1.021336452498965
1.0195553439560292
1.0207908150008564
1.0207908150008564
1.0221297952046913
1.0194644310973846
1.0194644310973846
1.0194644310973846
1.0194644310973846
1.0193328156317294
1.020265815907781
1.020265815907781
1.020265815907781
1.020265815907781
1.0188814845366574
1.0188814845366574
1.0188814845366574
1.0186179747784072
1.0202792382062311
1.0200150966390549
1.0200150966390549
1.0200150966390549
1.0183801126228746
1.018788364396294
1.018788364396294
1.0184405555271772
1.0170158816294552
1.0170158816294552
1.0175072899767388
1.018495195612728
1.018495195612728
1.016794086973294
1.0174864656227496
1.0174864656227496
1.0170771030717853
1.0170771030717853
1.0182389646939105
1.0182389646939105
1.0182389646939105
1.018869254217421
1.0202934447482443
1.0201966408684024
1.0202793320746584
1.0202793320746584
1.0207175514170572
1.0207175514170572
1.0207175514170572
1.0207175514170572
1.0207175514170572
1.0207175514170572
1.0206998317220128
1.0206998317220128
1.0204506915740919
1.0204506915740919
1.0204506915740919
1.0199282612804432
1.0196395581227133
1.0196395581227133
1.0196014697597238
1.0196014697597238
1.019673578650811
1.019673578650811
1.0201323328460337
1.0201323328460337
1.0203064212362798
1.0201159667584159
1.0185017372786074
1.0185017372786074
1.0168517196427895
1.0167909164086533
1.0193603989784192
1.0193603989784192
1.0206876361325758
1.0207291309593605
1.0205199686652935
1.0205199686652935
1.0205199686652935
1.0205199686652935
1.0206108726023777
1.0213482649514494
1.0213482649514494
1.0213636430529807
1.0213636430529807
1.020260387242097
1.020260387242097
1.019499822343542
1.019499822343542
1.019499822343542
1.0220253172914116
1.0220253172914116
1.0220253172914116
1.0224559709155487
1.0224559709155487
1.0206590099670025
1.0209976877599118
1.0224898929592054
1.0224898929592054
1.0220600676385374
1.0220600676385374
1.0215657628829564
1.021135586011074
1.0214024820285892
1.019694235167472
1.019694235167472
1.0194385738909013
1.0176164672442987
1.0171247960098642
1.018448319730607
1.018336750214527
1.0187919860648411
1.0187919860648411
1.0187919860648411
1.0187919860648411
1.020257558062595
1.0199064220681509
1.0199064220681509
1.0200947813825072
1.0230855501295197
1.02330426038569
1.0215820330829777
1.0215820330829777
1.0215820330829777
1.0200734680727117
1.0213702817804835
1.0193430096186702
1.0193430096186702
1.019590208780214
1.0189046489902942
1.0196783481670184
1.0196783481670184
1.0200443391003986
1.0200443391003986
1.0189780747960158
1.0164658162311047
1.0173531105752722
1.0173531105752722
1.0173531105752722
1.0173531105752722
1.0173531105752722
1.0173531105752722
1.0193172971374718
1.020131352446706
1.020131352446706
1.0218273850311739
1.0231774454848113
1.0223279993969674
1.0239133596081993
1.0224775585219747
1.0224775585219747
1.0224775585219747
1.0224775585219747
1.0231286024899409
1.0231286024899409
1.0231286024899409
1.0214786704210659
1.0214786704210659
1.0207590344014394
1.0207590344014394
1.0201648041852123
1.0201648041852123
1.0213770492705354
1.0211732941933387
1.020107438228463
1.020107438228463
1.020107438228463
1.020107438228463
1.0200514734048316
1.0208324135135116
1.0221829312118196
1.0243152310119634
1.0214267540782807
1.0214267540782807
1.0211797940810134
1.0210166990238354
1.01942909537788
1.0200545425109007
1.0200545425109007
1.022338821423091
1.022338821423091
1.0205010055195871
1.0205010055195871
1.021867529897391
1.021867529897391
1.021867529897391
1.0204255595065823
1.0204255595065823
1.0204255595065823
1.0204255595065823
1.0204255595065823
1.0204255595065823
1.0209246115603825
1.0209246115603825
1.0206957476571024
1.0192798663718645
1.020317696918121
1.020317696918121
1.0221085336595117
1.0221085336595117
1.0235070024421276
1.0235070024421276
1.0226984894062376
1.0250973555577425
1.0250973555577425
1.024996259996667
1.024996259996667
1.0235140142647847
1.0230723701740119
1.0230723701740119
1.0230723701740119
1.023181275645601
1.0243184196883206
1.0234621653774412
1.0242310926239446
1.025083645592842
1.024728790176644
1.024728790176644
1.024728790176644
1.024728790176644
1.024728790176644
1.024728790176644
1.024728790176644
1.024728790176644
1.0246774221612023
1.0246774221612023
1.0246774221612023
1.0246774221612023
1.0246774221612023
1.0255685490148891
1.0246847088099003
1.0246847088099003
1.0246847088099003
1.0246847088099003
1.0246847088099003
1.0246847088099003
1.0246847088099003
1.0246847088099003
1.0247372195966673
1.024437976096365
1.024437976096365
1.024437976096365
1.024437976096365
1.024437976096365
1.024437976096365
1.024437976096365
1.024437976096365
1.024437976096365
1.024437976096365
1.0241911212289634
1.0241911212289634
1.023822033000622
1.023822033000622
1.023822033000622
1.023822033000622
1.023822033000622
1.023822033000622
1.0233759388507881
1.0233759388507881
1.0265094670429338
1.0265094670429338
1.0265094670429338
1.0265094670429338
1.0265094670429338
1.0265085161807552
1.0265085161807552
1.0265085161807552
1.0265085161807552
1.0265085161807552
1.0265085161807552
1.0265085161807552
1.0265085161807552
1.0265085161807552
1.0262985220424747
1.0262985220424747
1.0262985220424747
1.0262985220424747
1.023771099397011
1.023771099397011
1.0226952561407248
1.026075479795923
1.0235406256844024
1.0235406256844024
1.0235406256844024
1.0235406256844024
1.024196308756456
1.0250083438156514
1.023774793788753
1.023774793788753
1.023774793788753
1.023774793788753
1.0231215326820793
1.0231215326820793
1.0238851258399273
1.0238851258399273
1.0238851258399273
1.0252779082351755
1.0252779082351755
1.0255745420936204
1.0255745420936204
1.0255745420936204
1.0248376415432519
1.0247367489173622
1.0247367489173622
1.0247367489173622
1.0247367489173622
1.0247367489173622
1.0244773127318214
1.0244773127318214
1.0244773127318214
1.0244773127318214
1.0244773127318214
1.0244773127318214
1.0244773127318214
1.0244773127318214
1.0239596777759865
1.0233067269351672
1.0233067269351672
1.0233067269351672
1.0228820772030203
1.0228820772030203
1.0228820772030203
1.0228820772030203
1.0228820772030203
1.0228820772030203
1.0238159578706583
1.0238159578706583
1.0238159578706583
1.0238159578706583
1.0238159578706583
1.0238159578706583
1.0225486057951667
1.0247038657734664
1.0247038657734664
1.0247038657734664
1.0246189697952959
1.0246189697952959
1.0246189697952959
1.0250243420616543
1.0250243420616543
1.0242216690692476
1.026486276200841
1.024564187460254
1.024564187460254
1.024564187460254
1.024564187460254
1.024564187460254
1.024564187460254
1.024564187460254
1.024564187460254
1.024564187460254
1.024564187460254
1.024564187460254
1.024564187460254
1.024564187460254
1.0248233271746259
1.0248233271746259
1.0248233271746259
1.0248233271746259
1.0249013484707987
1.0249013484707987
1.0249013484707987
1.0257084423956981
1.0257084423956981
1.0257084423956981
1.0257296010105574
1.0257296010105574
1.0257296010105574
1.0257296010105574
1.0261353191929448
1.0248664824243978
1.0256517855429959
1.0256517855429959
1.0265137126955879
1.0265137126955879
1.0263788172134498
1.026988563373346
1.0266073236834656
1.0267254163246273
1.0267254163246273
1.0267254163246273
1.027060245756768
1.0278415449422291
1.0278415449422291
1.0272963363543295
1.0250913168480587
1.0250913168480587
1.0269055375941678
1.0269055375941678
1.0269055375941678
1.0269912050664232
1.0269912050664232
1.026247863990609
1.026247863990609
1.026247863990609
1.026006301807564
1.0276827955144183
1.0276827955144183
1.0276827955144183
1.0276827955144183
1.0276827955144183
1.0276827955144183
1.0287298254165933
1.0287298254165933
1.0278856137437844
1.0278856137437844
1.0281805258486458
1.0281805258486458
1.0281805258486458
1.0281805258486458
1.0282436952285066
1.0287919639325354
1.0285749440890126
1.0285794484847282
1.0285794484847282
1.02726470439321
1.025730333104296
1.0273663362921495
1.0273663362921495
1.0273663362921495
1.0272100744866484
1.0272100744866484
1.0272100744866484
1.0272100744866484
1.026962332389984
1.0270898758443827
1.027227595045048
1.027227595045048
1.027227595045048
1.0277594560671293
1.0263671789001
1.0286127858569265
1.0286127858569265
1.0286127858569265
1.0286127858569265
1.028474935942611
1.028474935942611
1.028474935942611
1.0288549373316513
1.0288549373316513
1.0288549373316513
1.0288549373316513
1.0288549373316513
1.0288549373316513
1.0288549373316513
1.0288549373316513
1.0287838365009776
1.0263870837762998
1.0277496024530788
1.0284110730357239
1.0284110730357239
1.028227491445638
1.0286865899333768
1.0286865899333768
1.0286865899333768
1.0286865899333768
1.0286865899333768
1.0303185891830364
1.0303185891830364
1.0303185891830364
1.0294088750742236
1.0299257056416389
1.0305148160956774
1.0305148160956774
1.0305148160956774
1.0305148160956774
1.0300233102967211
1.0287663659704271
1.0287663659704271
1.0287663659704271
1.0277415000294803
1.0277415000294803
1.0285558212413692
1.0294300299139476
1.0286948288829711
1.0286948288829711
1.0291355697880038
1.0291355697880038
1.0291355697880038
1.0291355697880038
1.0291355697880038
1.030601735566805
1.030601735566805
1.030601735566805
1.030601735566805
1.030601735566805
1.030601735566805
1.030601735566805
1.030601735566805
1.030601735566805
1.030601735566805
1.030601735566805
1.030601735566805
1.0314599051511442
1.0314599051511442
1.0317572203712604
1.0311778367977047
1.0311778367977047
1.033566429577342
1.033566429577342
1.032086128265027
1.032086128265027
1.032086128265027
1.0318161465391653
1.0318161465391653
1.032129421991647
1.032129421991647
1.032373539748839
1.032373539748839
1.0308410966300932
1.0304551440166145
1.0314888643337923
1.0314888643337923
1.0314888643337923
1.0316447127367794
1.0303447981955287
1.0303447981955287
1.0303447981955287
1.029409794447744
1.029409794447744
1.0304684415370284
1.0304684415370284
1.0304684415370284
1.0297747529998544
1.0298573226225403
1.0298573226225403
1.0294614847921228
1.0294614847921228
1.0309734333303862
1.0309734333303862
1.0309218718830144
1.0300588574091425
1.0309624817591099
1.0309624817591099
1.0309624817591099
1.0324486102104664
1.0296601035742667
1.029184544236617
1.029184544236617
1.029184544236617
1.0305400157165032
1.0305400157165032
1.0299649918233864
1.0299649918233864
1.0299649918233864
1.0303214284995854
1.0303214284995854
1.0305812100304867
1.0305812100304867
1.029497482118613
1.029497482118613
1.029497482118613
1.029497482118613
1.029497482118613
1.029497482118613
1.029497482118613
1.0292173395157307
1.0285733113718334
1.0293461380051048
1.0293461380051048
1.0293461380051048
1.0293461380051048
1.0293461380051048
1.0293461380051048
1.0293461380051048
1.0293461380051048
1.0293461380051048
1.0293461380051048
1.0293461380051048
1.0293461380051048
1.0293461380051048
1.0293461380051048
1.0293461380051048
1.0294232237079668
1.0273527972958578
1.027154267345459
1.027154267345459
1.027154267345459
1.0285991903179579
1.0285991903179579
1.0285991903179579
1.0284969248674982
1.0284969248674982
1.0287386378858652
1.0287386378858652
1.0273720406687714
1.026719758445569
1.028535918445852
1.0264980496491356
1.0264980496491356
1.02658511324706
1.02658511324706
1.02658511324706
1.02658511324706
1.0260074873834246
1.0260074873834246
1.0260074873834246
1.0260074873834246
1.0260074873834246
1.0260074873834246
1.0270972493301516
1.0270972493301516
1.0270972493301516
1.0270972493301516
1.0264846421255975
1.0267962023082895
1.0267962023082895
1.0265222627087551
1.0265222627087551
1.026634032998137
1.0276891282517857
1.0276891282517857
1.0276891282517857
1.0276891282517857
1.0276891282517857
1.0277978595590551
1.0274467227411077
1.0274467227411077
1.0265557905723879
1.0277690918135418
1.0277690918135418
1.0277690918135418
1.0277690918135418
1.0277690918135418
1.0277690918135418
1.0277690918135418
1.0277690918135418
1.0277742769561733
1.0277742769561733
1.0277742769561733
1.0277742769561733
1.0275656841131038
1.0275656841131038
1.0275656841131038
1.0282067425282229
1.0282067425282229
1.0282067425282229
1.0282067425282229
1.0282067425282229
1.02924459422282
1.029689533945321
1.029689533945321
1.029689533945321
1.029689533945321
1.029689533945321
1.029689533945321
1.029689533945321
1.029689533945321
1.029024194127127
1.029024194127127
1.029024194127127
1.029024194127127
1.0282073337486755
1.0282073337486755
1.0282073337486755
1.0298401398711345
1.0298401398711345
1.0298401398711345
1.0298401398711345
1.0289928745888042
1.0289928745888042
1.0289928745888042
1.0284458406910961
1.0284458406910961
1.0284458406910961
1.0295167290524914
1.0287739605628232
1.0287739605628232
1.0285604079887547
1.0287564559285036
1.029077687362059
1.029400907696949
1.029400907696949
1.029400907696949
1.029400907696949
1.029400907696949
1.029400907696949
1.029400907696949
1.0291306467985117
1.0291306467985117
1.0291306467985117
1.0279489219476594
1.0279489219476594
1.0289022195851232
1.0282682425562006
1.0286953156167842
1.030242720653525
1.0304535864343207
1.0304535864343207
1.0304535864343207
1.0304535864343207
1.0304535864343207
1.0304535864343207
1.030652059576663
1.029887132741269
1.029887132741269
1.029887132741269
1.029887132741269
1.0297604224718537
1.0297604224718537
1.0297604224718537
1.0297604224718537
1.0297604224718537
1.0297604224718537
1.0297604224718537
1.0297604224718537
1.0297604224718537
1.0297604224718537
1.0297604224718537
1.0297604224718537
1.0289753860806403
1.0289753860806403
1.0289753860806403
1.0303649549366771
1.0303649549366771
1.0303649549366771
1.0303649549366771
1.0303649549366771
1.0303649549366771
1.0303649549366771
1.030337798088423
1.0311751278342762
1.0311751278342762
1.0311751278342762
1.0311751278342762
1.0311751278342762
1.0316406041697284
1.0316406041697284
1.0316406041697284
1.0309653854209995
1.0309653854209995
1.0284476947735044
1.0291515257949377
1.0298167703769767
1.0298167703769767
1.0298167703769767
1.0298167703769767
1.0298167703769767
1.0298167703769767
1.0298167703769767
1.0298167703769767
1.0298167703769767
1.030854046674539
1.030854046674539
1.0304095312415569
1.0304095312415569
1.0304095312415569
1.0304095312415569
1.0304095312415569
1.0304095312415569
1.0307409821903053
1.0307409821903053
1.030994961745522
1.0294571113379112
1.0296531324387532
1.0317125423537874
1.0317125423537874
1.0317125423537874
1.0317125423537874
1.0317125423537874
1.0317125423537874
1.0311922649489387
1.0298152509248404
1.0307912751996111
1.0307912751996111
1.030024678521642
1.030024678521642
1.0306276265369578
1.0306276265369578
1.0306276265369578
1.0306276265369578
1.0295498198259339
1.0295498198259339
1.0295498198259339
1.02913129965908
1.0301546884621309
1.0301546884621309
1.029462833083057
1.029462833083057
1.029462833083057
1.0297152903014801
1.0306523387908713
1.0306523387908713
1.0306523387908713
1.0306523387908713
1.0306523387908713
1.0306523387908713
1.0310919543298547
1.0310919543298547
1.0310919543298547
1.0310919543298547
1.031455240948014
1.031455240948014
1.0297341131591897
1.0299736997779316
1.0306421108865331
1.0305611346369148
1.0305611346369148
1.0305611346369148
1.0305611346369148
1.0305611346369148
1.0305611346369148
1.0305611346369148
1.0305611346369148
1.0305611346369148
1.0305611346369148
1.0305611346369148
1.030880757006652
1.030880757006652
1.030880757006652
1.0291184111912206
1.0291184111912206
1.0288426959193298
1.0288426959193298
1.0288426959193298
1.029149903803637
1.0299209228174224
1.0299209228174224
1.030436822192479
1.030436822192479
1.0296424710169065
1.0310885649137032
1.030620412700032
1.030620412700032
1.0303046711806627
1.0303046711806627
1.0303046711806627
1.0295568957335361
1.0313194596933555
1.031081358389732
1.0312012400360557
1.0322806447224537
1.0322806447224537
1.0322806447224537
1.0316435280559488
1.0320594572013673
1.0320594572013673
1.0320594572013673
1.0320594572013673
1.0320594572013673
1.0320594572013673
1.0319388669464666
1.0318494659151725
1.0318494659151725
1.0318494659151725
1.0318494659151725
1.0318494659151725
1.031443890584489
1.031443890584489
1.031443890584489
1.031443890584489
1.031443890584489
1.0316659565013229
1.0316294390364202
1.0316294390364202
1.0321557046721395
1.0321557046721395
1.0309647303244687
1.0317629158936845
1.0317629158936845
1.0317629158936845
1.0320941871772007
1.0320941871772007
1.0320941871772007
1.0324374389409983
1.0338284411360656
1.0331159976692337
1.0331159976692337
1.033671381172255
1.033671381172255
1.032913480934113
1.0331204771202713
1.0331204771202713
1.0331204771202713
1.0331204771202713
1.0331204771202713
1.0318771203083452
1.0318771203083452
1.0318771203083452
1.0324651656985206
1.0324651656985206
1.032767660912313
1.0325126377889249
1.0325126377889249
1.0320361667740552
1.0320361667740552
1.0305586497766608
1.0305586497766608
1.0305586497766608
1.0305586497766608
1.0299244119763808
1.0303999564893707
1.0303999564893707
1.0303999564893707
1.0303999564893707
1.0303999564893707
1.031015450126055
1.031015450126055
1.031015450126055
1.031015450126055
1.0320321294228347
1.0320321294228347
1.0320321294228347
1.0320610429295818
1.0320610429295818
1.0327499869819186
1.0331363948243257
1.0331363948243257
1.0331363948243257
1.0331363948243257
1.033739197728194
1.033739197728194
1.033739197728194
1.033739197728194
1.0324782394201053
1.0324782394201053
1.0324782394201053
1.0324782394201053
1.0324782394201053
1.0324782394201053
1.0309718564103685
1.0309718564103685
1.0309718564103685
1.0327898062362806
1.0327898062362806
1.0327898062362806
1.032809647384145
1.032809647384145
1.03322103301904
1.0337747560655899
1.0337747560655899
1.0333910205955448
1.032634971000792
1.032634971000792
1.032634971000792
1.032634971000792
1.032634971000792
1.0333275193622518
1.0333275193622518
1.0333275193622518
1.0333275193622518
1.0333275193622518
1.0333275193622518
1.0333275193622518
1.0333275193622518
1.0333275193622518
1.0333275193622518
1.0325509316887183
1.0325509316887183
1.0325509316887183
1.032732618869232
1.032732618869232
1.032732618869232
1.0346109602794753
1.0346109602794753
1.0350681671002235
1.0335795450198373
1.0335795450198373
1.033350075721567
1.033941004769214
1.035594723170491
1.035594723170491
1.035594723170491
1.035594723170491
1.0356285697333185
1.0356285697333185
1.0354027879389731
1.0354027879389731
1.0348997882127835
1.0348997882127835
1.0348997882127835
1.0348997882127835
1.0348997882127835
1.0348997882127835
1.0348997882127835
1.0348997882127835
1.0345441236883717
1.0342582506070566
1.0342582506070566
1.0329615395778147
1.032488776399494
1.032488776399494
1.032677742694526
1.032677742694526
1.0325255462135345
1.0325255462135345
1.0325255462135345
1.0325255462135345
1.0325255462135345
1.0325255462135345
1.0325255462135345
1.0325255462135345
1.0325255462135345
1.032778851493847
1.0339779783881198
1.0322419794538853
1.0322419794538853
1.032834666238415
1.0335277416951358
1.0335277416951358
1.0335277416951358
1.0358585760203833
1.035576338499748
1.035576338499748
1.035576338499748
1.035576338499748
1.035576338499748
1.0352487125478946
1.0352487125478946
1.0352487125478946
1.0353651182255494
1.0353651182255494
1.0345374331151647
1.0345374331151647
1.0351585689050435
1.0351585689050435
1.034496618550533
1.034496618550533
1.0343860237635476
1.0343860237635476
1.0343860237635476
1.0343860237635476
1.0343860237635476
1.0341319327540206
1.0341319327540206
1.0341319327540206
1.0341952045269729
1.0332851736278392
1.0332851736278392
1.0332851736278392
1.0332851736278392
1.0332851736278392
1.0326902308869137
1.0326902308869137
1.0326902308869137
1.0330061490045233
1.0330061490045233
1.0330061490045233
1.0330061490045233
1.0330061490045233
1.0330061490045233
1.0330061490045233
1.0334123226877578
1.0336752789483257
1.0336752789483257
1.0336752789483257
1.0336752789483257
1.0336752789483257
1.0336752789483257
1.0336752789483257
1.0335115530904584
1.033155029816448
1.0328452328094027
1.0328452328094027
1.0328452328094027
1.0328452328094027
1.0328452328094027
1.0315397455319202
1.0333378192693934
1.0333378192693934
1.0333378192693934
1.0333378192693934
1.0333378192693934
1.0335274476006833
1.0335274476006833
1.0335274476006833
1.0335274476006833
1.0335274476006833
1.0327042147763874
1.0345999985320458
1.0345999985320458
1.0345999985320458
1.035162177799451
1.0355862255652384
1.0354836930566034
1.0339899953991778
1.0339899953991778
1.0344628557134357
1.0344628557134357
1.0340851678581815
1.0346353604531318
1.0346353604531318
1.0346353604531318
1.0346353604531318
1.0346353604531318
1.0346353604531318
1.0346353604531318
1.0336771031632888
1.0336771031632888
1.0333598691039003
1.0333598691039003
1.0346150407420447
1.0346150407420447
1.0344807657850785
1.0344807657850785
1.0340988210939148
1.0340906823980132
1.0340906823980132
1.0353025638643503
1.0353025638643503
1.0353025638643503
1.0353025638643503
1.0341881714229608
1.0341881714229608
1.0341881714229608
1.0341881714229608
1.0341881714229608
1.0332731446395964
1.0325737200708656
1.0325737200708656
1.0337103780688957
1.0339863761891344
1.0339863761891344
1.0339863761891344
1.0339863761891344
1.0339863761891344
1.0337149471378289
1.0337149471378289
1.0352309902193517
1.0352309902193517
1.0352309902193517
1.0352309902193517
1.0354676836831678
1.0354676836831678
1.0354676836831678
1.0354676836831678
1.0359176585378251
1.0359176585378251
1.0359176585378251
1.0359176585378251
1.0359176585378251
1.0359176585378251
1.0359176585378251
1.0359176585378251
1.0359176585378251
1.0359176585378251
1.0350521555242478
1.0350521555242478
1.0350521555242478
1.0350521555242478
1.0350521555242478
1.0335503051604416
1.0335503051604416
1.0335503051604416
1.0335503051604416
1.0335503051604416
1.0335503051604416
1.0335503051604416
1.0336198378561146
1.0336198378561146
1.0333882455501768
1.0335930385137795
1.0335930385137795
1.0335930385137795
1.0334970120738165
1.033100045090586
1.0334880797627384
1.0334880797627384
1.032924907758677
1.033364389322067
1.033364389322067
1.0326737144988996
1.0326737144988996
1.0326737144988996
1.0326737144988996
1.0326737144988996
1.0326737144988996
1.0326737144988996
1.0326737144988996
1.032860223246062
1.032860223246062
1.0333314985593067
1.0333314985593067
1.0333314985593067
1.0333314985593067
1.0333314985593067
1.0333314985593067
1.0333314985593067
1.0333314985593067
1.0333314985593067
1.0333314985593067
1.0333314985593067
1.0322807007378583
1.0322807007378583
1.0345197681684268
1.032895725241654
1.032554356500773
1.032554356500773
1.032554356500773
1.032554356500773
1.0319182045691577
1.0319182045691577
1.0314391991102583
1.0315855770817215
1.0315855770817215
1.0328499223605083
1.0343645749057244
1.0334017557095194
1.0334017557095194
1.0334017557095194
1.0334811032041695
1.0334811032041695
1.0334811032041695
1.0334811032041695
1.033458438836957
1.033458438836957
1.033976204666031
1.0346480766541806
1.0346480766541806
1.0346480766541806
1.0346480766541806
1.0346480766541806
1.0346480766541806
1.0353825149453555
1.034856284298166
1.034856284298166
1.034856284298166
1.034856284298166
1.0344261929202754
1.0344261929202754
1.0344261929202754
1.0350203003842586
1.034193305062402
1.0352290765840715
1.0352290765840715
1.0352290765840715
1.034741754782571
1.0335988121097122
1.0342354075700926
1.0356256888996134
1.0356256888996134
1.0356256888996134
1.0354051744960855
1.0360901927124109
1.035098153749374
1.035098153749374
1.035098153749374
1.035098153749374
1.0354823874480683
1.0354823874480683
1.0354823874480683
1.0366496803746292
1.0366496803746292
1.036313455230596
1.0356775733396377
1.0356775733396377
1.0367922120042565
1.0367922120042565
1.0367922120042565
1.0371567632675096
1.0371567632675096
1.0371567632675096
1.0374588260684776
1.0374588260684776
1.0374588260684776
1.0374588260684776
1.0372105854735492
1.0372105854735492
1.0371393275556835
1.0371393275556835
1.035424455534749
1.0355692177816014
1.0355692177816014
1.0355692177816014
1.0355692177816014
1.0355692177816014
1.0355692177816014
1.0355692177816014
1.0355692177816014
1.0355692177816014
1.0355692177816014
1.0355692177816014
1.0355692177816014
1.0367124568065997
1.0367124568065997
1.0367124568065997
1.0358969207670325
1.035046848968104
1.035046848968104
1.035046848968104
1.035046848968104
1.0352776441165241
1.035076245699702
1.035076245699702
1.035076245699702
1.035076245699702
1.035076245699702
1.0355603740989476
1.0355603740989476
1.033614868275501
1.0344264192525217
1.0344264192525217
1.0347907829404404
1.0347907829404404
1.0339286523426376
1.0345498338580905
1.0345498338580905
1.0345498338580905
1.0345498338580905
1.0351190172247189
1.0351190172247189
1.0351190172247189
1.0351190172247189
1.0351190172247189
1.0351866856228593
1.0351866856228593
1.0351866856228593
1.0346809431025823
1.0346809431025823
1.0346809431025823
1.0346809431025823
1.0346809431025823
1.0346809431025823
1.0346809431025823
1.0346809431025823
1.034857889900426
1.0344790983477017
1.0344790983477017
1.0344790983477017
1.0349269635322076
1.0352609012600478
1.0352609012600478
1.0361338984554107
1.0361338984554107
1.0361338984554107
1.0361338984554107
1.0361338984554107
1.0361338984554107
1.0361338984554107
1.035923813869498
1.035923813869498
1.035453143270626
1.0364035799150337
1.0364035799150337
1.0364035799150337
1.0338010438384235
1.0340770703954065
1.0352315796863971
1.0352315796863971
1.0352315796863971
1.0352315796863971
1.035732828929532
1.035732828929532
1.035732828929532
1.035732828929532
1.035732828929532
1.035732828929532
1.035732828929532
1.035732828929532
1.035732828929532
1.033971794279741
1.033971794279741
1.0326539091742717
1.0326539091742717
1.0326539091742717
1.0326539091742717
1.0326539091742717
1.0329714366780374
1.0331406129723266
1.0331406129723266
1.0331406129723266
1.0331406129723266
1.0331406129723266
1.0331406129723266
1.0342632734540573
1.0345224861151572
1.0345224861151572
1.0317287508285873
1.0336484887186772
1.0336484887186772
1.0336484887186772
1.0336484887186772
1.0324421911880832
1.032221292973814
1.032221292973814
1.033615340282946
1.033615340282946
1.0337518659569465
1.0337518659569465
1.0334440732237202
1.0347650305017908
1.0354948032569118
1.0354948032569118
1.0369538336304864
1.0369538336304864
1.0353852949459388
1.0353852949459388
1.0353852949459388
1.0353852949459388
1.0361821551353552
1.0361821551353552
1.0361821551353552
1.0337024341508123
1.0337024341508123
1.0337024341508123
1.0337860002762862
1.0337860002762862
1.033359299312153
1.033359299312153
1.033079858778728
1.033079858778728
1.033079858778728
1.033079858778728
1.033079858778728
1.0321766312746665
1.0321766312746665
1.0321766312746665
1.0331425031413954
1.0331425031413954
1.0331425031413954
1.0332230946411207
1.0332230946411207
1.0332230946411207
1.0332230946411207
1.0342979510615338
1.0344478202315959
1.0349454065143593
1.0349454065143593
1.0339622392907664
1.0339622392907664
1.0339622392907664
1.0337416815286558
1.0337416815286558
1.033239935373391
1.0341800275338404
1.0341800275338404
1.0337560437667768
1.0337560437667768
1.0337560437667768
1.0337560437667768
1.0337560437667768
1.0337560437667768
1.0337560437667768
1.0337560437667768
1.0337560437667768
1.0337560437667768
1.0337560437667768
1.0337560437667768
1.0337560437667768
1.0337560437667768
1.0337226040186014
1.0326705152144082
1.0336882861121817
1.0336882861121817
1.0336882861121817
1.032972458059708
1.032972458059708
1.0313825839712008
1.0313825839712008
1.0316591172240173
1.0316591172240173
1.0334444751434158
1.0318217001800605
1.0318475181865123
1.0324336678317625
1.0324336678317625
1.0316283427138113
1.0316283427138113
1.03107540653394
1.03107540653394
1.03107540653394
1.031379743114079
1.031379743114079
1.031922647014036
1.0309037727331993
1.031127467547156
1.031127467547156
1.031127467547156
1.0306382382554
1.0306382382554
1.0306382382554
1.0303322992959885
1.0312103918172844
1.0312103918172844
1.0312103918172844
1.0312103918172844
1.0312103918172844
1.0312103918172844
1.0312103918172844
1.0316208073075415
1.0316208073075415
1.0316208073075415
1.0316208073075415
1.0316208073075415
1.0316208073075415
1.0316208073075415
1.0316208073075415
1.0316208073075415
1.0316208073075415
1.0325997699713954
1.0327021139248869
1.0327021139248869
1.0327021139248869
1.0327021139248869
1.0313422787387798
1.0313422787387798
1.0313422787387798
1.0313422787387798
1.0313422787387798
1.0313422787387798
1.0313422787387798
1.031095866790202
1.0317470215416913
1.0322225707961559
1.0322225707961559
1.0322225707961559
1.0312815393315726
1.0317589413242474
1.0317589413242474
1.032310095160253
1.0330511943121254
1.0330511943121254
1.0330511943121254
1.0330511943121254
1.0330511943121254
1.0330511943121254
1.0327565409927058
1.0327565409927058
1.0340983066730616
1.0340983066730616
1.0336061889696355
1.0337838047004648
1.0323263841464057
1.0331466940845886
1.0331466940845886
1.0331466940845886
1.0331466940845886
1.033175209381798
1.033175209381798
1.033175209381798
1.033175209381798
1.033175209381798
1.033175209381798
1.033175209381798
1.033175209381798
1.033175209381798
1.0347576284342495
1.0322697705390846
1.0322697705390846
1.0322697705390846
1.0313952250088376
1.0313952250088376
1.0313952250088376
1.0321568123113345
1.0333136301558872
1.0333136301558872
1.0324723250993495
1.033365093365762
1.033365093365762
1.0330299740749893
1.0329038814556315
1.0355009965288544
1.0355009965288544
1.0355931418640811
1.0355931418640811
1.034592177809611
1.0367236987435475
1.0367236987435475
1.0362904250458418
1.0362904250458418
1.0362904250458418
1.0350981031689066
1.0355318421222175
1.0355318421222175
1.0355318421222175
1.0355318421222175
1.0355318421222175
1.0358844339036515
1.0358844339036515
1.0363304391015284
1.0363304391015284
1.0363304391015284
1.0363304391015284
1.0384018474526986
1.0384018474526986
1.0384018474526986
1.0384018474526986
1.0382344206934575
1.0382344206934575
1.0364670528445006
1.0364670528445006
1.0360433641910074
1.0360433641910074
1.0360433641910074
1.0360433641910074
1.0360433641910074
1.0360433641910074
1.0360433641910074
1.0360433641910074
1.0360433641910074
1.0360433641910074
1.0361663742614213
1.0361663742614213
1.0361663742614213
1.0340661616832958
1.0361259634656128
1.0361259634656128
1.035658851238909
1.035658851238909
1.0364374625676316
1.0364374625676316
1.0344139643744044
1.0344139643744044
1.0344139643744044
1.0344139643744044
1.0344139643744044
1.0344139643744044
1.0344139643744044
1.0344139643744044
1.035122374516034
1.035122374516034
1.034116765233526
1.034116765233526
1.0325063217837807
1.0325063217837807
1.0320133059828729
1.0322674327805
1.0322674327805
1.0322674327805
1.0336702184348796
1.0336702184348796
1.0336702184348796
1.0342985712998873
1.0342985712998873
1.0342985712998873
1.0342985712998873
1.0361187014143183
1.0361187014143183
1.0361187014143183
1.033781567073789
1.033781567073789
1.0338951118039836
1.0338951118039836
1.0338951118039836
1.034556869358441
1.0342687872118677
1.0342687872118677
1.0345509772001147
1.0348167823321481
1.0348167823321481
1.0348167823321481
1.0348167823321481
1.0348167823321481
1.0362863532977742
1.0362863532977742
1.0362863532977742
1.0362863532977742
1.0362166124671721
1.0362166124671721
1.0362166124671721
1.0362166124671721
1.0362504582241847
1.036847751712318
1.036847751712318
1.036847751712318
1.0368160265330018
1.0368160265330018
1.0365748858561687
1.0365748858561687
1.0365748858561687
1.0365748858561687
1.0365748858561687
1.0365748858561687
1.0365748858561687
1.0365748858561687
1.0342624836719123
1.0355728681069885
1.0355728681069885
1.0355728681069885
1.0354389337514542
1.0354389337514542
1.0354389337514542
1.0340106298786016
1.0340106298786016
1.0340106298786016
1.033783163316152
1.033783163316152
1.0343692835111584
1.0337479317520035
1.0345515328282113
1.0345515328282113
1.0345515328282113
1.0359188714773462
1.0359188714773462
1.0359188714773462
1.0359188714773462
1.0359188714773462
1.0359188714773462
1.0358925275854942
1.035408682529641
1.035408682529641
1.035408682529641
1.035408682529641
1.035408682529641
1.035408682529641
1.0355207039582162
1.0355207039582162
1.0349602171022942
1.0349602171022942
1.034817387084728
1.0362363099477268
1.0373876767551646
1.0373876767551646
1.0373876767551646
1.0373876767551646
1.0373876767551646
1.0368847062914746
1.037095326113074
1.0364609551281065
1.0364609551281065
1.0364609551281065
1.0364609551281065
1.036771823704223
1.035879575750216
1.034923772002106
1.034127685538833
1.034127685538833
1.0351243115468796
1.0348510878976152
1.0348510878976152
1.0364743113548538
1.0364743113548538
1.0364743113548538
1.0364743113548538
1.0364743113548538
1.0358548468814113
1.0358548468814113
1.0348887222598162
1.0348542561920262
1.0359405351543323
1.0359405351543323
1.0346508748453027
1.0338681901006233
1.0338681901006233
1.0320528321585372
1.031393324942956
1.035035113359469
1.035035113359469
1.035035113359469
1.035035113359469
1.035035113359469
1.035035113359469
1.034560899112339
1.034560899112339
1.034560899112339
1.0343741089609029
1.0329839247105566
1.0326881877910812
1.0331630172596813
1.0331630172596813
1.0331630172596813
1.0331630172596813
1.0331630172596813
1.0331630172596813
1.0331630172596813
1.0331630172596813
1.0331630172596813
1.0331630172596813
1.0335318166660683
1.0335318166660683
1.0335141592784496
1.0344786615509236
1.0344786615509236
1.0348638799675294
1.0346804637814486
1.0346804637814486
1.0346804637814486
1.0346804637814486
1.035240561661388
1.035240561661388
1.035240561661388
1.0365238496683706
1.0365238496683706
1.0365238496683706
1.0365238496683706
1.0344351679834305
1.0344351679834305
1.0347413237381688
1.0341054585029217
1.0341054585029217
1.0341054585029217
1.0341054585029217
1.0341054585029217
1.0341054585029217
1.0343888281330613
1.0343888281330613
1.0348482076728078
1.0348482076728078
1.0350392999009823
1.0346910143466581
1.0346910143466581
1.034991523090477
1.034991523090477
1.0353467800851885
1.0353467800851885
1.0353467800851885
1.0353467800851885
1.0353467800851885
1.0353467800851885
1.0337894822908478
1.0351048917359031
1.0371791625222178
1.0371791625222178
1.0366431580374171
1.0366431580374171
1.0366431580374171
1.0366431580374171
1.0366431580374171
1.0366431580374171
1.0366431580374171
1.0359407814863206
1.0359407814863206
1.0359407814863206
1.0359407814863206
1.0346944084917866
1.035277837414885
1.035277837414885
1.035277837414885
1.035277837414885
1.0359421754364424
1.0359421754364424
1.0362487563997205
1.0362487563997205
1.0362487563997205
1.0362487563997205
1.0362487563997205
1.0371272957611013
1.038313497098913
1.038313497098913
1.0374588800728737
1.0374588800728737
1.0374588800728737
1.0363314826952348
1.0363314826952348
1.0363314826952348
1.0363314826952348
1.0363314826952348
1.0363314826952348
1.0363314826952348
1.0357323738535802
1.035227844364259
1.0343354516896497
1.0343354516896497
1.0341671543117366
1.0357776915274304
1.0357776915274304
1.0363037652093048
1.0363037652093048
1.034734194383811
1.034734194383811
1.0344784079954175
1.0347109301591544
1.0335739138252427
1.0335739138252427
1.0335739138252427
1.0335739138252427
1.0335739138252427
1.0334947359174942
1.034585960340628
1.034585960340628
1.0342090342412786
1.0342090342412786
1.0357943844803579
1.0357943844803579
1.0340086885905253
1.0340086885905253
1.0348580420728037
1.034318082676578
1.034318082676578
1.0347158284832927
1.0342942448195387
1.0342942448195387
1.0342942448195387
1.0342942448195387
1.0342942448195387
1.0342942448195387
1.0342942448195387
1.0342942448195387
1.0350006918184738
1.0350006918184738
1.0350006918184738
1.0333610729742313
1.0333610729742313
1.0333610729742313
1.0333610729742313
1.0333610729742313
1.0333610729742313
1.0340967008701683
1.0340967008701683
1.0341479335949373
1.0343962616497142
1.0343962616497142
1.0343962616497142
1.0343962616497142
1.0343962616497142
1.0364221499163508
1.0364221499163508
1.0364221499163508
1.0364221499163508
1.0364221499163508
1.0364221499163508
1.0364221499163508
1.0364221499163508
1.0364221499163508
1.0364221499163508
1.0364221499163508
1.0364221499163508
1.0364221499163508
1.0364221499163508
1.0364221499163508
1.0356800872305385
1.0362270857041833
1.0362270857041833
1.0350777651995031
1.0350777651995031
1.0350777651995031
1.0335978076970511
1.0335978076970511
1.0335978076970511
1.0335978076970511
1.0335978076970511
1.034215189807421
1.034215189807421
1.034215189807421
1.034215189807421
1.034215189807421
1.034215189807421
1.0349121319921226
1.035472181882378
1.037087447562871
1.0366134137603948
1.0371220388789661
1.0357797766305141
1.0357797766305141
1.0357797766305141
1.0357797766305141
1.0347281108337922
1.0345148205290267
1.0369693500703758
1.0369693500703758
1.0368169799139026
1.0368169799139026
1.0368169799139026
1.0371259167882159
1.0371259167882159
1.0371259167882159
1.0371259167882159
1.0388983334023227
1.0380344229555132
1.038274774346207
1.038274774346207
1.0389784799491806
1.0389784799491806
1.0389784799491806
1.0389784799491806
1.038353024136814
1.038353024136814
1.038353024136814
1.039515419571746
1.0395623502883236
1.0406937873850373
1.0406937873850373
1.0392775295390149
1.0383530473098466
1.0386882991375799
1.0386882991375799
1.0387808126293554
1.0397965627318502
1.0397965627318502
1.0397965627318502
1.0384743358184743
1.0382825517934573
1.0382825517934573
1.0376532199411448
1.0377012978097633
1.0385187239989382
1.0368367829538356
1.0360842070289191
1.035301969999482
1.035301969999482
1.035301969999482
1.035301969999482
1.034768843478787
1.034768843478787
1.034768843478787
1.034768843478787
1.0350219092632018
1.0350219092632018
1.0350219092632018
1.0350219092632018
1.0350219092632018
1.0350219092632018
1.0366090946647393
1.0366090946647393
1.0366090946647393
1.0363203849201454
1.037943512352009
1.037943512352009
1.037943512352009
1.037821607861594
1.037821607861594
1.037821607861594
1.036516647130217
1.036516647130217
1.036516647130217
1.0356525989562206
1.0356525989562206
1.0356525989562206
1.0353163597019808
1.0353163597019808
1.0348174596670783
1.035770852590077
1.035770852590077
1.0357325072556045
1.0357325072556045
1.0349966228288605
1.0349966228288605
1.0349966228288605
1.0349966228288605
1.0349966228288605
1.0349966228288605
1.033534590560369
1.033534590560369
1.033534590560369
1.033534590560369
1.0342993621847754
1.0342446037985322
1.0342446037985322
1.0334559015630642
1.0334849247565738
1.0334849247565738
1.0334849247565738
1.0327258024169164
1.0327258024169164
1.034852156836819
1.034852156836819
1.034852156836819
1.0314765935381103
1.032763461447325
1.032763461447325
1.032763461447325
1.0330092188547773
1.0330092188547773
1.0330092188547773
1.0330092188547773
1.0331010872543145
1.0331010872543145
1.0331010872543145
1.0331010872543145
1.0331010872543145
1.0331010872543145
1.0331010872543145
1.0331010872543145
1.0331010872543145
1.0331010872543145
1.0331143660742277
1.0331143660742277
1.0331143660742277
1.0358537768384857
1.035257303901145
1.035257303901145
1.035257303901145
1.035257303901145
1.033028885062039
1.033028885062039
1.0347382974259518
1.0347382974259518
1.0347382974259518
1.0329106694336725
1.0319966733890087
1.0319966733890087
1.0325311718740033
1.0316147062441972
1.0316147062441972
1.0316147062441972
1.0316147062441972
1.0316147062441972
1.0316147062441972
1.0316147062441972
1.0316147062441972
1.0316147062441972
1.0316147062441972
1.0317938417303214
1.0317938417303214
1.0317019485265964
1.0317019485265964
1.0317019485265964
1.0318872755736992
1.0315776595763164
1.0315776595763164
1.0317618572647433
1.0311509460324957
1.031916417858987
1.031916417858987
1.031916417858987
1.031916417858987
1.031916417858987
1.033454727939486
1.0319957591963829
1.0319957591963829
1.0319957591963829
1.0319957591963829
1.0319957591963829
1.0323967650079895
1.0323967650079895
1.0323967650079895
1.0323967650079895
1.0323967650079895
1.0323967650079895
1.0323967650079895
1.0323967650079895
1.0323967650079895
1.0323967650079895
1.0325688733170346
1.0325688733170346
1.0325688733170346
1.0325688733170346
1.0327374172019244
1.0327374172019244
1.0327374172019244
1.0327374172019244
1.0327374172019244
1.0325032450561762
1.0326362431121712
1.0326362431121712
1.0319982139802202
1.0320014362303571
1.0317706998136371
1.0317706998136371
1.0318817079828695
1.032578718290404
1.032578718290404
1.0312731827813393
1.032516864387851
1.0345669111167202
1.0345669111167202
1.0364469064893789
1.0364469064893789
1.0364469064893789
1.0363834555677522
1.035719554468672
1.0353376911795975
1.0353376911795975
1.0343285150517882
1.0343285150517882
1.0333990515798368
1.03157303712815
1.0313805062853068
1.0320973585073037
1.0320973585073037
1.0320973585073037
1.0306925258694883
1.0306925258694883
1.0306925258694883
1.0309120896426245
1.0309120896426245
1.0309120896426245
1.0309120896426245
1.0309120896426245
1.0309120896426245
1.03111325980027
1.0310219897526456
1.0310219897526456
1.0310219897526456
1.0310219897526456
1.0310219897526456
1.0307789160892453
1.0307789160892453
1.0307789160892453
1.0302080246235068
1.0302080246235068
1.030246515206912
1.0296624218840094
1.0296624218840094
1.0296624218840094
1.0296624218840094
1.031574358774321
1.0324985135905156
1.0333040285337072
1.0329210116055638
1.0326728611222278
1.0321585093769003
1.0321585093769003
1.0321585093769003
1.0316157507434338
1.0317989522871562
1.0308949631568607
1.0308949631568607
1.0308949631568607
1.0308949631568607
1.0308949631568607
1.0326412291932914
1.034147355739171
1.03343287798674
1.03343287798674
1.0333750439081923
1.0333750439081923
1.0333750439081923
1.0333750439081923
1.033485749289123
1.033485749289123
1.033485749289123
1.033485749289123
1.0323632309220792
1.0323632309220792
1.031766379341419
1.032730980371562
1.032730980371562
1.032730980371562
1.032730980371562
1.032730980371562
1.0355126194163622
1.0348514252436218
1.0316903808645026
1.0331310315281037
1.0323246240970685
1.0323246240970685
1.0323246240970685
1.0320199825575183
1.03266231641364
1.0338392898570554
1.0327625573977068
1.0327625573977068
1.0327625573977068
1.0327625573977068
1.0327625573977068
1.0327625573977068
1.0327625573977068
1.0317456462378218
1.0317456462378218
1.0310766149798243
1.0310766149798243
1.0310766149798243
1.0310766149798243
1.0310766149798243
1.0290231823963025
1.0315340993685531
1.0334586236296155
1.0334586236296155
1.0334586236296155
1.0327351218541816
1.0327351218541816
1.0327351218541816
1.0318709496928065
1.0337894396314458
1.0343866250614697
1.0343866250614697
1.0343866250614697
1.0343866250614697
1.0343866250614697
1.035544074899687
1.035544074899687
1.035544074899687
1.0354106895092474
1.0354106895092474
1.0354106895092474
1.03382753415145
1.03382753415145
1.03382753415145
1.03382753415145
1.03382753415145
1.03382753415145
1.0330907390322925
1.0330907390322925
1.033735035973061
1.033735035973061
1.033735035973061
1.033735035973061
1.033735035973061
1.033735035973061
1.033735035973061
1.033735035973061
1.0344845449274154
1.0334878966920757
1.0334878966920757
1.0334878966920757
1.0333752407391346
1.0333752407391346
1.0323692384407177
1.0323692384407177
1.0323692384407177
1.0335752754349885
1.033021244418502
1.033021244418502
1.033301090245557
1.033301090245557
1.033301090245557
1.033301090245557
1.0333298461970033
1.0333298461970033
1.0333298461970033
1.0333298461970033
1.0323762185886909
1.0345479585867021
1.0345479585867021
1.0345479585867021
1.0345479585867021
1.0345479585867021
1.0345479585867021
1.0345479585867021
1.0345479585867021
1.0345479585867021
1.0349638923032465
1.0345909304286605
1.0345909304286605
1.0345909304286605
1.0345909304286605
1.0345909304286605
1.0373441089400648
1.0373441089400648
1.0373441089400648
1.0373441089400648
1.0373441089400648
1.0373441089400648
1.0373441089400648
1.0368146548593502
1.0350449202569576
1.0350449202569576
1.0350449202569576
1.0350449202569576
1.0350449202569576
1.0350449202569576
1.0350449202569576
1.0362343322692875
1.0362343322692875
1.0362343322692875
1.0362343322692875
1.03584470757568
1.0352251854345018
1.0352251854345018
1.035360157743912
1.035360157743912
1.0366771344732
1.0358857738632021
1.0392990402173705
1.0392990402173705
1.0387093870365876
1.0363031870273944
1.0360609929097997
1.0360609929097997
1.0360609929097997
1.0360609929097997
1.0360609929097997
1.0360609929097997
1.0360609929097997
1.0360609929097997
1.0362924090270054
1.0362924090270054
1.0348453473828079
1.035015671424171
1.0366130501218955
1.0366130501218955
1.0366130501218955
1.0358156602222084
1.0358156602222084
1.0358156602222084
1.037193471946243
1.037193471946243
1.0357917388709965
1.0357917388709965
1.034431676846193
1.034431676846193
1.034431676846193
1.0357848141666626
1.0357848141666626
1.0357848141666626
1.0357848141666626
1.0357848141666626
1.0357848141666626
1.0369973021762269
1.037819188396311
1.0376802125968823
1.0376802125968823
1.0376802125968823
1.0369167323643709
1.0364313236082079
1.0364313236082079
1.0364313236082079
1.0356810521977682
1.0356715137483796
1.0356715137483796
1.0356715137483796
1.0356715137483796
1.0356715137483796
1.0356715137483796
1.0356715137483796
1.0359781813084372
1.0359781813084372
1.036662709908236
1.036662709908236
1.0351884973867653
1.0351884973867653
1.0351884973867653
1.0351884973867653
1.0351884973867653
1.0351884973867653
1.0351884973867653
1.0361330324062235
1.0361330324062235
1.034490125142021
1.034490125142021
1.034490125142021
1.034490125142021
1.034490125142021
1.0353299828848201
1.0353299828848201
1.035511240569659
1.035511240569659
1.035511240569659
1.0345995220778519
1.0345995220778519
1.0345995220778519
1.0345082965811596
1.0345082965811596
1.0345082965811596
1.0345082965811596
1.0345082965811596
1.0345082965811596
1.0348124013016262
1.0341989782860967
1.0341989782860967
1.0355306106124267
1.0365545686922981
1.0376814444696738
1.037210291427237
1.037210291427237
1.037210291427237
1.0356059869877305
1.0356059869877305
1.0356059869877305
1.0356059869877305
1.0357962081541852
1.0346051468251627
1.0346051468251627
1.0357960210616497
1.0357960210616497
1.0365577034338396
1.0365577034338396
1.0365577034338396
1.0362988462705043
1.0362988462705043
1.0362988462705043
1.0362988462705043
1.0362988462705043
1.0362988462705043
1.0362988462705043
1.0362988462705043
1.0362988462705043
1.035194474869408
1.0339143182981239
1.0339949214878636
1.0339949214878636
1.0339949214878636
1.0329607149479783
1.0329607149479783
1.0329607149479783
1.0333416676193592
1.0330825698473476
1.0330825698473476
1.0330825698473476
1.0330825698473476
1.0330825698473476
1.0330825698473476
1.0362683013113188
1.0362683013113188
1.0362683013113188
1.0362683013113188
1.0362683013113188
1.0349805786766197
1.0349805786766197
1.0352052839748114
1.0340778626690672
1.0340778626690672
1.0348081922125336
1.0326643442856915
1.0326643442856915
1.0333851773415443
1.032921409748357
1.032921409748357
1.033997629854469
1.035231894431199
1.035422934599916
1.035422934599916
1.0333572066991654
1.0340913555791396
1.033896203100595
1.0339696640298497
1.0339696640298497
1.0341979093506852
1.034579702848092
1.0340225460816606
1.0340225460816606
1.0326303010205842
1.0326303010205842
1.0332343916623572
1.0332343916623572
1.033965421527731
1.0335311569118617
1.032820867416515
1.0343439093550135
1.0343439093550135
1.0343439093550135
1.0343439093550135
1.0343128132467834
1.0343128132467834
1.034897998820751
1.034897998820751
1.0350531485889034
1.0344152178981418
1.0344238657447424
1.0344238657447424
1.0343721696735377
1.0346323725394233
1.0346323725394233
1.0327933242019691
1.0327933242019691
1.0327933242019691
1.0327933242019691
1.0329385811152871
1.0344259202058173
1.0328648275323693
1.0328648275323693
1.0332587720619704
1.0340484375709922
1.0349832501208147
1.0342480771145512
1.0354654811253057
1.0358479439657797
1.0358479439657797
1.0340219416903838
1.0364470771452001
1.0364470771452001
1.0369426062198799
1.0369426062198799
1.0362331225551724
1.0362331225551724
1.0362331225551724
1.0359310489449212
1.038370659306231
1.0381508529810899
1.035991483760322
1.035542088655396
1.035542088655396
1.035542088655396
1.0352627372626513
1.0352627372626513
1.0352627372626513
1.033156590213213
1.0322580598258717
1.0320680885819682
1.0320680885819682
1.0320680885819682
1.0320680885819682
1.033411662964923
1.0344949566874544
1.0352155216052437
1.0352155216052437
1.0350216855793664
1.0335396224194533
1.0335396224194533
1.0335396224194533
1.0334406791482438
1.0351709629859451
1.0348341293627374
1.0348341293627374
1.0348341293627374
1.0353674227258645
1.0353674227258645
1.0354437160028847
1.0354437160028847
1.0354437160028847
1.0354437160028847
1.0351133107467507
1.0351133107467507
1.0351133107467507
1.034425498167146
1.034425498167146
1.034785075348178
1.0320049004471425
1.0320049004471425
1.0320049004471425
1.0320049004471425
1.0320049004471425
1.0320049004471425
1.0320049004471425
1.034645007823735
1.0348546283578632
1.0349221525793681
1.0349221525793681
1.0349221525793681
1.0349221525793681
1.0348986546634937
1.0348986546634937
1.0348986546634937
1.0338326671538567
1.0351687886467802
1.0351687886467802
1.0346529222833405
1.0346529222833405
1.0351555497271108
1.0351555497271108
1.0351555497271108
1.0351555497271108
1.0351555497271108
1.0351555497271108
1.0344126716764848
1.0344126716764848
1.035290657901759
1.035290657901759
1.0348514621768183
1.0351467558297047
1.0357817569751928
1.0356946383780217
1.0352600250400594
1.0352600250400594
1.0352600250400594
1.0352600250400594
1.0352600250400594
1.0352600250400594
1.0342123294575758
1.0342123294575758
1.037208529364413
1.037208529364413
1.037208529364413
1.036445663826698
1.036445663826698
1.0333277741800115
1.0333277741800115
1.0350724728542888
1.0350724728542888
1.0350928249685813
1.0350928249685813
1.0351881520397241
1.0351881520397241
1.0351881520397241
1.0345290659549398
1.0345290659549398
1.0345290659549398
1.0345290659549398
1.0347441029631073
1.0347441029631073
1.0347441029631073
1.0347441029631073
1.0347441029631073
1.0351798521691904
1.0360590222940804
1.0360590222940804
1.0360590222940804
1.0352932884451256
1.0352932884451256
1.0352932884451256
1.0347190785224523
1.0347190785224523
1.0347190785224523
1.0336550129377875
1.0336550129377875
1.0317144520367036
1.0317144520367036
1.0317144520367036
1.0317144520367036
1.0318532725095788
1.0318532725095788
1.0318532725095788
1.032600953588982
1.032600953588982
1.032600953588982
1.032600953588982
1.032600953588982
1.0326766625167696
1.0326766625167696
1.0326766625167696
1.0339821683978319
1.0339821683978319
1.0339821683978319
1.0331733854842668
1.0342532543848786
1.033502860426545
1.033502860426545
1.033502860426545
1.030650876122667
1.0309454090062156
1.0293140697826224
1.0302892844631433
1.0302892844631433
1.0302892844631433
1.0302892844631433
1.0312954413694753
1.0316896754239293
1.0320407138367915
1.0320407138367915
1.0331187776026103
1.033429526147614
1.033429526147614
1.033591418297927
1.033591418297927
1.033591418297927
1.0357973453806626
1.0357973453806626
1.0357973453806626
1.0350865596490413
1.0350865596490413
1.0350865596490413
1.0350865596490413
1.0350865596490413
1.0350865596490413
1.0350865596490413
1.0350865596490413
1.0350865596490413
1.0350865596490413
1.0350865596490413
1.0350865596490413
1.0350865596490413
1.0350865596490413
1.0350865596490413
1.0350865596490413
1.0350865596490413
1.0350865596490413
1.0348493259279332
1.0348493259279332
1.0348493259279332
1.0344982446365112
1.035581535707993
1.035581535707993
1.037357949573753
1.037357949573753
1.037357949573753
1.0384896435175048
1.0376342713243094
1.0376342713243094
1.0365609582807325
1.0365609582807325
1.0365609582807325
1.0364371260481737
1.0364371260481737
1.036018803300795
1.036018803300795
1.0363302873540718
1.0363302873540718
1.0363302873540718
1.0346294234279798
1.0350677023855508
1.0350677023855508
1.0350677023855508
1.0350677023855508
1.0350699918923716
1.0350699918923716
1.0350699918923716
1.0350699918923716
1.0352341445361015
1.0352341445361015
1.0350785032838934
1.035100175701433
1.035100175701433
1.035100175701433
1.034652998536167
1.0333071237240317
1.0338416096446954
1.0338416096446954
1.0338416096446954
1.0338416096446954
1.0338416096446954
1.0338416096446954
1.0338416096446954
1.0338416096446954
1.0339324749507708
1.0339324749507708
1.0339324749507708
1.0339324749507708
1.0343086081840733
1.0343086081840733
1.035695648455872
1.035695648455872
1.0354409429709825
1.0354409429709825
1.0354409429709825
1.0354409429709825
1.034587371009745
1.034587371009745
1.034587371009745
1.034587371009745
1.034587371009745
1.0364203496520867
1.0364203496520867
1.0364203496520867
1.037067728965913
1.037067728965913
1.037067728965913
1.037067728965913
1.037067728965913
1.0370754611773305
1.0370754611773305
1.0370754611773305
1.0370754611773305
1.0357284434060097
1.0357284434060097
1.0357284434060097
1.033972013730768
1.0354874103442937
1.034442240230342
1.0331723279357061
1.0331723279357061
1.034876601912705
1.034876601912705
1.034876601912705
1.033303900373208
1.033303900373208
1.0329457715076074
1.0329457715076074
1.0329457715076074
1.0329457715076074
1.0329260111443532
1.0329796592391804
1.0327223330859203
1.0327223330859203
1.032203308210588
1.032203308210588
1.032203308210588
1.0312041739811013
1.0312041739811013
1.0312041739811013
1.0306072090568994
1.0308387986062815
1.0308387986062815
1.0308387986062815
1.0303143509326194
1.0303143509326194
1.0303143509326194
1.0302882070255102
1.0303974682850592
1.0305541186879477
1.0319906196447501
1.0319906196447501
1.0319906196447501
1.033466193008701
1.033466193008701
1.033466193008701
1.033466193008701
1.033466193008701
1.033466193008701
1.033466193008701
1.0326201379770066
1.0326201379770066
1.0326201379770066
1.0326201379770066
1.0326201379770066
1.0326201379770066
1.0313640098101164
1.0313640098101164
1.0313640098101164
1.0313640098101164
1.0313640098101164
1.0331147054940255
1.0331147054940255
1.0331147054940255
1.0339730625160024
1.0339730625160024
1.0339730625160024
1.0339730625160024
1.0339730625160024
1.034923813541018
1.034923813541018
1.0351800452056683
1.0351800452056683
1.0332207546498728
1.0332207546498728
1.0332207546498728
1.0332207546498728
1.0332207546498728
1.0332207546498728
1.0335008943778652
1.0335008943778652
1.033092015176076
1.033092015176076
1.032385837965146
1.0326406225686104
1.0326406225686104
1.0326406225686104
1.0319769105707657
1.0336300179143145
1.0336300179143145
1.0349984630527633
1.0357969594154104
1.0357969594154104
1.0357969594154104
1.0357969594154104
1.0357969594154104
1.0357969594154104
1.0357969594154104
1.0357969594154104
1.0357969594154104
1.0357969594154104
1.0351964814751535
1.0351964814751535
1.0351964814751535
1.0351964814751535
1.0351964814751535
1.0351964814751535
1.0351964814751535
1.0347556744589794
1.0343502976359857
1.0338947107202934
1.0338947107202934
1.0347946155770875
1.0347946155770875
1.0347946155770875
1.033909402040828
1.033909402040828
1.033909402040828
1.0341597942160592
1.034917461008273
1.034917461008273
1.034917461008273
1.0356661306159358
1.0356661306159358
1.0356661306159358
1.035022594760126
1.035022594760126
1.035022594760126
1.035022594760126
1.035022594760126
1.035022594760126
1.03392071126554
1.03392071126554
1.03392071126554
1.03392071126554
1.0334387527672235
1.0337075385011005
1.0346705195234351
1.0348724411133248
1.0348724411133248
1.0348724411133248
1.0348724411133248
1.0348724411133248
1.0348724411133248
1.0348724411133248
1.036260794535197
1.036260794535197
1.036260794535197
1.036260794535197
1.036260794535197
1.036260794535197
1.036260794535197
1.036260794535197
1.0372361171040938
1.0372361171040938
1.0361026245508762
1.0344306254965403
1.0344306254965403
1.0344306254965403
1.0344660317947554
1.0342406932000634
1.0342406932000634
1.0342406932000634
1.0342406932000634
1.0342406932000634
1.0342406932000634
1.0342406932000634
1.0342406932000634
1.0341767844068122
1.0341767844068122
1.0339860659159008
1.0339860659159008
1.0353666710585188
1.0331048813817045
1.0339126015970546
1.0338843096698622
1.0343063152742795
1.0342673963525553
1.0347495152860637
1.032890985390264
1.032890985390264
1.032890985390264
1.032890985390264
1.0318654964035667
1.0337637038914442
1.0337637038914442
1.0338066422540402
1.0338066422540402
1.035110943234107
1.035110943234107
1.035110943234107
1.035110943234107
1.0349659682548067
1.0350245203848778
1.0350245203848778
1.0350245203848778
1.0350245203848778
1.0350245203848778
1.0346458319383334
1.0346458319383334
1.0346458319383334
1.0346458319383334
1.0346458319383334
1.0346458319383334
1.0346458319383334
1.0346458319383334
1.0346458319383334
1.035351927213571
1.0364466792409908
1.0364466792409908
1.0364466792409908
1.0364466792409908
1.0364466792409908
1.0364466792409908
1.0364466792409908
1.0364466792409908
1.0364466792409908
1.0364466792409908
1.0347469317202103
1.0347469317202103
1.0349989469374052
1.0349989469374052
1.0349989469374052
1.0349989469374052
1.0349989469374052
1.0353451466838723
1.0353451466838723
1.0360772178859377
1.0360772178859377
1.0352339412977154
1.0352339412977154
1.0352339412977154
1.0352339412977154
1.0352339412977154
1.0352339412977154
1.0348401448363231
1.0348401448363231
1.0348401448363231
1.0348401448363231
1.0348401448363231
1.0365329547807547
1.03558688582749
1.03558688582749
1.03558688582749
1.03558688582749
1.0347505699432722
1.0358865698293027
1.0356147051636742
1.0356147051636742
1.0356147051636742
1.035543712045134
1.035543712045134
1.035543712045134
1.035543712045134
1.035543712045134
1.035543712045134
1.035543712045134
1.0364172760276662
1.0367209272860776
1.0363819198396376
1.0363819198396376
1.0363819198396376
1.0363819198396376
1.034975469260809
1.033845235167722
1.033845235167722
1.033845235167722
1.033845235167722
1.0337784140990227
1.0344947713484016
1.0344947713484016
1.0330236112329456
1.0351667205781634
1.0351667205781634
1.0351667205781634
1.0351667205781634
1.0351667205781634
1.0351667205781634
1.0351667205781634
1.0351667205781634
1.0351667205781634
1.0351667205781634
1.0344105822239666
1.0344105822239666
1.0344105822239666
1.0354782891846193
1.0371829527211778
1.037287049842369
1.037287049842369
1.0377198431853263
1.0381962174902857
1.0381962174902857
1.0381962174902857
1.0381962174902857
1.0373014352270609
1.0373014352270609
1.0371754221635492
1.0371754221635492
1.0371754221635492
1.0371629674749434
1.0371629674749434
1.0371629674749434
1.0378668226107195
1.0378668226107195
1.0364068825305999
1.0364068825305999
1.0364068825305999
1.0362133055944434
1.0362133055944434
1.0362133055944434
1.0362133055944434
1.0341970009075454
1.0341970009075454
1.0341970009075454
1.0332081637558599
1.0322405675024022
1.0322405675024022
1.0314808868675425
1.032748680316363
1.032748680316363
1.0329906901226114
1.0329906901226114
1.0337530350889703
1.0337530350889703
1.0337530350889703
1.0337530350889703
1.0337530350889703
1.0337530350889703
1.0337530350889703
1.0336825965281273
1.032935581700049
1.032935581700049
1.033266143525753
1.033266143525753
1.033266143525753
1.0337678479305679
1.032958394415565
1.0330459264291887
1.033859811699945
1.033859811699945
1.03248129475857
1.03248129475857
1.03248129475857
1.03248129475857
1.03248129475857
1.03248129475857
1.03248129475857
1.03248129475857
1.031832632902687
1.0335403921581565
1.0333724757971918
1.03307372750238
1.03307372750238
1.03307372750238
1.03437676069326
1.034723232384968
1.034719221520304
1.034719221520304
1.034719221520304
1.034719221520304
1.034719221520304
1.0343887954505717
1.0343887954505717
1.033647953713241
1.0325813658772227
1.0325813658772227
1.032141661072354
1.032141661072354
1.0327961520261808
1.0327961520261808
1.0327961520261808
1.0330807722347064
1.0327188398472569
1.0327188398472569
1.0327188398472569
1.034908108776358
1.0334705662563288
1.0337251511131755
1.0337251511131755
1.0337251511131755
1.0323004479538829
1.0323004479538829
1.0323004479538829
1.0306301798044548
1.0306301798044548
1.031358613352532
1.031358613352532
1.031358613352532
1.0308757335521976
1.0308757335521976
1.0308757335521976
1.0315069929250253
1.0315069929250253
1.0325960631223525
1.0325960631223525
1.0322111281507058
1.0333141548554086
1.0338698982974843
1.0338698982974843
1.0319101817987877
1.0312819014487606
1.0315771456789267
1.0322504924206781
1.0332675304209495
1.0325814661706716
1.0325814661706716
1.0325814661706716
1.0325814661706716
1.0325814661706716
1.0333277198683672
1.0333277198683672
1.0333277198683672
1.0333277198683672
1.0326751371132865
1.0326751371132865
1.0342844539452258
1.0349994565551017
1.0346228705533338
1.0346228705533338
1.0344155096009002
1.0344155096009002
1.0344155096009002
1.0338858969551268
1.033223237061477
1.0322571032321568
1.0322571032321568
1.0319816460828897
1.0319816460828897
1.0322816638785648
1.0322816638785648
1.0319811509709464
1.0319811509709464
1.0319811509709464
1.0315395356046293
1.0315395356046293
1.031808567154268
1.0324281744868902
1.031664578282506
1.031664578282506
1.0326096922392787
1.0326096922392787
1.0326096922392787
1.0312416041419805
1.0312416041419805
1.0317697352455886
1.0317697352455886
1.0317697352455886
1.0323435918209847
1.0323435918209847
1.0323435918209847
1.0339736500933225
1.0345974406052865
1.0332845320293664
1.0332845320293664
1.0332845320293664
1.0332845320293664
1.0342435739556723
1.032064371180032
1.032064371180032
1.0329676735131956
1.0329676735131956
1.0329676735131956
1.0329676735131956
1.0310704221954259
1.0310704221954259
1.031599208519237
1.031599208519237
1.0312791012381777
1.0338002676448366
1.0338002676448366
1.0338002676448366
1.034474979853715
1.034474979853715
1.0345948582027886
1.0345948582027886
1.0359447911926418
1.0359447911926418
1.0359447911926418
1.0345339377199165
1.0343546607464584
1.034157218966769
1.034157218966769
1.0340296861577438
1.0340296861577438
1.0340296861577438
1.0340296861577438
1.0340296861577438
1.033612022092121
1.0328244376319697
1.0325524561852002
1.0325291037724809
1.0324878132768054
1.0324878132768054
1.0324878132768054
1.0324878132768054
1.032663702738662
1.032663702738662
1.032663702738662
1.032663702738662
1.0324172565018341
1.031244677190099
1.031244677190099
1.031244677190099
1.031244677190099
1.031244677190099
1.031244677190099
1.031244677190099
1.0318442765415239
1.0330431280897632
1.0330431280897632
1.0330431280897632
1.0330431280897632
1.0330431280897632
1.0330431280897632
1.0334400787951243
1.033548651124994
1.033548651124994
1.0331426863549837
1.0331426863549837
1.0331426863549837
1.0309297054209385
1.0326063912831984
1.0330644345253164
1.0330644345253164
1.0317126867946582
1.0321502744230853
1.0321502744230853
1.032028598503003
1.0319986906171934
1.0337080601309294
1.0338325915547975
1.0338325915547975
1.0338325915547975
1.0338325915547975
1.0338325915547975
1.0338325915547975
1.033154390475053
1.0322824764977179
1.0322824764977179
1.0322824764977179
1.032644815477893
1.032644815477893
1.0319772966515255
1.0322969001873978
1.0323844002801172
1.0323844002801172
1.0323844002801172
1.0323844002801172
1.0313210706403175
1.0313210706403175
1.0313210706403175
1.0322992913630624
1.0322992913630624
1.0325961921850402
1.0325961921850402
1.0325961921850402
1.0325961921850402
1.0325961921850402
1.0325938176856067
1.0325938176856067
1.0325938176856067
1.0350033424313025
1.0350033424313025
1.0350033424313025
1.0343224663438417
1.0343224663438417
1.0343224663438417
1.036020611879462
1.036020611879462
1.0366295676338524
1.0366295676338524
1.0354820206707673
1.0354820206707673
1.0352414518308946
1.0352414518308946
1.0352414518308946
1.0330282941167812
1.0330282941167812
1.0330282941167812
1.0330282941167812
1.0330282941167812
1.0330282941167812
1.0336816690236117
1.0338776526886888
1.0338177882008939
1.0330066384279728
1.0330066384279728
1.0339926458168756
1.0339926458168756
1.0339926458168756
1.0339926458168756
1.0339926458168756
1.0342197833607965
1.0342197833607965
1.0342197833607965
1.0343080851269748
1.0343080851269748
1.0339775888007265
1.0339775888007265
1.0339775888007265
1.0360909554483022
1.0360909554483022
1.0360909554483022
1.0360257146704126
1.0360257146704126
1.0360257146704126
1.0343294406324404
1.0358043670275585
1.0341699695457995
1.0341699695457995
1.0341016424556455
1.0348319382203377
1.0348319382203377
1.0348319382203377
1.0349605516925993
1.0349605516925993
1.0351824561370777
1.035420676764275
1.035420676764275
1.035420676764275
1.035420676764275
1.0349930777373082
1.0349930777373082
1.0352271381117046
1.0352271381117046
1.0349811619795444
1.0344450720593121
1.0344450720593121
1.0344450720593121
1.0344450720593121
1.0344450720593121
1.0344450720593121
1.0344450720593121
1.0344450720593121
1.0339188371019035
1.0339188371019035
1.0339188371019035
1.0339188371019035
1.0339188371019035
1.0339188371019035
1.0340681570179966
1.0344127088950184
1.0344127088950184
1.0344127088950184
1.0344127088950184
1.0352108663952577
1.0352108663952577
1.0352108663952577
1.0352108663952577
1.0352108663952577
1.0352108663952577
1.033000019635856
1.033000019635856
1.033000019635856
1.033000019635856
1.033000019635856
1.0328112281256607
1.0314381020854146
1.0314381020854146
1.0314381020854146
1.0314381020854146
1.032065326155572
1.032065326155572
1.032065326155572
1.032065326155572
1.032065326155572
1.032065326155572
1.0325837721084985
1.0339914860506043
1.0339914860506043
1.0339914860506043
1.0332712420051156
1.0335349208715352
1.0335349208715352
1.0335349208715352
1.030949525946092
1.030949525946092
1.031450537372906
1.031450537372906
1.031450537372906
1.031450537372906
1.031450537372906
1.031450537372906
1.0333317960553683
1.0297705062796143
1.0297705062796143
1.029972292818243
1.029972292818243
1.029972292818243
1.029972292818243
1.029972292818243
1.0303186928291281
1.0303186928291281
1.0303186928291281
1.0303186928291281
1.0298259645832664
1.0298259645832664
1.0298259645832664
1.0298259645832664
1.0298259645832664
1.0298259645832664
1.0313432430330483
1.0313432430330483
1.0313432430330483
1.0313432430330483
1.0313432430330483
1.0313432430330483
1.030819269876775
1.030819269876775
1.030819269876775
1.0307334210876378
1.0308910465847108
1.0322917586217986
1.0310649209107285
1.0302506414840675
1.0302506414840675
1.0302506414840675
1.0302506414840675
1.0302506414840675
1.0302506414840675
1.0311481786603172
1.0305223369755936
1.0305223369755936
1.030406360998518
1.030406360998518
1.0301770135008506
1.0321340291222811
1.0321288590740858
1.0321288590740858
1.0309926907086329
1.0309926907086329
1.0309926907086329
1.0328137800423736
1.0319340071432164
1.0304400794690358
1.0304400794690358
1.0304400794690358
1.0304400794690358
1.0304400794690358
1.0321763549584388
1.0321763549584388
1.0321763549584388
1.0321763549584388
1.0321763549584388
1.0321763549584388
1.0321763549584388
1.0319427702275188
1.0319427702275188
1.0312672190290773
1.0312672190290773
1.031199544809469
1.0322995974909392
1.0322995974909392
1.0322995974909392
1.0322995974909392
1.0305232612425257
1.0305232612425257
1.0305232612425257
1.0305232612425257
1.0304767305000682
1.0304767305000682
1.0314208718774525
1.032954564697789
1.032954564697789
1.0312982068975087
1.0312982068975087
1.0312982068975087
1.0303094979094498
1.0303094979094498
1.0297588794125814
1.0317522500462382
1.0317522500462382
1.0316378951922003
1.0316378951922003
1.0305097039688067
1.0305097039688067
1.0302500612523044
1.0302500612523044
1.0304423369303382
1.0304423369303382
1.030344851921146
1.0305931498112355
1.0305931498112355
1.030793549171003
1.0319804139081459
1.0319804139081459
1.0301060859198379
1.0301060859198379
1.0301060859198379
1.029737387623963
1.029737387623963
1.029737387623963
1.029737387623963
1.029737387623963
1.029737387623963
1.029737387623963
1.0287319474895307
1.0287319474895307
1.0287319474895307
1.0287319474895307
1.0287319474895307
1.0287319474895307
1.029174552251575
1.029174552251575
1.029174552251575
1.0292966263701588
1.0292966263701588
1.0292966263701588
1.0301572081193375
1.0301572081193375
1.0301572081193375
1.030349152494
1.030349152494
1.030349152494
1.0288826686634467
1.0288826686634467
1.0296368262386335
1.0296368262386335
1.0305261274771287
1.0305261274771287
1.0305261274771287
1.0305261274771287
1.0316729409883958
1.0316729409883958
1.0311254423739074
1.0311254423739074
1.0308185676684942
1.0308185676684942
1.0308185676684942
1.0308185676684942
1.0321826818905238
1.0321826818905238
1.0321826818905238
1.0321826818905238
1.0321826818905238
1.0321826818905238
1.031810679242562
1.0314899401539848
1.0314899401539848
1.0314899401539848
1.0314899401539848
1.0328291765770832
1.0328291765770832
1.0332503795772503
1.0332503795772503
1.0332503795772503
1.0319864246389892
1.0319864246389892
1.0319864246389892
1.0319864246389892
1.0330197808754618
1.0333710480312568
1.0320716925626305
1.0317528649266294
1.031058938336673
1.031058938336673
1.031058938336673
1.0312371873770219
1.0303993122407002
1.0301580340511085
1.0301580340511085
1.0301580340511085
1.0301580340511085
1.029883190354584
1.029883190354584
1.029883190354584
1.029883190354584
1.0299554156263135
1.0299554156263135
1.0299554156263135
1.0299554156263135
1.0299554156263135
1.0299554156263135
1.0307156170065639
1.0316411790362598
1.0316411790362598
1.0316411790362598
1.029655253296771
1.029655253296771
1.029655253296771
1.029655253296771
1.029655253296771
1.030051334708248
1.0305124560287044
1.0305124560287044
1.0305124560287044
1.0305124560287044
1.0305124560287044
1.0305705022774234
1.0305705022774234
1.0308972862995862
1.0308972862995862
1.0306146581746793
1.0306146581746793
1.0306146581746793
1.0306146581746793
1.0306146581746793
1.0292867786912319
1.0292833989153474
1.0291246219342705
1.0291246219342705
1.0289538625631125
1.0289538625631125
1.0289538625631125
1.0289538625631125
1.0284155419972174
1.0281930934442618
1.0278179357131947
1.0278179357131947
1.0291999312481646
1.0305362617580776
1.0305362617580776
1.0305362617580776
1.0305362617580776
1.0305362617580776
1.0305362617580776
1.031401451086024
1.0306606709882347
1.0306606709882347
1.0297203423190513
1.0297203423190513
1.0297203423190513
1.0297203423190513
1.0297203423190513
1.0297203423190513
1.0297203423190513
1.0303632927517965
1.0303632927517965
1.0303632927517965
1.0305028462165164
1.0305028462165164
1.0278216161101847
1.029340151422914
1.029340151422914
1.029369610088153
1.0297639166709358
1.0297639166709358
1.0297639166709358
1.0297639166709358
1.0297639166709358
1.0299395431096101
1.0299395431096101
1.0301977026525513
1.0297308847179558
1.029705413522238
1.029705413522238
1.029705413522238
1.0291111414117504
1.0291111414117504
1.0291111414117504
1.0291111414117504
1.0317099666112854
1.0314392089795879
1.0314392089795879
1.0311918808167035
1.032044638687836
1.032044638687836
1.031697063150313
1.030997347879678
1.030997347879678
1.0315138627841955
1.0315138627841955
1.0290398968366303
1.0290398968366303
1.0290398968366303
1.0290398968366303
1.0290398968366303
1.0290398968366303
1.0290398968366303
1.0290398968366303
1.0290398968366303
1.0284070520130402
1.0285153310778032
1.0295039854842156
1.0295039854842156
1.0295039854842156
1.0308882393613321
1.0308882393613321
1.0306882429926023
1.0306882429926023
1.0306882429926023
1.0299850580829193
1.0299850580829193
1.0316803600610391
1.0316803600610391
1.0318328558564904
1.0318328558564904
1.0318328558564904
1.031522317759607
1.0306028841402195
1.0306028841402195
1.0296708279080637
1.0296708279080637
1.0296708279080637
1.0296708279080637
1.0296708279080637
1.0296708279080637
1.0297149785396655
1.0304541148392408
1.031270600952038
1.031270600952038
1.031270600952038
1.031270600952038
1.031270600952038
1.031270600952038
1.031270600952038
1.0319359405869508
1.0319359405869508
1.0316052854218438
1.0311449315753576
1.0311449315753576
1.0311449315753576
1.031049397409828
1.031049397409828
1.031049397409828
1.031049397409828
1.031049397409828
1.031049397409828
1.031049397409828
1.0297465395985026
1.0297465395985026
1.0297465395985026
1.0297465395985026
1.0297465395985026
1.031520379805533
1.031520379805533
1.0312643016977345
1.0312643016977345
1.030498951186922
1.0326291899559372
1.0320231496041723
1.0309214620474925
1.0315868717911267
1.0315868717911267
1.0315868717911267
1.0313136530024196
1.0313136530024196
1.0313136530024196
1.0313136530024196
1.0313136530024196
1.0313136530024196
1.0313136530024196
1.0312481379354759
1.0312481379354759
1.0312481379354759
1.0312481379354759
1.0320485636978018
1.0320485636978018
1.0320485636978018
1.0320485636978018
1.0320485636978018
1.0320485636978018
1.032051514223799
1.032051514223799
1.0301409382662152
1.0301409382662152
1.0301409382662152
1.0301409382662152
1.0303219405143984
1.0303219405143984
1.0293086691814743
1.0293086691814743
1.0319645990284465
1.0323513397506092
1.0315139571903778
1.0323567899325294
1.0323567899325294
1.0323567899325294
1.0298485783547853
1.0296522788613272
1.0298009395768075
1.029732031507264
1.029732031507264
1.029732031507264
1.0301128344474495
1.0301128344474495
1.0298937145768767
1.0302743197334963
1.0302743197334963
1.0295764501501283
1.029559876349103
1.0278678446805984
1.0278678446805984
1.0292694364345774
1.0283549149877376
1.029641026268296
1.029641026268296
1.029641026268296
1.030313037256843
1.030313037256843
1.0306874453705426
1.030577646858939
1.0296232263329366
1.0296232263329366
1.0296232263329366
1.0296232263329366
1.0295654876982632
1.0295654876982632
1.027829753556729
1.0277454155210246
1.0271219082788368
1.0271219082788368
1.0277813886264942
1.0277813886264942
1.0295351597650981
1.0285496782131351
1.0285496782131351
1.0285496782131351
1.0285496782131351
1.0285496782131351
1.0285496782131351
1.0284245132083458
1.0275699197225738
1.0275699197225738
1.0306764554886576
1.0306764554886576
1.0302068433333194
1.0289541470552377
1.0293929617214848
1.028895416636213
1.028895416636213
1.028895416636213
1.0302704575814592
1.0302704575814592
1.030499098621798
1.0306259619934528
1.0306259619934528
1.0306259619934528
1.0296302333382803
1.0296302333382803
1.0306986677814465
1.0306002778858543
1.0306002778858543
1.030019105023197
1.0306382761292736
1.0306382761292736
1.0306382761292736
1.029808514800521
1.029808514800521
1.0279788744418736
1.0294580285834805
1.0294580285834805
1.0294580285834805
1.0294580285834805
1.0294580285834805
1.0294580285834805
1.0294580285834805
1.0294580285834805
1.0294580285834805
1.0300397028049135
1.0300397028049135
1.0300397028049135
1.0297090184802309
1.0304502076453448
1.0304502076453448
1.0304502076453448
1.0304502076453448
1.0304502076453448
1.0304502076453448
1.0304502076453448
1.0304502076453448
1.0304502076453448
1.0304502076453448
1.0294943153448417
1.0294943153448417
1.0294943153448417
1.0294943153448417
1.0294943153448417
1.0294943153448417
1.0294943153448417
1.0294943153448417
1.0293800729693359
1.029001882067231
1.0317341442467143
1.0300259737197102
1.0300259737197102
1.0300259737197102
1.0300259737197102
1.0308665571883724
1.0308665571883724
1.0308665571883724
1.0317377519785302
1.0319097794600804
1.0319097794600804
1.0319097794600804
1.0294334164378656
1.029943898203826
1.029943898203826
1.0306157109672631
1.0306157109672631
1.0306157109672631
1.029989522671996
1.029989522671996
1.0305719992190492
1.0305719992190492
1.0302470247801883
1.030209492981273
1.0299337203847299
1.0317935192862855
1.0317935192862855
1.0316786599304122
1.0316786599304122
1.0316786599304122
1.0316786599304122
1.031933217903598
1.0316331453689105
1.0316331453689105
1.0323276682044515
1.0323276682044515
1.0323276682044515
1.0323276682044515
1.0323276682044515
1.0323276682044515
1.0323276682044515
1.0323276682044515
1.0320129564042102
1.0320129564042102
1.0320129564042102
1.0320129564042102
1.0320129564042102
1.0311045407400963
1.0309225796147943
1.0324782088746605
1.031468959419617
1.031468959419617
1.031468959419617
1.031468959419617
1.031468959419617
1.0310938929898725
1.030654864458395
1.030654864458395
1.029932375784032
1.0300858699931625
1.0300858699931625
1.0300858699931625
1.0300858699931625
1.0300858699931625
1.0297613006499393
1.0299560856077936
1.029587381985567
1.0302210383413093
1.031170054981821
1.031170054981821
1.031170054981821
1.0320433511617593
1.0320433511617593
1.0312975609867994
1.0294308341342904
1.0300493978775924
1.0300493978775924
1.031309860001843
1.031309860001843
1.03004810007324
1.03004810007324
1.0324553278391668
1.0324553278391668
1.0324553278391668
1.0324553278391668
1.0324553278391668
1.032421276788244
1.032421276788244
1.032421276788244
1.032421276788244
1.032421276788244
1.032421276788244
1.0324701526793567
1.0324701526793567
1.0324701526793567
1.0320062410120394
1.0313462203655843
1.0313462203655843
1.0313462203655843
1.0313462203655843
1.0306350450756305
1.0309694442350932
1.0309694442350932
1.0297632852453937
1.0312472325416004
1.0312472325416004
1.0313897685576738
1.031836038010516
1.031836038010516
1.031836038010516
1.031836038010516
1.031836038010516
1.031836038010516
1.032007358978179
1.032007358978179
1.03189139434773
1.03189139434773
1.03189139434773
1.03189139434773
1.03189139434773
1.030512493074191
1.0302484138652135
1.0322286594982852
1.0322286594982852
1.0308619130872798
1.0308619130872798
1.0308619130872798
1.0308619130872798
1.0308619130872798
1.0308619130872798
1.0308619130872798
1.0308619130872798
1.0308619130872798
1.0308619130872798
1.0298906781473762
1.0298906781473762
1.0298906781473762
1.0298906781473762
1.0298906781473762
1.0298906781473762
1.0298906781473762
1.0309367964422005
1.0310464494378384
1.0310646855239611
1.0316525700032906
1.0314312898046474
1.0311642867985096
1.0301476541570478
1.0303919867086786
1.0303919867086786
1.0303919867086786
1.0303919867086786
1.0303919867086786
1.0303919867086786
1.0303919867086786
1.0303919867086786
1.0327496690167248
1.0303596827931236
1.0303596827931236
1.0303596827931236
1.030117535919897
1.030117535919897
1.030117535919897
1.029256545011697
1.0305041688806575
1.0305041688806575
1.0304551939050377
1.0304551939050377
1.0315198014317395
1.0315198014317395
1.0307691884626042
1.0307691884626042
1.0318142410837894
1.0318142410837894
1.0318142410837894
1.0294209796080576
1.0294209796080576
1.0286901292308877
1.0283971984150726
1.0287497132079586
1.0296805625383534
1.0301590014379116
1.0301590014379116
1.0301590014379116
1.0301590014379116
1.0308006476932676
1.0308006476932676
1.0308006476932676
1.0308006476932676
1.0321536434087835
1.0321536434087835
1.0321536434087835
1.0321536434087835
1.0336993499864988
1.0340506559998868
1.0340506559998868
1.0340506559998868
1.0340506559998868
1.0330525494051879
1.0330525494051879
1.0330525494051879
1.0330525494051879
1.0330525494051879
1.032329809360353
1.032329809360353
1.032329809360353
1.031830414729223
1.0308554571157906
1.0308554571157906
1.0325338713209733
1.0319907792396683
1.0319907792396683
1.034313143181578
1.034313143181578
1.034313143181578
1.0330658347507058
1.0330658347507058
1.0323515074461806
1.0323515074461806
1.0328593137143058
1.0332944882054345
1.0332944882054345
1.0332944882054345
1.0335430887061765
1.0335430887061765
1.0335430887061765
1.0337612641016758
1.0316151252083254
1.0316151252083254
1.0316151252083254
1.0318988349444667
1.0317828691796396
1.0317828691796396
1.0319048862068547
1.0322729982307348
1.0322729982307348
1.0322729982307348
1.0322729982307348
1.0300787463756713
1.0294155907725424
1.0294155907725424
1.0294155907725424
1.0301420657257203
1.0300833694131826
1.0300502396165105
1.0300502396165105
1.0300502396165105
1.0300502396165105
1.0311730877265421
1.0311730877265421
1.0311730877265421
1.0312923165635786
1.0312923165635786
1.0312923165635786
1.0312923165635786
1.0312923165635786
1.0312923165635786
1.0312923165635786
1.0318588084071945
1.0318588084071945
1.0318588084071945
1.0318588084071945
1.0318588084071945
1.0318588084071945
1.0317928126742837
1.0317928126742837
1.0317928126742837
1.0311848824453664
1.0311848824453664
1.030156764472592
1.030156764472592
1.030156764472592
1.030156764472592
1.0286696175956114
1.0303819170251056
1.0297027245700083
1.0321334345873179
1.0321334345873179
1.0326345151603364
1.032474481221888
1.034154656346673
1.0346273762864937
1.0347172814316736
1.0347172814316736
1.0347172814316736
1.0347172814316736
1.0334529408916422
1.0334529408916422
1.0334529408916422
1.0335046862345554
1.0335046862345554
1.0349803709067562
1.0349803709067562
1.0349803709067562
1.0349803709067562
1.0352771915343024
1.0347967494827022
1.0345094712880916
1.0335572216732638
1.0335572216732638
1.0335572216732638
1.0335572216732638
1.0335572216732638
1.0335572216732638
1.0330895483906541
1.0330895483906541
1.0330895483906541
1.0330895483906541
1.0344098123876073
1.0328719196283684
1.0325625651149664
1.0325577098745116
1.0325577098745116
1.0325577098745116
1.0338953724680053
1.0338953724680053
1.0338953724680053
1.0338953724680053
1.0338953724680053
1.0338953724680053
1.0338953724680053
1.0338953724680053
1.0338953724680053
1.0338953724680053
1.0338953724680053
1.0338953724680053
1.0338953724680053
1.0336932744034593
1.0315595695333621
1.031521643527545
1.031521643527545
1.031521643527545
1.031521643527545
1.031521643527545
1.0324527721446914
1.0324527721446914
1.033151874312841
1.033151874312841
1.0331255932868892
1.0323929630258109
1.0308970482818316
1.030920985668248
1.033097523009942
1.033097523009942
1.033097523009942
1.033097523009942
1.033097523009942
1.033097523009942
1.033097523009942
1.0328116324390273
1.0343697560848684
1.0326773364785624
1.0326773364785624
1.0326773364785624
1.0325047041265316
1.0325047041265316
1.0325047041265316
1.0325544241645217
1.0325544241645217
1.0325544241645217
1.0325544241645217
1.0325811038277166
1.0325811038277166
1.0325811038277166
1.0323495128554432
1.0323495128554432
1.0323534584026028
1.0323534584026028
1.0323534584026028
1.032539286437635
1.0317032878884316
1.0317032878884316
1.0317032878884316
1.032617215644269
1.032617215644269
1.032617215644269
1.032617215644269
1.032617215644269
1.0315780361629234
1.032142986013581
1.032142986013581
1.034617078314097
1.034617078314097
1.0334069484151016
1.0334069484151016
1.0334069484151016
1.0334069484151016
1.0344603687688583
1.0324214658361601
1.0328807056796305
1.0328807056796305
1.0343007494949314
1.0321000921075043
1.0321000921075043
1.0321000921075043
1.0321000921075043
1.0341238626671636
1.0341238626671636
1.0341238626671636
1.034015698319942
1.0331802595220454
1.034322320177499
1.034322320177499
1.034322320177499
1.0336476269089865
1.0336476269089865
1.0339695109605738
1.0335937979131404
1.034266346282105
1.034266346282105
1.034266346282105
1.034266346282105
1.034266346282105
1.034266346282105
1.0348802886968298
1.0348802886968298
1.033140518045988
1.033140518045988
1.0334769214743516
1.031955654422817
1.0311412733395942
1.0313428108302782
1.0313428108302782
1.0317928426120868
1.0313296835258705
1.0313296835258705
1.0313296835258705
1.0312922679088465
1.0312922679088465
1.0312922679088465
1.0312922679088465
1.0312922679088465
1.0312922679088465
1.0312922679088465
1.0312922679088465
1.0312922679088465
1.0304558600741296
1.0304558600741296
1.0315696057108246
1.0315696057108246
1.0318145666213991
1.0318145666213991
1.0318145666213991
1.0318145666213991
1.0318145666213991
1.0318145666213991
1.0318145666213991
1.0324472392632533
1.0324472392632533
1.0324472392632533
1.034295335362663
1.034295335362663
1.0338454338087093
1.0330950692834588
1.0330950692834588
1.0330950692834588
1.0330950692834588
1.0327558944822137
1.0327558944822137
1.0330598431514462
1.033094925676809
1.033094925676809
1.0319827782875814
1.0319827782875814
1.0319827782875814
1.0331207346004876
1.0331207346004876
1.0319734959043858
1.0319892994194935
1.0319892994194935
1.031097839308412
1.0321171890097036
1.0312388327251882
1.03138872809056
1.0329865887989633
1.0329865887989633
1.0329865887989633
1.0329865887989633
1.0329865887989633
1.0329865887989633
1.0329865887989633
1.0329865887989633
1.0344502017325434
1.0344502017325434
1.0344502017325434
1.0344502017325434
1.0332999312064213
1.0332999312064213
1.0332999312064213
1.0343366323428345
1.0343366323428345
1.0343366323428345
1.0343366323428345
1.0343366323428345
1.0341255087674674
1.0341255087674674
1.0341255087674674
1.0338336823401875
1.0338336823401875
1.0332951850165062
1.0324693408165189
1.0324693408165189
1.0324693408165189
1.0338493404764109
1.0338493404764109
1.0342189770785204
1.0335145182817942
1.0335247739475253
1.0328170303774953
1.0328170303774953
1.0328170303774953
1.0328170303774953
1.0328170303774953
1.0328170303774953
1.032236779538275
1.032236779538275
1.032640864928861
1.032640864928861
1.0318485302978972
1.033445103264841
1.032549564902164
1.0331992562716945
1.0329185041452749
1.0329185041452749
1.0329185041452749
1.0329185041452749
1.0316778510921218
1.032332080971316
1.032332080971316
1.032332080971316
1.032332080971316
1.032332080971316
1.032332080971316
1.032332080971316
1.032332080971316
1.032332080971316
1.032332080971316
1.032332080971316
1.032332080971316
1.032332080971316
1.032332080971316
1.032332080971316
1.032332080971316
1.0339169112971325
1.0328444842938609
1.0325013394781535
1.0325013394781535
1.0325013394781535
1.0328991730345385
1.0328991730345385
1.032218235156265
1.032018463300063
1.0329675369331675
1.0329675369331675
1.0329675369331675
1.031670649043811
1.031670649043811
1.0305552878928617
1.0310363040554704
1.031658264449293
1.031658264449293
1.031658264449293
1.030717887999554
1.030717887999554
1.030717887999554
1.0321047078520926
1.0321047078520926
1.031910398301594
1.0328643633491748
1.0328643633491748
1.0328643633491748
1.0328643633491748
1.0328643633491748
1.0328643633491748
1.033097461479965
1.033097461479965
1.0320830860584742
1.0320830860584742
1.0320830860584742
1.0320830860584742
1.0320830860584742
1.030033003687472
1.0297995671211484
1.0297995671211484
1.0297995671211484
1.030085219488126
1.0297266504137748
1.0297266504137748
1.0286234523245228
1.0286795072593227
1.0286795072593227
1.0286795072593227
1.0286795072593227
1.0286795072593227
1.0296722196333068
1.0296722196333068
1.0296722196333068
1.0297240312740072
1.0292096986920336
1.0292096986920336
1.0292096986920336
1.0292096986920336
1.0292096986920336
1.0292096986920336
1.027951583185985
1.027951583185985
1.027951583185985
1.027951583185985
1.027951583185985
1.0285838543341683
1.027509182668784
1.027509182668784
1.027509182668784
1.027509182668784
1.027509182668784
1.027509182668784
1.027509182668784
1.0287974582263666
1.0287772051190862
1.0287772051190862
1.0287772051190862
1.0287772051190862
1.0301787427987525
1.0301787427987525
1.0309619397338678
1.0309619397338678
1.0309619397338678
1.0309619397338678
1.0310307570038417
1.0310307570038417
1.0310307570038417
1.0310307570038417
1.0310307570038417
1.0309350227730483
1.030483599393856
1.030483599393856
1.030483599393856
1.0293522801647697
1.0293522801647697
1.0293522801647697
1.0293522801647697
1.0293522801647697
1.0293522801647697
1.0293522801647697
1.0290794114142734
1.030686884582532
1.030686884582532
1.0311970387460307
1.0311970387460307
1.0311970387460307
1.0311970387460307
1.0311970387460307
1.0310674519358811
1.03040544389794
1.03040544389794
1.029912927260166
1.030288320556633
1.0288342876267256
1.0288342876267256
1.028923052504123
1.028923052504123
1.028442354528995
1.028442354528995
1.028442354528995
1.0287270373609205
1.0279122966112593
1.0279122966112593
1.02790981716699
1.02790981716699
1.02790981716699
1.02790981716699
1.02790981716699
1.02790981716699
1.0278426743331652
1.0278426743331652
1.0278144817385761
1.0278144817385761
1.0264231448943282
1.026966153774222
1.026966153774222
1.026966153774222
1.026966153774222
1.0274832411347192
1.0274832411347192
1.0274832411347192
1.0284713827235512
1.0284713827235512
1.029900620897748
1.029900620897748
1.0294802284280946
1.02923970480895
1.02923970480895
1.02923970480895
1.02923970480895
1.02923970480895
1.02923970480895
1.0285611812314777
1.0301993364012838
1.0301993364012838
1.0301993364012838
1.0301993364012838
1.0301993364012838
1.0301993364012838
1.0301993364012838
1.030254950090976
1.030254950090976
1.030254950090976
1.030254950090976
1.030254950090976
1.030254950090976
1.0306912101606813
1.0306912101606813
1.0306912101606813
1.028514945300689
1.028514945300689
1.028514945300689
1.0285758242558105
1.0301520416814618
1.0301520416814618
1.0301520416814618
1.0333625949275558
1.0333625949275558
1.0333625949275558
1.0337050883103942
1.0335946453248606
1.0342933633070086
1.0338461313846845
1.0338461313846845
1.0338461313846845
1.032630133788518
1.032630133788518
1.0319042726043683
1.0320972487696947
1.0320972487696947
1.0320972487696947
1.0320972487696947
1.0323202139398562
1.0325040800972756
1.0324290246059473
1.0324290246059473
1.0318178702924956
1.0319989485653804
1.0319989485653804
1.0319989485653804
1.0308995450100344
1.0308995450100344
1.0308995450100344
1.0308995450100344
1.0308995450100344
1.032684982739434
1.032684982739434
1.032684982739434
1.032352565336389
1.0317244312974165
1.0317244312974165
1.0317244312974165
1.0317244312974165
1.0323089702027377
1.031254918704556
1.031254918704556
1.0320799817583841
1.0320799817583841
1.0320799817583841
1.0320799817583841
1.030975964189994
1.0310196248096455
1.0310196248096455
1.0306839885331263
1.0309230916253482
1.0302991451697332
1.0318379732451233
1.0331226023635123
1.0331226023635123
1.0334694722024864
1.0334694722024864
1.03233582148444
1.03233582148444
1.0331452204244524
1.0331452204244524
1.0331452204244524
1.0331452204244524
1.0331965351752201
1.0329679673854635
1.0329679673854635
1.0341025989196433
1.0336418074358311
1.0336418074358311
1.0328618726695278
1.0336079756480259
1.0316389102831174
1.0316389102831174
1.0323766256377807
1.0314079617980154
1.0314079617980154
1.0314079617980154
1.0297878092969672
1.0297878092969672
1.0295580945450808
1.0297520840413161
1.0292820964191036
1.0297427818185063
1.0297427818185063
1.0298370067544214
1.0298370067544214
1.0299890584634328
1.0299890584634328
1.0297808325527107
1.029536020829507
1.029536020829507
1.0296484353371878
1.0296484353371878
1.0296484353371878
1.0296484353371878
1.0296484353371878
1.0296484353371878
1.0308798233147816
1.0308798233147816
1.0308798233147816
1.0308798233147816
1.0308798233147816
1.0302972537082957
1.030120032484824
1.029587605048909
1.029587605048909
1.029587605048909
1.0295092522182063
1.0295092522182063
1.0295092522182063
1.0295092522182063
1.0295092522182063
1.0298405484391195
1.0298405484391195
1.0298405484391195
1.0298405484391195
1.0298405484391195
1.0298405484391195
1.0298405484391195
1.0297007397175593
1.02963959536168
1.0299040549801135
1.0299040549801135
1.0281351163302657
1.0281351163302657
1.0281351163302657
1.027484940944492
1.027484940944492
1.027484940944492
1.0292142189359839
1.0292142189359839
1.03003906704482
1.0301367265599357
1.0286017377574115
1.0284054699246925
1.0284054699246925
1.0284054699246925
1.0284396132674576
1.0284396132674576
1.0286621034151007
1.0291969578101599
1.0289542959733227
1.0289542959733227
1.0300300868475736
1.0300300868475736
1.0300300868475736
1.0284629014808568
1.0284629014808568
1.0284629014808568
1.0284629014808568
1.0284629014808568
1.0286021768559184
1.0286021768559184
1.0289732386855743
1.028426832643166
1.029397476356524
1.029397476356524
1.0303265722774357
1.0303265722774357
1.0303265722774357
1.0302803326561443
1.0302803326561443
1.0302803326561443
1.03154822091795
1.03154822091795
1.0315366511685762
1.0301221403199967
1.02896194609249
1.02896194609249
1.0299489080128024
1.0299489080128024
1.0299489080128024
1.0284880418639646
1.0284880418639646
1.0284880418639646
1.0284880418639646
1.0284880418639646
1.0287524520914189
1.0287524520914189
1.0300028035007425
1.0300028035007425
1.0300028035007425
1.0313993485378194
1.0313993485378194
1.030973853469405
1.030994110731715
1.030994110731715
1.030994110731715
1.0308115822873802
1.0308115822873802
1.0309646022395604
1.0301039644383303
1.0301039644383303
1.0320602135457824
1.0320602135457824
1.0320602135457824
1.0320602135457824
1.0320602135457824
1.0307960187629575
1.0307960187629575
1.0307146818202655
1.0307146818202655
1.0307146818202655
1.0307146818202655
1.0307146818202655
1.030930994538718
1.0311542919964778
1.030374414044505
1.029637618725004
1.0293661963950054
1.0296735254238492
1.0296735254238492
1.0295080919529211
1.0295080919529211
1.0295080919529211
1.0295080919529211
1.028794614435845
1.0312207466512586
1.0296659669270503
1.0296659669270503
1.028945931382469
1.028945931382469
1.028945931382469
1.028945931382469
1.028945931382469
1.028945931382469
1.028945931382469
1.028945931382469
1.028945931382469
1.0289324959258146
1.0288931318743126
1.0288931318743126
1.0288931318743126
1.0288931318743126
1.0288931318743126
1.029792743813561
1.030603912241423
1.0308990301634424
1.0300945788190856
1.0300945788190856
1.0305567582621582
1.0305567582621582
1.0313069834524762
1.0313069834524762
1.031217605003673
1.031217605003673
1.031217605003673
1.031217605003673
1.031217605003673
1.0316721432310194
1.0316721432310194
1.0316450625984892
1.0288500871435815
1.0280902832921042
1.0280902832921042
1.0280902832921042
1.0294266934385055
1.028764811107548
1.0301452004385179
1.0301452004385179
1.0301452004385179
1.0301452004385179
1.0295169224810687
1.029784489893526
1.029784489893526
1.029784489893526
1.029784489893526
1.029784489893526
1.029784489893526
1.029784489893526
1.029784489893526
1.0285989943958425
1.0285989943958425
1.028614531514973
1.0296975606068057
1.0296975606068057
1.0302440681143021
1.0326429616024069
1.0317811889660295
1.0317811889660295
1.0317952435870417
1.030553055704151
1.0306042503870252
1.0306042503870252
1.0306042503870252
1.0306042503870252
1.0309485991288196
1.0332897877294667
1.0332897877294667
1.0332897877294667
1.030460574515584
1.030460574515584
1.0299247555293731
1.0299247555293731
1.0299247555293731
1.0299247555293731
1.0299247555293731
1.0299247555293731
1.0299247555293731
1.0293566538317112
1.029529496340523
1.0289946787190043
1.0289946787190043
1.0289946787190043
1.0289946787190043
1.0288586955454553
1.0288586955454553
1.0288586955454553
1.0288586955454553
1.0289353805144876
1.0289353805144876
1.0289353805144876
1.0289353805144876
1.0289227942059356
1.0289227942059356
1.0289227942059356
1.028081765685648
1.0282976687548508
1.0289661822276628
1.0289661822276628
1.0289661822276628
1.0289661822276628
1.0289661822276628
1.0284448491635745
1.0252684763658628
1.0254151159848042
1.0254151159848042
1.0251531836791885
1.0248887681609455
1.0248887681609455
1.0248887681609455
1.0248887681609455
1.0251234172318748
1.0265070877653688
1.0261457694468918
1.026084479596711
1.0282288840029419
1.0282960018032734
1.0279637167178108
1.0279637167178108
1.0279637167178108
1.0270550418129385
1.0270550418129385
1.0273199199413714
1.0273199199413714
1.028200345401781
1.028200345401781
1.028200345401781
1.0283670148010946
1.0284247432781237
1.0284247432781237
1.0284247432781237
1.0284247432781237
1.0272450887410405
1.028414049534605
1.028414049534605
1.028414049534605
1.0277944694226804
1.0277944694226804
1.0277944694226804
1.027743432047151
1.027743432047151
1.0273809690079152
1.0273809690079152
1.028810282671637
1.0289348446623732
1.0289348446623732
1.026861341502903
1.026861341502903
1.026861341502903
1.0278755507722876
1.0281378904211855
1.0292963686163268
1.0292963686163268
1.0292963686163268
1.0295178684728583
1.0298730806223564
1.029841333060859
1.029841333060859
1.029841333060859
1.0299524758464764
1.0308853464423262
1.0289993179283827
1.0298743038352538
1.029544443359203
1.029544443359203
1.029544443359203
1.0298031696532324
1.030395400598259
1.0299208007696126
1.0299208007696126
1.0299208007696126
1.0299208007696126
1.0299208007696126
1.0299208007696126
1.0295473846515506
1.0304370658259234
1.0295714272232943
1.0295714272232943
1.0293962537314354
1.0293962537314354
1.0292037287747795
1.0292037287747795
1.0304994672755372
1.0304994672755372
1.0304994672755372
1.0304994672755372
1.0296865901300047
1.0296865901300047
1.0296865901300047
1.0296865901300047
1.0296865901300047
1.0283252406208503
1.0283252406208503
1.0286268335935576
1.0286268335935576
1.0287779549852445
1.0287779549852445
1.0287779549852445
1.0286939717086239
1.029074501425674
1.029074501425674
1.029074501425674
1.029074501425674
1.029074501425674
1.027657368332996
1.027657368332996
1.0287824953900289
1.0287926677717454
1.0287926677717454
1.0287926677717454
1.0287926677717454
1.0287024403154923
1.0285562339100924
1.0267083407626103
1.0269194637360504
1.0269194637360504
1.0287341287923042
1.0287341287923042
1.0287341287923042
1.0287341287923042
1.0287341287923042
1.0302934575031748
1.0302934575031748
1.0287951574245673
1.0287951574245673
1.0283263994447052
1.0283263994447052
1.0283263994447052
1.0275401325161655
1.0275401325161655
1.0275688750771783
1.0256623744061923
1.0256623744061923
1.0263481290196586
1.0263481290196586
1.0263481290196586
1.0257561342849246
1.0257561342849246
1.0250617646736493
1.0250617646736493
1.0258892909525805
1.0261636229161608
1.0261636229161608
1.0261636229161608
1.0244937065628112
1.0244937065628112
1.0261836421388082
1.0261836421388082
1.0251542187304887
1.0259575326994774
1.0273582806315418
1.0272503797576524
1.0266808263189944
1.0266808263189944
1.0266808263189944
1.0266808263189944
1.0266808263189944
1.0281382491414195
1.0278296915596368
1.0272897675857608
1.0272897675857608
1.0284468153710518
1.0284468153710518
1.0278900067196526
1.026995594746341
1.026995594746341
1.027949541129287
1.027949541129287
1.027949541129287
1.0279131792222473
1.0279131792222473
1.0279131792222473
1.0267819971616547
1.0267819971616547
1.0273226403883189
1.0271230723458993
1.0271230723458993
1.027247552060813
1.027247552060813
1.0280922249244646
1.0278105824572306
1.0278105824572306
1.027779436126624
1.027779436126624
1.027779436126624
1.027779436126624
1.0275781250450309
1.0275781250450309
1.0273319832755614
1.028791626055454
1.028791626055454
1.028791626055454
1.028791626055454
1.028791626055454
1.028791626055454
1.028791626055454
1.0279282455811014
1.0294213711563147
1.0294213711563147
1.031009204522559
1.031009204522559
1.0302225076400882
1.028742111143133
1.028742111143133
1.028742111143133
1.029722997507682
1.0284793492791275
1.0284793492791275
1.0284793492791275
1.0284793492791275
1.0281229466605857
1.0281229466605857
1.0281229466605857
1.0281229466605857
1.0281229466605857
1.0281229466605857
1.0281229466605857
1.0267931908649768
1.0282394793349794
1.0279915206783612
1.0279915206783612
1.0279915206783612
1.0279915206783612
1.0286517186900093
1.0286517186900093
1.0286517186900093
1.0286517186900093
1.0281953365938454
1.0281953365938454
1.0281953365938454
1.0278049281781554
1.0282367619317967
1.0287603593009942
1.026043513673679
1.0284202320469098
1.0293776075697025
1.0278440789453476
1.0269548328923583
1.0269548328923583
1.0269548328923583
1.0274826710003577
1.0274826710003577
1.0274586952311597
1.0274586952311597
1.0274270472344895
1.0274540247550783
1.027030395953704
1.026064947832558
1.026064947832558
1.026064947832558
1.0284231857710424
1.0282631321203062
1.0282631321203062
1.0282631321203062
1.0282631321203062
1.0282631321203062
1.0282631321203062
1.0282631321203062
1.0282631321203062
1.028280317725398
1.028280317725398
1.028280317725398
1.0275942959109934
1.0275942959109934
1.0275942959109934
1.0275942959109934
1.0275942959109934
1.0275942959109934
1.0275942959109934
1.0267083491353688
1.0267083491353688
1.0267083491353688
1.0267083491353688
1.0267083491353688
1.0267083491353688
1.0262098516839486
1.0262098516839486
1.0254004830124206
1.0254004830124206
1.025317256405745
1.025317256405745
1.025317256405745
1.025317256405745
1.025317256405745
1.025317256405745
1.026140428236241
1.026140428236241
1.0262642471288643
1.0262642471288643
1.0262642471288643
1.0262642471288643
1.0262642471288643
1.0262642471288643
1.0262642471288643
1.027425388889075
1.0271285590651638
1.0271285590651638
1.0271285590651638
1.0271285590651638
1.0271285590651638
1.0271285590651638
1.02571528153367
1.0260861582639877
1.0260861582639877
1.0260861582639877
1.0260861582639877
1.0260861582639877
1.0260861582639877
1.0260861582639877
1.0264960560773078
1.0264960560773078
1.0257668310639017
1.0254936833149229
1.025844906433462
1.0241028478584029
1.0255932856426186
1.025487367536816
1.0253347713758947
1.0253347713758947
1.0253347713758947
1.0253347713758947
1.0253347713758947
1.0253347713758947
1.0253347713758947
1.0253347713758947
1.0253347713758947
1.0260232037724348
1.0260232037724348
1.0256953824032
1.0256953824032
1.0256953824032
1.0260233521205318
1.0260233521205318
1.0260233521205318
1.0254056884767315
1.0254056884767315
1.0252740544256398
1.0252740544256398
1.0252740544256398
1.0258188751779822
1.026238770660025
1.0267777305843035
1.0267777305843035
1.0267777305843035
1.0267777305843035
1.0267777305843035
1.0262070969364299
1.0256757478879364
1.0256757478879364
1.0256757478879364
1.0276854584891524
1.0276854584891524
1.0276854584891524
1.0276854584891524
1.0276854584891524
1.028709270029312
1.02845532092092
1.02845532092092
1.02845532092092
1.0261266431135458
1.0259686786843312
1.0277539170543657
1.02863524833097
1.027974671440585
1.028749001611249
1.028749001611249
1.0264167528011845
1.0264167528011845
1.0264167528011845
1.0264167528011845
1.0264167528011845
1.0258923010069316
1.0258332181987244
1.0249633755681773
1.0247873326318924
1.0255212220371128
1.0264549249125352
1.0261390113302031
1.0261390113302031
1.0261390113302031
1.0261390113302031
1.0261390113302031
1.0271846008295304
1.028837736062761
1.0289520962907666
1.0277397420555812
1.028115780052733
1.0283960950441209
1.0283464705644332
1.0283464705644332
1.0283464705644332
1.0290129702090014
1.0290129702090014
1.0290129702090014
1.0290466963803466
1.027947797378316
1.027947797378316
1.027947797378316
1.0255553050135333
1.0255553050135333
1.0255553050135333
1.0255553050135333
1.0260192187316333
1.0275482086690257
1.0275482086690257
1.0284679503404617
1.0271397893697076
1.0271397893697076
1.0271397893697076
1.0272362142146836
1.0272362142146836
1.028629456614121
1.02838979621979
1.0282495840355517
1.0282495840355517
1.0282495840355517
1.0282495840355517
1.0282495840355517
1.0272743527767474
1.0272743527767474
1.0279644067626177
1.0279644067626177
1.0286706715486376
1.0286706715486376
1.0286706715486376
1.0286706715486376
1.0286706715486376
1.0295224572573498
1.02888438965486
1.02888438965486
1.02888438965486
1.02888438965486
1.0290289223594202
1.0302958485846423
1.0294329331166339
1.0293094955985316
1.0293094955985316
1.0286771697909916
1.0286771697909916
1.0286771697909916
1.0286771697909916
1.0286771697909916
1.0286771697909916
1.029396524532159
1.029396524532159
1.029396524532159
1.029396524532159
1.0284974318037565
1.0284974318037565
1.0280112627026121
1.0273572490640521
1.0273572490640521
1.0275445273821562
1.0275080068128402
1.0275080068128402
1.027227362100251
1.0272643456155015
1.0272643456155015
1.0272643456155015
1.0264186272698463
1.026218836768256
1.026218836768256
1.026218836768256
1.026218836768256
1.0268419868564311
1.0268419868564311
1.0268166144973585
1.0268166144973585
1.0268166144973585
1.0268166144973585
1.0268166144973585
1.0268166144973585
1.0270831293781004
1.0270831293781004
1.0270831293781004
1.0270831293781004
1.0270831293781004
1.0288359907132816
1.0288359907132816
1.0288359907132816
1.0288359907132816
1.0280458142687336
1.0280458142687336
1.0280458142687336
1.0284022260198482
1.0284022260198482
1.0284022260198482
1.0284022260198482
1.0284022260198482
1.0284022260198482
1.027611759081932
1.027611759081932
1.027611759081932
1.027611759081932
1.026943274828105
1.0272963068123553
1.0275892687422352
1.0275892687422352
1.0273085346712474
1.0273085346712474
1.0273085346712474
1.0273085346712474
1.0281857783787092
1.0281857783787092
1.0281857783787092
1.027018406603491
1.027018406603491
1.027018406603491
1.027018406603491
1.0272797519195673
1.0275480113510511
1.0275480113510511
1.0275480113510511
1.028371060943926
1.028371060943926
1.028815375771877
1.028815375771877
1.028815375771877
1.0279804350486865
1.0279804350486865
1.0279804350486865
1.0279804350486865
1.0279804350486865
1.0279804350486865
1.0275979560601687
1.025277026642048
1.025277026642048
1.0229857059276706
1.0257397728917355
1.0258040984169787
1.0258040984169787
1.0258040984169787
1.0258040984169787
1.0254972219027552
1.024866184490417
1.0259589487920688
1.0259589487920688
1.0270227060519028
1.0270227060519028
1.026467965538445
1.0268211635294227
1.0268211635294227
1.0256660522050987
1.0278536914625878
1.0266309865418277
1.026150893131703
1.0276003560609235
1.027623329654067
1.0267130697091227
1.0263851087245528
1.0263851087245528
1.0258709127191408
1.0258709127191408
1.0258709127191408
1.0258709127191408
1.0263619438540497
1.027475248088111
1.0273982661918177
1.0273982661918177
1.0273982661918177
1.0273982661918177
1.0273982661918177
1.0273982661918177
1.026649608698396
1.0276845009945346
1.0276845009945346
1.0276845009945346
1.0276845009945346
1.0273171648014163
1.0273171648014163
1.0273171648014163
1.028740937858092
1.028740937858092
1.027543699244578
1.0276182856169718
1.026864534400489
1.026864534400489
1.026864534400489
1.026864534400489
1.0270619367423939
1.0278742903355305
1.0278742903355305
1.0278742903355305
1.0279039382252486
1.0279039382252486
1.0279039382252486
1.0279514685930382
1.0279514685930382
1.026032103210128
1.0263595508101948
1.0268356889075947
1.0268356889075947
1.0268356889075947
1.0275248597418283
1.0275248597418283
1.0275248597418283
1.028306611786909
1.0272021263227504
1.027235476329407
1.027235476329407
1.026055214881607
1.0265129271080902
1.0265129271080902
1.0265129271080902
1.0265129271080902
1.0265129271080902
1.0265129271080902
1.0265129271080902
1.0265019862335718
1.0277934045226402
1.0277934045226402
1.0277934045226402
1.0287396443083847
1.029175824254807
1.029175824254807
1.0298639175367883
1.0278894774911644
1.0278894774911644
1.0278894774911644
1.0278894774911644
1.0278906356215471
1.0278906356215471
1.0278906356215471
1.028217143118391
1.0301396580709645
1.029657689118206
1.029657689118206
1.0297773046941805
1.0297773046941805
1.029916588445448
1.029169924659853
1.029169924659853
1.0274494841446313
1.0274494841446313
1.0274494841446313
1.0278712197192441
1.0278712197192441
1.0278712197192441
1.0278712197192441
1.0278712197192441
1.0278712197192441
1.0279735219757624
1.0279735219757624
1.0279735219757624
1.0279735219757624
1.02847163440375
1.02847163440375
1.0285823447525329
1.0302963796843243
1.0302963796843243
1.0302963796843243
1.0284836494622873
1.0284836494622873
1.0292261902837747
1.0292261902837747
1.0277169061107858
1.0277169061107858
1.0277169061107858
1.0277169061107858
1.0276717901424441
1.0276717901424441
1.0270205585764758
1.0270205585764758
1.0267891327458536
1.0278184064289078
1.0281883416929605
1.0281883416929605
1.0281883416929605
1.0281883416929605
1.0291209977201285
1.0291209977201285
1.0291209977201285
1.0288057852073043
1.0271832599911976
1.0272613640902004
1.0272613640902004
1.0272613640902004
1.0272613640902004
1.0272613640902004
1.0272613640902004
1.0270490290062781
1.0300598744328662
1.0300598744328662
1.0306694749812773
1.0300097068089795
1.0296926197370755
1.0284747992828966
1.0282287372676617
1.0282287372676617
1.0282287372676617
1.0288435996009082
1.0286173523262474
1.0286173523262474
1.0286173523262474
1.0280649975967175
1.0280649975967175
1.029724108775497
1.029249319265603
1.0278884635381549
1.0278884635381549
1.0278884635381549
1.0278884635381549
1.0282144246575329
1.0289416107223528
1.0295400443351164
1.0295400443351164
1.0288746382322103
1.02757378050391
1.0275706807066969
1.0276405214707438
1.0276405214707438
1.0276405214707438
1.0294035247975257
1.0294035247975257
1.029809055049335
1.029809055049335
1.0299591274647726
1.0299591274647726
1.0299591274647726
1.0299591274647726
1.0280530319964125
1.0280530319964125
1.0280530319964125
1.02903687815417
1.02903687815417
1.02903687815417
1.02903687815417
1.0296271371798802
1.0296271371798802
1.029014996963426
1.0299823478716845
1.0292322123179842
1.0292322123179842
1.0292753000057424
1.0290525094215672
1.0290525094215672
1.0290525094215672
1.0290525094215672
1.0290525094215672
1.0287576194955663
1.0300716295231802
1.0301489897717697
1.0288490468811924
1.0288490468811924
1.0288490468811924
1.0288490468811924
1.0288490468811924
1.0288490468811924
1.0288490468811924
1.0288490468811924
1.0288490468811924
1.0287961654191173
1.0287961654191173
1.0288986062013235
1.0288986062013235
1.0288986062013235
1.0288986062013235
1.0288986062013235
1.0296498107613283
1.0296498107613283
1.0296498107613283
1.0296498107613283
1.0293863860562216
1.0274702775056306
1.0274702775056306
1.0274702775056306
1.0274702775056306
1.0274702775056306
1.0274702775056306
1.0274702775056306
1.0274702775056306
1.0274702775056306
1.0274702775056306
1.0274702775056306
1.0285138731938799
1.0285138731938799
1.0285138731938799
1.0285138731938799
1.0289651705636207
1.0290516274041226
1.0290516274041226
1.0290516274041226
1.0301301712035376
1.0293571695724602
1.0293571695724602
1.0293571695724602
1.0293571695724602
1.0293571695724602
1.0293571695724602
1.0302083641314177
1.0302083641314177
1.0298336098431824
1.0298336098431824
1.0298336098431824
1.0298336098431824
1.0301132667356871
1.0301132667356871
1.0301132667356871
1.0301132667356871
1.0301132667356871
1.0297209911658438
1.0297209911658438
1.0294424917163905
1.0294424917163905
1.0294424917163905
1.029068800896554
1.0283521268739146
1.030497718424508
1.0285345689624528
1.0285345689624528
1.0283550362499982
1.0287561394108005
1.0306349214333235
1.0306349214333235
1.0285048133424373
1.0279950960628639
1.02887279309072
1.0270736906505948
1.0282277114995448
1.0282277114995448
1.029497157749553
1.029497157749553
1.0281371278446425
1.029055783324099
1.0280795042620159
1.0283105100052041
1.0283105100052041
1.0283105100052041
1.0282482261891979
1.0276697816212514
1.027252161868854
1.0281986058513632
1.0287150663870697
1.0287150663870697
1.0296626131839557
1.0296626131839557
