2.767540162816248
2.767540162816248
2.767540162816248
2.767540162816248
2.767540162816248
2.767540162816248
2.767540162816248
2.767540162816248
2.767540162816248
2.767540162816248
2.767540162816248
2.767540162816248
2.767540162816248
2.767540162816248
2.767540162816248
2.767540162816248
2.767540162816248
2.767540162816248
2.767540162816248
2.767540162816248
2.767540162816248
2.767540162816248
2.767540162816248
2.767540162816248
2.767540162816248
2.767540162816248
2.767540162816248
2.767540162816248
2.767540162816248
2.767540162816248
2.767540162816248
2.767540162816248
2.767540162816248
2.767540162816248
2.767540162816248
2.767540162816248
2.767540162816248
2.767540162816248
2.767540162816248
2.767540162816248
2.767540162816248
2.767540162816248
2.767540162816248
2.767540162816248
2.767540162816248
2.767540162816248
2.767540162816248
2.767540162816248
2.767540162816248
2.767540162816248
2.767540162816248
2.767540162816248
2.767540162816248
2.767540162816248
2.767540162816248
2.767540162816248
2.767540162816248
2.767540162816248
2.767540162816248
2.767540162816248
2.767540162816248
2.767540162816248
2.767540162816248
2.767540162816248
2.767540162816248
2.767540162816248
2.767540162816248
2.767540162816248
2.767540162816248
2.767540162816248
2.767540162816248
2.767540162816248
2.767540162816248
2.767540162816248
2.767540162816248
2.767540162816248
2.767540162816248
2.767540162816248
2.767540162816248
2.767540162816248
2.767540162816248
2.767540162816248
2.767540162816248
2.767540162816248
2.767540162816248
2.767540162816248
2.767540162816248
2.767540162816248
2.767540162816248
2.767540162816248
2.767540162816248
2.767540162816248
2.767540162816248
2.767540162816248
2.767540162816248
2.767540162816248
2.767540162816248
2.767540162816248
2.767540162816248
2.767540162816248
2.767554742751745
2.820751909579819
2.827837550045134
2.827837550045134
2.827837550045134
2.8297125381878723
2.8297125381878723
2.840019476956863
2.859655739536256
2.8650768515624265
2.869659480084024
2.869659480084024
2.8698767156060128
2.8698767156060128
2.8698767156060128
2.8698767156060128
2.9002574317875736
2.9244699157494445
2.9244699157494445
2.9244699157494445
2.9244699157494445
2.9316365463029928
2.9401658145263543
2.9477287626056485
2.9477287626056485
2.964869035376815
2.9637277339951673
2.9637277339951673
2.9637277339951673
2.9637277339951673
2.9637277339951673
2.9637277339951673
2.9983972081295875
2.9983972081295875
2.9983972081295875
3.0042623210818964
3.0135549870745795
3.018195325240745
3.0411361463680437
3.0648535086374107
3.0648535086374107
3.1049689130723648
3.1096728569220735
3.1096728569220735
3.1152346080571456
3.114876174838847
3.114876174838847
3.114876174838847
3.114876174838847
3.1363365392750917
3.1363365392750917
3.1363365392750917
3.135574272044434
3.135574272044434
3.135574272044434
3.143175696398607
3.151241124646171
3.151241124646171
3.157804939741978
3.157804939741978
3.157804939741978
3.1782272664666493
3.163157356590407
3.142463598979648
3.1536323229293193
3.1602764534135326
3.1598195322961837
3.178075969108255
3.178075969108255
3.178075969108255
3.1764953618906593
3.1764953618906593
3.1741579195342875
3.1741579195342875
3.1741579195342875
3.1741579195342875
3.1727458272763793
3.1735079062270195
3.1605465088201266
3.1808385110136594
3.1808385110136594
3.1824965080323584
3.1824965080323584
3.1824965080323584
3.165059612714188
3.170500322072345
3.170500322072345
3.187776035923892
3.15661701531868
3.15661701531868
3.15661701531868
3.177271475689614
3.186057374453502
3.166478208526693
3.166478208526693
3.139695403600489
3.190339132847519
3.1866752745980387
3.1866752745980387
3.1700413354324133
3.151938103562548
3.151938103562548
3.1543199438010907
3.1751576552867733
3.1751576552867733
3.1947240557238357
3.181296577872638
3.1728937885009505
3.1610213461658407
3.1805129014734823
3.1768662713310123
3.1768662713310123
3.1768662713310123
3.1768662713310123
3.1768662713310123
3.1768662713310123
3.18947392749151
3.184762926612353
3.1766900328390784
3.1766900328390784
3.1780114427669814
3.1714112727685078
3.1746002365619415
3.176455737556471
3.176455737556471
3.2159543650417954
3.2274069747469323
3.2274069747469323
3.205635901060442
3.205635901060442
3.1823583365697456
3.1607237478855392
3.1638945505482443
3.1659867086641538
3.159816512499643
3.153966450297877
3.153966450297877
3.1656629959075
3.1595299313889833
3.1595299313889833
3.1595299313889833
3.1595299313889833
3.156888215693274
3.172790692826883
3.172790692826883
3.1668489384818623
3.157391972849462
3.16869991714513
3.16869991714513
3.16869991714513
3.17107844933515
3.1793714857495057
3.1793714857495057
3.1836417375498987
3.1836417375498987
3.1836417375498987
3.1914786806253583
3.1726678962123223
3.204160961653555
3.208788304319279
3.2012270055519685
3.215512364007033
3.2153621657867792
3.212436563765589
3.212436563765589
3.212436563765589
3.213246894540372
3.213246894540372
3.213246894540372
3.2224387455206704
3.2224387455206704
3.2224387455206704
3.210511134034992
3.210511134034992
3.2165080449331076
3.22558980711403
3.22558980711403
3.2206106455929358
3.20375312551925
3.20375312551925
3.202012397800581
3.20455445937445
3.20455445937445
3.211942165768216
3.211942165768216
3.1940563860637883
3.1993735396415564
3.2006786017382214
3.186995798202517
3.210047411879091
3.2094042419583566
3.2117479060911185
3.2050061423214595
3.2025474148566264
3.2067418097394995
3.2264475720674746
3.2264475720674746
3.2264475720674746
3.2264475720674746
3.202102452104252
3.2015114742390405
3.1814748089212443
3.197103350843756
3.197103350843756
3.2080868585355353
3.2185633787913135
3.2143363745215248
3.2143363745215248
3.2143363745215248
3.2143363745215248
3.2143363745215248
3.2198554550554435
3.226691165522129
3.193269425994666
3.193269425994666
3.200992781109661
3.199767372652543
3.220627769202204
3.210713692372461
3.210713692372461
3.2257104688903806
3.2277796948303976
3.2277796948303976
3.2277796948303976
3.239315944273353
3.2232613539156585
3.2232613539156585
3.2232613539156585
3.2232613539156585
3.2232613539156585
3.2232613539156585
3.2232613539156585
3.2121019178542385
3.218885639961429
3.2166688431269583
3.2190096759984446
3.22293797430449
3.2260863442910845
3.2260863442910845
3.218285390062282
3.218285390062282
3.2321272151747023
3.2380936463987764
3.2443371787942077
3.222161159407043
3.2222323053804587
3.23463710650699
3.2249889462355497
3.232480007517664
3.232480007517664
3.232480007517664
3.232480007517664
3.232480007517664
3.232480007517664
3.232480007517664
3.2538313830085213
3.2355489167648175
3.2554955764587072
3.2554955764587072
3.2554955764587072
3.2200490287457546
3.2200490287457546
3.2200490287457546
3.2075875216240446
3.2075875216240446
3.219566658183716
3.219566658183716
3.219566658183716
3.219566658183716
3.219566658183716
3.20804261383692
3.20804261383692
3.206769381608716
3.222904204167173
3.1946746187180177
3.221674186929427
3.221674186929427
3.2209435391930956
3.2209435391930956
3.200064535009731
3.200064535009731
3.200064535009731
3.21364464627584
3.213825780379864
3.213676563109264
3.2276739837228994
3.2276739837228994
3.2276739837228994
3.2276739837228994
3.2375337459753393
3.2277147197886973
3.2287138473367705
3.235781382925585
3.2434767199450394
3.240162522696567
3.240162522696567
3.240162522696567
3.240162522696567
3.240162522696567
3.238299904379954
3.238299904379954
3.2435691982390784
3.2531932457463824
3.2342808737542366
3.2342808737542366
3.251236953735771
3.266422913926939
3.271496567935134
3.271496567935134
3.2519638961233075
3.2519638961233075
3.2519638961233075
3.245953433296759
3.252996032293615
3.252996032293615
3.252996032293615
3.259954729200264
3.262798077936176
3.2636567508075034
3.2636567508075034
3.2636567508075034
3.2550384299561435
3.2550384299561435
3.2483468040245316
3.2483468040245316
3.2656330792808377
3.289655704604436
3.2681209717295303
3.250963360412575
3.2704951654029433
3.2704951654029433
3.2704951654029433
3.2526923893033888
3.2453570153701508
3.2482240427322275
3.2482240427322275
3.2482240427322275
3.2712115119307135
3.2712115119307135
3.2686843583244802
3.2713050155913734
3.2731818809905135
3.245363987582059
3.2658320732351123
3.2514073591895887
3.242557295573776
3.247467937255685
3.2587040056599066
3.2218763236330084
3.237747629466446
3.237747629466446
3.237747629466446
3.237747629466446
3.2242090370097114
3.222133423055098
3.229910460731661
3.2210811172965976
3.2210811172965976
3.2185568909046225
3.1942057004637645
3.2041333251466377
3.2041333251466377
3.2041333251466377
3.197769930952367
3.197769930952367
3.2054975070325
3.2054975070325
3.1920640643960585
3.1920640643960585
3.1920640643960585
3.200430154219455
3.2186739872821697
3.2186739872821697
3.189323021244719
3.189323021244719
3.22002778693524
3.209104718752172
3.220051680561548
3.2337611963663915
3.213829165476359
3.2166176173840504
3.2166176173840504
3.2166176173840504
3.2197337698611572
3.2197337698611572
3.2197337698611572
3.2197337698611572
3.2197337698611572
3.2197337698611572
3.2450799987647896
3.2150445216139247
3.2150445216139247
3.21972654705909
3.21972654705909
3.2252429646429763
3.2252429646429763
3.2168333038677877
3.218592754727507
3.21421745752389
3.2330940152462118
3.2273405023755735
3.2273405023755735
3.217085821697151
3.223152646731916
3.223152646731916
3.235896773903574
3.235896773903574
3.235896773903574
3.239287416605719
3.2459754706299253
3.236944654335969
3.236944654335969
3.2136727538678227
3.2184389598951393
3.2165246449432314
3.214117812014066
3.214117812014066
3.212051260743435
3.2074469622949184
3.2074469622949184
3.2283535658477525
3.2283535658477525
3.22672737331286
3.22672737331286
3.22672737331286
3.22672737331286
3.2327486738129694
3.237562424300148
3.224049933355532
3.224049933355532
3.224049933355532
3.224049933355532
3.243568831250417
3.243568831250417
3.222949902935292
3.226708953600118
3.2262841575632213
3.2190655394083008
3.2190655394083008
3.212123822281184
3.212123822281184
3.201915207417123
3.219518343908273
3.2200186379404423
3.2200186379404423
3.2200186379404423
3.2264129859750845
3.227224293052452
3.210242667288711
3.210242667288711
3.210242667288711
3.2010341084102194
3.202671914402862
3.2022736309344495
3.1726858546186025
3.1790828332855927
3.193619121381933
3.1711280006824327
3.1711280006824327
3.175306168268474
3.162328834228676
3.162328834228676
3.162328834228676
3.162328834228676
3.162328834228676
3.168815715119758
3.2029923113085244
3.2061772220352265
3.2054744539851803
3.1974773913102434
3.2016143070848027
3.2016143070848027
3.2016143070848027
3.2012569898662058
3.2012569898662058
3.2012569898662058
3.188145905486405
3.164737346489652
3.177459774405125
3.183464001641075
3.183464001641075
3.183464001641075
3.1779913242235907
3.195174858704245
3.1892547313943855
3.175636045395838
3.1804251375139243
3.2068154097346304
3.203189010796098
3.203189010796098
3.228953243093855
3.224764500557952
3.224764500557952
3.224764500557952
3.224764500557952
3.2167433047872005
3.2167433047872005
3.220343058918458
3.1954831650740383
3.204734385945353
3.1849912416924733
3.1881730744149217
3.1901508275459944
3.1901508275459944
3.1922709089330175
3.1922709089330175
3.2136862531830843
3.2136862531830843
3.2136862531830843
3.1987482281330055
3.1987482281330055
3.2155546972270974
3.2082970963372017
3.2082970963372017
3.2082970963372017
3.2082970963372017
3.2082970963372017
3.220673157200145
3.220673157200145
3.220673157200145
3.2224928232345156
3.2224928232345156
3.2224928232345156
3.207439402784182
3.207439402784182
3.207439402784182
3.207439402784182
3.20801913693147
3.2089233725977455
3.205261668450556
3.2232139907068986
3.2232139907068986
3.2211938449529143
3.219288752091563
3.215743035375733
3.223159670929869
3.2053710973478378
3.2053710973478378
3.205212101388914
3.2095747879968615
3.223196399221192
3.2180451212847014
3.2180451212847014
3.2180451212847014
3.2180451212847014
3.22745743244893
3.2314866320856774
3.2485163608807386
3.2522984217145363
3.2712804537926865
3.2712804537926865
3.258661615616935
3.2617949197528415
3.2617949197528415
3.2587714028734416
3.246567581639702
3.247784137954943
3.247784137954943
3.2594787340882543
3.2242277550198333
3.212734624026838
3.226851867118538
3.24466231953658
3.2222758941226703
3.2222758941226703
3.216383520137975
3.218100586781841
3.225656544418474
3.2216538534934127
3.2216538534934127
3.2216538534934127
3.2216538534934127
3.2216538534934127
3.2216538534934127
3.2216538534934127
3.2216538534934127
3.2216538534934127
3.2216538534934127
3.2216538534934127
3.225796654778535
3.225796654778535
3.2242245424140505
3.2049253927651624
3.2146621106328457
3.2178562461568494
3.2103213619564968
3.222735485163634
3.2320410745802803
3.2320410745802803
3.240603911085751
3.240603911085751
3.240603911085751
3.240603911085751
3.240603911085751
3.240603911085751
3.2488361173948483
3.2488361173948483
3.223656572770505
3.2363883764768673
3.2370536842405766
3.2370536842405766
3.220906005304795
3.220906005304795
3.220906005304795
3.2219865818989843
3.2450701664880275
3.2450701664880275
3.2654865923578864
3.2654865923578864
3.2654865923578864
3.2443252716962263
3.233513583733029
3.227372503486837
3.227372503486837
3.197873300321291
3.211963239735354
3.2102291458066694
3.2102291458066694
3.2102291458066694
3.2102291458066694
3.2102291458066694
3.212351709682483
3.217083401174485
3.2404550920155097
3.2287275537793296
3.2287275537793296
3.2126906815913228
3.2126906815913228
3.2090089893438463
3.2090089893438463
3.2090089893438463
3.2090089893438463
3.221950245584672
3.2228194872810123
3.22151692758897
3.2190743143384397
3.2190743143384397
3.21363254473288
3.21363254473288
3.2235316930342623
3.2235316930342623
3.2235316930342623
3.2235316930342623
3.2235316930342623
3.221576634714935
3.221576634714935
3.221576634714935
3.2306208873569697
3.2411812820199435
3.2411812820199435
3.2411812820199435
3.2411812820199435
3.2411812820199435
3.2411812820199435
3.2411812820199435
3.249481715756018
3.249481715756018
3.249481715756018
3.249481715756018
3.237896662975436
3.237896662975436
3.237896662975436
3.2303982475739046
3.2340846951959743
3.2340846951959743
3.2340846951959743
3.2340846951959743
3.2340846951959743
3.2340846951959743
3.227093348366149
3.227093348366149
3.2220579423460833
3.2473052704497034
3.2539759289338566
3.2389828551604634
3.2389828551604634
3.2389828551604634
3.2389828551604634
3.2389828551604634
3.243824497671231
3.2318597377960305
3.2318597377960305
3.2318597377960305
3.2229902194854376
3.2229902194854376
3.2229902194854376
3.2218906229165185
3.2218906229165185
3.2218906229165185
3.221953012803375
3.221953012803375
3.2190732044295087
3.2190732044295087
3.209777826119355
3.2089810695752634
3.23406741063158
3.2144897996241473
3.2144897996241473
3.2144897996241473
3.2291489759516696
3.2291489759516696
3.2291489759516696
3.2194893511853677
3.214580548405168
3.1913429123796164
3.1913429123796164
3.198375990629741
3.200951145756989
3.200951145756989
3.194296888165566
3.204533756093239
3.204533756093239
3.204533756093239
3.204533756093239
3.213285758472974
3.213285758472974
3.213285758472974
3.213285758472974
3.213285758472974
3.207865519338058
3.1966378875683956
3.1966378875683956
3.2256782916700097
3.2256782916700097
3.239449163380993
3.239449163380993
3.253955149578639
3.2215211478040255
3.222007064067292
3.237065205601813
3.2502009402342757
3.2516003778287383
3.2318444064836194
3.223209511831376
3.2190242793698145
3.2050004626949105
3.2050004626949105
3.2364711062283704
3.2430995949117007
3.2163480531178683
3.224527185635601
3.212300708193029
3.2084191896421617
3.2084191896421617
3.1860751376680043
3.1860751376680043
3.2002762857018308
3.2002762857018308
3.2106146936419355
3.223463133906726
3.223463133906726
3.226872751029544
3.226872751029544
3.2323178608522873
3.219650626574153
3.2400185163868196
3.2400185163868196
3.2275351723490604
3.2275351723490604
3.2213789544049947
3.2353075742276425
3.2353075742276425
3.2408219409563817
3.2408219409563817
3.2115209260199595
3.2240653340192833
3.2213365424769145
3.2423073163522202
3.221902460235414
3.2300435209106033
3.2300435209106033
3.24291759084162
3.242367057353407
3.209267459479115
3.209267459479115
3.198220950000858
3.2044511792799373
3.1963691595073973
3.2120302791477284
3.221686789211179
3.254074347545986
3.229653319456631
3.235541848804766
3.235541848804766
3.235541848804766
3.2218664172339913
3.2218664172339913
3.2218664172339913
3.2218657321498743
3.2218657321498743
3.2218657321498743
3.2218657321498743
3.2218657321498743
3.2112950297231677
3.2112950297231677
3.221452395444069
3.221452395444069
3.221452395444069
3.221452395444069
3.226374139131924
3.226374139131924
3.2327302632955637
3.2433556310099103
3.2433556310099103
3.2433556310099103
3.231691220682493
3.231691220682493
3.2129354598409483
3.219188030398262
3.2137049821364054
3.2137049821364054
3.2106452469583955
3.2070494155581826
3.20928433952599
3.20928433952599
3.20928433952599
3.20928433952599
3.20928433952599
3.20928433952599
3.2108262924561712
3.2166072769118688
3.2166072769118688
3.2101271500158357
3.2198747243680774
3.2327812489868744
3.232316783310918
3.208715744549369
3.2365845143340426
3.225673128029761
3.240219566633656
3.2114226538350437
3.2143890078234354
3.238804889004535
3.2610628530702015
3.2600786901545327
3.2379393726256067
3.2398867117072294
3.2398867117072294
3.209418085016348
3.209418085016348
3.205483192912413
3.205483192912413
3.1934206399360434
3.1934206399360434
3.20626691944694
3.1989790974259353
3.248404673259787
3.248404673259787
3.2360417037407148
3.19447913520529
3.19447913520529
3.19447913520529
3.1892720177045764
3.2048065799696843
3.219107123661127
3.225805839342563
3.225805839342563
3.225805839342563
3.214364500133357
3.2003532662483902
3.2076766167797626
3.2061551915223614
3.2061551915223614
3.211462593242401
3.211462593242401
3.211462593242401
3.211462593242401
3.2209195351637474
3.2209195351637474
3.2209195351637474
3.226530313394106
3.226530313394106
3.219595366036772
3.219595366036772
3.227638302668732
3.2256403354833965
3.2256403354833965
3.2256403354833965
3.2224113483287105
3.2262071019526966
3.2261778320763153
3.2156703671152145
3.196906583879291
3.1943975745809126
3.1943975745809126
3.1943975745809126
3.198201854436414
3.1987136135427305
3.1903467593481367
3.1903467593481367
3.1903467593481367
3.180967455421192
3.1858301262261857
3.168572708225604
3.175195851230283
3.175195851230283
3.1772754615943715
3.1772754615943715
3.1777793811337776
3.1777793811337776
3.181492752022426
3.181492752022426
3.181492752022426
3.189685450970664
3.189685450970664
3.189685450970664
3.189685450970664
3.189685450970664
3.189685450970664
3.1962769840720497
3.195998512283743
3.179626511518862
3.179626511518862
3.179626511518862
3.1954640977075637
3.1957723648118943
3.1957723648118943
3.160308230921993
3.160308230921993
3.160308230921993
3.160308230921993
3.192085078049058
3.192085078049058
3.192085078049058
3.189026931617391
3.189026931617391
3.189026931617391
3.189026931617391
3.164961160124495
3.1795629477139493
3.2080188333510127
3.2080490308183283
3.2080490308183283
3.2080490308183283
3.2233038979487394
3.2233038979487394
3.2233038979487394
3.2233038979487394
3.2233038979487394
3.2233038979487394
3.218308978144023
3.2287407472211473
3.2287407472211473
3.200634333799225
3.200634333799225
3.200634333799225
3.2347689698485573
3.2347689698485573
3.2347689698485573
3.2347689698485573
3.2262996942215363
3.2262996942215363
3.245235890984608
3.245235890984608
3.2316104586676024
3.206795476166899
3.205398096557833
3.21967993333925
3.220424852031362
3.220424852031362
3.231412182144318
3.231412182144318
3.23885232639298
3.23885232639298
3.233620054988992
3.26210719917922
3.26210719917922
3.26210719917922
3.2448857817301238
3.2499743896778197
3.2499743896778197
3.2295835376123345
3.2343106060114213
3.2290516000048233
3.255018109944837
3.2350905820319777
3.228242733633462
3.228242733633462
3.228242733633462
3.228242733633462
3.2412917248543067
3.2412917248543067
3.2412917248543067
3.2286668539977748
3.2286668539977748
3.2286668539977748
3.238751306076947
3.2461311369390944
3.2055973626646432
3.1940867845971592
3.1940867845971592
3.186393134758743
3.186393134758743
3.186393134758743
3.186393134758743
3.222514899113856
3.2177686547751767
3.2177686547751767
3.2177686547751767
3.2177686547751767
3.200628392308758
3.187491137513324
3.187491137513324
3.187491137513324
3.175589951750757
3.171657705945012
3.1947781504795643
3.1991145538220316
3.1991145538220316
3.1991145538220316
3.173002874824717
3.173002874824717
3.173002874824717
3.183386565757831
3.183386565757831
3.183386565757831
3.183386565757831
3.1927839832453104
3.1927839832453104
3.1940454532083047
3.193439148709865
3.175409620799497
3.175409620799497
3.175409620799497
3.1581526385358023
3.1581526385358023
3.1567930143680227
3.1567930143680227
3.1567930143680227
3.1567930143680227
3.1636943723247257
3.205887733486216
3.1975711949626615
3.209645831188134
3.209645831188134
3.2110437058806593
3.2166423663109214
3.2221018889078947
3.2530370563814275
3.2527659890442346
3.2527659890442346
3.259619368097354
3.227228421653603
3.227228421653603
3.2235108174818916
3.2019142450892657
3.23295144864448
3.23295144864448
3.23295144864448
3.241156528056308
3.241156528056308
3.241156528056308
3.241156528056308
3.2477785241523853
3.249373157732346
3.2431813824746336
3.2431813824746336
3.2431813824746336
3.243310055204225
3.232501845508682
3.2227141616159556
3.2227141616159556
3.2227141616159556
3.235319919485079
3.2149596981202198
3.227602871322404
3.227602871322404
3.227602871322404
3.227602871322404
3.205785756489122
3.220785122515808
3.220785122515808
3.220785122515808
3.220785122515808
3.189566041623685
3.200128696777919
3.202276189337666
3.188816988760929
3.188816988760929
3.188816988760929
3.2007584465832726
3.2247702780112846
3.2247702780112846
3.186023482404191
3.2065146678663794
3.220363793957525
3.222004293111938
3.243527444590716
3.25447423366276
3.240204091345363
3.240204091345363
3.240204091345363
3.2238452791418535
3.2237577498064405
3.212836201232368
3.2169391248782513
3.2169391248782513
3.2224391053696944
3.2191444270173855
3.2232391231922963
3.2232391231922963
3.2232391231922963
3.2246336017605026
3.2246336017605026
3.2246336017605026
3.2257309821112967
3.2257309821112967
3.2242467937804036
3.192455028813386
3.1967898246389463
3.1976846574779048
3.1879892648448878
3.1848821106192204
3.1848821106192204
3.190984672877794
3.207274588123769
3.189295333026366
3.189295333026366
3.189295333026366
3.194607778870456
3.1968602142643445
3.1940197779252975
3.1940197779252975
3.1940197779252975
3.19260979130642
3.19260979130642
3.195908729626717
3.1928745002317003
3.1928745002317003
3.1928745002317003
3.189081315835206
3.189081315835206
3.189081315835206
3.189081315835206
3.1720825387126674
3.1720825387126674
3.180485967391234
3.180485967391234
3.187879533741041
3.189346482018589
3.1892271290571625
3.19245314730439
3.19312140894497
3.1923622368308173
3.2117024513940313
3.2117024513940313
3.2117024513940313
3.2117024513940313
3.2117024513940313
3.195882038208939
3.195882038208939
3.205119914201934
3.2220376793577157
3.2220222119378916
3.213890161194597
3.2250601303871607
3.224124441851774
3.206522847941898
3.2079987339470883
3.205054596663293
3.2163991098050952
3.2271761570026847
3.2271761570026847
3.2271761570026847
3.1982035924963856
3.2051383738884445
3.193589445408005
3.1905838900006547
3.2016029634952377
3.1893264755473476
3.1865926293489704
3.2061942521619464
3.228125883855688
3.2205961681152355
3.2205961681152355
3.220462488308878
3.220462488308878
3.220462488308878
3.2242966508153974
3.2242966508153974
3.2242966508153974
3.2261981428090207
3.2261981428090207
3.2289466802750804
3.2182516588167314
3.23013029085816
3.23013029085816
3.23013029085816
3.23013029085816
3.214028520652941
3.214028520652941
3.2055899005466917
3.2055899005466917
3.2055899005466917
3.2043054762074954
3.2064127797892175
3.2064127797892175
3.205518621176159
3.205518621176159
3.205518621176159
3.205518621176159
3.227026076643533
3.2356541147431774
3.2356541147431774
3.2356541147431774
3.2164607619125705
3.2050096384495306
3.209578748718822
3.209578748718822
3.209578748718822
3.2121369356190326
3.2237405320926533
3.210200540394823
3.210200540394823
3.2205403037007003
3.198259128457647
3.198259128457647
3.198259128457647
3.1953877917214424
3.1953877917214424
3.1953877917214424
3.1953877917214424
3.187759981414986
3.1947852940391375
3.1947852940391375
3.195510732614337
3.2041135919571233
3.2041135919571233
3.2041135919571233
3.2041135919571233
3.1992682312213785
3.2097025965461685
3.2097025965461685
3.2097025965461685
3.210710396593517
3.2279639573704415
3.2135664102647
3.235995152424373
3.235995152424373
3.2275005244254245
3.1986838519235383
3.1976596027955826
3.1976596027955826
3.19238064946166
3.19238064946166
3.20532847591836
3.1855156294991582
3.202670500981121
3.1858214509755722
3.188369883369583
3.188373544754188
3.181140278410713
3.1834560283300126
3.1834560283300126
3.1834560283300126
3.183314133739282
3.198304154328322
3.198304154328322
3.198304154328322
3.198304154328322
3.200375759643851
3.2040121263528945
3.2040121263528945
3.2040121263528945
3.2022032881240365
3.2022032881240365
3.2022032881240365
3.2022032881240365
3.198109982266961
3.198109982266961
3.2098637635298153
3.22476158561551
3.22476158561551
3.22476158561551
3.22476158561551
3.2161517769592862
3.2161517769592862
3.221638663315585
3.221638663315585
3.230749511568933
3.230749511568933
3.230749511568933
3.2464177717261014
3.2464177717261014
3.241973996758881
3.225302131009602
3.2622667968549517
3.2577117322819227
3.2397411048102827
3.237800114787998
3.237800114787998
3.237800114787998
3.237800114787998
3.2338203264614465
3.225482438398183
3.225482438398183
3.218702447744956
3.216737133728766
3.232389695648551
3.233423769134288
3.2066649722126748
3.224465628739152
3.224465628739152
3.224465628739152
3.224465628739152
3.224465628739152
3.208640044566704
3.208640044566704
3.208640044566704
3.215616380563219
3.2133416722211146
3.207869166411058
3.207869166411058
3.207869166411058
3.2133284236426665
3.207417996017337
3.214846429120495
3.202057679600029
3.2044537404028524
3.2148147190834293
3.225354104395532
3.2111176027977564
3.1963167267545574
3.1966323092114877
3.1905366552251984
3.1905366552251984
3.1905366552251984
3.1905366552251984
3.1905366552251984
3.1905366552251984
3.1905366552251984
3.1905366552251984
3.2114861503237004
3.2114861503237004
3.205775084676681
3.216392083829169
3.2096427389924025
3.2096427389924025
3.1954703367973782
3.1954703367973782
3.1917367336958486
3.1917367336958486
3.183664263213877
3.200443533881899
3.200443533881899
3.1894191456022014
3.2163326619486368
3.2163326619486368
3.2163326619486368
3.2163326619486368
3.206233193862871
3.206233193862871
3.209904101892798
3.209904101892798
3.1956057073234896
3.204493333546998
3.204493333546998
3.2092260149666876
3.212612514905038
3.209522268324614
3.2227116710930623
3.2227116710930623
3.213684564409547
3.213684564409547
3.231381607111062
3.231381607111062
3.2438138880219474
3.244548027008399
3.244548027008399
3.24924147968181
3.24924147968181
3.258234929447814
3.260247840917633
3.2607927073498866
3.2607927073498866
3.2484111473609767
3.248830948452323
3.231809377633132
3.231809377633132
3.2333265388740497
3.232519670333754
3.232519670333754
3.232519670333754
3.232519670333754
3.2285173490488104
3.2285173490488104
3.209982943468632
3.209982943468632
3.209982943468632
3.2347181352497376
3.212475716341252
3.232889951574655
3.2408013232342734
3.2362149002296747
3.2362149002296747
3.2362149002296747
3.2362149002296747
3.2300157204880553
3.2478701938095655
3.2530673960484418
3.2419755708476163
3.2419755708476163
3.247654743632958
3.247654743632958
3.231333225050107
3.2253456553383826
3.2173654519845862
3.220091669516111
3.2126801954613713
3.214205574305152
3.215098437488439
3.215098437488439
3.215098437488439
3.215098437488439
3.223908671252481
3.223908671252481
3.223908671252481
3.223908671252481
3.209145247272373
3.2324030065053337
3.2189685483123633
3.225628907677527
3.225628907677527
3.225628907677527
3.238564320139932
3.2431148893327064
3.233349452087212
3.2275198070014266
3.2325728889949104
3.2401466894443622
3.2401466894443622
3.2375070617741755
3.2328189656939696
3.2328189656939696
3.230175469098185
3.2183566000437107
3.2400856064292762
3.240155500635182
3.240155500635182
3.240155500635182
3.2364671040180264
3.235291232523862
3.2383247089977965
3.2383247089977965
3.2383247089977965
3.2249918337424393
3.2249918337424393
3.197245968592634
3.2168479417628633
3.2168479417628633
3.2049272603946743
3.222141079029459
3.222141079029459
3.214848842188797
3.214848842188797
3.2313213579917415
3.247194299074892
3.247194299074892
3.247194299074892
3.247194299074892
3.2162847978833886
3.2162847978833886
3.219277531766259
3.2332098539755836
3.2467701792948183
3.241405157377663
3.2233260213188397
3.2233260213188397
3.231553820303112
3.2160197495689284
3.2160197495689284
3.2151640130726222
3.2151640130726222
3.2122878379237796
3.222748087917691
3.236854058341775
3.236854058341775
3.224358144386186
3.2116806716904684
3.2116806716904684
3.214754139680322
3.214065711177173
3.214065711177173
3.214065711177173
3.2228333000661262
3.2228333000661262
3.2192808096689647
3.2192808096689647
3.2192808096689647
3.218887343736483
3.218887343736483
3.2360437771286645
3.2360437771286645
3.2360437771286645
3.2360437771286645
3.189574086091044
3.189574086091044
3.189574086091044
3.1890560143059146
3.1890560143059146
3.1890560143059146
3.1890560143059146
3.1900191932547535
3.1900191932547535
3.2054325103454815
3.2054325103454815
3.2054325103454815
3.2054325103454815
3.2054325103454815
3.2062180907534543
3.2062180907534543
3.198928675295271
3.21776779473085
3.2066412547047323
3.2066412547047323
3.2066412547047323
3.2066412547047323
3.2066412547047323
3.2066412547047323
3.2066412547047323
3.2045032239422526
3.2045032239422526
3.2045032239422526
3.2114955465083175
3.2114955465083175
3.176585423152249
3.195714945933397
3.195714945933397
3.195714945933397
3.2018636394279354
3.2043310573770385
3.190980564226914
3.190980564226914
3.190980564226914
3.1957537087449093
3.2115018380355993
3.2115018380355993
3.2214331478067204
3.1881862730190464
3.1881862730190464
3.1881862730190464
3.1881862730190464
3.2012321190855317
3.210053765071463
3.188801094562134
3.1733904429038127
3.1897031685075254
3.1881927492118334
3.1887061735679905
3.1887061735679905
3.1991077382245785
3.1991077382245785
3.1847629893775036
3.1847629893775036
3.199005548108189
3.20257554892337
3.20257554892337
3.213366794145669
3.2389843583139997
3.2389843583139997
3.217139548529736
3.228420545199773
3.2011240703411907
3.247959805189802
3.246707615811911
3.244325033701041
3.233903516336941
3.233903516336941
3.2154575716762617
3.2154575716762617
3.1978696468759846
3.191941293362435
3.191941293362435
3.185807033115909
3.185807033115909
3.185807033115909
3.185807033115909
3.193946200095256
3.218485456227254
3.2162411523222345
3.2162411523222345
3.2162411523222345
3.2004402537114562
3.203204913646335
3.212977823118766
3.2096467667899393
3.195831152889113
3.1967587481973814
3.2122492392487367
3.2122492392487367
3.2122492392487367
3.1969357959285762
3.204153871417179
3.2052173864006415
3.2052173864006415
3.203093936179557
3.1882410006835533
3.1882410006835533
3.1882410006835533
3.1967253593045624
3.1967253593045624
3.221519462188357
3.221519462188357
3.221519462188357
3.221519462188357
3.221519462188357
3.221519462188357
3.221519462188357
3.2131626876060135
3.2131626876060135
3.23544358945012
3.2333250436526053
3.2333250436526053
3.2333250436526053
3.21406356878146
3.21406356878146
3.227738617983306
3.230350637505678
3.230350637505678
3.230350637505678
3.230350637505678
3.2392433773119755
3.2392433773119755
3.2386734451387027
3.2350412732551472
3.2249983334799364
3.2185507176664414
3.2185507176664414
3.2343394713154345
3.2298871689119877
3.218461354571025
3.218461354571025
3.218461354571025
3.2224546174551385
3.2224546174551385
3.216137733700939
3.224974505666068
3.224974505666068
3.209861339742425
3.2203190122300382
3.1989784621593653
3.1989784621593653
3.2526772603200698
3.230138777876718
3.2247941093337906
3.2110433164541843
3.2086528859467602
3.2086528859467602
3.2086528859467602
3.1989102481589082
3.1989102481589082
3.1989102481589082
3.2115474783266387
3.1828559576807076
3.165547969145643
3.1550203908620973
3.1550203908620973
3.1550203908620973
3.1550203908620973
3.178176692131744
3.1782360818213706
3.1782360818213706
3.180040603608881
3.164592730680453
3.164592730680453
3.161592770594564
3.178134956239262
3.201795050407479
3.1941324353386955
3.2090734840303967
3.1960172788516026
3.1960172788516026
3.1960172788516026
3.20261016229483
3.20261016229483
3.20261016229483
3.2072103606327835
3.1820922457283536
3.1820922457283536
3.1820922457283536
3.1820922457283536
3.1820922457283536
3.1820922457283536
3.1820922457283536
3.1974604954081114
3.194628770027333
3.19501331013317
3.19501331013317
3.1952092644040855
3.1952092644040855
3.204924309597381
3.204924309597381
3.2172073391601903
3.179884797238153
3.179884797238153
3.189158970105471
3.189158970105471
3.1772723880571276
3.1887154504862916
3.1887154504862916
3.1850696647047525
3.187683593404901
3.18630381836165
3.18630381836165
3.201639781266688
3.229242789537967
3.226242098734846
3.226242098734846
3.2094027388171105
3.2094027388171105
3.2239245700921506
3.2239245700921506
3.2103803531241453
3.2103803531241453
3.2103803531241453
3.194480217516385
3.194480217516385
3.194480217516385
3.218301574710404
3.218301574710404
3.2135533924298825
3.22020239984887
3.213383716156502
3.213383716156502
3.2044324726314852
3.195357504701192
3.195357504701192
3.1925309186218773
3.1916085973395303
3.1916085973395303
3.1916085973395303
3.2140874206528522
3.2140874206528522
3.2409006915039
3.2409006915039
3.2409006915039
3.2409006915039
3.2409006915039
3.2240914516688504
3.2240914516688504
3.2111539370819284
3.206787990127645
3.206787990127645
3.217647553711122
3.2046204905531344
3.2046204905531344
3.2140651061438885
3.2140651061438885
3.2140651061438885
3.2140651061438885
3.222485101059565
3.222485101059565
3.222485101059565
3.225496103330694
3.225496103330694
3.2260424419734277
3.2159495802913662
3.220907411033696
3.220907411033696
3.220907411033696
3.19999363315307
3.197145110052662
3.188245307983098
3.187649835707977
3.1980731660390322
3.200679638286238
3.1923221325900766
3.2244673573308082
3.2228672462650336
3.2161035815711734
3.2161035815711734
3.2161035815711734
3.1894584028514816
3.1894584028514816
3.1975826837835593
3.200884167891566
3.211916111219913
3.204494001696962
3.1873579186693055
3.2063238490888044
3.2063238490888044
3.1889166248876712
3.2119590998309118
3.2032559055195318
3.188355790489639
3.188355790489639
3.217027033542343
3.217027033542343
3.217027033542343
3.217027033542343
3.217027033542343
3.19740771880806
3.1796987140957667
3.1975886267769495
3.2076838712115414
3.215938102368252
3.1968429913640484
3.1963087901725054
3.2026872742055628
3.1998896235373975
3.188276119493906
3.208096508282642
3.208096508282642
3.208096508282642
3.208096508282642
3.2097276772216587
3.2097276772216587
3.2097276772216587
3.213096553063031
3.2033719651689783
3.200983321230751
3.200983321230751
3.200983321230751
3.200983321230751
3.2151244689013714
3.222845623568157
3.222845623568157
3.222845623568157
3.2311626650591894
3.2149131783259284
3.2149131783259284
3.2149131783259284
3.2116678740513462
3.2194610117268283
3.2194610117268283
3.222642096853181
3.222642096853181
3.2114360053778306
3.2114360053778306
3.2183484012604433
3.2030738955810567
3.2090220377869136
3.2090220377869136
3.2158884868433875
3.233074396917703
3.222951911809709
3.207783882057506
3.207783882057506
3.2318581349989266
3.2318581349989266
3.2202484268335336
3.2190062523767264
3.219140321609829
3.2187564437576404
3.2187564437576404
3.2417220914809715
3.2287827937505638
3.2202264356767767
3.206031064428823
3.2097663200925117
3.2097663200925117
3.2097663200925117
3.2097663200925117
3.2332337753478066
3.2332337753478066
3.224220419865909
3.222795472309658
3.202747088676842
3.2085979449175017
3.226904557781423
3.226904557781423
3.226904557781423
3.2321741820367222
3.2321741820367222
3.234658843539906
3.2527850799126434
3.2527850799126434
3.2198584751617934
3.2198584751617934
3.2198584751617934
3.2198584751617934
3.2145126126968564
3.2145126126968564
3.2157422903005397
3.22094643140917
3.222823629739778
3.22175851035112
3.212608920886315
3.212608920886315
3.212608920886315
3.2323516318019037
3.2323516318019037
3.2323462321915626
3.2323462321915626
3.2300720345195013
3.2226894532850405
3.2226894532850405
3.2286468409046267
3.2286468409046267
3.263158888045916
3.2611154908686624
3.252257146427744
3.2596623979763057
3.249459567514085
3.261806942761537
3.261806942761537
3.2832123059115106
3.2697778058222173
3.2697778058222173
3.2595509271422927
3.268778533714357
3.268778533714357
3.2507754099851534
3.236943401140293
3.236943401140293
3.253073641828672
3.253073641828672
3.244579081147692
3.236986241624985
3.2422213007115404
3.2422213007115404
3.235573128371645
3.235573128371645
3.2213866813197023
3.2213866813197023
3.2213866813197023
3.22815940295487
3.2568481033248893
3.2532852243981845
3.2321647816952392
3.2224774379825925
3.2224774379825925
3.2224774379825925
3.2235052789120355
3.2235052789120355
3.2235052789120355
3.207533876699487
3.207533876699487
3.210276094067885
3.210276094067885
3.210276094067885
3.210276094067885
3.232314802021303
3.232314802021303
3.232314802021303
3.232314802021303
3.1935321584658114
3.1935321584658114
3.1955647887265126
3.1955647887265126
3.1956341417845637
3.2132228908231326
3.226145321455151
3.226145321455151
3.2246797882784914
3.2246797882784914
3.2246797882784914
3.2246797882784914
3.207153490835457
3.207153490835457
3.217958681943536
3.213573830642641
3.213573830642641
3.2164603039643525
3.215661110173313
3.22971421424706
3.2262752862738266
3.229838207700144
3.2251012458651287
3.2251012458651287
3.2251012458651287
3.2251012458651287
3.2251012458651287
3.23870436186222
3.23870436186222
3.2204204757622907
3.2204204757622907
3.2252715518899833
3.245618962616361
3.245618962616361
3.245618962616361
3.236255117769728
3.246301091852176
3.246301091852176
3.2502761436952574
3.2502761436952574
3.2502761436952574
3.2436990829596732
3.210372697187142
3.206640841303505
3.213289925334269
3.209971855375051
3.209971855375051
3.209971855375051
3.209971855375051
3.2242159197285907
3.2242159197285907
3.2242159197285907
3.2297363531632053
3.22852764171645
3.22852764171645
3.225995184374448
3.225995184374448
3.231687638371575
3.2333987837258684
3.2114212807129974
3.2114212807129974
3.2114212807129974
3.205460494208472
3.197649554385008
3.197649554385008
3.1829888017965806
3.1829888017965806
3.2030943073247933
3.2028089720940445
3.2028089720940445
3.2061754224086996
3.1998093241358916
3.2072090057934566
3.2151043112809354
3.2151043112809354
3.2121391567549757
3.2267116314526465
3.2296951466251707
3.240159072603171
3.240159072603171
3.2394054726020145
3.2394054726020145
3.2394054726020145
3.227555966807293
3.227555966807293
3.23310163038716
3.249646888771021
3.225067388962357
3.225067388962357
3.2489635563513604
3.243299067204801
3.2444952913358254
3.2464882774608146
3.2464882774608146
3.2464882774608146
3.2464882774608146
3.2464882774608146
3.244487044132756
3.2457214174850724
3.233926982025517
3.237578425118853
3.2317684830653253
3.2317684830653253
3.2317684830653253
3.2317684830653253
3.236149044482377
3.236149044482377
3.236149044482377
3.236149044482377
3.236149044482377
3.2174000569261927
3.2280008453363567
3.1933047328017605
3.1845882957755856
3.18553891155824
3.171776041577754
3.171776041577754
3.171776041577754
3.171776041577754
3.171776041577754
3.166875242531259
3.2094258525299426
3.213741896109173
3.213741896109173
3.213741896109173
3.187161560094118
3.187161560094118
3.187161560094118
3.198059078582587
3.198059078582587
3.185105875139072
3.1899805376522825
3.217353754904105
3.2027362078750183
3.2007892670538496
3.191225223134608
3.191225223134608
3.223334489756917
3.223334489756917
3.223334489756917
3.206579454373994
3.2249147797457485
3.1995244049898415
3.1995244049898415
3.1895491016635966
3.180587363973678
3.187257035726083
3.208980009270072
3.208980009270072
3.2126995093801596
3.2262012601666976
3.242518250053924
3.241370454905957
3.2347630763623325
3.2347630763623325
3.2347630763623325
3.2347630763623325
3.2347630763623325
3.240053716422131
3.240053716422131
3.244962037993775
3.244962037993775
3.244962037993775
3.2397151562516084
3.2394198455415433
3.2395914281229943
3.2395914281229943
3.222138905171636
3.2274811867583018
3.2441244644087424
3.2441244644087424
3.239518827028327
3.2315343174617386
3.2315343174617386
3.2635383969835865
3.258570182215892
3.239660413665851
3.239660413665851
3.2236509546355507
3.2036150996838155
3.207064842110934
3.207064842110934
3.2050380456346947
3.2050380456346947
3.202242180102071
3.2007183787289226
3.2007183787289226
3.2075869600680775
3.2075869600680775
3.211501904542857
3.2176630576389846
3.2176630576389846
3.2176630576389846
3.2236643493698125
3.2236643493698125
3.200589216362357
3.200589216362357
3.200589216362357
3.200589216362357
3.200589216362357
3.1906899533771766
3.202033978547503
3.20804336830079
3.2116485511043953
3.202501321965369
3.202886649989637
3.217862787568379
3.2138828468287333
3.211236172281566
3.229185389434993
3.2324912444301064
3.2271023106807246
3.1998300426421062
3.1998300426421062
3.1998300426421062
3.199358290176463
3.2190665465892323
3.2017541572252104
3.2017541572252104
3.208656551269995
3.208656551269995
3.208656551269995
3.2247151306525055
3.2092976373903306
3.1954784940504077
3.192044095562597
3.189933222533519
3.189933222533519
3.189933222533519
3.187383060214877
3.187383060214877
3.177733812289658
3.1849139439623593
3.1849139439623593
3.172375309920846
3.172375309920846
3.172375309920846
3.186879296217949
3.186879296217949
3.186879296217949
3.186879296217949
3.186879296217949
3.187841441316833
3.169177091760005
3.15610615041899
3.1619317268737595
3.144760259611458
3.176849921537528
3.1781855652238242
3.1781855652238242
3.1781855652238242
3.1799257284895583
3.187931668506478
3.187931668506478
3.187931668506478
3.191290643764815
3.191290643764815
3.191290643764815
3.221881325634256
3.221881325634256
3.221881325634256
3.2189731400571446
3.2189731400571446
3.206414224008516
3.2195811424109393
3.2195811424109393
3.2195811424109393
3.225539916369952
3.225539916369952
3.2117003539164894
3.227919022624303
3.227919022624303
3.204856362573968
3.21202640403088
3.21202640403088
3.2271092215924235
3.228989600158785
3.228989600158785
3.228989600158785
3.228989600158785
3.228989600158785
3.217445227923251
3.195172622577109
3.195172622577109
3.195172622577109
3.195172622577109
3.17349997561522
3.17349997561522
3.166285668627857
3.166285668627857
3.166285668627857
3.1706770254931977
3.1807602486645203
3.1807602486645203
3.178149682603912
3.199234911390158
3.1783067379207086
3.176968946877452
3.176968946877452
3.2037329024146715
3.2037329024146715
3.1927991053788864
3.178438411814679
3.167234127671805
3.1678807515235565
3.1674723991565914
3.169490824076025
3.176221870447745
3.1629597980229267
3.1552440661369388
3.1478178161837493
3.1478178161837493
3.155684487262077
3.155684487262077
3.155942106882058
3.1421239965323178
3.176836239016602
3.176836239016602
3.203452082819841
3.1894085839286395
3.1743565333864177
3.1743565333864177
3.189215474540551
3.184027431534982
3.184027431534982
3.184027431534982
3.184027431534982
3.1617188036150528
3.1721390311828572
3.1721390311828572
3.2185333506710023
3.2185333506710023
3.2160262108675552
3.213248936032454
3.2105260655606003
3.206887508106968
3.1862730506070314
3.169876642350927
3.169876642350927
3.213176087645338
3.213176087645338
3.213176087645338
3.213176087645338
3.190545017666893
3.2069941356477414
3.2069941356477414
3.2069941356477414
3.2069941356477414
3.2069941356477414
3.188160182391057
3.198654925514551
3.198654925514551
3.198654925514551
3.198654925514551
3.199898690469102
3.205764597992324
3.205764597992324
3.205764597992324
3.205764597992324
3.2353206386803013
3.2353206386803013
3.2219828024899213
3.2147989927535914
3.203399975409305
3.203399975409305
3.230286005516013
3.217773568948252
3.2011846826059633
3.2011846826059633
3.2208433073300373
3.2208433073300373
3.2208433073300373
3.215843101148606
3.21384697259485
3.199182149617952
3.1880406650655244
3.188414926960125
3.188414926960125
3.1874006443343768
3.1788406559304443
3.1788406559304443
3.1965121782657144
3.210217421868422
3.207075269990165
3.207075269990165
3.207075269990165
3.207075269990165
3.202482049282344
3.207177375066786
3.22600112173422
3.22600112173422
3.214603558798301
3.214603558798301
3.212584213287382
3.224120658256807
3.224120658256807
3.2200865085447514
3.2200865085447514
3.217084562655985
3.1980005719151614
3.1980005719151614
3.1980005719151614
3.2179585877428507
3.2179585877428507
3.2261442474791164
3.2261442474791164
3.2261442474791164
3.2261442474791164
3.2302224971927194
3.225159123729271
3.225159123729271
3.225159123729271
3.2550737758697967
3.237643533253855
3.235591442091436
3.234243872149021
3.234243872149021
3.2285116077315266
3.2461529616256457
3.23528548424499
3.23528548424499
3.23528548424499
3.23528548424499
3.228457962088646
3.214191016210456
3.216481020448064
3.216481020448064
3.216481020448064
3.216481020448064
3.2201446703112415
3.2201446703112415
3.18828043020727
3.188166218715046
3.188166218715046
3.214440082524125
3.237460884370733
3.237460884370733
3.237460884370733
3.237460884370733
3.236082018379755
3.236082018379755
3.236082018379755
3.2131413152621757
3.2038663683032187
3.2038663683032187
3.2156839920540885
3.2206648592354106
3.2206648592354106
3.1979346602732615
3.1745966872683042
3.1745966872683042
3.1745966872683042
3.1745966872683042
3.1745966872683042
3.1745966872683042
3.1745966872683042
3.1897033731723763
3.1897033731723763
3.206992138733522
3.206992138733522
3.19919015345065
3.1952546332829357
3.193581432709288
3.204908935379673
3.2069423699561006
3.204986959360068
3.187024024553006
3.1769840877919324
3.1921369995743607
3.1921369995743607
3.1932371540772917
3.1932371540772917
3.1932371540772917
3.1932371540772917
3.2054728561584014
3.2130083568448438
3.2127983487796246
3.2127983487796246
3.1694345677833957
3.1791862773256723
3.161286412532927
3.161286412532927
3.161286412532927
3.159824190685877
3.158155209409272
3.158155209409272
3.158155209409272
3.1627087939674903
3.1627087939674903
3.164205674307951
3.1878601214621467
3.1935327100633915
3.217117680242323
3.1991452304670376
3.1991452304670376
3.1991452304670376
3.2013264821678824
3.2013264821678824
3.2004388614559045
3.2136253822855663
3.207186709053176
3.207186709053176
3.207186709053176
3.2149866681902655
3.2149866681902655
3.21303861695916
3.1999062861681504
3.1927083510535486
3.2030581326277905
3.2030581326277905
3.209243893304127
3.209243893304127
3.1893111487795003
3.1893111487795003
3.2072637256602667
3.2126672701479957
3.2126672701479957
3.2126672701479957
3.19585604112927
3.210970005142234
3.204189245496412
3.210624757491087
3.197818360222824
3.1982413532877385
3.217281106985053
3.217281106985053
3.217281106985053
3.217281106985053
3.224242147876514
3.212596710586661
3.1980914173070047
3.1980914173070047
3.202691361813487
3.202691361813487
3.202691361813487
3.206112854037997
3.1863511406812908
3.1863511406812908
3.1747359598442992
3.1747359598442992
3.1747359598442992
3.177267276776256
3.204941677216265
3.204941677216265
3.2201778411249493
3.1985597033073425
3.204946642021805
3.204946642021805
3.1962480322501037
3.1962480322501037
3.1970170297504534
3.1970170297504534
3.2048351163246593
3.2107184550751775
3.2029237897445553
3.2029237897445553
3.215318098276853
3.200085560545409
3.200085560545409
3.1907980502956916
3.1887680294739087
3.1887680294739087
3.1874706213992003
3.196303193197968
3.186745850653194
3.1858950726599997
3.1963368380315864
3.1963368380315864
3.1798802690798422
3.1988937948291363
3.2109730826171856
3.2109730826171856
3.2270218823613273
3.2270218823613273
3.2271971431991355
3.2258645700135715
3.222340512714885
3.223651339792143
3.2433236000939005
3.2433236000939005
3.2482443485996115
3.251105704183982
3.25019217058484
3.2599394449349117
3.264997826809684
3.2594190473228783
3.238587740651838
3.2340388840906287
3.222573589731824
3.207486733409494
3.207486733409494
3.200263976679754
3.200263976679754
3.215174562603942
3.215174562603942
3.215174562603942
3.215174562603942
3.215174562603942
3.215174562603942
3.194173789619063
3.18957914253159
3.18957914253159
3.18957914253159
3.18957914253159
3.1789978278250937
3.1789978278250937
3.1789978278250937
3.1745792481354886
3.174726535830873
3.174726535830873
3.177137572625886
3.18537160513117
3.182849975658533
3.182849975658533
3.182849975658533
3.1779255220969973
3.1779255220969973
3.179366161551114
3.179366161551114
3.1868117366247253
3.1918166403318273
3.1918166403318273
3.184880473389774
3.196406011071479
3.1798555782192413
3.1635878932368806
3.1680979224638333
3.1680979224638333
3.1680979224638333
3.1680979224638333
3.1797630031902027
3.2062492708953445
3.187755720799265
3.1632388825640776
3.1813539474176817
3.1813539474176817
3.2100840242650603
3.2100840242650603
3.2100840242650603
3.2120475491338536
3.2137143874484386
3.2120100530488376
3.200026762994503
3.200026762994503
3.211371213264498
3.234762103143723
3.234762103143723
3.234762103143723
3.234762103143723
3.234762103143723
3.212948756029132
3.212948756029132
3.212948756029132
3.2230514485271193
3.2230514485271193
3.2023781792777086
3.2085200075053577
3.2106619450485243
3.1901903352998238
3.1901903352998238
3.205726049344866
3.205726049344866
3.193181571045716
3.194806407405324
3.197238237451163
3.197238237451163
3.1934335055544842
3.2016076096521937
3.191007417789678
3.191007417789678
3.190641079246633
3.1819838087786994
3.1818239707931664
3.18667244761084
3.18667244761084
3.194364312677369
3.194385634677681
3.173001456536645
3.173001456536645
3.173001456536645
3.166265975547107
3.191249660481199
3.2028635745414005
3.2028635745414005
3.195076576063509
3.195076576063509
3.195076576063509
3.195076576063509
3.195076576063509
3.196575952317651
3.1957192023068597
3.173322196031021
3.175737838639588
3.175737838639588
3.198531017666982
3.198531017666982
3.200341740074632
3.2116948893206936
3.2105136133812846
3.199456977760725
3.2103199916587517
3.1816234615500973
3.187792035555667
3.187792035555667
3.187792035555667
3.1797592159664205
3.2025479594028914
3.216212098993597
3.216212098993597
3.216212098993597
3.2151972940869356
3.2237565273205857
3.22227992649633
3.2371230186699615
3.2280886687309414
3.2181708568495915
3.2123928144564933
3.220984791303371
3.2129211829379836
3.2129211829379836
3.2252134977960427
3.216622226930677
3.2101482682544744
3.2101482682544744
3.2101482682544744
3.2094219219856526
3.2264270949164024
3.2137587241294874
3.2137587241294874
3.2137587241294874
3.2137587241294874
3.2137587241294874
3.2137587241294874
3.2137587241294874
3.204579419689761
3.204579419689761
3.204579419689761
3.2037898338661432
3.2037898338661432
3.2213795009543693
3.2213795009543693
3.2212938024779443
3.2091606424181043
3.2091606424181043
3.218252407262264
3.218252407262264
3.222516786956225
3.222516786956225
3.222378727044339
3.22989182169481
3.22989182169481
3.21902198472076
3.2137106791894032
3.2137106791894032
3.2137106791894032
3.2168603972996896
3.216608992634365
3.2114896473374768
3.195239752654205
3.188266331448276
3.196455278754282
3.2033801387237997
3.2033801387237997
3.2033801387237997
3.2033801387237997
3.2177433324967795
3.2311461275369644
3.2311461275369644
3.2311461275369644
3.2311461275369644
3.233392019374374
3.212853298689029
3.212853298689029
3.2263704620408746
3.2263704620408746
3.2263704620408746
3.2329518069937153
3.2329518069937153
3.229493100254977
3.227493895375028
3.2483510753379385
3.252349715432545
3.259049468330081
3.259049468330081
3.2507615163467105
3.2588311302678594
3.2588311302678594
3.226868938308636
3.2247613830885675
3.2355899604218608
3.2404766073004905
3.2404766073004905
3.2404766073004905
3.2404766073004905
3.224265641695835
3.2218917870845956
3.2218917870845956
3.2389456848990497
3.2389456848990497
3.2389456848990497
3.2398388137561245
3.2447872959128956
3.2447872959128956
3.2447872959128956
3.2336367012318967
3.2336367012318967
3.2336367012318967
3.2336367012318967
3.256276238297536
3.256276238297536
3.256276238297536
3.256276238297536
3.2238326575169434
3.225551412518494
3.2125812976135237
3.2125812976135237
3.200749785923119
3.200749785923119
3.200749785923119
3.200749785923119
3.1861267289177504
3.1968860365333778
3.2096916435002396
3.20984917601379
3.20984917601379
3.20984917601379
3.2103616640695476
3.2103616640695476
3.2151537610415346
3.210837467521828
3.210837467521828
3.210837467521828
3.2183135936407417
3.2183135936407417
3.2183135936407417
3.2183135936407417
3.229292004940683
3.2205434136393625
3.2286903432718974
3.2286903432718974
3.238563439001993
3.2178815389972097
3.233404435001928
3.233404435001928
3.218890373763166
3.218890373763166
3.2382787000687756
3.2382787000687756
3.240867354322075
3.2150313593094113
3.2150313593094113
3.2150313593094113
3.2150313593094113
3.2150313593094113
3.2150313593094113
3.2355566035032224
3.2355566035032224
3.2594400601996285
3.2402886196750047
3.2354288710856207
3.2354288710856207
3.233406226276986
3.229765820576907
3.229765820576907
3.229765820576907
3.2207833750315085
3.2207833750315085
3.2186378364519816
3.2186378364519816
3.2205623500118143
3.2243134553657944
3.203811704452204
3.203811704452204
3.203811704452204
3.203811704452204
3.203811704452204
3.203811704452204
3.2306864186686792
3.2306864186686792
3.2306864186686792
3.2306864186686792
3.2306864186686792
3.2306864186686792
3.2284574552968444
3.245626632876865
3.245626632876865
3.245626632876865
3.2391602843065663
3.2341960529104616
3.2341960529104616
3.2341960529104616
3.2341960529104616
3.2365803217134212
3.239092254685114
3.226234878654585
3.226234878654585
3.226234878654585
3.229596587909264
3.229596587909264
3.245419252785844
3.245419252785844
3.245419252785844
3.238617099610712
3.241161454246454
3.23730812093657
3.2404055690779257
3.2404055690779257
3.2461606387488824
3.2431804931585937
3.2431804931585937
3.2431804931585937
3.244681925632006
3.244681925632006
3.244681925632006
3.227015791261562
3.227015791261562
3.227015791261562
3.2231219100550867
3.2109308256961397
3.2283599093790674
3.2283599093790674
3.2283599093790674
3.2283599093790674
3.232197224394402
3.2233008158624337
3.2294212020202337
3.2524765656535424
3.2524765656535424
3.2524765656535424
3.2524765656535424
3.2524765656535424
3.2524765656535424
3.2412683175681907
3.2298309471684807
3.2298309471684807
3.2298309471684807
3.2298309471684807
3.2298309471684807
3.2338370258798395
3.244182296789416
3.244182296789416
3.244182296789416
3.244182296789416
3.2204680392467413
3.2204680392467413
3.2119562284040724
3.2119562284040724
3.2119562284040724
3.2119562284040724
3.205190942587078
3.205190942587078
3.205190942587078
3.205190942587078
3.2196249073073497
3.2196249073073497
3.218356006083252
3.2233342513851753
3.2233342513851753
3.2031345062835497
3.2209149421083665
3.194748349430327
3.194748349430327
3.194748349430327
3.22016945159325
3.2138323237072384
3.2192322862057314
3.21863662435994
3.226906469270271
3.226906469270271
3.226906469270271
3.226906469270271
3.222716619625134
3.22208922843022
3.2089341974442136
3.2089341974442136
3.2089341974442136
3.2089341974442136
3.2089341974442136
3.2203419930273482
3.2203419930273482
3.20467525607533
3.20467525607533
3.20467525607533
3.2044817860678174
3.2044817860678174
3.2044817860678174
3.2044817860678174
3.2044817860678174
3.2158905641068802
3.2158905641068802
3.2158905641068802
3.221412435302349
3.205704476468472
3.201318418477727
3.206635219644519
3.206635219644519
3.172663146351588
3.190041019884403
3.190041019884403
3.1821153534617195
3.1965579708680516
3.1952361680620074
3.1796506777405797
3.1976359650510022
3.1976359650510022
3.196891302258629
3.209184705763186
3.209184705763186
3.2010311939777383
3.196236878646967
3.196236878646967
3.212463065975079
3.212463065975079
3.212463065975079
3.212463065975079
3.214711809545453
3.214711809545453
3.2118976636375396
3.2118976636375396
3.2160629375317824
3.2160629375317824
3.2089609494616878
3.2082584933896947
3.2082584933896947
3.2082584933896947
3.2082584933896947
3.206586592125226
3.206586592125226
3.206586592125226
3.226100482064487
3.195482340429103
3.2286652484970118
3.2303779301343205
3.2279760358850527
3.2246283899958934
3.2269611352939878
3.2269611352939878
3.206685257867633
3.206685257867633
3.2389797112746517
3.241738467562192
3.2389555702320068
3.2119113269950876
3.225405112683539
3.2064297613870276
3.2059695131314387
3.2059695131314387
3.209005241269811
3.218292336663319
3.1961370033494405
3.1843818302210662
3.204805038175725
3.204805038175725
3.204805038175725
3.211543506951165
3.220083970162975
3.236909985605439
3.236909985605439
3.2319397800607064
3.2319397800607064
3.2289549956259664
3.219976024097852
3.219976024097852
3.177628249669493
3.177628249669493
3.1785428926964068
3.2007358095793346
3.207941603379097
3.207941603379097
3.2066716416845007
3.2074111073963927
3.2321238774941143
3.2215246863731366
3.2215246863731366
3.216042706778412
3.224100277258414
3.218035442043814
3.2288513713481577
3.2178782823387384
3.2178782823387384
3.2178782823387384
3.212765360760505
3.212765360760505
3.212765360760505
3.2105127748783286
3.2105127748783286
3.2105127748783286
3.2105127748783286
3.194994894852161
3.194994894852161
3.2169979696893525
3.2169979696893525
3.241244516422126
3.241244516422126
3.2064605002783932
3.210005630863196
3.2169907766041224
3.194706545848591
3.194706545848591
3.1970803960782064
3.1970803960782064
3.2295692214215745
3.214384915160655
3.214384915160655
3.2234943854893974
3.2063263651640646
3.1886086167460324
3.1886086167460324
3.1886086167460324
3.20821546870269
3.20821546870269
3.1789830170943065
3.1789830170943065
3.184572593479052
3.184572593479052
3.2235555547496295
3.2235555547496295
3.228410082443574
3.228410082443574
3.2265731349595974
3.2207039831871422
3.234195464276953
3.234605687627546
3.234605687627546
3.234605687627546
3.222725122221229
3.2182559644432773
3.2255215814529725
3.2255215814529725
3.2255215814529725
3.22433837355985
3.242957020798288
3.226598917086875
3.226598917086875
3.226598917086875
3.226598917086875
3.214213895300873
3.234357389230236
3.2501983719747436
3.2501983719747436
3.2394925220330344
3.246240351366601
3.2314256578988028
3.2314256578988028
3.239822436517693
3.239822436517693
3.239822436517693
3.239822436517693
3.239822436517693
3.239822436517693
3.24001342830195
3.2133492072903436
3.2296031996753345
3.239497969045339
3.240235838827958
3.240235838827958
3.240235838827958
3.2543785756796444
3.2543785756796444
3.2543785756796444
3.2543785756796444
3.2319589519569325
3.2433332620813653
3.244583597130634
3.233269028916981
3.223034552009373
3.223034552009373
3.225677105785645
3.225677105785645
3.225677105785645
3.225677105785645
3.230040565391727
3.230040565391727
3.2433547878031344
3.2433547878031344
3.2433547878031344
3.2433547878031344
3.2386385431518416
3.2386385431518416
3.2422609649464564
3.2322059100517655
3.2368760911905343
3.2368760911905343
3.2368760911905343
3.2368760911905343
3.2368760911905343
3.2368760911905343
3.2368760911905343
3.235232552413159
3.235232552413159
3.231942990931623
3.246131269866258
3.239055708991847
3.235917136701931
3.235917136701931
3.235917136701931
3.2193975505878583
3.236521130363197
3.2510110879667433
3.255064388874842
3.2353894731103874
3.2431068073667917
3.247927714812076
3.241665129133243
3.230144604069449
3.230144604069449
3.230144604069449
3.230144604069449
3.2282710497346816
3.2312485802728865
3.2312485802728865
3.2144946058555055
3.210297847765392
3.210297847765392
3.2150067525150567
3.2150067525150567
3.191075509125716
3.191075509125716
3.194534301676683
3.194534301676683
3.2098462497474376
3.204518350252028
3.204518350252028
3.187635407800327
3.187635407800327
3.187635407800327
3.215117097931828
3.219882719311693
3.2039692503940196
3.2039692503940196
3.2039692503940196
3.168295077506206
3.162919293151262
3.187592015321572
3.1915437796726307
3.180623434665616
3.2101803840497762
3.2136006396286176
3.1997275173367266
3.201803809619354
3.21058231810005
3.2044468041583554
3.2247320102834576
3.2247320102834576
3.235803097729084
3.235803097729084
3.235803097729084
3.235803097729084
3.235803097729084
3.2242563059135114
3.1973713336045178
3.1973713336045178
3.1973713336045178
3.180603104343526
3.180603104343526
3.180603104343526
3.180603104343526
3.1763593303250643
3.1763593303250643
3.2046269124166766
3.217074014142802
3.217074014142802
3.2157648394237692
3.2393273864544954
3.2393273864544954
3.2162899372407976
3.2162899372407976
3.2222209321933515
3.2177190072163415
3.2428467102764387
3.2377920292460898
3.230966409803374
3.230966409803374
3.236813966218488
3.236813966218488
3.248417711946366
3.248417711946366
3.248417711946366
3.230883631827565
3.227911916828306
3.227911916828306
3.227911916828306
3.222422542779622
3.222213146245178
3.2293120463448926
3.2185821198254563
3.2185821198254563
3.2248771178114595
3.222066865274928
3.227951936643653
3.227951936643653
3.19919532631979
3.19919532631979
3.19919532631979
3.204484318833033
3.204484318833033
3.204484318833033
3.1840338415785148
3.1840338415785148
3.1979748751546717
3.1979748751546717
3.2013840826547613
3.2013840826547613
3.20490770247948
3.211277682565614
3.213440599303133
3.213440599303133
3.213440599303133
3.2332157437611273
3.2332157437611273
3.234350644785813
3.234350644785813
3.223783189771231
3.223783189771231
3.2363835252135438
3.24236848386477
3.2257906572255206
3.233610817546731
3.233610817546731
3.2318553311953067
3.2526827841113035
3.2466261445429447
3.2401869881509
3.2401869881509
3.247880101510181
3.23914247456547
3.23914247456547
3.23914247456547
3.254887200070577
3.254887200070577
3.254887200070577
3.2710185614847913
3.2712413455740026
3.2712413455740026
3.2622869016111444
3.2354089674972344
3.2354089674972344
3.232567032511049
3.2346858555931215
3.2372005984476258
3.2372005984476258
3.2372005984476258
3.2366275551333037
3.2380177360908684
3.2380177360908684
3.2380177360908684
3.2382236194499527
3.2382236194499527
3.2241609546705123
3.215931759969361
3.215931759969361
3.215931759969361
3.215931759969361
3.215931759969361
3.1984032751641975
3.219790770774741
3.2201726050349837
3.2201726050349837
3.2201726050349837
3.2309090380668373
3.2361042082077627
3.238644988902212
3.243580209310279
3.234757347668647
3.234757347668647
3.234757347668647
3.2469271726931646
3.2469271726931646
3.2469271726931646
3.2469271726931646
3.230384159885524
3.205629473678045
3.205629473678045
3.2137043460452164
3.2136811377183028
3.2103280424895915
3.2103280424895915
3.2103280424895915
3.209282648796764
3.209282648796764
3.209282648796764
3.209282648796764
3.2001826225839167
3.2001826225839167
3.2130568493765765
3.2153864101603173
3.2153864101603173
3.2153864101603173
3.2153864101603173
3.2298760586896784
3.206489585583761
3.206489585583761
3.206489585583761
3.2138568282959104
3.2138568282959104
3.2138568282959104
3.2108159176069435
3.2108159176069435
3.2108159176069435
3.216996556455826
3.222730012474679
3.2049140401506246
3.2049140401506246
3.2304661691760734
3.2304661691760734
3.228690821279147
3.228690821279147
3.228690821279147
3.249886873236953
3.249886873236953
3.249886873236953
3.249886873236953
3.2568919559871508
3.2379953014358698
3.2379953014358698
3.2379953014358698
3.241491815354533
3.2472194201757523
3.2472194201757523
3.2472194201757523
3.24505522747544
3.24505522747544
3.223990531170107
3.22824478546762
3.238907273783104
3.238907273783104
3.238907273783104
3.2309925087016245
3.2309925087016245
3.2355963663269076
3.2355963663269076
3.2355963663269076
3.2355963663269076
3.2342727166408447
3.2342727166408447
3.2254057186263214
3.2254057186263214
3.2285369079693056
3.2285369079693056
3.2285369079693056
3.2285369079693056
3.2200111199115775
3.1826333459711993
3.190234765999601
3.190234765999601
3.189160470318029
3.189160470318029
3.1590147370317854
3.184595000122609
3.186273273497718
3.186273273497718
3.190083441723253
3.190083441723253
3.190083441723253
3.1963601647437545
3.1963601647437545
3.191672130480905
3.2051339362778446
3.1840002669603544
3.1840002669603544
3.1840002669603544
3.198442012572379
3.1970675144643352
3.185070066954245
3.1844798921042408
3.1933205488399437
3.1933205488399437
3.217918126427934
3.217918126427934
3.2044434309795347
3.2044434309795347
3.192769263526383
3.192769263526383
3.192769263526383
3.192769263526383
3.192769263526383
3.192769263526383
3.192769263526383
3.2092149212927574
3.2015034573173655
3.1831760501756485
3.1831760501756485
3.1858849336381136
3.2023863432780404
3.2016305847807107
3.2016305847807107
3.205033327291543
3.205033327291543
3.205033327291543
3.2056874697062194
3.1760941924666763
3.1879404180939175
3.193335443316425
3.1991994052183594
3.1991994052183594
3.2206074739414814
3.2206074739414814
3.2308059968010694
3.2308059968010694
3.231568312178424
3.227507787652597
3.227507787652597
3.2155071782172073
3.2375125160731475
3.2406621312596324
3.2406621312596324
3.223822523572951
3.2234594383553388
3.2249411353989923
3.2249411353989923
3.2249411353989923
3.2249411353989923
3.239954938333026
3.2478170142157032
3.2387463209591774
3.2409497864096024
3.2409497864096024
3.2373623710016664
3.1996093811161237
3.221339629261525
3.22898361065586
3.22898361065586
3.2227614132803097
3.218876299968698
3.2529805266141714
3.23963080815663
3.23963080815663
3.23963080815663
3.23963080815663
3.23963080815663
3.230606640666607
3.230606640666607
3.25499782228165
3.25499782228165
3.25499782228165
3.2357968534151795
3.2337367963163537
3.2337367963163537
3.2496775592333282
3.2496775592333282
3.226828253949429
3.2318774263045538
3.2318774263045538
3.2318774263045538
3.2211115141067297
3.219417610656602
3.219417610656602
3.220471373722112
3.22068989773855
3.2230524338838116
3.2230524338838116
3.222461873216657
3.215907816771211
3.215907816771211
3.215907816771211
3.2113506774164993
3.2180440669392065
3.2178050293239373
3.2178050293239373
3.2178050293239373
3.206958923125998
3.2045926112822034
3.2023372614117074
3.2023372614117074
3.2086828487383436
3.2086828487383436
3.2086828487383436
3.231140127525002
3.2345633571093124
3.207748002135108
3.219510436785876
3.2206878529610217
3.2206878529610217
3.2354127941122544
3.2354127941122544
3.230766379427126
3.2283983515811436
3.2312178095886184
3.2236503811508843
3.238584104664877
3.238584104664877
3.238584104664877
3.2046610879901762
3.2046610879901762
3.2046610879901762
3.225018238048226
3.2201481434219343
3.2262625947490537
3.2152811789441587
3.2152811789441587
3.2152811789441587
3.2359681910464895
3.2359681910464895
3.2286799950136573
3.2446242444701228
3.244761488994085
3.244761488994085
3.2656783721234173
3.2656783721234173
3.2351413514412206
3.2543549196671444
3.245549170539
3.245549170539
3.2324910130995543
3.243177883514677
3.243745367759922
3.235581355812587
3.2409425592980443
3.243191907763363
3.2500901643898747
3.2524999224666713
3.2524999224666713
3.2469341163738408
3.2207111115060876
3.256654847645536
3.253641721959182
3.2474435399456634
3.2474435399456634
3.2474435399456634
3.2474435399456634
3.2474435399456634
3.25036753480615
3.243535806174296
3.2228280711504396
3.2136187202502486
3.2136187202502486
3.24199660718389
3.229312936570604
3.2251185574379595
3.2251185574379595
3.235093796375323
3.224037486625876
3.2369303080803498
3.208749623603311
3.219670928259681
3.195253416302082
3.195253416302082
3.195253416302082
3.1958558134792105
3.1958558134792105
3.211404668755559
3.2012747220606053
3.2012747220606053
3.2004691310437154
3.2004691310437154
3.2004691310437154
3.2004691310437154
3.2043293651276925
3.2043293651276925
3.235034387496948
3.246326827118417
3.2300946962998616
3.2300946962998616
3.2300946962998616
3.2300946962998616
3.2162153724785414
3.2065206853964052
3.2160730224416727
3.2160730224416727
3.226061235174098
3.21038449826802
3.21038449826802
3.1977270867332317
3.1977270867332317
3.1977270867332317
3.1903745070951
3.1952050659622353
3.1952050659622353
3.1998331420606387
3.2394107161056507
3.2394107161056507
3.2394107161056507
3.2394107161056507
3.2394107161056507
3.238158469122236
3.238158469122236
3.228860227235908
3.23629947085567
3.2253107925021878
3.234650133431815
3.234650133431815
3.224485417922957
3.224485417922957
3.224485417922957
3.202228169234672
3.202228169234672
3.2093282577338216
3.190367761284763
3.2104971166938343
3.2090298468726104
3.2090298468726104
3.203645934688589
3.203645934688589
3.2159586343359265
3.2217396179300395
3.211590349290631
3.2090919631015713
3.2090919631015713
3.214540857842616
3.214540857842616
3.2198501231039676
3.2221157124548827
3.220249212667575
3.220249212667575
3.226583816573315
3.226583816573315
3.2349610959066104
3.2134046494476096
3.2098462904094047
3.2080067840427096
3.192167002103088
3.1983554907059846
3.219873953525411
3.2131582901678373
3.2045201518334308
3.2045201518334308
3.228928072025604
3.228928072025604
3.228928072025604
3.223193514242071
3.223193514242071
3.249369547878028
3.249369547878028
3.2220957777734354
3.2271683626147842
3.2271683626147842
3.2356018657972623
3.2356018657972623
3.2356018657972623
3.23886735248953
3.23886735248953
3.23886735248953
3.2360984297157604
3.2360984297157604
3.2360984297157604
3.2585921973256124
3.2585921973256124
3.273305567036963
3.2796434976648636
3.2796434976648636
3.262059972570152
3.260554366854607
3.2585574925157563
3.2585574925157563
3.2585574925157563
3.255906684466737
3.255906684466737
3.271682690444183
3.271682690444183
3.271682690444183
3.248126534934844
3.248126534934844
3.248126534934844
3.248126534934844
3.248126534934844
3.263765758716785
3.263765758716785
3.2551495601141114
3.240143794422163
3.24552574292781
3.2416302840226106
3.2416302840226106
3.2416302840226106
3.2386707773883896
3.2386707773883896
3.2386707773883896
3.2386707773883896
3.208564746631021
3.2259135371915493
3.2259135371915493
3.2259135371915493
3.2280010210161145
3.228545622693373
3.2442604275294897
3.2265573524342477
3.2323132120705558
3.2323132120705558
3.2283197739513723
3.2163667511729934
3.235249452131091
3.2267066567395504
3.2267066567395504
3.2267066567395504
3.2258325427219203
3.215606116852703
3.2321828720338703
3.2356325579176155
3.224975943871961
3.209176918806484
3.209176918806484
3.2279590108916243
3.2279590108916243
3.2279590108916243
3.2279590108916243
3.2406582553787415
3.2400383828556114
3.2508997338104657
3.2489507237314768
3.2489507237314768
3.2489507237314768
3.2491699477391487
3.2572220932527784
3.2616178411156262
3.2670865076687017
3.251214671428782
3.2467262806109844
3.2455984461965586
3.2455984461965586
3.2455984461965586
3.2302117824836563
3.2302117824836563
3.2302117824836563
3.2173923111106006
3.212651390824216
3.212651390824216
3.2022066366621575
3.2022066366621575
3.2022066366621575
3.2022066366621575
3.2022066366621575
3.215923670367069
3.215923670367069
3.211396694572788
3.22666792942203
3.2271455014537174
3.2271455014537174
3.224665026907715
3.224665026907715
3.217724643590583
3.217724643590583
3.2328420983335038
3.2217046307386905
3.2217046307386905
3.2217046307386905
3.2217046307386905
3.2482412262687834
3.224160555015233
3.219765201231832
3.2203466976110557
3.2203466976110557
3.2203466976110557
3.2203466976110557
3.226010843440855
3.224476220591832
3.227123604268207
3.2260394229986153
3.2260394229986153
3.2315724803606303
3.241866332270812
3.2150379750963047
3.220912817035659
3.2041220427606882
3.2041220427606882
3.2063845218638627
3.1941919206848253
3.1941919206848253
3.1941919206848253
3.1941919206848253
3.1941919206848253
3.189811205761384
3.201278128745258
3.1955576713465748
3.2031833291201446
3.2031833291201446
3.1966660799612416
3.1966660799612416
3.2014727401393572
3.2014727401393572
3.2014727401393572
3.188551539963251
3.188806073447702
3.188806073447702
3.2071784875168894
3.2071784875168894
3.2321538498330096
3.2321538498330096
3.223850410696137
3.204052918298957
3.204052918298957
3.2031150305531484
3.202261491048638
3.202261491048638
3.225056396548005
3.239507304764966
3.223800063740461
3.223800063740461
3.2158578085134946
3.2158578085134946
3.2142619600018127
3.2216753713279025
3.2402940592922627
3.2470813034300905
3.2470813034300905
3.2470813034300905
3.2043338995935184
3.2298091048058986
3.2298091048058986
3.2298091048058986
3.2298091048058986
3.2298091048058986
3.228393615826913
3.228393615826913
3.228393615826913
3.228393615826913
3.2296917377130483
3.2266053579943614
3.2266053579943614
3.2266053579943614
3.2266053579943614
3.2346707219071305
3.2246853109338276
3.212915600275204
3.212915600275204
3.212915600275204
3.2297766226175777
3.2142203112966405
3.2142203112966405
3.2142203112966405
3.2142203112966405
3.2065863308902043
3.2065863308902043
3.2065863308902043
3.2076020834879504
3.210498148803249
3.210498148803249
3.2109819848426007
3.2109819848426007
3.211759400135935
3.2208167870413575
3.2208167870413575
3.185924354558707
3.2138675176661726
3.2138675176661726
3.2224013861552283
3.2301896807538495
3.2301896807538495
3.224378597230406
3.224378597230406
3.226851509616903
3.218369106958538
3.225769635120166
3.225769635120166
3.225769635120166
3.1984131568100445
3.2051060709275063
3.222096288911214
3.222096288911214
3.2040259357652183
3.2063878783767072
3.2281342872453154
3.2311143584742297
3.2488923707424924
3.2488923707424924
3.2488923707424924
3.260912726784467
3.2274243697816947
3.2274243697816947
3.241991467805517
3.2432807416281166
3.2432807416281166
3.240387269026745
3.234725809994468
3.217715036297688
3.217715036297688
3.226931649173945
3.220318080048751
3.220318080048751
3.1914677251117816
3.2062079816521365
3.2062079816521365
3.190838638452697
3.219415591138845
3.228230923165535
3.228230923165535
3.236213695446332
3.236213695446332
3.236213695446332
3.2422404420358064
3.232754621818744
3.2462996648214095
3.2289709285320303
3.2224763862675903
3.2224763862675903
3.220109884870239
3.2338006174860303
3.2326645428607823
3.2435116829192157
3.238418253236375
3.2432461628292693
3.2460935070267563
3.2460935070267563
3.227032710407942
3.219130333733946
3.2053582982842004
3.2053582982842004
3.2094649237605215
3.2094649237605215
3.2328058277565317
3.245363382428472
3.2413456157897125
3.2413456157897125
3.2413456157897125
3.241480735227528
3.241480735227528
3.241480735227528
3.2452543048174247
3.2452543048174247
3.2424361368987533
3.252803049719859
3.249062294492319
3.25306646764454
3.2329137623614934
3.258107620671972
3.258107620671972
3.246154662100273
3.2286430803027093
3.2286178383067132
3.2472728689584605
3.2500623668298676
3.237985359335325
3.2230811606424723
3.23282062476777
3.23282062476777
3.23282062476777
3.2311627117635267
3.2330041233488873
3.2230838931334405
3.2230838931334405
3.222704055323079
3.2189902273490105
3.2195313817834954
3.2195313817834954
3.2261922356694486
3.2261922356694486
3.2261922356694486
3.2261922356694486
3.2261922356694486
3.239321788955076
3.240225268082232
3.240225268082232
3.240225268082232
3.2334519148620604
3.2334519148620604
3.241016070576514
3.221295793592746
3.221295793592746
3.221295793592746
3.221295793592746
3.221295793592746
3.229519137072977
3.229519137072977
3.2308017959714865
3.230684897907611
3.2252752220215917
3.2252752220215917
3.2191190797332485
3.239892245536594
3.2269271701834437
3.2269271701834437
3.2269271701834437
3.2269271701834437
3.2089148260756413
3.2089148260756413
3.1855266686851893
3.223682771199103
3.1997246187535526
3.1997246187535526
3.1997246187535526
3.1907176196163896
3.1907176196163896
3.2042975377372445
3.1957043921305437
3.1848403627101836
3.1956291310038187
3.1956291310038187
3.1883845190096634
3.1883845190096634
3.2006346708889133
3.2006346708889133
3.2006346708889133
3.2035638286442305
3.2035638286442305
3.2035638286442305
3.2014020895600366
3.2129889698278484
3.2307234182199474
3.2307234182199474
3.201886252404925
3.189246514012904
3.189246514012904
3.189246514012904
3.1925987637352025
3.1925987637352025
3.1925987637352025
3.1925987637352025
3.1925987637352025
3.1925987637352025
3.1925987637352025
3.1925987637352025
3.1925987637352025
3.202919769173026
3.196816760562426
3.196816760562426
3.2229703567037955
3.2229703567037955
3.2229703567037955
3.2229703567037955
3.1863235039910185
3.197432485058174
3.180788476007512
3.2017174133788457
3.2148423607235705
3.215191806262665
3.1902379042074998
3.2337641392743808
3.2337641392743808
3.2337641392743808
3.234458619578832
3.2110484194699733
3.212697276425224
3.212697276425224
3.208037485893205
3.2048713539633895
3.1985239885344607
3.1985239885344607
3.1985239885344607
3.1985239885344607
3.193082947869064
3.191370827129775
3.191370827129775
3.1891890790397985
3.209898521512499
3.206265330868626
3.20750799353688
3.2048874914625785
3.20385382966867
3.229776158861119
3.2090649333794734
3.215918318210582
3.215918318210582
3.2075216386761554
3.2075216386761554
3.198282946289248
3.235866918675744
3.235866918675744
3.235866918675744
3.235866918675744
3.235866918675744
3.235866918675744
3.230726515571995
3.230726515571995
3.219268295854926
3.208370770193065
3.208370770193065
3.191472142163056
3.195441506983278
3.195441506983278
3.1973865175324048
3.1973865175324048
3.1973865175324048
3.1973865175324048
3.2181728568835144
3.2181728568835144
3.2144867627403313
3.2144867627403313
3.2144867627403313
3.2162245055626655
3.213652962579502
3.212505363369835
3.212505363369835
3.212505363369835
3.200574306324632
3.189291200244501
3.1869766163771356
3.1869766163771356
3.213834802025931
3.213834802025931
3.213834802025931
3.213834802025931
3.213834802025931
3.234334553211346
3.2386226919727785
3.236472117211762
3.2210485026712106
3.2210485026712106
3.2210485026712106
3.187995628121664
3.191242273560421
3.1911710481199895
3.198525457517035
3.1980253273529695
3.2030115913735946
3.2030115913735946
3.21538984568082
3.208042995357063
3.2078031530719664
3.2140698173378373
3.2140698173378373
3.222056671645882
3.222056671645882
3.222056671645882
3.222056671645882
3.219077120459383
3.219077120459383
3.20552935254767
3.1995771878429036
3.204810724210486
3.209817412919876
3.209817412919876
3.2171872807607396
3.2167956413084773
3.2249909072698957
3.2249909072698957
3.2257979450118697
3.2257979450118697
3.232046523919787
3.2346106704368403
3.2337977181581485
3.2337977181581485
3.2325104326864875
3.2325104326864875
3.2325104326864875
3.2325104326864875
3.2325104326864875
3.2325104326864875
3.230877235826575
3.2236324781982146
3.204714037030415
3.204714037030415
3.204714037030415
3.216211558015391
3.216211558015391
3.2041352734788213
3.2041352734788213
3.2126991578200452
3.2003167766100575
3.1999088931193236
3.1999088931193236
3.2125207719556776
3.1989988676458765
3.196437727289413
3.1815413003759985
3.199393911933568
3.1981659194163816
3.1981659194163816
3.1785960539172105
3.159775434178762
3.178313905975692
3.1677863049210826
3.1677863049210826
3.1677863049210826
3.1958728668700935
3.1958728668700935
3.1939238427751215
3.1821845741833115
3.1821845741833115
3.200224439594917
3.200224439594917
3.200224439594917
3.2016675699963475
3.191577355995012
3.2127300055128454
3.2127300055128454
3.1953709898941383
3.1953709898941383
3.169301021042385
3.169301021042385
3.1865169894893475
3.1865169894893475
3.1865169894893475
3.1865169894893475
3.1865169894893475
3.220894274025297
3.2244516519392037
3.2213771790803776
3.2044051707485157
3.2044051707485157
3.2044051707485157
3.193601151173501
3.1994593108867386
3.19277960665638
3.193615132770478
3.2052456875957165
3.201765038896438
3.213348889899241
3.2125959532319213
3.226556416963488
3.233016588517394
3.233016588517394
3.2340604882823905
3.2340604882823905
3.2340604882823905
3.2349960640634543
3.2267108859699234
3.222485958509408
3.240163863968429
3.240163863968429
3.240163863968429
3.2066625439734575
3.2087922153446584
3.2087922153446584
3.2087922153446584
3.2154988741749944
3.2154988741749944
3.2154988741749944
3.2194961042906893
3.2194961042906893
3.2194961042906893
3.2044700778590127
3.2044700778590127
3.2009595863163667
3.2103470543139156
3.210316088643157
3.21805833279761
3.21805833279761
3.226502810677609
3.2216857150871445
3.2216857150871445
3.2216857150871445
3.2216857150871445
3.2123263120197985
3.209707534663772
3.209707534663772
3.209707534663772
3.209707534663772
3.209707534663772
3.2041594205897277
3.2041594205897277
3.219238961243294
3.195952901666653
3.207039941870197
3.207039941870197
3.2346113162802994
3.2346113162802994
3.2346113162802994
3.231695964919514
3.2226019144341524
3.23541907824084
3.2214531377361277
3.2214531377361277
3.2214531377361277
3.2214531377361277
3.2123449005689837
3.2123449005689837
3.2215688979166015
3.1944181266480496
3.2056536463205894
3.203696202184438
3.221025604874811
3.220461051275721
3.220461051275721
3.219581089790566
3.24114148918428
3.24114148918428
3.24114148918428
3.24114148918428
3.24114148918428
3.213191838000067
3.213191838000067
3.1913554999782097
3.192762797181332
3.2034098535845863
3.209363539560632
3.209363539560632
3.21992690209156
3.238684539090277
3.238684539090277
3.238684539090277
3.238684539090277
3.238684539090277
3.2142443194228183
3.2142443194228183
3.2142443194228183
3.2142443194228183
3.2142443194228183
3.212361126508697
3.211155076617785
3.211155076617785
3.211155076617785
3.198640087874316
3.211250093589435
3.2114381651227792
3.2114381651227792
3.2315591812308484
3.2315591812308484
3.2315591812308484
3.2315591812308484
3.2245338852835914
3.2245338852835914
3.2245338852835914
3.2245338852835914
3.2065752007789867
3.225914485204707
3.225914485204707
3.230522720700418
3.230522720700418
3.209570851037477
3.2064317646224936
3.2148560312209837
3.2150031682773417
3.2150031682773417
3.2150832525316244
3.194544537910552
3.2062100552332504
3.2119829835859726
3.2047383605501376
3.2061825801792527
3.206197767264665
3.206197767264665
3.206197767264665
3.206197767264665
3.206197767264665
3.206197767264665
3.206197767264665
3.2195732861034188
3.2195732861034188
3.231315650673154
3.231315650673154
3.229284005550579
3.229284005550579
3.229284005550579
3.229284005550579
3.216880461732275
3.217210225941723
3.217210225941723
3.217210225941723
3.217210225941723
3.217210225941723
3.217210225941723
3.217210225941723
3.217210225941723
3.217210225941723
3.2281693813889594
3.250099096683817
3.237622321414648
3.2456213057383043
3.2456213057383043
3.2316534275612367
3.2304531558672913
3.2394812151085426
3.2394812151085426
3.2343704317695994
3.2343704317695994
3.2288155888763206
3.2176062531056973
3.221444177166502
3.2097905881665696
3.2097905881665696
3.2097905881665696
3.2097905881665696
3.2097905881665696
3.2097905881665696
3.1873433419217787
3.200956336315929
3.2183649525028915
3.2183649525028915
3.2195929875949236
3.227019766128082
3.235896930462532
3.235896930462532
3.2272888617346718
3.2272888617346718
3.235699080356107
3.2187271667484856
3.203452770456776
3.207276093254863
3.1894877442340572
3.2211117329187346
3.208179698126234
3.2092828466107277
3.2092828466107277
3.219917692282275
3.219917692282275
3.219917692282275
3.219917692282275
3.219554528888498
3.2200209721421458
3.2200209721421458
3.224456402928559
3.219226459853879
3.219226459853879
3.219226459853879
3.2073308769272773
3.1874352883366455
3.1856776525761297
3.1856776525761297
3.1913640738148383
3.1913640738148383
3.1913640738148383
3.2035349912018947
3.2035349912018947
3.2035349912018947
3.2035349912018947
3.188674695153828
3.1882524905360956
3.2051817272233345
3.2225885922988353
3.2225885922988353
3.225331710957159
3.2258124033429723
3.229174936902565
3.229174936902565
3.229174936902565
3.229174936902565
3.2103994645567138
3.2103994645567138
3.2127241781342897
3.2139197983103336
3.2125099995554476
3.2125099995554476
3.213667595790594
3.1983679593595773
3.1983679593595773
3.214147144540328
3.214147144540328
3.2134814172331776
3.2134814172331776
3.2134814172331776
3.2134814172331776
3.2120598470837516
3.196724140885685
3.1943092922983043
3.2135529722969856
3.2135529722969856
3.2135529722969856
3.2135529722969856
3.2144658693435133
3.2171782686044916
3.21101093066901
3.2127735740821617
3.2127735740821617
3.2127735740821617
3.2127735740821617
3.206603740397347
3.2041690627477397
3.209492832560635
3.2045558158483076
3.2045558158483076
3.2303509289759123
3.225257543893844
3.225257543893844
3.233421621505735
3.233421621505735
3.233613084195089
3.233613084195089
3.233613084195089
3.233613084195089
3.2033210861470276
3.209917693196941
3.2185721984431646
3.2185721984431646
3.2185721984431646
3.2185721984431646
3.2185721984431646
3.2051976129801956
3.2123694491693575
3.226904392372192
3.2339855325877522
3.2330241820453924
3.2330241820453924
3.2330241820453924
3.2330241820453924
3.2330241820453924
3.2403683703363195
3.2403683703363195
3.2403683703363195
3.2403683703363195
3.2303969357961555
3.245931607563679
3.245931607563679
3.245931607563679
3.204671000979495
3.204671000979495
3.204671000979495
3.204671000979495
3.2027141679717794
3.2027141679717794
3.2087671442645274
3.2087671442645274
3.2087671442645274
3.2087671442645274
3.2144919462911257
3.2144919462911257
3.2144919462911257
3.2144919462911257
3.2144919462911257
3.2144919462911257
3.2259131485127788
3.1979648374346348
3.1979648374346348
3.1979648374346348
3.205258852759332
3.205258852759332
3.205258852759332
3.21670705204715
3.21670705204715
3.208889553795141
3.208889553795141
3.2158582095586783
3.2158582095586783
3.2158582095586783
3.2177581938651576
3.2187937517545753
3.2187937517545753
3.2187937517545753
3.2100235331600575
3.211506020938952
3.211506020938952
3.2262786000963404
3.2262786000963404
3.2442538633434808
3.233181135619682
3.233181135619682
3.2400531257475094
3.2308755991801865
3.2308755991801865
3.2308755991801865
3.2308755991801865
3.238993114531087
3.201443478085181
3.2234142609013507
3.2234142609013507
3.2234142609013507
3.2184873181306988
3.2018600931114047
3.2018600931114047
3.2018600931114047
3.2018600931114047
3.2018600931114047
3.197978118871691
3.197978118871691
3.197978118871691
3.21346809108475
3.2255554310663594
3.202778912739047
3.202778912739047
3.221493270686916
3.221493270686916
3.221493270686916
3.1963566154023177
3.1963566154023177
3.1963566154023177
3.1963566154023177
3.1963566154023177
3.2122930824123372
3.2172224210849194
3.2172224210849194
3.2247556073851205
3.213112663600802
3.213112663600802
3.2086409444859005
3.2086409444859005
3.2032282386114668
3.2032282386114668
3.1671939465103587
3.1797303957411294
3.1920507945984498
3.1920507945984498
3.2165169183920255
3.2165169183920255
3.2116693255554254
3.2116693255554254
3.224364929101216
3.2178377768812627
3.196743544117522
3.191154064773153
3.1862416814955266
3.1862416814955266
3.208336814070753
3.224155655424359
3.224155655424359
3.2182098892304793
3.203035427306381
3.203035427306381
3.203035427306381
3.203035427306381
3.19713942475343
3.216047415422841
3.216047415422841
3.218087744959012
3.218087744959012
3.218087744959012
3.218087744959012
3.218087744959012
3.218087744959012
3.218087744959012
3.213455201337423
3.213455201337423
3.2092698495600755
3.2092698495600755
3.2092698495600755
3.2103397077028553
3.2103397077028553
3.230133731006281
3.233888427249803
3.233888427249803
3.2413669319121827
3.2485637293284344
3.251953025586934
3.2472707404429793
3.2472707404429793
3.2472707404429793
3.2329416840676397
3.2421968464914768
3.234055999427275
3.215472384373544
3.215472384373544
3.215142803000346
3.215142803000346
3.215142803000346
3.2027677268478665
3.2027677268478665
3.2027677268478665
3.202575921619338
3.202575921619338
3.2086603929772086
3.2344502720054065
3.2480323738878516
3.2480323738878516
3.2425039319691744
3.2425039319691744
3.244293403048046
3.217825898496536
3.243032783151646
3.246759364814645
3.246759364814645
3.232671987216597
3.237242578204478
3.237242578204478
3.237242578204478
3.2365751858690226
3.1929837394487373
3.2063170437575947
3.2063170437575947
3.195877616917056
3.2131528303528847
3.219917658014787
3.219917658014787
3.2041954820539424
3.197710367974831
3.2247254906610077
3.212269362463394
3.212269362463394
3.212269362463394
3.212269362463394
3.1990180701520092
3.210134194390184
3.1821090013358573
3.177066657957438
3.1790463510759843
3.1956717512589377
3.20757642305061
3.20757642305061
3.1825230361446875
3.1825230361446875
3.1825230361446875
3.1825230361446875
3.197485029409307
3.168866317100897
3.1768060857591736
3.158445374176029
3.1650495487217847
3.164373552949917
3.179004724819378
3.1791458343583656
3.1791458343583656
3.1873845370457907
3.1931526852642564
3.184730580317576
3.2067612204941054
3.2067612204941054
3.218313685535564
3.1929431401377677
3.1929431401377677
3.1929431401377677
3.188976221323125
3.188976221323125
3.171518822856415
3.171518822856415
3.177346017765924
3.177346017765924
3.177346017765924
3.181178547514892
3.202049657923679
3.1951308543708974
3.18097440181209
3.180338116455562
3.2067263694869435
3.2067263694869435
3.2089031079304537
3.2089031079304537
3.2281244508851574
3.24137806518768
3.2319731111989274
3.2319731111989274
3.2319731111989274
3.2144888055268526
3.2144888055268526
3.2185163789961275
3.2185163789961275
3.1951224299515615
3.1952430403209027
3.1952430403209027
3.182130535464467
3.198490971368627
3.198490971368627
3.20956331379835
3.20956331379835
3.231738919507619
3.2385508860276486
3.2385508860276486
3.2385508860276486
3.2141828787856586
3.224131455525565
3.224131455525565
3.2231437345440437
3.2231437345440437
3.2231437345440437
3.208574783368123
3.216166823257175
3.216166823257175
3.2169232086743227
3.205428517817214
3.2268355797786543
3.232861426460352
3.216494004030915
3.232882020190209
3.2223691707475597
3.232634756506457
3.2203987325863457
3.2203987325863457
3.230397343022335
3.2368633278555117
3.2368633278555117
3.2368633278555117
3.243672577468699
3.2056473813949187
3.1794950874397667
3.1794950874397667
3.184508711712412
3.184508711712412
3.184508711712412
3.184508711712412
3.1806509666798206
3.183309909042564
3.189846907402241
3.197327620413406
3.197327620413406
3.1948436296784077
3.1948436296784077
3.199699157109159
3.219509322999686
3.2237817618074582
3.2140047595828296
3.2140047595828296
3.2158728241291836
3.2117291401239694
3.23136875163382
3.219917863072955
3.2269397243679223
3.2269397243679223
3.21743274240049
3.21743274240049
3.19747230237053
3.2022354765145624
3.2022354765145624
3.177635106043001
3.1741705490525813
3.1741705490525813
3.1820507486431886
3.18517616958789
3.181194098822182
3.181194098822182
3.195144502504174
3.195144502504174
3.195144502504174
3.195144502504174
3.195144502504174
3.195144502504174
3.1972362431567993
3.2130263211353935
3.2130263211353935
3.2130263211353935
3.212068500390239
3.212499670859831
3.1894262228743107
3.193364823445189
3.193364823445189
3.193364823445189
3.1906838961176422
3.180050350273054
3.1978138723892218
3.1978138723892218
3.195921527965863
3.195921527965863
3.2054599900622986
3.1913454725316854
3.1913454725316854
3.1913454725316854
3.214522332550631
3.195753405812328
3.206617838658977
3.1846585358886337
3.1919483153697223
3.2106128262578495
3.2106128262578495
3.2106128262578495
3.2106128262578495
3.19178236502086
3.176363931756097
3.1841343911968365
3.1841343911968365
3.205578690925932
3.205578690925932
3.2168396498826817
3.2168396498826817
3.2168396498826817
3.2205487964407045
3.2292237984305547
3.2292237984305547
3.215464399975064
3.215464399975064
3.215464399975064
3.208510411884548
3.1982092651160263
3.1897980231423464
3.1897980231423464
3.1897980231423464
3.1897980231423464
3.1897980231423464
3.1841881787296415
3.1841881787296415
3.1841881787296415
3.1841881787296415
3.1841881787296415
3.1979064486305226
3.1914594735790778
3.1914594735790778
3.1931055841093925
3.1931055841093925
3.192714765412102
3.223880670418011
3.213227104446401
3.197747669821399
3.2055974597451815
3.2055974597451815
3.2055974597451815
3.2055974597451815
3.2055974597451815
3.1974560279528617
3.1974560279528617
3.1974560279528617
3.1974560279528617
3.1974560279528617
3.2021159938125776
3.2022372415881177
3.213918573374693
3.21698526727009
3.21698526727009
3.21698526727009
3.220069080800388
3.210759394971706
3.1997483379845617
3.1997483379845617
3.1997483379845617
3.1997483379845617
3.1940731539564298
3.1940731539564298
3.1868718539454868
3.1860135332694086
3.1860135332694086
3.1860135332694086
3.1860135332694086
3.1901756597998014
3.1901756597998014
3.188857613592748
3.188857613592748
3.188857613592748
3.218608060850089
3.218608060850089
3.229966423530994
3.211754536333498
3.211754536333498
3.220697621960631
3.2166286700955555
3.2223974939124207
3.2230916273512253
3.2230916273512253
3.2230916273512253
3.2210230676904468
3.2210230676904468
3.2174957608122345
3.2311809643219025
3.226346566236105
3.226346566236105
3.226346566236105
3.2255375875904595
3.198324485526902
3.198324485526902
3.198324485526902
3.198324485526902
3.2043406696097945
3.210237964765045
3.2012794387465218
3.191192457057403
3.191192457057403
3.2049531591090203
3.2106963846414063
3.208688369163209
3.205308646921013
3.1851204419228223
3.1851204419228223
3.1851204419228223
3.1790840263714
3.1790840263714
3.1790840263714
3.183764814491357
3.19084370726387
3.19084370726387
3.1967023491125213
3.19218606097504
3.19218606097504
3.185625972588146
3.185625972588146
3.1905075238630523
3.1905075238630523
3.1905075238630523
3.1881413071096807
3.1804906924160883
3.1909014828277855
3.194678704126607
3.194678704126607
3.2021759170528306
3.1859292010464118
3.151429659581853
3.151429659581853
3.1525205501116824
3.1735209899140244
3.175470389836975
3.172205904839038
3.172205904839038
3.187033914329977
3.187033914329977
3.187033914329977
3.187033914329977
3.187033914329977
3.187033914329977
3.187033914329977
3.192515128881679
3.188374925668627
3.188374925668627
3.1952643116029757
3.2049388417141063
3.2049388417141063
3.1920750318481104
3.210414337382183
3.233829666908491
3.20682860200972
3.206773790009563
3.2209822740140153
3.199920889087672
3.199920889087672
3.19053099743195
3.212213055965737
3.214649113637859
3.1986312560839036
3.2007271617329542
3.2007271617329542
3.200481017043502
3.200481017043502
3.200481017043502
3.200481017043502
3.200481017043502
3.2318390688300984
3.2181644369769087
3.2109882648988255
3.1993217062101134
3.1993217062101134
3.2050646229173156
3.2050646229173156
3.2234729296134175
3.2251340193196083
3.218029588392952
3.225839479434077
3.250117308972248
3.223645707499766
3.2249867634393308
3.236824034256599
3.192569306305577
3.196147645894815
3.195027431313397
3.203340885156023
3.20778712781422
3.1980153733218906
3.215604388540773
3.215604388540773
3.215604388540773
3.219375884871647
3.219375884871647
3.2116889109206763
3.2090412062221323
3.211183616983805
3.196327811585805
3.2080761193949727
3.219197327522427
3.2177593281307932
3.2177593281307932
3.2177593281307932
3.2149761014797336
3.226521269725957
3.226521269725957
3.2440302630134354
3.239602875440169
3.239602875440169
3.2601496448116922
3.2601496448116922
3.273779817528316
3.234945619622326
3.247528674624064
3.247528674624064
3.249498185122461
3.249498185122461
3.2425915423966005
3.2279799302217174
3.2279799302217174
3.2279799302217174
3.2123630947602435
3.2123630947602435
3.210025277576942
3.2258076164327685
3.2258076164327685
3.2258076164327685
3.2303534607225655
3.2303534607225655
3.226591785039269
3.2304511513656773
3.2304511513656773
3.2193797343612838
3.211872589677836
3.2129802673590464
3.203665343202451
3.2106167527835647
3.198808197002454
3.1964477242522835
3.1964477242522835
3.1824630700569836
3.1824630700569836
3.194622791150085
3.1925644409351754
3.1925644409351754
3.1925644409351754
3.1888359200076897
3.2085719584029064
3.1886440755756342
3.1886440755756342
3.185540369488735
3.1860895172323604
3.1860895172323604
3.194349947948425
3.194349947948425
3.1939899433393673
3.21280881270756
3.21280881270756
3.2299269367863426
3.2299269367863426
3.2299269367863426
3.2167593883473207
3.2154223483374267
3.2154223483374267
3.233391843683343
3.2356959680328528
3.237046525008005
3.237046525008005
3.242225331916785
3.2577483676808843
3.240958310975857
3.240958310975857
3.2484169855559006
3.2484169855559006
3.2441607592487367
3.240217565743845
3.266813058411076
3.266813058411076
3.266813058411076
3.266813058411076
3.266813058411076
3.266813058411076
3.259088743825836
3.266279627949946
3.266279627949946
3.266279627949946
3.2386595109215874
3.24701212213104
3.24701212213104
3.2572631866353094
3.2349104791502814
3.226444354277304
3.226444354277304
3.217079329865192
3.2334997858486734
3.2334997858486734
3.2344288979069575
3.2344288979069575
3.2506684518180347
3.2506684518180347
3.256846554266538
3.237792412778124
3.237792412778124
3.237792412778124
3.237792412778124
3.248115340716947
3.248115340716947
3.248115340716947
3.248115340716947
3.248115340716947
3.248115340716947
3.245849118584769
3.245849118584769
3.245849118584769
3.2500960809313395
3.2500960809313395
3.2500960809313395
3.2405187736621053
3.2405187736621053
3.245298494235123
3.245298494235123
3.2439986192646892
3.2289233488033733
3.238253231776695
3.228075846656061
3.228075846656061
3.2277435099798595
3.2277435099798595
3.2293784269960084
3.2274736547390788
3.2223518679689365
3.2223518679689365
3.2149745130422898
3.2149745130422898
3.2149745130422898
3.2149745130422898
3.225270444375609
3.225270444375609
3.225270444375609
3.225270444375609
3.213238477052951
3.213238477052951
3.2275504107446515
3.2275504107446515
3.234587245833827
3.234587245833827
3.2268805038299515
3.2268805038299515
3.2268805038299515
3.22048249696238
3.219809435179181
3.2423322943934725
3.2423322943934725
3.2423322943934725
3.2180647553843817
3.2180647553843817
3.2268239149099123
3.221000063014527
3.221000063014527
3.221000063014527
3.221000063014527
3.2266135006514225
3.2412612223712065
3.238973352208433
3.238973352208433
3.2363744657789084
3.2363744657789084
3.2163115168008614
3.2163115168008614
3.210895511801579
3.2278606500420977
3.2278606500420977
3.2255263999187775
3.2255263999187775
3.219011163294887
3.219011163294887
3.1959488787035437
3.2113842111930055
3.2113842111930055
3.209613154298927
3.209613154298927
3.193837141752327
3.193837141752327
3.205620099940752
3.205620099940752
3.205620099940752
3.205620099940752
3.205620099940752
3.2234109335967753
3.2384499255383137
3.2358613446092
3.218025234499181
3.218025234499181
3.203840848501799
3.203840848501799
3.2060342095140952
3.223797936579156
3.2239818386708707
3.2239818386708707
3.2260206639919042
3.2260206639919042
3.2221667408805947
3.2221667408805947
3.225781085141576
3.225781085141576
3.225781085141576
3.225781085141576
3.21826810105117
3.21826810105117
3.21826810105117
3.21826810105117
3.21826810105117
3.227259168752397
3.227259168752397
3.227259168752397
3.201197689454027
3.2087811800297548
3.2087811800297548
3.2087811800297548
3.2087811800297548
3.2087811800297548
3.2087811800297548
3.2087811800297548
3.2087811800297548
3.2087811800297548
3.222407685934147
3.211192334354155
3.211192334354155
3.211192334354155
3.211192334354155
3.211192334354155
3.207818814662909
3.218641885395693
3.2023209031292508
3.2013766854702435
3.2013766854702435
3.2013766854702435
3.2013766854702435
3.189192161698251
3.195526039756932
3.2079017424295695
3.2080096762148833
3.1991558202234938
3.217486180214307
3.170275690935553
3.203181299703067
3.2006163674017407
3.2006163674017407
3.2006163674017407
3.2006163674017407
3.1942874736282594
3.1942874736282594
3.1942874736282594
3.1950763800033726
3.1950763800033726
3.1950763800033726
3.186288328458476
3.186288328458476
3.2032887589395282
3.2179266800763062
3.203184560333575
3.1915893779400886
3.204761938546512
3.2078661831317
3.204134378067782
3.2028122326438577
3.1889825806686836
3.1889825806686836
3.2111031864881787
3.2111031864881787
3.2111031864881787
3.200228942617613
3.200228942617613
3.1970636828670833
3.2012023315421514
3.202605137152
3.202605137152
3.2185401576767068
3.2107166476531863
3.2144956662954205
3.2144956662954205
3.220760934126605
3.2275218355587643
3.229550814246766
3.229550814246766
3.229550814246766
3.229550814246766
3.2290629951127454
3.2290629951127454
3.2290629951127454
3.2290629951127454
3.2290629951127454
3.2290629951127454
3.210931665007719
3.210931665007719
3.2202826206740904
3.2282944645094815
3.2388421276689114
3.2388421276689114
3.2352090225914947
3.238195292674141
3.22930940636866
3.2318353528940733
3.2303924698262287
3.2419146672293624
3.245513092914868
3.223787302435861
3.217967327458042
3.217967327458042
3.225626833093224
3.2200523626310127
3.2200523626310127
3.2200523626310127
3.2160563216759885
3.208964037132195
3.212932507750513
3.2294838253780713
3.227076605856589
3.24532162800234
3.24532162800234
3.22378562421679
3.2227472618832316
3.2227472618832316
3.2228852971938906
3.251916105006414
3.251916105006414
3.2274757509862058
3.2274757509862058
3.215639862156296
3.199161787734899
3.1901441030351116
3.1930208154780244
3.1923226512481864
3.188972845910626
3.2125854371991425
3.2125854371991425
3.2003321337478594
3.2003321337478594
3.2003321337478594
3.2003321337478594
3.2003321337478594
3.1895961854033317
3.1946194538274217
3.1946194538274217
3.2210594948616986
3.2113670290859013
3.2113670290859013
3.2216091519182064
3.2007147511511334
3.2007147511511334
3.1793989112722842
3.1793989112722842
3.1793989112722842
3.1839101707455812
3.1968646050961462
3.1968646050961462
3.2136960380250885
3.234356733524746
3.2410358507356953
3.2410358507356953
3.2410410386328175
3.2410410386328175
3.240585201589991
3.2388647491323397
3.2388647491323397
3.250252262020473
3.250252262020473
3.243100029080671
3.243100029080671
3.243100029080671
3.2416964392241736
3.2416964392241736
3.224061469402312
3.2164125202985865
3.2164125202985865
3.2164125202985865
3.2164125202985865
3.2152696337527225
3.2152696337527225
3.2152696337527225
3.2152696337527225
3.2152696337527225
3.2090940492492503
3.2212493355723986
3.2176119687251528
3.2176119687251528
3.2176119687251528
3.195556350816016
3.1765578477569583
3.1749154345272728
3.1822336563371705
3.185007869729546
3.1847823047923094
3.230957642714061
3.230957642714061
3.230957642714061
3.206240574739804
3.206240574739804
3.198152031766422
3.198846999397212
3.189275156056618
3.189275156056618
3.2092450654759683
3.2092450654759683
3.2166939982885623
3.2107719275620057
3.213255408943008
3.205888834053384
3.197551352346047
3.197551352346047
3.1983696267876467
3.1983696267876467
3.215817061518687
3.195716537138218
3.2178243888776463
3.2178243888776463
3.2401793593334607
3.23906854589811
3.2507788846395975
3.2507788846395975
3.2405604357918327
3.2534676779983775
3.222364023922844
3.222364023922844
3.222364023922844
3.216796248637583
3.254751998070801
3.258753310069134
3.2573444605910846
3.2573444605910846
3.2573444605910846
3.242111960519558
3.2418923658940413
3.224105283863321
3.215097652911795
3.223909074488433
3.2292693138819706
3.2292693138819706
3.23333798598062
3.2509906621136935
3.2509906621136935
3.2509906621136935
3.258057238387481
3.258057238387481
3.258057238387481
3.243084670891128
3.243084670891128
3.243084670891128
3.2393232018931553
3.235032578296023
3.237408943298413
3.2452728227140843
3.2452728227140843
3.2452728227140843
3.2521548662059967
3.227335615092976
3.225722071305641
3.234535278197368
3.234535278197368
3.2699081593119943
3.2744089772509386
3.245731194533917
3.245731194533917
3.2432102107133223
3.2432102107133223
3.208492316257537
3.2086325396119055
3.2256117789770506
3.239023540401946
3.239023540401946
3.231411645918621
3.2435984391491437
3.2435984391491437
3.233535185367447
3.2356381055666636
3.2356381055666636
3.2356381055666636
3.2356381055666636
3.23602801040216
3.232303315492754
3.2394570002676617
3.2261408601311
3.2261408601311
3.2261408601311
3.2261408601311
3.2186436373872924
3.2186436373872924
3.2158639917035354
3.2027707648549977
3.2027707648549977
3.2217346234220625
3.2252794794693056
3.2252794794693056
3.203985573952461
3.226045876655126
3.207074759673294
3.207074759673294
3.1975944699979024
3.202788871822925
3.175923886419549
3.175923886419549
3.20224578319591
3.2157489849000895
3.2157489849000895
3.2157489849000895
3.2157489849000895
3.229946899915001
3.2161926006718016
3.2219310988948915
3.2219310988948915
3.215651745946309
3.215651745946309
3.2213931271735916
3.2213931271735916
3.2213931271735916
3.217764040184733
3.2080510517914966
3.2080510517914966
3.2153312619760355
3.2244203318330324
3.2244203318330324
3.2244203318330324
3.2244203318330324
3.2244203318330324
3.216579585418974
3.216579585418974
3.2051318018550345
3.2051318018550345
3.2190690074764237
3.2190690074764237
3.24317616280458
3.24317616280458
3.2365497208295784
3.2365497208295784
3.2228490155315748
3.2491454388234406
3.227545187981331
3.2177644349672616
3.238177441924403
3.2283522853355313
3.2283522853355313
3.2283522853355313
3.2283522853355313
3.248131620881285
3.2566803501194626
3.257996912948628
3.2389952123565986
3.244351755002328
3.256712789123238
3.256712789123238
3.256712789123238
3.256712789123238
3.2648190774697223
3.240330879502979
3.2494304644434306
3.221509407724332
3.228413741919698
3.246956839572189
3.2401832590292754
3.2374468462641746
3.253631646045698
3.2668600379126547
3.2668600379126547
3.2780125632825423
3.2780125632825423
3.2780125632825423
3.2780125632825423
3.2780125632825423
3.2780125632825423
3.2709400481867075
3.2580464148833297
3.2580464148833297
3.2685642994881774
3.2545633662178877
3.2581378462421045
3.240703038693402
3.238173358491546
3.238173358491546
3.251387556107272
3.251387556107272
3.251387556107272
3.2356159537100058
3.2356159537100058
3.220518882929736
3.2246099750336548
3.221890701944845
3.221890701944845
3.221890701944845
3.221890701944845
3.214690931439873
3.214690931439873
3.214690931439873
3.2206842268220823
3.2206842268220823
3.2206842268220823
3.2167067618087706
3.2167067618087706
3.2107353280861473
3.204477384812188
3.204477384812188
3.2050900981379744
3.1948889514524597
3.1948889514524597
3.194481247839353
3.194481247839353
3.193937913949377
3.194311485290148
3.194311485290148
3.1925859070812774
3.1925859070812774
3.1925859070812774
3.1925859070812774
3.194175506306961
3.1985294846582555
3.2024846683079375
3.2281679590847663
3.239485276705154
3.2196083028571834
3.2115109911696065
3.2115109911696065
3.2115109911696065
3.210610470681209
3.210610470681209
3.210610470681209
3.210610470681209
3.210610470681209
3.2169981975740196
3.2197206371080744
3.192624862151259
3.1795323773473694
3.1795323773473694
3.1795323773473694
3.1795323773473694
3.1795323773473694
3.1844612658837717
3.187617096798184
3.1884231898652398
3.179516972258551
3.1722249062353374
3.1826987189226874
3.1860213669729722
3.1876259404642355
3.1876259404642355
3.1876259404642355
3.1876259404642355
3.1876259404642355
3.1874645550009624
3.1868567597800936
3.1868567597800936
3.1868567597800936
3.212398201138578
3.212398201138578
3.2085876268155595
3.2085876268155595
3.1785973213391197
3.1785973213391197
3.1785973213391197
3.1785973213391197
3.197772525097724
3.197772525097724
3.226169840519411
3.216268652599497
3.216268652599497
3.216268652599497
3.2007490914827925
3.217156339686794
3.198901206258361
3.2047383113600634
3.2047383113600634
3.2047383113600634
3.2047383113600634
3.201744042724187
3.201744042724187
3.198354583576957
3.198354583576957
3.198354583576957
3.198354583576957
3.198354583576957
3.1773617634125264
3.1849361164119863
3.2201258669607475
3.2201258669607475
3.2201258669607475
3.2201258669607475
3.2201258669607475
3.2201258669607475
3.1987354650893307
3.1987354650893307
3.2046549546067533
3.2046549546067533
3.183758567341044
3.1781120378123195
3.1862073398028854
3.2005846035760803
3.2005846035760803
3.2035057155199436
3.2035057155199436
3.2057269023568984
3.2193861797713983
3.2193861797713983
3.2193861797713983
3.2193861797713983
3.2193861797713983
3.2226088397486703
3.2226088397486703
3.2182997696288984
3.208581641048665
3.2031375333312497
3.2031375333312497
3.2031375333312497
3.2031375333312497
3.2148526839150935
3.2271759535198847
3.2180083836216333
3.2090797448426653
3.2090797448426653
3.2200246385663145
3.222882000020763
3.2341281141044886
3.195662853805493
3.1982686037755697
3.1982686037755697
3.2065108643522784
3.2065108643522784
3.221242181835278
3.221242181835278
3.221242181835278
3.221242181835278
3.221242181835278
3.2250246467824306
3.2250246467824306
3.2250246467824306
3.2250246467824306
3.2250246467824306
3.233752952173076
3.24373001718598
3.24373001718598
3.2403802194114286
3.2403802194114286
3.2533808045613344
3.2533808045613344
3.231196900378029
3.2074116678030817
3.199395137775533
3.199395137775533
3.199395137775533
3.199395137775533
3.199395137775533
3.2174537592879124
3.201971254208769
3.201971254208769
3.206773448259226
3.217892162328962
3.2155831353481172
3.2155831353481172
3.2073287375914257
3.2073287375914257
3.225130419205981
3.2310077858071415
3.2310077858071415
3.221725702730728
3.2138040413158007
3.2138040413158007
3.225266166331467
3.225266166331467
3.231581932905232
3.2158213898194465
3.234799876634261
3.234799876634261
3.234799876634261
3.2286426205692202
3.2286426205692202
3.2043428315535762
3.2043428315535762
3.2043428315535762
3.209177109048533
3.209177109048533
3.209177109048533
3.2180726856585156
3.227640865797811
3.229088878349147
3.229088878349147
3.229088878349147
3.2439997894670127
3.2439997894670127
3.2439997894670127
3.2408520287886957
3.2299317685793407
3.2481615004294033
3.2481615004294033
3.2481615004294033
3.238434165769098
3.265144980547633
3.265144980547633
3.270532549053028
3.270532549053028
3.2747516159407635
3.277101203016038
3.277101203016038
3.251537201749129
3.2440789054477617
3.2440789054477617
3.250267681436223
3.250390438087577
3.250390438087577
3.250130128554854
3.2640775172744987
3.2456304219689946
3.2456304219689946
3.2647222095437187
3.2396875271990524
3.2470239132969136
3.2517069789038113
3.2663920059818734
3.2644616391355727
3.25381620145403
3.2506042165528366
3.2506042165528366
3.268592735531206
3.2457022878570383
3.2457022878570383
3.261353764033294
3.261353764033294
3.2448189368864626
3.2304338114474596
3.2304338114474596
3.2304338114474596
3.232826151091174
3.230746347638339
3.230746347638339
3.245933574697313
3.251721205195828
3.2456108107936728
3.2440995660139693
3.252496479491526
3.2377139429132624
3.211103654517436
3.211103654517436
3.2413361576941386
3.244654891859116
3.244654891859116
3.244654891859116
3.244622303975785
3.244622303975785
3.244622303975785
3.244622303975785
3.244622303975785
3.244622303975785
3.244622303975785
3.2542450407458245
3.23618090331785
3.23618090331785
3.23618090331785
3.2463646206527623
3.2469230942358465
3.237639150679777
3.2162587251467505
3.2162587251467505
3.2162587251467505
