2.672584806817835
2.672584806817835
2.672584806817835
2.672584806817835
2.672584806817835
2.672584806817835
2.672584806817835
2.672584806817835
2.672584806817835
2.672584806817835
2.672584806817835
2.672584806817835
2.672584806817835
2.672584806817835
2.672584806817835
2.672584806817835
2.672584806817835
2.672584806817835
2.672584806817835
2.672584806817835
2.672584806817835
2.672584806817835
2.672584806817835
2.672584806817835
2.672584806817835
2.672584806817835
2.672584806817835
2.672584806817835
2.672584806817835
2.672584806817835
2.672584806817835
2.672584806817835
2.672584806817835
2.672584806817835
2.672584806817835
2.672584806817835
2.672584806817835
2.672584806817835
2.672584806817835
2.672584806817835
2.672584806817835
2.672584806817835
2.672584806817835
2.672584806817835
2.672584806817835
2.672584806817835
2.672584806817835
2.672584806817835
2.672584806817835
2.672584806817835
2.672584806817835
2.672584806817835
2.672584806817835
2.672584806817835
2.672584806817835
2.672584806817835
2.672584806817835
2.672584806817835
2.672584806817835
2.672584806817835
2.672584806817835
2.672584806817835
2.672584806817835
2.672584806817835
2.672584806817835
2.672584806817835
2.672584806817835
2.672584806817835
2.672584806817835
2.672584806817835
2.672584806817835
2.672584806817835
2.672584806817835
2.672584806817835
2.672584806817835
2.672584806817835
2.672584806817835
2.672584806817835
2.672584806817835
2.672584806817835
2.672584806817835
2.672584806817835
2.672584806817835
2.672584806817835
2.672584806817835
2.672584806817835
2.672584806817835
2.672584806817835
2.672584806817835
2.672584806817835
2.672584806817835
2.672584806817835
2.672584806817835
2.672584806817835
2.672584806817835
2.672584806817835
2.672584806817835
2.672584806817835
2.672584806817835
2.672584806817835
2.672584806817835
2.672584806817835
2.679798150831622
2.679798150831622
2.679798150831622
2.69375566848125
2.69852600236926
2.7152967285528815
2.73353561411226
2.73353561411226
2.73353561411226
2.752232780481476
2.762330955025982
2.7929269354264012
2.827959443514783
2.827959443514783
2.827959443514783
2.831976844057859
2.845201935487817
2.8558472017808985
2.8558472017808985
2.8558472017808985
2.8558472017808985
2.8710515964675514
2.8710515964675514
2.8786990070732674
2.885813873950779
2.885813873950779
2.889027170359082
2.905536132229647
2.9113464868555115
2.9113464868555115
2.916466416295573
2.916466416295573
2.916466416295573
2.936417451776314
2.95067964386664
2.95067964386664
2.9680584434659885
2.9680584434659885
2.9680584434659885
2.9680584434659885
2.9869338373287597
3.004624726512641
3.0296497260390347
3.0296497260390347
3.0296497260390347
3.0296497260390347
3.0491899817939006
3.058495114906575
3.07034430670354
3.07034430670354
3.090174348773363
3.114091248608198
3.114091248608198
3.114091248608198
3.140001797528651
3.1476239998333146
3.1476239998333146
3.146559041040223
3.146559041040223
3.146559041040223
3.146559041040223
3.155045446595557
3.155045446595557
3.1713632475783395
3.1713632475783395
3.1713632475783395
3.1713632475783395
3.184355852823846
3.184355852823846
3.1640321771839477
3.1640321771839477
3.16391667035025
3.1445951327855663
3.1445951327855663
3.1445951327855663
3.1445951327855663
3.152168753252866
3.152168753252866
3.152168753252866
3.152168753252866
3.152168753252866
3.152168753252866
3.152168753252866
3.1642186471527096
3.1642186471527096
3.1642186471527096
3.174495752431285
3.174495752431285
3.174495752431285
3.174495752431285
3.174495752431285
3.174515402266063
3.1783892993613283
3.1783892993613283
3.1855026879504797
3.195784053070492
3.195784053070492
3.195784053070492
3.210966055074026
3.1987583984003605
3.178204603196472
3.178204603196472
3.178204603196472
3.178204603196472
3.1705179636673657
3.1705179636673657
3.1705179636673657
3.1705179636673657
3.1671459553958647
3.1587342480340053
3.1587342480340053
3.186582967972079
3.2200152123919343
3.2200152123919343
3.2114683320984887
3.2114683320984887
3.2114683320984887
3.2014437634715116
3.20692376519471
3.2053904817473517
3.1973111657379305
3.1973111657379305
3.1973111657379305
3.2048938568785608
3.2048938568785608
3.2048938568785608
3.2211933969900115
3.2152492827879686
3.238673241120969
3.238673241120969
3.238673241120969
3.238673241120969
3.238673241120969
3.238673241120969
3.238673241120969
3.2307908118365143
3.240294393397595
3.2179598856161955
3.2179598856161955
3.233619850145686
3.242836068276593
3.242836068276593
3.242836068276593
3.2492514196015803
3.2487085711324477
3.256540172185761
3.256540172185761
3.2626276929883757
3.2708545152555475
3.255746032985781
3.2665680473199843
3.2788020044734427
3.2788020044734427
3.268869250445295
3.2610077927413847
3.2610077927413847
3.2610077927413847
3.2610077927413847
3.2472666608079006
3.2446715848439767
3.2580903376641888
3.2580903376641888
3.2580903376641888
3.2334205318570866
3.243981187465598
3.2493043158489576
3.2493043158489576
3.2514787265765457
3.2514787265765457
3.250199631734717
3.229376737051075
3.229376737051075
3.195235331982298
3.195235331982298
3.195235331982298
3.214893775356772
3.2190796887692614
3.191979402542404
3.2133912291837063
3.2353143576363315
3.212805065197905
3.233167505971707
3.233167505971707
3.220034006598331
3.220034006598331
3.185611994709423
3.185611994709423
3.2073867712459174
3.2073867712459174
3.2073867712459174
3.2073867712459174
3.2073867712459174
3.2073867712459174
3.205475795342596
3.205475795342596
3.205475795342596
3.22352283874538
3.22352283874538
3.205452627663344
3.212492080528572
3.208475930770941
3.208475930770941
3.208475930770941
3.205633324482748
3.2047437918031294
3.1902423785228526
3.1911910752862176
3.1911910752862176
3.1910676793717547
3.195760077890038
3.1949532630527187
3.206710144228343
3.2193552506430545
3.216519561587235
3.216519561587235
3.216519561587235
3.216519561587235
3.2034934674928977
3.2034934674928977
3.2034934674928977
3.2034934674928977
3.1973848909063634
3.183001289425491
3.183001289425491
3.194492080699751
3.2104598712585104
3.2104598712585104
3.2138923264355808
3.2138923264355808
3.2068993823898393
3.1990922051889776
3.1990922051889776
3.227078490978044
3.22972778168364
3.22972778168364
3.230650017568372
3.230650017568372
3.207615437434924
3.2076894157244396
3.210639534517671
3.2241043985167495
3.2241043985167495
3.2128383849220086
3.2128383849220086
3.252454780203926
3.252454780203926
3.256446110602791
3.230484494075458
3.2488334773724103
3.2488334773724103
3.247076705228723
3.247726651816162
3.238811027066785
3.224583630790527
3.2436260509385004
3.235030885781769
3.235030885781769
3.235523512553998
3.2214323331645613
3.2088411713866893
3.2452004635102885
3.2126069671869146
3.214757696972238
3.214757696972238
3.2287950066024886
3.2287950066024886
3.2114017508581667
3.206730569266287
3.206730569266287
3.2086128218402523
3.2086128218402523
3.2086128218402523
3.2194616820760804
3.22927440917262
3.2337820155650743
3.2373669767167437
3.219627973891487
3.219627973891487
3.2430971058079767
3.245501722665139
3.245501722665139
3.245501722665139
3.226963755266849
3.2336244057232038
3.2336244057232038
3.2121906138743572
3.2121906138743572
3.2121906138743572
3.2178787553270576
3.221192001029753
3.221192001029753
3.221192001029753
3.221192001029753
3.2358219900210052
3.2209346768971985
3.2197529417052397
3.2197529417052397
3.2258779961903854
3.2258779961903854
3.2258779961903854
3.2192016116530775
3.2192016116530775
3.2159152945394647
3.2109670552140557
3.206977434012886
3.2046090923584805
3.19400650280403
3.228974221059816
3.228974221059816
3.2248252642761184
3.191677391259917
3.191677391259917
3.1846963862782887
3.1846963862782887
3.1970288382990573
3.1743726371868837
3.1743726371868837
3.1810388920249832
3.1795909175454535
3.193377957867684
3.1980802918855447
3.2167029313966977
3.1964514777695547
3.1964514777695547
3.2055987823699055
3.211080073098926
3.1845312360027607
3.1845312360027607
3.1845312360027607
3.1845312360027607
3.2086152754048887
3.2086152754048887
3.2086152754048887
3.2086152754048887
3.2086152754048887
3.223024066320809
3.223024066320809
3.223024066320809
3.223024066320809
3.223024066320809
3.2245017498803743
3.231117329343862
3.2214986866737343
3.1979740152479286
3.18454393018908
3.2047983041829644
3.2047983041829644
3.1836784909575964
3.1836784909575964
3.197550290535077
3.212590331990037
3.212590331990037
3.212590331990037
3.213242148940928
3.2239191436298427
3.2239191436298427
3.2241631174214223
3.2241631174214223
3.211522480317452
3.2061613321677656
3.2061613321677656
3.2061613321677656
3.2061613321677656
3.2113865870508143
3.2153676576807797
3.2125558482520526
3.2062162779745136
3.210486486266444
3.210486486266444
3.220997690076824
3.220997690076824
3.227536743778445
3.250109634143468
3.254841356801803
3.254841356801803
3.2358050770829174
3.2358050770829174
3.2078731157623355
3.2078731157623355
3.2393671458773703
3.2288335995933757
3.2251087916150305
3.2251087916150305
3.2251087916150305
3.220281270533323
3.220281270533323
3.1900110874746033
3.1913654243738625
3.1958230221805795
3.242264620493329
3.237756486078749
3.2334701163551474
3.225282232891466
3.225282232891466
3.2227214781926543
3.2227214781926543
3.229309644738203
3.2334766656918137
3.2334766656918137
3.2225339216595743
3.220270876253053
3.23052464647945
3.211397368217564
3.223318732404152
3.207535061799079
3.2016579169892454
3.2016579169892454
3.224008940144684
3.214020815731639
3.214020815731639
3.214020815731639
3.2350062349245876
3.2270160875832516
3.191661361333269
3.191661361333269
3.191661361333269
3.197559741284613
3.197559741284613
3.2096997633039432
3.2096997633039432
3.1856354795914923
3.1850349021293716
3.200055315876213
3.2001172872986317
3.224889204895739
3.2220502219048974
3.2220502219048974
3.224693048538116
3.224693048538116
3.224693048538116
3.230702725061128
3.21667446529637
3.2140828134948323
3.213517813277405
3.213517813277405
3.213517813277405
3.2021549801184337
3.2021549801184337
3.2103230533130773
3.2103230533130773
3.2103230533130773
3.1971525659129485
3.190835387512427
3.190835387512427
3.2164091443096083
3.2164091443096083
3.2164091443096083
3.2051662561205148
3.2051662561205148
3.2049962298259356
3.2049962298259356
3.2049962298259356
3.1808191411196396
3.1808191411196396
3.1808191411196396
3.1808191411196396
3.1808191411196396
3.1808191411196396
3.1877179648152136
3.1877179648152136
3.219052067897853
3.21311183865466
3.2006676736105018
3.2100674135805276
3.203555182637597
3.1910801703755074
3.187866685417934
3.187866685417934
3.187866685417934
3.198539588809292
3.18614391394231
3.18614391394231
3.18614391394231
3.18614391394231
3.18614391394231
3.18614391394231
3.208909423248707
3.208909423248707
3.221143690125147
3.1975589085712173
3.1996726908698787
3.1996726908698787
3.1996726908698787
3.171493555675817
3.180713272647012
3.2009026476412643
3.2094853936950245
3.2094853936950245
3.2052652793207708
3.2052652793207708
3.209246891315594
3.209246891315594
3.207421624151165
3.204254121985827
3.204254121985827
3.204254121985827
3.204254121985827
3.183622336732018
3.183622336732018
3.194913091680624
3.194913091680624
3.1762343907313277
3.161438629373262
3.161438629373262
3.1905190602405535
3.1905190602405535
3.1905190602405535
3.1905190602405535
3.200197214161651
3.200197214161651
3.2028783736663455
3.2028783736663455
3.2151886042505673
3.215989902682622
3.215989902682622
3.206809594251687
3.1880727002046028
3.2125735097990993
3.2125735097990993
3.2125735097990993
3.2026514759367233
3.207426092524289
3.207426092524289
3.207426092524289
3.2026018000712675
3.1995670351598564
3.210589764393675
3.2082350735184852
3.2140497991643495
3.2140497991643495
3.2140497991643495
3.2237623674544267
3.2237623674544267
3.2237623674544267
3.2408786429208383
3.2491944857464907
3.2371356669416986
3.233636334979792
3.214364550513337
3.214364550513337
3.225295195880425
3.225295195880425
3.1955869244549144
3.1955869244549144
3.2017079493460594
3.2017555953030032
3.2017555953030032
3.21449047716354
3.195836131375171
3.2001862253910325
3.2001862253910325
3.1849566903017728
3.1849566903017728
3.1849566903017728
3.1849566903017728
3.1912706359045773
3.1912706359045773
3.173065725549164
3.1741225781089537
3.20551812612943
3.1962662230159986
3.2053617914412715
3.219395490173282
3.219395490173282
3.219395490173282
3.219395490173282
3.22381766279262
3.2205138134738633
3.2114530312676566
3.1809095082350898
3.179245546754727
3.229698390109978
3.229698390109978
3.224737106389993
3.219986872288397
3.219986872288397
3.2238962800353685
3.2251906905580774
3.2251906905580774
3.2251906905580774
3.2251906905580774
3.2251906905580774
3.245381801592287
3.205782234684875
3.205782234684875
3.22136409139372
3.22136409139372
3.22136409139372
3.208820988551874
3.1926080259032146
3.18353917398702
3.18353917398702
3.18353917398702
3.1913446469698035
3.1913446469698035
3.1911771171097714
3.1886053040405824
3.1886053040405824
3.186082359625112
3.186082359625112
3.186082359625112
3.208849941507892
3.208849941507892
3.208849941507892
3.205942161669572
3.205942161669572
3.184607897975575
3.205889850312254
3.1986455281389916
3.2079630968753627
3.2079630968753627
3.217922781894874
3.204920549197768
3.204920549197768
3.204920549197768
3.1992832883164373
3.202527940748641
3.202527940748641
3.1977774632417035
3.2187125621293493
3.2187125621293493
3.224146069151517
3.224146069151517
3.224146069151517
3.224146069151517
3.224146069151517
3.224146069151517
3.209168222748355
3.178687259604604
3.178687259604604
3.2084138800748008
3.1985837348790715
3.1985837348790715
3.1985837348790715
3.2037398884152286
3.193017372436613
3.197287598408319
3.2007526956168864
3.2000840495366254
3.2000840495366254
3.187213749201901
3.188277729980788
3.1779682720864395
3.1779682720864395
3.1807370477721033
3.1807370477721033
3.1700604123585374
3.1700604123585374
3.1700604123585374
3.173433654547242
3.173433654547242
3.173433654547242
3.1671717859436987
3.1671717859436987
3.1671717859436987
3.1700283439764
3.195958705760172
3.1937849081940244
3.178228553662287
3.16582422781872
3.1734030397321047
3.1734030397321047
3.1734030397321047
3.1913989560348175
3.1913989560348175
3.1913989560348175
3.181145113477017
3.172591759608506
3.172591759608506
3.177695068569986
3.1938049553550263
3.1948660222934646
3.1915495774482703
3.1844495120694893
3.1844495120694893
3.1844495120694893
3.1980530672831904
3.182707098314319
3.182707098314319
3.182707098314319
3.182707098314319
3.212923021286234
3.212923021286234
3.223876387828394
3.204706481791864
3.1784370918592555
3.1784370918592555
3.1767939098064093
3.1767939098064093
3.1780842103487097
3.1780842103487097
3.1780842103487097
3.1780842103487097
3.15856462824476
3.15856462824476
3.15856462824476
3.15856462824476
3.15856462824476
3.1681955491493468
3.1681955491493468
3.166621520379473
3.166621520379473
3.166621520379473
3.166621520379473
3.166621520379473
3.1670054586460057
3.178196754223769
3.178196754223769
3.178196754223769
3.188192822849696
3.1999995222744255
3.213026851268033
3.210225553403186
3.2141992720279684
3.2082090687983915
3.2285192652291177
3.2221690659776328
3.2053288318459856
3.2011444526728354
3.18340493478501
3.18340493478501
3.193252451646691
3.19890607175215
3.19890607175215
3.19890607175215
3.19890607175215
3.1928132623456276
3.201287525604375
3.201287525604375
3.224145293122379
3.233225816348661
3.2074172053085026
3.2074172053085026
3.202584818726182
3.205324770851294
3.205324770851294
3.205324770851294
3.233536461000845
3.233536461000845
3.2203437814378133
3.234806089163798
3.234806089163798
3.2423519503067553
3.213104257496081
3.213104257496081
3.1922261818434894
3.1950980377475013
3.231684260464048
3.2133102400644655
3.2028703863461425
3.2028703863461425
3.2218476791246893
3.2218476791246893
3.219099983999308
3.2043529844116803
3.2305514680488123
3.2162975037244736
3.2162975037244736
3.236806366072828
3.2541815307121826
3.2052472395375817
3.2052472395375817
3.218115762223515
3.2180317346372904
3.2309956385896013
3.2309956385896013
3.226017712057636
3.225951296050732
3.2289966608997887
3.2289966608997887
3.22312558384863
3.22312558384863
3.215068928770926
3.215068928770926
3.215068928770926
3.2315916232787063
3.215609165756349
3.215609165756349
3.209866092848205
3.209866092848205
3.2514681345841865
3.2514681345841865
3.2485073494078436
3.22967877653976
3.219616308454699
3.219616308454699
3.2087119033133082
3.2087119033133082
3.2087119033133082
3.1944277512750134
3.1944277512750134
3.1807919992584264
3.191151209662776
3.191151209662776
3.2018161570642527
3.2018161570642527
3.1909605843753757
3.1851350458104375
3.1851350458104375
3.2085222539010356
3.2120983396436635
3.1820122357789997
3.1955599320484236
3.2041812620900587
3.2041812620900587
3.2041812620900587
3.2041812620900587
3.2041812620900587
3.2041812620900587
3.199664141037761
3.1841633442978687
3.2199821059574725
3.196932667394396
3.197975016376459
3.197975016376459
3.192036616920397
3.192036616920397
3.1810919443346197
3.1945653079476095
3.2008522097806726
3.2008522097806726
3.209047529219796
3.190113314990728
3.201923593307639
3.1929712350441215
3.1929712350441215
3.1929712350441215
3.206011785832311
3.206011785832311
3.206011785832311
3.206011785832311
3.2097095246651155
3.2078588728918604
3.228401142991761
3.228401142991761
3.228401142991761
3.228401142991761
3.2209932675651243
3.2429837150975103
3.2337567701350203
3.2427580775443747
3.218710092130534
3.218710092130534
3.218710092130534
3.218710092130534
3.218710092130534
3.218710092130534
3.2116904258358
3.2116904258358
3.1971552012278046
3.1971552012278046
3.198864684383712
3.198864684383712
3.176728307155183
3.176728307155183
3.1962016143354113
3.1962016143354113
3.189752171136587
3.191346450988264
3.1728236059978423
3.1728236059978423
3.1866890089516837
3.1866890089516837
3.1866890089516837
3.1950112626246647
3.1831829549424766
3.1831829549424766
3.1974851768147614
3.1974851768147614
3.1974851768147614
3.1974851768147614
3.194208031228988
3.1918358524481665
3.1918358524481665
3.213264578434375
3.2156556228257376
3.2156556228257376
3.1938466551262534
3.202516797411694
3.192653029545879
3.217587378356422
3.195062340001162
3.195062340001162
3.1885766223455505
3.1732008429318865
3.1899700898631806
3.1854567786130974
3.1637852818581975
3.1642107790488536
3.1642107790488536
3.1642107790488536
3.1642107790488536
3.1656427578892767
3.1686925646863497
3.1921819939930556
3.1817548377697764
3.1817548377697764
3.1817548377697764
3.189842829953083
3.17516520462395
3.1747211439423317
3.1747211439423317
3.160455431735567
3.202751754712181
3.202751754712181
3.202751754712181
3.195023068081704
3.180276631101987
3.180276631101987
3.1986587509903113
3.207150709124488
3.207150709124488
3.216003145810154
3.216003145810154
3.2096773472762576
3.2096773472762576
3.2096773472762576
3.2105972138793004
3.1915074818100253
3.2086089246775895
3.2086089246775895
3.2086089246775895
3.2086089246775895
3.218967261000224
3.228868787910127
3.228868787910127
3.228868787910127
3.2156080140176435
3.2156080140176435
3.2221817669758552
3.2221817669758552
3.219033067934662
3.210840302856362
3.2080546840362856
3.1934206115370056
3.1934206115370056
3.2090935586016727
3.205705410914179
3.205705410914179
3.205705410914179
3.2181279518507373
3.2029828413231187
3.2086435039455656
3.221907991878164
3.221907991878164
3.2200609785323095
3.228921539085812
3.2432444349306806
3.2155113741345795
3.233147843119295
3.233147843119295
3.226255213456493
3.2114597201904886
3.2114597201904886
3.2073155187330222
3.2081933358877053
3.2081933358877053
3.1932291545141847
3.1869291385746084
3.228061993641077
3.228061993641077
3.228061993641077
3.2462447512051034
3.2366424105761555
3.2366424105761555
3.22816083996209
3.221269868391337
3.2285629911607927
3.2166098963614935
3.2166098963614935
3.222586816275315
3.2200231659687963
3.2200231659687963
3.2120023327183613
3.2120023327183613
3.221794923111991
3.2329663356974243
3.2199910237230918
3.2199910237230918
3.224017438464095
3.224017438464095
3.189169815145164
3.189169815145164
3.189169815145164
3.158882277389905
3.158882277389905
3.158882277389905
3.158882277389905
3.1698687881788548
3.1780494490581703
3.1780494490581703
3.168794057611505
3.168794057611505
3.168794057611505
3.1676521398914597
3.1717075167457027
3.1771255158166216
3.1794187946428787
3.1853738798050744
3.180005022349155
3.180005022349155
3.188889081860324
3.1872475366978623
3.1969230980357324
3.190416447389379
3.190416447389379
3.1489344077365207
3.183291611638686
3.195156276515943
3.195156276515943
3.195156276515943
3.182568789159931
3.1853425435076907
3.1865255045758336
3.1710065577743802
3.1698464293510433
3.171760133266615
3.171760133266615
3.171760133266615
3.171760133266615
3.171760133266615
3.171760133266615
3.171760133266615
3.1782117563573746
3.1847457299220983
3.2011348557246264
3.2011348557246264
3.2021133401713726
3.2021133401713726
3.1969378943832516
3.1969378943832516
3.197120479578232
3.197120479578232
3.2069724472154024
3.1996105156798476
3.2045679061772483
3.1762378589581775
3.1762378589581775
3.18257736667486
3.18257736667486
3.18257736667486
3.18949916429014
3.183693655751382
3.183693655751382
3.183693655751382
3.180847162185345
3.194380913384812
3.1847298062555325
3.182108615366887
3.182108615366887
3.1902908130011602
3.193211473948756
3.1762137021606067
3.1762137021606067
3.188593671957681
3.188593671957681
3.1989524910684315
3.195408519380811
3.195408519380811
3.200384940346404
3.1863845554301835
3.1863845554301835
3.1863845554301835
3.1863845554301835
3.1863845554301835
3.191316635404217
3.1823142658909678
3.1823142658909678
3.17207695252444
3.1726878092861486
3.1832920186260245
3.1832920186260245
3.1832920186260245
3.1832920186260245
3.1969394549705585
3.1969394549705585
3.193830763920957
3.193830763920957
3.193830763920957
3.172057566795045
3.172057566795045
3.171969100819757
3.189023359942313
3.189023359942313
3.1792390205234313
3.1943367939942027
3.1943367939942027
3.1943367939942027
3.206222433816588
3.2065231536389107
3.2065231536389107
3.1964542441542387
3.2064658993604134
3.2074386432402253
3.2074386432402253
3.2074386432402253
3.2074386432402253
3.219427393990211
3.219427393990211
3.2504625360771273
3.2356579223236617
3.2356579223236617
3.2421506421191917
3.225805258548156
3.225805258548156
3.225805258548156
3.2153123009187894
3.2153123009187894
3.208379994581521
3.19519616878844
3.1841115764427594
3.1808719641452226
3.214482708932002
3.214482708932002
3.2122105660508
3.232111933895932
3.232111933895932
3.216854733530553
3.229375870827285
3.233080539837009
3.233080539837009
3.204488500934376
3.1916915313866814
3.2023847870750277
3.2023847870750277
3.1857144933061283
3.187779375440313
3.205820056609613
3.190579968869522
3.1837551851693036
3.174901565796466
3.180764697954169
3.180764697954169
3.1894123123773688
3.1984846718012756
3.1984846718012756
3.1984846718012756
3.1984846718012756
3.2035876471440456
3.226699074808044
3.226699074808044
3.226699074808044
3.234742722684738
3.238189678247349
3.2304603231150733
3.2304603231150733
3.2140052164729123
3.196908225592694
3.193143908725319
3.193143908725319
3.2099696476553685
3.2259293402716738
3.2302622817274766
3.222753159555672
3.2286632055834374
3.2286632055834374
3.2286632055834374
3.2276856838693404
3.222461891224312
3.208751878329608
3.218028598594251
3.207991810983789
3.207862044663979
3.2296213018483115
3.215353528724608
3.2329237442650767
3.2271492803486983
3.2181882864369076
3.2181882864369076
3.2312685295875365
3.236175921598702
3.235907509307596
3.22542805894434
3.2145475336251383
3.2132791935869625
3.199525416813169
3.199525416813169
3.2183589598256503
3.21262368857164
3.203252846276461
3.203252846276461
3.203252846276461
3.227746853122914
3.23276059507738
3.2085938142651558
3.2085938142651558
3.2085938142651558
3.2085938142651558
3.193043216377283
3.1718027678860414
3.1718027678860414
3.1718027678860414
3.188106513894754
3.188106513894754
3.1890343947164874
3.1890343947164874
3.202992770830313
3.1840505534699153
3.1942344319966454
3.1942344319966454
3.1942344319966454
3.193907132646157
3.193907132646157
3.1907879218215194
3.1937864463529495
3.180638084381349
3.1950475808457584
3.1872809330843324
3.1855548391107193
3.1855548391107193
3.1855548391107193
3.1855548391107193
3.184981754101895
3.184981754101895
3.184981754101895
3.1850014983584862
3.2108989679102042
3.2096778701186484
3.2096778701186484
3.2096778701186484
3.201244937550009
3.201244937550009
3.1984980813299138
3.20421940995218
3.1878839786170463
3.197161414569933
3.197161414569933
3.2093555712952013
3.2093555712952013
3.2093555712952013
3.2153951804229877
3.2153951804229877
3.2153951804229877
3.2238572668978964
3.223756225458456
3.196060733186352
3.196060733186352
3.196060733186352
3.196060733186352
3.2095674922110273
3.2066657428870355
3.198523723210906
3.1899362682473034
3.1899362682473034
3.1899362682473034
3.1899362682473034
3.1899362682473034
3.1899362682473034
3.1899362682473034
3.2111617244222126
3.204086508583628
3.204086508583628
3.1848448077512015
3.1848448077512015
3.2069702363875954
3.2042203810889336
3.197931726506385
3.208976457680086
3.2109120959354116
3.2098862605066687
3.2098862605066687
3.2098862605066687
3.2101716116541006
3.2101716116541006
3.1974660581441383
3.1974660581441383
3.1922585958477203
3.1922585958477203
3.207203163635151
3.204516648511841
3.204516648511841
3.208297200908025
3.2110654296442895
3.215220183988154
3.215220183988154
3.220222323837107
3.2244733818486555
3.2244733818486555
3.215622583056674
3.215622583056674
3.219420975181099
3.2201356219999773
3.2172405422844195
3.2172405422844195
3.2172405422844195
3.2172405422844195
3.2121257551255695
3.212740798652221
3.2019200270518087
3.2019200270518087
3.2211323412806694
3.2211323412806694
3.2211323412806694
3.2211323412806694
3.2227908517536457
3.2283210900976913
3.2246482909823633
3.225415111214012
3.214211248611553
3.214211248611553
3.214211248611553
3.214211248611553
3.235825070351298
3.2251632152083975
3.192890165174043
3.192890165174043
3.192890165174043
3.192890165174043
3.192890165174043
3.192890165174043
3.1946989379191084
3.171567553695166
3.171567553695166
3.188805659646593
3.188805659646593
3.188805659646593
3.1930498962151073
3.190558646772673
3.1726812377534714
3.1726812377534714
3.162151742344681
3.1654069160322122
3.1654069160322122
3.1654069160322122
3.1654069160322122
3.1654069160322122
3.1654069160322122
3.165359110250803
3.198876100496683
3.1585850140084557
3.16109052094902
3.1803631464019664
3.203006201992552
3.2098583091119544
3.1904186121895886
3.1904186121895886
3.199368608967249
3.2059733665127226
3.2322642597031694
3.2322642597031694
3.2182680340242737
3.2014235507597637
3.2014235507597637
3.1897322315185925
3.198702818755355
3.2265334270847656
3.22035538556613
3.2084846835455796
3.225465112334585
3.225465112334585
3.225130742957199
3.225130742957199
3.227353609108603
3.2141653884484125
3.2141653884484125
3.2354001851002865
3.233774897183394
3.2321357271358555
3.2351421647323058
3.228606103757049
3.228606103757049
3.2126041710362987
3.2171495400092227
3.218852337407495
3.216901791040449
3.216901791040449
3.216901791040449
3.2077431036186037
3.2144461079347635
3.2144461079347635
3.223160215101008
3.2184639332041693
3.2184639332041693
3.2262772496430734
3.2262772496430734
3.2145762874156496
3.22628752024276
3.22628752024276
3.249552836081171
3.249552836081171
3.249552836081171
3.243055183319285
3.243055183319285
3.222149400655067
3.2151497619857934
3.207128809015746
3.1898468793126797
3.1902206198600784
3.1902206198600784
3.1945774686076414
3.1945774686076414
3.1945774686076414
3.192996115124205
3.187814867385332
3.187814867385332
3.187814867385332
3.199845560371029
3.199845560371029
3.199845560371029
3.191905741123278
3.191905741123278
3.191905741123278
3.191905741123278
3.191905741123278
3.207960673571828
3.212501242429995
3.2144049438552367
3.2387245612916176
3.219063976694891
3.219063976694891
3.2108346966516845
3.2108346966516845
3.2183311832304775
3.2183311832304775
3.2183311832304775
3.2183311832304775
3.2205612432163893
3.2205612432163893
3.2138700009839436
3.2138700009839436
3.2138700009839436
3.2401295853602186
3.2401295853602186
3.2401295853602186
3.252133250202842
3.252133250202842
3.252133250202842
3.217424116010539
3.2271426807814554
3.231313159017096
3.231313159017096
3.231313159017096
3.216059890864005
3.216059890864005
3.211684583327082
3.2000433949359595
3.2200243166086766
3.2200243166086766
3.2061542735553394
3.2022618017273676
3.203658420467551
3.203658420467551
3.223327991749855
3.2274092741063796
3.2274092741063796
3.2358840348619298
3.232732142075179
3.232732142075179
3.228624224970929
3.228624224970929
3.201817603659725
3.201817603659725
3.201817603659725
3.1891016722595316
3.1873093825907217
3.1873093825907217
3.1873093825907217
3.1841236448875
3.1767805948772128
3.1811229360641673
3.1811229360641673
3.189965847216495
3.1965205967793366
3.199866840934211
3.2016983037654363
3.2016983037654363
3.2016983037654363
3.2155575416664033
3.2155575416664033
3.2155575416664033
3.208082115889332
3.2227666396658443
3.2227666396658443
3.1937818431007683
3.1937818431007683
3.171962163942846
3.178840859760811
3.178840859760811
3.201532793912397
3.221215536173003
3.221215536173003
3.221215536173003
3.2240301578323773
3.2156936191239263
3.2156936191239263
3.2132201463893453
3.2437959479105563
3.24046068962814
3.220898153671755
3.220898153671755
3.21777287634607
3.21777287634607
3.21777287634607
3.220845319275592
3.2263240006205662
3.2407820791915616
3.2407820791915616
3.2407820791915616
3.2407820791915616
3.2407820791915616
3.2407820791915616
3.243174992270382
3.243174992270382
3.2109421289953493
3.2109421289953493
3.1938049269098983
3.191696293519409
3.2053950966587084
3.2249148614153342
3.2249148614153342
3.2249148614153342
3.224114474759918
3.224114474759918
3.2122378550449957
3.2122378550449957
3.203761595006189
3.203761595006189
3.203761595006189
3.220022714806819
3.220022714806819
3.220022714806819
3.2224540232090013
3.2224540232090013
3.214663417943469
3.214663417943469
3.229617212013159
3.214190225630205
3.214190225630205
3.214190225630205
3.208530171784206
3.2058085546486335
3.209794310012853
3.209794310012853
3.209794310012853
3.209794310012853
3.2093912237172066
3.2093912237172066
3.201610830624232
3.201610830624232
3.202656180269782
3.202656180269782
3.202656180269782
3.202656180269782
3.202656180269782
3.191325503939755
3.1625969847742033
3.1625969847742033
3.190197611598316
3.1750655691717347
3.17871111585491
3.195435016091646
3.1834263668547518
3.2044346561357107
3.1942480990012907
3.1697980112140045
3.1697980112140045
3.1697980112140045
3.1858830720374387
3.167380240909511
3.1965512656255894
3.190948438226668
3.170898841132064
3.170898841132064
3.167670763225174
3.1790079644982434
3.1790079644982434
3.1736149606839157
3.1736149606839157
3.1722696254636453
3.1712214116470907
3.1685213273097865
3.183222518163206
3.17981477720504
3.17981477720504
3.1694727164727974
3.1694727164727974
3.183880851428293
3.2059058980274684
3.1996344963299364
3.1996344963299364
3.1891631390020163
3.1891631390020163
3.178460622542022
3.178460622542022
3.178460622542022
3.178460622542022
3.1620533459711146
3.174831437276721
3.1970835507326134
3.1779987451174945
3.1820459209730805
3.1839595432189185
3.208063867539796
3.220479313324555
3.207112528015636
3.1969941393307573
3.2100546368328176
3.2100546368328176
3.2100546368328176
3.2100546368328176
3.214355504917318
3.214355504917318
3.2004536161554706
3.2004536161554706
3.2004536161554706
3.2175466597558278
3.2175466597558278
3.2175466597558278
3.22219422047217
3.2199529220153154
3.1944642091957265
3.2075089228315283
3.193218259366964
3.205329456511634
3.205329456511634
3.205329456511634
3.205329456511634
3.205329456511634
3.205329456511634
3.211140562948961
3.211140562948961
3.211140562948961
3.2010835708278385
3.2010835708278385
3.196845970489061
3.181029923954207
3.193675910827673
3.2089964031349787
3.2089964031349787
3.2089964031349787
3.1981884168097445
3.2055789720574115
3.2055789720574115
3.2007873045963113
3.1964062732034066
3.176598344618224
3.176598344618224
3.176598344618224
3.1762204930346494
3.1929982522270612
3.1929982522270612
3.1929982522270612
3.1929982522270612
3.1626191964696435
3.166345608427667
3.166345608427667
3.1746235201846575
3.1891069590215166
3.1891069590215166
3.1722831626968104
3.177649767576892
3.1993185976459726
3.1911836888140566
3.1911836888140566
3.1688164386379434
3.167842894913194
3.1893709166445734
3.172872170510152
3.1738806901798573
3.1924343845659893
3.1924343845659893
3.1924343845659893
3.1924343845659893
3.182211142326384
3.182211142326384
3.182211142326384
3.1645902196755573
3.1645902196755573
3.1645902196755573
3.161447746352379
3.1738979043288165
3.2023345176859137
3.210149629064895
3.210149629064895
3.210149629064895
3.207146893425494
3.2037887403053706
3.1725738737240774
3.1906741759676276
3.2284085162745306
3.2284085162745306
3.2187427194272664
3.216376995438371
3.216376995438371
3.216376995438371
3.232050890919044
3.240567373093472
3.2436037353951903
3.2499381468798667
3.2226262504839194
3.2226262504839194
3.2226262504839194
3.2214024627135287
3.2320472750594123
3.2320472750594123
3.2280993954074795
3.229575369370694
3.229575369370694
3.229575369370694
3.229575369370694
3.229575369370694
3.1990295177076065
3.2010243341256075
3.1987225983271994
3.233485866271882
3.233485866271882
3.233485866271882
3.233485866271882
3.2153257266509594
3.2190423356806153
3.19800001631596
3.19800001631596
3.2141330403078836
3.2141330403078836
3.2141330403078836
3.213330664441719
3.213330664441719
3.213330664441719
3.224792492377229
3.2259409662409375
3.22522631238189
3.2381551502020156
3.2404119747547266
3.2466074194968253
3.2466074194968253
3.2466074194968253
3.2327410543181845
3.2032003429966838
3.2032003429966838
3.2032003429966838
3.210488055453271
3.2032938291399256
3.2032938291399256
3.2032938291399256
3.2181108726743015
3.224121368760207
3.2085878681347544
3.2085878681347544
3.221155563380513
3.221155563380513
3.2183918093916484
3.2102379959818985
3.2102379959818985
3.2037732569080464
3.1906479297462735
3.1802071088646175
3.1798597279767
3.192628626438832
3.192628626438832
3.1980383153301766
3.2115015735899264
3.2115015735899264
3.2171930893392284
3.2171930893392284
3.217885085837844
3.213504246829672
3.2090896379906573
3.2090896379906573
3.2090896379906573
3.230884960515794
3.230884960515794
3.230884960515794
3.2434591867515383
3.226195923575132
3.245633467880899
3.2348460820739877
3.244987602161478
3.239380884208254
3.234930591003016
3.234930591003016
3.2548266676685618
3.246129522564681
3.246129522564681
3.243525249655394
3.230660090460773
3.230660090460773
3.241769438606259
3.236468204719799
3.2318430158190417
3.208068959435441
3.208068959435441
3.208068959435441
3.2129103440508766
3.2148873196547147
3.211430575474779
3.228564204655991
3.228564204655991
3.2177566976963656
3.215712145469702
3.1863923016774165
3.1863923016774165
3.189200804439795
3.189200804439795
3.222409737760647
3.213947923338174
3.217852595434109
3.217852595434109
3.235613087392332
3.235613087392332
3.2196687332432656
3.2484702408001644
3.2484702408001644
3.2484702408001644
3.2484702408001644
3.243238371787924
3.243238371787924
3.2476411032442756
3.233133946289556
3.233133946289556
3.2124411415350735
3.2170696061625557
3.2192017246846
3.234897463953731
3.234897463953731
3.2345918311953947
3.2345918311953947
3.2345918311953947
3.2356720022204666
3.253443408686215
3.258407450255514
3.261625387835312
3.275294618842206
3.275294618842206
3.275294618842206
3.267433898077866
3.2648679459643004
3.2593039985644285
3.235969239046134
3.2411062041210092
3.2527126256292838
3.2527126256292838
3.2570720451786888
3.2533078363534127
3.2533078363534127
3.2527118334391725
3.268790664409863
3.268790664409863
3.268790664409863
3.268790664409863
3.268790664409863
3.281844139164479
3.2657206480079966
3.2485213195207683
3.2536080584577127
3.2589657667911376
3.2609541651179916
3.2448830787175824
3.2240549831661722
3.2240549831661722
3.2543091998846694
3.2543091998846694
3.25389660872374
3.247390035085825
3.247390035085825
3.222125637054559
3.222125637054559
3.222125637054559
3.222125637054559
3.222125637054559
3.222125637054559
3.230624738133021
3.2361928053280127
3.2405234033530985
3.222917452563264
3.209919359075244
3.209919359075244
3.209919359075244
3.209919359075244
3.2295688051449645
3.2295688051449645
3.2338906849800884
3.241626745165312
3.253292597983774
3.253292597983774
3.253292597983774
3.2580379361710126
3.2580379361710126
3.2706368398492565
3.2706368398492565
3.2706368398492565
3.2325797019349993
3.254246567140063
3.254246567140063
3.2486901924033207
3.2721364479204906
3.252829913200333
3.2489404908103774
3.2489404908103774
3.2489404908103774
3.2256617473968148
3.2256617473968148
3.213172640084826
3.2268239852298835
3.2268239852298835
3.2268239852298835
3.2006400583839647
3.2006400583839647
3.2006400583839647
3.2105746474598083
3.204082858618761
3.204082858618761
3.1892338848873982
3.1892338848873982
3.2030508322279894
3.2030508322279894
3.2163581899342026
3.2163581899342026
3.2234513624006245
3.2234513624006245
3.21475960148094
3.21475960148094
3.2001617981496944
3.203761579774837
3.2013371593740167
3.23430380388353
3.252583111839383
3.252583111839383
3.252583111839383
3.252583111839383
3.2081718936333985
3.2081718936333985
3.215810366152397
3.218674563126185
3.218674563126185
3.2066697128187784
3.2066697128187784
3.187948526044907
3.187948526044907
3.2255419976650637
3.2148039841678884
3.222962256908174
3.222962256908174
3.222962256908174
3.225602566663221
3.225602566663221
3.2240044215856476
3.2325222396660034
3.2325222396660034
3.219735836109927
3.2098105104075105
3.210935706475087
3.214384813725327
3.214384813725327
3.214384813725327
3.2084848224400355
3.2084848224400355
3.2502175962589406
3.2502175962589406
3.2122666983555064
3.208301050037027
3.208301050037027
3.2205280208857676
3.205705945118983
3.2085875643030817
3.2047570316192835
3.201845003065461
3.2124091524899168
3.2124091524899168
3.2072282797987457
3.2121023796988126
3.2223992026793415
3.2253108507480506
3.2239657602448157
3.2253869519371947
3.2235268519970974
3.2103756754783253
3.2103756754783253
3.2103756754783253
3.227968735330795
3.227968735330795
3.2255536738120307
3.2447490575018794
3.23571345829587
3.23571345829587
3.23571345829587
3.2078043566178485
3.23949385183046
3.1975857222252984
3.2023484020526993
3.2064171392885514
3.2064171392885514
3.2064171392885514
3.2064171392885514
3.2064171392885514
3.178581617268681
3.1843494762912665
3.18302578005135
3.1944424040922104
3.1944424040922104
3.1944424040922104
3.2327799933080508
3.222367730744795
3.2183525351629787
3.2183525351629787
3.2183525351629787
3.230212852620893
3.230212852620893
3.230212852620893
3.236975469199829
3.232575012794318
3.2229532718992853
3.2229532718992853
3.2229532718992853
3.2281146352460848
3.227440647960894
3.215967877537535
3.215967877537535
3.215967877537535
3.199373160491662
3.216703778646216
3.2314241747830303
3.221354832335195
3.221354832335195
3.221354832335195
3.221354832335195
3.1837273003940387
3.1931967934077266
3.1931967934077266
3.1931967934077266
3.186578909220588
3.1593208508796073
3.1593208508796073
3.1581177340892523
3.173082172124858
3.168966355694573
3.168966355694573
3.1677284608844163
3.1677284608844163
3.1677284608844163
3.173727427142796
3.173727427142796
3.1759496839165364
3.1759496839165364
3.191486182320101
3.19010310232886
3.1941249182977285
3.1941249182977285
3.1941249182977285
3.196949043457363
3.2056638076301898
3.2056638076301898
3.2056638076301898
3.2011648565943434
3.2068726776666914
3.2068726776666914
3.2081470085239205
3.213202107471295
3.213202107471295
3.213202107471295
3.1961538851092675
3.1961538851092675
3.181819016105583
3.181819016105583
3.1824442986895374
3.1734142951300557
3.1734142951300557
3.199195929477427
3.199195929477427
3.199195929477427
3.1916475699703337
3.20330777578238
3.20330777578238
3.20330777578238
3.2064459450803637
3.2064459450803637
3.2146491052189563
3.2119586817895693
3.2174188573950357
3.2174188573950357
3.2174188573950357
3.2174188573950357
3.205437431860821
3.205437431860821
3.216568229564362
3.221470397979486
3.2132600829796867
3.213596345456469
3.213596345456469
3.213596345456469
3.246752306040847
3.2214467395430972
3.2214467395430972
3.2276327097237862
3.2276327097237862
3.2276327097237862
3.2276327097237862
3.2276327097237862
3.230611753153609
3.2229278273716475
3.21877960719714
3.2142411541705105
3.210326968053475
3.1916804604374556
3.1916804604374556
3.1896811865836776
3.201184315585554
3.2108959903129017
3.2108959903129017
3.2108959903129017
3.2103219140242696
3.2214636907988714
3.2214636907988714
3.207210420939377
3.207210420939377
3.207210420939377
3.2110415136102133
3.1965409697554223
3.1965409697554223
3.1965409697554223
3.2109170072074327
3.2109170072074327
3.2223647191178646
3.2223647191178646
3.2223647191178646
3.2223647191178646
3.2223647191178646
3.2225854560359775
3.2184928607854304
3.2184928607854304
3.2184928607854304
3.2184928607854304
3.2188064266741807
3.2188064266741807
3.2023018262500997
3.2023018262500997
3.234022922588383
3.201026595842688
3.2183401422399744
3.2183401422399744
3.250176398501694
3.248558628394214
3.2672319994640353
3.2318651445941304
3.2318651445941304
3.2318651445941304
3.2318651445941304
3.203450565018605
3.2234188011983225
3.2234188011983225
3.2380593618196385
3.2380593618196385
3.2248226401481004
3.2248226401481004
3.2248226401481004
3.2098051337708733
3.2103418322930404
3.2103418322930404
3.2103418322930404
3.2103418322930404
3.2103418322930404
3.2103418322930404
3.2097536327430642
3.2097536327430642
3.2190213237785974
3.235673034756576
3.219563034721873
3.206145150674632
3.20588551479648
3.2059178219153166
3.202658151807678
3.1848923854600013
3.1848923854600013
3.1848923854600013
3.1848923854600013
3.1839635105065214
3.1857814633164896
3.1866385844456864
3.1866385844456864
3.200927493645649
3.211176038110661
3.209486146730008
3.209486146730008
3.209486146730008
3.209486146730008
3.2078853375733183
3.1839273481923565
3.2096590724266223
3.213833267042866
3.192253980833417
3.1952678006610213
3.1800775892702102
3.1800775892702102
3.1786103838342683
3.1796232264799067
3.20666699490591
3.1930106021217073
3.1666396816772564
3.1666396816772564
3.1666396816772564
3.1838497761795193
3.1838497761795193
3.1838497761795193
3.184931840371749
3.1915414631110974
3.182337178291019
3.1850561235232373
3.1850561235232373
3.1896181889196757
3.199354376839312
3.219941770444369
3.1748461603107776
3.1800566243532726
3.1800566243532726
3.170842810716194
3.1780750225116163
3.1780750225116163
3.1780750225116163
3.1695656757325144
3.178659411783958
3.174452437849558
3.1809928569365273
3.171756098219598
3.179957855108791
3.179957855108791
3.167969604631557
3.167969604631557
3.1740265233552414
3.1740265233552414
3.1740265233552414
3.1802217466476805
3.200883725680788
3.1839030018967533
3.1724128639022715
3.167015828417702
3.1678007819767893
3.1678007819767893
3.1678007819767893
3.1678007819767893
3.1678007819767893
3.1678007819767893
3.1420261607301923
3.1319075867621575
3.1535735815035393
3.1407972683824883
3.1407972683824883
3.1407972683824883
3.1381610109638105
3.1468999693637953
3.1612447661604026
3.1439479738547007
3.177926163673815
3.177926163673815
3.177926163673815
3.171036785106018
3.1666416549928957
3.184787286605887
3.184787286605887
3.1826512470637796
3.1826512470637796
3.2025684384279534
3.175049753774782
3.170092924240815
3.170092924240815
3.170092924240815
3.1910835904735726
3.1910835904735726
3.1910835904735726
3.1910835904735726
3.1921917603493415
3.2097944989975016
3.2097944989975016
3.209916669676906
3.209916669676906
3.209916669676906
3.2094119934242156
3.198240250587445
3.198240250587445
3.198240250587445
3.2274806900833535
3.2304301733268845
3.2189374694922575
3.2189374694922575
3.2189374694922575
3.235987086078807
3.2369025324507694
3.209364875985629
3.209364875985629
3.209364875985629
3.209364875985629
3.209364875985629
3.209364875985629
3.209364875985629
3.209364875985629
3.2108063469873622
3.2108063469873622
3.21922680819469
3.21922680819469
3.211013208686544
3.211013208686544
3.1854031305248856
3.1854031305248856
3.195537803800987
3.223569914006841
3.2275387369962414
3.2096896050447503
3.2096896050447503
3.1809896903300148
3.1809896903300148
3.194537398182427
3.2063498029323965
3.2063498029323965
3.2063498029323965
3.2063498029323965
3.199000292288564
3.199000292288564
3.2153695554495263
3.1948291212848514
3.183716955629525
3.183716955629525
3.173198273458326
3.1554250559753183
3.1704116196014493
3.1659699022919496
3.1495141928023895
3.1495141928023895
3.1570682883390324
3.1624217871384657
3.1624217871384657
3.1624217871384657
3.1624217871384657
3.1624217871384657
3.1624217871384657
3.1624217871384657
3.1624217871384657
3.176179345298366
3.160854623679125
3.1669733957050212
3.1666243159255933
3.1869340540343245
3.1869340540343245
3.1893805499620864
3.1987426986685765
3.212495935292789
3.2276430308269255
3.207318766676903
3.207318766676903
3.207318766676903
3.207318766676903
3.207318766676903
3.207318766676903
3.207318766676903
3.207318766676903
3.202182625832795
3.202182625832795
3.202182625832795
3.202182625832795
3.202182625832795
3.2189029200335466
3.2189029200335466
3.201708775092161
3.208761376068835
3.2088138251723333
3.2088138251723333
3.2229839880528113
3.2229839880528113
3.2394607067719177
3.24087287163146
3.24087287163146
3.24087287163146
3.2423211553523275
3.2423211553523275
3.2201244552668005
3.217233235759888
3.217233235759888
3.222916858628069
3.222593757911219
3.222593757911219
3.2315782882580137
3.2440940825576106
3.232161254509541
3.2416870058816034
3.241012833413134
3.2220545398852676
3.2220545398852676
3.235339545615121
3.2215729289077926
3.2215729289077926
3.2215729289077926
3.225809129930259
3.207164181043769
3.207164181043769
3.2154567105755687
3.2154567105755687
3.203162730089618
3.207123018252801
3.207123018252801
3.21473581907514
3.21473581907514
3.2238899488361494
3.2238899488361494
3.2238899488361494
3.219913641352652
3.2386582882995247
3.2386582882995247
3.224043099400964
3.219236615439574
3.207780671131133
3.207780671131133
3.2286441418535605
3.199242804586705
3.199242804586705
3.1930965815215546
3.1930965815215546
3.1930965815215546
3.2041281340590206
3.19141581731497
3.1996820086324886
3.2013024982985216
3.2013024982985216
3.1998912504629775
3.210754006162341
3.210754006162341
3.210754006162341
3.1951549537257633
3.173681079961964
3.1802371748362726
3.1802371748362726
3.1802371748362726
3.1802371748362726
3.1802371748362726
3.1926419036586884
3.1926419036586884
3.201425458550945
3.201425458550945
3.201425458550945
3.201425458550945
3.206630768323254
3.206630768323254
3.206630768323254
3.1884384491726845
3.1807200795602024
3.1582792884674733
3.1582792884674733
3.1843419291706887
3.1590670140334534
3.179828246463046
3.1588779554711595
3.165980247920044
3.165980247920044
3.1736784538754934
3.1718144060508253
3.1718144060508253
3.183434554301794
3.1747163043138915
3.202955525136149
3.2211413725591886
3.2211413725591886
3.2215678252999513
3.239821374090531
3.239821374090531
3.239821374090531
3.2356154107159543
3.23633459223744
3.23633459223744
3.23633459223744
3.2375326670533977
3.211215144054363
3.2388404002342157
3.233733188795434
3.233733188795434
3.233733188795434
3.2283739507393068
3.2283739507393068
3.1879579871626715
3.1921964273584726
3.199552700879871
3.199552700879871
3.197059687352228
3.197059687352228
3.197059687352228
3.197894693969922
3.194868088200383
3.194868088200383
3.2092301990515644
3.2092301990515644
3.220101282335276
3.220101282335276
3.220101282335276
3.220101282335276
3.220101282335276
3.220101282335276
3.220101282335276
3.2306029189991725
3.233015667864688
3.2393337350924067
3.2393337350924067
3.2393337350924067
3.226188060596253
3.2263728434675145
3.2263728434675145
3.220240109998664
3.242012764399541
3.242012764399541
3.242012764399541
3.242012764399541
3.2361956166156887
3.2361956166156887
3.2361956166156887
3.223110130816486
3.2195563157287563
3.211513619604773
3.211513619604773
3.211513619604773
3.211513619604773
3.2149375411367838
3.2149375411367838
3.213158206729547
3.213158206729547
3.207572660677198
3.2252245000445576
3.2252245000445576
3.201481027344621
3.202980498193341
3.1987363212016673
3.2117519157430303
3.2144316356907874
3.2144316356907874
3.2354037658580856
3.2300632139516496
3.2300632139516496
3.2318385940484653
3.2318385940484653
3.2318385940484653
3.2387421193071293
3.2387421193071293
3.2426101822456332
3.2306709631760593
3.2306709631760593
3.222615500062078
3.2287980401264944
3.2303705867313406
3.2303705867313406
3.2411000406346866
3.2411000406346866
3.2411000406346866
3.227659535008285
3.227659535008285
3.227659535008285
3.227659535008285
3.227659535008285
3.2374521321557737
3.228472900209104
3.230477254639254
3.2432999571717147
3.2256962528364848
3.232768429904095
3.22095811041858
3.22095811041858
3.2173770828022334
3.2173770828022334
3.2173770828022334
3.217537151151083
3.2527591640508287
3.2186076465187266
3.2207062529921267
3.2207062529921267
3.210875386931664
3.2164873632022726
3.2030764056093806
3.1935240562703675
3.1935240562703675
3.1935240562703675
3.2124320505150736
3.215606645805302
3.2208379027858847
3.219336985422544
3.212987037860884
3.212987037860884
3.2246886411761464
3.207756830925217
3.207756830925217
3.206073732032072
3.195677086987214
3.1929986776200217
3.1926222847474035
3.1926222847474035
3.1926222847474035
3.1960725783433124
3.216527812348812
3.216527812348812
3.216527812348812
3.216527812348812
3.229594859010774
3.2256526953454956
3.204235840077497
3.204235840077497
3.204235840077497
3.204235840077497
3.1921851190576094
3.2019710078384307
3.2019710078384307
3.2019710078384307
3.2019710078384307
3.2019710078384307
3.2019710078384307
3.2207432847307924
3.225163579536369
3.225163579536369
3.205101509363922
3.1878940980994774
3.2055719220086725
3.2055719220086725
3.2055719220086725
3.214023860703992
3.214023860703992
3.214023860703992
3.214023860703992
3.214023860703992
3.215946911760608
3.2015039522656044
3.22666182562642
3.2207424282526365
3.2207424282526365
3.2207424282526365
3.2207424282526365
3.2196157859184034
3.2196157859184034
3.2169841483107797
3.2296229925951545
3.2492895789600547
3.2011936833986927
3.2011936833986927
3.2327157396190445
3.2123594099584682
3.1993841670623784
3.2026877644005767
3.2022524773296226
3.1802118685861966
3.1802118685861966
3.1802118685861966
3.1868788489649433
3.1868788489649433
3.186061563796766
3.186061563796766
3.186061563796766
3.1994332091109268
3.1994332091109268
3.1994332091109268
3.217424937342505
3.218669025793679
3.218669025793679
3.218669025793679
3.218669025793679
3.198918351091028
3.207242342432328
3.207242342432328
3.2308611119116013
3.2308611119116013
3.2308611119116013
3.224937316056992
3.2228320459058324
3.213909098572422
3.2188728240847175
3.220697977147041
3.2316854302628415
3.234666891499153
3.227369226090794
3.2159082858488386
3.2112842873866714
3.2222380768382037
3.2304295713648408
3.2366676909103704
3.2269070409881047
3.2351042233449654
3.236623306066888
3.236623306066888
3.236623306066888
3.2299744712851006
3.2299744712851006
3.2299744712851006
3.2299744712851006
3.2299744712851006
3.2138402994706117
3.2300522608036952
3.2052484279388693
3.1946575221503823
3.2011938085831395
3.2337533904036353
3.2337533904036353
3.2337533904036353
3.2281785795934734
3.2281785795934734
3.2279575636846536
3.2279575636846536
3.2279575636846536
3.2320241424622163
3.227975456398545
3.227975456398545
3.22397421683257
3.2205319759536937
3.2181527518480944
3.229334790889423
3.2289377933046075
3.241652051171146
3.2284611507125085
3.2284611507125085
3.2449832617228482
3.234118948944378
3.234118948944378
3.221573346514998
3.221573346514998
3.221573346514998
3.2061429587350787
3.2061429587350787
3.2061429587350787
3.2061429587350787
3.200419016231565
3.200419016231565
3.204182901768298
3.2054949438873592
3.2054949438873592
3.2054949438873592
3.2054949438873592
3.2054949438873592
3.200644585050507
3.200644585050507
3.200644585050507
3.200644585050507
3.200644585050507
3.2128258234585236
3.2128258234585236
3.2209769292157167
3.2209769292157167
3.219036647600275
3.219036647600275
3.219036647600275
3.219036647600275
3.219036647600275
3.219036647600275
3.2136341085601763
3.2204711024440535
3.2204711024440535
3.1919362365995183
3.195870603808353
3.2033107252335533
3.2023236490031746
3.2023236490031746
3.2023236490031746
3.2023236490031746
3.160668232878903
3.168536974403539
3.2038637980066187
3.193073123678767
3.211130215213529
3.211130215213529
3.211130215213529
3.211130215213529
3.211130215213529
3.211130215213529
3.2100794187473842
3.2100794187473842
3.2027829053503445
3.229393545830888
3.234115983173824
3.2428777825693182
3.2428777825693182
3.232841503526217
3.2266230688577195
3.2081267874627386
3.2081267874627386
3.2081267874627386
3.205940775833086
3.224133215019594
3.2163368726659693
3.205801362469319
3.2102525070426657
3.2102525070426657
3.1985186086228405
3.1985186086228405
3.2119501334834917
3.2119501334834917
3.2090207009164757
3.2090207009164757
3.2090207009164757
3.2143192360517596
3.222846930393612
3.2132170732060343
3.2029096465745046
3.213028858403293
3.213028858403293
3.227983183149528
3.224223602171703
3.224223602171703
3.224223602171703
3.224223602171703
3.2217735291878458
3.1898091962501
3.1966613091952487
3.1966613091952487
3.226467461299776
3.226467461299776
3.226467461299776
3.226467461299776
3.225021484090763
3.225021484090763
3.2062327790034857
3.2062327790034857
3.1944023745918635
3.1944023745918635
3.1944023745918635
3.1944023745918635
3.2145535027055487
3.203937130382008
3.2255298225786344
3.2255298225786344
3.209270953976774
3.209270953976774
3.1855325734939957
3.2034240142189914
3.198786391365566
3.2007826079032276
3.2007826079032276
3.2007826079032276
3.2263923831887213
3.2299518954455313
3.2299518954455313
3.2178749951934202
3.2178749951934202
3.2127531951305595
3.1962472150334937
3.2193796227973466
3.2193796227973466
3.181781147216649
3.181781147216649
3.181781147216649
3.2115630080233633
3.216030218308396
3.216030218308396
3.216030218308396
3.219903592810981
3.219903592810981
3.226547104940035
3.2301238699332613
3.236443708871097
3.197822139055062
3.1936279288810385
3.1903884766927972
3.1916560036927497
3.2253090415329058
3.2253090415329058
3.235538194266882
3.2173475055446485
3.2173475055446485
3.2138377942661376
3.2138377942661376
3.2237778381077855
3.2237778381077855
3.2319951801913422
3.2319951801913422
3.236478523691694
3.236478523691694
3.243228728549822
3.243228728549822
3.243228728549822
3.228691082826967
3.212517988148462
3.2255974650741646
3.214675646566138
3.214675646566138
3.2349711185336525
3.244351363070728
3.229770930238091
3.229770930238091
3.229770930238091
3.229770930238091
3.2237585666170654
3.231305925045119
3.2380563214897005
3.245740480730671
3.2530063853429216
3.2193003711741652
3.2193003711741652
3.208660326131798
3.208660326131798
3.204554675089931
3.204554675089931
3.204554675089931
3.218535371621242
3.2184125092273854
3.207560119609279
3.207560119609279
3.2337958684174373
3.2185357644193253
3.2185357644193253
3.2185357644193253
3.2185357644193253
3.2185357644193253
3.230966464238978
3.230966464238978
3.230966464238978
3.230966464238978
3.202740350127419
3.2060682988816165
3.2060682988816165
3.1959747897132953
3.199723753513684
3.213184226903422
3.213184226903422
3.2270953540803666
3.2012989009183186
3.2012989009183186
3.2012989009183186
3.207368510666379
3.207368510666379
3.1868454873107352
3.2067677630443874
3.1813588141047013
3.1715630772227676
3.1704269364796263
3.1704269364796263
3.1704269364796263
3.1814904764890137
3.1814904764890137
3.1814904764890137
3.1859472650963863
3.195307921472183
3.2158198446756505
3.195421694337334
3.195421694337334
3.191875781705383
3.200116967275115
3.200116967275115
3.2002161311673256
3.201849742303358
3.201849742303358
3.201849742303358
3.1844418477684697
3.1752206439317283
3.1752206439317283
3.1900287467847734
3.1992429958095325
3.197663041485434
3.2199406680099383
3.2199406680099383
3.1861224831391937
3.1861224831391937
3.1922266683829728
3.1922266683829728
3.223218967739818
3.231376045323835
3.211689925958743
3.2036479418283896
3.206918022036706
3.2127038017445924
3.225333402192985
3.225333402192985
3.225333402192985
3.225333402192985
3.2452287386479712
3.250356941149237
3.241524761609718
3.241524761609718
3.241524761609718
3.2224119842449284
3.217822499146267
3.217822499146267
3.217822499146267
3.2412559823846414
3.247387782294484
3.2439368404614135
3.2439368404614135
3.2439368404614135
3.2439368404614135
3.234263024648129
3.2135742733340322
3.2221287382656305
3.2221287382656305
3.218843382706854
3.218843382706854
3.218843382706854
3.218843382706854
3.222210561761204
3.222210561761204
3.222210561761204
3.222210561761204
3.2147865812211247
3.2147865812211247
3.232232132590558
3.232232132590558
3.244897066822932
3.244897066822932
3.219508208543441
3.219508208543441
3.219508208543441
3.221903973653393
3.221903973653393
3.219845563803058
3.218718270761915
3.2388932606547742
3.2329445623466486
3.2352468900419646
3.2352468900419646
3.2352468900419646
3.2352468900419646
3.2342303866684947
3.2342303866684947
3.2342303866684947
3.2342303866684947
3.2342303866684947
3.2342303866684947
3.2342303866684947
3.2342303866684947
3.25268644180318
3.248376796618872
3.2221623252316496
3.233878515128292
3.238685420561788
3.247297939035836
3.24133800976785
3.227657166282888
3.204765870990205
3.204765870990205
3.2027988277660926
3.2027988277660926
3.1915338119831738
3.224749023896706
3.224749023896706
3.2238609820660837
3.2238609820660837
3.217563768669428
3.2054356629687577
3.2368177918045644
3.244266340322451
3.2396865795663317
3.2293228343494196
3.224088784352989
3.224088784352989
3.227681032888225
3.2313705617493307
3.2378850581048404
3.2305536390844236
3.2356548344050116
3.2356548344050116
3.2356548344050116
3.2356548344050116
3.2356548344050116
3.2270985302464923
3.2270985302464923
3.218890161813368
3.225789883252813
3.225789883252813
3.225789883252813
3.225789883252813
3.225789883252813
3.223367106185934
3.2276224748871383
3.2276224748871383
3.2276224748871383
3.2073156416532385
3.2063553780947074
3.198664862591625
3.198664862591625
3.198664862591625
3.198664862591625
3.198664862591625
3.1867544969549795
3.1942977622456077
3.1942977622456077
3.1942977622456077
3.1984996793741627
3.203763180645597
3.2205949483289804
3.213372506737879
3.1989469883154857
3.2226326237559286
3.235299241633628
3.235299241633628
3.235299241633628
3.2286409078616076
3.2286409078616076
3.2286409078616076
3.2286409078616076
3.2286409078616076
3.228982171863598
3.200044535751744
3.200044535751744
3.19028178006534
3.19083844925302
3.19083844925302
3.205036518099257
3.205036518099257
3.1928162278294714
3.1941604656299907
3.198014657117316
3.198014657117316
3.1982688163692674
3.204621281686976
3.212069090545521
3.212069090545521
3.220766240009034
3.2192279749953645
3.2192279749953645
3.2192279749953645
3.2192279749953645
3.190162547239783
3.180517482094919
3.180517482094919
3.193332621357155
3.193332621357155
3.193332621357155
3.193332621357155
3.193332621357155
3.207599076963391
3.191706835215407
3.1735774209953265
3.1735774209953265
3.1990118412255324
3.198622624947885
3.198622624947885
3.230075080541543
3.205109204466584
3.2039601560458766
3.2088134885899278
3.2067428835930865
3.2067428835930865
3.2067428835930865
3.2067428835930865
3.2192941389111525
3.2192941389111525
3.2398636665085676
3.223305885580299
3.223305885580299
3.223305885580299
3.236988815617871
3.23744238541318
3.23744238541318
3.242210909961239
3.242210909961239
3.242210909961239
3.2422953090525137
3.2422953090525137
3.2333455739747365
3.2333455739747365
3.23439740347272
3.23439740347272
3.23439740347272
3.23439740347272
3.227085358930453
3.227085358930453
3.2168752325526917
3.2168752325526917
3.2168752325526917
3.2168752325526917
3.2111956245409234
3.2111956245409234
3.218511824998623
3.2168309743210415
3.2168309743210415
3.1926363683974888
3.1926363683974888
3.205990908018911
3.205990908018911
3.2238974580328374
3.2308318652152983
3.2197012986349978
3.2197012986349978
3.2064839408151657
3.2161506311956107
3.2161506311956107
3.203978503433479
3.206596050745767
3.2274143210943858
3.2274143210943858
3.2159430953001684
3.2304287754902603
3.2304287754902603
3.23229019053094
3.23229019053094
3.2539511120433597
3.236864045350014
3.2448268349334604
3.239292301893907
3.2229465800996984
3.2229465800996984
3.216659190982541
3.216659190982541
3.216659190982541
3.216659190982541
3.2113615986911603
3.2088946730072476
3.206896948153751
3.206896948153751
3.206896948153751
3.206896948153751
3.206896948153751
3.2140008358110785
3.2144211262120717
3.2194451336628944
3.2013342695670413
3.2013342695670413
3.2189110425708494
3.2189110425708494
3.2028097825252773
3.2072151257823163
3.2072151257823163
3.205487156997995
3.205487156997995
3.197027618384591
3.1926267152896184
3.1914991108812045
3.1914991108812045
3.1914991108812045
3.1711824293308717
3.1711824293308717
3.1711824293308717
3.1718638723038817
3.1718638723038817
3.1957582242673386
3.2051920205103466
3.2074371671395365
3.2074371671395365
3.2074371671395365
3.205420361452635
3.2120767258611647
3.2120767258611647
3.1969500705014005
3.1971894431825194
3.1947808581734187
3.203398707311258
3.203398707311258
3.213669692774874
3.2113149094701745
3.2118286333418373
3.2118286333418373
3.2118286333418373
3.2118286333418373
3.203493110028854
3.2162237128416815
3.202954633041015
3.20359176449259
3.210336610667826
3.19494506185133
3.187535533476876
3.2294907522317042
3.213012997668365
3.2109436739401267
3.218747737254468
3.218747737254468
3.2114104120399625
3.2114104120399625
3.218808855815426
3.218808855815426
3.2366921231743295
3.2366921231743295
3.2272329134092144
3.2276681379616643
3.2276681379616643
3.2254681494391435
3.2199344723621204
3.1958604391253864
3.1958604391253864
3.22422447629356
3.2071426121100344
3.2071426121100344
3.208520611178541
3.208520611178541
3.1993398920743568
3.2090237689774663
3.1921949393688425
3.1853697854628704
3.2121845106994646
3.2121845106994646
3.2147293300395106
3.2147293300395106
3.189470817379535
3.204377538634306
3.2117430575915025
3.1972535894270218
3.1986476150260224
3.2192930410399163
3.2105233720088258
3.2105233720088258
3.2105233720088258
3.199001327289378
3.199001327289378
3.1988427240152113
3.1988427240152113
3.1988427240152113
3.1968070497766385
3.2130366250100364
3.2033057095967434
3.2033057095967434
3.2033057095967434
3.197383973030179
3.2291783387670447
3.2127502560582992
3.189378361892236
3.2027388058050636
3.2027388058050636
3.2027388058050636
3.2255936473970537
3.2257952534149235
3.2257952534149235
3.1977031549196195
3.201879856781651
3.205647943306388
3.2248072082889205
3.2248072082889205
3.218701597518452
3.218701597518452
3.19798039265787
3.2073505138128446
3.2073505138128446
3.1919053763922265
3.1734289976756656
3.1873783227891344
3.1873783227891344
3.1873783227891344
3.1839304686893133
3.1682074800533573
3.1682074800533573
3.1851768236704117
3.200668915232985
3.184379956992617
3.2084623994935515
3.201045018955057
3.201045018955057
3.2162901375397244
3.2162901375397244
3.2095824111174553
3.2095824111174553
3.2068266697076373
3.217305311798926
3.2060465379005487
3.2060465379005487
3.2121563819322922
3.21400097941288
3.210303376255691
3.210303376255691
3.210303376255691
3.197870845408909
3.1869964474183146
3.2076446452824587
3.189559214205769
3.1833404087002912
3.1679482710589477
3.2032394778568434
3.190922936507378
3.2224417865840893
3.2159992391285597
3.2143244677470344
3.2138320684319495
3.1914406758493397
3.193931970546744
3.204694098503449
3.1847039558249333
3.2085797867665424
3.2085797867665424
3.2085797867665424
3.2085797867665424
3.2085797867665424
3.2119569466709526
3.2126640148461933
3.1976281994853117
3.1941503488225877
3.1941503488225877
3.1941503488225877
3.1941503488225877
3.1941503488225877
3.1807835472200354
3.2126333625690267
3.2126333625690267
3.2126333625690267
3.210886109972671
3.210886109972671
3.1987193506137364
3.1987193506137364
3.1816111833949003
3.1816111833949003
3.1816111833949003
3.187436253989275
3.201296157070165
3.201296157070165
3.201296157070165
3.2036557510407286
3.2036557510407286
3.2036557510407286
3.2036557510407286
3.2036557510407286
3.2036557510407286
3.1972906891937365
3.2079241527603273
3.1960460655446967
3.1960460655446967
3.217500589711688
3.2126739171727623
3.1970715925677293
3.191321433197233
3.204231418373434
3.21145939248312
3.21145939248312
3.21145939248312
3.1840971710816914
3.180707075012437
3.180707075012437
3.1864788340723633
3.1864788340723633
3.1864788340723633
3.200884419039144
3.200356274102008
3.203577272563166
3.203577272563166
3.203577272563166
3.212013962377559
3.1985687675067007
3.2072553848051135
3.2072553848051135
3.211685954945317
3.2065552472863343
3.2065289695031933
3.211859555408817
3.211859555408817
3.2095256903972067
3.1975126892648302
3.1975126892648302
3.1975126892648302
3.1975126892648302
3.205882051270276
3.2045155348374768
3.2122903947717685
3.2122903947717685
3.2256022877577974
3.2256022877577974
3.2301871585713187
3.2301871585713187
3.230019513642713
3.197402070475026
3.197402070475026
3.1982240842895293
3.1882449505812263
3.204755650720871
3.1784802559387355
3.1784802559387355
3.1780611718565077
3.177931685973507
3.2096393558944203
3.2096393558944203
3.2096393558944203
3.220294189892943
3.220294189892943
3.220294189892943
3.220294189892943
3.216955135210744
3.216955135210744
3.216955135210744
3.1967820578669666
3.2122120846967657
3.206667143332695
3.209302994963639
3.2215313175645197
3.2104501916400756
3.2104501916400756
3.19043681453925
3.1973724677970035
3.202639717973918
3.225498380159105
3.225498380159105
3.225498380159105
3.2068735331454827
3.230815810586026
3.2172607342892934
3.2172607342892934
3.2329772198348428
3.2329772198348428
3.2329772198348428
3.2329772198348428
3.2329772198348428
3.2253249072701395
3.2253282216335055
3.238576854214866
3.223986600765824
3.238680854771311
3.2374575920992172
3.2374575920992172
3.2374575920992172
3.232174530705367
3.232174530705367
3.232174530705367
3.232174530705367
3.232174530705367
3.232174530705367
3.249121295935418
3.2549825927745015
3.2556465613461265
3.239606754324412
3.2121634554161522
3.217748766808031
3.217748766808031
3.2219868986507234
3.1856815028597327
3.1856815028597327
3.1856815028597327
3.190084381845985
3.190084381845985
3.1830886047097136
3.1830886047097136
3.2074224142626444
3.2074224142626444
3.203156006734064
3.185782988724056
3.202482899613727
3.200988984964522
3.2297993566114647
3.198178832181288
3.193256338083115
3.193256338083115
3.2013131019368277
3.196237476578426
3.1968491551278007
3.1968491551278007
3.200173420121623
3.219667846742994
3.219155973998463
3.2118746791119253
3.2121652768915827
3.1936418035474814
3.195145515338571
3.195145515338571
3.195145515338571
3.195145515338571
3.195145515338571
3.179360178742559
3.179360178742559
3.179360178742559
3.171055361317821
3.1700828730636026
3.1700828730636026
3.1700828730636026
3.158387238183368
3.1492717053842965
3.1429256389620157
3.1565162422462953
3.1565162422462953
3.1565162422462953
3.1702126024156927
3.1702126024156927
3.1755490573088543
3.1755490573088543
3.1755490573088543
3.1709195883123904
3.1570512522328382
3.1758763513245714
3.1838292658827942
3.1838292658827942
3.192983834591062
3.1961580322388343
3.1961580322388343
3.1961580322388343
3.1961580322388343
3.1961580322388343
3.1961580322388343
3.1891118300834185
3.189059389316442
3.189059389316442
3.189059389316442
3.213495978907547
3.2068032375483253
3.212842369311239
3.212842369311239
3.212842369311239
3.212842369311239
3.2120584440300854
3.1964711399579278
3.1964711399579278
3.1964711399579278
3.191701621614344
3.18791553170703
3.2022267209216175
3.2022267209216175
3.2232212512833764
3.2478502740563213
3.2478502740563213
3.2478502740563213
3.236072796379904
3.236072796379904
3.236072796379904
3.2219378912598104
3.21490915812621
3.210825533224215
3.202787887183849
3.202787887183849
3.2048351198876044
3.2048351198876044
3.2048351198876044
3.1978403605273207
3.1978403605273207
3.1912308015092274
3.1912308015092274
3.212805560687896
3.212805560687896
3.19755935531089
3.2044203992000657
3.2044203992000657
3.1909184689288774
3.216946915123899
3.214066074017546
3.214066074017546
3.214705228902728
3.2303947916776075
3.2303947916776075
3.2220943825077684
3.2220943825077684
3.2109937065418066
3.2380866421534633
3.2366866871218196
3.2458462280311484
3.2458462280311484
3.2354482091348173
3.2373815483213573
3.2311102205460673
3.2321747484948156
3.226675431581043
3.2131682995673048
3.2113385230197853
3.2113385230197853
3.2193016452828456
3.23028667432347
3.23028667432347
3.2201368098138863
3.1903531368307245
3.197518399207982
3.197518399207982
3.1981713215751766
3.1928301368144334
3.20704444465041
3.20704444465041
3.2007071578243154
3.240015288891667
3.2327084954999874
3.2050331038799076
3.2050331038799076
3.2050331038799076
3.2050331038799076
3.2051649894770184
3.2150912753882723
3.2150912753882723
3.2209254719471643
3.23474313067246
3.214464911616656
3.224531209395844
3.217673642041841
3.217673642041841
3.2263418833335513
3.2221018586201717
3.2221018586201717
3.2121710159901764
3.2054050968148933
3.2054050968148933
3.2054050968148933
3.219405012235214
3.2187293363711333
3.215166283361357
3.215166283361357
3.215166283361357
3.245049131184378
3.245049131184378
3.2142783171897933
3.2313933603575182
3.2313933603575182
3.23124363989179
3.2162871520259904
3.2119735062757524
3.1846208684032646
3.2077456483402056
3.179811797116944
3.179811797116944
3.179811797116944
3.170033972526108
3.1895289286697737
3.1895289286697737
3.1895289286697737
3.198217416952177
3.198217416952177
3.209694089846685
3.209694089846685
3.2052742649083696
3.192883883951021
3.1997657565513653
3.1726630842956802
3.1726630842956802
3.1726630842956802
3.1726630842956802
3.196557936264251
3.19402497689342
3.1902512122787074
3.1974293768099713
3.190930440879254
3.2047487126038057
3.2047487126038057
3.215919022269167
3.1960809246357154
3.183422763201344
3.1806353681925494
3.181398192076246
3.181398192076246
3.181398192076246
3.181398192076246
3.1843202141405054
3.1843202141405054
3.1843202141405054
3.1843202141405054
3.1843202141405054
3.2073376197603762
3.2073376197603762
3.222923200045843
3.222923200045843
3.231827873162981
3.231827873162981
3.215368454766681
3.1911249553494097
3.2164159715146825
3.2164159715146825
3.2164159715146825
3.207547241680728
3.207547241680728
3.207547241680728
3.1942085332385175
3.193127452594387
3.193127452594387
3.193127452594387
3.193127452594387
3.193127452594387
3.193127452594387
3.1897938079613213
3.2033540279174106
3.2017515840349913
3.2017515840349913
3.2049576351413016
3.2038215556384935
3.1881708742824144
3.1867615203587496
3.1867615203587496
3.1867615203587496
3.1867615203587496
3.16881965176073
3.1757378711018256
3.1757378711018256
3.1757378711018256
3.1757378711018256
3.1757378711018256
3.231563024940676
3.231563024940676
3.231563024940676
3.237068868267262
3.223454919316514
3.223454919316514
3.2326815086462632
3.2148411497418166
3.2195737376808884
3.2195737376808884
3.199921592132403
3.2122936176448733
3.2034576419455445
3.1927629126179267
3.208336838160179
3.204699566923224
3.204699566923224
3.204699566923224
3.204699566923224
3.204699566923224
3.1886750463033966
3.2230661983959212
3.230310805471018
3.2213566975047176
3.1989383183832123
3.1989383183832123
3.1989383183832123
3.1953731198776647
3.1953731198776647
3.2143604827960575
3.224276771248309
3.212555394297123
3.2143889455046635
3.2013078655538196
3.20647061148296
3.2234644656345166
3.2075018005992337
3.21429837938065
3.2024961431455616
3.2100820020573217
3.2100820020573217
3.2276460415895736
3.2276460415895736
3.2276460415895736
3.2276460415895736
3.2247876113037526
3.2302434604320314
3.2302434604320314
3.2316498888783625
3.2316498888783625
3.2289532988575065
3.2289532988575065
3.2289532988575065
3.2289532988575065
3.2289532988575065
3.2289532988575065
3.201999636077252
3.202075393617523
3.202075393617523
3.195024205057198
3.195024205057198
3.2129390099807953
3.2129390099807953
3.2129390099807953
3.2129390099807953
3.215666811716253
3.215666811716253
3.2476620795431437
3.2476620795431437
3.24261355273713
3.242881474105985
3.227825048229517
3.227825048229517
3.221779746747663
3.2149650043711104
3.2149650043711104
3.2316780944433803
3.2316780944433803
3.2358775473961545
3.2358775473961545
3.2216363842506834
3.2216363842506834
3.2216363842506834
3.1920256965740963
3.203031810387716
3.236553472629683
3.236553472629683
3.236553472629683
3.246408450640735
3.2403982839132315
3.2220665490872205
3.2007191738781025
3.2325855769357625
3.2325855769357625
3.2325855769357625
3.2283691549469804
3.213157402965028
3.213157402965028
3.213157402965028
3.2090822603718294
3.2090822603718294
3.2090822603718294
3.221211146646176
3.221211146646176
3.221211146646176
3.216304873456897
3.2144297346850723
3.2058685420064426
3.2292381047391063
3.2292381047391063
3.2292381047391063
3.2662443234869425
3.2662443234869425
3.2662443234869425
3.264324694076718
3.239250952235179
3.214913754325912
3.2185535494930027
3.2202364044518115
3.2202364044518115
3.217466834496067
3.2379837151818114
3.2379837151818114
3.2379837151818114
3.2396888229129686
3.2464402054711075
3.2464402054711075
3.2428687346398584
3.2428687346398584
3.235735293760789
3.2433157932346055
3.247503050590367
3.247503050590367
3.2546076738483696
3.269743038572023
3.259216286077363
3.2412348862106106
3.2412348862106106
3.238646532605525
3.254869189060835
3.2383247477909074
3.2383247477909074
3.2300796368567832
3.2300796368567832
3.2300796368567832
3.2113354338047357
3.233596692779453
3.242970193646153
3.2221056913453845
3.2069348789058107
3.2065068195431023
3.2065068195431023
3.2065068195431023
3.2086538315210182
3.2160568359898414
3.2160568359898414
3.2160568359898414
3.2160568359898414
3.2115046459597667
3.2305103263969404
3.229598672956917
3.2273815575612836
3.2273815575612836
3.2273815575612836
3.201789237943262
3.216397956660698
3.216397956660698
3.217937255752877
3.2151738194105635
3.2151738194105635
3.2151738194105635
3.208455595618912
3.208455595618912
3.216893722400288
3.216893722400288
3.216893722400288
3.216893722400288
3.2123209220281463
3.2147308806323487
3.224006239783655
3.223285008270328
3.220742824814921
3.220742824814921
3.220742824814921
3.226774181880658
3.23165936389118
3.23165936389118
3.224482948034049
3.224482948034049
3.2234257054391984
3.215133928848433
3.2396639633189004
3.2396639633189004
3.246313640380353
3.2365478917266164
3.232181104071504
3.232181104071504
3.2223167015406355
3.22403403023711
3.207198915304291
3.2019582730847276
3.2019582730847276
3.2019582730847276
3.215726903083436
3.215726903083436
3.215726903083436
3.2224284351457397
3.227713682337385
3.2104202023837756
3.2311850335250383
3.2400056351998856
3.2400056351998856
3.2517680923566514
3.2517680923566514
3.248392736429535
3.221898550102243
3.221898550102243
3.221898550102243
3.219310599857905
3.219310599857905
3.2027960310669843
3.2250278135279977
3.210499614014009
3.1892199206932617
3.199636624953653
3.199636624953653
3.2171557772482435
3.2094025794317225
3.2006864036455833
3.1902531377816628
3.1902531377816628
3.1684922616778683
3.1875040215923085
3.1875040215923085
3.1875040215923085
3.1875040215923085
3.2123708596547047
3.2171422146061035
3.2171422146061035
3.2171422146061035
3.180932110989432
3.180932110989432
3.1981705400652607
3.1981705400652607
3.1957002112060304
3.181173835320389
3.18766341812548
3.1888365158264618
3.1888365158264618
3.1989290423639116
3.2006069171131966
3.1903646121983953
3.1903646121983953
3.196928276096769
3.21032051381433
3.182938108704359
3.2006878037679947
3.2006878037679947
3.215663762235896
3.1992005383980127
3.1992005383980127
3.1683578792746725
3.192256780047973
3.203505277187165
3.203505277187165
3.196921487013002
3.1867765043567333
3.160610215688973
3.1577165154873654
3.1627161896000895
3.1627161896000895
3.1548165591435975
3.162374319980278
3.18453015265888
3.1805819452168724
3.1805819452168724
3.1734046307562194
3.192204732728376
3.192204732728376
3.175347316034122
3.175347316034122
3.175347316034122
3.175347316034122
3.175347316034122
3.1824652528205766
3.1824652528205766
3.1953759962405948
3.1723313055187217
3.195477337667397
3.195477337667397
3.1933331518977752
3.209346096223692
3.2104413041346844
3.2104413041346844
3.2104413041346844
3.2104413041346844
3.2104413041346844
3.22395967733662
3.229411376694255
3.229009481151573
3.229009481151573
3.2314323301855725
3.213000257590288
3.213000257590288
3.1959555746590795
3.2033810565309238
3.2006632329461593
3.2024543165008703
3.2024543165008703
3.2024543165008703
3.214750517007695
3.1969852823461826
3.204850635651528
3.204850635651528
3.202521536695533
3.206253660945267
3.206253660945267
3.209279596925208
3.209279596925208
3.191992439407876
3.1856684657479364
3.1931129328455783
3.2070054637758574
3.2144815360443553
3.2144815360443553
3.2144815360443553
3.1970030158606235
3.1970030158606235
3.210632317967516
3.210632317967516
3.210632317967516
3.210632317967516
3.214396237996228
3.224457211019436
3.2140082561525816
3.2140082561525816
3.2075480088123163
3.188109989673904
3.188109989673904
3.1822565880464695
3.18267436016122
3.18267436016122
3.18267436016122
3.18267436016122
3.1794508970631488
3.2001685801281003
3.20470367584546
3.1997048937689696
3.1967047073898955
3.1973355808558632
3.1973355808558632
3.1973355808558632
3.228245235767616
3.210080129541205
3.2095785090674083
3.213421557727739
3.197826248037723
3.197826248037723
3.2199255496707475
3.2139590293029094
3.202870852131619
3.202870852131619
3.202870852131619
3.219256063205158
3.216764262791152
3.216764262791152
3.231232758980601
3.2027837434289
3.202733851196673
3.202733851196673
3.215043094360495
3.215043094360495
3.215043094360495
3.2192321955422885
3.2192321955422885
3.223853225587218
3.2331487464673767
3.2331487464673767
3.2186830490990723
3.2186830490990723
3.2186830490990723
3.2186830490990723
3.2337020576836406
3.2315039187430146
3.2315039187430146
3.2315039187430146
3.2234780302805586
3.2234780302805586
3.234579541302943
3.234579541302943
3.2320549310377475
3.237583973496104
3.2370060105563248
3.2370060105563248
3.198448133336089
3.198448133336089
3.198448133336089
3.2262451499266374
3.222528055189424
3.222528055189424
3.222528055189424
3.222528055189424
3.2163479572838174
3.2163479572838174
3.2309788285275736
3.2382019827852004
3.2382019827852004
3.2382019827852004
3.2382019827852004
3.235637037620716
3.235637037620716
3.22080447325776
3.22080447325776
3.22080447325776
3.215037011476623
3.233418633480554
3.233418633480554
3.205436246531366
3.205436246531366
3.2190877300688285
3.2201838092430672
3.2201838092430672
3.2188132584022635
3.2116747797474017
3.2046624411352815
3.2084600510581134
3.2150017339976187
3.2121812343689533
3.226070947530142
3.2237317794481752
3.2237317794481752
3.2165075318175482
3.2165075318175482
3.2165075318175482
3.2452979408579616
3.230374384296514
3.2286966150427068
3.2242664180149414
3.229537523530723
3.2210835795735426
3.2257863448076685
3.2257863448076685
3.2257863448076685
3.2149624360363607
3.2149624360363607
3.210872074396978
3.210872074396978
3.210872074396978
3.210872074396978
3.192881234459351
3.1914715351599887
3.1870993439004716
3.2029304066814492
3.1942740869085995
3.187911269805896
3.187911269805896
3.1880830211169555
3.1880830211169555
3.171060499621072
3.171060499621072
3.171060499621072
3.1633330994909667
3.155591029852592
3.176889345103592
3.176889345103592
3.1704901500479017
3.1704901500479017
3.1704901500479017
3.2084172832843234
3.2120575023579687
3.2120575023579687
3.2120575023579687
3.2120575023579687
3.2068105491525003
3.22787614522455
3.2275633324195283
3.2275633324195283
3.227646312103955
3.231948937304318
3.231948937304318
3.232736741867303
3.2524288191888133
3.248696683948627
3.2273350636613825
3.2310419050962413
3.2239668076204953
3.2419176785723067
3.2296038511840006
3.237809512678169
3.237809512678169
3.2386426460545765
3.2429218428505417
3.2429218428505417
3.2429218428505417
3.2649639368477024
3.2323203091314046
3.2447040753735354
3.2447040753735354
3.2447040753735354
3.201459720097511
3.2229300443510938
3.2229300443510938
3.2229300443510938
3.2343129712335243
3.235008755855769
3.235026597798852
3.2497813345120763
3.252276969677398
3.252276969677398
3.252276969677398
3.252276969677398
3.252276969677398
3.2775228479575036
3.2796915060223535
3.2796915060223535
3.257107128564484
3.2648731959984127
3.270638904704339
3.270638904704339
3.25614175731689
3.2396025609027848
3.2457995989012796
3.2409227064035404
3.2409227064035404
3.2334179756684365
3.2537754029149464
3.2537754029149464
3.2597574073979203
3.232665686345684
3.2414285595510903
3.2414285595510903
3.2414285595510903
3.2414285595510903
3.208817679679757
3.2224586785929583
3.2216249973523925
3.235023805228818
3.2445894200186394
3.217120509929357
3.217120509929357
3.2329860471111833
3.2329860471111833
3.2329860471111833
3.227688593179993
3.227688593179993
3.210588661365429
3.210588661365429
3.210588661365429
3.210588661365429
3.2134175898590724
3.2395920748053944
3.2395920748053944
3.2395920748053944
3.22926446097754
3.22926446097754
3.2559315414502965
3.2559315414502965
3.2685172357037873
3.2659308828359337
3.2705109813239615
3.2705109813239615
3.234805100383234
3.234805100383234
3.234805100383234
3.256373588228977
3.235480186574059
3.235480186574059
3.230018272078114
3.2414700088592285
3.2414700088592285
3.2414700088592285
3.2402358448179567
3.2395585157386146
3.2395585157386146
3.241204964133993
3.2281094957164345
3.2309915278645764
3.2174192373471278
3.2210428293649476
3.2265984558172582
3.2486517771793313
3.2573385977716462
3.2573385977716462
3.2573385977716462
3.2573385977716462
3.2580299710294156
3.2734104247027576
3.2734104247027576
3.2497537877113065
3.2497537877113065
3.255828384687343
3.254474393996351
3.254474393996351
3.254474393996351
3.2635339220857014
3.2635339220857014
3.273150377461005
3.273150377461005
3.273150377461005
3.2791688331012345
3.2791688331012345
3.298397433997744
3.303586483468618
3.303586483468618
3.2918339919660626
3.2918339919660626
3.2918339919660626
3.2918339919660626
3.27729689604158
3.2745694916551873
3.260868687931406
3.260868687931406
3.260868687931406
3.260868687931406
3.2741614889942356
3.2649241310784047
3.22747944765161
3.2273929127766845
3.2273929127766845
3.2273929127766845
3.2273929127766845
3.2273929127766845
3.2273929127766845
3.2273929127766845
3.225894144634681
3.225894144634681
3.2347017923998154
3.2347017923998154
3.240150987739
3.231329205000874
3.231329205000874
3.231329205000874
3.2218537969063266
3.1964103062515936
3.2182457413908887
3.2091232228402693
3.2091232228402693
3.2079489507090373
3.221917412046008
3.23721365636471
3.2273913883094663
3.2099624307345787
3.194391030787786
3.2167839690617317
3.2167839690617317
3.2167839690617317
3.2267539258116846
3.2158726611610797
3.205794168287756
3.2184482923420465
3.2367302035769017
3.2222955907208446
3.2241152752003583
3.2241152752003583
3.2051686503492096
3.2051686503492096
3.2051686503492096
3.2051686503492096
3.2121954097748056
3.212818686262567
3.199503787927288
3.1960348552767934
3.1960348552767934
3.1923977807119543
3.180507518149939
3.180507518149939
3.180507518149939
3.180507518149939
3.2199256779756142
3.2180078792988667
3.2275911268737767
3.226755336574695
3.1939581396840104
3.1852702789605507
3.1871785763855147
3.1768381605222027
3.201647333968032
3.1895391085755325
3.1857124570652116
3.1857124570652116
3.1857124570652116
3.18442848543842
3.18442848543842
3.22151419258099
3.2183792648699576
3.2137901610632325
3.229312803562348
3.2240114438260177
3.222108963462069
3.1990457294637142
3.1990457294637142
3.1990457294637142
3.1894537886056766
3.1894537886056766
3.1894537886056766
3.1894537886056766
3.1894537886056766
3.2064306616609226
3.2064306616609226
3.2113522965217283
3.1952563417608344
3.193668433097912
3.193668433097912
3.193668433097912
3.204443873737516
3.220507115854533
3.220507115854533
3.220507115854533
3.220507115854533
3.2161761846351062
3.227415744918631
3.2378081406946513
3.2425671210600466
3.2340463681857665
3.236615823786491
3.2207510924355622
3.243687637634804
3.226328127649553
3.226328127649553
3.223507417788402
3.2295137338715585
3.2295137338715585
3.228652503177752
3.228652503177752
3.2289364347453913
3.2274065205662255
3.2267364568778527
3.2267364568778527
3.2267364568778527
3.248618638801277
3.241807665993943
3.2369272742952937
3.238839486332531
3.238839486332531
3.228558174801581
3.2009707668690446
3.202903845048811
3.202903845048811
3.2006784789468465
3.207662533346505
3.207662533346505
3.219905524872995
3.219905524872995
3.219905524872995
3.2235908214645392
3.224546622795186
3.207448452825922
3.207448452825922
3.207448452825922
3.179696936817146
3.179696936817146
3.1923342787012694
3.1923342787012694
3.1923342787012694
3.1923342787012694
3.1923342787012694
3.1944936519698772
3.1944936519698772
3.1944936519698772
3.19722483475817
3.210522279239128
3.210522279239128
3.210522279239128
3.1953254527266166
3.2051390935044544
3.222577795080641
3.2066530476798087
3.211257794860976
3.211257794860976
3.211257794860976
3.197650920154094
3.197650920154094
3.2075273135579394
3.2091237717362415
3.1978392833168208
3.2055496723484804
3.2054237650171147
3.2054237650171147
3.2127104803864297
3.2127104803864297
3.2127104803864297
3.2273398488441436
3.228487994266245
3.213140800438736
3.213140800438736
3.2227036318961964
3.222373231075384
3.2315667118008973
3.2274955137376864
3.2149636963134274
3.2273742456494245
3.2273742456494245
3.227744965201888
3.2401013554456064
3.2393604317400144
3.221485006271767
3.2193054846902123
3.233203870167437
3.238945548038116
3.2404841067920587
3.2213252949888562
3.2213252949888562
3.2163046425064907
3.2058105651058355
3.2058105651058355
3.2058105651058355
3.206279310159549
3.210054011803415
3.2117297953807755
3.2397978612600764
3.238149327786504
3.2416847714359784
3.2416847714359784
3.2275416350461885
3.2292141344493164
3.2105339881697943
3.2105339881697943
3.218704123657304
3.2222874805727124
3.2222874805727124
3.2222874805727124
3.208508068207856
3.1957411976563455
3.2025978988544916
3.2025978988544916
3.2025978988544916
3.2126367967338187
3.2163793883524874
3.2163793883524874
3.2163793883524874
3.2163793883524874
3.2163793883524874
3.2163793883524874
3.2163793883524874
3.2067915572886725
3.2067915572886725
3.2178956044569302
3.2139252909211233
3.2139252909211233
3.2139252909211233
3.2139252909211233
3.2139252909211233
3.196414735499089
3.196851722986781
3.196851722986781
3.2139752869199962
3.20226680265448
3.1947970518170323
3.2113151026408215
3.20561081319221
3.20561081319221
3.20561081319221
3.2149033570206362
3.220125293307351
3.222714436239468
3.213517927115709
3.213517927115709
3.2065475149190354
3.195771082313962
3.196950743781736
3.1923110781042046
3.1994881693124233
3.195382411670942
3.204300068450783
3.222738948925608
3.222738948925608
3.22247303505468
3.1978534930793
3.1978534930793
3.1977419252452446
3.2013554403679585
3.2034155649571576
3.2011949511469795
3.211846322097799
3.211846322097799
3.202451050608689
3.194173488716843
3.2178997542210843
3.2231813000609995
3.2231813000609995
3.2018016432322085
3.2005990565887097
3.2159983648312305
3.2159983648312305
3.2159983648312305
3.2054704211275555
3.2105022298088643
3.2109397375647317
3.2106665322860404
3.2106665322860404
3.2099800722278187
3.2099800722278187
3.2099800722278187
3.2099800722278187
3.2099800722278187
3.2099800722278187
3.2099800722278187
3.1874446080029335
3.1874446080029335
3.206203579837752
3.20722250223079
3.20722250223079
3.20722250223079
3.239804530352444
3.210792979585118
3.2200360451975456
3.2348965778845638
3.2348965778845638
3.2348965778845638
3.2348965778845638
3.229623588415401
3.221067810056158
3.202230144649252
3.2162408498413333
3.217457265246383
3.217457265246383
3.217457265246383
3.217457265246383
3.2233798644887055
3.2233798644887055
3.2233798644887055
3.1989122965609615
3.1989122965609615
3.1989122965609615
3.1989122965609615
3.1989122965609615
3.2031085576357445
3.2158224040687124
3.2158224040687124
3.2158224040687124
3.2158224040687124
3.2205471541511357
3.2113971467546825
3.2113971467546825
3.2113971467546825
3.2178585084574576
3.2015280152932126
3.2015280152932126
3.2015280152932126
3.2015280152932126
3.2151562601199313
3.219867140677354
3.226763993915829
3.2344591194072545
3.2701113890803977
3.2701113890803977
3.2701113890803977
3.2701113890803977
3.2701113890803977
3.2701113890803977
3.2528523852263183
3.2373370778062456
3.2373370778062456
3.2373370778062456
3.236313086623233
3.236313086623233
3.2314320914727217
3.2314320914727217
3.216295429107611
3.1915663443359095
3.1924003623318766
3.1924003623318766
3.198103308791905
3.1945280193042995
3.1945280193042995
3.2233670915622437
3.2233670915622437
3.2096190177933637
3.2386792663979462
3.242133582009912
3.225584859166609
3.2064446539794673
3.208693267672752
3.208693267672752
3.2361984176609733
3.2621389433357155
3.24926629658994
3.2209585867833144
3.2209585867833144
3.2209585867833144
3.2245475831850356
3.2201938724432866
3.217498522325543
3.2320419717054847
3.229036937311938
3.2079120636991836
3.2079120636991836
3.2036473181535996
3.2166571670259945
3.2166571670259945
3.233613725100505
3.223475673357834
3.2272775267129044
3.2064571546717526
3.2064571546717526
3.1940893930013177
3.1940893930013177
3.209496923203171
3.209496923203171
3.209496923203171
3.2149693836435045
3.2149693836435045
3.208200945576951
3.208200945576951
3.208200945576951
3.20284461788604
3.2131229215398065
3.1965668016855644
3.222950953965584
3.2053274696383642
3.1976853757973096
3.1976853757973096
3.2025773520685163
3.2025773520685163
3.199292486841596
3.199292486841596
3.199292486841596
3.199292486841596
3.199292486841596
3.2088187544796205
3.2088187544796205
3.2088187544796205
3.2088187544796205
3.234388185447276
3.238257329190395
3.231448701263933
3.231448701263933
3.231448701263933
3.219009193021815
3.220204016800932
3.2030753959333107
3.2030753959333107
3.2030753959333107
3.2030753959333107
3.2192255975848814
3.2192255975848814
3.2192255975848814
3.2135194627114974
3.2135194627114974
3.2135194627114974
3.2231367379143516
3.2231367379143516
3.2231367379143516
3.2231367379143516
3.2231367379143516
3.1870612797359734
3.1870612797359734
3.1899812139156523
3.1968822412513593
3.2158275845268025
3.2158275845268025
3.2158275845268025
3.227029898258461
3.2287780693606876
3.221760620317441
3.215623919664775
3.200612477737629
3.200612477737629
3.191379491755402
3.191379491755402
3.1937503446339313
3.1911602611113508
3.198262176080294
3.217086090549303
3.217086090549303
3.217086090549303
3.2143564427047813
3.2143564427047813
3.221830092001329
3.226163492799378
3.2189339897997646
3.2189339897997646
3.210913578959235
3.1919976061424085
3.19570213043864
3.210018922861174
3.210077801699795
3.210077801699795
3.1961281033664597
3.2072996845294037
3.2072996845294037
3.21123456038747
3.2123402776511254
3.1985079415352047
3.211684838713544
3.235783263594966
3.235783263594966
3.235783263594966
3.235783263594966
3.2406649798380287
3.2406649798380287
3.196642715446032
3.196642715446032
3.196642715446032
3.219002679840097
3.219002679840097
3.2178887125678557
3.208383604200263
3.2283123799812836
3.2283123799812836
3.2283123799812836
3.2363725756751327
3.237100134640604
3.237100134640604
3.208894047161183
3.2320818351900957
3.2126307816462476
3.2126307816462476
3.2013335104713545
3.2172477234076085
3.2119433276804963
3.201109045756959
3.201109045756959
3.1998839505621532
3.1998839505621532
3.179076556142501
3.2191757744206937
3.193486229427559
3.1905696762560156
3.1905696762560156
3.1905696762560156
3.2144014041940596
3.212787944435355
3.2365587693115594
3.2365587693115594
3.237022754110879
3.237022754110879
3.2215850477471517
3.2215850477471517
3.2215850477471517
3.217670319839424
3.2109157305754836
3.2109157305754836
3.2109157305754836
3.232191401903964
3.2234306097811847
3.217320182051405
3.217320182051405
3.217320182051405
3.217320182051405
3.1980112640264244
3.202385116734977
3.202385116734977
3.202385116734977
3.202385116734977
3.227372433517248
3.2231306633823262
3.2125855671376615
3.220644001053446
3.220644001053446
3.2195998341608556
3.2180261614199255
3.2180261614199255
3.2180261614199255
3.2169407791672886
3.193450032054493
3.200629478858806
3.1911308760954835
3.2010571618939707
3.1934389171106696
3.198823057764319
3.198823057764319
3.198823057764319
3.198823057764319
3.198823057764319
3.198823057764319
3.198823057764319
3.198823057764319
3.1946613391234253
3.1848519069479204
3.1848519069479204
3.1848519069479204
3.1848519069479204
3.1848519069479204
3.1848519069479204
3.1876754176770254
3.190788782284601
3.190788782284601
3.190788782284601
3.190788782284601
3.1934560625531656
3.1820482777900083
3.1820482777900083
3.1820482777900083
3.1820482777900083
3.1976219035405498
3.189336303822373
3.189336303822373
3.2068716418013232
3.212117635161564
3.198261247402102
3.198261247402102
3.198261247402102
3.2048173718659427
3.2090106117212955
3.2090106117212955
3.2090106117212955
3.2103288815571265
3.2103288815571265
3.2103288815571265
3.2103288815571265
3.2103288815571265
3.208526755552618
3.208526755552618
3.208526755552618
3.208526755552618
3.208526755552618
3.208526755552618
3.2141753344236546
3.197900364789862
3.197900364789862
3.197900364789862
3.197900364789862
3.197900364789862
3.197900364789862
3.1996883586804254
3.1914248929670572
3.215436130175523
3.198558590681164
3.2066030288042735
3.1951874656441848
3.1656289694455926
3.16952403102525
3.16952403102525
3.16952403102525
3.178025652119061
3.185829913430178
3.1702032884523623
3.1702032884523623
3.1702032884523623
3.172333818668821
3.172333818668821
3.1819043855549447
3.189019773185654
3.207028067846243
3.207028067846243
3.207028067846243
3.204171292895415
3.204171292895415
3.20043128188301
3.20043128188301
3.194949487810927
3.207154085004565
3.222010592860259
3.1999506028297895
3.1920584540727055
3.206771430528821
3.1896831905973873
3.22808484795365
3.22808484795365
3.2018526454712575
3.203395263898497
3.203395263898497
3.222628943543793
3.222628943543793
3.2238936729586376
3.2238936729586376
3.2512342194247568
3.2447272331711585
3.2286102168912962
3.2286102168912962
3.2286102168912962
3.2286102168912962
3.2286102168912962
3.2034367502688172
3.2034367502688172
3.2034367502688172
3.2030580882346724
3.218508519027432
3.218508519027432
3.218508519027432
3.218508519027432
3.2259814390591868
3.2206438293001676
3.2148000042145717
3.1937610170463024
3.1937610170463024
3.1937610170463024
3.1924735890846017
3.1908241839602263
3.1779560058208576
3.206543036825103
3.206543036825103
3.206543036825103
3.2165613277588347
3.211179077423599
3.224883527062173
3.224883527062173
3.2354107116001725
3.2117316274664773
3.2117316274664773
3.2117316274664773
3.2117316274664773
3.2004703788323745
3.179696989684949
3.179696989684949
3.179696989684949
3.1932396311766422
3.1932396311766422
3.1932396311766422
3.1932396311766422
3.2114325394458687
3.2316340650779565
3.2316340650779565
3.2316340650779565
3.237131569655327
3.222681563958392
3.200126129817682
3.1958358376112415
3.206795093174334
3.206795093174334
3.2234926722580908
3.2234926722580908
3.2234926722580908
3.224105582519888
3.22541166614064
3.22541166614064
3.22541166614064
3.2391478653287735
3.2255057924752517
3.207710321696407
3.207710321696407
3.207710321696407
3.1992720395607055
3.1992720395607055
3.1992720395607055
3.2106384165171225
3.2066319962682184
3.198471927954193
3.1813550735936205
3.1847415504569745
3.1773298745958054
3.1820169048755274
3.206379442203303
3.19662974431885
3.1902014452492815
3.1902014452492815
3.1902014452492815
3.179805715961173
3.1974411080354552
3.20766164521423
3.207769733857709
3.207769733857709
3.207769733857709
3.214178858567803
3.214178858567803
3.214178858567803
3.194886989418562
3.1977231152653744
3.167247763318554
3.167247763318554
3.167247763318554
3.183290924736736
3.176225901446323
3.1945047437531393
3.1921979191766674
3.1921979191766674
3.1735448294383133
3.168831952907279
3.1915260967541714
3.1915260967541714
3.1834362672786285
3.1862329403219696
3.1856594151319584
3.199410681703683
3.2057534771005294
3.2057534771005294
3.194493341277195
3.194493341277195
3.1793217895224735
3.1793217895224735
3.1702718239985797
3.1685977373702277
3.1662982452704425
3.178441927427943
3.2064275021225987
3.2035669616541806
3.2047679783401732
3.2047679783401732
3.2048119300747553
3.229102270982517
3.229102270982517
3.229102270982517
3.2224931520582896
3.1697936638449646
3.2120871389064733
3.1979419122216837
3.187892618842016
3.187892618842016
3.187892618842016
3.187892618842016
3.187892618842016
3.186322733376033
3.186322733376033
3.186322733376033
3.1907952599343483
3.1887309880065025
3.1980420994696197
3.1980420994696197
3.1980420994696197
3.1914947988289315
3.2038901015654293
3.2052144265404667
3.2052144265404667
3.187748505468958
3.187748505468958
3.173081121965707
3.173081121965707
3.1784824307317487
3.180838424552792
3.180838424552792
3.187219685536838
3.184491552996377
3.184491552996377
3.1790428359116514
3.1937299514945
3.180229622597497
3.166597047358266
3.175794959553699
3.175794959553699
3.1705566293594836
3.1705566293594836
3.1705566293594836
3.1705566293594836
3.171585976205971
3.171585976205971
3.176257300207141
3.1776306373694987
3.197714961400615
3.197714961400615
3.1974774422084096
3.1974774422084096
3.187369579467356
3.187369579467356
3.186751600671686
3.197001799807047
3.203281750082798
3.203281750082798
3.1725297298477577
3.188691512373232
3.188691512373232
3.1912359786029314
3.1842301160233784
3.1842301160233784
3.185192953879217
3.185192953879217
3.185192953879217
3.198270458569205
3.1981823222724346
3.1885834217459785
3.1885834217459785
3.1885834217459785
3.1885834217459785
3.1885834217459785
3.1885834217459785
3.1938195776580947
3.2140686895191335
3.217502062672972
3.217502062672972
3.222616551446967
3.199485530969007
3.211309177320979
3.2074675905823944
3.2106244329586
3.21063348361552
3.21063348361552
3.21063348361552
3.21063348361552
3.21063348361552
3.204206245556651
3.1959568809607033
3.1771735090194846
3.1757582997717018
3.179824151840563
3.179824151840563
3.209431083013503
3.2039744475385064
3.2039744475385064
3.2039744475385064
3.194074655608694
3.2055192231169656
3.2055192231169656
3.2403346863385827
3.2403346863385827
3.2179622864762107
3.2179622864762107
3.216278891952887
3.2278970961739186
3.2372150408884774
3.2372150408884774
3.218139516377027
3.218139516377027
3.2113495193494264
3.1976774363647786
3.1976774363647786
3.219857445808995
3.2038528608896595
3.2038528608896595
3.2038528608896595
3.2132607085165765
3.20811370486259
3.20811370486259
3.20811370486259
3.223715838057625
3.225359775131619
3.225359775131619
3.225359775131619
3.2284258814512317
3.2284258814512317
3.21047119308729
3.21047119308729
3.1977302758296835
3.1934705185765964
3.2162956807741154
3.2162956807741154
3.2542969818548313
3.2542969818548313
3.2542969818548313
3.240533752550746
3.2418713005018835
3.2418713005018835
3.2418713005018835
3.2418713005018835
3.2418713005018835
3.2153881568243494
3.2153881568243494
3.199757159474219
3.2233152631396527
3.2258847556689196
3.2266012164789477
3.2268644359635115
3.1918320142606493
3.1918320142606493
3.1918320142606493
3.19337717088821
3.2020117898443203
3.2020117898443203
3.179242960380554
3.1750334194493823
3.1929615803332774
3.1929615803332774
3.204458834484916
3.204458834484916
3.204458834484916
3.204458834484916
3.2132210675163018
3.208308639256774
3.208308639256774
3.2540320384376655
3.2421276169075375
3.226573758733522
3.226573758733522
3.226573758733522
3.226573758733522
3.235593646857334
3.2284236511512447
3.2217135176057243
3.224766873859407
3.224766873859407
3.238873718412467
3.238873718412467
3.226978947860324
3.226978947860324
3.226978947860324
3.226978947860324
3.226978947860324
3.2150430486469257
3.214571588647458
3.214571588647458
3.213245115569648
3.213245115569648
3.213245115569648
3.1859996826495927
3.2325301963582453
3.2325301963582453
3.226251014687999
3.226251014687999
3.240196720444387
3.240196720444387
3.240196720444387
3.240196720444387
3.2240166504994865
3.2419026796308543
3.2419026796308543
3.252788088436897
3.252788088436897
3.2527455452656446
3.2347877317166422
3.2476565251646874
3.2476565251646874
3.275211197206848
3.275211197206848
3.275211197206848
3.275211197206848
3.2648201158338073
3.2648201158338073
3.245191546613467
3.245191546613467
3.2494085859205417
3.2494085859205417
3.2266108455185556
3.2266108455185556
3.247854986826347
3.247854986826347
3.258856371169971
3.2337962888566647
3.2337962888566647
3.2337962888566647
3.222628040024589
3.2331291506731517
3.2296476822083613
3.230579268200452
3.229602719435913
3.229602719435913
3.229602719435913
3.228876646054984
3.228876646054984
3.228876646054984
3.228876646054984
3.228876646054984
3.2028466765548607
3.221858868136926
3.218961844258445
3.218961844258445
3.2277215796836547
3.2277215796836547
3.2277215796836547
3.228547317611665
3.227219703620849
3.227219703620849
3.211789731195329
3.213893932808357
3.2169492089623266
3.2373158284718797
3.23592481719953
3.23592481719953
3.23592481719953
3.226810670512124
3.2279976900423843
3.2279976900423843
3.2279976900423843
3.2279976900423843
3.2279976900423843
3.2279976900423843
3.2271739838344513
3.2271739838344513
3.2271739838344513
3.2271739838344513
3.220410446800703
3.2203916808653954
3.2203916808653954
3.205711281648461
3.205711281648461
3.205711281648461
3.205711281648461
3.1919554272242046
3.2116978453360936
3.2072237991399803
3.2072237991399803
3.1721299936777263
3.2159145015191997
3.2159145015191997
3.2052898453235756
3.2039219095750426
3.2020638456980457
3.2037320009667463
3.2037320009667463
3.2037320009667463
3.2037320009667463
3.172374465213504
3.172374465213504
3.1774184240612504
3.173845967002855
3.173845967002855
3.174472644419817
3.174472644419817
3.1871235670450084
3.1871235670450084
3.21049397721472
3.1912410767728305
3.1731970862092704
3.1872894180621927
3.193629501254572
3.193629501254572
3.198658869075931
3.1977177374891337
3.192367459024646
3.2248250764644286
3.2248250764644286
3.205186693225013
3.205186693225013
3.205186693225013
3.2389062448744124
3.1963979102174447
3.2021376093697125
3.2021376093697125
3.2137531366394354
3.2137531366394354
3.1989907619770985
3.1989907619770985
3.204159461101712
3.169904932140239
3.169904932140239
3.169904932140239
3.189503616061547
3.189503616061547
3.185968542582276
3.190351470060179
3.186541563662792
3.2059913645913283
3.2059188257104236
3.1895741737865686
3.1895741737865686
3.186345121569522
3.186345121569522
3.186345121569522
3.1929598218392448
3.2108255502118612
3.2290566950042847
3.2290566950042847
3.225180348853675
3.225180348853675
3.225180348853675
3.225180348853675
3.2117529489933148
3.2117529489933148
3.2004879428404105
3.195369476510266
3.195369476510266
3.2047798240637873
3.2047798240637873
3.2047798240637873
3.187801711833162
3.19526449892038
3.19526449892038
3.1994114642701836
3.1994114642701836
3.1809788871633375
3.1809788871633375
3.1809788871633375
3.1809788871633375
3.2009581355621783
3.2009581355621783
3.201007929661084
3.202799127604513
3.203667779403395
3.2002093437828676
3.1768833704405512
3.177514212705631
3.1760150813831385
3.1823954712426636
3.18396364713234
3.1821938482002223
3.171289047998876
3.171289047998876
3.158270981370091
3.168307141977219
3.168307141977219
3.1668600536828246
3.175043820636708
3.175043820636708
3.175043820636708
3.1779979226973247
3.1779979226973247
3.1780548051028865
3.1800844896590688
3.1800844896590688
3.1800844896590688
3.1800844896590688
3.1981649646941723
3.198811592900183
3.198811592900183
3.198811592900183
3.198811592900183
3.198811592900183
3.2108164098660983
3.229611682553307
3.2274239494026427
3.233003012633966
3.233003012633966
3.2340897070658987
3.2252529928407507
3.2480993775148903
3.2163781918477046
3.2429194365338
3.248241745893923
3.2327545791523904
3.2327545791523904
3.222137579438614
3.222137579438614
3.222137579438614
3.222137579438614
3.222137579438614
3.2102490782234727
3.2102490782234727
3.2139035724080935
3.2139035724080935
3.21620793770113
3.21620793770113
3.21620793770113
3.205806081726977
3.205806081726977
3.2202538981437625
3.2139216114283546
3.2139216114283546
3.2111912560589375
3.2006668653695822
3.1977735832985412
3.1977735832985412
3.185341095686006
3.1942214481998192
3.1942214481998192
3.1942214481998192
3.1942214481998192
3.1951476166820996
3.1951476166820996
3.1951476166820996
3.2067259649261577
3.2125288766841242
3.2226114922653357
3.2038109340973757
3.2035698742247125
3.2035698742247125
3.2014576128738237
3.226863790215878
3.216298737625786
3.216298737625786
3.216298737625786
3.216298737625786
3.196744772021831
3.221963041186656
3.221963041186656
3.2026665545656834
3.2082548966687985
3.221172735424471
3.242260239063078
3.2462582857769178
3.2462582857769178
3.255546200869832
3.255546200869832
3.2276235929164216
3.2362463377574557
3.2362463377574557
3.2362463377574557
3.2362463377574557
3.2362463377574557
3.2297996974793612
3.2297996974793612
3.2325528049540644
3.2325528049540644
3.227362937393403
3.227362937393403
3.227362937393403
3.2317934872932175
3.2317934872932175
3.233866161396735
3.239313468375649
3.2426310277551886
3.2356166458276086
3.2356166458276086
3.2356166458276086
3.2356166458276086
3.2268521849656375
3.2338712022299574
3.2338712022299574
3.2533893850066793
3.2517345015895684
3.258050429771838
3.2657566805762395
3.2657566805762395
3.262982132790536
3.262982132790536
3.282391264077167
3.2756012889804103
3.275359410898883
3.275359410898883
3.275359410898883
3.2860485099563257
3.287816345678957
3.2653880853716952
3.2569715497225555
3.2569715497225555
3.2575304913993692
3.269015653713743
3.2680697381065213
3.2680697381065213
3.2752600336413193
3.2752600336413193
3.2752600336413193
3.23929501347472
3.2788052063175024
3.279987950700417
3.279987950700417
3.279987950700417
3.2763628131271316
3.2763628131271316
3.268762317828666
3.2594225518450823
3.2594225518450823
3.243067248483952
3.2606866987589194
3.245344711873929
3.234096191223903
3.2426624057801936
3.2426624057801936
3.21916374873827
3.2157502482999902
3.2236526819173585
3.229644125967715
3.230063353348875
3.231514079656348
3.2300058338711186
3.2337682852666894
3.2345274229465724
3.2345274229465724
3.203954172060509
3.194886452648276
3.194886452648276
3.212197004041461
3.212197004041461
3.2368803232151944
3.19258146978132
3.198145633057236
3.198145633057236
3.2153564957272147
3.2153564957272147
3.2153564957272147
3.205236584296705
3.205236584296705
3.205236584296705
3.205236584296705
3.205236584296705
3.205236584296705
3.209815239192326
3.195429679437862
3.201928887432788
3.210611523517907
3.231098083530932
3.210856950206515
3.210856950206515
3.210856950206515
3.210856950206515
3.210856950206515
3.224826858900747
3.230872792714147
3.230872792714147
3.230872792714147
3.1939158915486665
3.220832907292383
3.2169598382752844
3.197863246840531
3.1986525898454103
3.1986525898454103
3.1917521843258743
3.1917521843258743
3.1917521843258743
3.20155802614546
3.2189855746385247
3.2094711336848887
3.2196885606646046
3.195978009468024
3.2034145446115807
3.2034145446115807
3.2061353129071124
3.2061353129071124
3.2096768871916255
3.2133261764541237
3.199520652973033
3.199520652973033
3.1923273547906796
3.1923273547906796
3.204667246823596
3.1881935163270003
3.2015894089891357
3.193521028006169
3.193521028006169
3.189247248786499
3.189247248786499
3.189247248786499
3.1988611626948864
3.2155521717900966
3.2155521717900966
3.2155521717900966
3.1949989228097597
3.1999139919607162
3.1962656251607737
3.199328705499985
3.1960330138396777
3.1960330138396777
3.1960330138396777
3.1960330138396777
3.2066856701837865
3.2208188367366475
3.2139418025582103
3.18520784445744
3.18520784445744
3.191643221147487
3.191643221147487
3.1835721833796335
3.1835721833796335
3.1862757637926253
3.1862757637926253
3.2033006083127216
3.2033006083127216
3.1963641317990836
3.194401888001093
3.218036589815893
3.218036589815893
3.218036589815893
3.213922080472283
3.2111344759943545
3.2017179778683813
3.203469069919483
3.203469069919483
3.203469069919483
3.184410740022909
3.184410740022909
3.1949645885127436
3.2078971179545532
3.201619420458575
3.201619420458575
3.2098801936193913
3.2098801936193913
3.201444206681631
3.2011391243334892
3.2011391243334892
3.2011391243334892
3.2011391243334892
3.2011391243334892
3.224744911875364
3.2307533883699024
3.236105688141627
3.236105688141627
3.2196550348862085
3.2196550348862085
3.1895341325251647
3.1839051019205584
3.1839051019205584
3.1839051019205584
3.1839051019205584
3.1794714890317186
3.1794714890317186
3.18825183405742
3.18825183405742
3.18825183405742
3.18825183405742
3.18825183405742
3.1938927230319196
3.1938927230319196
3.1950616745305833
3.197046828487789
3.197046828487789
3.1796391207309913
3.1796391207309913
3.2100900533303647
3.202958054451859
3.196541875558192
3.196541875558192
3.196541875558192
3.203001142971226
3.203001142971226
3.1973092725134142
3.221892253805067
3.208462158090646
3.193286324106208
3.2010998844583325
3.2010998844583325
3.202862777704558
3.2021433146923477
3.2023639649989564
3.1988604088836055
3.1773437770819015
3.187014226895813
3.2043895203275303
3.2205045250175965
3.2205045250175965
3.2266560643834117
3.2266560643834117
3.2266560643834117
3.1956504241317307
3.1956504241317307
3.2087384530604575
3.2087384530604575
3.2050283821262093
3.2050283821262093
3.212725000140193
3.1985738850841368
3.1985738850841368
3.1985738850841368
3.1985738850841368
3.2040972048076344
3.205059990710212
3.205059990710212
3.205059990710212
3.2118204468346043
3.2118204468346043
3.2118204468346043
3.2118204468346043
3.2063793487641097
3.2444258542768867
3.219616601349542
3.219616601349542
3.2447551544905373
3.224205543596286
3.22944717662113
3.22944717662113
3.208339495305955
3.200162028911698
3.1979217106962077
3.2297075294798048
3.2027223923667574
3.220733247630544
3.2126013612807935
3.203607161760442
3.2173287736988465
3.2173287736988465
3.2173287736988465
3.2173287736988465
3.2173287736988465
3.2173287736988465
3.2173287736988465
3.220171599571666
3.220171599571666
3.220171599571666
3.2342171205758956
3.2538080674784595
3.2380431932822344
3.20838270641247
3.1939407379344242
3.2075743828069667
3.1980906744182103
3.219231384646681
3.228133030763253
3.228133030763253
3.2318900033970692
3.2271889160975498
3.2271889160975498
3.2236536239096942
3.2215333642681765
3.2215333642681765
3.2215333642681765
3.2215333642681765
3.2215333642681765
3.2202870594155186
3.244843679282031
3.244843679282031
3.222613946269572
3.213199480511821
3.243644299816701
3.240175299412038
3.240175299412038
3.240175299412038
3.2270012592256743
3.2270012592256743
3.2270012592256743
3.211130188830523
3.211130188830523
3.211130188830523
