2.9523523710135198
2.9523523710135198
2.9523523710135198
2.9523523710135198
2.9523523710135198
2.9523523710135198
2.9523523710135198
2.9523523710135198
2.9523523710135198
2.9523523710135198
2.9523523710135198
2.9523523710135198
2.9523523710135198
2.9523523710135198
2.9523523710135198
2.9523523710135198
2.9523523710135198
2.9523523710135198
2.9523523710135198
2.9523523710135198
2.9523523710135198
2.9523523710135198
2.9523523710135198
2.9523523710135198
2.9523523710135198
2.9523523710135198
2.9523523710135198
2.9523523710135198
2.9523523710135198
2.9523523710135198
2.9523523710135198
2.9523523710135198
2.9523523710135198
2.9523523710135198
2.9523523710135198
2.9523523710135198
2.9523523710135198
2.9523523710135198
2.9523523710135198
2.9523523710135198
2.9523523710135198
2.9523523710135198
2.9523523710135198
2.9523523710135198
2.9523523710135198
2.9523523710135198
2.9523523710135198
2.9523523710135198
2.9523523710135198
2.9523523710135198
2.9523523710135198
2.9523523710135198
2.9523523710135198
2.9523523710135198
2.9523523710135198
2.9523523710135198
2.9523523710135198
2.9523523710135198
2.9523523710135198
2.9523523710135198
2.9523523710135198
2.9523523710135198
2.9523523710135198
2.9523523710135198
2.9523523710135198
2.9523523710135198
2.9523523710135198
2.9523523710135198
2.9523523710135198
2.9523523710135198
2.9523523710135198
2.9523523710135198
2.9523523710135198
2.9523523710135198
2.9523523710135198
2.9523523710135198
2.9523523710135198
2.9523523710135198
2.9523523710135198
2.9523523710135198
2.9523523710135198
2.9523523710135198
2.9523523710135198
2.9523523710135198
2.9523523710135198
2.9523523710135198
2.9523523710135198
2.9523523710135198
2.9523523710135198
2.9523523710135198
2.9523523710135198
2.9523523710135198
2.9523523710135198
2.9523523710135198
2.9523523710135198
2.9523523710135198
2.9523523710135198
2.9523523710135198
2.9523523710135198
2.9523523710135198
2.9439825928288075
2.9143240835412265
2.9142947863940942
2.9241385802322992
2.9241385802322992
2.943926441084637
2.943926441084637
2.9591170084803733
2.9578480572180377
2.9575563277283266
2.9558631873392045
2.9558631873392045
2.959775355057068
2.959775355057068
2.959775355057068
2.9606778066311783
2.969102019454502
2.969102019454502
2.969102019454502
2.969102019454502
2.969102019454502
2.9726532594885913
2.977974227375568
2.984082303934382
2.9839930030981376
2.980644396940697
2.980644396940697
2.982865711151894
3.0063655349138823
3.0063655349138823
3.0063655349138823
3.0063655349138823
3.007992598476644
3.056841393557466
3.056841393557466
3.0601882769770827
3.056635099033431
3.056635099033431
3.045759016087599
3.0628091339169776
3.0527659494239807
3.0599301721036305
3.06155414682017
3.067362708966873
3.0729295343072334
3.074340072522412
3.074340072522412
3.0776051563549665
3.0777609575452036
3.0777609575452036
3.0777609575452036
3.0761480515778343
3.0570041327189514
3.074260006497003
3.074260006497003
3.099750557369505
3.099750557369505
3.099750557369505
3.099750557369505
3.1116308112225877
3.119515192363845
3.093825253885726
3.111892480518144
3.132497265114907
3.132497265114907
3.132497265114907
3.1348580989950894
3.150002159145585
3.150002159145585
3.1381777682150633
3.1412038612623006
3.138263763553571
3.163819881872701
3.163819881872701
3.1650888869580647
3.1503050647589053
3.1920146784079244
3.1643153484446613
3.161115398719688
3.161115398719688
3.1611604033024205
3.159338642798128
3.1888824462527254
3.1888824462527254
3.181547240184887
3.181547240184887
3.181547240184887
3.181547240184887
3.186783024112393
3.1796547850077013
3.1796547850077013
3.200105799884551
3.200105799884551
3.2092113299401923
3.1927181588386135
3.181185718268334
3.1888982807510353
3.172120982952195
3.172120982952195
3.1648015420628814
3.1648015420628814
3.1708842757348954
3.1708842757348954
3.148220459084265
3.148220459084265
3.158697751181015
3.170041577579901
3.1628202611331555
3.1628202611331555
3.1628202611331555
3.1628202611331555
3.1812950328242957
3.1633040905301777
3.170206808896693
3.174181637541383
3.174181637541383
3.170607413061067
3.1784183774660195
3.188114758065636
3.1806738839330286
3.1806738839330286
3.1800636985757245
3.1800636985757245
3.1800636985757245
3.1800636985757245
3.189610411586083
3.201445166023049
3.175655798820029
3.1915632412633066
3.1915632412633066
3.1915632412633066
3.1926604118283373
3.1926604118283373
3.1727056997541943
3.1813114701213387
3.1813114701213387
3.181850844526314
3.1830459541724925
3.1830459541724925
3.1830459541724925
3.1935273752810187
3.1915582755675365
3.1915582755675365
3.1924084448336973
3.1924084448336973
3.1743325170297174
3.150745725101478
3.150745725101478
3.150745725101478
3.150745725101478
3.116213290337829
3.129522673989659
3.1468152650161403
3.145132324516999
3.145132324516999
3.153329476859022
3.150997661333865
3.150997661333865
3.1396297148220977
3.141897824261789
3.1543184397700217
3.1543184397700217
3.1533042897172265
3.1723071339470295
3.1723071339470295
3.163641055078334
3.163641055078334
3.150827411870612
3.1460646783302653
3.1460646783302653
3.163776293870562
3.163776293870562
3.163776293870562
3.163776293870562
3.163776293870562
3.1865937450797945
3.1865937450797945
3.1865937450797945
3.1865937450797945
3.1922609959613566
3.182568908670997
3.175149729004337
3.1782830890628557
3.1775683486127955
3.188871055709404
3.188871055709404
3.1681035733242924
3.1681035733242924
3.1681035733242924
3.1676571413908214
3.1676571413908214
3.1676571413908214
3.1676571413908214
3.1676571413908214
3.1676571413908214
3.1776288746079793
3.1776288746079793
3.1776288746079793
3.1776288746079793
3.1776288746079793
3.1776288746079793
3.1907139235337563
3.1906023443650633
3.1651683271378834
3.1651683271378834
3.165165116578373
3.165165116578373
3.164413880683477
3.164501569930989
3.186061456646223
3.1867419811038524
3.1867419811038524
3.1789590091319213
3.178047980110916
3.1768843141097647
3.186421053796297
3.186421053796297
3.186189619372678
3.186189619372678
3.1843312545907954
3.17421959055159
3.17421959055159
3.17421959055159
3.17421959055159
3.1917404540664323
3.1900746489945644
3.1835280003002033
3.1835280003002033
3.194954209675401
3.2030990324623554
3.178200556222038
3.1836838361063307
3.1966670157758825
3.187197854513889
3.1669056971211513
3.1669056971211513
3.1669056971211513
3.157965073665528
3.1733102506329076
3.1587141475459912
3.1707693792821967
3.1994751001441006
3.174173362527101
3.1788925827588854
3.1788925827588854
3.1788925827588854
3.1788925827588854
3.18709129051597
3.176674348223538
3.176674348223538
3.176674348223538
3.169823514585482
3.1699182976839033
3.1580267189731437
3.1503551663983034
3.1503551663983034
3.1878895560074856
3.172941838748377
3.1747502150331353
3.1532307337591727
3.1725224961169984
3.1725224961169984
3.1784107642264425
3.173283673485544
3.1751334177803456
3.190520243800104
3.19872132326112
3.19872132326112
3.187971770388388
3.1984273698748904
3.1964910074472503
3.1964910074472503
3.1964910074472503
3.204807824167212
3.2066020872666434
3.2066020872666434
3.2094657474291064
3.2094657474291064
3.2094657474291064
3.2094657474291064
3.204481461818276
3.206406452642831
3.206406452642831
3.206406452642831
3.21533897876973
3.21533897876973
3.21533897876973
3.2327662858559103
3.2323925293974085
3.2242382038649096
3.2242382038649096
3.2127006979951673
3.2127006979951673
3.2127006979951673
3.2127006979951673
3.2024134581793664
3.2024134581793664
3.2024134581793664
3.2061722080344777
3.201853132554943
3.201853132554943
3.201853132554943
3.201853132554943
3.193334420542826
3.193334420542826
3.195418884115983
3.1926629787751484
3.1762035057700104
3.1762035057700104
3.210575304498551
3.2008404201140097
3.1890245577511607
3.190036839160546
3.190036839160546
3.190036839160546
3.1654067388552813
3.1845799514187605
3.1845799514187605
3.1809111453863945
3.1810610948176845
3.1756965193491182
3.1756965193491182
3.174425516388568
3.174425516388568
3.174425516388568
3.174425516388568
3.1742048336585067
3.180625922577615
3.180625922577615
3.180625922577615
3.180625922577615
3.173499880061195
3.173499880061195
3.1527043760296225
3.1732038711995423
3.1765704222853084
3.1782434057635003
3.169549236053681
3.1616987042148557
3.1616987042148557
3.155449125175258
3.1498893416113476
3.1498893416113476
3.178396705161238
3.182391901683497
3.199552418052923
3.199552418052923
3.199552418052923
3.194056816996168
3.194056816996168
3.1814751927805522
3.1858847427593147
3.1806229070379173
3.1749080464340285
3.1749080464340285
3.1617749794597922
3.1617749794597922
3.1617749794597922
3.1661811289723
3.1661811289723
3.1992521372943132
3.1992521372943132
3.1924990214407822
3.1852439934881596
3.1853760192934746
3.166991079836435
3.1609437914098626
3.169085844227785
3.16977970925639
3.16977970925639
3.16977970925639
3.16977970925639
3.1908216984360407
3.201997967786249
3.201997967786249
3.1847229950145772
3.1847229950145772
3.1847229950145772
3.2006704485322195
3.2006704485322195
3.2006704485322195
3.2006704485322195
3.1930297732657538
3.19063126885337
3.19063126885337
3.193444401849521
3.194680633487434
3.1986219267695084
3.1811404852430916
3.1811404852430916
3.1811404852430916
3.1811404852430916
3.1730263195935096
3.1605981364718847
3.1851786922126326
3.1934169522385694
3.1934169522385694
3.173606411533955
3.173606411533955
3.173606411533955
3.173606411533955
3.173606411533955
3.172981573317024
3.172981573317024
3.167437128335686
3.167437128335686
3.1765153987577808
3.1765153987577808
3.1765153987577808
3.1765153987577808
3.1673755611108705
3.178575469548112
3.1804612797825516
3.1804612797825516
3.187286327161131
3.187286327161131
3.1914700436937333
3.1914700436937333
3.1885691667448706
3.2082041823310616
3.19882309856315
3.1980482743015735
3.1980482743015735
3.190757816392881
3.2224633292542753
3.209175343683083
3.200273006528983
3.200273006528983
3.200273006528983
3.200273006528983
3.200273006528983
3.200273006528983
3.200273006528983
3.186651328878604
3.185814621311649
3.185814621311649
3.185814621311649
3.169394671148204
3.1965013144523673
3.1965013144523673
3.1965013144523673
3.1767039629974363
3.1767039629974363
3.1767039629974363
3.1767039629974363
3.1716503824468676
3.1716503824468676
3.2127791235088545
3.2127791235088545
3.2087901304372757
3.2087901304372757
3.2087901304372757
3.202312668168924
3.200962650156302
3.1983566202182594
3.188898654872451
3.2217655995617624
3.2190620033898996
3.2190620033898996
3.2190620033898996
3.219049772360952
3.219049772360952
3.213274796580608
3.213274796580608
3.202419501183004
3.2061264994665666
3.203234658039166
3.203234658039166
3.203234658039166
3.203234658039166
3.2081833687595958
3.2157204078105135
3.212422853577478
3.212422853577478
3.209765644042684
3.20557270645119
3.219614942761551
3.2286938863045758
3.2386090639646166
3.2306942950175017
3.2132423733450457
3.201527346548291
3.201527346548291
3.1977626786537354
3.2250279446984624
3.2103303651670485
3.215879850487054
3.2164123999690672
3.2157424582148377
3.208664789845223
3.1963901290995453
3.1958621467245214
3.197133573121696
3.197836992490827
3.1947341575493433
3.1947341575493433
3.1947341575493433
3.210164937304221
3.210164937304221
3.210164937304221
3.2058878948107647
3.1887356506850897
3.1887356506850897
3.1887356506850897
3.1887356506850897
3.1932557502235337
3.20605233244221
3.2171602138775595
3.2136913793673076
3.2136913793673076
3.2236566450229556
3.207023960638119
3.207023960638119
3.207023960638119
3.207023960638119
3.2276429331917513
3.231001335959392
3.231001335959392
3.231001335959392
3.231001335959392
3.231001335959392
3.242883719385717
3.242883719385717
3.247062053143555
3.254283121213018
3.2258009004217576
3.2258009004217576
3.2258009004217576
3.2258009004217576
3.2294801385990417
3.2294801385990417
3.2067828531433453
3.195287297389646
3.2090641017099966
3.2090641017099966
3.2100457606781787
3.194233939687121
3.194233939687121
3.2038779815557565
3.1827249112691423
3.1827249112691423
3.184491860009753
3.185756614460186
3.185756614460186
3.187422670156781
3.2021038217684614
3.2021038217684614
3.195074117907717
3.195074117907717
3.19651084947517
3.19651084947517
3.1882884848574875
3.1940794541360975
3.1940794541360975
3.1940794541360975
3.1940794541360975
3.1940794541360975
3.1940794541360975
3.1940794541360975
3.1940794541360975
3.1886815339933725
3.18528799863845
3.18528799863845
3.1874507245164136
3.187868424386844
3.187868424386844
3.1966772190886195
3.1966772190886195
3.1966772190886195
3.1966772190886195
3.210716137590205
3.198886640632444
3.186634420476612
3.186634420476612
3.186634420476612
3.162376105340976
3.162376105340976
3.162376105340976
3.159675352332984
3.159675352332984
3.1527784989232366
3.1527784989232366
3.1527784989232366
3.169807201690658
3.18174883829004
3.18174883829004
3.18174883829004
3.18174883829004
3.18174883829004
3.18174883829004
3.18174883829004
3.1905605401911554
3.1905605401911554
3.1905605401911554
3.1905605401911554
3.1905605401911554
3.206903842558764
3.1791739011170232
3.1791739011170232
3.209288090174064
3.209288090174064
3.209288090174064
3.209288090174064
3.1903073328199043
3.1903073328199043
3.195511983929185
3.1935314597712283
3.1817562765238327
3.1817562765238327
3.1817562765238327
3.1710819696372514
3.186233476251493
3.186233476251493
3.193062614526158
3.1962527855591256
3.1962527855591256
3.1903411801672568
3.195376382297204
3.195376382297204
3.195376382297204
3.195376382297204
3.2007760720750524
3.2021551158175994
3.202677119806149
3.202677119806149
3.1744977948928854
3.1744977948928854
3.196635356000316
3.1782289676636317
3.1782289676636317
3.1782289676636317
3.200802308122274
3.217480926042499
3.1917179620326284
3.1960874467954126
3.1933218945805275
3.194046328093851
3.194046328093851
3.1794621865108668
3.19323300891314
3.2051128643477775
3.187746557767842
3.170631169267901
3.165626441209428
3.1730204231554993
3.1730204231554993
3.1730204231554993
3.198810382710354
3.198810382710354
3.198810382710354
3.1984142158064133
3.193544793379237
3.1852034582481457
3.172907312927048
3.1968578252274438
3.1968578252274438
3.194756822419318
3.203927872568408
3.203927872568408
3.203956648787786
3.1809557423940564
3.178053684062037
3.2087590306335714
3.2087590306335714
3.2087590306335714
3.23402820066048
3.2285020662346304
3.2292423755019897
3.218017530426251
3.218017530426251
3.1815852885944613
3.1815852885944613
3.1815852885944613
3.1801564380338596
3.1801564380338596
3.1801564380338596
3.1812585968672424
3.1714618285247917
3.2073176312761307
3.223272373432844
3.206254726889813
3.203672739390225
3.203672739390225
3.2037892595915825
3.210012944485861
3.210012944485861
3.211404247614191
3.211404247614191
3.211404247614191
3.211404247614191
3.229146632447983
3.231012275460196
3.231012275460196
3.231012275460196
3.231012275460196
3.2136868682127715
3.2136868682127715
3.2207503598881093
3.2255566681689847
3.2255566681689847
3.2431031663719154
3.2469228884834913
3.2072238698140687
3.2183757909854473
3.2183757909854473
3.2228412180994344
3.2224340388606714
3.228297032227713
3.188495261780345
3.188495261780345
3.188495261780345
3.202884290294435
3.192665261643666
3.192665261643666
3.192665261643666
3.192665261643666
3.192665261643666
3.192665261643666
3.192665261643666
3.197387169990018
3.197387169990018
3.197387169990018
3.210558045612528
3.1813561669284267
3.208816559622425
3.208816559622425
3.2010846121125573
3.2010846121125573
3.2010846121125573
3.1906928008228648
3.1992691270597198
3.203113449087495
3.191214152154495
3.193143614593163
3.1703680985730758
3.177965462598975
3.189032351481935
3.188800970756261
3.1885718469863207
3.1885718469863207
3.1885718469863207
3.1991600867356746
3.2056133701013794
3.2056133701013794
3.2056133701013794
3.2056133701013794
3.1976633444278395
3.201288465756015
3.198083609858176
3.21411417451581
3.1998709886518544
3.19264972627594
3.19264972627594
3.1828644409591136
3.1828644409591136
3.1828644409591136
3.1952659476556198
3.186872838328028
3.19028234294967
3.1826207691299353
3.1826207691299353
3.1922471984324647
3.1922471984324647
3.205563953093205
3.205563953093205
3.205563953093205
3.205563953093205
3.205563953093205
3.1883060263910106
3.1883060263910106
3.187075950949458
3.187075950949458
3.2036942783350106
3.2036942783350106
3.1938945500061937
3.1938945500061937
3.208780100768654
3.208780100768654
3.208780100768654
3.208780100768654
3.2052907988563013
3.200101935478375
3.206305301814165
3.2128511683746277
3.2128511683746277
3.1999458152921925
3.199631736382195
3.199631736382195
3.199631736382195
3.198506475533261
3.198506475533261
3.198506475533261
3.2095581270293154
3.225059375862789
3.225059375862789
3.2258432252895353
3.2258432252895353
3.229069364601317
3.2254071584633706
3.2254071584633706
3.2134946420078383
3.207875796507443
3.207875796507443
3.2201020529361966
3.2201020529361966
3.2201020529361966
3.2201020529361966
3.2399323203650305
3.2225298946004033
3.2225298946004033
3.2225298946004033
3.2225298946004033
3.246588605746983
3.234710894778702
3.2159420485480616
3.2159420485480616
3.2221480357684595
3.2256146089904645
3.227331417120548
3.2072149673467973
3.209148584367668
3.209148584367668
3.209148584367668
3.209148584367668
3.209148584367668
3.1950375995114646
3.1950375995114646
3.1898892182206686
3.1898892182206686
3.1898892182206686
3.1898892182206686
3.176765271791267
3.183322818523093
3.1868009539202
3.1868009539202
3.204234597542902
3.2034433872500916
3.186870459303024
3.182613314255736
3.182613314255736
3.182613314255736
3.182613314255736
3.1964318246514414
3.200072714042984
3.1968231203192086
3.1968231203192086
3.180537360926116
3.1769274559206604
3.1769274559206604
3.177805377847825
3.1840753756870153
3.1826969958913947
3.174574682635165
3.174574682635165
3.1629251454042357
3.1629251454042357
3.1629251454042357
3.1629251454042357
3.166438190154728
3.166438190154728
3.166438190154728
3.165171478806962
3.165171478806962
3.165171478806962
3.165171478806962
3.1604253922189898
3.1586191285458067
3.1671119610894487
3.1671119610894487
3.176510127277718
3.176510127277718
3.174092903964252
3.1604186105293324
3.1604186105293324
3.2123670166474354
3.2123670166474354
3.2243968197842627
3.1927529912585615
3.186316791014748
3.186316791014748
3.197668669013627
3.189007341724111
3.190420738556956
3.1898190076531656
3.220065545008602
3.2239865358830895
3.2239865358830895
3.193340357587076
3.1879485936001144
3.1749917277382758
3.1749917277382758
3.1763284841201367
3.1923098411235085
3.19869102340337
3.1788104037947384
3.1698267280744616
3.1698267280744616
3.1705158284984942
3.1860617260356476
3.1867895373112054
3.188613674647694
3.2004814558870334
3.2004814558870334
3.2030089488294977
3.183253833842328
3.181343504189914
3.181343504189914
3.181343504189914
3.176287259030849
3.177327943832287
3.177327943832287
3.1890069332043467
3.1702503877944066
3.149566068278421
3.1587181333913077
3.1814915660006267
3.1814915660006267
3.1875742535878473
3.1615260758090944
3.167807421715651
3.167807421715651
3.167807421715651
3.1514944971867522
3.1514944971867522
3.153504123548385
3.153504123548385
3.1727814616872285
3.1727814616872285
3.201053536643065
3.1865661873635225
3.1772328230416416
3.1772328230416416
3.1772328230416416
3.163397368486431
3.163397368486431
3.163397368486431
3.163397368486431
3.1753031445368607
3.182607841335361
3.182607841335361
3.195000670562038
3.195000670562038
3.1729957152647223
3.1729957152647223
3.1729957152647223
3.1739818855845026
3.1773364659073278
3.1773364659073278
3.1773364659073278
3.1773364659073278
3.1654594099270956
3.1670545828949384
3.1670545828949384
3.1697579813225465
3.1697579813225465
3.163586478384376
3.1774319896753953
3.2003175534543407
3.1866009751927926
3.207516694047579
3.207516694047579
3.1995877321672483
3.1974505919248104
3.1815670059159062
3.1815670059159062
3.1815670059159062
3.1815670059159062
3.1815670059159062
3.160227833861376
3.1822180391041264
3.1822180391041264
3.1822180391041264
3.1822180391041264
3.183396147439409
3.1944324108313857
3.2108736444354213
3.2055290157365803
3.2055290157365803
3.218672059684333
3.2135792165684194
3.2135792165684194
3.2162345830360657
3.2162345830360657
3.2170008118718707
3.2350867946879385
3.2350867946879385
3.2350867946879385
3.2350867946879385
3.2253999144007928
3.2253999144007928
3.2041505588623895
3.208921293910567
3.1990918253177703
3.1990918253177703
3.198972902010035
3.19083631211889
3.1861770740378916
3.1861770740378916
3.194986035889936
3.194986035889936
3.20056173300518
3.171160835205695
3.1619961565038373
3.1619961565038373
3.170508503891905
3.1761862323489587
3.166717529500998
3.1778091601700567
3.19073482982553
3.1768824318818103
3.1722711845178266
3.1722711845178266
3.1745031046472634
3.1835312669538394
3.1835312669538394
3.1835312669538394
3.1943839180092635
3.1984726438317574
3.1888489263731588
3.1888489263731588
3.1888489263731588
3.1888489263731588
3.192851593957206
3.192851593957206
3.192851593957206
3.205776024094751
3.1922198062331257
3.202704178785189
3.196288581361786
3.184033048124321
3.181361718217313
3.188992586373496
3.193890783094998
3.17354054642465
3.168281013115521
3.168281013115521
3.1438032653446397
3.1438032653446397
3.143509245608836
3.132858452622599
3.143322415000601
3.1639927610603604
3.1639927610603604
3.1639927610603604
3.1573391655771648
3.1573391655771648
3.14530331553115
3.1382145593592785
3.1581762870854457
3.1416622323429375
3.1646922209166406
3.1646922209166406
3.1555471711081853
3.1555471711081853
3.1555471711081853
3.200946529267099
3.1606528414712516
3.1606528414712516
3.14044457007653
3.131105304399239
3.131105304399239
3.139493222650868
3.1390337361136114
3.1424564389741243
3.1424564389741243
3.176216702538281
3.1742245918466026
3.1739848956080783
3.1739848956080783
3.1818427241599134
3.1765385685497716
3.177818698719041
3.1782722542933235
3.171928733837422
3.171928733837422
3.160714638127932
3.159335900684501
3.159335900684501
3.159335900684501
3.2009384787905293
3.2009384787905293
3.1806514489773154
3.170134615630542
3.161132226768425
3.160530846356557
3.1663493865793133
3.1663493865793133
3.1663493865793133
3.1663493865793133
3.148932734110201
3.148932734110201
3.1467736988413195
3.1467736988413195
3.178537391209783
3.1752891588531797
3.161959234637383
3.163026407193499
3.177933370006021
3.177933370006021
3.177933370006021
3.177933370006021
3.1550847599497134
3.1550847599497134
3.1550847599497134
3.165880066103628
3.1695951510153573
3.1541811126137205
3.156111972481585
3.189200747540432
3.189200747540432
3.178443064450143
3.178443064450143
3.2116257175904446
3.211178181350471
3.211178181350471
3.211178181350471
3.193123775113153
3.193123775113153
3.2163943580253878
3.2163943580253878
3.2163943580253878
3.2163943580253878
3.1953840515695386
3.2166462513736813
3.2207908027628696
3.2207908027628696
3.2207908027628696
3.2095323823542357
3.2095323823542357
3.190969922660111
3.190969922660111
3.190969922660111
3.203549026008336
3.2259231920525626
3.2331356556516693
3.229408476057845
3.229408476057845
3.205588052785783
3.205588052785783
3.205588052785783
3.205588052785783
3.2084979843062595
3.1889033893608847
3.1889033893608847
3.1787310893562495
3.1787310893562495
3.1787310893562495
3.1787310893562495
3.1527109444285917
3.169178005439555
3.1742404690022026
3.1805560573553002
3.1655019678256577
3.1677816839357273
3.1748544131643026
3.1748544131643026
3.1748544131643026
3.1926607936938094
3.1926607936938094
3.1850657720466162
3.189452333943925
3.2142125606551506
3.2142125606551506
3.2142125606551506
3.2142125606551506
3.2052156802630933
3.219959948488148
3.21321868357062
3.2082038995949937
3.2082038995949937
3.2082038995949937
3.2114328663682357
3.2114328663682357
3.2114328663682357
3.2114328663682357
3.2114328663682357
3.2114328663682357
3.2056543769677432
3.2056543769677432
3.2199359103862926
3.2199359103862926
3.2199359103862926
3.2188933663822556
3.217964011078134
3.190938395797086
3.190938395797086
3.190938395797086
3.2177160631534387
3.2177160631534387
3.208180827328327
3.190706171856494
3.190706171856494
3.19465918599382
3.171606689213913
3.171606689213913
3.1616287336699185
3.167220104576578
3.182034660407034
3.178971364931815
3.171451004342002
3.184088813158729
3.1941822799514172
3.1941822799514172
3.1941822799514172
3.1941822799514172
3.1941822799514172
3.1941822799514172
3.1941822799514172
3.1941822799514172
3.1941822799514172
3.2170711035095887
3.1842412640254065
3.1842412640254065
3.1828787901152324
3.168779990239113
3.168779990239113
3.1705003759331505
3.171732465909222
3.171732465909222
3.1717523211959024
3.1717523211959024
3.1906600045218245
3.182353291997073
3.182353291997073
3.1764958719858702
3.206146802321998
3.206146802321998
3.1959532259702494
3.1959532259702494
3.1965548530595744
3.1965548530595744
3.199507813594198
3.199507813594198
3.199507813594198
3.193821729996355
3.2006851583791485
3.186610605811366
3.186610605811366
3.203864641878004
3.203864641878004
3.2013296019600253
3.2013296019600253
3.199604939676829
3.201367369484515
3.1962940532453943
3.1962940532453943
3.21142066371753
3.21142066371753
3.21142066371753
3.226055158698808
3.226055158698808
3.2153538845866936
3.2153538845866936
3.216874664986661
3.216874664986661
3.240110807313304
3.240110807313304
3.240110807313304
3.240110807313304
3.240110807313304
3.240110807313304
3.2180022782747906
3.198833158315589
3.202126447583764
3.19680556808602
3.1878272295769836
3.1713614810043023
3.1713614810043023
3.1860580419201194
3.1860580419201194
3.2016524508052213
3.2060312021836417
3.2060312021836417
3.2060312021836417
3.2023345937227377
3.2222244995075258
3.221661145245708
3.219249226124313
3.2265926072186057
3.2265926072186057
3.2102477205139737
3.210128037227844
3.210128037227844
3.2067665205051794
3.2067665205051794
3.217787400527705
3.1906960068897345
3.1906960068897345
3.1906960068897345
3.19982216661849
3.1965107241214694
3.2127089756560236
3.2051744222457548
3.2060172227833243
3.213793371676139
3.202106693795884
3.2003699091400604
3.2106155526728783
3.229104558739064
3.229104558739064
3.2062138136611202
3.2062138136611202
3.2062138136611202
3.2062138136611202
3.199716977158202
3.199716977158202
3.2135932442302573
3.2062019877721957
3.179699723222215
3.179699723222215
3.179699723222215
3.179699723222215
3.194952741375155
3.19540771481067
3.19540771481067
3.19540771481067
3.1849390259248542
3.1849390259248542
3.1872277227218477
3.1872277227218477
3.19337484804462
3.196147427197772
3.196147427197772
3.196147427197772
3.17576354354076
3.1795745959077983
3.1795745959077983
3.1962697403951266
3.1962697403951266
3.199614535235007
3.2077889844850818
3.1962841700864058
3.1962841700864058
3.1962841700864058
3.1840510034647656
3.184765192815018
3.184765192815018
3.181009118083252
3.154740612267521
3.160204797032473
3.160204797032473
3.160204797032473
3.160204797032473
3.160204797032473
3.160204797032473
3.160204797032473
3.160204797032473
3.160204797032473
3.1590236899486
3.17912098423124
3.17912098423124
3.199372778883408
3.199372778883408
3.199372778883408
3.199372778883408
3.199372778883408
3.199372778883408
3.195040440905083
3.195040440905083
3.1754090203194782
3.1963363004949117
3.1886395630124404
3.18276844090571
3.1808438453834826
3.1808438453834826
3.175390396409029
3.2058361417625725
3.170045600688538
3.153892924587366
3.153892924587366
3.153892924587366
3.175532509386645
3.175532509386645
3.195954968347295
3.195954968347295
3.195954968347295
3.1950049055321452
3.2073004099663276
3.2073004099663276
3.2137514289322997
3.2177683927107315
3.2265154197574346
3.2265154197574346
3.227085024932409
3.227085024932409
3.2037020913948977
3.1987076026445505
3.1941477139674466
3.1941477139674466
3.1685975872689442
3.1753215161494968
3.1753215161494968
3.1753215161494968
3.1781301860911078
3.1903322346535323
3.196746305012219
3.1799594563012903
3.1799594563012903
3.1799594563012903
3.1927693489050895
3.204757725120297
3.204757725120297
3.2014311334965493
3.21007295034325
3.1939487514402156
3.1939487514402156
3.18297096976806
3.2072883996232933
3.210515533077896
3.20024079878599
3.20024079878599
3.2059612330134053
3.1927111408657227
3.200059542812028
3.200746210368945
3.1925331835624715
3.193018136676412
3.193018136676412
3.193018136676412
3.193018136676412
3.193018136676412
3.194163113611727
3.1760987878092064
3.1975133554652064
3.1975133554652064
3.1975133554652064
3.1990488868328244
3.1774615725272612
3.1774615725272612
3.1774615725272612
3.190700583154262
3.1767197872788713
3.1903042495174763
3.1881462741255113
3.1881462741255113
3.205377992745202
3.1958544285039094
3.173198516256362
3.1733511812733397
3.1898024686203503
3.1898024686203503
3.191868912788588
3.189958011692562
3.1802381573246303
3.1633818744396613
3.1520073773387614
3.1520073773387614
3.1522190482106214
3.1522190482106214
3.1522190482106214
3.1522190482106214
3.140551617792713
3.12605120569579
3.1366210073989946
3.1392529886509037
3.1392529886509037
3.1392529886509037
3.1392529886509037
3.1300833850737533
3.1300833850737533
3.1243209183275593
3.1243209183275593
3.109120602983135
3.1244106360747583
3.1129687965443105
3.108502261613002
3.123444831636546
3.123444831636546
3.123444831636546
3.1241456150542457
3.1241456150542457
3.1241456150542457
3.1304821213611396
3.1304821213611396
3.1053207582349382
3.1011832752721107
3.1011832752721107
3.1011832752721107
3.0918687561969698
3.0918687561969698
3.0992786870545754
3.106030261754179
3.1000174671798324
3.1051746786141
3.1156747148501096
3.142100450941008
3.142100450941008
3.142100450941008
3.142100450941008
3.132837150605951
3.132837150605951
3.132837150605951
3.1374080130833115
3.169677864525199
3.165966900783665
3.1690813100678263
3.1690813100678263
3.1636183784868575
3.1636183784868575
3.1636183784868575
3.156721093755616
3.1520280818775084
3.1520280818775084
3.150072676152445
3.166318996683658
3.166318996683658
3.166318996683658
3.166318996683658
3.1749731876062013
3.185761533049253
3.185761533049253
3.1792815517234754
3.1792815517234754
3.1792815517234754
3.1701718384421036
3.186350678645703
3.1796152361740755
3.155569179326827
3.155569179326827
3.174408015179825
3.154689310935594
3.15920911569311
3.178373651103814
3.170532653713509
3.170532653713509
3.170532653713509
3.1863466111329366
3.1640257838596373
3.1574529763518213
3.1574529763518213
3.1574529763518213
3.1515291114741335
3.1515291114741335
3.1706403517995523
3.1706403517995523
3.2019755371065477
3.209305116778872
3.209305116778872
3.1925531918665513
3.210276162833309
3.197461991041801
3.2004137169739346
3.182083481904359
3.182083481904359
3.182083481904359
3.2085602646831317
3.2085602646831317
3.207842188040481
3.192624286635999
3.1824196408708794
3.183446698342512
3.182705483761137
3.1687278792756515
3.189039925533742
3.1730059948020988
3.1730059948020988
3.183793015339041
3.183793015339041
3.1850413305311864
3.1850413305311864
3.174926944739856
3.172988236159166
3.172988236159166
3.1688575287455083
3.1688575287455083
3.1688575287455083
3.1688575287455083
3.1688575287455083
3.1688575287455083
3.1688575287455083
3.1688575287455083
3.1688575287455083
3.1789068454309612
3.1789068454309612
3.1778794905967596
3.170793923409684
3.1791907767158074
3.1791907767158074
3.164121313860535
3.2021081047417366
3.1856411656830463
3.1933622808130706
3.1933622808130706
3.1976252121483277
3.1968921607062737
3.1968921607062737
3.1968921607062737
3.1738892962581073
3.1619498579698746
3.1619498579698746
3.1855087020290314
3.191634399150427
3.1843664133317064
3.1843664133317064
3.1727008301891497
3.183707253918721
3.183707253918721
3.183707253918721
3.183707253918721
3.1849237822996925
3.169216503195095
3.169216503195095
3.171039556821584
3.1714435050230594
3.1714435050230594
3.1714435050230594
3.158397431184322
3.1740561790617265
3.1740561790617265
3.1752265084072286
3.1647332977628264
3.1647332977628264
3.1757071774559122
3.178389705083772
3.1600970024747164
3.169254244270833
3.169254244270833
3.169254244270833
3.160214734816324
3.1454993753328537
3.1473390745586047
3.1473390745586047
3.1352532646322704
3.1352532646322704
3.1352532646322704
3.1352532646322704
3.133508005707218
3.1364298433602307
3.1516106071797454
3.160156298285539
3.1394783068190595
3.175888875677793
3.1638373971603304
3.1638373971603304
3.1638373971603304
3.177370382561245
3.177370382561245
3.1653467909540876
3.1538381480564146
3.1860425333601756
3.221931274930251
3.221931274930251
3.2243497596527715
3.2082710645012757
3.1952529563164456
3.2093067263729416
3.2093067263729416
3.20067895106043
3.195365094541316
3.211730420905406
3.211730420905406
3.2005495067003156
3.22554231569309
3.22554231569309
3.2219066602703066
3.2102797463591246
3.2075329608336256
3.2075329608336256
3.2075329608336256
3.204254180331458
3.204254180331458
3.2203204725514354
3.232412813757749
3.232412813757749
3.232412813757749
3.222176276235666
3.2245501458080152
3.2245501458080152
3.2245501458080152
3.2245501458080152
3.2245501458080152
3.2245501458080152
3.23663662073155
3.204201661684114
3.204201661684114
3.2080197393445173
3.1957062328913732
3.201810491332963
3.201810491332963
3.2135295331847225
3.196805214908406
3.2101536434645586
3.208505324260797
3.208505324260797
3.1990750030851047
3.209336110871455
3.211322726944639
3.2113882240199807
3.2372859394369082
3.2372859394369082
3.2372859394369082
3.2372859394369082
3.2289278007714026
3.2289278007714026
3.2143834622785836
3.2007660052449864
3.1987676739798885
3.2125104838189253
3.2125104838189253
3.193298034834059
3.227318674743627
3.2299114606899253
3.230099914419812
3.230099914419812
3.192770548664281
3.192770548664281
3.1865666113626094
3.1732817184215323
3.1743160903490577
3.1743160903490577
3.180253360050168
3.180253360050168
3.180253360050168
3.180253360050168
3.1920984750767243
3.1920984750767243
3.1912087999255467
3.1912087999255467
3.1809084918307247
3.1803912112411155
3.1803912112411155
3.1556505363018483
3.1556505363018483
3.1554248894713286
3.16851661481537
3.1898216142433036
3.1898216142433036
3.1898216142433036
3.1898216142433036
3.1898216142433036
3.1898216142433036
3.1898216142433036
3.1898216142433036
3.1850319242269065
3.187975679968914
3.187975679968914
3.1943776200690666
3.1795490812160017
3.184463099333204
3.184463099333204
3.1919093326616395
3.1899426629276006
3.1899426629276006
3.1828155677046346
3.1786792954662557
3.180177709794035
3.180177709794035
3.180177709794035
3.180177709794035
3.157202352725739
3.1654344612428313
3.1654344612428313
3.1654344612428313
3.164513902546414
3.1665069307487
3.1665069307487
3.1837559786788137
3.1682828029582066
3.1682828029582066
3.184632977123576
3.184632977123576
3.184632977123576
3.184632977123576
3.192843354374211
3.193002230854445
3.193002230854445
3.193002230854445
3.193002230854445
3.193002230854445
3.197641177435946
3.197641177435946
3.197641177435946
3.197641177435946
3.1940931451932624
3.1940931451932624
3.1896192623286845
3.20395014966332
3.20395014966332
3.20395014966332
3.20395014966332
3.208204882785254
3.208204882785254
3.208204882785254
3.2061322824076273
3.2065248644690953
3.2065248644690953
3.2065248644690953
3.1803238657636896
3.184695802966188
3.184695802966188
3.1808738434658648
3.1808738434658648
3.1751087703716805
3.1555631796456254
3.1555631796456254
3.1835675492982527
3.1709516152598796
3.1772271183577554
3.179193155063549
3.184639824179472
3.1664177301772334
3.1729104637382797
3.1729104637382797
3.1811800684452294
3.179750593335827
3.1708801595130884
3.1639498062715217
3.177991456298281
3.177991456298281
3.177991456298281
3.177991456298281
3.177991456298281
3.177991456298281
3.1573708958774147
3.1910241346515686
3.1910241346515686
3.1910241346515686
3.1910241346515686
3.188914896668811
3.192257417166644
3.1858028080745524
3.1858028080745524
3.1869471252121633
3.1869471252121633
3.1768877482202575
3.1771385190725856
3.1917137243368296
3.2170055091285943
3.2170055091285943
3.212688648660805
3.212688648660805
3.212688648660805
3.1987437945005746
3.2155766038029174
3.2096574977403587
3.200228925374072
3.199372046938051
3.2068667513007436
3.2068667513007436
3.2068667513007436
3.221523108998863
3.221523108998863
3.221523108998863
3.221523108998863
3.221523108998863
3.2235786239540225
3.2235786239540225
3.2235786239540225
3.231468654643801
3.2270969909518277
3.2292347974058946
3.2292347974058946
3.234803736485688
3.234803736485688
3.2194979607304366
3.2194979607304366
3.212797037002871
3.212797037002871
3.218000748177056
3.218000748177056
3.218000748177056
3.226253111319855
3.2209005582605688
3.2306131069535593
3.2306131069535593
3.2326202541254245
3.221215956701144
3.2228490720108756
3.2222105089054156
3.2258286247353003
3.231799428266417
3.2530911149658874
3.2597257335142973
3.276785903381636
3.281697495660018
3.2693062492238765
3.2693062492238765
3.266980691138042
3.2473218266465618
3.2574646153003664
3.2537785922271505
3.267316558700588
3.253534703292516
3.242661020056161
3.242661020056161
3.242661020056161
3.2545708232692063
3.2529143033360457
3.2500750219249475
3.248822211069825
3.2153335429234433
3.213078991093792
3.213078991093792
3.2171479328418773
3.2308804876876698
3.2308804876876698
3.2308804876876698
3.2129311532995537
3.2129311532995537
3.203257839579137
3.217450815809669
3.224324116861923
3.224324116861923
3.22452134653879
3.22452134653879
3.2227977989851557
3.2469480167040805
3.238639623849376
3.2465840798607335
3.2436545587225765
3.2436545587225765
3.2263346705398344
3.192271947296499
3.192271947296499
3.2205243343720213
3.2303043178841007
3.2303043178841007
3.2207804977427115
3.2207804977427115
3.224860963507516
3.209891605812898
3.2015800307014204
3.1927009698528352
3.2083349425063465
3.2060455507214676
3.2060455507214676
3.2181484896243555
3.2181484896243555
3.2181484896243555
3.2181484896243555
3.230401613501107
3.208649008563782
3.208649008563782
3.208649008563782
3.208649008563782
3.208649008563782
3.208649008563782
3.2084751475808218
3.2104110600201143
3.1926797493190766
3.2098612969566345
3.2098612969566345
3.2098612969566345
3.1959322895031046
3.1959322895031046
3.211290535875019
3.211290535875019
3.211290535875019
3.211290535875019
3.21238213080045
3.2218250102163175
3.2218250102163175
3.2218250102163175
3.2218250102163175
3.2218250102163175
3.2397288155325024
3.2397288155325024
3.2397288155325024
3.2397288155325024
3.2397288155325024
3.2276806956341093
3.246467692920686
3.234063458607163
3.2358755622620397
3.2358755622620397
3.205726908509345
3.205726908509345
3.21267157946146
3.2348557819758628
3.202826741584513
3.202826741584513
3.241040095893835
3.241040095893835
3.238202443644978
3.2232847454066547
3.23063646689471
3.23063646689471
3.23063646689471
3.205738582753039
3.200903644967065
3.200903644967065
3.195239146579291
3.195239146579291
3.1995655600551753
3.213466361257037
3.215319363890907
3.215319363890907
3.209474395894469
3.188382252595881
3.1929946816892203
3.222377222664297
3.222377222664297
3.222377222664297
3.226079514383641
3.226079514383641
3.194114605887184
3.194114605887184
3.194114605887184
3.1897624471815704
3.19360523953371
3.1985057209112826
3.1985057209112826
3.2002841763247125
3.1854554106917665
3.1818756445399616
3.1818756445399616
3.1937978056126437
3.206874328519864
3.208956878576827
3.2178036469912423
3.205286656832908
3.205286656832908
3.2181300836796782
3.2181300836796782
3.226139523850678
3.226139523850678
3.226363777865037
3.2132607161022135
3.2132607161022135
3.185882904046231
3.1771228971740166
3.1779806850724914
3.1868255171655617
3.1793176647114696
3.1944832599973445
3.1855723024973837
3.197917310925414
3.197917310925414
3.2257973175558767
3.2243952443546515
3.2243952443546515
3.2243952443546515
3.2243952443546515
3.2243952443546515
3.2243952443546515
3.1993535028333135
3.198393496676942
3.1961301724856384
3.1961301724856384
3.1961301724856384
3.1961301724856384
3.194727167915052
3.2167725488165915
3.2167725488165915
3.212498235237216
3.211764028932809
3.211764028932809
3.211764028932809
3.211764028932809
3.2280107157803672
3.2042285717472088
3.2042285717472088
3.216806850194316
3.216806850194316
3.2136112015933134
3.2136112015933134
3.2136112015933134
3.1953720476842062
3.1943434134312194
3.2182290955625525
3.1964533883679964
3.1964533883679964
3.197084028378655
3.187097334889014
3.187097334889014
3.189354157069422
3.191754648132633
3.191754648132633
3.2065294903052894
3.1961693592754625
3.2097187270112126
3.2097187270112126
3.2097187270112126
3.2097187270112126
3.2097187270112126
3.1936349756809626
3.1927731294007375
3.210076106508335
3.210076106508335
3.2109751672551297
3.2109751672551297
3.1954531241350868
3.187305230932948
3.187305230932948
3.187305230932948
3.187305230932948
3.1924717242761202
3.207551802922709
3.2054030322064353
3.2037383800770276
3.2048348932748256
3.2105676448438243
3.221364017336602
3.2244748619887305
3.2244748619887305
3.228418429224703
3.228418429224703
3.2271180334100333
3.198836776977639
3.1983228083657074
3.1773076651757957
3.193572661829642
3.191258928626028
3.2023419654741567
3.2150884742940717
3.2104817554777854
3.2104817554777854
3.2104817554777854
3.2104817554777854
3.2104817554777854
3.2104817554777854
3.2104817554777854
3.1961936128208097
3.19513709225622
3.1942088592083833
3.179408317269505
3.179408317269505
3.179408317269505
3.179408317269505
3.1802678435383918
3.17436786809862
3.1687523010942455
3.1879335765021297
3.179800139437093
3.1895767253790863
3.1895767253790863
3.1895767253790863
3.1895767253790863
3.1963970020457384
3.191790856054782
3.187890220704945
3.187890220704945
3.187890220704945
3.187890220704945
3.187890220704945
3.2189116722896665
3.2170362073770775
3.2170362073770775
3.199791354900744
3.199791354900744
3.1969668537339033
3.201707406013948
3.1948447431911675
3.198948367607975
3.198948367607975
3.198948367607975
3.194408808170461
3.194408808170461
3.194408808170461
3.1992804822517
3.1935315763046788
3.2074919240086883
3.2074919240086883
3.2074919240086883
3.2074919240086883
3.1869951387100137
3.187461491827048
3.2235142047162215
3.210394593698493
3.2062678508084024
3.2062678508084024
3.2062678508084024
3.200236082993025
3.219523880468788
3.219523880468788
3.219523880468788
3.203930323392352
3.2037018475113412
3.203625828958115
3.203625828958115
3.2138761448327884
3.2138761448327884
3.215681742003226
3.215681742003226
3.205146821375649
3.205146821375649
3.1903149706282927
3.1903149706282927
3.1879000374942104
3.189255958464751
3.1977886449038198
3.194922824729363
3.194922824729363
3.2149395781590657
3.2149395781590657
3.2136119968439547
3.178928591650159
3.178928591650159
3.178928591650159
3.178928591650159
3.178928591650159
3.161800329279245
3.17850884501656
3.17850884501656
3.17850884501656
3.1807482067430857
3.1896784529616635
3.195819877658285
3.1746672694651648
3.173965862618293
3.173965862618293
3.1738870461790603
3.1738870461790603
3.1822946884560785
3.1822946884560785
3.1822946884560785
3.1822946884560785
3.1822946884560785
3.1620193388010085
3.1696598484723983
3.146789401290372
3.137206135387604
3.137206135387604
3.163977920892239
3.163977920892239
3.14993006712081
3.159158616514132
3.159158616514132
3.150238713463985
3.150238713463985
3.16881815436981
3.16881815436981
3.16881815436981
3.167239336976354
3.158233446086994
3.158233446086994
3.158233446086994
3.158233446086994
3.158233446086994
3.1533817481502022
3.1533817481502022
3.1627217461237693
3.1574047253204083
3.1632368028570452
3.1632368028570452
3.1632368028570452
3.1521674574444782
3.126104253637908
3.1105810553697384
3.1174908090571893
3.125399220850315
3.125399220850315
3.127882682263687
3.140481205230456
3.1489392930754603
3.1339696120948384
3.1380541121639647
3.146229399865173
3.146229399865173
3.146891534708797
3.146891534708797
3.1509614143508164
3.1586399589734833
3.1586399589734833
3.1578870694455587
3.1869382232855
3.1633321214817065
3.1879350916584692
3.177377308908393
3.1995170900310566
3.178845473427875
3.178845473427875
3.161051977284904
3.1779632789391923
3.1779632789391923
3.1991762474341083
3.1939949638803524
3.2030158142376686
3.2030158142376686
3.205501230041425
3.2223537380741583
3.2127128773718634
3.2047577640486757
3.1841636648962255
3.188588072334345
3.202485667668689
3.202485667668689
3.22788379605363
3.22788379605363
3.22788379605363
3.192190966421848
3.200907842987747
3.214454857968632
3.214454857968632
3.214454857968632
3.2029176062503626
3.2047215825085944
3.2012787342985196
3.2012787342985196
3.2012787342985196
3.2074403695970397
3.2074403695970397
3.2074403695970397
3.195979619836293
3.195979619836293
3.1972915712566037
3.1991976329764764
3.175665447522527
3.18581951702114
3.18581951702114
3.18581951702114
3.18581951702114
3.18581951702114
3.1937162398245493
3.1937162398245493
3.1937162398245493
3.1937162398245493
3.1713131562248744
3.1713131562248744
3.176199503843789
3.1667551530195825
3.1667551530195825
3.1667551530195825
3.1808839475129247
3.1876735957599354
3.2017776081597007
3.2206929070619426
3.219738688329684
3.213770255508413
3.213770255508413
3.213770255508413
3.213770255508413
3.2052872608617577
3.1885590241144364
3.183888104071724
3.197427548587209
3.2350898648241344
3.1998285764475205
3.209671259394354
3.206591618459463
3.20099705252075
3.197675064299546
3.187309957987953
3.1750926844059797
3.176752939271863
3.176752939271863
3.173704741654517
3.1849195186313453
3.1849195186313453
3.1849195186313453
3.1879561537776224
3.18382254209904
3.18382254209904
3.1582432951097537
3.1537187411495147
3.1537187411495147
3.1537187411495147
3.1537187411495147
3.1749473740638097
3.1749473740638097
3.1781354404562183
3.1755437582777666
3.1755437582777666
3.1755437582777666
3.1755437582777666
3.1755437582777666
3.167524385806995
3.167524385806995
3.1757252101323554
3.1821517287057306
3.184051746756934
3.184051746756934
3.1823079251903064
3.1823079251903064
3.1823079251903064
3.2020322192784376
3.2020322192784376
3.1949513683335287
3.1968595224129843
3.1852328120271345
3.210640415401818
3.1982015545281737
3.18991330794521
3.1836129621902645
3.1836129621902645
3.18856960283307
3.18856960283307
3.18856960283307
3.18856960283307
3.18856960283307
3.204680048834857
3.204680048834857
3.2241679691360394
3.2241679691360394
3.2249672095505324
3.2163448452431007
3.2321566859028104
3.2321566859028104
3.2321566859028104
3.2321566859028104
3.2282459754121984
3.2305846139321392
3.2227754969235867
3.217816079083127
3.237713045415653
3.2442771973000735
3.2290887425961756
3.2290887425961756
3.2290887425961756
3.2290887425961756
3.2290887425961756
3.2290887425961756
3.22932395790398
3.22932395790398
3.211522645193355
3.211522645193355
3.211522645193355
3.2316606125232643
3.2316606125232643
3.1888977399464595
3.1917395410271494
3.195493164271361
3.195493164271361
3.1888509798813556
3.184554403034244
3.1871732124497947
3.21200171506952
3.21200171506952
3.21200171506952
3.21200171506952
3.21200171506952
3.21200171506952
3.2075840482959457
3.215156768031942
3.219446162575694
3.219446162575694
3.219446162575694
3.206660824755761
3.2110603609971062
3.2110603609971062
3.2110603609971062
3.200724745790476
3.2130067403593583
3.200111341878526
3.200111341878526
3.1965100234023724
3.1965100234023724
3.1965100234023724
3.1965100234023724
3.2143769069818244
3.1899653374286516
3.1883567919552065
3.1883567919552065
3.1883567919552065
3.1708674146970575
3.1708674146970575
3.169937396031208
3.169937396031208
3.186101054252007
3.1796398248722175
3.1752593000662888
3.1752593000662888
3.1752593000662888
3.1685518345250676
3.190734863194838
3.190734863194838
3.190734863194838
3.190734863194838
3.190734863194838
3.195111181764262
3.191174353779983
3.1940587300318097
3.189469383568264
3.1820369932540578
3.1897446368941855
3.179758893341995
3.205088606937803
3.1901574197328637
3.1901574197328637
3.1901574197328637
3.1899105619397385
3.2033799009546584
3.2033799009546584
3.174644482669381
3.2131832562910616
3.2131832562910616
3.2074794938691404
3.2074794938691404
3.2074794938691404
3.1931754698676604
3.1931754698676604
3.1931754698676604
3.2302060275189577
3.221792093269824
3.219811703985895
3.2099196122974676
3.2022009707516625
3.2022009707516625
3.2022009707516625
3.2070185090031798
3.2070185090031798
3.2087793663215742
3.2087793663215742
3.207624590489325
3.207624590489325
3.2304805788813358
3.2304805788813358
3.2038923696401844
3.2038923696401844
3.204752239947377
3.204752239947377
3.2114882575469013
3.223460607212323
3.223460607212323
3.223460607212323
3.2300670812969576
3.1836666845521355
3.175348063292943
3.175348063292943
3.175348063292943
3.1961973904479017
3.1961973904479017
3.2010807797606766
3.213128314557878
3.213128314557878
3.213128314557878
3.1989747239917095
3.1960780008145595
3.2114064581787765
3.2114064581787765
3.2175299270052022
3.2175299270052022
3.2175299270052022
3.2175299270052022
3.216424925488962
3.216424925488962
3.216424925488962
3.216424925488962
3.216424925488962
3.2283506405900093
3.23003020944373
3.23003020944373
3.234356116403591
3.234356116403591
3.20170972900675
3.207662861880464
3.207662861880464
3.207662861880464
3.2200154608951603
3.2047631081985526
3.2047631081985526
3.1909163982493154
3.2045072849096776
3.2115052362446055
3.191213043091953
3.191213043091953
3.191213043091953
3.1933251255016435
3.1916743197450965
3.2208506750332337
3.212916947814339
3.212916947814339
3.212916947814339
3.200828847351942
3.2050410852823106
3.214367839883392
3.20824667368094
3.20824667368094
3.20824667368094
3.2267142766197954
3.2218361432517026
3.2218361432517026
3.1989561198406853
3.1989561198406853
3.1898456131959296
3.2112068548082493
3.1904831818517825
3.1904831818517825
3.184273699703316
3.1762566466894673
3.1883021486116836
3.1883021486116836
3.1883021486116836
3.1899661538001984
3.2053419149756466
3.2053419149756466
3.200423795249763
3.200423795249763
3.200423795249763
3.1959178090258873
3.182692768395631
3.2027104223118688
3.2027104223118688
3.2052564889309245
3.2048231538666294
3.2048231538666294
3.2048231538666294
3.205318364987429
3.2004531304537087
3.2004531304537087
3.2004531304537087
3.222948939112513
3.222948939112513
3.2024347682952183
3.2024347682952183
3.2024347682952183
3.189566896351558
3.189566896351558
3.189566896351558
3.180947314612801
3.1894551394248905
3.1906583021427872
3.1906583021427872
3.195388798315801
3.195388798315801
3.189869460532248
3.1979203697099274
3.186101651461835
3.1796520062475366
3.222475835839956
3.222475835839956
3.2274919598618785
3.2274919598618785
3.2142239054809516
3.2142239054809516
3.2257155959242545
3.2257155959242545
3.2257155959242545
3.217133237591363
3.220669099930364
3.220669099930364
3.2330255021848826
3.2231472600044264
3.2231472600044264
3.209634287526477
3.2157970611654925
3.2157970611654925
3.2155020798268197
3.2155020798268197
3.218025406844259
3.218025406844259
3.2064930215261427
3.2064930215261427
3.201361883597369
3.201361883597369
3.201361883597369
3.201361883597369
3.222209271348649
3.222209271348649
3.2273235749908977
3.2273235749908977
3.2067137435257695
3.2222398354442667
3.2222398354442667
3.1940707666099404
3.1940707666099404
3.1877949757648367
3.1877949757648367
3.1867175595451034
3.1874061129624986
3.2042166956990896
3.220829210076949
3.189457507045064
3.1996173415427993
3.1996173415427993
3.1918840868604192
3.1918840868604192
3.21089314673086
3.2072465816137994
3.2118442737852217
3.2106735868943375
3.203902070083903
3.1920510228646046
3.193440352539428
3.192561464561328
3.191090181841648
3.191090181841648
3.191090181841648
3.193327450210929
3.193327450210929
3.193327450210929
3.193327450210929
3.193327450210929
3.1785793826616633
3.195076169658063
3.2017423079355662
3.1956271926188973
3.1956271926188973
3.189407964510443
3.196168777339148
3.196168777339148
3.1758305830841556
3.1758305830841556
3.1862234258220354
3.162621947984411
3.162621947984411
3.162621947984411
3.177925232025134
3.171666217613823
3.186267461811977
3.189140243691561
3.1571753960470756
3.1571753960470756
3.1571753960470756
3.1737098671809183
3.172026381542142
3.189998235584803
3.189998235584803
3.1787054258812497
3.1787054258812497
3.194395118559176
3.186237419866786
3.186237419866786
3.186237419866786
3.186237419866786
3.186237419866786
3.1783169195096588
3.1965106634815195
3.1927958839392443
3.1927958839392443
3.1927958839392443
3.1927958839392443
3.187047806216497
3.178377951129784
3.178377951129784
3.178377951129784
3.178377951129784
3.178377951129784
3.179045124929462
3.179045124929462
3.17103010238998
3.1930097191323905
3.1660498078426476
3.171662566272707
3.1769205466935353
3.1769205466935353
3.179645270756107
3.175959302696295
3.175959302696295
3.175959302696295
3.1817211040680005
3.1800674403755456
3.1800674403755456
3.1800674403755456
3.1624309765079195
3.164867349746175
3.164867349746175
3.164867349746175
3.164867349746175
3.178793826869477
3.178793826869477
3.2007986821545673
3.195181770538822
3.194022331397805
3.1928311056025938
3.1928311056025938
3.1928311056025938
3.1799368801918546
3.186409197885631
3.1879590487746823
3.1879590487746823
3.1879590487746823
3.1879590487746823
3.1879590487746823
3.1901806197149902
3.2025404536467557
3.192356699381182
3.192591367482968
3.192591367482968
3.1965145774631925
3.1914482163700035
3.1914482163700035
3.1971764414725197
3.1971764414725197
3.1947972294967446
3.206484668880146
3.206484668880146
3.205954295045039
3.1996545928987272
3.1945315232928455
3.1945315232928455
3.1896145947730887
3.1896145947730887
3.1834580574312947
3.1834580574312947
3.1805209144478956
3.20006623232374
3.1749997651490798
3.1749997651490798
3.1886360095430923
3.1886360095430923
3.1795131063168185
3.1800281578241507
3.1879006106637906
3.1879006106637906
3.1697709188703547
3.1847533928644003
3.1770145978506563
3.191604415152005
3.191604415152005
3.1865017988597795
3.1865017988597795
3.183372689019979
3.15627599653011
3.15627599653011
3.1555093134165566
3.176357075308579
3.176357075308579
3.176357075308579
3.176357075308579
3.1608118650081023
3.1709815695990184
3.170598615490849
3.170598615490849
3.170598615490849
3.168621395847121
3.168621395847121
3.1703328195255644
3.1503733273379533
3.1736778017796192
3.1494000951513414
3.1525083080301233
3.1525083080301233
3.1399034527784595
3.147774668612485
3.147774668612485
3.146317719475789
3.146317719475789
3.146317719475789
3.146317719475789
3.130934291666592
3.1453609051847193
3.1313891405178045
3.1313891405178045
3.1277998228393376
3.1263743162569186
3.101815460532905
3.101815460532905
3.101815460532905
3.101815460532905
3.1122453396593177
3.124118208220938
3.124118208220938
3.1442457830673582
3.133853388779108
3.144972160216569
3.144972160216569
3.1588955425128895
3.173840332723969
3.17255198631255
3.142766703728343
3.156984468485892
3.164052673146212
3.164052673146212
3.164052673146212
3.1392956775860235
3.1392956775860235
3.1449268091311606
3.1449268091311606
3.136168791669071
3.144753936962578
3.1416795503432997
3.1428449410262678
3.176174187839802
3.176174187839802
3.176174187839802
3.176174187839802
3.166091100274474
3.1461608133285535
3.1461608133285535
3.1461608133285535
3.1586486090647683
3.1592746421938984
3.1622585373785395
3.164181891691411
3.167617207434748
3.167617207434748
3.167617207434748
3.167617207434748
3.167617207434748
3.1812038016697315
3.2053117367468236
3.2053117367468236
3.191197672572457
3.191197672572457
3.1829113679053043
3.1829113679053043
3.1829113679053043
3.1895690762999584
3.172764760625122
3.179550016934614
3.161850918379221
3.155601296593061
3.1658205045747954
3.1658205045747954
3.178579996133189
3.178579996133189
3.178579996133189
3.1830132968316964
3.1514087739933134
3.1514087739933134
3.17012689729646
3.183930711069613
3.169718947128021
3.1647221516822626
3.1647221516822626
3.1700114851003787
3.1903888964981832
3.1903888964981832
3.1903888964981832
3.2079444069368526
3.2077480800432663
3.2077480800432663
3.1942302072631596
3.1923463028891543
3.1923463028891543
3.1886052833887284
3.172798317508312
3.172798317508312
3.172798317508312
3.172798317508312
3.1692050047694047
3.173531213808458
3.162746423186794
3.162746423186794
3.162746423186794
3.162746423186794
3.162746423186794
3.162746423186794
3.1716885406254933
3.1707900269865754
3.1707900269865754
3.1707900269865754
3.1705686478799366
3.165299447861735
3.165299447861735
3.1594376968443774
3.1594376968443774
3.1585109790719352
3.1510513586548643
3.1510513586548643
3.1719349214331785
3.204723970536476
3.204723970536476
3.204723970536476
3.204723970536476
3.2017945342595326
3.2017945342595326
3.1870415289161236
3.1748608975193857
3.1927478818647907
3.1927478818647907
3.1927478818647907
3.1927478818647907
3.2213357018076567
3.2093414573974846
3.2086325600568104
3.1768937008434905
3.1801989577822583
3.1657146143797443
3.1663901024778256
3.1663901024778256
3.1663901024778256
3.171863449571307
3.171863449571307
3.171863449571307
3.171863449571307
3.171863449571307
3.171219086544098
3.173766585222327
3.1727596994159826
3.1727596994159826
3.1764973956545286
3.1702143609687856
3.1793316477001317
3.1793316477001317
3.165664088936625
3.155915827107246
3.155915827107246
3.155915827107246
3.155915827107246
3.1749235853176883
3.1749235853176883
3.187963520641171
3.1936580078944843
3.2138769419580795
3.2004469531185236
3.196275048601736
3.196275048601736
3.196275048601736
3.196275048601736
3.196275048601736
3.20591880714376
3.20591880714376
3.2037573080051613
3.2039210908274858
3.20661453728372
3.2061080203931636
3.2061080203931636
3.2061080203931636
3.2061080203931636
3.2061080203931636
3.202854267858246
3.202854267858246
3.1745064517772774
3.1745064517772774
3.165874867057124
3.165874867057124
3.1645077903946963
3.1546773187201502
3.155385392944764
3.155385392944764
3.167846996571607
3.167846996571607
3.1792811966425596
3.169873551934282
3.169873551934282
3.1637096072033235
3.1637096072033235
3.1591428349593804
3.1591428349593804
3.158413914478768
3.155355538340953
3.1765617694053088
3.1765617694053088
3.1765617694053088
3.1903338801058254
3.1903338801058254
3.1903338801058254
3.1903338801058254
3.196863235332629
3.196863235332629
3.196863235332629
3.1861195372698607
3.183796556021496
3.183796556021496
3.186349722034544
3.19892908296844
3.181035695549772
3.181035695549772
3.201646430510371
3.2113013594549153
3.194509385671294
3.194509385671294
3.194509385671294
3.2079899085618946
3.2079899085618946
3.205820143310071
3.205820143310071
3.2182782955037426
3.2231807092255442
3.19971171057135
3.206025675377432
3.206025675377432
3.206025675377432
3.206025675377432
3.2165851285036795
3.2085831983532445
3.219186432716568
3.226873653472768
3.224350022605132
3.224350022605132
3.2081365395443466
3.202391397274774
3.2125797037805266
3.2125797037805266
3.2125797037805266
3.2125797037805266
3.20458355319267
3.2151894704374637
3.1809989231460283
3.1809989231460283
3.2057964615571253
3.1816539233115355
3.15282133959645
3.177120153281642
3.1798715293053554
3.18641122531688
3.1831563165022314
3.1831563165022314
3.1910431404790733
3.1910431404790733
3.183629819580547
3.169501127786812
3.169501127786812
3.169501127786812
3.169501127786812
3.1610090183103243
3.1610090183103243
3.169669473467262
3.180111559933342
3.180111559933342
3.1932692465848342
3.1932692465848342
3.1932692465848342
3.187153470243133
3.187153470243133
3.177651359756433
3.1794027085238277
3.1794027085238277
3.1794027085238277
3.183516389319437
3.1776535314716594
3.1739365372543626
3.192533467718001
3.192533467718001
3.1862382865693823
3.186593914271365
3.1753604779430193
3.2052069474007308
3.202901109533998
3.202901109533998
3.202901109533998
3.202901109533998
3.202901109533998
3.196699328248588
3.2158334990409285
3.216236186098795
3.216236186098795
3.220183785282383
3.218513059510729
3.218513059510729
3.218513059510729
3.218513059510729
3.219698951558978
3.219698951558978
3.247581418997126
3.240158434038183
3.2037096148602227
3.2037096148602227
3.2037096148602227
3.2019565588892243
3.205588431795714
3.1945087180767913
3.1945087180767913
3.1945087180767913
3.194735389242203
3.194735389242203
3.194735389242203
3.196973733852803
3.223792170582764
3.223792170582764
3.2243436930156055
3.2243436930156055
3.2243436930156055
3.219377832573091
3.217469445444884
3.2261634684453573
3.2251860346227477
3.202172531915535
3.202172531915535
3.202172531915535
3.2068129231940703
3.2068129231940703
3.190238192876804
3.1897280438700886
3.1897280438700886
3.186938396901397
3.191279650228546
3.176260773445317
3.176260773445317
3.1753919485659354
3.1787910657787406
3.1777306468086133
3.16601123836314
3.16601123836314
3.1671729655533727
3.1746338076531218
3.1746338076531218
3.1590408807433086
3.169720110954608
3.169720110954608
3.197787296017714
3.1671745138116796
3.1671745138116796
3.1594224184406405
3.1754126071369737
3.1754126071369737
3.1783119174934082
3.1786325864351666
3.1786325864351666
3.1786325864351666
3.185443512295186
3.185443512295186
3.185443512295186
3.1764025432224807
3.1764025432224807
3.1764025432224807
3.1797611234600933
3.1797611234600933
3.1835755383259343
3.20879704348577
3.213461789625725
3.2163589064350444
3.220404230350112
3.220404230350112
3.200329526441351
3.2068577364123043
3.2068577364123043
3.193955076508924
3.193955076508924
3.1876413494652023
3.1876413494652023
3.1873884552736653
3.1873884552736653
3.1849549898861955
3.175024260642268
3.187479102207476
3.199925107313687
3.181627183176983
3.181627183176983
3.1924447399175424
3.1924447399175424
3.1924447399175424
3.1924447399175424
3.2074340637853975
3.2074340637853975
3.2074340637853975
3.205749318584198
3.213397260629766
3.2264404588243343
3.2278210707787385
3.2278210707787385
3.2008890052798917
3.2008890052798917
3.2094875840317574
3.2094875840317574
3.2111543222382366
3.234616651338269
3.2411983210391657
3.223683871553559
3.2367675567492045
3.2367675567492045
3.2173023363921454
3.2173023363921454
3.2014684750661586
3.2014684750661586
3.2094840454490603
3.217883103727285
3.217883103727285
3.2179286140709378
3.2013351156303145
3.2141244536732314
3.2141244536732314
3.211555205383994
3.205873082653337
3.203612451202093
3.207200199135463
3.207200199135463
3.19519140575987
3.2123664844845066
3.2255694423818286
3.2255694423818286
3.2255694423818286
3.207403974969965
3.203192238114556
3.203192238114556
3.203192238114556
3.1973390157703667
3.1955055335032996
3.190293790082044
3.188780567811608
3.2014403388966497
3.2014403388966497
3.196513224057199
3.196513224057199
3.1965637285233703
3.1965637285233703
3.206237188769204
3.209334624996975
3.209334624996975
3.209334624996975
3.1945919038311037
3.1945919038311037
3.1890963337467935
3.1910165597415103
3.1910165597415103
3.1910165597415103
3.1884097245714678
3.190823391186115
3.190823391186115
3.2071312785283563
3.201962875148311
3.201887877968285
3.222884215835375
3.2225507000216753
3.227911178342404
3.227911178342404
3.213007255453998
3.214627977786575
3.223392438830235
3.223392438830235
3.2221384143630316
3.2211739911379444
3.2211739911379444
3.2211739911379444
3.2274694189758253
3.2493214927963856
3.230433876488429
3.230433876488429
3.230433876488429
3.2299545087340764
3.2299545087340764
3.2299545087340764
3.2445286690727766
3.2719269558989574
3.2291908978380577
3.224808963745788
3.2240589153285444
3.2325687334915445
3.2325687334915445
3.2217324470325552
3.219843404893534
3.2068956300124403
3.2068956300124403
3.2068956300124403
3.22670006585132
3.22670006585132
3.22670006585132
3.22670006585132
3.1982080187412163
3.2230015786292996
3.233267141285831
3.1923004531242998
3.1826699766280977
3.1797649322013055
3.1797649322013055
3.1797649322013055
3.1797649322013055
3.1797649322013055
3.1797649322013055
3.184242223460483
3.184242223460483
3.194741148308469
3.194741148308469
3.2068588483955573
3.1983736224563257
3.1983736224563257
3.1957131223743955
3.1957131223743955
3.179730269631576
3.171882264182085
3.171882264182085
3.1665431147686425
3.1550157066755795
3.1550157066755795
3.1817529379418454
3.180918537275247
3.1844563574129854
3.1844563574129854
3.1844563574129854
3.1844563574129854
3.1777444517545326
3.1777444517545326
3.18631666765812
3.18631666765812
3.18631666765812
3.182037901011761
3.177378062921094
3.177378062921094
3.177378062921094
3.1945454309536623
3.215603132340629
3.215603132340629
3.2109967148690752
3.2109967148690752
3.2095622976506224
3.213853134449259
3.213853134449259
3.2257646761518077
3.2257646761518077
3.2257646761518077
3.204098311661147
3.204098311661147
3.204098311661147
3.2003874080613794
3.216854126551805
3.216854126551805
3.222005521192287
3.222005521192287
3.189580553126081
3.189580553126081
3.1722360083085355
3.1722360083085355
3.174810585035075
3.174810585035075
3.1673545546352497
3.192707997572062
3.1976781536854424
3.1976781536854424
3.1889966365136346
3.1889966365136346
3.196356040201688
3.196356040201688
3.196356040201688
3.196845697239222
3.18511098147339
3.18511098147339
3.1730738231009203
3.184161386105629
3.184161386105629
3.191254343506134
3.191254343506134
3.191254343506134
3.1643608024944707
3.1643608024944707
3.195691889167061
3.1969434378403445
3.1710946254583297
3.1710946254583297
3.1710946254583297
3.169846960733041
3.1979764106782813
3.175733840183004
3.175733840183004
3.1705311678296013
3.164705491579321
3.164705491579321
3.164705491579321
3.164705491579321
3.1929476790229514
3.1833923781195708
3.1931306525918406
3.1768054920954696
3.161813370585379
3.1778936498958488
3.2045742981700926
3.193092977939967
3.1873511870309335
3.197182806500678
3.203088735663135
3.186102674516761
3.194036463517453
3.213519317280177
3.213519317280177
3.213519317280177
3.2102331367922856
3.2139143748419436
3.208788721506672
3.208788721506672
3.2034638667185615
3.2034638667185615
3.201451738517761
3.1807545826888632
3.187507286116628
3.1902835880604417
3.199538890900839
3.2065599791771544
3.195222009405511
3.195222009405511
3.195222009405511
3.1900398084354697
3.1765276429898
3.2071579780638424
3.2071579780638424
3.2071579780638424
3.226819170289151
3.216723512450437
3.2118225057599417
3.2118225057599417
3.2149022088817945
3.210587629387907
3.2072440488727683
3.195657090633394
3.2015082428874093
3.2015082428874093
3.2015082428874093
3.187400843993689
3.187400843993689
3.187400843993689
3.187400843993689
3.1891747547325777
3.1891747547325777
3.175233275156831
3.175233275156831
3.169784582230195
3.180647278735457
3.180647278735457
3.180647278735457
3.1644761556741674
3.1644761556741674
3.1691476267625456
3.166222334080433
3.175821268323964
3.175821268323964
3.171576665047243
3.171576665047243
3.171576665047243
3.144551444229087
3.144551444229087
3.141179167007285
3.141179167007285
3.141179167007285
3.141179167007285
3.1379993882849524
3.1609940519194586
3.1651298606021356
3.180114315589792
3.200540865356762
3.1966840704432853
3.1791682174022533
3.2011738311382754
3.1961420955629576
3.224735366662422
3.221439028227252
3.2156660089058824
3.20598764383067
3.209366626465199
3.209366626465199
3.1909698090980383
3.1909698090980383
3.189559408265226
3.189559408265226
3.189559408265226
3.189559408265226
3.189559408265226
3.1555698485502495
3.171547475375898
3.1996738245233534
3.1996738245233534
3.178383888608629
3.1920320643269746
3.1920320643269746
3.185626917126325
3.185175037345409
3.1926168042918546
3.198979858620571
3.198979858620571
3.1983216835213537
3.1983216835213537
3.2052410289042736
3.2032898626281443
3.1917694094310156
3.2053471920182286
3.1934611431106608
3.199742355034436
3.199742355034436
3.199742355034436
3.196166953683684
3.196166953683684
3.196166953683684
3.196166953683684
3.196166953683684
3.2049227607485333
3.2049227607485333
3.200748499550204
3.1986638720006986
3.1986638720006986
3.206458748928617
3.206458748928617
3.206458748928617
3.2105395477724223
3.22363517109795
3.2223710730227113
3.2223710730227113
3.223881132216121
3.223881132216121
3.223881132216121
3.223881132216121
3.2167992255626117
3.2238550345491346
3.234893807894808
3.2371131354150133
3.2371131354150133
3.2253053137973584
3.2253053137973584
3.2253053137973584
3.2253053137973584
3.2229260470814283
3.2012767900769212
3.185341864326104
3.1597968223836475
3.1597968223836475
3.1597968223836475
3.182055333003348
3.182055333003348
3.182055333003348
3.157821472340314
3.157821472340314
3.157821472340314
3.1599701153570514
3.1643069342329437
3.15402667379944
3.15402667379944
3.1497667802268747
3.1497667802268747
3.159703716966335
3.1644365113624997
3.1709945211595016
3.190777572253254
3.190777572253254
3.190777572253254
3.1853306526508827
3.180920187539354
3.180920187539354
3.1829741856476765
3.1829741856476765
3.1782263912902047
3.206358563231135
3.206358563231135
3.206358563231135
3.206358563231135
3.1812548483227885
3.1812548483227885
3.1823939560935703
3.1823939560935703
3.161042053733158
3.1740132329242936
3.1891390489474123
3.202184433817465
3.202184433817465
3.201983100264409
3.192865245662938
3.1982696532761326
3.202134884135038
3.202134884135038
3.2291654993988907
3.227499961869312
3.203535069359724
3.2030147004516536
3.19098692941617
3.19098692941617
3.19098692941617
3.1934076745510116
3.191078454400089
3.191078454400089
3.2076767979393095
3.2076767979393095
3.2076767979393095
3.192970665393449
3.192970665393449
3.192970665393449
3.192970665393449
3.1879036865019277
3.1879036865019277
3.1879036865019277
3.203517974211595
3.203517974211595
3.2046921648454085
3.177826854558329
3.1918371858268815
3.1816832731610316
3.1815002747875103
3.1815002747875103
3.164664400479705
3.168472453758101
3.168472453758101
3.1909908422654696
3.1822361925160796
3.1822361925160796
3.188022359605875
3.1893715846692308
3.1900571665859987
3.1951698670305677
3.1951698670305677
3.1933267702677246
3.1933267702677246
3.2108147875146242
3.215722631101326
3.2039261092820306
3.207898380557382
3.217527153738534
3.2101835631717717
3.2101835631717717
3.2101835631717717
3.2101835631717717
3.2101835631717717
3.221941901443727
3.207267961570561
3.207267961570561
3.2009917328574065
3.2102664907571543
3.2102664907571543
3.2102664907571543
3.2099354063598478
3.2099354063598478
3.2099354063598478
3.2099354063598478
3.2099354063598478
3.16607800539375
3.16607800539375
3.199960902619445
3.199960902619445
3.199960902619445
3.213376331869857
3.213376331869857
3.213376331869857
3.212683704663559
3.202293813962339
3.202293813962339
3.1892325851536274
3.1892325851536274
3.1892325851536274
3.1892325851536274
3.191233501221818
3.191233501221818
3.2077516672455726
3.203966144661017
3.203966144661017
3.203966144661017
3.1693926870772193
3.180141645123587
3.180141645123587
3.1821639257701637
3.176939158227421
3.1932130008762725
3.1932130008762725
3.190446146753335
3.190446146753335
3.190446146753335
3.184842790020718
3.184842790020718
3.1909935078088867
3.1853451184785806
3.2094166671995046
3.202394985188344
3.202394985188344
3.202394985188344
3.202394985188344
3.1923742808698856
3.1923742808698856
3.1923742808698856
3.1923742808698856
3.1923742808698856
3.226512112863434
3.223878169616584
3.212317391002708
3.215834893521288
3.215834893521288
3.216776023279753
3.231656730929128
3.2152048265675885
3.2152048265675885
3.2227427872898713
3.2207983323622926
3.224833795551031
3.224833795551031
3.224833795551031
3.224833795551031
3.222271857775019
3.231932094421364
3.231932094421364
3.2279042725816347
3.2353540623061905
3.2242241735138393
3.2242241735138393
3.223427525795148
3.223427525795148
3.2188295750005547
3.217305193712875
3.217305193712875
3.217305193712875
3.2209056398173073
3.2209056398173073
3.2209056398173073
3.225828288883982
3.225828288883982
3.2124891123312294
3.2124891123312294
3.223220150654353
3.2165265552636946
3.197046435367003
3.197046435367003
3.2047057017729803
3.2047057017729803
3.2199201416279952
3.2199201416279952
3.2318508165883246
3.2318508165883246
3.2318508165883246
3.233362318708482
3.233362318708482
3.215553383834746
3.215553383834746
3.215553383834746
3.215553383834746
3.2288294475329318
3.2149126538068975
3.209023380194908
3.2036040523836324
3.202947136850453
3.2211974098381613
3.1935446717916682
3.1935446717916682
3.195158153096611
3.194855776896665
3.194855776896665
3.194855776896665
3.195599483209354
3.195599483209354
3.1760975984517477
3.175944208298833
3.214541040642961
3.214541040642961
3.2097687362561476
3.2097687362561476
3.185546322427711
3.1794405299846527
3.2155790196341987
3.2155790196341987
3.2155790196341987
3.2155790196341987
3.2240235038342635
3.2240235038342635
3.2240235038342635
3.223353233105454
3.223353233105454
3.2276485409786924
3.2276485409786924
3.2201032759980848
3.21346051816283
3.21346051816283
3.233239932515274
3.233239932515274
3.233239932515274
3.232363711539087
3.2410637582130715
3.242498989659877
3.223363652343571
3.232154889954394
3.232154889954394
3.232154889954394
3.232893702558007
3.232893702558007
3.232893702558007
3.23620302213528
3.229283948879958
3.229283948879958
3.229283948879958
3.229283948879958
3.251550302505977
3.232125542574663
3.2494320578122653
3.2537026306884944
3.239153756185638
3.212642301486867
3.212642301486867
3.21276590528406
3.2432677376717445
3.230952602857767
3.2528905102136836
3.2314652594772206
3.2367138223870495
3.2127828348405045
3.2127828348405045
3.2127828348405045
3.2127828348405045
3.2127828348405045
3.199877342631296
3.199877342631296
3.1983363616278453
3.1968722427543614
3.1992151623307516
3.1992151623307516
3.2049100226998295
3.199061791653766
3.1885933850695665
3.1944251828575836
3.198269441634108
3.2198352632034624
3.2055216068234538
3.215249026058402
3.1987599785011107
3.1987599785011107
3.1987599785011107
3.22398114752634
3.222275683377981
3.222275683377981
3.2158583638513427
3.1919594224533334
3.185437894847176
3.185437894847176
3.176321598019324
3.190078997650114
3.190078997650114
3.190078997650114
3.1762054299416294
3.1757565331542166
3.1757565331542166
3.176809489253074
3.176809489253074
3.1927796235858272
3.1927796235858272
3.1927796235858272
3.20043483774221
3.20043483774221
3.20043483774221
3.2051474488875455
3.2051474488875455
3.2120088762490977
3.1847243146408917
3.179612681157402
3.1827926849802894
3.1827926849802894
3.1827926849802894
3.1827926849802894
3.1866304931147282
3.182423111388178
3.2028854156386837
3.2028854156386837
3.2028854156386837
3.204945741148018
3.204945741148018
3.212745477520686
3.2119105572465
3.2119105572465
3.2067460176101408
3.2067460176101408
3.2067460176101408
3.201025370194307
3.1815240521911172
3.188606924678746
3.188606924678746
3.1832035852595397
3.1832035852595397
3.182259371513548
3.182259371513548
3.17502139780646
3.17502139780646
3.1696450803473
3.163860865447385
3.1688861512238224
3.187982090989312
3.187982090989312
3.1644986640681205
3.1557331979940946
3.166648514373833
3.182619655453308
3.1787338818091726
3.1787338818091726
3.158642629040003
3.1727804468937273
3.174814021398417
3.174814021398417
3.174814021398417
3.1654318444497007
3.1654318444497007
3.1589096590694092
3.1536608977186025
3.171666631046518
3.185950140893606
3.1745108887220996
3.170534865744193
3.170534865744193
3.170534865744193
3.170534865744193
3.166578815185643
3.166578815185643
3.152433848761249
3.152433848761249
3.1871546354657285
3.1707028634614014
3.167320321623124
3.1661039601271934
3.187993279622797
3.195884227943361
3.195884227943361
3.202860027646183
3.1817941178682836
3.1817941178682836
3.223741424569348
3.2337310741152057
3.2337310741152057
3.2222784595814304
3.212323786658973
3.2211700770817084
3.213343557846295
3.213343557846295
3.213343557846295
3.2239626246261097
3.2239626246261097
3.2238132273057762
3.2228993389755765
3.2228993389755765
3.2380851871866057
3.2380851871866057
3.2380851871866057
3.2380851871866057
3.207567328961077
3.2000709396545863
3.2000709396545863
3.2000709396545863
3.2306558937145313
3.2306558937145313
3.2269192102668756
3.1996536207541406
3.2040455758453468
3.2040455758453468
3.2040455758453468
3.2040455758453468
3.1654271635426903
3.1654271635426903
3.178714595334772
3.1755440616600428
3.1755440616600428
3.1755440616600428
3.1677361967605746
3.1647061521571116
3.158951570446362
3.158208871390621
3.158208871390621
3.165179709312251
3.165179709312251
3.19931513579015
3.197569545672134
3.204246883552372
3.1899749144104566
3.18779010881729
3.1913206552182665
3.1913206552182665
3.1899489652169604
3.1868300122058115
3.1868300122058115
3.182946307005276
3.18319758041323
3.18319758041323
3.18319758041323
3.1888430021105174
3.1888430021105174
3.1885615541639085
3.1885615541639085
3.1885615541639085
3.183373220244772
3.183373220244772
3.1629994023400396
3.170373405249184
3.1509317847240705
3.16857119899996
3.16857119899996
3.16857119899996
3.16857119899996
3.169408523370603
3.156444763161769
3.168903886009428
3.168903886009428
3.168903886009428
3.149951477764261
3.1759602357204484
3.168141493928729
3.168141493928729
3.1708813571051255
3.1684220676980503
3.1684220676980503
3.1575085502155056
3.1575085502155056
3.144633683181815
3.1414694947263726
3.169098647512119
3.188766845933591
3.188766845933591
3.188980481336409
3.17943233949955
3.17943233949955
3.1996333981283462
3.1996333981283462
3.1931356155961734
3.204973057675307
3.204973057675307
3.204973057675307
3.1975169200368327
3.199845772198082
3.1823280537674843
3.1823280537674843
3.1823280537674843
3.1836451511276844
3.1827989164794537
3.1710893943176393
3.1912023936853715
3.1912023936853715
3.1912023936853715
3.2038028522565103
3.2038028522565103
3.2038028522565103
3.2038028522565103
3.1851424519501625
3.1851424519501625
3.1781879648002915
3.194319665726179
3.205163417403302
3.183385446699189
3.183385446699189
3.177780437642589
3.2086892074688156
3.2051746062983235
3.1916312742975346
3.192160124483552
3.2192630185369335
3.2192630185369335
3.2192630185369335
3.2192630185369335
3.200504248834161
3.195870596828862
3.191323697911441
3.1909167696664174
3.1909167696664174
3.1803382480223354
3.1803382480223354
3.1829805744313697
3.1829805744313697
3.1905311404439756
3.1905311404439756
3.1980141232418706
3.1956722294847406
3.1985947008365727
3.2133949626883522
3.1985818501065633
3.2057422984599713
3.2057422984599713
3.2057422984599713
3.1998339624181646
3.1998339624181646
3.190029396777994
3.190029396777994
3.190013014710107
3.179373351758915
3.179373351758915
3.179373351758915
3.196274120084089
3.2043790242272667
3.2043790242272667
3.18403420549237
3.18403420549237
3.18403420549237
3.1961984911511556
3.2037826963418516
3.1812081867195023
3.1925142612711896
3.193727165516847
3.193727165516847
3.179304687064366
3.1963138124749078
3.2075991774873582
3.2075991774873582
3.2075991774873582
3.2075991774873582
3.2069962324423082
3.20708513022781
3.20708513022781
3.1794748475499786
3.188495189552217
3.1958269809246733
3.1958269809246733
3.223263641818057
3.223263641818057
3.2168025870120593
3.1989870789459047
3.1989870789459047
3.1989870789459047
3.1989870789459047
3.196995171941012
3.2256271679634803
3.2194556590408117
3.2102661405255937
3.2102661405255937
3.1769638311519435
3.1663843961140348
3.18666759549835
3.16412457790953
3.1927122853765804
3.1927122853765804
3.2029169264123536
3.191231659246219
3.2224812922469654
3.1845036133969566
3.1845036133969566
3.1729733960273236
3.1729733960273236
3.177592377066916
3.1856581795489665
3.1856581795489665
3.1856581795489665
3.186599141947354
3.186599141947354
3.180400271398365
3.180400271398365
3.182103071082373
3.182103071082373
3.18503639316991
3.18503639316991
3.1657790122497014
3.1657790122497014
3.1657790122497014
3.1824723622800772
3.1824723622800772
3.2056993685063966
3.2056993685063966
3.20281407885803
3.20281407885803
3.2203147793279903
3.2209212780341767
3.214654928306102
3.1939894734412357
3.1939894734412357
3.1939894734412357
3.21182887965588
3.2203953883097793
3.206452180356584
3.1979608530405996
3.201326178045511
3.1898806365364996
3.208834277089131
3.207520256345196
3.204354467916208
3.204354467916208
3.1713792642467546
3.1713792642467546
3.1713792642467546
3.1742091433545245
3.1739012201016448
3.1772134294601457
3.1772134294601457
3.1772134294601457
3.1782406095168017
3.1782406095168017
3.177660536213195
3.1729090595975924
3.1729090595975924
3.1789810269910665
3.1789810269910665
3.1789810269910665
3.190173713176666
3.194693487732713
3.194693487732713
3.194693487732713
3.17292695098778
3.1629022346834277
3.169682849551019
3.169682849551019
3.1766506770804646
3.1653189041842498
3.1653189041842498
3.1945567812796005
3.2039203185522234
3.2198203112338257
3.196719549263928
3.196719549263928
3.1696255390829484
3.1875083398750053
3.1875083398750053
3.1875083398750053
3.1875083398750053
3.1875083398750053
3.1930160851524065
3.1903711447919054
3.1919486860819273
3.1827521425516707
3.1827521425516707
3.194558420990162
3.194558420990162
3.194558420990162
3.2126215431404845
3.1874592349163904
3.17637164295912
3.182476093735426
3.1946939569966046
3.1940580760813604
3.206364230687958
3.206364230687958
3.197173007255722
3.2019507951658555
3.2046853040343186
3.2046853040343186
3.2046853040343186
3.2019116422924476
3.1844887481161126
3.1844887481161126
3.1918973842663996
3.1918973842663996
3.1918973842663996
3.198795292369434
3.198795292369434
3.2000969794628094
3.1901514687546557
3.1901514687546557
3.1901514687546557
3.1901514687546557
3.2071794596274237
3.2071794596274237
3.1914178372386766
3.1914178372386766
3.1820731695743882
3.1836167315769264
3.203601853873245
3.1888285824052995
3.1888285824052995
3.1788953306761134
3.2018902836535554
3.2053033073667216
3.2053033073667216
3.20235384756199
3.1937082327391813
3.1937082327391813
3.1939135905986564
3.1939135905986564
3.201003822989841
3.190516437805388
3.190516437805388
3.188162987397823
3.188162987397823
3.1884941414932815
3.1932436406968097
3.1800647413954284
3.1800647413954284
3.1800647413954284
3.174669897253595
3.1655095457609446
3.1655095457609446
3.1813006384109785
3.1813006384109785
3.161188441315464
3.161188441315464
3.1572215196064413
3.1489460526272612
3.1736485554384193
3.1698061218958795
3.173722659369424
3.173722659369424
3.160601379063592
3.160601379063592
3.1508960011434537
3.1508960011434537
3.1563948645774245
3.1709308468451285
3.1709308468451285
3.186252599484277
3.186252599484277
3.198627927238684
3.198627927238684
3.198627927238684
3.198627927238684
3.198627927238684
3.1951360608050297
3.1951360608050297
3.1951360608050297
3.1868338409345482
3.1868338409345482
3.1868338409345482
3.1868338409345482
3.174747104529768
3.1742104191574825
3.1752049564029874
3.1752049564029874
3.180985014253532
3.1927544292214245
3.1927544292214245
3.2185904174002857
3.2185904174002857
3.213228613699487
3.2006671647652376
3.2029079435670287
3.1953766319380836
3.1953766319380836
3.215186775630569
3.2016843004049926
3.214934672341525
3.214934672341525
3.214934672341525
3.214934672341525
3.2112382351138216
3.2112382351138216
3.204678694543105
3.204678694543105
3.202728166115211
3.1929691900537374
3.1929691900537374
3.2082236386168215
3.1851794583502504
3.1851794583502504
3.1851794583502504
3.189169604772117
3.181235326583421
3.193250305128783
3.1836375833604684
3.1873792416095483
3.1873792416095483
3.1873792416095483
3.1873792416095483
3.184688860788437
3.214816006156851
3.210833983241625
3.210833983241625
3.1958547813518967
3.1958547813518967
3.2144659335795747
3.2212148459662573
3.2249742392674445
3.2249742392674445
3.2249742392674445
3.2262709443343485
3.2262709443343485
3.2262709443343485
3.2262709443343485
3.2331759475481845
3.2343945286157734
3.2056012936473244
3.2056012936473244
3.2132159059833336
3.2132159059833336
3.2132159059833336
3.2132159059833336
3.2132159059833336
3.191897694666755
3.217734832983427
3.217734832983427
3.2054245324015587
3.2194104424533387
3.236544096201763
3.236544096201763
3.229212746902114
3.229212746902114
3.229212746902114
3.2110920454215597
3.219515035892472
3.2139280357318096
3.238760798599498
3.238760798599498
3.2372492403711752
3.2532633162194324
3.2532633162194324
3.2532633162194324
3.240292446252784
3.237351024404656
3.221723512791041
3.221723512791041
3.2335166132099737
3.2335166132099737
3.2335166132099737
3.2335166132099737
3.238603561076368
3.23664988550785
3.234743238050381
3.234743238050381
3.2232456400702043
3.2006024210109705
3.2006024210109705
3.20826119366847
3.2207024533132698
3.209482457588867
3.2113253617988997
3.2113253617988997
3.2113253617988997
3.2113253617988997
3.2113253617988997
3.2284521953674075
3.232262951418101
3.225488728113322
3.225488728113322
3.2119546105582772
3.212528541480258
3.2258629386592244
3.2428934832432526
3.222291032594112
3.2459630844671357
3.2166428665196136
3.2166428665196136
3.2183151808684447
3.2183151808684447
3.223619757691541
3.2224031944010862
3.2189622421874033
3.2206631397404735
3.2157015889837233
3.229308175109818
3.229308175109818
3.229308175109818
3.229308175109818
3.227081681009657
3.227081681009657
3.2236266634529205
3.2236266634529205
3.218408058723411
3.1991248543332893
3.1991248543332893
3.1991248543332893
3.214592686550107
3.192860014016293
3.192860014016293
3.192860014016293
3.192860014016293
3.192860014016293
3.1889713289355672
3.2108232236676297
3.2108232236676297
3.2108232236676297
3.2108232236676297
3.1985061532775503
3.1985061532775503
3.1985061532775503
3.209429628439932
3.196872132242059
3.1798984413067535
3.1887419886601354
3.1887419886601354
3.1887419886601354
3.183696538490416
3.182102750333319
3.2025298587854447
3.2133232123321442
3.2133232123321442
3.2133232123321442
3.195838013742769
3.1992836872874384
3.208777073588557
3.1914959287016353
3.1914959287016353
3.1914959287016353
3.1897986584023252
3.1897986584023252
3.1805495672639266
3.178416568246929
3.178416568246929
3.1832082492503884
3.1832082492503884
3.1731129476558184
3.192698330177461
3.1900466948087676
3.1942354972761646
3.1942354972761646
3.1942354972761646
3.1902403789475837
3.1913820779690996
3.1995095048118243
3.1995095048118243
3.1966280149965947
3.1966280149965947
3.1811847120170986
3.1743795856531842
3.161907736201862
3.189290931445302
3.189290931445302
3.1830735802692742
3.1830735802692742
3.2158730205753354
3.1803480520737146
3.175411429652597
3.175411429652597
3.175411429652597
3.175411429652597
3.189122056044677
3.184879922274349
3.1798146885225154
3.1798146885225154
3.1875506104467495
3.1875506104467495
3.1801284262525096
3.1801284262525096
3.1639387859552137
3.1618370128532085
3.1618370128532085
3.1618370128532085
3.1618370128532085
3.1594302717754377
3.1550412876645844
3.1550412876645844
3.174346353606753
3.174346353606753
3.179488512994428
3.179488512994428
3.1787875605857816
3.1787875605857816
3.1787875605857816
3.196793936164339
3.1888036973268634
3.1888036973268634
3.1888036973268634
3.1816725222425504
3.1798777643937277
3.1624118033169664
3.169405595212897
3.167409333306408
3.1666282662754157
3.1666282662754157
3.160963479062078
3.1732958758639755
3.1738917631397894
3.1771182393937387
3.1639421090403856
3.1765240194188693
3.175468624316865
3.169696042268563
3.169696042268563
3.17649651129078
3.183251720591516
3.183251720591516
3.183251720591516
3.1706074229457846
3.1706074229457846
3.1525444372883347
3.1658569860190124
3.177385103950601
3.1999647893472623
3.1999647893472623
3.1662174429808534
3.1695885843711977
3.1695885843711977
3.1695885843711977
3.191302245290552
3.191302245290552
3.191302245290552
3.1930160287656166
3.1930160287656166
3.1930160287656166
3.1930160287656166
3.1930160287656166
3.180184676263577
3.180184676263577
3.185909130038823
3.195603461995476
3.1875635159555094
3.1767426656400675
3.1767426656400675
3.1853800691780663
3.210217206365103
3.210217206365103
3.221322168470462
3.221322168470462
3.1859011116938456
3.1859011116938456
3.1859011116938456
3.1859011116938456
3.208197175464496
3.2125225751743707
3.1845066353581752
3.1760615736111304
3.1760615736111304
3.15987998126214
3.159187363397339
3.167089522758278
3.1510552976759723
3.151951034083163
3.17621490630272
3.174606162488275
3.1814949186110533
3.1814949186110533
3.1794362333418555
3.1794362333418555
3.1733878656046337
3.1733878656046337
3.214625379347173
3.175362081307254
3.1936771460032385
3.1945965918278936
3.1945965918278936
3.1815277000508306
3.1815277000508306
3.1779636481119913
3.1779636481119913
3.177466389116378
3.197158781150726
3.1947882670967434
3.1895458225676063
3.191492814521034
3.1765337678974337
3.206972352874677
3.2050463776956564
3.173565201849462
3.1694437647360028
3.1694437647360028
3.1694437647360028
3.165571728720403
3.165571728720403
3.1708342651859365
3.1708342651859365
3.187211618433723
3.194963761679378
3.175889044179479
3.175889044179479
3.1682641141116057
3.192603634617628
3.181285864250069
3.2073350143838844
3.2073350143838844
3.2073350143838844
3.2073350143838844
3.2073350143838844
3.219120838359907
3.219120838359907
3.2134212322800098
3.2134212322800098
3.2099631224989826
3.2099631224989826
3.184021616212529
3.1775275530446736
3.1793357620078906
3.191826245143936
3.191826245143936
3.199010060863144
3.1923086423818146
3.1923086423818146
3.191445774005203
3.191445774005203
3.1791367449640666
3.1895149608049724
3.1895149608049724
3.1895149608049724
3.1948522235969143
3.173577573264155
3.173577573264155
3.17325625494464
3.17325625494464
3.1802678876345722
3.1779414278243845
3.1779414278243845
3.1779414278243845
3.1779414278243845
3.172737500139033
3.172737500139033
3.172737500139033
3.172737500139033
3.181878895736894
3.1887582572632893
3.1887582572632893
3.1769114501665077
3.1769114501665077
3.144251976247022
3.148197167842252
3.136874118945287
3.1314654385988288
3.1233429340061596
3.1233429340061596
3.1233429340061596
3.1233429340061596
3.1427585649174428
3.136352055113065
3.1518749593055517
3.1518749593055517
3.1518749593055517
3.146167598337288
3.15305767940514
3.143966258350938
3.143966258350938
3.150401060538778
3.150401060538778
3.176142608932263
3.170591457420121
3.1713981482639046
3.176487164962864
3.176487164962864
3.176487164962864
3.176487164962864
3.1624726696327117
3.1624726696327117
3.1624726696327117
3.1624726696327117
3.1681098618678067
3.1681098618678067
3.1681098618678067
3.1614345982581904
3.1614345982581904
3.1968666425192493
3.183453320003283
3.1979444267831445
3.175291108380155
3.1829824332503676
3.1829824332503676
3.19346829048979
3.1758785037447215
3.1825972302617958
3.177256561358755
3.177256561358755
3.177256561358755
3.1740395950028164
3.198645529481311
3.1933001671334864
3.179840863855108
3.179840863855108
3.1865973607904707
3.159975759199944
3.16106358722458
3.16106358722458
3.1747170146930674
3.1814544095924746
3.1685916976463857
3.1685916976463857
3.1606835065184766
3.1606835065184766
3.1750416157393895
3.1574732870598337
3.165252866329537
3.1582813801561174
3.158394028917588
3.1601843313285127
3.166398492990585
3.149595040002566
3.166016362146323
3.1827825104672325
3.1827825104672325
3.1810523602172256
3.1810523602172256
3.1810523602172256
3.1810523602172256
3.177453238252709
3.169571023537636
3.1956031083205114
3.1741617861652056
3.1714630328092785
3.1714630328092785
3.166871057659508
3.1632800968392147
3.163599395909472
3.163599395909472
3.163599395909472
3.1610178896448704
3.1771296107537883
3.1581525592606736
3.1581525592606736
3.1581525592606736
3.155346393318304
3.1860214342352995
3.1860214342352995
3.1958336711007935
3.1958336711007935
3.1783466068243893
3.175897490519217
3.175897490519217
3.1713992895438743
3.1713992895438743
3.186646043234331
3.191258424042642
3.191258424042642
3.191258424042642
3.1816045964893402
3.2006304810503496
3.2006304810503496
3.2006304810503496
3.2006304810503496
3.2006304810503496
3.2006304810503496
3.2006304810503496
3.198181183319191
3.2042435043154893
3.2042435043154893
3.2042435043154893
3.2042435043154893
3.1822392716424375
3.1822392716424375
3.1854593638313324
3.1854593638313324
3.1851532282487085
3.1851532282487085
3.1851532282487085
3.1851532282487085
3.1851532282487085
3.178251055161032
3.1788096639149943
3.1788096639149943
3.1788096639149943
3.190975559412276
3.190975559412276
3.190975559412276
3.177191614639393
3.157124033942432
3.157124033942432
3.157124033942432
3.1513208367261463
3.152005348228942
3.150479033206087
3.144212202013433
3.159299201410469
3.176399665082067
3.1689603479916864
3.1365721343590423
3.134252052877548
3.134252052877548
3.125432679080214
3.125432679080214
3.1388654016695257
3.1388654016695257
3.1388654016695257
3.124021531333436
3.1508417225958176
3.1378405091544974
3.1378405091544974
3.1346319496319563
3.1346319496319563
3.1346319496319563
3.1346319496319563
3.1292398955378773
3.129602021616502
3.134707225678016
3.134707225678016
3.1327020765020763
3.1327020765020763
3.1327020765020763
3.1327020765020763
3.1261269589100795
3.133683332282724
3.133683332282724
3.1478328325201743
3.1571695738411143
3.155295308999567
3.152409678834599
3.1577747514378904
3.1577747514378904
3.1469835377342608
3.1469835377342608
3.1469835377342608
3.182338590395652
3.1753360552088514
3.1753360552088514
3.1623914047365713
3.1452501189012714
3.1452501189012714
3.174775287346032
3.175753200442614
3.175753200442614
3.182365289032448
3.182365289032448
3.17994929062483
3.1823050327488462
3.1823050327488462
3.180365484909606
3.1757215468991267
3.188323845153901
3.188323845153901
3.2052155308827888
3.197587375403523
3.1955092063605677
3.2070992990706504
3.208842743907029
3.193539963855243
3.193539963855243
3.216013547305587
3.2150539480816662
3.202289311466152
3.2035658062017363
3.20633199179553
3.20633199179553
3.20633199179553
3.2193725333904295
3.2193725333904295
3.2011195510425776
3.2011195510425776
3.213845407550759
3.210127221534834
3.1961716855607714
3.1961716855607714
3.1961716855607714
3.188646779034857
3.188646779034857
3.188646779034857
3.188646779034857
3.181199953218568
3.181199953218568
3.181199953218568
3.181199953218568
3.181199953218568
3.181199953218568
3.174373187517835
3.1933972015666225
3.1933972015666225
3.1933972015666225
3.19694037855309
3.17747682205404
3.180670233322241
3.182711515854933
3.1917458361461324
3.1696565190671078
3.1849040172321836
3.1849040172321836
3.1849040172321836
3.1849040172321836
3.179611421558492
3.1999901072172965
3.1775555250818677
3.1621241069160626
3.1621241069160626
3.1621241069160626
3.1621241069160626
3.1621241069160626
3.1621241069160626
3.153115560539776
3.176814405528975
3.161020161544498
3.1592801688113745
3.1592801688113745
3.169801137124365
3.169801137124365
3.1881590031089444
3.1881590031089444
3.164297849641422
3.164297849641422
3.164297849641422
3.164297849641422
3.1679133588456754
3.162516937413558
3.1713646987788744
3.1782274926519034
3.1782274926519034
3.1782274926519034
3.1851558489808873
3.1851558489808873
3.1851558489808873
3.1851558489808873
3.194335806472703
3.194335806472703
3.194335806472703
3.194335806472703
3.194335806472703
3.1965112225144283
3.1965112225144283
3.1965112225144283
3.192710429571128
3.192710429571128
3.2130742679478184
3.2050335703680823
3.2050335703680823
3.205280142570475
3.205280142570475
3.205280142570475
3.205280142570475
3.191566442543087
3.191566442543087
3.1985905124308105
3.1973821020927113
3.2103385284478065
3.2103385284478065
3.2103385284478065
3.2012288759832574
3.2018686893350963
3.18641129159026
3.1813430772139797
3.2018359077601244
3.2018359077601244
3.2018359077601244
3.190244287212917
3.202835625460447
3.184376676021892
3.184376676021892
3.2038730630749637
3.1957701499396536
3.2064852316330614
3.2064852316330614
3.2064852316330614
3.2273530282959983
3.2220542848914118
3.2220542848914118
3.2220542848914118
3.2227409627458465
3.2246407866096756
3.2116235042035
3.183580987824297
3.183580987824297
3.183580987824297
3.223825696145553
3.2358084954782256
3.2358084954782256
3.2358084954782256
3.2358084954782256
3.2358084954782256
3.2358084954782256
3.218495039096379
3.2044917015401304
3.2044917015401304
3.2030564729515576
3.2023400593421876
3.2023400593421876
3.2023400593421876
3.2023400593421876
3.2023400593421876
3.1983665171241613
3.1996681901775212
3.1996681901775212
3.1996681901775212
3.2018652871297735
3.2018652871297735
3.2018652871297735
3.1808388011849917
3.1808388011849917
3.1798385301174985
3.180070227042166
3.184596068320748
3.184596068320748
3.170269167892
3.170269167892
3.170269167892
3.170269167892
3.170269167892
3.1556741287917833
3.1584556247312037
3.156996319236791
3.164440514045006
3.164440514045006
3.163917541147237
3.1669497519511203
3.1870974334525095
3.1870974334525095
3.191610057241937
3.1835685302122068
3.1835685302122068
3.18025764387434
3.1793531715355683
3.1793531715355683
3.1793531715355683
3.1793531715355683
3.1793531715355683
3.1764095737319824
3.17129637887626
3.17129637887626
3.17129637887626
3.192956047074507
3.1921265693220486
3.1921265693220486
3.195745280151321
3.195745280151321
3.199707230265239
3.199707230265239
3.2102741721990085
3.2156668301947025
3.2156668301947025
3.2156668301947025
3.2156668301947025
3.189204165698522
3.189204165698522
3.19339036305875
3.2043025814315196
3.2061944290290376
3.2061944290290376
3.1958367284536986
3.1958367284536986
3.1809219700268936
3.198905716158946
3.198905716158946
3.1922199596341243
3.2071422836662817
3.2071422836662817
3.2071422836662817
3.206499361396968
3.19517200798852
3.19517200798852
3.19517200798852
3.209924615667158
3.2123753948989653
3.2055377413351316
3.1967947957963023
3.176842068232537
3.1828961324250282
3.1828961324250282
3.1573982558472355
3.1573982558472355
3.1547206678214654
3.1846529987072785
3.1772274498221247
3.18355756700157
3.1970939772373637
3.1970939772373637
3.183204666296566
3.1850128541305613
3.2046699112112345
3.1939996862246223
3.1916530269694725
3.190137417613965
3.195216227726009
3.188714057181277
3.192876570563998
3.192770905179945
3.192770905179945
3.1791732535597137
3.1791732535597137
3.183071269111449
3.183071269111449
3.183071269111449
3.1609093250874576
3.1589811612701957
3.1633393992061953
3.1633393992061953
3.180500513849142
3.1746420361849967
3.1746420361849967
3.177050081450567
3.177050081450567
3.196736339530735
3.196736339530735
3.196736339530735
3.202831948283104
3.202831948283104
3.202831948283104
3.208112574393147
3.208112574393147
3.208112574393147
3.208112574393147
3.208112574393147
3.212260483163887
3.2061103846627192
3.2061103846627192
3.190406806052094
3.1978894988907016
3.205425762845356
3.1869040052520363
3.1869040052520363
3.1869040052520363
3.1869040052520363
3.198359614341753
3.2203938099358345
3.220967917942454
3.2174327216412264
3.2174327216412264
3.208886930735007
3.208886930735007
3.208886930735007
3.2115910597504795
3.2094522241721735
3.2103243489953384
3.200229237979993
3.181528508476229
3.197237979555581
3.197237979555581
3.1761658136671955
3.1812901694798894
3.1812901694798894
3.1809465392010066
3.1879667910196807
3.1879667910196807
3.189964959895548
3.1793745442051953
3.1805480776679227
3.1909768567235726
3.1909768567235726
3.156819090496949
3.180773846715135
3.1791121384997933
3.193694109976212
3.181669923557358
3.1900144589076156
3.180785699139247
3.1798326321004757
3.2090707249412307
3.2252725506664275
3.2252725506664275
3.2256114280806147
3.2108394605053627
3.1956662451829168
3.1940535217268664
3.2284201763405203
3.1966364799500444
3.196541473663391
3.196541473663391
3.193013118638338
3.2221356804877965
3.224712470904986
3.235997324062541
3.2212590826058585
3.205857421586899
3.205657463283925
3.205657463283925
3.205657463283925
3.2060005265380536
3.2060005265380536
3.2337443662176466
3.2337443662176466
3.2337443662176466
3.2379241227190185
3.2379241227190185
3.223653724212192
3.21735918781567
3.2018494527728976
3.2018494527728976
3.2018494527728976
3.2018494527728976
3.191731790931227
3.191731790931227
3.1729531682072447
3.1926821118019304
3.1949023713668043
3.1949023713668043
3.194206410889604
3.222521380140698
3.1860061435718525
3.1860061435718525
3.206226760739329
3.2089107479581394
3.189294378199794
3.189294378199794
3.189294378199794
3.189294378199794
3.198784586052579
3.217407388472071
3.217407388472071
3.2025127351259655
3.2025127351259655
3.2161872158723406
3.218493096614814
3.2258742544100882
3.2257802177106827
3.2282450710788897
3.2282450710788897
3.2384001377475973
3.2310011101845104
3.222018558861436
3.232321492938357
3.232321492938357
3.232321492938357
3.2055971154226652
3.2162751831364282
3.2162751831364282
3.2162751831364282
3.2055600238424455
3.2039157281341413
3.2039157281341413
3.183033539454433
3.191498873533284
3.191498873533284
3.2184515006513643
3.2184515006513643
3.2380231724310846
3.2259673281459613
3.2259673281459613
3.2199236880000357
3.205189059189384
3.205189059189384
3.2036889828005615
3.201466468127007
3.2100532085528735
3.20587027686293
3.20587027686293
3.1913113093293606
3.2151014991216935
3.2226122122797696
3.2226122122797696
3.223514126746994
3.2112582462185593
3.2112582462185593
3.2400571225272103
3.2400571225272103
3.2400571225272103
3.250440075956954
3.250440075956954
3.250440075956954
3.250440075956954
3.2173676710247867
3.2286502695503576
3.2286502695503576
3.186972999622778
3.203358445753691
3.203358445753691
3.203358445753691
3.203358445753691
3.2272531769649486
3.2351312189144217
3.2351312189144217
3.2290816450529096
3.216651706765111
3.222272942459719
3.222272942459719
3.219361836077555
3.219361836077555
3.219361836077555
3.196797804247905
3.1986053106503873
3.1986053106503873
3.1966174658428894
3.2006048599968238
3.202476491396615
3.2024321707869534
3.199758690617183
3.203621524060392
3.203621524060392
3.203621524060392
3.203621524060392
3.203621524060392
3.203621524060392
3.201002790503591
3.1789024136891184
3.175419244795438
3.175419244795438
3.175419244795438
3.1905582253803084
3.192896913627902
3.192896913627902
3.192896913627902
3.1885516987139626
3.1885516987139626
3.1885516987139626
3.1885516987139626
3.1959447310809876
3.181469486265663
3.181469486265663
3.181469486265663
3.181469486265663
3.2065430821210716
3.2065430821210716
3.2065430821210716
3.2141724549321937
3.2056465250520225
3.1920438368714064
3.2102123588627896
3.2124807356829965
3.186261583227608
3.186261583227608
3.186261583227608
3.172002484136894
3.172002484136894
3.1706806500363105
3.1706806500363105
3.1696257066516593
3.175138578753897
3.175138578753897
3.175138578753897
3.193101986482465
3.193101986482465
3.2173383591060136
3.2173383591060136
3.2173383591060136
3.2249271181634693
3.212316309262659
3.2252783603301363
3.223564247281142
3.2306085626849357
3.2215072079514178
3.2215072079514178
3.2179872033108827
3.201708043044603
3.201708043044603
3.201708043044603
3.201708043044603
3.207769012353328
3.209286140028861
3.2096010074361687
3.210311700909131
3.210311700909131
3.210311700909131
3.198744717809516
3.198744717809516
3.198744717809516
3.198744717809516
3.198744717809516
3.198744717809516
3.1996101197809703
3.2010245803720627
3.192474543206002
3.192474543206002
3.192474543206002
3.192474543206002
3.1648827759080307
3.144104924983205
3.144104924983205
3.143435521660484
3.143435521660484
3.148024336721928
3.148024336721928
3.1584504467562584
3.1622017069133355
3.1622017069133355
3.160200518266609
3.160200518266609
3.162364678128864
3.162364678128864
3.162364678128864
3.162364678128864
3.169033280385017
3.1577756426913655
3.166832115766132
3.166832115766132
3.166832115766132
3.1553510815560832
3.14054058394932
3.1449994983069622
3.1426444003726295
3.1395888898377207
3.145921176210981
3.1544157682107636
3.170451342412877
3.164508130131751
3.164508130131751
3.164508130131751
3.1558063413430393
3.1558063413430393
3.1558063413430393
3.1558063413430393
3.1558063413430393
3.1558063413430393
3.1683416774662505
3.1810014423666972
3.195406826383947
3.1672739532091665
3.1844223969252803
3.195754644763245
3.183374811215131
3.1765007364799005
3.172504716151638
3.170096541313973
3.158423083674455
3.1640768404136144
3.169773879688688
3.159176822771957
3.148340382618964
3.161906343869678
3.1861275713092723
3.1861275713092723
3.1861275713092723
3.194545529647106
3.1863007922927418
3.1748319938004954
3.1743066312353245
3.178626217120046
3.158499442516888
3.158499442516888
3.158499442516888
3.1858022357435076
3.1867043821775325
3.1894764197400556
3.1894764197400556
3.1957478495744844
3.201422165826401
3.1919915688884624
3.1919915688884624
3.1919915688884624
3.191402234148357
3.2069818655476836
3.1848685411648945
3.1848685411648945
3.1720933008279792
3.1720933008279792
3.1720933008279792
3.193060206950726
3.193060206950726
3.186100228749623
3.1935658496879538
3.1960529561500817
3.1960529561500817
3.2024669798829404
3.2081175160163524
3.203216687938379
3.1985208779873613
3.1985208779873613
3.186609687880899
3.186609687880899
3.186609687880899
3.212875796614809
3.192159248971204
3.192159248971204
3.192159248971204
3.1968248842064058
3.1968248842064058
3.2024451947721855
3.2029128562190503
3.2029128562190503
3.2029128562190503
3.2180874869364486
3.2180874869364486
3.203641900314373
3.1948539297386174
3.1948539297386174
3.197086724205026
3.1907651906045316
3.203638790422621
3.2203825746190438
3.2212050650191686
3.207644974803717
3.209166856470077
3.209166856470077
3.209166856470077
3.2084380001684245
3.224506065341863
3.2412340794137755
3.2344171658876566
3.21173187497716
3.210734343313407
3.2024077855992372
3.1900573655140847
3.1900573655140847
3.1900573655140847
3.212451477320835
3.2124349829249095
3.2124349829249095
3.215364502884499
3.192217244589372
3.1788210959564607
3.1788210959564607
3.176085329540838
3.176085329540838
3.176085329540838
3.186081629889739
3.186081629889739
3.1921352866657533
3.1921352866657533
3.2013391790615437
3.2013391790615437
3.1960623213281183
3.196213386104366
3.203118034683157
3.1962360345939897
3.1962360345939897
3.200000016676606
3.1966510597338873
3.1966510597338873
3.1993162086488645
3.1964204760713253
3.1964204760713253
3.1964204760713253
3.1954645220276525
3.1954645220276525
3.2025685838251525
3.192723503013042
3.192723503013042
3.1920887981874224
3.1851249933821832
3.193520914333128
3.192220324725663
3.192220324725663
3.192220324725663
3.202356957548804
3.202356957548804
3.202356957548804
3.158666155960491
3.179668321209878
3.179668321209878
3.186382059852562
3.2141117779732626
3.206003225720292
3.2034863933911506
3.199167867775711
3.199167867775711
3.1900604713506606
3.1911388248811012
3.1910522101116077
3.1940485359668886
3.1969806635667157
3.1944775809529182
3.1945429056613364
3.1934748559268553
3.205147294437818
3.204008170555705
3.204008170555705
3.1784341691014224
3.175561507988483
3.179381718270064
3.179381718270064
3.2250178304894694
3.2250178304894694
3.2270314955457984
3.228643844739989
3.2063875365650465
3.2225244418355765
3.2021202909445448
3.19964776102762
3.19964776102762
3.19964776102762
3.2018615245996065
3.1932277261363735
3.19148764402835
3.1747769486592805
3.1830651917564277
3.187333200861145
3.187333200861145
3.187333200861145
3.1985583490525276
3.1963063383813863
3.2079166491499818
3.196071707064369
3.2247933473787787
3.2363344875225373
3.2363344875225373
3.212612693179827
3.214344215630384
3.214344215630384
3.2258377382249375
3.2232184543366555
3.2232184543366555
3.2232184543366555
3.2367456749258743
3.2367456749258743
3.2367456749258743
3.237512674714422
3.237512674714422
3.237512674714422
3.237512674714422
3.210090465898564
3.210090465898564
3.2295350003371
3.2295350003371
3.247101623192748
3.247101623192748
3.2362134997298146
3.2362134997298146
3.2362134997298146
3.2228068618051298
3.211426101620191
3.2398791614902405
3.235061902328589
3.204655980507946
3.207432618204803
3.2054958882193016
3.210175927517942
3.204540848209643
3.203633102090334
3.180280537652795
3.198979169026667
3.1827376045226083
3.184623314328466
3.1975659937141687
3.193469783635303
3.193469783635303
3.193469783635303
3.193469783635303
3.1920594925776085
3.1920594925776085
3.181515425269565
3.1678743173847277
3.1678743173847277
3.1678743173847277
3.1678743173847277
3.166501654125391
3.179390420051198
3.179390420051198
3.1821544927171623
3.185770740814208
3.1796498837818032
3.1796498837818032
3.1796498837818032
3.1796498837818032
3.1991569821320858
3.2046175167928235
3.2046175167928235
3.2046175167928235
3.2046175167928235
3.2046175167928235
3.2188716107511466
3.1947115889996813
3.203788986852024
3.1911299184156885
3.1911299184156885
3.1940349912884702
3.1940349912884702
3.1883900491849935
3.1732590978854875
3.1823795488833175
3.1966586291936254
3.19470151470008
3.1804698669978912
3.1804698669978912
3.193326706486252
3.193326706486252
3.1938296901418957
3.1938296901418957
3.1938296901418957
3.1938296901418957
3.2057729179935395
3.1916493938422317
3.1916493938422317
3.2125906277001492
3.186520408514873
3.194099104844266
3.1947710085663648
3.1947710085663648
3.1947710085663648
3.1830805455247337
3.167193325265469
3.167193325265469
3.1703699689189064
3.1538901704641518
3.1827448686010023
3.190725397518815
3.1922399258324003
3.1922399258324003
3.2033891076471037
3.198865369376757
3.1892488850649827
3.1963506396474135
3.1963506396474135
3.213161832970216
3.213161832970216
3.2161489694655176
3.2161489694655176
3.1970843471559465
3.1866807836277316
3.199305772814663
3.199305772814663
3.2066834141400498
3.2066834141400498
3.2280319694523447
3.2349115844312495
3.2077710184030086
3.2208690377887312
3.2178392101530435
3.2178392101530435
3.187313959057365
3.2140753396435118
3.2140753396435118
3.2140753396435118
3.2325301611900823
3.2231620415148625
3.2231620415148625
3.2231620415148625
3.2186223125167617
3.2190518842509737
3.2130328032004107
3.2127313167890184
3.196804452319437
3.1876198623413625
3.199545064242446
3.199545064242446
3.1885354039837206
3.195893252416351
3.195893252416351
3.177027858059195
3.184472403188407
3.1757726940486175
3.1757726940486175
3.174761827584227
3.1996510835263834
3.2004711334192364
3.1934494859460236
3.1934494859460236
3.1934494859460236
3.1934494859460236
3.1817906849991524
3.1817906849991524
3.1692675263613195
3.1692675263613195
3.1692675263613195
3.1692675263613195
3.177602788038715
3.177602788038715
3.177602788038715
3.1836353209648816
3.1836353209648816
3.1836353209648816
3.1864592598628616
3.1970463713430486
3.21345235104238
3.2053504120413323
3.2053504120413323
3.2134757127770786
3.197964275415872
3.2079410813822076
3.2079410813822076
3.1916017190566044
3.1916017190566044
3.1916017190566044
3.186182868540386
3.1927796785777574
3.1927796785777574
3.1960356414296567
3.1960356414296567
3.1960356414296567
3.1998392537406617
3.1736165596713573
3.2026407285189658
3.2026407285189658
3.1939059953682722
3.1956283695526184
3.174755246292344
3.209369371595915
3.209369371595915
3.209369371595915
3.209369371595915
3.188050435225899
3.2004953159496075
3.2004953159496075
3.2085354231677634
3.2085354231677634
3.2085354231677634
3.2085354231677634
3.2146090517664194
3.2155690316846304
3.218070808965091
3.218070808965091
3.2136185828796098
3.2136185828796098
3.213974174262531
3.213974174262531
3.206334231883902
3.206334231883902
3.206334231883902
3.206334231883902
3.206334231883902
3.2172343371523078
3.2185818773973436
3.2185818773973436
3.2185818773973436
3.2185818773973436
3.2185818773973436
3.2185818773973436
3.218418589729384
3.199371868634708
3.199371868634708
3.208612931516029
3.2081424672859242
3.2090709875362387
3.205573149528322
3.2137810145963264
3.2099858846387486
3.1841120980952415
3.2070904731121814
3.21278285790331
3.2042659704303356
3.201462276244246
3.2498246315977353
3.2537822379845855
3.239453309394506
3.239453309394506
3.227171841564108
3.227171841564108
3.2271059152633805
3.21684424194117
3.21684424194117
3.21684424194117
3.2353000168948887
3.2353000168948887
3.2189333336735326
3.2192789131161845
3.210319399987487
3.2112528399482128
3.2084108044477024
3.2274345255137744
3.2180233403897542
3.2180233403897542
3.2180233403897542
3.210488555179344
