3.5257458486587114
3.5257458486587114
3.5257458486587114
3.5257458486587114
3.5257458486587114
3.5257458486587114
3.5257458486587114
3.5257458486587114
3.5257458486587114
3.5257458486587114
3.5257458486587114
3.5257458486587114
3.5257458486587114
3.5257458486587114
3.5257458486587114
3.5257458486587114
3.5257458486587114
3.5257458486587114
3.5257458486587114
3.5257458486587114
3.5257458486587114
3.5257458486587114
3.5257458486587114
3.5257458486587114
3.5257458486587114
3.5257458486587114
3.5257458486587114
3.5257458486587114
3.5257458486587114
3.5257458486587114
3.5257458486587114
3.5257458486587114
3.5257458486587114
3.5257458486587114
3.5257458486587114
3.5257458486587114
3.5257458486587114
3.5257458486587114
3.5257458486587114
3.5257458486587114
3.5257458486587114
3.5257458486587114
3.5257458486587114
3.5257458486587114
3.5257458486587114
3.5257458486587114
3.5257458486587114
3.5257458486587114
3.5257458486587114
3.5257458486587114
3.5257458486587114
3.5257458486587114
3.5257458486587114
3.5257458486587114
3.5257458486587114
3.5257458486587114
3.5257458486587114
3.5257458486587114
3.5257458486587114
3.5257458486587114
3.5257458486587114
3.5257458486587114
3.5257458486587114
3.5257458486587114
3.5257458486587114
3.5257458486587114
3.5257458486587114
3.5257458486587114
3.5257458486587114
3.5257458486587114
3.5257458486587114
3.5257458486587114
3.5257458486587114
3.5257458486587114
3.5257458486587114
3.5257458486587114
3.5257458486587114
3.5257458486587114
3.5257458486587114
3.5257458486587114
3.5257458486587114
3.5257458486587114
3.5257458486587114
3.5257458486587114
3.5257458486587114
3.5257458486587114
3.5257458486587114
3.5257458486587114
3.5257458486587114
3.5257458486587114
3.5257458486587114
3.5257458486587114
3.5257458486587114
3.5257458486587114
3.5257458486587114
3.5257458486587114
3.5257458486587114
3.5257458486587114
3.5257458486587114
3.5257458486587114
3.5257458486587114
3.5257458486587114
3.52444560579759
3.5099839886442177
3.5099839886442177
3.5099839886442177
3.481797074285343
3.481797074285343
3.4649822756840964
3.4649822756840964
3.4444705881921394
3.4444705881921394
3.4444705881921394
3.417538499112163
3.4128544246688293
3.3826556654791258
3.3660284891612617
3.3660284891612617
3.3560364306880692
3.3560364306880692
3.3560364306880692
3.320008515019146
3.320008515019146
3.28516747801527
3.2842112047398047
3.2842112047398047
3.2842112047398047
3.2711589140470165
3.2711589140470165
3.2711589140470165
3.2711589140470165
3.2333439795664147
3.22017394179624
3.22017394179624
3.22017394179624
3.210614675109233
3.2140394979455085
3.2140394979455085
3.1857550767922507
3.1772992018526445
3.1772992018526445
3.1764954435755084
3.219235553961608
3.2277703234079316
3.204486418873694
3.204486418873694
3.204486418873694
3.204486418873694
3.183080632453788
3.179107174993558
3.179107174993558
3.179107174993558
3.179107174993558
3.179107174993558
3.179107174993558
3.19967290778824
3.19967290778824
3.19967290778824
3.1883736419108706
3.2024449049737567
3.2024449049737567
3.196728499418819
3.1889064623092844
3.2164973900388785
3.2273684670554355
3.2502559862484044
3.2482823773842116
3.2482823773842116
3.2573731137958473
3.2574875332057784
3.2574875332057784
3.254330111952839
3.254330111952839
3.2274466763287193
3.2274466763287193
3.2274466763287193
3.2562558799953187
3.252595501855169
3.2474889133322913
3.249495126607519
3.2403543041556118
3.2403543041556118
3.2303785584489333
3.2303785584489333
3.2303785584489333
3.2303785584489333
3.2303785584489333
3.255875561502023
3.269449670150964
3.269449670150964
3.269449670150964
3.256014532164672
3.256014532164672
3.256014532164672
3.243638871993841
3.2387689595584708
3.26181055590279
3.26181055590279
3.26181055590279
3.2462484499846673
3.241958611484883
3.241958611484883
3.2623034348846254
3.2707965703009623
3.255487307435245
3.255487307435245
3.2536192273264612
3.246708500758139
3.246708500758139
3.2663616239237374
3.2663616239237374
3.2588474599191426
3.2588474599191426
3.2597333963770114
3.2597333963770114
3.2396059155806847
3.2396059155806847
3.2396059155806847
3.2396059155806847
3.2396059155806847
3.244265454236992
3.244265454236992
3.227202476461249
3.227202476461249
3.262235483041446
3.2564802364801624
3.2544408689496276
3.272619059121865
3.272619059121865
3.2537542492000346
3.259204312793097
3.263176293628902
3.263176293628902
3.236856421661174
3.236856421661174
3.236856421661174
3.236856421661174
3.221464852054368
3.221464852054368
3.2350374927282433
3.2396937596821846
3.2396937596821846
3.2397394349565487
3.2397394349565487
3.235456275752383
3.235456275752383
3.239882377526807
3.2323667637065436
3.2323667637065436
3.2323667637065436
3.2323667637065436
3.239353063661566
3.239353063661566
3.239353063661566
3.2352793341456962
3.2352793341456962
3.236085398480906
3.236085398480906
3.24218012289211
3.2362771870866838
3.2198741562537374
3.2359496517513566
3.2359496517513566
3.2359496517513566
3.2428128617307665
3.2564606586158833
3.248751427215766
3.248751427215766
3.248751427215766
3.248751427215766
3.248751427215766
3.248751427215766
3.2456293394641844
3.2456293394641844
3.237025422982176
3.2386287207218016
3.254258644422394
3.254258644422394
3.2523526879419506
3.2235233040015703
3.2235233040015703
3.2349911681013825
3.23116865239643
3.23116865239643
3.23116865239643
3.23116865239643
3.2340068561581248
3.2340068561581248
3.2340068561581248
3.2340068561581248
3.2340068561581248
3.2553108821874988
3.2553108821874988
3.2553108821874988
3.2508564107048117
3.2527702949420148
3.2566298954364417
3.2689539631405404
3.2665735523863524
3.2665735523863524
3.2665735523863524
3.2764195743731213
3.2764195743731213
3.2764195743731213
3.2764195743731213
3.270679693327955
3.270679693327955
3.2716596824876936
3.246339422143563
3.2475669554896887
3.245555890345824
3.2521022523078873
3.2521022523078873
3.256236799553789
3.256236799553789
3.2521288566528628
3.2657271757611213
3.2657271757611213
3.2657271757611213
3.2657271757611213
3.272202495323464
3.267902479872923
3.2327120493139274
3.2449529350077464
3.2449529350077464
3.239795670936985
3.239795670936985
3.2438802906026845
3.2447875576906937
3.2354550441890955
3.239273579795174
3.242582796768705
3.2372774223582614
3.2372774223582614
3.2431176385906904
3.2786493405477386
3.2490906802869044
3.2410718939462178
3.2410718939462178
3.2271069479029646
3.243907520253852
3.2422748242693595
3.246170068351565
3.246170068351565
3.246170068351565
3.246170068351565
3.2360999783851234
3.243160743681344
3.243160743681344
3.243160743681344
3.2462218479086595
3.2462218479086595
3.2403315443236824
3.2403315443236824
3.2369048670339082
3.243394099151397
3.2463413829631023
3.2390895237169777
3.2324845852609037
3.2192183492525803
3.2396955627158617
3.23880516711093
3.253976388778885
3.253976388778885
3.216020745942952
3.216020745942952
3.216020745942952
3.21684180641493
3.21684180641493
3.21684180641493
3.21684180641493
3.21684180641493
3.2125919983012423
3.2144514257480425
3.222841934076212
3.222841934076212
3.2370087305056914
3.2452763595235297
3.247902472016835
3.2411622764167665
3.2411622764167665
3.2411622764167665
3.2411622764167665
3.2505996284706575
3.2505996284706575
3.2537008304815687
3.2553693435454027
3.2553693435454027
3.2553693435454027
3.262200232691249
3.2349071828808733
3.2311837971205923
3.231436836053265
3.231436836053265
3.231436836053265
3.2262547490393585
3.2231930073113584
3.2076004615531795
3.2076004615531795
3.2076004615531795
3.2082898476398505
3.2200112120473325
3.222521212456654
3.238340952430351
3.238340952430351
3.218240424795863
3.218240424795863
3.218240424795863
3.2079818523600774
3.2079818523600774
3.2079818523600774
3.2079818523600774
3.2079818523600774
3.2079818523600774
3.2079818523600774
3.2079818523600774
3.211945925854597
3.2254814486891945
3.2264092027032456
3.2328568990385147
3.2328568990385147
3.1940471119038163
3.212934097714378
3.241407836637979
3.2307385309854686
3.244066858190119
3.229257905424139
3.229257905424139
3.229257905424139
3.2430222629675245
3.2472559760229807
3.2472559760229807
3.2472559760229807
3.2472559760229807
3.2472559760229807
3.2472559760229807
3.2272975043675842
3.2272975043675842
3.2432152970628567
3.255185483643537
3.255185483643537
3.225883549754767
3.2209687133771756
3.2118946579948227
3.207049123142879
3.2214725341302914
3.2214725341302914
3.232580460725236
3.2418871449359443
3.226278505893266
3.226278505893266
3.226278505893266
3.2193723353761294
3.234972421224188
3.234972421224188
3.234972421224188
3.234972421224188
3.2317708507093923
3.2246852444459355
3.2246852444459355
3.2246852444459355
3.232125206135932
3.232125206135932
3.232125206135932
3.2427297111596465
3.2518312654215027
3.271726704249454
3.247932625876402
3.247932625876402
3.247932625876402
3.2579051778073
3.2579051778073
3.259822637717189
3.2734806344072696
3.27134147525401
3.2798680239211824
3.2798680239211824
3.2507476689180246
3.2507476689180246
3.2507476689180246
3.2677149023578154
3.2505772578726817
3.2505772578726817
3.2505772578726817
3.2505772578726817
3.232988879721778
3.2409201449483778
3.2409201449483778
3.2229877089072074
3.2229877089072074
3.230584974080408
3.230584974080408
3.2262163736623397
3.2262163736623397
3.2262163736623397
3.2262163736623397
3.2262163736623397
3.2262163736623397
3.220850975379782
3.200290760803787
3.200290760803787
3.200290760803787
3.196197593897362
3.1752934301025184
3.2095327028783363
3.233536307701777
3.233536307701777
3.233536307701777
3.233536307701777
3.2253295407542053
3.2318673073415543
3.223572317067076
3.223572317067076
3.211701012069144
3.2137851305462086
3.2137851305462086
3.1926133900429385
3.2328769261318264
3.2328769261318264
3.2328769261318264
3.2296435549641163
3.2398079612350297
3.2398079612350297
3.249025233330411
3.2489428000577094
3.2489428000577094
3.2489428000577094
3.2489428000577094
3.2489428000577094
3.2699508149755223
3.269072132057314
3.2746498797721393
3.262187131888021
3.262187131888021
3.262187131888021
3.262187131888021
3.262187131888021
3.262187131888021
3.262187131888021
3.2642266659026906
3.2615378133274247
3.2592495314839183
3.2537126384382993
3.2658428381633224
3.256701207309624
3.2481587204821496
3.2481587204821496
3.251642125926308
3.2560445867291494
3.243680100537346
3.243680100537346
3.2621302609539153
3.272571994863875
3.2656235654715173
3.2579918854939036
3.261389405725547
3.240450413521039
3.266490560278264
3.266490560278264
3.266490560278264
3.266490560278264
3.266490560278264
3.266490560278264
3.266490560278264
3.252193992603806
3.252193992603806
3.256434025137276
3.2695636160850996
3.2386418937182064
3.2386418937182064
3.2386418937182064
3.2553832055300678
3.250120809616575
3.243484856504872
3.2366430291836266
3.2324725392225018
3.2375562062758036
3.2505754368770114
3.2505754368770114
3.244227839125367
3.2575131667916124
3.250451293751427
3.250451293751427
3.250451293751427
3.2538492765708478
3.232240893264184
3.232240893264184
3.219425732197064
3.2178669515621414
3.2178669515621414
3.223874805630249
3.2161346063052525
3.2181436293931487
3.2181436293931487
3.2181249966809604
3.2181249966809604
3.2320666039425094
3.2395331208058273
3.2395331208058273
3.2395331208058273
3.2284750842581476
3.2430905696852843
3.2430905696852843
3.2354682368761973
3.2441365829130673
3.2441365829130673
3.2441365829130673
3.2441365829130673
3.2441365829130673
3.2462024498622757
3.242454058348864
3.242454058348864
3.242454058348864
3.242454058348864
3.2178143389329072
3.220745611517833
3.2332035033642055
3.2332035033642055
3.2166317807693647
3.220156303081955
3.2227694972528407
3.217637184307597
3.217637184307597
3.2096044618081776
3.209870005369214
3.2120832626044797
3.2126340710719035
3.2129703678573334
3.2129703678573334
3.214429648219514
3.214429648219514
3.214429648219514
3.214429648219514
3.214429648219514
3.214429648219514
3.2208973051586343
3.2208973051586343
3.2208973051586343
3.2208973051586343
3.2208973051586343
3.2208973051586343
3.2375267228292084
3.2375267228292084
3.215461283900752
3.228463770808908
3.253760622523326
3.2472437217804284
3.246196823313443
3.246196823313443
3.238456108632303
3.238456108632303
3.2488437181533385
3.241092085674862
3.225061917704714
3.2052754508704666
3.2052754508704666
3.202280345471153
3.202280345471153
3.202280345471153
3.203564014986212
3.194560783486254
3.194560783486254
3.194560783486254
3.194560783486254
3.194560783486254
3.2150614931222434
3.2117278348540492
3.2117278348540492
3.206185370435157
3.2126114333891707
3.2126114333891707
3.2127920173727587
3.2216462883965917
3.2283123722117275
3.2137812555866923
3.2137812555866923
3.2448289168544
3.2346467561565455
3.230160352515306
3.2249800144273384
3.228709098396695
3.228709098396695
3.2296196100914054
3.211519177113926
3.218684178847304
3.210475103729346
3.2296642565287588
3.2296642565287588
3.2296642565287588
3.2296642565287588
3.22918988197958
3.230218747507843
3.2160825462808087
3.2160825462808087
3.2160825462808087
3.224405899512982
3.216297199634358
3.228045293905528
3.2465655964712328
3.240191123709873
3.240191123709873
3.240191123709873
3.2545888029522674
3.2543523131852425
3.2554660916047693
3.2713868448147343
3.266185299730701
3.259238145196644
3.2332497407021763
3.2332497407021763
3.247360702310525
3.247360702310525
3.247360702310525
3.2243520233130694
3.2243520233130694
3.2266786095262616
3.2403954682208718
3.227396556813509
3.229802502178967
3.229802502178967
3.231469789814086
3.231469789814086
3.231469789814086
3.2352614004274787
3.2352614004274787
3.241954401376349
3.2130011608155487
3.2130011608155487
3.22602361837086
3.2155410358716168
3.2333752306936594
3.236644392955273
3.2418148075785984
3.2395362830196355
3.250436623314038
3.250436623314038
3.236821695997035
3.236821695997035
3.236821695997035
3.2551762907561423
3.2551762907561423
3.274159985205584
3.274159985205584
3.276093853977689
3.283072089451663
3.283072089451663
3.266135529796588
3.2552943242427883
3.2582421257620635
3.225924834177697
3.217187689215274
3.2496885979129995
3.2583401788521833
3.2583401788521833
3.2268621994195037
3.245809279698032
3.245809279698032
3.2477507636963905
3.2450918662513297
3.240895240721199
3.240895240721199
3.240895240721199
3.2541084346952602
3.238322409923534
3.224405057643686
3.224405057643686
3.2236283707329547
3.2176762256343143
3.2277623927873025
3.2374894521989703
3.2478822658447033
3.2192896812065768
3.194235123594362
3.1876168780150436
3.1876168780150436
3.1876168780150436
3.1876168780150436
3.1912711657352877
3.1912711657352877
3.1804490042134965
3.1906408609057686
3.1865924108577475
3.1865924108577475
3.1870070278178737
3.1953470549154552
3.200100451814317
3.200100451814317
3.2317001441359654
3.2317001441359654
3.2162179262106005
3.2229371594387457
3.2229371594387457
3.233280987239377
3.224089327815256
3.2126129118168096
3.204634921494109
3.238337530590663
3.2216871685286974
3.2216871685286974
3.2142859562524366
3.2220253231722102
3.214505011260798
3.214505011260798
3.214505011260798
3.247042898858041
3.247042898858041
3.247042898858041
3.247042898858041
3.247042898858041
3.2424187532747837
3.255923658221977
3.2346427180821173
3.2346427180821173
3.2511579063802016
3.2520961013499265
3.2384283536165857
3.2384283536165857
3.237457274422429
3.2254793520810625
3.2254793520810625
3.244561084454304
3.244561084454304
3.244561084454304
3.244561084454304
3.244561084454304
3.244561084454304
3.244561084454304
3.2621039647094494
3.2476140121778485
3.252475773569658
3.264714331518925
3.2624435211684855
3.2764294679007286
3.2764294679007286
3.254784040554853
3.255120783766624
3.255120783766624
3.255120783766624
3.2577113892314773
3.2577113892314773
3.2577113892314773
3.2577113892314773
3.258416412425642
3.258416412425642
3.2757805876078305
3.271058215744902
3.271058215744902
3.274314340563544
3.275068995599553
3.2720099243890766
3.26156044215692
3.241977095352722
3.241977095352722
3.23354723528788
3.2355351223233346
3.2409544073883536
3.2409544073883536
3.2409544073883536
3.2409544073883536
3.2664020152243753
3.2664020152243753
3.2877803257074003
3.278280146238919
3.2931026017068485
3.2931026017068485
3.253708941310677
3.2653647152483134
3.2703652518366755
3.2869187143688374
3.2869187143688374
3.2869187143688374
3.2869187143688374
3.2859326586545965
3.272420955205449
3.272420955205449
3.250552595226749
3.250552595226749
3.250552595226749
3.258997641268097
3.258997641268097
3.25381563409104
3.25381563409104
3.259886306854913
3.2491048214090776
3.2491048214090776
3.2491048214090776
3.2425355866946095
3.2425355866946095
3.2309393800145902
3.2309393800145902
3.250032591664187
3.239959343253365
3.239959343253365
3.2459033518513913
3.26627292667805
3.2591121860450807
3.2499065894232047
3.252790516504766
3.270866106121352
3.2572049386674813
3.2318190053478917
3.2507060636570206
3.2578169293755423
3.265306265997994
3.2573143479892837
3.2573143479892837
3.2573143479892837
3.222680028452861
3.2229741867718786
3.2402320060153276
3.2402320060153276
3.248883039377283
3.248883039377283
3.248883039377283
3.248883039377283
3.248883039377283
3.248883039377283
3.2095829864260095
3.2092815736184095
3.2039218702784393
3.208791759636469
3.208791759636469
3.2435828888572362
3.2149838796355197
3.2149838796355197
3.213647360224225
3.2143013605792246
3.217152300762088
3.217152300762088
3.221418200582072
3.2186252155200097
3.21130370980687
3.21130370980687
3.225260790159224
3.223212338032658
3.223212338032658
3.214614820968916
3.22146308349725
3.22146308349725
3.228327335872313
3.228327335872313
3.1879042813158085
3.1888922259917862
3.2159098951323855
3.2159098951323855
3.208130587113748
3.208130587113748
3.2172313984948477
3.221632540990319
3.2029693832088353
3.2271683613790523
3.2271683613790523
3.2402216323676734
3.2402216323676734
3.2402216323676734
3.2277856019046314
3.230478925616184
3.230478925616184
3.2308345689978535
3.2308345689978535
3.2308345689978535
3.235051620097954
3.2073295449690584
3.2186306093192036
3.2186306093192036
3.221462664248411
3.216869975764344
3.216869975764344
3.216869975764344
3.2191028313783043
3.2191028313783043
3.2191028313783043
3.236959245012779
3.236959245012779
3.242127132077466
3.242127132077466
3.242127132077466
3.2634930947363703
3.2765067181075693
3.2638355401336456
3.2638355401336456
3.2568925240241247
3.2568925240241247
3.26867246798558
3.270108590215702
3.275973729861257
3.2307739581908246
3.2281251074941757
3.2413776990159375
3.235684197473438
3.235684197473438
3.235684197473438
3.209790576643667
3.2078468376403437
3.2078468376403437
3.2078468376403437
3.2222723326128073
3.2222723326128073
3.2153478625954937
3.2112031321044863
3.2112031321044863
3.2112031321044863
3.229927287265074
3.229927287265074
3.236446695313539
3.236446695313539
3.2568194803045145
3.2493246930058106
3.2493246930058106
3.2493246930058106
3.235257440822139
3.2340543161080935
3.2340543161080935
3.2340543161080935
3.2569965757032078
3.2569965757032078
3.2569965757032078
3.259430551597722
3.25638965923542
3.25638965923542
3.232552978940622
3.264322544948649
3.2341891154316973
3.2346633628549597
3.2554634027958933
3.2554634027958933
3.2745088416007477
3.2842681564391474
3.2691694053834395
3.2680013553376033
3.2680013553376033
3.2680013553376033
3.2680013553376033
3.2680013553376033
3.253594407698313
3.2485294663209836
3.2485294663209836
3.2485294663209836
3.2485294663209836
3.2593377005617366
3.2442862629546654
3.2442862629546654
3.2396561702252176
3.2184314991360052
3.2184314991360052
3.2184314991360052
3.2184314991360052
3.229322101525832
3.226696281653952
3.2305104684997854
3.2418533609174314
3.2418533609174314
3.2381543195200417
3.2327245169320062
3.2322775690711154
3.2315505810923955
3.2315505810923955
3.220793731441443
3.22425713284938
3.22425713284938
3.206396834690508
3.206396834690508
3.206396834690508
3.2031368247704664
3.2031368247704664
3.206675069395379
3.203415785211677
3.192702682150901
3.1912822693045344
3.201869731890347
3.2337130263259692
3.2337130263259692
3.243948831395225
3.2246654160051293
3.2307360329597814
3.221105226317113
3.221105226317113
3.221105226317113
3.2376276841289444
3.2376276841289444
3.2376276841289444
3.238983046105436
3.238983046105436
3.2568335061608513
3.241002339911769
3.241002339911769
3.257901889527783
3.257901889527783
3.257901889527783
3.2522930389295097
3.2522930389295097
3.2522930389295097
3.2522930389295097
3.2710960372910396
3.267005554139308
3.230183724365292
3.230183724365292
3.2349443540843112
3.2395586814598687
3.2395586814598687
3.2395586814598687
3.210570886841375
3.210570886841375
3.2164084725565827
3.2164084725565827
3.214534282334179
3.2292122241155012
3.2217992840091
3.2217992840091
3.2217992840091
3.2217992840091
3.2170381582745926
3.2204708919621847
3.2204708919621847
3.2204708919621847
3.2346136283048095
3.2346136283048095
3.2346136283048095
3.2309858282946946
3.2309858282946946
3.2309858282946946
3.219593963439711
3.225139296932219
3.225139296932219
3.225139296932219
3.225139296932219
3.2289171576369284
3.2289171576369284
3.2289171576369284
3.2289171576369284
3.2354318548112913
3.2333780961696474
3.2275699670116826
3.2275699670116826
3.2275699670116826
3.2275699670116826
3.2417146873394214
3.2491199076767545
3.2491199076767545
3.2491199076767545
3.2491199076767545
3.2491199076767545
3.236875848867362
3.259320819292006
3.259320819292006
3.2608903191624927
3.2608903191624927
3.2608903191624927
3.2608903191624927
3.2540779239165785
3.2481377773552613
3.238038440640724
3.2350435880219908
3.237344845344104
3.243218597943989
3.2350000883374257
3.2350000883374257
3.2350000883374257
3.214520923780785
3.211545965973707
3.211545965973707
3.211545965973707
3.209875070321492
3.2323944518396326
3.2323944518396326
3.253776936368221
3.253776936368221
3.253776936368221
3.254281323863874
3.238370089610146
3.238370089610146
3.2411579609387604
3.2787785493841395
3.27295387471991
3.27295387471991
3.2738365972912216
3.2738365972912216
3.272129430490675
3.272129430490675
3.2464187496695587
3.244228356153095
3.2583915083152606
3.2522909657507344
3.2522909657507344
3.2522909657507344
3.2586114406177455
3.265398693972141
3.2656765458869996
3.2730873139559873
3.270741022302778
3.270741022302778
3.2744982678433705
3.2776183558674004
3.270499686503415
3.270499686503415
3.270499686503415
3.270499686503415
3.270499686503415
3.270499686503415
3.270499686503415
3.270499686503415
3.2432596942641974
3.238271550803381
3.238271550803381
3.238271550803381
3.2267191142279
3.2267191142279
3.2267191142279
3.2267191142279
3.2267191142279
3.2307379535072713
3.2307379535072713
3.1865684334522824
3.20056959955822
3.20056959955822
3.190986334944999
3.190986334944999
3.20098897015087
3.207847206773088
3.2255439663200764
3.2285411045865824
3.2216355449189322
3.2255458125184258
3.2255458125184258
3.2341462660066864
3.2295028816536675
3.2295028816536675
3.2214117307728123
3.21046304439376
3.2099114288912785
3.217756000383243
3.2045999999002373
3.2045999999002373
3.190512720913107
3.182208241670402
3.182208241670402
3.182208241670402
3.1955564356515858
3.214797200311852
3.214797200311852
3.1928283891486346
3.2258984895420046
3.2258984895420046
3.224407569654639
3.2226407263213366
3.2226407263213366
3.2295106852488265
3.2295106852488265
3.2248047977951995
3.2126980256628297
3.2039334360277443
3.2182412741125024
3.2053271355666926
3.2053271355666926
3.2303397770690867
3.2303397770690867
3.2303397770690867
3.2303397770690867
3.1910373149740914
3.1910373149740914
3.1841385806133045
3.2229429543424533
3.222217609647836
3.230516821278638
3.247378599673177
3.252135367219325
3.2471061749051326
3.2422081973843104
3.2642715728445237
3.254218868501772
3.254218868501772
3.254218868501772
3.254218868501772
3.254218868501772
3.248366819818493
3.248366819818493
3.248366819818493
3.228734009504061
3.219638706418207
3.2151791229116284
3.2202086231854126
3.2382618217841928
3.2382618217841928
3.238386871437833
3.238386871437833
3.238386871437833
3.23495462933879
3.251718085732756
3.251718085732756
3.246159431314328
3.246159431314328
3.2490215314686313
3.2490215314686313
3.2490215314686313
3.2490215314686313
3.248451209740363
3.26152215754144
3.2624184779119547
3.2624184779119547
3.2641133883790916
3.287196649620303
3.2839639461779897
3.266805502168942
3.249219835293365
3.249219835293365
3.249219835293365
3.2479705085900243
3.2479705085900243
3.2381922186765064
3.246730678316183
3.2446571376673736
3.2446571376673736
3.2600794295255113
3.2600794295255113
3.2488637621798184
3.2537960599113864
3.2405594449205313
3.2405594449205313
3.2405594449205313
3.2405594449205313
3.2405594449205313
3.2405594449205313
3.2405594449205313
3.2405594449205313
3.2398121903949026
3.2398121903949026
3.2634398048096207
3.2634398048096207
3.274478518448299
3.274478518448299
3.2569930170777908
3.2501253061658146
3.2501253061658146
3.2636363899016003
3.2479596491900415
3.2479596491900415
3.2272810030375343
3.2272810030375343
3.2272810030375343
3.2272810030375343
3.243518287948118
3.2348528356081427
3.2310723413950293
3.225608990324366
3.225608990324366
3.225608990324366
3.231624809822029
3.206267657458466
3.216352298438765
3.216352298438765
3.216352298438765
3.216352298438765
3.2083372002835358
3.2083372002835358
3.2016211886295296
3.2143029114665014
3.2324909489342026
3.2260467587961332
3.2260467587961332
3.2290260053308555
3.2290260053308555
3.222368582685186
3.222368582685186
3.222368582685186
3.213253349867148
3.2208616873369644
3.231486729563043
3.219846361346845
3.21907899614985
3.2341618219850545
3.2096628594183514
3.2096628594183514
3.2096628594183514
3.2148809825699782
3.2313562425289146
3.234640704668235
3.234640704668235
3.23027247887317
3.229107671594509
3.2212724339445824
3.2212724339445824
3.2212724339445824
3.2212724339445824
3.209260923233745
3.209260923233745
3.2011236163115915
3.2011236163115915
3.2011236163115915
3.211404548769911
3.196123582393628
3.196885477516358
3.202557436516831
3.2065788308925764
3.1898407249835494
3.187773800939155
3.187773800939155
3.194740612870488
3.194740612870488
3.210970875792833
3.210381634742183
3.208790705969136
3.2236067404218773
3.2236067404218773
3.2236067404218773
3.2380598965424743
3.2236474919050084
3.2345484919407395
3.2345484919407395
3.2327084332905973
3.2327084332905973
3.2327084332905973
3.2584268340695712
3.2561982116683756
3.2561982116683756
3.2561982116683756
3.2561982116683756
3.257459266526179
3.257459266526179
3.244127948703247
3.25909592646449
3.266916089967927
3.264365479699156
3.2578113516560743
3.251410520885157
3.251410520885157
3.2581049988239412
3.246041680373161
3.246041680373161
3.225385553195009
3.228139971910892
3.2417383635019488
3.230600600608509
3.232938474290792
3.2334466191797
3.2520709188880557
3.2520709188880557
3.2520709188880557
3.2520709188880557
3.2424201069012777
3.2424201069012777
3.2424201069012777
3.206041939613642
3.2019163280700083
3.2019163280700083
3.2019163280700083
3.2055078932813994
3.2055078932813994
3.2055078932813994
3.2059751572551574
3.201869645742196
3.1957246432343314
3.2012700014718325
3.200374620674251
3.200374620674251
3.208759013666433
3.1982238741422884
3.1982238741422884
3.1982238741422884
3.1911812701004156
3.1815532727965374
3.1815532727965374
3.170801906734923
3.170801906734923
3.188799751967229
3.1851467088167946
3.1851467088167946
3.1828870576605848
3.1752009739744174
3.2131270322939747
3.2084621757853924
3.2084621757853924
3.2084621757853924
3.217991949315345
3.2058178469705183
3.2355010019615813
3.222141225716299
3.209835638085251
3.209835638085251
3.2259021601257722
3.2204402005354296
3.2203929166976195
3.2203929166976195
3.2203929166976195
3.2145060756259656
3.2145060756259656
3.2145060756259656
3.2145060756259656
3.2205321913989358
3.2244165521345973
3.2244165521345973
3.2244165521345973
3.2244165521345973
3.2244165521345973
3.2244165521345973
3.242945025251613
3.242945025251613
3.2302902774672972
3.245291555958967
3.2537799935606366
3.2537799935606366
3.2537799935606366
3.2537799935606366
3.25321526672112
3.244527709934624
3.244527709934624
3.244527709934624
3.2317257266795254
3.2616429017292
3.246344645368629
3.246344645368629
3.246344645368629
3.246344645368629
3.254185129052808
3.2655512161038427
3.283815687924412
3.283815687924412
3.2765059761962396
3.2765059761962396
3.2765059761962396
3.268674141144749
3.272118829417056
3.272118829417056
3.2712343018611416
3.2712343018611416
3.2654810404334342
3.272094105509805
3.261792827665742
3.261792827665742
3.261792827665742
3.261792827665742
3.261792827665742
3.261792827665742
3.261792827665742
3.261792827665742
3.261792827665742
3.261792827665742
3.261792827665742
3.2418631074118647
3.228578826783122
3.228578826783122
3.235181140430243
3.228580307065208
3.242472773333888
3.242472773333888
3.231443542145427
3.2324479848359386
3.2135453505730305
3.201307632240808
3.220267169136839
3.22499277295272
3.2332656072118877
3.2332656072118877
3.23388043086481
3.23388043086481
3.2538759784904188
3.2538759784904188
3.2538759784904188
3.2538759784904188
3.2538759784904188
3.244208785250176
3.244208785250176
3.244208785250176
3.2248903098032415
3.2248903098032415
3.2248903098032415
3.2248903098032415
3.2248903098032415
3.2248903098032415
3.2216840855690863
3.2216840855690863
3.2216840855690863
3.2216840855690863
3.2261777709025767
3.2261777709025767
3.2263669715312493
3.2263669715312493
3.2464530210552374
3.2464530210552374
3.252877406845491
3.240011257295969
3.2535299800163147
3.2535299800163147
3.2641956741715394
3.2641956741715394
3.2641956741715394
3.2679715560657003
3.2679715560657003
3.2679715560657003
3.2515632723560257
3.2515632723560257
3.2515632723560257
3.2515632723560257
3.2515632723560257
3.2515632723560257
3.2515632723560257
3.246055842232931
3.2599495416276265
3.2516451263633654
3.2516451263633654
3.2568829241123045
3.2164216485247055
3.238400701827473
3.240288221127123
3.2510449146675944
3.2500421784173525
3.2500421784173525
3.2500421784173525
3.2500421784173525
3.2364009509664373
3.2431566417722
3.2681436331073526
3.2681436331073526
3.2702970285843556
3.2560538492622193
3.272230372070205
3.272230372070205
3.272230372070205
3.2677919441940704
3.255953458891337
3.255953458891337
3.255953458891337
3.256532659783331
3.2582022951363845
3.2582022951363845
3.2566122311217445
3.2627046355986264
3.2627046355986264
3.2627046355986264
3.2627046355986264
3.2627046355986264
3.2627046355986264
3.2627046355986264
3.2609578501156093
3.2609578501156093
3.2786990353125813
3.2786990353125813
3.2530129030029036
3.2530129030029036
3.2530129030029036
3.2583152033154055
3.2583152033154055
3.2809360371475274
3.27017212594971
3.27017212594971
3.276850796753956
3.2652980307285633
3.2652980307285633
3.2558200188646698
3.2545374484289846
3.2545374484289846
3.258878026352514
3.258878026352514
3.2596216282977486
3.2596216282977486
3.2596216282977486
3.2556770098886028
3.2556770098886028
3.2613020837977658
3.2613020837977658
3.256158788074769
3.2597047102988816
3.2597047102988816
3.2597047102988816
3.2418995023440162
3.2418995023440162
3.2418995023440162
3.2418995023440162
3.24517443272061
3.242156481964719
3.2436603076898622
3.268162431574811
3.2571966310018423
3.2571966310018423
3.2571966310018423
3.2480772583324686
3.275020135310617
3.275020135310617
3.2845314512921266
3.2845314512921266
3.2845314512921266
3.298768049606772
3.3021365245916745
3.2856999521780836
3.262379001880732
3.262379001880732
3.2567794439054065
3.2567794439054065
3.2567794439054065
3.2567794439054065
3.2434004994157952
3.2420922199189017
3.242752073997673
3.241572021871223
3.241572021871223
3.254401753613483
3.227093172356094
3.227093172356094
3.2243300947780793
3.22378452019756
3.22378452019756
3.22378452019756
3.2235930118198572
3.2189228339887266
3.2342019204731915
3.2342019204731915
3.2342019204731915
3.2260242766228924
3.2175935263035056
3.221471781096363
3.221992269931502
3.22205446214169
3.2491312935974057
3.2491312935974057
3.2491312935974057
3.2491312935974057
3.2417780797234386
3.2493724555213257
3.2449639182961767
3.2449639182961767
3.2449639182961767
3.215771363231858
3.215771363231858
3.2407412772204416
3.2407412772204416
3.233712889795489
3.233712889795489
3.233712889795489
3.233712889795489
3.2250462481377054
3.2250462481377054
3.2281327595593736
3.237355066768676
3.23526727705975
3.223002867545419
3.2358574513407357
3.2358574513407357
3.230772308691336
3.2334405208791934
3.221836694014193
3.221836694014193
3.2146533874777994
3.2267263876881938
3.230815588723323
3.1998220326098576
3.2126850950570125
3.2126850950570125
3.2351207278413447
3.2215905014958555
3.2215905014958555
3.2215905014958555
3.2375267308412403
3.2274424055270545
3.236056448971345
3.236056448971345
3.236103070357381
3.236103070357381
3.249059652632141
3.249059652632141
3.2549781615372346
3.2398609903379882
3.2398609903379882
3.233986059488431
3.245062812252797
3.2498400874279514
3.2498400874279514
3.2498400874279514
3.2498400874279514
3.2403078654090582
3.2418029277188793
3.252916155183674
3.255557698199179
3.255557698199179
3.2457568559561856
3.2457568559561856
3.2378150398367866
3.2407241746388338
3.2407241746388338
3.2407241746388338
3.24707070042132
3.24707070042132
3.254431848507099
3.254431848507099
3.239435552457893
3.239435552457893
3.241558487905944
3.241558487905944
3.253053291225305
3.244481665135654
3.264704204975557
3.2289345965049945
3.247504451877112
3.2221167952133207
3.2282865685477122
3.2673485191735363
3.2673485191735363
3.243184571628666
3.243184571628666
3.2302627218408264
3.2270452341888043
3.2270452341888043
3.2224614946689996
3.2218882283549584
3.2138331872825243
3.211444228075108
3.2552487458247565
3.2552487458247565
3.2552487458247565
3.2552487458247565
3.2361682457303633
3.2361682457303633
3.2361682457303633
3.2361682457303633
3.2355297657942583
3.205898186556196
3.2010913855623975
3.2379992765396617
3.2379992765396617
3.2352083787032244
3.2352083787032244
3.2208093104316187
3.2184047240443396
3.24808052476802
3.2461139834441224
3.2461139834441224
3.246306762718688
3.2466995730206967
3.2466995730206967
3.2532047788304
3.250493493223225
3.2430338703907506
3.238333603621887
3.238333603621887
3.238333603621887
3.244934360687481
3.244934360687481
3.244934360687481
3.244934360687481
3.244934360687481
3.244934360687481
3.244934360687481
3.244934360687481
3.2397677090765082
3.2397677090765082
3.2397677090765082
3.2397677090765082
3.2397677090765082
3.2222014099889873
3.2222014099889873
3.2127375572581385
3.2127375572581385
3.2349940951486693
3.2680252768527143
3.2680252768527143
3.2680252768527143
3.2680252768527143
3.271544411662308
3.2813466029287044
3.2813466029287044
3.277405702154271
3.277405702154271
3.277405702154271
3.2788904280402162
3.2788904280402162
3.264129808852336
3.245526064923514
3.2366714244694013
3.241007939594198
3.241007939594198
3.238871026503054
3.2315016862787713
3.2515985788177217
3.2515985788177217
3.2824248704121923
3.2824248704121923
3.2824248704121923
3.2824248704121923
3.2824248704121923
3.2668975440720684
3.2685507266809326
3.2554947817431072
3.2554947817431072
3.2296835793148078
3.2296835793148078
3.2296835793148078
3.2381327759225993
3.2381327759225993
3.238470911563488
3.222195225712503
3.222195225712503
3.222195225712503
3.222195225712503
3.222195225712503
3.222195225712503
3.222195225712503
3.223509574880369
3.2233511133275163
3.2233511133275163
3.2233511133275163
3.2507182105506236
3.2507182105506236
3.2507182105506236
3.2378232799616646
3.2378232799616646
3.2298484920942263
3.24038601141367
3.2210993745427223
3.212211251913602
3.223326566088437
3.2187623249554376
3.2145440913553323
3.216840444565409
3.216840444565409
3.216840444565409
3.2028355341586607
3.2050743788258425
3.215391668394451
3.215391668394451
3.215391668394451
3.228170789942434
3.228170789942434
3.212944136613877
3.212944136613877
3.2123504644572383
3.225748144112814
3.21364929864602
3.2049733908281826
3.2049733908281826
3.2049733908281826
3.2406253562217393
3.2439485770110132
3.246128356450248
3.241753931433041
3.241753931433041
3.2485710408115933
3.237558506686721
3.2280214065892987
3.239902682790363
3.225287415131691
3.22468118981474
3.22468118981474
3.222318614294693
3.2477030920840555
3.251313719800069
3.251313719800069
3.251313719800069
3.2533814040033366
3.2391022435340973
3.2359631470382015
3.2493956428971216
3.2478348144515556
3.2070649527469457
3.2070649527469457
3.2070649527469457
3.2070649527469457
3.2070649527469457
3.2070649527469457
3.1988145543284423
3.2042680934352292
3.216013967955235
3.216013967955235
3.216013967955235
3.216013967955235
3.2194901749815017
3.2500847125626335
3.2500847125626335
3.2500847125626335
3.2363318205545206
3.228024169642992
3.228024169642992
3.228024169642992
3.2011604038746935
3.216790356537084
3.2504057768497083
3.2638666311011444
3.2805653099241354
3.258573067815284
3.274100297759522
3.274100297759522
3.302865568672652
3.3020356653283685
3.3031826930103425
3.288944597682099
3.2956773124728556
3.307185042717988
3.307185042717988
3.2924283482320456
3.2924283482320456
3.292429057494749
3.292429057494749
3.292429057494749
3.262974132756966
3.2685094229907072
3.2723879621279295
3.2723879621279295
3.2723879621279295
3.269165074146445
3.269165074146445
3.270903118756976
3.266170170259899
3.2634437348277876
3.2634437348277876
3.2634437348277876
3.2650226099836592
3.2650226099836592
3.2650975313621613
3.2600447529589984
3.2743257376650723
3.2598335766086803
3.2598335766086803
3.2598335766086803
3.240966826610203
3.2493549092879013
3.2493549092879013
3.2493549092879013
3.2360845373547784
3.23321000558942
3.253031434211655
3.256679736563759
3.24848102730066
3.2470889063077744
3.2470889063077744
3.2470889063077744
3.2405751416581317
3.2382611622431448
3.2382611622431448
3.2382611622431448
3.2612494348588217
3.2612494348588217
3.2638008284635243
3.246525253352919
3.246525253352919
3.246525253352919
3.246525253352919
3.23811010112991
3.23811010112991
3.234942612002904
3.2447927852691145
3.2448984440094337
3.2448984440094337
3.259087094599689
3.2490944894074283
3.2490944894074283
3.2490944894074283
3.226340753815711
3.226340753815711
3.2306038749659
3.2359813471461374
3.211195099080694
3.1890040706113423
3.1997084170485577
3.1997084170485577
3.1950013867656217
3.1950592549382684
3.1958833341163375
3.2147014939855993
3.218445669687379
3.2070308966152368
3.2070308966152368
3.2070308966152368
3.197467918842043
3.224465184010121
3.224465184010121
3.2130699807196264
3.2130699807196264
3.2130699807196264
3.2130699807196264
3.216202462795776
3.214014398979542
3.214014398979542
3.2177309571437327
3.2177309571437327
3.242599272270452
3.1929922780253484
3.1929922780253484
3.2098906390860944
3.2098906390860944
3.235945483734637
3.227545841747559
3.2124988127499865
3.2124988127499865
3.1956010601651412
3.222699817569282
3.224306266896303
3.2204124291467435
3.2403190208293275
3.2403190208293275
3.2356097881795396
3.2356097881795396
3.2356097881795396
3.2356097881795396
3.239427170887303
3.250059378106728
3.250059378106728
3.250059378106728
3.240810476371128
3.2461069777185294
3.2441460994821405
3.2289492444988994
3.226892622872859
3.2383118280826184
3.22759206827487
3.22759206827487
3.2348889155038565
3.2348889155038565
3.2348889155038565
3.2348889155038565
3.2348889155038565
3.219456625149975
3.211602411807999
3.211602411807999
3.211602411807999
3.2200680972873488
3.21649444852414
3.2102499456285076
3.2127614737307852
3.2127614737307852
3.2127614737307852
3.2127614737307852
3.2127614737307852
3.2100059952577276
3.2100059952577276
3.2100059952577276
3.2187054845737606
3.229750186930348
3.228351939695273
3.2185238144106036
3.2185238144106036
3.2038175512879428
3.2195776819488136
3.237609540749164
3.237609540749164
3.237985262833246
3.244307473104573
3.244307473104573
3.243928392733407
3.234039163970641
3.234039163970641
3.225345384053043
3.2233596336497166
3.2233596336497166
3.2233596336497166
3.2233596336497166
3.231376652533102
3.2319314517790727
3.2319314517790727
3.2319314517790727
3.2319314517790727
3.244179745351509
3.2693349565442595
3.2693349565442595
3.274555716570994
3.266051083395623
3.266051083395623
3.246763249185197
3.246763249185197
3.246763249185197
3.231604662956393
3.237279309226354
3.2361450083229024
3.24553302128858
3.226636761649273
3.2434924014228694
3.2434924014228694
3.2474120057868476
3.2474120057868476
3.2545643184794217
3.242823569487526
3.2269912431267147
3.2269912431267147
3.2553905631925293
3.243936899207223
3.246336399592822
3.2395400786292767
3.2369957598799894
3.2369957598799894
3.230203968668482
3.2436173854382906
3.2436173854382906
3.2436173854382906
3.2436173854382906
3.233531232022857
3.233531232022857
3.233531232022857
3.2293058049292314
3.2293058049292314
3.2293058049292314
3.2293058049292314
3.2293058049292314
3.2293058049292314
3.218057503643361
3.216488857718933
3.216488857718933
3.216488857718933
3.216488857718933
3.216488857718933
3.216488857718933
3.2238270827026803
3.2308007550635303
3.2308007550635303
3.222232898788281
3.222232898788281
3.2070777518548197
3.2070777518548197
3.2070777518548197
3.2103729844977154
3.2334153385475806
3.2573313077358104
3.261527361346433
3.261527361346433
3.2765369231998354
3.2765369231998354
3.2566489273328796
3.2566489273328796
3.2566489273328796
3.2566489273328796
3.2566489273328796
3.2566489273328796
3.253252220422276
3.252115524769462
3.2554596225145667
3.2402001047632254
3.2402001047632254
3.2402001047632254
3.25704532216784
3.25704532216784
3.25704532216784
3.25704532216784
3.264012086504915
3.264012086504915
3.2634061576839626
3.2634061576839626
3.2634061576839626
3.28165406136546
3.261867230048149
3.261867230048149
3.253850942293674
3.253850942293674
3.253850942293674
3.2605959925270565
3.2590206430317634
3.2325972125736397
3.2325972125736397
3.226647703917803
3.226647703917803
3.226647703917803
3.2257812268246324
3.219032320141445
3.2346681525556704
3.2346681525556704
3.2506303190483608
3.2537022851998225
3.2537022851998225
3.2573933979895746
3.275147405480811
3.2676308912376717
3.2676308912376717
3.2676308912376717
3.2676308912376717
3.2676308912376717
3.263282916449576
3.2753180876056502
3.2753180876056502
3.2396967687528226
3.245788775115958
3.231015738164534
3.231015738164534
3.2169266852108502
3.2207701814797525
3.2207701814797525
3.232132014926017
3.232132014926017
3.233857152375758
3.211708506524744
3.2307599629566104
3.2307599629566104
3.224508505393249
3.2704349922669342
3.2741159440048864
3.269991557207502
3.269991557207502
3.2918915106636577
3.277664034448388
3.2784493488824893
3.2784493488824893
3.2784493488824893
3.273884550260337
3.273884550260337
3.273884550260337
3.271671136103482
3.271671136103482
3.271671136103482
3.2398925912877363
3.247825382404898
3.247825382404898
3.249947009331896
3.243655913119784
3.2400288641601813
3.2400288641601813
3.2400288641601813
3.2430201222190007
3.2430201222190007
3.2181452739970515
3.2206979267866136
3.2206979267866136
3.2306604617981725
3.2306604617981725
3.217264269961815
3.217264269961815
3.225341883295597
3.225341883295597
3.2029705295188196
3.20103158513448
3.197062057251802
3.197062057251802
3.197062057251802
3.2131347400468973
3.2131347400468973
3.2302174884350543
3.2256207596625535
3.2259696670304594
3.2186684846177194
3.2186684846177194
3.252837185948377
3.2336905098784765
3.2453821171752426
3.253808072677277
3.221123862910725
3.221811474873486
3.2135032283745955
3.2135032283745955
3.2135032283745955
3.2135032283745955
3.2145741791459033
3.208523784800487
3.201851960914548
3.2205155945450796
3.235132499662014
3.235132499662014
3.235132499662014
3.2151431509427515
3.22929939237207
3.22929939237207
3.22929939237207
3.22929939237207
3.2499903950267295
3.2499903950267295
3.2499903950267295
3.2730485521059918
3.2730485521059918
3.272868031550039
3.2646054860395606
3.271987682661185
3.2671090509051997
3.2668288356415234
3.261654909235294
3.2522464461119185
3.2522464461119185
3.261104751984103
3.2479993553754327
3.234665205713264
3.234665205713264
3.234665205713264
3.2436434862104786
3.2436434862104786
3.243433450702477
3.2554222504454406
3.2554222504454406
3.2554222504454406
3.2545637769162457
3.2545637769162457
3.2545637769162457
3.2545637769162457
3.2545637769162457
3.2492282495428517
3.263381868792598
3.263381868792598
3.275734495551172
3.2608739898273975
3.2706860504012245
3.272699829471526
3.272699829471526
3.2599751039758678
3.2599751039758678
3.2321851464689195
3.260816267636848
3.262343084409991
3.2628825483181902
3.2302144004513984
3.2290838493874006
3.2290838493874006
3.2290838493874006
3.2314968620793647
3.222071729124612
3.207918512508885
3.207918512508885
3.2125992080522883
3.2125992080522883
3.2125992080522883
3.2205667188150358
3.2205667188150358
3.228951355484562
3.228951355484562
3.224989938617897
3.227834959131378
3.2278485960939487
3.2272072250416644
3.2308055946011125
3.2308055946011125
3.2308055946011125
3.2238981914014953
3.2189952649379823
3.2054833259175926
3.2054833259175926
3.2103179121841965
3.2103179121841965
3.2194973412731445
3.2227703718990557
3.2227703718990557
3.2227703718990557
3.2227703718990557
3.2227703718990557
3.2227703718990557
3.23775214204833
3.23775214204833
3.2443479671302766
3.2385663213638236
3.2239639939596905
3.2239639939596905
3.2239639939596905
3.2239639939596905
3.2245770880510207
3.2249910047649446
3.2249910047649446
3.2249910047649446
3.218280743384553
3.221024317456984
3.2341795601739887
3.2341795601739887
3.2470349108307777
3.2470349108307777
3.2503688458475732
3.2395375096117864
3.2395375096117864
3.2321037506601886
3.240617525619347
3.240617525619347
3.2332728192147107
3.2332728192147107
3.2332728192147107
3.2247143280437855
3.2247143280437855
3.225232317662301
3.225232317662301
3.225232317662301
3.2317090050532986
3.227246507218526
3.227246507218526
3.238312098749041
3.238312098749041
3.238312098749041
3.238312098749041
3.238312098749041
3.238312098749041
3.2285964727124914
3.2383966510023363
3.2532636821788823
3.2532636821788823
3.2532636821788823
3.2532636821788823
3.231550193397296
3.2461778138001502
3.2461778138001502
3.250940130751778
3.2446297890774822
3.2446297890774822
3.2372700435803434
3.2372700435803434
3.2372700435803434
3.2372700435803434
3.2375703723548663
3.243198473408011
3.243198473408011
3.243198473408011
3.243198473408011
3.243198473408011
3.2354370401435775
3.2354370401435775
3.2354370401435775
3.2293960122627907
3.2326961066867086
3.2326961066867086
3.2326961066867086
3.2326961066867086
3.2699971774293526
3.2699971774293526
3.2767602449431705
3.2767602449431705
3.26274247430731
3.26274247430731
3.2611236987993295
3.262324905892292
3.262324905892292
3.276850404375483
3.276850404375483
3.276850404375483
3.2792823941651403
3.2522160830539857
3.2522160830539857
3.263025797280205
3.268101585388912
3.268101585388912
3.2586739448647353
3.2586739448647353
3.2586739448647353
3.2586739448647353
3.2586739448647353
3.2586739448647353
3.2573191866642968
3.2573191866642968
3.2573191866642968
3.2489157030138607
3.2489157030138607
3.254430994764022
3.2663317987046354
3.244781564572878
3.2762012278132135
3.277976170752767
3.276765896671963
3.254536272012566
3.271744485123237
3.269518008872166
3.269518008872166
3.269518008872166
3.278292059254851
3.278292059254851
3.2545596748545704
3.255023230590984
3.255023230590984
3.2494428101481763
3.245990057251578
3.245990057251578
3.245990057251578
3.231466928840984
3.231466928840984
3.257635521511912
3.2594444142896197
3.2594444142896197
3.2504611423926866
3.2504611423926866
3.2504611423926866
3.2504611423926866
3.2504611423926866
3.2504611423926866
3.2504611423926866
3.2315680112898137
3.2238220734336034
3.2152390388646896
3.2152390388646896
3.2152390388646896
3.2152390388646896
3.2152390388646896
3.2152390388646896
3.2152390388646896
3.209719207531952
3.209719207531952
3.2117453366547006
3.2117453366547006
3.239676416129671
3.239676416129671
3.239963267699592
3.239963267699592
3.228144688166204
3.217211518277906
3.22277947187688
3.2190689585259165
3.2190689585259165
3.226925722890096
3.2352722817532653
3.2352722817532653
3.2392657950527193
3.2344500118869637
3.2436562491919063
3.2436562491919063
3.245732167440239
3.245732167440239
3.2609559499353757
3.2645954065058365
3.2532504948126015
3.2638101871470497
3.2638101871470497
3.2638101871470497
3.2638101871470497
3.259909607985007
3.259909607985007
3.239113545983068
3.239113545983068
3.2518085420103695
3.2366365784666518
3.2261770237791954
3.224027307019075
3.2461044714099754
3.2461044714099754
3.2461044714099754
3.2461044714099754
3.2521119684338515
3.253805716533941
3.243245810215664
3.2430000419679166
3.2430000419679166
3.26078369748881
3.2715907096373065
3.2715907096373065
3.2532345363142645
3.2532345363142645
3.2532345363142645
3.2542749398811703
3.2525169516102888
3.274219622269879
3.2559396617942618
3.2559396617942618
3.2535625671327555
3.246193029701743
3.246193029701743
3.246193029701743
3.234759252008417
3.250432298387862
3.2317895907077943
3.2317895907077943
3.2317895907077943
3.2317895907077943
3.2317895907077943
3.2317895907077943
3.248563401167396
3.245853378006661
3.245853378006661
3.245853378006661
3.245853378006661
3.245853378006661
3.258554004013289
3.255007558700619
3.2683813512367683
3.2683813512367683
3.2697813910247735
3.2834161104372104
3.290517731866667
3.290517731866667
3.2699624203036315
3.2699624203036315
3.2699624203036315
3.2699624203036315
3.285327375857198
3.281348227556198
3.276146137793495
3.270297659701416
3.2550603657816235
3.2550603657816235
3.2550603657816235
3.2550603657816235
3.2533601586346266
3.258972384154595
3.256407956301736
3.256407956301736
3.256407956301736
3.2403697019160274
3.2288119414984306
3.2288119414984306
3.244857698061031
3.244857698061031
3.2443168209481166
3.220543419447398
3.220543419447398
3.2426508325004404
3.2462112271839123
3.233334039074442
3.232322651543214
3.223510994257488
3.223510994257488
3.2202297426030997
3.220231355652843
3.2236349841312717
3.2195124268242856
3.2195124268242856
3.2200296989263513
3.2486654796740746
3.2486654796740746
3.226929533108086
3.22375680992084
3.22642173562163
3.210618913576472
3.210618913576472
3.2279130606167317
3.2409867353828448
3.259523136536625
3.266427985641461
3.266427985641461
3.2565291298075008
3.2565291298075008
3.2565291298075008
3.2565291298075008
3.2565291298075008
3.2548329284690167
3.2548329284690167
3.2548329284690167
3.242146873954884
3.242146873954884
3.2307713056277074
3.2307713056277074
3.2307713056277074
3.2307713056277074
3.2154014751299225
3.2277599766759995
3.227121029847043
3.1972912598709087
3.2060905479155224
3.2060905479155224
3.2060905479155224
3.2060905479155224
3.215739894638194
3.215739894638194
3.215739894638194
3.200280391582735
3.223103397562936
3.223103397562936
3.223103397562936
3.223103397562936
3.2344931207436085
3.2344931207436085
3.238987895668348
3.251098867088104
3.251098867088104
3.2635100445373513
3.2635100445373513
3.2635994241778743
3.2635994241778743
3.251340460822577
3.2555256817617675
3.2529741079505916
3.2529741079505916
3.2345118802590713
3.2345118802590713
3.242244663171879
3.242244663171879
3.2548693872367296
3.2529131241588627
3.251914414879003
3.251914414879003
3.2434943242155394
3.227503878648236
3.2427368393570664
3.2427368393570664
3.2497747822020413
3.2497747822020413
3.246375064232272
3.241221602315068
3.241221602315068
3.241221602315068
3.241221602315068
3.249466280322434
3.2402380211885733
3.2474897553068462
3.2559399574229344
3.2559399574229344
3.232543043695011
3.232543043695011
3.2687171756545284
3.2587544346283215
3.282268245285601
3.284637205848196
3.280951888465638
3.280284430405907
3.280284430405907
3.280284430405907
3.253390370699897
3.239191452530078
3.239191452530078
3.239184673383569
3.2361810126899084
3.2361810126899084
3.2361810126899084
3.2361810126899084
3.241883282555736
3.241883282555736
3.241883282555736
3.2589459367708016
3.279892276160688
3.279892276160688
3.277523091836512
3.277523091836512
3.2840674683025712
3.2713408567061135
3.2713408567061135
3.2713408567061135
3.2713408567061135
3.2713408567061135
3.2646810417681085
3.2509609536817394
3.2509609536817394
3.266997204964412
3.2493228092259576
3.2493228092259576
3.2454939182799967
3.2454939182799967
3.2454939182799967
3.2454939182799967
3.2454939182799967
3.2454939182799967
3.266922162952099
3.2659327764579347
3.2659327764579347
3.2659327764579347
3.2659327764579347
3.269003312885629
3.269003312885629
3.269003312885629
3.269003312885629
3.2653580867883574
3.2653580867883574
3.267200625568476
3.2396912349296936
3.2396912349296936
3.2510137566810537
3.2510137566810537
3.221926248641035
3.243101055268715
3.2346303987090126
3.2346303987090126
3.2346303987090126
3.2346303987090126
3.240322523741557
3.240322523741557
3.240322523741557
3.240322523741557
3.240322523741557
3.2355726300690213
3.2355726300690213
3.2421027038339614
3.2505866654601157
3.2505866654601157
3.2505866654601157
3.265154807856924
3.2462494672756326
3.2462494672756326
3.2462494672756326
3.2462494672756326
3.2462494672756326
3.2462494672756326
3.2462494672756326
3.227878622883169
3.227878622883169
3.2342897775675157
3.197583036456761
3.197583036456761
3.2052447262386874
3.2052447262386874
3.227076236723721
3.221711324126678
3.221711324126678
3.2078298254199784
3.2050434034433053
3.2050434034433053
3.242790465022734
3.242790465022734
3.242790465022734
3.242790465022734
3.242790465022734
3.242790465022734
3.242790465022734
3.2602055049227765
3.255070347505092
3.255070347505092
3.255070347505092
3.2218790380624442
3.239115535722456
3.2413877798899526
3.2413877798899526
3.2413877798899526
3.2413877798899526
3.2413877798899526
3.2413877798899526
3.2427104930444277
3.2485746292625546
3.2485746292625546
3.261420856978187
3.251985110643337
3.245908332841747
3.2480294905001084
3.252913853689538
3.252913853689538
3.252913853689538
3.252913853689538
3.2427488636626283
3.2427488636626283
3.2427488636626283
3.23581180421444
3.23581180421444
3.23581180421444
3.23581180421444
3.252615796170034
3.252615796170034
3.245291466488471
3.245291466488471
3.245291466488471
3.245291466488471
3.245291466488471
3.245291466488471
3.245291466488471
3.260923317988517
3.2600161212846888
3.2600161212846888
3.2549967700254117
3.2547670651835063
3.2547670651835063
3.235859674107797
3.235859674107797
3.244281436969407
3.244281436969407
3.2524424448502285
3.241555793265674
3.2527571659154266
3.2527571659154266
3.2761770728679767
3.2514336675001068
3.2477171320463705
3.2477171320463705
3.2609960269473968
3.2609960269473968
3.2715093627817424
3.263323787907464
3.263323787907464
3.261829264508739
3.261829264508739
3.2634660784745972
3.2565918939759007
3.2565918939759007
3.258684837123529
3.268754132647464
3.263382550247503
3.263382550247503
3.2676102701448086
3.2676102701448086
3.263288435827004
3.263288435827004
3.2374828111057354
3.2436634658026717
3.24383699419091
3.2173941153137595
3.2173941153137595
3.215341100031486
3.2366378818299233
3.2366378818299233
3.2366378818299233
3.2366378818299233
3.2406531355490236
3.2320753809014993
3.266482502573055
3.266482502573055
3.266482502573055
3.266482502573055
3.2616268766512775
3.2546166646761323
3.254449589629077
3.254449589629077
3.2381855705507627
3.2633133278952875
3.242803894701533
3.242803894701533
3.242803894701533
3.252666499276077
3.252666499276077
3.242100589162009
3.242100589162009
3.2428835515688865
3.2428835515688865
3.2343804403854377
3.233572946703944
3.219223935569274
3.2414475222773595
3.2274427504087213
3.2274427504087213
3.214047311104416
3.227699846958016
3.227699846958016
3.2403631502758574
3.230055691813326
3.230055691813326
3.2412886084162413
3.2412886084162413
3.258770731582209
3.257080607173126
3.2472539826073823
3.2472539826073823
3.239084115250102
3.253800980063713
3.2626573230293925
3.2626573230293925
3.2626573230293925
3.23914764183238
3.2287392892486624
3.227936250392497
3.227936250392497
3.2602360557825514
3.2602360557825514
3.2602360557825514
3.259715702408006
3.226081531759225
3.2327211341830573
3.233934620497316
3.2777403759916
3.2777403759916
3.2777403759916
3.2777403759916
3.2777403759916
3.2777403759916
3.246741128393983
3.246741128393983
3.246741128393983
3.2389081685187735
3.226085718906464
3.226085718906464
3.226085718906464
3.226085718906464
3.250075729891557
3.245734836756016
3.245734836756016
3.245734836756016
3.2468613931644477
3.2468613931644477
3.2496795000610716
3.2496795000610716
3.2496795000610716
3.2670237915876275
3.2670237915876275
3.2438945437524387
3.238628252227478
3.238628252227478
3.238585854041884
3.238585854041884
3.238585854041884
3.238585854041884
3.238585854041884
3.238585854041884
3.255057968766606
3.2497149672081314
3.2497149672081314
3.246454136524756
3.246454136524756
3.2493959421175616
3.235578081563711
3.232087488630895
3.2479077480315857
3.2471591678672196
3.2471591678672196
3.236256302729326
3.236256302729326
3.236256302729326
3.236256302729326
3.2314003520443597
3.2314003520443597
3.2314003520443597
3.2314003520443597
3.2219205795043355
3.214123653385255
3.205923536772866
3.2433064308008372
3.2433064308008372
3.235048494487566
3.2279248847987576
3.2274978322738406
3.2216633305476217
3.2429513529510308
3.2429513529510308
3.226933864744038
3.2374847546316934
3.218948922568673
3.219142628466929
3.219142628466929
3.219142628466929
3.196607154181874
3.196607154181874
3.1979180251427617
3.192587536250223
3.192587536250223
3.2148737816043496
3.2051322685051886
3.200687230463973
3.202104315460259
3.202104315460259
3.202104315460259
3.2300186917809235
3.2300186917809235
3.2300186917809235
3.234478180775957
3.2470044963066758
3.2272434742097182
3.24819231190448
3.257485315119709
3.257485315119709
3.265088296813511
3.2609234808998715
3.2609234808998715
3.2371371837339775
3.241116572340043
3.2224992677942037
3.2224992677942037
3.2224992677942037
3.2224992677942037
3.2224992677942037
3.2224992677942037
3.2546644999732073
3.2546644999732073
3.238590676503197
3.238590676503197
3.2368906172548164
3.2165406955648668
3.2355145159325738
3.2381332849517714
3.243351441388103
3.243351441388103
3.249518542792472
3.249518542792472
3.249518542792472
3.242749702705756
3.242749702705756
3.235558585188764
3.235558585188764
3.228383977972934
3.2283277925989267
3.2283277925989267
3.2283277925989267
3.2283277925989267
3.2233281937461
3.224356965073922
3.224356965073922
3.236280065971929
3.2379675412257636
3.232770766970237
3.23599412502976
3.23599412502976
3.2542039061055905
3.2542039061055905
3.2542039061055905
3.2542039061055905
3.2506944607359354
3.2506944607359354
3.2506944607359354
3.2506944607359354
3.2420086409393045
3.252346154579408
3.252346154579408
3.252346154579408
3.2434496569671225
3.2434496569671225
3.2596392490071184
3.2596392490071184
3.2596392490071184
3.255122469675401
3.2615719148615345
3.2615719148615345
3.2615719148615345
3.2615719148615345
3.270001996183682
3.2716642541882965
3.2684254216752637
3.2684254216752637
3.2532326934281732
3.2532326934281732
3.254271181024185
3.254271181024185
3.2513101800541073
3.232561717278667
3.232561717278667
3.232561717278667
3.2315345741674784
3.2315345741674784
3.259447262008433
3.2753634940686163
3.276323089679918
3.2680536271997704
3.2478971419201446
3.2419699011668186
3.2659925242921872
3.269105250595007
3.269105250595007
3.269105250595007
3.2706586874989036
3.2706586874989036
3.2706586874989036
3.28210974571823
3.28210974571823
3.290011615431325
3.290011615431325
3.290011615431325
3.290011615431325
3.290011615431325
3.290011615431325
3.282428382409422
3.282428382409422
3.2697987268946482
3.2697987268946482
3.262635618909247
3.262635618909247
3.262635618909247
3.2775169455767115
3.2775169455767115
3.2787068315760264
3.2787068315760264
3.2787068315760264
3.23339646780839
3.246140314496314
3.246140314496314
3.262799870177235
3.262799870177235
3.24224034376507
3.24224034376507
3.2324611780336694
3.2324611780336694
3.2324611780336694
3.2324611780336694
3.2324611780336694
3.2324611780336694
3.2324611780336694
3.218246452506734
3.218246452506734
3.218246452506734
3.2139432297386406
3.2139432297386406
3.2139432297386406
3.2150732764829395
3.2063431938490834
3.2063431938490834
3.236172184491727
3.2345270917470046
3.206982059599925
3.206982059599925
3.207660367125418
3.211274949745436
3.1958658650726535
3.1958658650726535
3.191833183076827
3.2128888686666235
3.229916159215966
3.2389138650357365
3.248626419890952
3.2394756236035036
3.241386266584124
3.24330510828203
3.229665300579943
3.234326134667132
3.234326134667132
3.2377511723923402
3.231065041434258
3.231065041434258
3.231065041434258
3.231065041434258
3.2288705402435576
3.2279739682128943
3.2583038439877594
3.2170563012161364
3.217354704833512
3.23235837566887
3.23235837566887
3.23235837566887
3.2219487291184894
3.2219487291184894
3.2219487291184894
3.2219487291184894
3.2219487291184894
3.22191093794429
3.234803804351913
3.234803804351913
3.234803804351913
3.234803804351913
3.206525048677773
3.206525048677773
3.230316961847371
3.230316961847371
3.2238000384217864
3.2048640192309232
3.2048640192309232
3.224062391318606
3.219213388267732
3.2273767976506464
3.2273767976506464
3.2273767976506464
3.2273767976506464
3.2482619520817777
3.2259987433477133
3.2259987433477133
3.2259987433477133
3.2422397455222276
3.2382030185431505
3.2382030185431505
3.2430914007857297
3.2430914007857297
3.2430914007857297
3.239551083785097
3.239551083785097
3.239551083785097
3.2159893240394406
3.2159893240394406
3.199371890700319
3.2113980539970535
3.1966817721505323
3.1966817721505323
3.181490332173901
3.181490332173901
3.1911594773514285
3.1852908254137793
3.201738712632995
3.1884952137267413
3.1884952137267413
3.1884952137267413
3.1884952137267413
3.216420292720457
3.216420292720457
3.216420292720457
3.216420292720457
3.194118463229736
3.196422232149719
3.2085806601658597
3.2173970428768124
3.2173970428768124
3.2239404810155112
3.2304160984914545
3.2315742636685716
3.2315742636685716
3.2315742636685716
3.2315742636685716
3.2315742636685716
3.231193588411428
3.228491242006326
3.2385332808492424
3.2385332808492424
3.230863354716712
3.230863354716712
3.2531870847670232
3.2376376848490085
3.2376376848490085
3.2313930838497877
3.247061375463387
3.247061375463387
3.247061375463387
3.2366844670476103
3.2366844670476103
3.242489502046417
3.2441330744038877
3.2462988637598844
3.235567608512406
3.235567608512406
3.235567608512406
3.235422702100691
3.235422702100691
3.229034629058562
3.2301230053096575
3.2301230053096575
3.2479429910725948
3.2552003303858053
3.2552003303858053
3.2552003303858053
3.2552003303858053
3.2552003303858053
3.2552003303858053
3.2552003303858053
3.257046534980608
3.2342845062376995
3.2348225907153014
3.2217650564304297
3.2217650564304297
3.222623654956335
3.222623654956335
3.222623654956335
3.222623654956335
3.229512590662453
3.229512590662453
3.229512590662453
3.247810380020188
3.247810380020188
3.247810380020188
3.247810380020188
3.2421672723004256
3.23253534563779
3.233026953303213
3.2447599748004725
3.2668809155960923
3.26760902016538
3.269851972030423
3.269851972030423
3.269851972030423
3.269851972030423
3.251169512610062
3.2565392233045984
3.2565392233045984
3.256740012759206
3.2722341288008603
3.2589669753101056
3.2462066899440263
3.2462066899440263
3.223448806375213
3.223448806375213
3.2355786743380808
3.2327378562558695
3.258234996934193
3.258234996934193
3.238795442361812
3.238795442361812
3.249580876557824
3.231569274092469
3.231569274092469
3.223074232188352
3.223074232188352
3.242584538934809
3.247796967388868
3.2240793153376703
3.2192398264710333
3.2192398264710333
3.2192398264710333
3.2192398264710333
3.2167181964386784
3.2167181964386784
3.2134009363985636
3.2134009363985636
3.2134009363985636
3.216689075190465
3.216689075190465
3.214998505987145
3.200344861938311
3.230394690128396
3.2227261179108657
3.2227261179108657
3.2227261179108657
3.2227261179108657
3.2227261179108657
3.2227261179108657
3.1955202182311573
3.238497983926444
3.2250158532043622
3.2250158532043622
3.2295717826260515
3.22710291927595
3.22710291927595
3.22710291927595
3.22710291927595
3.22710291927595
3.22710291927595
3.22710291927595
3.22710291927595
3.2210120437100724
3.2210120437100724
3.235089492441931
3.2442061841217344
3.246417567829236
3.246417567829236
3.246417567829236
3.242616425483128
3.242616425483128
3.242616425483128
3.222803259841449
3.226035001740541
3.226035001740541
3.226035001740541
3.226035001740541
3.218108048706345
3.2154522381405086
3.258531035040238
3.258531035040238
3.2535150814626546
3.2535150814626546
3.2380222326811867
3.2380222326811867
3.239966527708904
3.239966527708904
3.239966527708904
3.2560364682302696
3.253036486886541
3.253036486886541
3.2539384479428417
3.2539384479428417
3.2539384479428417
3.2539384479428417
3.2311200536307934
3.2175574065484924
3.2618495495791224
3.261859942991237
3.261859942991237
3.2652078831927818
3.2652078831927818
3.273891086085687
3.273891086085687
3.273891086085687
3.273891086085687
3.273891086085687
3.2861538270055948
3.2680574713865527
3.269354172482367
3.269354172482367
3.2665958420195693
3.259723291010041
3.27245732352485
3.27245732352485
3.2577709507466746
3.2518398571190654
3.265842705205789
3.261913762162835
3.261913762162835
3.261913762162835
3.248178707736192
3.248178707736192
3.248178707736192
3.248178707736192
3.243105769511844
3.228589345886329
3.228589345886329
3.2318604707880567
3.2509236356119433
3.2509236356119433
3.2087620171914644
3.2496584051205173
3.2496584051205173
3.2638344408816358
3.2768670597014307
3.276543866345026
3.2856950453538687
3.282575009803881
3.2875492630782555
3.2875492630782555
3.263310205120365
3.280400915414071
3.280400915414071
3.2776991623131937
3.277412443741541
3.2856471042081155
3.2696785198761087
3.2696785198761087
3.2696785198761087
3.2586669574856915
3.274874095165381
3.271896431525457
3.271896431525457
3.2632324184685015
3.2446486595622277
3.2446486595622277
3.2446486595622277
3.272521074672388
3.261153093381804
3.2413338690753544
3.2441658126736477
3.2085563206898122
3.221612065461705
3.232343054576308
3.232343054576308
3.232343054576308
3.2604751510040693
3.2604751510040693
3.2604751510040693
3.2604751510040693
3.2604751510040693
3.261542333584717
3.261542333584717
3.261542333584717
3.261542333584717
3.261542333584717
3.261542333584717
3.2514119419463685
3.2514119419463685
3.2514119419463685
3.2380861818308277
3.257510913094556
3.257510913094556
3.257510913094556
3.2648460579101077
3.2648460579101077
3.2352673387814934
3.2262608627349096
3.2262608627349096
3.240489570584424
3.2290994494214242
3.236986627973131
3.236986627973131
3.244414167494846
3.2546754760693584
3.250759539208486
3.2466350529129517
3.2810094889795987
3.2810094889795987
3.2287568903063666
3.2287568903063666
3.2382745701257827
3.2417323882459232
3.2401379010939477
3.228017148439766
3.2379523003661856
3.248545594360064
3.248545594360064
3.2498308307831305
3.2498308307831305
3.2498308307831305
3.2544901303629574
3.2544901303629574
3.2658568304862006
3.26023919397036
3.252081701240739
3.252081701240739
3.252081701240739
3.2422269749896064
3.2422269749896064
3.2432007990936604
3.2432007990936604
3.2629623281947637
3.275908155747053
3.275908155747053
3.2633586044364145
3.2633586044364145
3.2479462529972465
3.253094651272247
3.2264693145530443
3.2264693145530443
3.2384371328005845
3.2394440133759144
3.2394440133759144
3.2394440133759144
3.236261639098579
3.2468000702422217
3.24768251832367
3.244025717099584
3.228937013158959
3.228937013158959
3.221480836660461
3.2211238572326697
3.2403034238162527
3.2403034238162527
3.2394527153772983
3.2394527153772983
3.2394527153772983
3.2293696351362926
3.2260356642064254
3.237275972825705
3.2228728527017414
3.2184395186090597
3.218718611847986
3.253110435622718
3.253772491463468
3.2300847139617592
3.2350629422172883
3.216434657299003
3.2173281727378464
3.2173281727378464
3.2225614397414106
3.2225614397414106
3.2225614397414106
3.2225614397414106
3.2225614397414106
3.2225614397414106
3.225282146266855
3.260170303547524
3.260170303547524
3.252507154941964
3.252507154941964
3.25440010862638
3.25440010862638
3.25440010862638
3.2395059240428528
3.249318122411189
3.2745316274681087
3.283760337930111
3.2836385422481693
3.2836385422481693
3.289493015026735
3.2810604960677114
3.2810604960677114
3.2645853374583993
3.2645853374583993
3.2574881596828833
3.2574881596828833
3.2307303261079934
3.2307303261079934
3.2285339452211845
3.239611588443075
3.239611588443075
3.239611588443075
3.239611588443075
3.241473623071397
3.241473623071397
3.232699607685523
3.2115642017313357
3.2115642017313357
3.2324129896472504
3.2164157798713853
3.2237177967412287
3.2237177967412287
3.207142122193432
3.207142122193432
3.207142122193432
3.207142122193432
3.207142122193432
3.208498508223518
3.208498508223518
3.208498508223518
3.210626773751964
3.19990970414274
3.2053516598704843
3.2053516598704843
3.1930232373427727
3.1930232373427727
3.1930232373427727
3.1930232373427727
3.1930232373427727
3.187873473265604
3.204004295209831
3.224870485035876
3.2066876864107585
3.2066876864107585
3.2066876864107585
3.2087127630960866
3.1838189603309055
3.177843822250377
3.177843822250377
3.175864935615135
3.1793704373260385
3.198486094526724
3.1838819832617933
3.1838819832617933
3.179423255317797
3.179423255317797
3.1907746598396427
3.198223316730414
3.1936533219508423
3.1890632701175456
3.183987738894452
3.180118028599388
3.200936109451694
3.203546169627164
3.203546169627164
3.1882899149006265
3.210687793574643
3.210687793574643
3.2076294784255843
3.2076294784255843
3.210491836927313
3.2118089488173656
3.2118089488173656
3.20544115144478
3.19191333167301
3.19191333167301
3.191570228386599
3.2043250042526945
3.204523551323456
3.197543277291542
3.215351292595918
3.2389488755106286
3.2389488755106286
3.241632036437568
3.2195242800120654
3.2050519379564646
3.188279703367918
3.188279703367918
3.188279703367918
3.19884326167337
3.19884326167337
3.235484383542242
3.236498295047744
3.2158806902031123
3.2007771122982143
3.2006379655345425
3.201019544873585
3.2282415607740846
3.217392655489442
3.2560083562821664
3.2560083562821664
3.2598092543023816
3.265423603250179
3.259547886412546
3.2895117118001767
3.2895117118001767
3.2895117118001767
3.281825271490724
3.281825271490724
3.2528196639255986
3.223460010872364
3.222951710547256
3.222951710547256
3.2183186818748397
3.211884157145359
3.211884157145359
3.211884157145359
3.2234514643234564
3.2234514643234564
3.2234514643234564
3.207409908096016
3.2108767286035977
3.2331022188960348
3.2331022188960348
3.233539912267284
3.233539912267284
3.233539912267284
3.2287972776895044
3.236297402576143
3.2544811913618807
3.274903959442408
3.274903959442408
3.281048415616631
3.251963941874815
3.273374658864868
3.258597940039055
3.281283957393474
3.267701571739761
3.256761265598468
3.256761265598468
3.256761265598468
3.268593405768176
3.268593405768176
3.2623420482548173
3.2709796396001263
3.2709796396001263
3.273161933781395
3.2846474608798872
3.278667018267417
3.2561597696130176
3.2476377549372133
3.2476377549372133
3.2690472718092654
3.2690472718092654
3.271219849538969
3.2598683336064416
3.256066639941221
3.2537910688449894
3.2307790439609545
3.2307790439609545
3.2610482419964137
3.2290604152375657
3.2290604152375657
3.2290604152375657
3.2290604152375657
3.2160486833166457
3.254393306026071
3.254393306026071
3.2214442145247655
3.2214442145247655
3.208348239924093
3.208348239924093
3.208348239924093
3.2014348036632563
3.2014348036632563
3.2014348036632563
3.199613105624906
3.1977942956919985
3.1977942956919985
3.1977942956919985
3.1977942956919985
3.1977942956919985
3.2021425970384607
3.2021425970384607
3.2021425970384607
3.237386367274643
3.2149299679611656
3.217832762090487
3.209539777441933
3.21059354127865
3.21059354127865
3.209300505478463
3.209300505478463
3.209300505478463
3.209300505478463
3.2243317521234083
3.2243317521234083
3.2243317521234083
3.2243317521234083
3.2274535349535283
3.2274535349535283
3.2274535349535283
3.22297214555662
3.22297214555662
3.22297214555662
3.2319524427485127
3.2319524427485127
3.238709879354041
3.2412147788697694
3.232341146636092
3.232341146636092
3.2244338319697734
3.217543664233481
3.217543664233481
3.217543664233481
3.217543664233481
3.2169395766081132
3.2169395766081132
3.2169395766081132
3.21160540069192
3.21160540069192
3.21160540069192
3.21160540069192
3.2244176237817044
3.200387521774728
3.200387521774728
3.2130801129571185
3.1790061370193485
3.1797887202413624
3.1850431498240073
3.1850431498240073
3.1994596752208153
3.1981121172770104
3.1967917071572645
3.1967917071572645
3.1967917071572645
3.215983054309377
3.215983054309377
3.214024720566406
3.2167984288063556
3.225961784754148
3.225961784754148
3.2425815754630203
3.2425815754630203
3.2425815754630203
3.248527156433925
3.2490673650920843
3.2490673650920843
3.259725489133563
3.2627621313213386
3.2647242077014433
3.2647242077014433
3.2712915151117934
3.2392796338662198
3.2392796338662198
3.2392796338662198
3.2392796338662198
3.244837376714195
3.23642544215424
3.263091008868068
3.263799510372586
3.2629136872080498
3.2629136872080498
3.2629136872080498
3.27937498296937
3.2609127576080277
3.2548676613532392
3.2548676613532392
3.2548676613532392
3.2548676613532392
3.2491043363509973
3.2362969353202495
3.2388467988836
3.2436060041898194
3.2438933387268043
3.2575331382984825
3.2411084868399356
3.2653682386619685
3.2496179993238123
3.2496179993238123
3.2671943973140576
3.270705297841872
3.270705297841872
3.270705297841872
3.270705297841872
3.253810718119328
3.253810718119328
3.253810718119328
3.245231044780628
3.245231044780628
3.245231044780628
3.245231044780628
3.230797805109094
3.230797805109094
3.230797805109094
3.251164321377217
3.251164321377217
3.2390858589264195
3.2390858589264195
3.223010219002973
3.223010219002973
3.223010219002973
3.223010219002973
3.223010219002973
3.223010219002973
3.223010219002973
3.2200116075205965
3.232565559204622
3.232565559204622
3.221273634272451
3.221273634272451
3.214832019789911
3.224540829757035
3.224540829757035
3.224540829757035
3.2243133489100173
3.2066143137523815
3.2269513566620245
3.2269513566620245
3.2269513566620245
3.220078869650432
3.220078869650432
3.2256313900739184
3.2256313900739184
3.2251194192989874
3.227234306901463
3.225801008018261
3.2089376025737586
3.228490013299212
3.228490013299212
3.228490013299212
3.2200762151130764
3.2200762151130764
3.2200762151130764
3.2200762151130764
3.211795233684259
3.2345673209537207
3.229281950963674
3.2113432745370103
3.2055529581774347
3.22499598420156
3.2180410038933074
3.2180410038933074
3.2139556747009355
3.2139556747009355
3.2476389567011985
3.250901775498569
3.2369162440936328
3.2369162440936328
3.2369162440936328
3.2488903570730026
3.2488903570730026
3.2488903570730026
3.2488903570730026
3.2128389979685807
3.2217570811901117
3.2263829161768744
3.2461461022052984
3.2461461022052984
3.2258317420909823
3.2258317420909823
3.24326067281261
3.2266200291652547
3.2266200291652547
3.2266200291652547
3.2266200291652547
3.2266200291652547
3.2251614952307293
3.23699030274621
3.2185666321448805
3.2198045472650683
3.2088094218197725
3.2401789816550695
3.2401789816550695
3.2401789816550695
3.2401789816550695
3.2334624387371407
3.2366032201578117
3.2395060311150217
3.255237664959367
3.255237664959367
3.257558954926975
3.2475008577886677
3.2475008577886677
3.2475008577886677
3.2475008577886677
3.2476613784847372
3.2476613784847372
3.234820655675135
3.234820655675135
3.2180336790169717
3.2426389845010193
3.2233353795099706
3.2174222603802107
3.2174222603802107
3.2551353550921807
3.2553627594285905
3.2553627594285905
3.262339440367986
3.262339440367986
3.262339440367986
3.254341567927478
3.254341567927478
3.2649947344257795
3.2543144345732307
3.2544833054648175
3.2455405960881643
3.257916578327213
3.260487653529468
3.2590661896249795
3.2590661896249795
3.2590661896249795
3.2590661896249795
3.2590661896249795
3.263804864497312
3.263804864497312
3.263804864497312
3.2548764520175837
3.240408853205247
3.2176078042333134
3.2301777900435598
3.2301777900435598
3.2301777900435598
3.2301777900435598
3.2185262013129994
3.2185262013129994
3.2197475681368504
3.2197475681368504
3.2197475681368504
3.2223186667594197
3.193791023636212
3.1950689459217902
3.1950689459217902
3.183778442885152
3.199140753054746
3.217628959331674
3.1963985507313017
3.1963985507313017
3.1922251633282914
3.1825401024394186
3.179137940563996
3.193027376269104
3.193027376269104
3.228156732457875
3.228156732457875
3.245609307596909
3.220519945822268
3.2106536995830197
3.2106536995830197
3.213227111632592
3.2050600330280665
3.209308558290396
3.209308558290396
3.209308558290396
3.230560992172435
3.2275730567087986
3.2285580388699535
3.2285580388699535
3.2285580388699535
3.2250541635082404
3.2250541635082404
3.2250541635082404
3.2250541635082404
3.2250541635082404
3.2250541635082404
3.2250541635082404
3.2250541635082404
3.2270808189418116
3.2427497831699728
3.2303010613864784
3.2303010613864784
3.2322271304544827
3.2322271304544827
3.2322271304544827
3.2322271304544827
3.2428015571729167
3.251943853771469
3.251943853771469
3.251943853771469
3.252843897434936
3.267177890083315
3.256832028753788
3.2585527741791998
3.2585527741791998
3.2298184930652005
3.2298184930652005
3.24235615387913
3.24235615387913
3.24235615387913
3.225160011151189
3.2246276859184375
3.2246276859184375
3.2299422055095275
3.2389384043716567
3.2389384043716567
3.2389384043716567
3.2389384043716567
3.2571963040251704
3.2631404452721857
3.2450189114835655
3.2450189114835655
3.246353617518567
3.246353617518567
3.240537427245425
3.2403467116169087
3.238506118558285
3.251680772843703
3.2476602042722416
3.2476602042722416
3.2476602042722416
3.248274621958919
3.248274621958919
3.257745676247206
3.257745676247206
3.2559140562919304
3.2559140562919304
3.2627319288267422
3.2627319288267422
3.2627319288267422
3.2627319288267422
3.265341130090453
3.265341130090453
3.265341130090453
3.27765836678441
3.27765836678441
3.2626010661959
3.2626010661959
3.2626010661959
3.2626010661959
3.2626010661959
3.2626010661959
3.249394114327249
3.249394114327249
3.2596280561029256
3.2596280561029256
3.277938338382922
3.277938338382922
3.285345246899361
3.285345246899361
3.282127177182882
3.282127177182882
3.2775678860895505
3.2775678860895505
3.2775678860895505
3.2691560471108567
3.2626647631652697
3.267557024737909
3.267557024737909
3.260902780708284
3.274932572565035
3.274932572565035
3.274932572565035
3.2844116308651627
3.2533574350468433
3.2411851006209385
3.2411851006209385
3.2411851006209385
3.239705884558296
3.2217995942690574
3.227224475689619
3.212867197809693
3.212867197809693
3.212867197809693
3.2103005135776685
3.2103005135776685
3.212140462862597
3.212140462862597
3.207862739745767
3.207862739745767
3.219002072111271
3.219002072111271
3.219002072111271
3.224250135410415
3.224250135410415
3.21564405079742
3.223241960436128
3.223241960436128
3.223241960436128
3.223241960436128
3.223241960436128
3.23434081402532
3.23434081402532
3.2533501731116865
3.2533501731116865
3.265230979458991
3.265230979458991
3.265230979458991
3.265230979458991
3.271257733846768
3.2573152290023013
3.2573784502197105
3.2573784502197105
3.2793478286284423
3.289886730776348
3.2753062162769027
3.2753062162769027
3.2753062162769027
3.2692435414811936
3.283097028629054
3.287029490987215
3.2791989732950793
3.2622952513613126
3.2622952513613126
3.2622952513613126
3.2767830733632013
3.2668113759225745
3.2668113759225745
3.2668113759225745
3.3155004895073694
3.297081574513926
3.297081574513926
3.297081574513926
3.297081574513926
3.265989820734291
3.271779217341491
3.271779217341491
3.271779217341491
3.271779217341491
3.271779217341491
3.26291120600749
3.2654611367752815
3.2654611367752815
3.2654611367752815
3.2675440174722286
3.229557252229574
3.229557252229574
3.2507570484717383
3.2507570484717383
3.2507570484717383
3.2507570484717383
3.2507570484717383
3.2552054347566477
3.260154049454896
3.263604180767846
3.264030566369345
3.254312139955248
3.254312139955248
3.269878426281685
3.269878426281685
3.269878426281685
3.269878426281685
3.269878426281685
3.264843329596524
3.259109382522817
3.259109382522817
3.259109382522817
3.2604789495656186
3.258600050964366
3.258600050964366
3.2645534099870974
3.274992654641835
3.274992654641835
3.274992654641835
3.284781848963105
3.2607537888839704
3.2867323119188674
3.2894595392845
3.2894595392845
3.2894595392845
3.263506009280547
3.280595052484861
3.266979747151073
3.266979747151073
3.266979747151073
3.2630524808074104
3.2630524808074104
3.256892976030089
3.2756813094030908
3.2756813094030908
3.267157254381796
3.262268727201735
3.2712196863165603
3.2494971404666106
3.2494971404666106
3.2567994144188397
3.2567994144188397
3.2347840541417674
3.2347840541417674
3.2347840541417674
3.2425748067680287
3.2425748067680287
3.263935084852186
3.2708696548680556
3.2734922499223185
3.271629427121515
3.276076595381683
3.257162280824937
3.248363403023974
3.236567545202222
3.236567545202222
3.236567545202222
3.236567545202222
3.2400567766885287
3.2400567766885287
3.2400567766885287
3.2400567766885287
3.2397343837423906
3.2361125979154695
3.2361125979154695
3.249811999924504
3.2363669925813108
3.225310662772444
3.225310662772444
3.225310662772444
3.2461847545499842
3.2638152237504756
3.266697253258542
3.263720956828773
3.2419694743537084
3.2419694743537084
3.235828106224936
3.2528714266644236
3.2528714266644236
3.2576260663027354
3.2576260663027354
3.2160169319638294
3.2341903295560237
3.24652169975445
3.2404684357185287
3.2608330647399386
3.2608330647399386
3.2608330647399386
3.235732218378337
3.24698236142525
3.24698236142525
3.24698236142525
3.24698236142525
3.249779527858296
3.249779527858296
3.2438814435638914
3.2438814435638914
3.229501358171326
3.229501358171326
3.2419739791384745
3.2595467959303366
3.2528203356968635
3.2528203356968635
3.238739599966777
3.238786956543657
3.2396401370319907
3.2349381549777987
3.2349381549777987
3.2349381549777987
3.210070643753447
3.209954022117197
3.2313967632001415
3.2032527589862263
3.2093434012112714
3.2093434012112714
3.207314539494267
3.1927071612940314
3.1927071612940314
3.1927071612940314
3.1927071612940314
3.1927071612940314
3.1927071612940314
3.205914096139045
3.207016836457535
3.207016836457535
3.2161715163065687
3.2174172718030443
3.214687941917913
3.2021138875388973
3.199834219238641
3.199834219238641
3.199834219238641
3.2080645483453303
3.2192532759949515
3.2192532759949515
3.2192532759949515
3.236537997736582
3.217231268533013
3.217231268533013
3.213615292236196
3.191871813093058
3.201114596061934
3.2108112234647805
3.2341228696332713
3.24827175683062
3.254618287799689
3.2500760150767247
3.2560335692948836
3.2560335692948836
3.234588157038656
3.2389423008516056
3.2389423008516056
3.2389423008516056
3.2389423008516056
3.2549454228465424
3.2549454228465424
3.233121594534608
3.233121594534608
3.233121594534608
3.2467531743589753
3.229428121145206
3.234838434790835
3.2374495683670497
3.2374495683670497
3.2302196507152656
3.2302196507152656
3.2302196507152656
3.2302196507152656
3.2302196507152656
3.2302196507152656
3.2220545903229345
3.238727637530613
3.238727637530613
3.238727637530613
3.238727637530613
3.248002938363034
3.248002938363034
3.248002938363034
3.248002938363034
3.248002938363034
3.2307451085251992
3.2307451085251992
3.232662893199882
3.2230601443081928
3.2230601443081928
3.228191978297475
3.228191978297475
3.228191978297475
3.228191978297475
3.228191978297475
3.249056849783356
3.249056849783356
3.2377224933154576
3.2297012187386613
3.2297870904469583
3.2297870904469583
3.2297870904469583
3.2297870904469583
3.2297870904469583
3.2414273992827107
3.2217593562694247
3.2217593562694247
3.2253099132866327
3.2253099132866327
3.2253099132866327
3.223844617289824
3.228795706909225
3.230532014534593
3.2345942158560503
3.245822939385427
3.23874435647642
3.23874435647642
3.23874435647642
3.23874435647642
3.2414824133464935
3.2496965192054046
3.2397861521483025
3.2224723659884233
3.23147054405178
3.242532628234287
3.2432382592514446
3.2278239819591334
3.2188082156067273
3.227408652733578
3.227408652733578
3.227408652733578
3.2178417692114536
3.2178417692114536
3.2178417692114536
3.2417274270020306
3.2197265997244005
3.2197265997244005
3.1966766004177622
3.184753133082861
3.185733730360934
3.2295636530440754
3.2295636530440754
3.226005872172487
3.226005872172487
3.232691975604518
3.2312760656637702
3.2312760656637702
3.2312760656637702
3.237571654538185
3.237571654538185
3.2247000880839636
3.2247000880839636
3.2349592900135007
3.238409364934238
3.2416358904300173
3.255641301451831
3.2649754279400254
3.233035001761682
3.2399610039584448
3.2399610039584448
3.2399610039584448
3.2399610039584448
3.228413032220096
3.228413032220096
3.228413032220096
3.222151320465489
3.222151320465489
3.222151320465489
3.223868864085429
3.223868864085429
3.223868864085429
3.219825046552872
3.219825046552872
3.219825046552872
3.219825046552872
3.2263085000956973
3.2289791576697353
3.2352384322680057
3.226656031096291
3.218380811271218
3.233861817586355
3.2423209354031215
3.243102923824839
3.243102923824839
3.231066481497859
3.244707101865315
3.244707101865315
3.244707101865315
3.2436535171083323
3.2505792701694345
3.22641007987185
3.22641007987185
3.22641007987185
3.22641007987185
3.210471371088479
3.2116018747048156
3.2168864079323387
3.2168864079323387
3.216141885296277
3.216141885296277
3.216141885296277
3.2278010386053335
3.2212428399912962
3.2464564263692917
3.2478003869645566
3.2440397799375855
3.2317656936572914
3.2359336472915814
3.2375772935863463
3.2386479487358266
3.2459183047827675
3.237074169343575
3.2259106762187546
3.2259106762187546
3.2259106762187546
3.2259106762187546
3.227669530187793
3.214898143749612
3.214898143749612
3.214898143749612
3.214898143749612
3.2141323211032073
3.2141323211032073
3.2141323211032073
3.205303377348512
3.205303377348512
3.205303377348512
3.2307086347839316
3.2307086347839316
3.2319252899816346
3.2238515078909193
3.2305195382796366
3.2305195382796366
3.2305195382796366
3.2231146309290173
3.2428012153699948
3.237743442918592
3.237743442918592
3.237743442918592
3.2312817058676426
3.228901465279594
3.228901465279594
3.228901465279594
3.2380242062326476
3.2380242062326476
3.2383000263868023
3.2383000263868023
3.2383000263868023
3.2383000263868023
3.2383000263868023
3.240908969157939
3.241945525340275
3.230827051895561
3.231297742690551
3.243339161624478
3.243339161624478
3.243339161624478
3.2377367000521993
3.2377367000521993
3.225451760071549
3.2185611367750973
3.2431467673101024
3.2431467673101024
3.2431467673101024
3.2431467673101024
3.2396194858362026
3.2396194858362026
3.235746796854941
3.235746796854941
3.2608768711461535
3.2608768711461535
3.2608768711461535
3.2608768711461535
3.2608768711461535
3.2381020044876094
3.2381020044876094
3.220827456393262
3.220827456393262
3.220827456393262
3.220827456393262
3.220827456393262
3.220827456393262
3.220827456393262
3.232676441020675
3.2292404456321444
3.2292404456321444
3.230948382811813
3.230948382811813
3.230948382811813
3.230948382811813
3.230948382811813
3.230948382811813
3.2445652147582993
3.256452772830897
3.2454701560636057
3.2454701560636057
3.2454701560636057
3.2454701560636057
3.207984796343824
3.207984796343824
3.207984796343824
3.207984796343824
3.1951967376360515
3.196349205697928
3.196349205697928
3.203741359980035
3.203741359980035
3.2117268309883147
3.218911513946153
3.225560542362413
3.208452665390894
3.229782392220061
3.229782392220061
3.229782392220061
3.2286898705350024
3.2286898705350024
3.2407605740081356
3.2407605740081356
3.21879490094422
3.240401842753934
3.2337337699275284
3.2337337699275284
3.2337337699275284
3.242066344901908
3.2228655551360488
3.2258459616794637
3.218118455352056
3.218118455352056
3.207128170460285
3.207128170460285
3.227534413453102
3.227534413453102
3.209819305278635
3.217033217648684
3.232214238010014
3.233329730128401
3.233329730128401
3.233329730128401
3.233329730128401
3.233329730128401
3.2261021282933577
3.2458855369916715
3.259948817187274
3.259948817187274
3.259948817187274
3.2440841718130473
3.213225066947577
3.223594759686847
3.2304395805367028
3.2304395805367028
3.2103628261779757
3.2103628261779757
3.2089209275796957
3.20384185724547
3.20384185724547
3.20384185724547
3.20384185724547
3.206928942696943
3.204149667924495
3.204149667924495
3.204149667924495
3.204149667924495
3.2262906374412426
3.2262906374412426
3.205546660864383
3.216634502234935
3.203082101984909
3.203082101984909
3.203082101984909
3.203082101984909
3.203082101984909
3.223380213456355
3.223380213456355
3.223380213456355
3.227818167730194
3.23300334516438
3.2334476767560187
3.2334476767560187
3.2334476767560187
3.246398960832994
3.246398960832994
3.246398960832994
3.246398960832994
3.2547311100283496
3.252727529744828
3.240471531102277
3.273069122327728
3.283234964974112
3.274126416770228
3.274126416770228
3.2445505336836753
3.2445505336836753
3.2445505336836753
3.2445505336836753
3.2503780959185633
3.2487130055521587
3.2453838985781416
3.259444073937663
3.259444073937663
3.259444073937663
3.274579434167516
3.2841808766470155
3.2841808766470155
3.2843871654168715
3.2801749056386744
3.2801749056386744
3.2801749056386744
3.2801749056386744
3.2641312203902566
3.2641312203902566
3.27015597086135
3.2769599735679766
3.2625485396800684
3.2625485396800684
3.257314144024495
3.276571831517887
3.2745127146887127
3.2745127146887127
3.2736929146572833
3.254309307616088
3.266292224849836
3.2498087637243662
3.2498087637243662
3.2590304908575227
3.2590304908575227
3.2499794255038625
3.2499794255038625
3.2593712846393457
3.2383021292467546
3.2602368073675
3.2602368073675
3.2602368073675
3.246910308746712
3.2609756933182306
3.2609756933182306
3.2618316600325703
3.2618316600325703
3.225477560832587
3.2179475809992706
3.2179475809992706
3.2179475809992706
3.2179475809992706
3.2024593741769625
3.2024593741769625
3.237823272862159
3.237823272862159
3.2404397152260276
3.2469201058041195
3.2174281728266814
3.2174281728266814
3.2201293371538897
3.2201293371538897
3.2201293371538897
3.2201293371538897
3.2025475581823475
3.2025475581823475
3.2125965484684293
3.224197349578159
3.224197349578159
3.224197349578159
3.2357277649757092
3.2445931940396076
3.2445931940396076
3.2747251977744076
3.2747251977744076
3.2747251977744076
3.2595265197791345
3.2429783725501173
3.253760931225776
3.253760931225776
3.253760931225776
3.253760931225776
3.2623320360265207
3.2806802725239823
3.2806802725239823
3.283370933058786
3.29438168279909
3.29438168279909
3.2572173159366016
3.2572173159366016
3.258348632631253
3.258348632631253
3.2469232764007567
3.2469232764007567
3.2429518944474087
3.2448083379060084
3.2530080336420397
3.271503044007382
3.278836794614621
3.2535081900576235
3.25325923687719
3.25325923687719
3.2710848952632854
3.259309865441575
3.259309865441575
3.259309865441575
3.259309865441575
3.259309865441575
3.2444146692509204
3.239085804796734
3.250522838185684
3.262239693760738
3.2701034932041875
3.2701034932041875
3.2384702780899106
3.2331013591940505
3.225072567416087
3.225072567416087
3.225072567416087
3.225072567416087
3.225072567416087
3.233313770961651
3.2430889729896113
3.2253597786953763
3.2253597786953763
3.243473917364675
3.243473917364675
3.243473917364675
3.243473917364675
3.243473917364675
3.258039947343145
3.276548201237288
3.273727142478894
3.2681819088447615
3.246136955713889
3.246136955713889
3.2486058224269754
3.2486058224269754
3.2440402441440903
3.2440402441440903
3.2164864219401443
3.256502257717772
3.256502257717772
3.2344101745244354
3.2344101745244354
3.2344101745244354
3.2509028982282517
3.2509028982282517
3.2509028982282517
3.238563589898376
3.2432031911066477
3.251017787941527
3.251017787941527
3.251017787941527
3.251223116848286
3.244111126984058
3.244111126984058
3.244111126984058
3.244111126984058
3.2448103995200253
3.2417900174607888
3.2493372493254715
3.2493372493254715
3.2578931207022213
3.2578931207022213
3.2578931207022213
3.2753353000637655
3.2753353000637655
3.249176327199658
3.242569302760476
3.244035582773888
3.252061412572081
3.2517655471326092
3.267165451385092
3.244211130849363
3.2455495650679826
3.2455495650679826
3.2637988591351195
3.267035699728878
3.267035699728878
3.267035699728878
3.267035699728878
3.267035699728878
3.272612528201111
3.250837565224426
3.239743420198888
3.239743420198888
3.239743420198888
3.2419211284791922
3.2419211284791922
3.229296278385651
3.228594505734749
3.228594505734749
3.2397997074395706
3.2397997074395706
3.2397997074395706
3.233762614679555
3.233762614679555
3.2361514308657435
3.2361514308657435
3.228886125454883
3.2432110865200126
3.2450015722122205
3.2450015722122205
3.229601384124817
3.248184402025788
3.2351128904552016
3.233052951177971
3.227996883390472
3.227996883390472
3.2470201597841974
3.2398499312874427
3.272867645483452
3.2556509213589355
3.257653364533897
3.257653364533897
3.2585894817324395
3.251112809756574
3.253854190373478
3.253854190373478
3.253854190373478
3.2658926734850877
3.264974705648715
3.2640975015093683
3.2640975015093683
3.2640975015093683
3.2563930188972576
3.2563930188972576
3.23451810759892
3.2161281497362957
3.238833659436583
3.2349463072657105
3.249668263189346
3.2597673325487007
3.2597673325487007
3.247883066152099
3.265879940475205
3.268961930986556
3.268961930986556
3.268961930986556
3.267110204926586
3.267110204926586
3.2573074525877073
3.24838780448291
3.24838780448291
3.264305669052826
3.2654727240475285
3.2801824403024997
3.2801824403024997
3.2998227493976033
3.2998227493976033
3.2865482150991294
3.2865482150991294
3.2865482150991294
3.2793472013700007
3.2793472013700007
3.2793472013700007
3.2789353830138546
3.2789353830138546
3.2789353830138546
3.2789353830138546
3.2789353830138546
3.2789353830138546
3.276550097427718
3.276550097427718
3.276550097427718
3.27196033290925
3.2633119436278646
3.2633119436278646
3.27051837727166
3.264171352801392
3.264171352801392
3.266269108003234
3.255337584730256
3.2810119378625227
3.269276987192502
3.2740026667152904
3.266808582517794
3.266808582517794
3.266808582517794
3.271385736416722
3.271385736416722
3.271385736416722
3.271385736416722
3.2777853099572596
3.2777853099572596
3.2548529878909274
3.2548529878909274
3.2548529878909274
3.2590509926029556
3.241554265620236
3.241554265620236
3.241554265620236
3.241554265620236
3.2249658244611177
3.251932406540709
3.251932406540709
3.251932406540709
3.2588183567011435
3.2588183567011435
3.244760514202882
3.2415252919489905
3.227468809179734
3.227468809179734
3.227468809179734
3.24544295605301
3.241543137327827
3.2398777959338956
3.2398777959338956
3.2398777959338956
3.250207884743727
3.237781362205448
3.237781362205448
3.2273845011734927
3.2273845011734927
3.232537946001405
3.232537946001405
3.2288930967403697
3.2515361648261796
3.2544000849815187
3.264733162921905
3.273635647000483
3.2659516371578574
3.2659516371578574
3.2659516371578574
3.2468806253867046
3.2468806253867046
3.223532290575807
3.223532290575807
3.2238655533337774
3.2238655533337774
3.2238655533337774
3.2238655533337774
3.2238655533337774
3.2238655533337774
3.2238655533337774
3.2133430876381364
3.232956155762873
3.233377495179789
3.257551492443041
3.263721462259145
3.263721462259145
3.2618373785775976
3.2089406340074285
3.2089406340074285
3.2194422857027254
3.2171358233711134
3.20731204918901
3.2252759204151595
3.2133195099467424
3.220630435370977
3.2345852605488097
3.2345852605488097
3.2360629991395338
3.2538238548594096
3.239097523069305
3.239097523069305
3.239097523069305
3.2460556693637015
3.2460556693637015
3.2579459965427326
3.2603353420568677
3.2603353420568677
3.2641604849467476
3.2641604849467476
3.2728820377414154
3.2728820377414154
3.2759959792733606
3.2637678038790074
3.2424283447238804
3.2677076815717285
3.2713638441555823
3.2789133551772243
3.2789133551772243
3.2789133551772243
3.2789133551772243
3.2576186296720064
3.2576186296720064
3.2576186296720064
3.2576186296720064
3.2576186296720064
3.2576186296720064
3.235711009603806
3.250071849806718
3.250071849806718
3.250071849806718
3.2504898373886335
3.237146133521691
3.2270135075614395
3.2270135075614395
3.2270135075614395
3.2438154331000995
3.2438154331000995
3.2438154331000995
3.256042310097673
3.256042310097673
3.231171862298869
3.231171862298869
3.227705025875359
3.2515788096958
3.2515788096958
3.2387202804520827
3.2451254870971344
3.2451254870971344
3.261389288036181
3.2367161015576733
3.2327890648939226
3.2327400736917085
3.2593531366934116
3.257154999581035
3.257154999581035
3.257154999581035
3.257154999581035
3.2660099808252534
3.273171308591834
3.273171308591834
3.273171308591834
3.273171308591834
3.273171308591834
3.2811804096630715
3.2811804096630715
3.2811804096630715
3.3017229251062705
3.2730718633318343
3.284010690740058
3.2884503790668482
3.2895138077090373
3.2814279542190694
3.2601862419969043
3.2447136646940575
3.241327431536206
3.241327431536206
3.241327431536206
3.259964960319984
3.2695725991580944
3.2695725991580944
3.257492774183019
3.257492774183019
3.257492774183019
3.238673348193516
3.238673348193516
3.238673348193516
3.2313402096378225
3.2216172920058055
3.2251469637779304
3.231601184632257
3.231601184632257
3.2154116769552914
3.2154116769552914
3.2114885848298163
3.2230189773706464
3.225642092704543
3.2058394609558882
3.2058394609558882
3.2058394609558882
3.1833367348645405
3.207061120811981
3.2082347998878276
3.2082347998878276
3.1962699330613655
3.209200321031478
3.212886333247652
3.2353900290582533
3.2353900290582533
3.2353900290582533
3.2250652127208697
3.2250652127208697
3.233539960934506
3.2183435615001352
3.2183435615001352
3.2183435615001352
3.2146567116972813
3.2146567116972813
3.2369248020087444
3.2369248020087444
3.2327899528467308
3.2327899528467308
3.2327899528467308
3.2327899528467308
3.236899286931845
3.252996703669246
3.257477562046755
3.2558701456810564
3.2558701456810564
3.2530285950209334
3.2530285950209334
3.2530285950209334
3.2466734894254663
3.264780922986931
3.2553056542150065
3.2745551085202447
3.2653587601010754
3.283902518321955
3.2811485319643334
3.2742086266978423
3.279575381991785
3.265273322432244
3.266504902165367
3.266504902165367
3.2605873245842916
3.255201657948257
3.255201657948257
3.2245643215092983
3.2245643215092983
3.2504356959870666
3.239635411416838
3.239635411416838
3.2326267950227305
3.210635392087512
3.210635392087512
3.210635392087512
3.2182967490139385
3.2289438477408705
3.2289438477408705
3.209828781480064
3.209828781480064
3.209828781480064
3.209828781480064
3.2232818107782313
3.2232818107782313
3.2145142667311895
3.2158312754411726
3.2331463791374055
3.245738339999178
3.2118743126567404
3.2128967157843964
3.205966991086491
3.187861925194703
3.206966949000709
3.206966949000709
3.188791731483548
3.188791731483548
3.1938128966875206
3.1938128966875206
3.1938128966875206
3.186944911426161
3.1888061946959305
3.2045926203001596
3.2344366909622906
3.2344366909622906
3.2342926325566124
3.2379761474492637
3.2374783850518423
3.2374783850518423
3.2374783850518423
3.2374783850518423
3.2002988449328162
3.2130107008850803
3.2130107008850803
3.206448642319378
3.206448642319378
3.206448642319378
3.206448642319378
3.2217425322301096
3.2172927265039664
3.2325622024933254
3.216231182149571
3.2015523889866593
3.2133374792280365
3.2287880185804485
3.2226066663460182
3.2226066663460182
3.207729170186207
3.23650227361669
3.23650227361669
3.2155020578459124
3.2155020578459124
3.2155020578459124
3.2155020578459124
3.2049533679694866
3.217737328705656
3.2169550522854906
3.2058952703410704
3.2058952703410704
3.2255150391619627
3.206973784700552
3.2075913531294975
3.1961384673808166
3.218110682269923
3.243201826498926
3.243201826498926
3.243201826498926
3.251303237192387
3.251303237192387
3.251303237192387
3.249980454544149
3.249980454544149
3.257546737419399
3.257546737419399
3.257546737419399
3.257316781507776
3.256693127837041
3.262011536402618
3.262011536402618
3.250830155532784
3.250830155532784
3.250830155532784
3.2575910143379216
3.235025730288119
3.2152685312485687
3.2172709166233306
3.2172709166233306
3.2172709166233306
3.2371601504013987
3.227084480924548
3.227084480924548
3.215986191703981
3.215986191703981
3.2238304007487666
3.251420812094087
3.251420812094087
3.2346143793565516
3.2346143793565516
3.2342673206760004
3.2342673206760004
3.229716704428103
3.229716704428103
3.2447299585865625
3.2447299585865625
3.2511179658171785
3.2511179658171785
3.2511179658171785
3.2511179658171785
3.2511179658171785
3.2511179658171785
3.2686553972057992
3.2575964013305083
3.2575964013305083
3.254830551209374
3.273664300914479
3.271933234248821
3.2547759606297024
3.2547759606297024
3.2547759606297024
3.255840139701808
3.242858268475577
3.263498698114232
3.2690032588786937
3.2774621195202287
3.264579689469349
3.2676809296916103
3.2676809296916103
3.2676809296916103
3.2658806668802782
3.2658806668802782
3.2658806668802782
3.254760685762382
3.254760685762382
3.2581451308922955
3.242782630269103
3.242782630269103
3.242782630269103
3.223106259964108
3.234653239465231
3.2343897271170863
3.2343897271170863
3.2343897271170863
3.2351514168491424
3.2351514168491424
3.2550015059548203
3.2550015059548203
3.2550015059548203
3.2555472022588376
3.247184392635442
3.2401495844440538
3.2377038493858175
3.2361900524886775
3.256820465099074
3.2472924817694504
3.2472924817694504
3.2472924817694504
3.2472924817694504
3.25094547022827
3.25094547022827
3.2319739649275925
3.24195270550187
3.24195270550187
3.24195270550187
3.238030131250816
3.238030131250816
3.238030131250816
3.238030131250816
3.238030131250816
3.2197576478828287
3.241155858866051
3.241155858866051
3.2525961396729413
3.2525961396729413
3.242402414374263
3.2225990195152963
3.2225990195152963
3.2225990195152963
3.2225990195152963
3.2243348957709603
3.2243348957709603
3.2399247317939017
3.2465178745422887
3.2465178745422887
3.2468561198329144
3.2185531970514165
3.2218414981174517
3.2218414981174517
3.2136671492808273
3.230234598857306
3.235595525449953
3.236318562035665
3.236318562035665
3.22667728881094
3.22667728881094
3.249129161211887
3.250749796725854
3.2289969998603696
3.2289969998603696
3.2596366292938437
3.261619411983824
3.2690918738609054
3.254817297919826
3.2510707612569174
3.261732114505341
3.2437840389911936
3.2502197974737896
3.2502197974737896
3.2383812526645785
3.2383812526645785
3.2383812526645785
3.2383812526645785
3.253065832909592
3.228279022794077
3.234391123703935
3.257346962262449
3.257346962262449
3.261801367873233
3.2607949463083514
3.2651114096214866
3.2396150735574727
3.2396150735574727
3.2445074074738853
3.2464375404868124
3.2464375404868124
3.2510921304652447
3.2447808645407026
3.2447808645407026
3.2447808645407026
3.2447808645407026
3.2535354687054423
3.2535354687054423
3.2331436536917337
3.2450114478652665
3.246956792438128
3.246956792438128
3.246956792438128
3.2453517292682132
3.2453517292682132
3.2266050853968555
3.219583670347627
3.2357280439074643
3.2241730136672797
3.2241730136672797
3.2316396502960014
3.2316396502960014
3.2085145295902238
3.2085145295902238
3.1942974928640036
3.1942974928640036
3.1942974928640036
3.195126947681056
3.2181405443279774
3.2309809527457847
3.228271220948565
3.2293852205899403
3.2293852205899403
3.2327559548723324
3.215045747590648
3.2214338125641726
3.2214338125641726
3.2103695033331827
3.2103695033331827
3.2103695033331827
3.2103695033331827
3.214893570327075
3.2124080734714107
3.217612359668874
3.217612359668874
3.217612359668874
3.217612359668874
3.217612359668874
3.217612359668874
3.217612359668874
3.238455882174874
3.2338971645424377
3.225358021607731
3.225358021607731
3.212751403971833
3.212751403971833
3.212751403971833
3.212751403971833
3.23917025127501
3.23917025127501
3.23917025127501
3.238321751699545
3.238321751699545
3.221626934817519
3.2242986736331827
3.234317064521331
3.2542238687529164
3.2327980022783294
3.2327980022783294
3.2327980022783294
3.2118249113750403
3.2118249113750403
3.2068367158489224
3.2133668654803227
3.2133668654803227
3.2133668654803227
3.247115802300198
3.252835125488549
3.2454204498798007
3.246767230571034
3.246767230571034
3.246767230571034
3.2575736961609483
3.2558343401877887
3.27070171224185
3.283580506447126
3.2698583955006093
3.2789993932829318
3.260840565547571
3.258878733438434
3.2704402592987627
3.2704402592987627
3.270045537109887
3.270045537109887
3.2599364896208636
3.2599364896208636
3.2599364896208636
3.2599364896208636
3.239655917195541
3.2437570997402863
3.2416146578233827
3.2416146578233827
3.2356595541906445
3.2356595541906445
3.2356595541906445
3.220889171524646
3.2421957660011747
3.233719852529919
3.233719852529919
3.228708200857815
3.2358679320487473
3.224087512364966
3.217401417998838
3.1889468383248394
3.1887375397831135
3.221704751642828
3.2218906213524
3.2218906213524
3.2218906213524
3.2218906213524
3.2218906213524
3.2218906213524
3.2304988178923004
3.2304988178923004
3.2372647085447634
3.2372647085447634
3.2372647085447634
3.2372647085447634
3.229923078244715
3.2274198371618312
3.2220668889951964
3.2437029041833645
3.2462170936086734
3.2663122047955118
3.2663760236876755
3.249773374847983
3.249773374847983
3.229117350453424
3.2118478726246726
3.2118478726246726
3.218792711905688
3.229958284174827
3.229958284174827
3.229958284174827
3.2237699863575986
3.2237699863575986
3.224569926213397
3.2304105920732447
3.2304105920732447
3.232249964169251
3.2595521640102625
3.2595521640102625
3.222093211071524
3.222093211071524
3.222093211071524
3.222093211071524
3.225632500757664
3.2272697683121416
3.236952565697602
3.2434820926140513
3.2434820926140513
3.2434820926140513
3.2434820926140513
3.246054237331344
3.246054237331344
3.2657993628625004
3.2507533876767027
3.2507533876767027
3.2507533876767027
3.2507533876767027
3.263607769644571
3.26680734062585
3.26680734062585
3.26680734062585
3.2548872788304406
3.2548872788304406
3.2666787195485214
3.2383710587514636
3.2426175088455067
3.2697629855840704
3.2697629855840704
3.2697629855840704
3.2703155006217117
3.2703155006217117
3.2703155006217117
3.2711862128364495
3.2676617312525056
3.2461342024776014
3.2461342024776014
3.247980669869269
3.247980669869269
3.247980669869269
3.2474749394197886
3.229117648242205
3.229117648242205
3.229117648242205
3.2446487420212096
3.222297882034478
3.222297882034478
3.222297882034478
3.2677010042168186
3.2627435700860388
3.2567972548293342
3.275864967609887
3.275864967609887
3.2711801042347175
3.271144149951816
3.262680848873094
3.300460154669452
3.2912800998521368
3.2912800998521368
3.2907626454815024
3.2907626454815024
3.2846596875281224
3.2846596875281224
3.2846596875281224
3.2846596875281224
3.2846596875281224
3.2881167772801376
3.273536535418304
3.2877621857390027
3.2877621857390027
3.264810582937586
3.264810582937586
3.264810582937586
3.264810582937586
3.2624422436934375
3.2585067032874897
3.2585067032874897
3.252407542309839
3.2579170399058484
3.2532629320507436
3.2530026473140246
3.259675374730937
3.2548369156789585
3.227116665121953
3.227116665121953
3.227116665121953
3.227116665121953
3.227116665121953
3.227116665121953
3.227116665121953
3.232213320616215
3.232646958209119
3.232646958209119
3.2274052440604666
3.2503085630078576
3.2403784835087683
3.241373898039092
3.216764368356315
3.239631706729544
3.232952771141948
3.229031274397616
3.229031274397616
3.229031274397616
3.229031274397616
3.229031274397616
3.229031274397616
3.229031274397616
3.2324283816844606
3.2324283816844606
3.2324283816844606
3.2371222196452885
3.2371222196452885
3.2386372372049883
3.2386372372049883
3.246170875650208
3.241247855750594
3.241247855750594
3.2424920829361907
3.2424920829361907
3.2424920829361907
3.2302469536007785
3.213139134276281
3.213139134276281
3.2286836922930875
3.2346740242830823
3.240865253601395
3.240865253601395
3.240865253601395
3.240865253601395
3.246047577556785
3.2399351398641243
3.2544091481172766
3.264046572721273
3.2607514491605745
3.2479183818066857
3.2663245048477725
3.2641567918122507
3.2534756336304125
3.2534756336304125
3.2534756336304125
3.2534756336304125
3.2534756336304125
3.27150612172393
3.269546058516
3.269546058516
3.2565428742097717
3.2565428742097717
3.2530211916719116
3.2530211916719116
3.246551720968776
3.2491649705735552
3.248029962642008
3.244478238542027
3.239700608546631
3.250191665089066
3.250191665089066
3.250191665089066
3.2425829307602942
3.2638963202187354
3.2569024384798246
3.2569024384798246
3.2572693874485226
3.2572693874485226
3.2311887824006438
3.2572278509765242
3.24077576863794
3.2301908660406355
3.2562213355647076
3.2562213355647076
3.2562213355647076
3.256061232318694
3.256061232318694
3.259638120387875
3.2558810323048086
3.2614448146316404
3.2660660246766926
3.281593578810999
3.3011872939699654
3.295328469266828
3.28361343787704
3.300513863607637
3.300513863607637
3.300513863607637
3.300513863607637
3.2675379402115134
3.2867995330921804
3.2867995330921804
3.284404454707085
3.281508070102396
3.281508070102396
3.2899646250817685
3.2899646250817685
3.256223665658853
3.266828168440796
3.266828168440796
3.2409786464120596
3.2420845812548023
3.257174577875087
3.257174577875087
3.257174577875087
3.257174577875087
3.2671939628864215
3.2671939628864215
3.2504590376910305
3.257922981981724
3.2549690834114045
3.2549690834114045
3.292649918276678
3.290409020861609
3.2654235027620886
3.2654235027620886
3.261433258375336
3.224028653628944
3.2265157976597703
3.2359734025626907
3.2359734025626907
3.2398323964631444
3.2363030091333536
3.2363030091333536
3.2265443426108953
3.2218309415109236
3.2240994913655134
3.2240994913655134
3.2240994913655134
3.2240994913655134
3.2240994913655134
3.2240994913655134
3.2240994913655134
3.2360247897358563
3.223362368896571
3.2163851782719908
3.2163851782719908
3.2163851782719908
3.2149437602352315
3.2319355338720297
3.2319355338720297
3.222150509729983
3.222150509729983
3.222150509729983
3.2031304744644524
3.222129170052667
3.222129170052667
3.222129170052667
3.2229407918431647
3.2229407918431647
3.2222317816447688
3.21344071022189
3.222346191478165
3.222346191478165
3.233437768229127
3.233437768229127
3.2121003568269173
3.2257064978223853
3.2313245452467902
3.2313245452467902
3.2313245452467902
3.2313245452467902
3.2313245452467902
3.217433371079558
3.2302482116725493
3.210596389140869
3.2082723650877463
3.2082723650877463
3.19843665810461
3.209779397214963
3.209779397214963
3.2379794742984727
3.2167964348476543
3.2167964348476543
3.223381908322231
3.2154487870758426
3.2154487870758426
3.2033909246155794
3.2033909246155794
3.2033909246155794
3.231361031844766
3.231361031844766
3.231361031844766
3.2458843096924364
3.212812556581395
3.220075533408335
3.220075533408335
3.2265712281654233
3.21439756875438
3.2176247825013706
3.211900016124344
3.2091444256357744
3.1904038759579647
3.1904038759579647
3.2076453287743036
3.2138449384252845
3.2385029221553063
3.2292925701484783
3.2292925701484783
3.2380633615471424
3.210833388110327
3.2182526815791124
3.206176478826206
3.2150868532103574
3.216534633886769
3.2382259973876923
3.2382259973876923
3.215275305357844
3.216912292443289
3.208755293545856
3.2037882978448082
3.234919604199193
3.234919604199193
3.225124178519792
3.225124178519792
3.225124178519792
3.213020889923903
3.22328751605568
3.22328751605568
3.237715444385358
3.237037253366424
3.2332317829478825
3.2332317829478825
3.2343277104109394
3.2343277104109394
3.200868342627409
3.207008157699476
3.2244133880002024
3.2244133880002024
