2.8810075359660634
2.8810075359660634
2.8810075359660634
2.8810075359660634
2.8810075359660634
2.8810075359660634
2.8810075359660634
2.8810075359660634
2.8810075359660634
2.8810075359660634
2.8810075359660634
2.8810075359660634
2.8810075359660634
2.8810075359660634
2.8810075359660634
2.8810075359660634
2.8810075359660634
2.8810075359660634
2.8810075359660634
2.8810075359660634
2.8810075359660634
2.8810075359660634
2.8810075359660634
2.8810075359660634
2.8810075359660634
2.8810075359660634
2.8810075359660634
2.8810075359660634
2.8810075359660634
2.8810075359660634
2.8810075359660634
2.8810075359660634
2.8810075359660634
2.8810075359660634
2.8810075359660634
2.8810075359660634
2.8810075359660634
2.8810075359660634
2.8810075359660634
2.8810075359660634
2.8810075359660634
2.8810075359660634
2.8810075359660634
2.8810075359660634
2.8810075359660634
2.8810075359660634
2.8810075359660634
2.8810075359660634
2.8810075359660634
2.8810075359660634
2.8810075359660634
2.8810075359660634
2.8810075359660634
2.8810075359660634
2.8810075359660634
2.8810075359660634
2.8810075359660634
2.8810075359660634
2.8810075359660634
2.8810075359660634
2.8810075359660634
2.8810075359660634
2.8810075359660634
2.8810075359660634
2.8810075359660634
2.8810075359660634
2.8810075359660634
2.8810075359660634
2.8810075359660634
2.8810075359660634
2.8810075359660634
2.8810075359660634
2.8810075359660634
2.8810075359660634
2.8810075359660634
2.8810075359660634
2.8810075359660634
2.8810075359660634
2.8810075359660634
2.8810075359660634
2.8810075359660634
2.8810075359660634
2.8810075359660634
2.8810075359660634
2.8810075359660634
2.8810075359660634
2.8810075359660634
2.8810075359660634
2.8810075359660634
2.8810075359660634
2.8810075359660634
2.8810075359660634
2.8810075359660634
2.8810075359660634
2.8810075359660634
2.8810075359660634
2.8810075359660634
2.8810075359660634
2.8810075359660634
2.8810075359660634
2.945873267357045
2.945873267357045
2.945873267357045
2.9579101403978045
2.9721214611821307
2.981806983115088
2.981806983115088
2.981806983115088
2.9929603074463875
2.9982366569529217
2.9982366569529217
3.026293143164163
3.041988900588002
3.041988900588002
3.041988900588002
3.0490394789202813
3.0490394789202813
3.0490394789202813
3.067215434196855
3.067215434196855
3.067215434196855
3.063556398927978
3.0634880482920894
3.0781763190071474
3.0781763190071474
3.0783989636317446
3.0764811522676676
3.0764811522676676
3.0764811522676676
3.1041065836513573
3.1041065836513573
3.098151024241885
3.130025857871257
3.1410461184858
3.1410461184858
3.1410461184858
3.1568437506044047
3.1568437506044047
3.1568437506044047
3.1568437506044047
3.1568437506044047
3.1568437506044047
3.1559877515255
3.1497658567851916
3.1732762478653305
3.1732762478653305
3.201618060757424
3.194107963704013
3.194107963704013
3.1839939435088964
3.1574155385905
3.164580754895711
3.1825900073384568
3.1845913925381826
3.1845913925381826
3.1845913925381826
3.201388966777733
3.1764397938510704
3.1641473526330057
3.153271863181589
3.153271863181589
3.1712152152906072
3.1690459532108846
3.1827181762794257
3.171829223168341
3.171829223168341
3.1504337668777684
3.1464774797548376
3.1464774797548376
3.168791917024667
3.168791917024667
3.198813974355272
3.198813974355272
3.198813974355272
3.207910118528276
3.2168391197340473
3.20624765474928
3.2042979464089645
3.2163051009608643
3.2182123563283525
3.2182123563283525
3.230829686700028
3.2256788562489387
3.23586617290556
3.199881632545426
3.199881632545426
3.199881632545426
3.205801262797282
3.205801262797282
3.2234485523497636
3.214752881486327
3.20384527424725
3.1930452564323786
3.1948504248754364
3.1948504248754364
3.1837670298351903
3.216056593573011
3.1820183719513966
3.1820183719513966
3.183602229834252
3.1709829960490334
3.1709829960490334
3.203429193781508
3.1966754670579425
3.192152497938397
3.1641435611544027
3.1641435611544027
3.1500139610143982
3.1528227214668347
3.1528227214668347
3.1468673261886626
3.155603024339365
3.161455892562645
3.163327076762525
3.190422283640748
3.181335608702238
3.2025421436223085
3.2025421436223085
3.199105500110807
3.1824289345107455
3.1824289345107455
3.1824289345107455
3.1828863235606946
3.1828863235606946
3.18733717089316
3.189985750116099
3.2050182497313964
3.2050182497313964
3.19301299975186
3.1847206014859957
3.1812534662658836
3.19833600822738
3.19833600822738
3.207788753514372
3.207788753514372
3.2184676629939224
3.2184676629939224
3.2109543467262616
3.2320746093577704
3.2240573163154345
3.2060648546234654
3.2060648546234654
3.2060648546234654
3.2064487036112364
3.2107005717063686
3.2107005717063686
3.2104199499130317
3.222188068417918
3.215579445380188
3.2112191007283077
3.2112191007283077
3.214727398092044
3.206808740545155
3.206808740545155
3.180132248772004
3.180132248772004
3.180132248772004
3.180132248772004
3.180132248772004
3.197774349062561
3.217417935787229
3.1841901685598937
3.1841901685598937
3.1677321922115946
3.194801943808278
3.187292676806703
3.187292676806703
3.187292676806703
3.191992541157434
3.1876350531116313
3.1876350531116313
3.1721335734883302
3.181738640154498
3.181738640154498
3.186523926308137
3.1669663297150685
3.174959325122819
3.174959325122819
3.174959325122819
3.1826522808361224
3.189412605964439
3.189412605964439
3.176454769118248
3.2096782213003023
3.1912667251505527
3.1933013107338883
3.2038694260816354
3.2104396403312347
3.2142064178677043
3.210961872263599
3.210961872263599
3.206600459327138
3.2040732456113004
3.2141256355129997
3.230009712349777
3.23842342287402
3.233221951045312
3.233221951045312
3.232769861741652
3.234110271973615
3.234110271973615
3.2355148364100352
3.2355148364100352
3.2355148364100352
3.2355148364100352
3.2663174827328194
3.2599603604409917
3.2599603604409917
3.2599603604409917
3.2599603604409917
3.2599603604409917
3.2528395460773827
3.2271005684863106
3.2351574482856753
3.2496736535943596
3.232362514385805
3.2489087046811567
3.2489087046811567
3.2424436414394795
3.230141129669142
3.230141129669142
3.234998408640219
3.234998408640219
3.2246500522157433
3.2246500522157433
3.224509185482543
3.197682338671681
3.196331457923777
3.198800997475991
3.208750936412815
3.182715296468037
3.1960149607979194
3.203280812606752
3.203280812606752
3.2265919037083943
3.2265919037083943
3.2120373203872994
3.186716989122952
3.186716989122952
3.209774155927427
3.2230710501805824
3.2230710501805824
3.2230710501805824
3.2230710501805824
3.2327176588197726
3.2207903636763136
3.2159701490521333
3.2228735247826035
3.2228735247826035
3.2228735247826035
3.206175836849298
3.206175836849298
3.2216779912511075
3.2216779912511075
3.2042433518200486
3.2042433518200486
3.2157933945626436
3.2078463750965533
3.2078463750965533
3.210629939703576
3.2176021558662495
3.204911094209134
3.2038905534397157
3.2162518643156623
3.2162518643156623
3.2162518643156623
3.2162518643156623
3.2162518643156623
3.2081632490916245
3.2139923838836624
3.2214894128871303
3.2214894128871303
3.222163998633786
3.222163998633786
3.225119906944995
3.225119906944995
3.225119906944995
3.225119906944995
3.1949365009055937
3.1894749797684896
3.1958650387047993
3.2230974216998156
3.2230974216998156
3.2230974216998156
3.2230974216998156
3.2149763930714133
3.2241194167870217
3.2241194167870217
3.193218721941684
3.1931832750214224
3.1953811112254313
3.180674801036926
3.180674801036926
3.180674801036926
3.167231007878938
3.183468080641779
3.183969035614694
3.19538533355953
3.19538533355953
3.19538533355953
3.190930001572778
3.184640236066502
3.184640236066502
3.1833795497079636
3.1833795497079636
3.1833795497079636
3.1723804220075755
3.1756699498646634
3.1918658315590833
3.2087719642377173
3.2087719642377173
3.1955732159653696
3.1914497765548235
3.2007466771273405
3.1859091742687076
3.1859091742687076
3.1859091742687076
3.1829372601188495
3.199648346256783
3.2071401189239164
3.2071401189239164
3.182581305443587
3.182581305443587
3.182581305443587
3.182581305443587
3.1964164643795487
3.1808027408501798
3.1808027408501798
3.1808027408501798
3.1617026978695004
3.1787819779677844
3.1787819779677844
3.1787819779677844
3.184705536495003
3.184705536495003
3.1843583628274237
3.1843583628274237
3.1843583628274237
3.1962381754708815
3.2157114036515617
3.2157114036515617
3.1868863716775007
3.1868863716775007
3.202813850266969
3.1816046151824335
3.1816046151824335
3.1816046151824335
3.1816046151824335
3.1816046151824335
3.1816046151824335
3.1816046151824335
3.172218285249042
3.1617064354116136
3.1985977115525235
3.200003928066869
3.1740505352980137
3.1653836892165015
3.1653836892165015
3.160735023433855
3.1896376766333385
3.1893567757765755
3.1929907714292596
3.1929907714292596
3.1979337746815046
3.2029926962059605
3.2029926962059605
3.1855194577580392
3.1848407537668395
3.1848407537668395
3.1984051236483775
3.209396648091903
3.2171878742206506
3.2171878742206506
3.20119461820032
3.20119461820032
3.20119461820032
3.1913387852080017
3.1913387852080017
3.1913387852080017
3.1913387852080017
3.1913387852080017
3.1914722388732595
3.1914722388732595
3.204459484043893
3.2005083909334298
3.2005083909334298
3.2005083909334298
3.2005083909334298
3.224726831110118
3.224726831110118
3.224726831110118
3.224726831110118
3.204419060725674
3.204419060725674
3.1787359645142272
3.1787359645142272
3.1787359645142272
3.1630137986722553
3.1625855179574187
3.1625855179574187
3.1674076380234224
3.187800090678667
3.1897521325180955
3.1897521325180955
3.1897521325180955
3.219699847554256
3.2129294022345536
3.233397666242402
3.233397666242402
3.233397666242402
3.1907391159785345
3.2089185445784247
3.2089185445784247
3.1910635671174536
3.2232670702199937
3.182837161098767
3.2048359422026818
3.190842688307143
3.2008704502566956
3.1734854641672294
3.185336605744397
3.1893031199868016
3.2158450825727103
3.224554623078592
3.224554623078592
3.224554623078592
3.208500159015998
3.2077232305582326
3.2077232305582326
3.2077232305582326
3.2215365080733407
3.2199278280292725
3.2199278280292725
3.205989337958449
3.2180091447312384
3.2180091447312384
3.2270377736351086
3.2196709200725038
3.2320282915402947
3.242499971078966
3.237368534592076
3.237368534592076
3.2355654903950204
3.2355654903950204
3.2355654903950204
3.2317515462820823
3.2317515462820823
3.2317515462820823
3.2244245687017314
3.2244245687017314
3.2244245687017314
3.225581677372951
3.2132326492196035
3.2132326492196035
3.22362668354652
3.2379846816125633
3.244890011775301
3.228696570213633
3.2107222578132086
3.2107222578132086
3.212311348313557
3.229960049546738
3.229960049546738
3.2113507994378554
3.2113507994378554
3.2040326465309894
3.20568829491599
3.20568829491599
3.2008850304074254
3.2190333923091328
3.2276160240344964
3.225085406395046
3.2107862355783223
3.213476117328004
3.213476117328004
3.2022073407485596
3.1892034984925233
3.1892034984925233
3.1892034984925233
3.2027660532836877
3.2027660532836877
3.213499208619067
3.2264361654410263
3.219808403651914
3.2268688334454745
3.2268688334454745
3.19926108285177
3.236006452940034
3.236006452940034
3.236006452940034
3.191978687918427
3.191978687918427
3.206092772391857
3.2010243560596487
3.2010243560596487
3.1882185109248518
3.212507276556049
3.212507276556049
3.212507276556049
3.2158875398654403
3.2158875398654403
3.2158875398654403
3.2158875398654403
3.2100200089357105
3.2142442218934133
3.2142442218934133
3.212558517810679
3.2168563761994555
3.2168563761994555
3.194193745996647
3.1804063483749596
3.1808962862467984
3.1808962862467984
3.1876929965358354
3.1876929965358354
3.165023050987176
3.165023050987176
3.165023050987176
3.165023050987176
3.151850234195765
3.151850234195765
3.151850234195765
3.151850234195765
3.175192881472356
3.175192881472356
3.182284704695751
3.182284704695751
3.182284704695751
3.1811689179044462
3.1811689179044462
3.2033361531481086
3.2040016581489827
3.1939002393944325
3.1939002393944325
3.1939002393944325
3.1939002393944325
3.1939002393944325
3.1863848203871106
3.1863848203871106
3.1863848203871106
3.1863848203871106
3.198912966806412
3.19232954292105
3.18380701150573
3.1886375586975517
3.191254305580509
3.187076489898444
3.187076489898444
3.1862919844598676
3.1862919844598676
3.1940111952105683
3.1940111952105683
3.22711931067506
3.2134371354453424
3.1942206316882062
3.1942206316882062
3.2026947857959454
3.191914491224371
3.191914491224371
3.1853379647126934
3.1853379647126934
3.177328892593885
3.177328892593885
3.1859287584116327
3.1859287584116327
3.1859287584116327
3.210129181281681
3.210129181281681
3.210129181281681
3.210129181281681
3.2279480470741
3.2164377697342426
3.228377470739786
3.2094312410663965
3.2094312410663965
3.2237866333642953
3.2465694136348815
3.2366890949842846
3.239993019038973
3.238337630318249
3.238337630318249
3.2109775669961595
3.2159205150922605
3.2159205150922605
3.2159205150922605
3.2335384751570078
3.2385585010500053
3.2385585010500053
3.2385585010500053
3.2378298223775253
3.233608977371004
3.2164099430808175
3.2164099430808175
3.2164099430808175
3.2177028546019373
3.214385693890903
3.192662557600761
3.192662557600761
3.1798861219156396
3.173903344228809
3.207033415253201
3.202345914353991
3.205034092079484
3.1868779744761246
3.1925041990790852
3.18165622320577
3.2058221741155526
3.2058221741155526
3.2063341425636884
3.2063341425636884
3.1856550605986036
3.1856550605986036
3.199786201871353
3.2227886083603106
3.2227886083603106
3.2227886083603106
3.234144233479826
3.234144233479826
3.234144233479826
3.242438512459376
3.233247502142786
3.245530169453581
3.2361774245854154
3.2361774245854154
3.242355818287883
3.249681099425857
3.2505273879154797
3.228084309732571
3.228084309732571
3.25962658187372
3.244775441585417
3.2246631006022404
3.225336643890585
3.217316310176716
3.21525644865347
3.2382917513888927
3.2382917513888927
3.2382917513888927
3.2433910479545536
3.2346157149264516
3.2346157149264516
3.2288046643355077
3.239812162415286
3.2419672150825902
3.2419672150825902
3.2451195880261663
3.2263779159906867
3.2263779159906867
3.2263779159906867
3.2264385687281476
3.2264385687281476
3.239598365282575
3.233864432400759
3.241910521603941
3.241910521603941
3.219657319326316
3.218928016410387
3.218928016410387
3.218928016410387
3.219954889470764
3.219954889470764
3.2363366222583605
3.2370332162856026
3.2165760840641866
3.2165760840641866
3.2060190858061497
3.221311621251636
3.221311621251636
3.221311621251636
3.2382683050769034
3.2302722795634993
3.2486756114007633
3.2486756114007633
3.2456608739574984
3.2457551264440885
3.2457551264440885
3.2457551264440885
3.214011191194965
3.216554246342707
3.216554246342707
3.216554246342707
3.216554246342707
3.216554246342707
3.2176648682739826
3.217529613616649
3.2260489192740374
3.2260489192740374
3.2260489192740374
3.2260489192740374
3.2260489192740374
3.2260489192740374
3.2344559156456167
3.2319254995018416
3.2319254995018416
3.2319254995018416
3.220088640376635
3.220088640376635
3.220088640376635
3.2231186678386075
3.2231186678386075
3.2231186678386075
3.2318947006883847
3.2318947006883847
3.2318947006883847
3.2318947006883847
3.2318947006883847
3.2308723145112954
3.2391269216048753
3.2391269216048753
3.237796077562912
3.237796077562912
3.237796077562912
3.237796077562912
3.2480968428599217
3.2480968428599217
3.236361191607689
3.2495674037294067
3.227040528449773
3.263400745272663
3.256808033367303
3.2256223918190936
3.2256223918190936
3.2256223918190936
3.2256223918190936
3.2256223918190936
3.2410868773280193
3.2410868773280193
3.2297455900641183
3.25113349366644
3.25113349366644
3.25113349366644
3.25113349366644
3.25113349366644
3.2510196863801006
3.233029231979181
3.233537063273423
3.2241129106202178
3.2241129106202178
3.242621058841641
3.242621058841641
3.2311250663371833
3.2311250663371833
3.237602091607913
3.237602091607913
3.25257955760133
3.25257955760133
3.2547384486413433
3.2514970862004136
3.2514970862004136
3.2514970862004136
3.2514970862004136
3.2514970862004136
3.2514970862004136
3.2598758000631767
3.2466041274428643
3.2466041274428643
3.2466041274428643
3.2482006090314552
3.2482006090314552
3.2482006090314552
3.2482006090314552
3.242863211748228
3.246798784165514
3.240619057844778
3.240619057844778
3.2539886137754874
3.251836578491193
3.251836578491193
3.251836578491193
3.237093555556033
3.2459399373545192
3.2459399373545192
3.2459399373545192
3.232681811462112
3.2576336011377993
3.241763480860506
3.241763480860506
3.2193084161721215
3.2219685995529677
3.2003044308127624
3.2012781698523103
3.2012781698523103
3.2012781698523103
3.2012781698523103
3.2012781698523103
3.1966964856119824
3.2054252199204147
3.1837569888204316
3.1837569888204316
3.207052521981354
3.2194799855633325
3.2194799855633325
3.2048494262013714
3.2048494262013714
3.2048494262013714
3.2032972735172014
3.2032972735172014
3.2032972735172014
3.2204524246375854
3.2204524246375854
3.2204524246375854
3.2204524246375854
3.2195088769980265
3.2195088769980265
3.2409724679509755
3.2275807149628615
3.2275807149628615
3.2429825386882127
3.2429825386882127
3.219419122895253
3.219419122895253
3.219419122895253
3.219419122895253
3.2235654351726186
3.2235654351726186
3.2145282135196624
3.212359769341412
3.212359769341412
3.228800159009314
3.228800159009314
3.228800159009314
3.240161220759357
3.250004681677725
3.250004681677725
3.250004681677725
3.239218299786149
3.239218299786149
3.239218299786149
3.221108466337429
3.247434166192374
3.263202905177147
3.226834332287141
3.2294859049857294
3.2294859049857294
3.230060952329019
3.2292995323809097
3.2489163727023147
3.250355064087227
3.225654102680893
3.232146440048027
3.221273089951426
3.2380743436761685
3.230468872628172
3.2287300429517587
3.2286175078613093
3.2201241486832215
3.207097585604251
3.229093934421997
3.229093934421997
3.229093934421997
3.2326127592528784
3.234357437490264
3.234357437490264
3.239354012093894
3.2307996205747287
3.223410983093324
3.223410983093324
3.2402500534954366
3.2402500534954366
3.2402500534954366
3.2402500534954366
3.244517561112321
3.218552725969077
3.218552725969077
3.2181654165028077
3.226842196078555
3.226842196078555
3.2313606197330866
3.2313606197330866
3.242083322654563
3.242083322654563
3.231279215787003
3.223156202170476
3.223781294916819
3.223781294916819
3.224099834896047
3.2085724588670175
3.2032706676527063
3.2013981281883437
3.1871678135301584
3.2032689987148473
3.1962743613539852
3.1861799622112614
3.1861799622112614
3.1861799622112614
3.1967435429410758
3.2113107200716082
3.204846606941346
3.1992269896177383
3.1845984086845305
3.1845984086845305
3.1831214735178217
3.2026213411838818
3.2026213411838818
3.187264254858199
3.187264254858199
3.187264254858199
3.1704248399463912
3.1704248399463912
3.1952055272601725
3.1826051425956434
3.1946753926996685
3.1946753926996685
3.1946753926996685
3.1946753926996685
3.1946753926996685
3.1852630694273363
3.1852630694273363
3.214146725178136
3.2068637691726343
3.2068637691726343
3.211197715429349
3.211843213206516
3.211843213206516
3.2120410016445513
3.2120410016445513
3.2120410016445513
3.2120410016445513
3.2120410016445513
3.2120410016445513
3.2219487899271004
3.191523116758477
3.191523116758477
3.191523116758477
3.191523116758477
3.191523116758477
3.191523116758477
3.191523116758477
3.196528763692256
3.206302071617645
3.199323096594739
3.1883217372676693
3.204639755291788
3.212982551336142
3.208660583642706
3.208660583642706
3.213618717955343
3.212916240949379
3.212916240949379
3.212916240949379
3.223957130434929
3.223957130434929
3.2222062700149636
3.2263552159315747
3.2349778453489617
3.2349778453489617
3.220338396102899
3.2393939806883587
3.2445150986037183
3.243443537979309
3.251642962282701
3.251642962282701
3.262119516810319
3.2626968104667906
3.2691118035467466
3.2691118035467466
3.2691118035467466
3.2606775759575415
3.248287366759146
3.234307801261145
3.234307801261145
3.234307801261145
3.209183151304777
3.230148692400139
3.221321659101783
3.221321659101783
3.221321659101783
3.2207225982360796
3.224055115899517
3.224055115899517
3.224055115899517
3.224055115899517
3.2315958446002444
3.2294426286000446
3.2352291175820462
3.2195710980803893
3.2195710980803893
3.216174661291091
3.200728296709005
3.1953216785312586
3.1944146237005993
3.1944146237005993
3.1906523723262987
3.2025995293311444
3.2025995293311444
3.21346899364658
3.2263869288491636
3.2263869288491636
3.2148775960200737
3.2183868505496234
3.206430913678551
3.202667514355742
3.202667514355742
3.209558356169277
3.1973584063537563
3.204320853155971
3.204320853155971
3.204328385328249
3.2047252877365167
3.2158785997518833
3.219501021282379
3.219501021282379
3.201024744499673
3.201024744499673
3.201024744499673
3.1867846558716337
3.1995188612573777
3.1995188612573777
3.1995188612573777
3.1995188612573777
3.1995188612573777
3.1995188612573777
3.1995188612573777
3.1848403952445183
3.175844364851007
3.1902132504421976
3.1902132504421976
3.1902132504421976
3.2236108423265875
3.2204473142722123
3.2204473142722123
3.2241817540541855
3.2241817540541855
3.231005279316745
3.2391692429859136
3.210681627188978
3.2081166030600126
3.2081166030600126
3.203050097614015
3.215559449219672
3.1799579051310647
3.1799579051310647
3.1891100597038826
3.1937758532140226
3.1937758532140226
3.1937758532140226
3.1937758532140226
3.205265086897997
3.1965364702119863
3.190309724946269
3.1968225488280364
3.1983493978278768
3.208066478191858
3.2092872353192057
3.2092872353192057
3.2360149834133582
3.229777871349079
3.229777871349079
3.229777871349079
3.229777871349079
3.244915479604098
3.227087485685942
3.2339670553671978
3.2237361834272917
3.225768386023608
3.2289896890513745
3.2431692863316317
3.236795214214882
3.217994057583039
3.217994057583039
3.208066167458464
3.208066167458464
3.193880784034705
3.2158874253287455
3.2158874253287455
3.2158874253287455
3.214024912217742
3.214024912217742
3.214024912217742
3.21845067849377
3.219234908589076
3.219234908589076
3.219234908589076
3.219234908589076
3.219234908589076
3.219234908589076
3.2261496207403475
3.2261496207403475
3.2291811659225567
3.225526508468663
3.2334585795281985
3.214479610132251
3.238020381054862
3.238020381054862
3.2319956830395777
3.2319956830395777
3.2332164286169127
3.2352133729145622
3.2465073971240432
3.2434424677784373
3.2103636902904933
3.2103636902904933
3.215381844833359
3.215381844833359
3.215381844833359
3.215381844833359
3.207942767769929
3.195773275246236
3.1777872062564856
3.1777872062564856
3.1777872062564856
3.1777872062564856
3.1835456645794054
3.1833967349033956
3.195411594728986
3.203019671466331
3.203019671466331
3.202295975119584
3.194858641157822
3.1884655853868202
3.1723622260656863
3.179734292651924
3.1944659411509626
3.1944659411509626
3.1944659411509626
3.1958313075702427
3.203382455057672
3.1996520927808145
3.1921049153647734
3.2146716644175135
3.2039292044181322
3.2039292044181322
3.2039292044181322
3.2110485620599207
3.1861811909677002
3.184763540262923
3.184763540262923
3.189756203153565
3.207798663112836
3.211852086310173
3.211852086310173
3.2109549266815587
3.2109549266815587
3.2109549266815587
3.2221590224157137
3.2112197755014247
3.1989133815766686
3.1946328332031295
3.181164308083832
3.181164308083832
3.2041277809549684
3.218691900679182
3.2264624871020393
3.211931694279533
3.225746798699497
3.225746798699497
3.225746798699497
3.225746798699497
3.225746798699497
3.2339462085813504
3.229992400929968
3.224716777276596
3.233768036825852
3.211562902492745
3.2184217354277616
3.2184217354277616
3.199818228534257
3.199818228534257
3.211061384289765
3.211061384289765
3.208294562380223
3.2047815933510346
3.1841977891046125
3.203856217438471
3.2180274470992156
3.209430253850638
3.2002874798631584
3.197160372800769
3.197160372800769
3.1944800945704577
3.1944800945704577
3.194055834789663
3.1946556794599843
3.1946556794599843
3.1946556794599843
3.1946556794599843
3.1946556794599843
3.1946556794599843
3.1946556794599843
3.198856610308854
3.1910239698714884
3.189483055218651
3.1978439157897185
3.205233318882192
3.210498750430928
3.210498750430928
3.1922214544793315
3.2003788266116677
3.2003788266116677
3.1963534212457536
3.1963534212457536
3.203775267848582
3.203775267848582
3.203775267848582
3.203775267848582
3.203775267848582
3.203775267848582
3.203775267848582
3.2040996389413015
3.2040996389413015
3.1789024899992944
3.190234950634962
3.190234950634962
3.1901535093852815
3.190859173699348
3.190859173699348
3.190859173699348
3.190859173699348
3.2091136014530055
3.216348666273608
3.216348666273608
3.2104530193282264
3.2104530193282264
3.209175848505129
3.209175848505129
3.2040479026058906
3.2040479026058906
3.218482958743751
3.218482958743751
3.225857009184278
3.2166098791616036
3.2212664729826352
3.2262249005546724
3.2043893544336877
3.2043893544336877
3.2043893544336877
3.189792641219706
3.189792641219706
3.1926792939535744
3.1992789465369413
3.170236747525039
3.1772261842085263
3.199757402954645
3.1932681002537113
3.1932681002537113
3.1932681002537113
3.204394744707126
3.227764613152049
3.2234659522046205
3.2092217914885657
3.176439930328028
3.1816323844258116
3.1801278662783723
3.174897994040826
3.174897994040826
3.1773677920414363
3.207064393016713
3.207064393016713
3.2125203632513033
3.2125203632513033
3.2125203632513033
3.196611340164281
3.2128269645942096
3.205014358326736
3.2059318198956563
3.19415843994224
3.2324625248237906
3.2169151891991357
3.220744618545192
3.220744618545192
3.220744618545192
3.2449831077705005
3.2449831077705005
3.242242125169935
3.231273250784606
3.2260259935057345
3.2260259935057345
3.208626525190581
3.208626525190581
3.2168976704582652
3.2204901931284353
3.2204901931284353
3.2191640310367724
3.2191640310367724
3.2191640310367724
3.2191640310367724
3.2191640310367724
3.2191640310367724
3.2191640310367724
3.2191640310367724
3.2191640310367724
3.260040046804627
3.2284124383209365
3.2284124383209365
3.2368178278882653
3.233821716562521
3.233821716562521
3.2362375424492766
3.2392351977340206
3.2004133772128887
3.2004133772128887
3.2004133772128887
3.2004133772128887
3.2004133772128887
3.2004133772128887
3.2004133772128887
3.2122493987783565
3.2122493987783565
3.2028980287573074
3.2028980287573074
3.1946194735168536
3.2151258389227495
3.210596779696251
3.210596779696251
3.194647503456326
3.190465117201052
3.190465117201052
3.190465117201052
3.1845000650360187
3.1845000650360187
3.1845000650360187
3.1845000650360187
3.1845000650360187
3.182037281044008
3.20704469577005
3.20704469577005
3.218877683922931
3.218877683922931
3.199492072037471
3.1890530511831257
3.1977597698667606
3.1977597698667606
3.1977597698667606
3.197813446796636
3.197813446796636
3.1892353228459003
3.1892353228459003
3.1892353228459003
3.1892353228459003
3.1892353228459003
3.2175447208705945
3.2175447208705945
3.2175447208705945
3.2175447208705945
3.227972071313611
3.2192464441562194
3.2209003295062764
3.2275947711733863
3.227403064280061
3.2213399352938
3.2213399352938
3.2416176486289814
3.2416176486289814
3.2435187208541834
3.2435187208541834
3.2435187208541834
3.246934534729909
3.246934534729909
3.246934534729909
3.263829240120168
3.2657446840227577
3.2657446840227577
3.2356846253822233
3.2356846253822233
3.232219110656458
3.248170204587199
3.251616909699957
3.2404879104327358
3.2404879104327358
3.2416759636721904
3.2290517829389778
3.2290517829389778
3.2279314525285416
3.2279314525285416
3.2425049580909997
3.2202624053293647
3.2202624053293647
3.2100151757763014
3.2003324277260954
3.1913909917993157
3.1913909917993157
3.1913909917993157
3.181014449135308
3.1988753210562684
3.192004522294206
3.193097468506358
3.193097468506358
3.193718747470087
3.193718747470087
3.189172234597711
3.1891899806074284
3.1891899806074284
3.180873991787584
3.180873991787584
3.1806791057144594
3.16785849068994
3.16785849068994
3.1960377422323614
3.1960377422323614
3.195309674093129
3.195309674093129
3.195309674093129
3.195309674093129
3.2012093186172588
3.2012093186172588
3.201063346558972
3.201063346558972
3.2054219575661156
3.2124894275324265
3.182353856639462
3.182353856639462
3.182353856639462
3.1954545498914886
3.1954545498914886
3.1954545498914886
3.214158470818144
3.218519992921269
3.218519992921269
3.214930367680566
3.2361898478422897
3.2435712225775224
3.2429481005078755
3.224173563764576
3.228595654549165
3.2036719379415177
3.2036719379415177
3.2036719379415177
3.2068334970669476
3.2088389459984494
3.2090385610618535
3.2170838800546036
3.2170838800546036
3.2170838800546036
3.2170838800546036
3.2264308335456806
3.2321562845101734
3.2321562845101734
3.2173368413304417
3.2092076839645585
3.2092076839645585
3.2253627341001536
3.2253627341001536
3.2253627341001536
3.2280106403684763
3.1959900996890953
3.1959900996890953
3.2068546740390027
3.2094086067092316
3.2018113432178197
3.2123102505990593
3.2123102505990593
3.2123102505990593
3.2123102505990593
3.2123102505990593
3.2289387811300516
3.2272501323718092
3.2272501323718092
3.207048809532402
3.1883349098612674
3.1883349098612674
3.1958368496556973
3.2160235549311804
3.2132690966651376
3.197075055563558
3.188514688970765
3.198373489753883
3.198373489753883
3.198373489753883
3.198373489753883
3.198373489753883
3.198373489753883
3.198373489753883
3.198373489753883
3.209357179328915
3.209357179328915
3.176454769777699
3.176454769777699
3.1640205189397
3.1640205189397
3.1640205189397
3.1640205189397
3.1702465733055396
3.1702465733055396
3.2038772581832258
3.2038772581832258
3.2038772581832258
3.219766115596002
3.214332039740136
3.1986570078893917
3.2111454573245
3.218751377085439
3.209838878741222
3.237464945196124
3.2254311453406994
3.2127547932574934
3.2154919311139802
3.2154919311139802
3.2154919311139802
3.2241914426154135
3.2241914426154135
3.2290819714752623
3.221746962569191
3.221746962569191
3.221746962569191
3.213523557462189
3.2205418418604457
3.234645624323562
3.234645624323562
3.236955267669124
3.2125917023784716
3.2125917023784716
3.204129668994185
3.20054206499992
3.2096191057819343
3.195575786049944
3.195575786049944
3.2000972493940227
3.2000972493940227
3.2000972493940227
3.2103282750552657
3.2103282750552657
3.2064060073824248
3.188800838292861
3.196348592291835
3.1696549128327565
3.1696549128327565
3.184329238436437
3.184329238436437
3.1824259080089843
3.1824259080089843
3.1870933522240197
3.2056707366484143
3.2179738022059263
3.195357994687412
3.187943376396016
3.187943376396016
3.187943376396016
3.187943376396016
3.1759163724506267
3.190064730740796
3.190064730740796
3.1654789434747626
3.191962349951517
3.191962349951517
3.1817151404451436
3.1885001232758188
3.177777351426024
3.177777351426024
3.205784926328362
3.205784926328362
3.205784926328362
3.205784926328362
3.205784926328362
3.205784926328362
3.1926210955947316
3.192934570944063
3.192934570944063
3.1908011841565704
3.1908011841565704
3.208841434863798
3.208841434863798
3.218752654218636
3.218752654218636
3.2298478530952934
3.2298478530952934
3.2288299488818812
3.2288299488818812
3.2288299488818812
3.2186850704451526
3.2385328860805096
3.2545918399421563
3.2545918399421563
3.2545918399421563
3.236328415865448
3.236328415865448
3.236328415865448
3.227541176148459
3.222518857231894
3.209920830094267
3.209920830094267
3.209920830094267
3.209920830094267
3.208664128009129
3.1989414250892567
3.2151395636852564
3.2151395636852564
3.218700585962074
3.218700585962074
3.218700585962074
3.218700585962074
3.2140856864704537
3.2140856864704537
3.2003615467833586
3.213774934480384
3.218548813662422
3.2210296510463503
3.2165808149797512
3.2165808149797512
3.2141108273400514
3.241215362214253
3.2265524477633942
3.206049788770012
3.210233232805449
3.2435001056232395
3.2491647012947653
3.249749814703757
3.250241599890397
3.250241599890397
3.2423256616680565
3.2423256616680565
3.2261184644485996
3.214563327095034
3.1878096089056136
3.205518665631894
3.205518665631894
3.210648317378684
3.1883634883062952
3.1811738214416363
3.1812816959250054
3.1812816959250054
3.1812816959250054
3.1798642259428656
3.1798642259428656
3.1926222846031256
3.179026732326339
3.1621328290230326
3.1689814796830222
3.1689814796830222
3.1689814796830222
3.1689814796830222
3.162393724695409
3.162393724695409
3.162393724695409
3.191989867713827
3.191989867713827
3.1999060376738995
3.1733166037307434
3.1869048325068428
3.1869048325068428
3.187825401266322
3.20944470758036
3.20944470758036
3.217080914602953
3.2193461647298123
3.2111431977525458
3.2038421429078556
3.217851560395536
3.217851560395536
3.2144917434883435
3.1960277363362266
3.2176159992000666
3.2219613726556084
3.2007087665262994
3.2007087665262994
3.192677355696241
3.1960146290494946
3.1960146290494946
3.214460961723696
3.214460961723696
3.2117982182446765
3.2117982182446765
3.2117982182446765
3.210867536133654
3.2191078202956698
3.210784601863501
3.219331558705474
3.219331558705474
3.219331558705474
3.22515484641685
3.22515484641685
3.229911545187123
3.229911545187123
3.2077986186007443
3.2077986186007443
3.2077986186007443
3.2246660932891817
3.227124580413544
3.227124580413544
3.223788172090126
3.223788172090126
3.220857566067627
3.241614538920766
3.240300961290349
3.212503123827823
3.2195388017419715
3.2195388017419715
3.2159859403262456
3.213980060964651
3.2037886391427284
3.2037886391427284
3.2037886391427284
3.204123322175219
3.204123322175219
3.204123322175219
3.216221956171027
3.2177879533932434
3.213943713204824
3.2201088512541443
3.2201088512541443
3.232182618581071
3.230615324942217
3.223963750938236
3.223963750938236
3.2335594182704543
3.2335594182704543
3.252777986573473
3.226829782246746
3.2332526187489745
3.2354642546642522
3.2349241751334143
3.2346357362212603
3.2349216519205397
3.2349216519205397
3.214204190420621
3.205223694845233
3.1935642089829224
3.185265255975319
3.185265255975319
3.204035810965097
3.196586841696786
3.178902419301446
3.186280090576222
3.1931801717232506
3.1931801717232506
3.2038906766347752
3.2038906766347752
3.2038906766347752
3.193823171117146
3.1931522365343556
3.1779277028530966
3.1839526834582697
3.192696000258349
3.198047273547604
3.198047273547604
3.198047273547604
3.2051854031241658
3.182429378887627
3.182429378887627
3.1843062243437528
3.1772781072564507
3.195871813431997
3.1894462987070358
3.1894462987070358
3.1894462987070358
3.1894462987070358
3.196542943669646
3.20168824065952
3.20168824065952
3.20168824065952
3.20168824065952
3.212509092681977
3.2050787057326247
3.2050787057326247
3.2050787057326247
3.2050787057326247
3.2050787057326247
3.204128801904875
3.204128801904875
3.214578842392253
3.214578842392253
3.2132250430747327
3.2261482661212995
3.21787201451319
3.1990505821056874
3.1969565038925967
3.1793393330675186
3.186823654548748
3.197638557195199
3.186742219350272
3.186742219350272
3.1919425696200614
3.1919425696200614
3.1919425696200614
3.193290408278229
3.1822501195952335
3.183254008024181
3.183254008024181
3.169954155987748
3.1709051115758373
3.1731889294689135
3.1633836664808057
3.148951529481305
3.1464159020087554
3.1464159020087554
3.147323225617726
3.1624631570972492
3.1624631570972492
3.1864636692502986
3.203067749254911
3.200730193874863
3.189864644227148
3.189217230245206
3.195890686499012
3.2032558321675104
3.199647174918146
3.199647174918146
3.199647174918146
3.199647174918146
3.20352225833937
3.20352225833937
3.2003757822536976
3.1971421171889656
3.1971421171889656
3.193524266459407
3.1895667821817053
3.195244721474147
3.1733539842407685
3.1650018964237194
3.1650018964237194
3.1650018964237194
3.1844464134855253
3.1799106665617547
3.1799106665617547
3.1799106665617547
3.2082343895130907
3.2082343895130907
3.1948033416406623
3.1929757763035083
3.1848950655897665
3.1855681606962665
3.1855681606962665
3.1855681606962665
3.1836001312783666
3.194614891410935
3.182112271081086
3.182112271081086
3.182112271081086
3.182112271081086
3.1628939803793035
3.147388245235719
3.1529126926469706
3.1529126926469706
3.1529126926469706
3.1529126926469706
3.14960810526429
3.167143214469724
3.167143214469724
3.1788262202959943
3.1836338588938213
3.2094316223002872
3.2094316223002872
3.197579330617056
3.194442848545422
3.194442848545422
3.1901652446666677
3.178968196154067
3.178968196154067
3.191227766667511
3.226437202728151
3.2253865498926766
3.2207818909566575
3.2207818909566575
3.2207818909566575
3.214091995539426
3.230456909995298
3.2222141546579794
3.214379395266315
3.214379395266315
3.214379395266315
3.2068040800372737
3.2065704230605387
3.2089789068358976
3.2089789068358976
3.2089789068358976
3.2089789068358976
3.2089789068358976
3.2107114216447363
3.2107114216447363
3.2107114216447363
3.2097288024921617
3.207978647678576
3.207978647678576
3.207978647678576
3.2209929272008218
3.194434505251437
3.186939831716611
3.20328503077406
3.20328503077406
3.2064974955718717
3.2064974955718717
3.201984474105837
3.2022913857870883
3.2022913857870883
3.210322574482109
3.210322574482109
3.210322574482109
3.2165881783212975
3.2165881783212975
3.225783448139026
3.225783448139026
3.225783448139026
3.2146877769152833
3.206427209393169
3.2138792270926846
3.216406466714246
3.227666467350126
3.227666467350126
3.227666467350126
3.2104918587186146
3.2184777874002104
3.2184777874002104
3.2360677865075083
3.2360677865075083
3.2360677865075083
3.2360677865075083
3.225932425577139
3.225932425577139
3.2248941354114935
3.2248941354114935
3.2248941354114935
3.221964139140881
3.2162488820479593
3.2162488820479593
3.2162488820479593
3.2162488820479593
3.2162488820479593
3.2238304205556765
3.210832164653321
3.210832164653321
3.210832164653321
3.227405625413071
3.227405625413071
3.227593093522039
3.2243106441098788
3.2243106441098788
3.226850037976571
3.226850037976571
3.226850037976571
3.226850037976571
3.204134883757334
3.204134883757334
3.223053975700918
3.223053975700918
3.223053975700918
3.223053975700918
3.223053975700918
3.235280762404947
3.235280762404947
3.224258294872245
3.224258294872245
3.2197423288474876
3.2413481464093086
3.2413481464093086
3.235301817164536
3.235301817164536
3.2309716365604113
3.22511713002415
3.2194552442943887
3.2194552442943887
3.2194552442943887
3.2194552442943887
3.222545250140431
3.222545250140431
3.2309421809002346
3.2309421809002346
3.2309421809002346
3.2309421809002346
3.2274133051823766
3.2274133051823766
3.2274133051823766
3.2284100154289126
3.212985971502648
3.212985971502648
3.2073197959794633
3.196568219550985
3.1967647948640017
3.2070182645252414
3.2095752190945013
3.221255696838052
3.221255696838052
3.2248656326729996
3.2308218809616913
3.2308218809616913
3.2308218809616913
3.2309365488641557
3.2309365488641557
3.2309365488641557
3.2416504240526973
3.2416504240526973
3.2416504240526973
3.213508003063879
3.213508003063879
3.2176207798738234
3.2176207798738234
3.21723306640504
3.228525440321348
3.2569518869176446
3.23937839312481
3.23937839312481
3.2293897769318156
3.235855441512805
3.235855441512805
3.2128075004978918
3.2246416691232294
3.210066148384845
3.203157276676273
3.214718294738446
3.193765048471812
3.193765048471812
3.203798462933718
3.1986170043603805
3.1986170043603805
3.1988299928846797
3.1988299928846797
3.218600287413548
3.2157302799705083
3.2157302799705083
3.222648141190667
3.219960220096816
3.219960220096816
3.219960220096816
3.2018120059954427
3.20037147877701
3.2105270683944616
3.207173889063865
3.2131927417130055
3.2254846366902123
3.2254846366902123
3.2217965804295594
3.237537654348585
3.237537654348585
3.2214371842818115
3.21315385222063
3.21315385222063
3.256617581282736
3.256617581282736
3.256617581282736
3.250301954805788
3.2474829119075013
3.2527776814009863
3.2527776814009863
3.2527776814009863
3.2562345862354154
3.2434418415949873
3.2303407009099687
3.221294575797611
3.23538171328191
3.23538171328191
3.2374570938378353
3.230795920715572
3.2123543801465133
3.2123543801465133
3.2220091147919487
3.2220091147919487
3.2220091147919487
3.1997788401189617
3.1997788401189617
3.2001641304234347
3.2001641304234347
3.201398980154043
3.192615223397072
3.192615223397072
3.192615223397072
3.1873029163506486
3.1934067503275565
3.1934067503275565
3.1934067503275565
3.2003119485054294
3.1781250536797083
3.1781250536797083
3.189521047530149
3.189521047530149
3.2061853644399716
3.207076707572929
3.207076707572929
3.207076707572929
3.2140799818783727
3.2140799818783727
3.1988837590250165
3.1988837590250165
3.2031179125734974
3.2121864681647403
3.2121864681647403
3.2164013145762698
3.1928369234890175
3.1928369234890175
3.1928369234890175
3.1959331918148033
3.1959331918148033
3.1959331918148033
3.1978038213036926
3.1978038213036926
3.2011254051327356
3.201653809681771
3.1909185697175206
3.1909185697175206
3.1855931281921865
3.1855931281921865
3.1855931281921865
3.185311562540054
3.2118641202636775
3.201820420415984
3.201820420415984
3.1854313551290994
3.1985577994468732
3.1985577994468732
3.2218908066330543
3.2218908066330543
3.20781853294458
3.2271279721131605
3.2248145613418813
3.2248145613418813
3.2065786372900096
3.199259088726365
3.199259088726365
3.2115039260734464
3.2115039260734464
3.2115039260734464
3.1934085983258385
3.1934085983258385
3.1934085983258385
3.1951075739985564
3.184574010520028
3.194024684796089
3.187748620116124
3.205768497906569
3.184793793004019
3.184793793004019
3.2002000719290655
3.2002000719290655
3.2152984740823296
3.179285657106362
3.179285657106362
3.1981745278724105
3.20701586369322
3.200320274188756
3.1978135173582722
3.1978135173582722
3.198257518995347
3.202969294632398
3.2167932083036446
3.20866960222171
3.20866960222171
3.20866960222171
3.191634449615992
3.2159767409337494
3.2159767409337494
3.2226580713236213
3.2065156475548924
3.2160250863789854
3.204313628331524
3.2158519105095955
3.2158519105095955
3.2406743845937176
3.229870681193296
3.2189080950877047
3.2192633820583323
3.2192633820583323
3.2192633820583323
3.2200216148258467
3.2200216148258467
3.2200216148258467
3.239499168607604
3.233718828332023
3.233718828332023
3.2501909156528552
3.2501909156528552
3.2501909156528552
3.257062547744334
3.257062547744334
3.244352855477082
3.244352855477082
3.2357910844796263
3.2429495206335304
3.2429495206335304
3.245521744661835
3.2512800445371024
3.2512800445371024
3.2512800445371024
3.2529630987288134
3.2529630987288134
3.2444905304020426
3.244311585782431
3.244311585782431
3.2406055426792766
3.23573329391671
3.235072625033132
3.2183254524031732
3.2323733636996383
3.2323733636996383
3.2235827010717304
3.2235827010717304
3.2260734141006195
3.2408273043854745
3.2408273043854745
3.2408273043854745
3.2408273043854745
3.247111222038141
3.2488581734148116
3.2488581734148116
3.238374543909424
3.222559875351939
3.2357197643773175
3.2333750876269445
3.2236842088446327
3.2468209040989744
3.2342869325624224
3.229745907883924
3.2416537127859817
3.2416537127859817
3.2416537127859817
3.2416537127859817
3.222272624073112
3.2112579298318855
3.2247130742149146
3.2247130742149146
3.2247130742149146
3.2111274000317445
3.2111274000317445
3.238565063930681
3.2374219774634567
3.234322250957936
3.254937181859013
3.251421112277586
3.251421112277586
3.2481825396273973
3.2481825396273973
3.2692411690388345
3.2692411690388345
3.2900449783949086
3.2973091317235177
3.2973091317235177
3.2964245372776286
3.275704441966634
3.275704441966634
3.275704441966634
3.275704441966634
3.2777431512090067
3.2755999087442444
3.286105110753197
3.2806081269506615
3.2583946768190954
3.229304725974575
3.229304725974575
3.2241120583815066
3.232810199562536
3.243389809632965
3.2196060426415207
3.2187524331454838
3.231359025754361
3.239786623679456
3.250679277164287
3.250679277164287
3.249208521090207
3.249208521090207
3.249208521090207
3.249208521090207
3.2473510822031444
3.2336282612285965
3.2336282612285965
3.2322460877782637
3.247449964694901
3.2370331485494104
3.2370331485494104
3.2370331485494104
3.2403153493545673
3.2403153493545673
3.2344239107724424
3.2344239107724424
3.2344239107724424
3.2344239107724424
3.2344239107724424
3.240680925474243
3.240680925474243
3.2244399105307098
3.2244399105307098
3.2244399105307098
3.2244399105307098
3.2244399105307098
3.2244399105307098
3.232873879451435
3.219600029824857
3.2297475502352797
3.2297475502352797
3.2297475502352797
3.2297475502352797
3.2300438265921816
3.222831374044272
3.227035680035016
3.220189130026711
3.220189130026711
3.21281795452285
3.21281795452285
3.218183821377005
3.218183821377005
3.2338376699552684
3.2338376699552684
3.2338376699552684
3.2338376699552684
3.2135565191752797
3.219190516943465
3.219190516943465
3.219190516943465
3.1814935508127826
3.1814935508127826
3.171346436377137
3.171346436377137
3.171346436377137
3.171346436377137
3.175746993627114
3.175746993627114
3.175746993627114
3.1707226113529763
3.1707226113529763
3.1707226113529763
3.1707226113529763
3.1861409796165234
3.188728821919344
3.211677785819898
3.211677785819898
3.2164668097213145
3.2164668097213145
3.2164668097213145
3.2193973970725187
3.2193973970725187
3.2038034052433475
3.2038034052433475
3.2038034052433475
3.204966471661046
3.211592369381121
3.211592369381121
3.211592369381121
3.2261684222349722
3.208996669325458
3.230646256105093
3.230646256105093
3.2218176497068933
3.2218176497068933
3.1947334827873974
3.1947334827873974
3.2008195595182705
3.2008195595182705
3.2008195595182705
3.223173774818634
3.223173774818634
3.2274252672825487
3.2274252672825487
3.2274252672825487
3.2143045016277525
3.2143045016277525
3.2143045016277525
3.2143045016277525
3.2307700418363643
3.2307700418363643
3.2307700418363643
3.2307700418363643
3.2405287765151014
3.2019569700780584
3.2225629525713546
3.211628697366732
3.211628697366732
3.229594894716749
3.229594894716749
3.230103243732132
3.230103243732132
3.230103243732132
3.219262111309928
3.2208311558046177
3.2298665594902847
3.2298665594902847
3.2298665594902847
3.229193022524298
3.229193022524298
3.2190785579098034
3.237585607181841
3.237585607181841
3.2176102956315438
3.2308510766818754
3.2115078935188768
3.214068906608073
3.214068906608073
3.2028636422093113
3.2171922654462835
3.2171922654462835
3.22440951192915
3.2318486426835973
3.2318486426835973
3.223413219800155
3.223413219800155
3.205276883682058
3.2223761353456695
3.201528647454468
3.2297796432025807
3.2300540394650494
3.2300540394650494
3.2300540394650494
3.225776988598136
3.225776988598136
3.256965013190135
3.2593409072376813
3.2493846605152337
3.2493846605152337
3.2493846605152337
3.2147994129808932
3.2160346195701193
3.2160346195701193
3.2160346195701193
3.2160346195701193
3.2160346195701193
3.2189849247211324
3.212882204632512
3.212882204632512
3.212882204632512
3.2076800969393027
3.1876064584323545
3.2010068239835126
3.21376445138942
3.197387266008211
3.2127202695882042
3.2127202695882042
3.2127202695882042
3.2314963394103526
3.196990071146408
3.2047229404155027
3.208571938703904
3.182410302897569
3.17937120636324
3.17937120636324
3.189186117281315
3.1940380225411134
3.1940380225411134
3.1940380225411134
3.1940380225411134
3.1940380225411134
3.188127631269927
3.2082608717537022
3.2041441503249923
3.2041441503249923
3.1960659465053163
3.199192007737848
3.199192007737848
3.2068659218594715
3.1970559228831976
3.197645289795515
3.1698296330141695
3.167099118992609
3.154216581325802
3.17533526197653
3.17533526197653
3.155868561660557
3.155868561660557
3.155868561660557
3.155868561660557
3.162773020443723
3.16496055951027
3.16496055951027
3.16496055951027
3.152587517313238
3.152587517313238
3.17104038475354
3.180248958273994
3.1770990771073064
3.1770990771073064
3.1770990771073064
3.1770990771073064
3.185231583836591
3.1586577874291524
3.1586577874291524
3.1586577874291524
3.186925747320194
3.1994672732887457
3.2101731931914697
3.21356307592152
3.21356307592152
3.21356307592152
3.21356307592152
3.21356307592152
3.212820065430603
3.212820065430603
3.210983222150523
3.210983222150523
3.1997185206316723
3.1997185206316723
3.205524953362551
3.1984464360394864
3.1984464360394864
3.1984464360394864
3.1984464360394864
3.1984464360394864
3.215805138757913
3.2152971659537193
3.2217090302391673
3.2047913465697677
3.2047913465697677
3.2199865904595852
3.2199865904595852
3.2199865904595852
3.2199865904595852
3.2199865904595852
3.2199865904595852
3.228219666523612
3.2411699965396004
3.2276203348160974
3.2276203348160974
3.2276203348160974
3.201435823281362
3.222740695359285
3.222740695359285
3.244586794324597
3.232105065206536
3.235449875006523
3.235449875006523
3.235449875006523
3.235449875006523
3.232251112016958
3.217471897566198
3.217471897566198
3.204668737338022
3.204668737338022
3.204668737338022
3.218243304097012
3.218243304097012
3.218243304097012
3.218243304097012
3.2178731804981564
3.208322062811722
3.208322062811722
3.2010027133862136
3.2010027133862136
3.2340622298166712
3.2304796923655816
3.223412854301772
3.2309189246486585
3.2308623578515467
3.221846209710587
3.224024513887187
3.224024513887187
3.2263910844197454
3.2198817013943284
3.2189739864960014
3.2189739864960014
3.223660623819909
3.2078183040118
3.2207730861756336
3.229766186354362
3.229766186354362
3.2317499590655103
3.2108721067518684
3.234508688616912
3.233768853786492
3.233768853786492
3.233768853786492
3.2313089349246655
3.2249434549328075
3.2174910039566007
3.1825968493438737
3.1883249300155585
3.1883249300155585
3.1883249300155585
3.205494234273146
3.205494234273146
3.19253623848545
3.209166665525195
3.202587522573347
3.202587522573347
3.202587522573347
3.216561634753201
3.2106725979559703
3.2020068466605784
3.1957399411910075
3.213079817653206
3.1949733172176624
3.2059467565416475
3.197964980045389
3.193734018379091
3.1974515112990725
3.176983433319711
3.1856791213589064
3.1856791213589064
3.171866600174026
3.171866600174026
3.171866600174026
3.170474642740751
3.178936350596763
3.178936350596763
3.178936350596763
3.192600045129578
3.192600045129578
3.1903563251048834
3.1765893950115833
3.1765893950115833
3.176071843876828
3.176071843876828
3.176071843876828
3.1905837737551863
3.1905837737551863
3.175002049058702
3.175002049058702
3.1852030025740046
3.194719672421197
3.1637897980191845
3.183536738201731
3.183536738201731
3.17213125733388
3.17213125733388
3.17213125733388
3.195388054185263
3.195388054185263
3.2058953983199676
3.199227972998545
3.1994620681477364
3.212318959414952
3.212318959414952
3.212318959414952
3.212318959414952
3.194462982372314
3.194462982372314
3.207720992425588
3.2035805640854553
3.196058548464886
3.196058548464886
3.196674139012029
3.196674139012029
3.185093318354937
3.1982911452000433
3.1982911452000433
3.2014064023320974
3.2014064023320974
3.1976477951009685
3.1976477951009685
3.1976477951009685
3.1976477951009685
3.1784613074872166
3.1804235129219327
3.1693319915953984
3.1693319915953984
3.1624743540448392
3.17055010326942
3.1675919015379006
3.1675919015379006
3.176711992315605
3.1851129592383005
3.219452536222095
3.188787676024597
3.188787676024597
3.209165104590971
3.209165104590971
3.2220945655151954
3.2345296074966634
3.2345296074966634
3.2345296074966634
3.2345296074966634
3.2374589260859437
3.2374589260859437
3.2374589260859437
3.233065288336786
3.233065288336786
3.2368082913779994
3.236402009518215
3.236402009518215
3.2312235263607305
3.2222549193506103
3.200989663007347
3.198055498845338
3.198055498845338
3.198055498845338
3.2187406758657477
3.2240249846290063
3.211780459525972
3.2321800039205226
3.228524202732865
3.2187845727952813
3.2133539420360107
3.2133539420360107
3.2133539420360107
3.1934626342479615
3.1934626342479615
3.2213867344165825
3.2213867344165825
3.243587522147741
3.2205940764451046
3.2027391920108856
3.2027391920108856
3.188615689002535
3.1824359801418374
3.185818620436259
3.177203688273091
3.203066203277954
3.2059974091207994
3.1878919372708787
3.2086478137068464
3.2242146623716548
3.2242146623716548
3.220005335507815
3.2210119735440816
3.2210119735440816
3.2165354961820425
3.207621852730465
3.2420265606213206
3.2420265606213206
3.236762049040331
3.2273125728975955
3.2407227658142364
3.2207779980773568
3.2207779980773568
3.2259804152240674
3.215471248706375
3.215471248706375
3.215471248706375
3.205654602234864
3.193952330357742
3.193952330357742
3.1897313630177826
3.1897313630177826
3.1897313630177826
3.2033990604078397
3.2059220648987194
3.2034353904376394
3.197723066608079
3.197723066608079
3.1979984005745155
3.1979984005745155
3.1979984005745155
3.181181770989941
3.181181770989941
3.181181770989941
3.1808784638398557
3.1808784638398557
3.1795270617376765
3.1631878023119344
3.1631878023119344
3.1484298905850614
3.1484298905850614
3.171872221663733
3.171872221663733
3.174620451261772
3.18456223307077
3.1832253431647164
3.1832253431647164
3.2205153724822906
3.2104212477380383
3.2104212477380383
3.2241721027981054
3.2241721027981054
3.2241721027981054
3.193741771401487
3.1975011693480804
3.1975011693480804
3.1945433474171043
3.2254946177566355
3.2254946177566355
3.2254946177566355
3.2095568720202774
3.2095568720202774
3.2147862342496265
3.2147862342496265
3.2283137012156393
3.2283137012156393
3.2191749865005916
3.190967058241558
3.190967058241558
3.235736067091147
3.223908411002807
3.223908411002807
3.2336097907954904
3.227055669524074
3.230195403736686
3.2201599060020145
3.2201599060020145
3.207997621562449
3.207997621562449
3.211288646330616
3.184927772583563
3.184927772583563
3.1893656453411414
3.1893656453411414
3.2009122876107563
3.189851581671024
3.189851581671024
3.1919352219967427
3.1868567728418054
3.1877398256901954
3.1877398256901954
3.2055363561152284
3.2203454896240853
3.2203454896240853
3.2098760772104713
3.2098760772104713
3.1946285257837035
3.211522443246179
3.211522443246179
3.1812450386455637
3.190763017359648
3.190763017359648
3.175794116638754
3.175794116638754
3.172590301760573
3.172590301760573
3.1811077275183597
3.1811077275183597
3.188389178061124
3.187130412864691
3.209580116923776
3.21271468125686
3.2109151817793045
3.219207181150802
3.219207181150802
3.203700267425806
3.218732732102656
3.2003156819676124
3.2003156819676124
3.2003156819676124
3.2013749104604043
3.2013749104604043
3.2223861045168576
3.2214611224128227
3.2252392135281527
3.19695488441226
3.19695488441226
3.2155169905703964
3.2155169905703964
3.213008077243925
3.2128893891002392
3.2260266720635045
3.213166527735556
3.2334959922112745
3.2334959922112745
3.2334959922112745
3.2244705494750967
3.233025370290716
3.2048223927024377
3.2048223927024377
3.2048223927024377
3.2048223927024377
3.2018261562101156
3.2018261562101156
3.2073100843026516
3.2131669281742132
3.213804556627597
3.213804556627597
3.213804556627597
3.222179670472148
3.234550368426394
3.2263640997585683
3.2272999461805325
3.2272999461805325
3.2246686402298343
3.2246686402298343
3.223972318893843
3.223972318893843
3.223972318893843
3.223972318893843
3.2127606301790292
3.2450987312169834
3.2345251742607073
3.2302206620181044
3.240506445667885
3.2125449507594324
3.2248380323182295
3.2248380323182295
3.2248380323182295
3.2371329885462012
3.234700912733539
3.234700912733539
3.234700912733539
3.234700912733539
3.233008750512427
3.233008750512427
3.2283872613411204
3.2283872613411204
3.2283872613411204
3.239570350597836
3.239570350597836
3.2467362928562884
3.2467362928562884
3.2467362928562884
3.239285170669838
3.239285170669838
3.250050917083525
3.231231473577982
3.21831798627969
3.2271995730536154
3.2185760468130793
3.2185760468130793
3.214917486327977
3.214917486327977
3.214917486327977
3.2272265893007233
3.222213427021226
3.2296065445325746
3.2234053555788282
3.2234053555788282
3.2234053555788282
3.2166976785906387
3.199695993688982
3.199695993688982
3.199695993688982
3.199491248250386
3.199491248250386
3.1915869817034146
3.2060514650127363
3.199483604021021
3.199483604021021
3.199483604021021
3.2153625261374974
3.2153625261374974
3.2153625261374974
3.2153625261374974
3.2117529594679963
3.209531696789996
3.2071113117304395
3.2071113117304395
3.209181015504042
3.209181015504042
3.209526994679941
3.209526994679941
3.218839876787914
3.218839876787914
3.222925430447153
3.222925430447153
3.222925430447153
3.21825528933783
3.194326367149643
3.180973304827185
3.180973304827185
3.180973304827185
3.180973304827185
3.184465790326469
3.184465790326469
3.1871066272068203
3.1871066272068203
3.1835888769483245
3.1691066184580357
3.181408605370474
3.1714669604903345
3.1714669604903345
3.1879732834642764
3.203461150605777
3.203461150605777
3.2094092067904865
3.2094092067904865
3.202481676400192
3.2085057200545446
3.2109248948398044
3.208496887206811
3.208496887206811
3.208496887206811
3.208496887206811
3.208496887206811
3.208496887206811
3.208496887206811
3.208496887206811
3.2085620188742463
3.2085620188742463
3.2085620188742463
3.186551114579803
3.1749922468298766
3.1629284938115276
3.1699928635685004
3.1764895084653197
3.1764895084653197
3.175738507261465
3.17593559219599
3.17593559219599
3.2014899105642223
3.219490644390612
3.2251057863616968
3.2251057863616968
3.220973423882131
3.202487319101502
3.2020308022867567
3.209024092268858
3.209024092268858
3.209024092268858
3.209024092268858
3.209024092268858
3.2177938398936
3.212976431324271
3.206258843459241
3.206258843459241
3.1936562889835445
3.188630425139771
3.199456894162551
3.199456894162551
3.199456894162551
3.199456894162551
3.2046552134951676
3.199922697488682
3.2294945391106893
3.2294945391106893
3.226584006683867
3.2324204651633734
3.214311367890066
3.214311367890066
3.214311367890066
3.2167683350048093
3.2278790919763076
3.2278790919763076
3.2278790919763076
3.219134441827881
3.219134441827881
3.219134441827881
3.219134441827881
3.219134441827881
3.219134441827881
3.2005840165954287
3.2005840165954287
3.2005840165954287
3.2008958430355707
3.2008958430355707
3.209657602190728
3.209657602190728
3.209657602190728
3.1934872683083873
3.1934872683083873
3.1934872683083873
3.187126353626369
3.187126353626369
3.187126353626369
3.187126353626369
3.187126353626369
3.188816385398969
3.184375972827338
3.171370766099864
3.171370766099864
3.1567089231326992
3.1567089231326992
3.1567089231326992
3.1646013103797435
3.1704700296989747
3.1704700296989747
3.177249838855758
3.177249838855758
3.185039628531958
3.173319278460332
3.211094322568452
3.2254229673718435
3.2360257269395154
3.2265545340985
3.2265545340985
3.2274754283401337
3.222736112188986
3.214265519396025
3.2047750192633346
3.2268591371242312
3.2268591371242312
3.2325039089629053
3.2325039089629053
3.2325039089629053
3.2325039089629053
3.2325039089629053
3.2249742179261647
3.218642431049967
3.211643809560242
3.2078941418348963
3.2108025617903246
3.2108025617903246
3.2108025617903246
3.246251887959771
3.246251887959771
3.2459567745494122
3.2459567745494122
3.2379405637046745
3.23234156336426
3.217050558524426
3.204984834035198
3.204984834035198
3.21763785648178
3.21763785648178
3.2152005907308
3.2127705975846474
3.2127705975846474
3.244136309135124
3.2481365049924507
3.2481365049924507
3.23984131069167
3.2367596125133247
3.2268799782744
3.243691346703302
3.253989767547497
3.253989767547497
3.236593939779168
3.1917483065856387
3.1917483065856387
3.2098636291199774
3.219921651740035
3.219921651740035
3.219921651740035
3.2171046923734985
3.22571983030773
3.22571983030773
3.22571983030773
3.22571983030773
3.19297085288093
3.2094856885152585
3.2094191730563533
3.2111534819004537
3.2111534819004537
3.2104500705243164
3.2216457862516967
3.2216457862516967
3.2179326346291486
3.2179326346291486
3.220712036126942
3.220712036126942
3.2212635832383745
3.2212635832383745
3.221829010497725
3.2316238212738715
3.235999837861335
3.2104687280595567
3.2360867730627176
3.219131077274363
3.219131077274363
3.201051370633842
3.201051370633842
3.2173451814743457
3.216902259961396
3.2035205897038366
3.2035205897038366
3.220247712688387
3.2338647093980226
3.2338647093980226
3.2354918752453394
3.221697758801498
3.203544314286026
3.213360646455312
3.213360646455312
3.2142379760522006
3.2142379760522006
3.2142379760522006
3.23855525600001
3.2306073382924563
3.2230885680013324
3.2230885680013324
3.2062299072297926
3.2072115497555593
3.2072115497555593
3.207730981301314
3.207730981301314
3.207730981301314
3.207730981301314
3.2284025559372083
3.2122727483795255
3.2173449852117773
3.2173449852117773
3.2003901186162853
3.2003901186162853
3.205089195352794
3.205089195352794
3.2059399639848865
3.2059399639848865
3.2059399639848865
3.214467164505567
3.2050505689824127
3.2050505689824127
3.207670415335786
3.207670415335786
3.2043338485790533
3.2043338485790533
3.222384824105802
3.227466841740957
3.245462010957331
3.245462010957331
3.22328988390122
3.2210951867650803
3.236668170456849
3.2356626818080936
3.2340948396546376
3.229855334998808
3.229855334998808
3.224158632568001
3.224158632568001
3.224158632568001
3.224158632568001
3.249493634333059
3.2464708767392603
3.238891237066419
3.2291775299189074
3.2291775299189074
3.230663894266609
3.2498819336754754
3.251805099830861
3.2519948457246586
3.261080092283534
3.2632929425310353
3.2632929425310353
3.2632929425310353
3.252989018038839
3.260540433523176
3.286146655199443
3.284815293920706
3.284815293920706
3.284815293920706
3.284815293920706
3.284815293920706
3.2822720652639124
3.2822720652639124
3.2822720652639124
3.263048980622188
3.263048980622188
3.263048980622188
3.24940979849477
3.2494550678815184
3.2614891083281465
3.2584919793362914
3.2584919793362914
3.264214895940207
3.264214895940207
3.264214895940207
3.264214895940207
3.262614459159942
3.242660271378192
3.2390312874516907
3.24831879703643
3.24831879703643
3.24831879703643
3.2442856032174405
3.2442856032174405
3.2442856032174405
3.2471809301923087
3.257593816985656
3.257593816985656
3.257593816985656
3.2576473443666583
3.2576473443666583
3.2576473443666583
3.2576473443666583
3.2576473443666583
3.2576473443666583
3.2274095534115115
3.2274095534115115
3.2432396403973205
3.243934735256993
3.226428821647311
3.228661868003275
3.2289444815445587
3.2347534611070126
3.233804625425282
3.233804625425282
3.233804625425282
3.21421190678441
3.231260549318945
3.2304139588680867
3.2304139588680867
3.229092174620652
3.2321392695812077
3.2229490564346484
3.2229490564346484
3.2229490564346484
3.2229490564346484
3.2229490564346484
3.2229490564346484
3.2229490564346484
3.231394567996297
3.2284170369268645
3.241367184818128
3.241367184818128
3.236964359100422
3.236964359100422
3.236964359100422
3.225523725376362
3.219246878932034
3.219246878932034
3.219246878932034
3.204853665214466
3.2176601536887697
3.2254513274085777
3.2254513274085777
3.2254513274085777
3.215634231715172
3.220968351871174
3.2337519709516536
3.2299925627918014
3.223896950361744
3.197798534956659
3.1940715859669844
3.198137440543084
3.198137440543084
3.1922752867989406
3.1981081048734805
3.194810328834423
3.194810328834423
3.2274822068217217
3.228536396248412
3.228536396248412
3.227070615791181
3.223529973086217
3.223529973086217
3.1967412327789253
3.208566693936987
3.2281155281877782
3.2043287331205885
3.1999476835486056
3.1999476835486056
3.219945616404126
3.219945616404126
3.2221655816192802
3.2221655816192802
3.2221655816192802
3.2221305798738613
3.2221305798738613
3.218710995216099
3.2418764934769952
3.2527280601111452
3.2513601505400103
3.2513601505400103
3.2349087349048933
3.2436509574624797
3.212575330248195
3.212575330248195
3.212575330248195
3.2137600980327323
3.2178502496225243
3.2167905639564403
3.2167905639564403
3.2167905639564403
3.202285042206879
3.202285042206879
3.218638588557798
3.218638588557798
3.2283362190272364
3.2283362190272364
3.2266369164389612
3.207940921840072
3.207940921840072
3.207940921840072
3.2066301356699602
3.180279319328725
3.180279319328725
3.180279319328725
3.1968591842532845
3.179298537449837
3.179298537449837
3.1694372263539554
3.1694372263539554
3.1694372263539554
3.183888720928181
3.2105884434922
3.2013340682689684
3.2013340682689684
3.2013340682689684
3.1723770467928025
3.1723770467928025
3.1869719105726415
3.1869719105726415
3.2001789394591653
3.2027400158206447
3.2075115672759265
3.2075115672759265
3.2177249200680507
3.2090418384133423
3.208464495314047
3.2121343213075475
3.207175490893838
3.207175490893838
3.207175490893838
3.2106547637291047
3.2106547637291047
3.2214181941565303
3.2033173688153083
3.2180250652482867
3.2398057297264495
3.1990333198371226
3.1949407668114813
3.1949407668114813
3.1827285468433475
3.1821999566581907
3.1790497858699087
3.1790497858699087
3.1790497858699087
3.175581570934188
3.175581570934188
3.169130639789814
3.169130639789814
3.1529005425635517
3.154591729611373
3.172710428324628
3.172710428324628
3.172710428324628
3.164866353077078
3.1794867052144467
3.177041803618428
3.177041803618428
3.175474601315505
3.1753523605188967
3.1753523605188967
3.1753523605188967
3.1881483344875847
3.1858508514636696
3.1858508514636696
3.1858508514636696
3.1880968731074084
3.1880968731074084
3.200846562803999
3.200846562803999
3.1879267163958573
3.1879267163958573
3.1989302526253045
3.1951029337318806
3.2035263968628542
3.215814961105988
3.2100984651518663
3.184379234486253
3.184379234486253
3.2017658268002913
3.2017658268002913
3.2156426761710275
3.221613930871903
3.232301413639868
3.232301413639868
3.232301413639868
3.22309273553325
3.22309273553325
3.22309273553325
3.22309273553325
3.2347700998559037
3.2200389067739414
3.2130801330671366
3.2130801330671366
3.1981684533549113
3.1972172544965636
3.202072661573591
3.2182779386107443
3.2182779386107443
3.222737494253271
3.1883457028592597
3.203358456797826
3.2128905617614194
3.211431653804565
3.211431653804565
3.198609506036542
3.1984118960264833
3.1984118960264833
3.209646207080194
3.209646207080194
3.2183812300610026
3.2268653209998703
3.202898546999161
3.2075243898203345
3.2075243898203345
3.2075243898203345
3.2075243898203345
3.2302997630381602
3.211043566607106
3.203853315635253
3.246022898459618
3.235281393784114
3.235592830637968
3.2191438191539277
3.22530670104741
3.236001653520556
3.236001653520556
3.2375067824897292
3.2156642366745305
3.210246214007906
3.20229947161676
3.198315355891269
3.1957905941244773
3.218123934442217
3.2249687195392984
3.2249687195392984
3.2249687195392984
3.2196845353686503
3.2196845353686503
3.2099860560274642
3.1869489242410505
3.1869489242410505
3.200137941678358
3.203633214482734
3.196072770208272
3.196072770208272
3.196072770208272
3.198827306079534
3.1995813968713036
3.19488840025245
3.17862424557154
3.1786518469379264
3.194741023126012
3.194741023126012
3.194741023126012
3.194741023126012
3.194741023126012
3.194741023126012
3.175397623069562
3.188526702712307
3.188526702712307
3.188526702712307
3.189410113591814
3.189410113591814
3.218030895999227
3.2098774132813244
3.2098774132813244
3.1961920821887557
3.207329064558888
3.207329064558888
3.1994722448276627
3.1994722448276627
3.207316099075481
3.232247349366844
3.232487957735876
3.232487957735876
3.232487957735876
3.2311580072930743
3.2311580072930743
3.2311580072930743
3.215725212817179
3.238052649531585
3.238052649531585
3.2302927245144692
3.2098429168129425
3.2098429168129425
3.213025835262123
3.204714007459821
3.204714007459821
3.204714007459821
3.2052652551341003
3.224531430392595
3.220741578902177
3.1920434078442
3.1901806128762917
3.2024779216619175
3.2024779216619175
3.2024779216619175
3.2024779216619175
3.1877602812975074
3.184537269428373
3.1916487808254934
3.195751636728909
3.2098736421292946
3.208129350248474
3.208129350248474
3.2128966836685846
3.2120235213887196
3.199342353025901
3.199342353025901
3.199342353025901
3.199342353025901
3.2159433820975996
3.2129413945660383
3.216545873356225
3.183073295255827
3.1794720839867057
3.1794720839867057
3.1924369335541165
3.1924369335541165
3.1924369335541165
3.1924369335541165
3.1924369335541165
3.1767644783834053
3.1613190694381386
3.1613190694381386
3.1613190694381386
3.1454414770637573
3.1701899304190233
3.1701899304190233
3.1701899304190233
3.1870861469568497
3.181607146975212
3.181607146975212
3.2035108141367514
3.201667918276515
3.201667918276515
3.193086090197121
3.1808251935159264
3.1758884119656137
3.1602802911771324
3.1602802911771324
3.163697623322107
3.1827258706888406
3.1868769273815283
3.1868769273815283
3.202001941065
3.2031953230224106
3.2031953230224106
3.182559775001388
3.1717887000307585
3.1717887000307585
3.177053995781464
3.174790641010958
3.174790641010958
3.174790641010958
3.1792211713072622
3.195953466350521
3.195953466350521
3.199576512690995
3.199576512690995
3.209247392157735
3.216050271331563
3.201787816095806
3.201787816095806
3.2124390150751787
3.2016727535622036
3.209645641936882
3.209645641936882
3.209645641936882
3.2102985741579952
3.2102985741579952
3.19321365526738
3.19321365526738
3.1941975150122572
3.1823950237580547
3.178998674551687
3.1754190492727457
3.193234148214145
3.193234148214145
3.203191287100805
3.1993205579893855
3.1993205579893855
3.200223034777015
3.182357557249577
3.182357557249577
3.182357557249577
3.1679267587580586
3.1679267587580586
3.1679267587580586
3.17429272259007
3.1969964925349723
3.1969964925349723
3.188226584036733
3.1513799781961858
3.180488181791192
3.1844822923512157
3.1957942174113425
3.1957942174113425
3.1957942174113425
3.1957942174113425
3.1929540326505643
3.2289505061361554
3.2352853619199045
3.2352853619199045
3.2344520015873726
3.2344520015873726
3.2344520015873726
3.2344520015873726
3.2344520015873726
3.2221086095815004
3.2221086095815004
3.21147424864659
3.21147424864659
3.21147424864659
3.21147424864659
3.2097203644561674
3.192768691916209
3.192768691916209
3.192768691916209
3.192768691916209
3.2132755869633076
3.2132755869633076
3.2132755869633076
3.2200646767227474
3.2200646767227474
3.2200646767227474
3.2200646767227474
3.2208921378489777
3.241305451295759
3.241305451295759
3.2454939811206645
3.2454939811206645
3.228896783596313
3.2224870715594274
3.2224870715594274
3.2266366327034537
3.2266366327034537
3.2266366327034537
3.241502640725755
3.2512808016648496
3.2512808016648496
3.2586675321918928
3.25844621033937
3.2428508243994107
3.2428508243994107
3.233500843320719
3.2408221364785224
3.23668773934771
3.23668773934771
3.2254330692896453
3.2620619760758576
3.256582604667417
3.2508129398045047
3.2508129398045047
3.2437209021456925
3.2437209021456925
3.2437209021456925
3.2437209021456925
3.235040001907426
3.2403749015727037
3.241468281174956
3.241468281174956
3.2486907180908844
3.246075519332594
3.2545750058335834
3.2545750058335834
3.2545750058335834
3.2430245104487097
3.243016194729307
3.2428677471037792
3.24142331997052
3.2471068296025773
3.2338418323976015
3.2338418323976015
3.21742241501245
3.2293180409493902
3.222816187539031
3.222816187539031
3.2386120904065776
3.232018095235122
3.2559951627026984
3.2559951627026984
3.2559951627026984
3.2559951627026984
3.2559951627026984
3.2446992553077343
3.248745596964523
3.2311807636849776
3.216419987071394
3.216419987071394
3.2207468517762545
3.213198590595826
3.201442789233994
3.207665563040155
3.198435000596321
3.189903065449908
3.1967879194251134
3.1967879194251134
3.2090544123671108
3.2148454102081043
3.2148454102081043
3.2135325945330933
3.2135325945330933
3.2135325945330933
3.2135325945330933
3.180171595816046
3.180171595816046
3.1845916283846485
3.222635023924277
3.222635023924277
3.2264041326012425
3.220642057198425
3.191281179044711
3.2057933247223747
3.2057933247223747
3.194821683062256
3.182086595217541
3.182086595217541
3.182086595217541
3.185180174199048
3.185180174199048
3.18738738175324
3.18738738175324
3.18738738175324
3.18738738175324
3.18738738175324
3.18738738175324
3.18738738175324
3.18738738175324
3.18738738175324
3.189185349570919
3.1793785983801106
3.1680778040134157
3.1758191321713936
3.1758191321713936
3.172512239901871
3.172512239901871
3.1873706332659526
3.1873706332659526
3.215652445997662
3.218034116957099
3.218034116957099
3.2349783703701016
3.214600221479638
3.2371556581271466
3.2398097278738938
3.233101193716222
3.2443901447769243
3.2488615533035
3.2488615533035
3.254878647814339
3.240756749586272
3.240756749586272
3.240756749586272
3.240756749586272
3.240756749586272
3.240756749586272
3.21541868154891
3.2139488868974158
3.2139488868974158
3.2353414029185377
3.2353414029185377
3.2243873244401327
3.2230740821507036
3.2289265620526715
3.224500398564356
3.222027808328787
3.214042990111048
3.2107383620302774
3.2107383620302774
3.18875582675231
3.1997487046043833
3.1997487046043833
3.2033387550945354
3.2004767097960247
3.217587261152516
3.2253398325079203
3.2185444422025964
3.230907263591762
3.230907263591762
3.234592746756711
3.234592746756711
3.2171714389705177
3.2171714389705177
3.2255476661877593
3.2151661138829466
3.2151661138829466
3.237286246737153
3.2365903585078826
3.236511588297558
3.242812396406949
3.242812396406949
3.242812396406949
3.242812396406949
3.2550267336015084
3.2550267336015084
3.2550267336015084
3.253719125612907
3.2417359767090224
3.231960590482028
3.231960590482028
3.231960590482028
3.253048608688405
3.245172130408972
3.239667321348451
3.224860000957129
3.223204894601399
3.223204894601399
3.220502560803195
3.220502560803195
3.239014050217174
3.239014050217174
3.239014050217174
3.239014050217174
3.239503186113257
3.208725071988379
3.231063261221596
3.2240310336208893
3.2240310336208893
3.2240310336208893
3.2240310336208893
3.2240310336208893
3.2342905339623007
3.2254426057598127
3.2550412150345704
3.2550412150345704
3.2550412150345704
3.2430144998403714
3.2430144998403714
3.2430144998403714
3.2430144998403714
3.220771181528798
3.220771181528798
3.220771181528798
3.206610443869983
3.1869837054577683
3.1965031504171346
3.1965031504171346
3.1948504914300537
3.186613249769122
3.186613249769122
3.185186260133291
3.1850257089059766
3.1927175736308926
3.1927175736308926
3.1927175736308926
3.1893547263842152
3.171121146147489
3.171121146147489
3.171121146147489
3.1796216913820206
3.1796216913820206
3.188276693122654
3.207337305173584
3.195231470104565
3.183020874015943
3.183020874015943
3.183020874015943
3.183020874015943
3.183020874015943
3.184680288774947
3.184680288774947
3.1875803477106723
3.2161455722968793
3.2037263837871843
3.2037263837871843
3.2037263837871843
3.2164091942485737
3.220276678165425
3.220276678165425
3.213180735796963
3.213180735796963
3.213180735796963
3.213180735796963
3.1889943379146817
3.1813562164836835
3.1813562164836835
3.1813562164836835
3.1813562164836835
3.2045373561323696
3.2045373561323696
3.2045373561323696
3.2034104507934327
3.2034104507934327
3.1800838745311752
3.1800838745311752
3.192480663853985
3.1848522698047583
3.1848522698047583
3.1848522698047583
3.1848522698047583
3.1848522698047583
3.182156201525631
3.182156201525631
3.195832964229775
3.195832964229775
3.195832964229775
3.1943074436861427
3.18662193352901
3.205603991038179
3.205603991038179
3.1957817664413337
3.1957817664413337
3.1705268486290965
3.1705268486290965
3.1754345612568073
3.162176018840879
3.162176018840879
3.185833687177898
3.162170283338481
3.167006508353771
3.1818105915664208
3.1818105915664208
3.1960899743904045
3.1960899743904045
3.1960899743904045
3.1960899743904045
3.19070714760002
3.1840104100204907
3.193406174287915
3.193406174287915
3.193406174287915
3.1976327673343596
3.1879047841668515
3.191539867009395
3.212598622000956
3.212598622000956
3.212598622000956
3.205059015302093
3.205059015302093
3.2015097099283167
3.2015097099283167
3.2015097099283167
3.2015097099283167
3.2015097099283167
3.2091936328549897
3.2091936328549897
3.2221448497386316
3.2259114422208177
3.2259114422208177
3.2259114422208177
3.2259114422208177
3.2260598307812485
3.2260598307812485
3.2260598307812485
3.2260598307812485
3.2302775466875264
3.22287188467065
3.22287188467065
3.2274010036570897
3.229700119620376
3.2265167944879782
3.2264418231736354
3.2264418231736354
3.2219079049568937
3.210883584667329
3.209048746574215
3.2225966050733437
3.1983707957682923
3.204916422348304
3.2128640506129647
3.2128640506129647
3.2128640506129647
3.2128640506129647
3.2128640506129647
3.2128640506129647
3.2074263634860234
3.21196563064935
3.21196563064935
3.1884866675470547
3.197372189150961
3.197372189150961
3.200742181620953
3.2096595472225036
3.2096595472225036
3.2096595472225036
3.220285028586778
3.206829221519774
3.2247058937653024
3.1950661240127984
3.1950661240127984
3.1950661240127984
3.1950661240127984
3.1950661240127984
3.1950661240127984
3.1950661240127984
3.1950661240127984
3.2047383085170598
3.2047383085170598
3.2047383085170598
3.194184670616641
3.194184670616641
3.194184670616641
3.183887207902587
3.193633435673911
3.207915634086707
3.207915634086707
3.2073483873068107
3.2073483873068107
3.2098311326914657
3.2200427052874905
3.2200427052874905
3.233386319333464
3.229636085185972
3.229636085185972
3.239569222197009
3.239569222197009
3.239569222197009
3.249084057529819
3.249084057529819
3.222900000219903
3.222900000219903
3.222900000219903
3.222900000219903
3.222900000219903
3.222900000219903
3.222900000219903
3.222900000219903
3.2075510871566038
3.2075510871566038
3.2030174248518857
3.202101518488989
3.2019889486469193
3.1980699855408554
3.1980699855408554
3.195764759932685
3.1871761547666675
3.1871761547666675
3.1871761547666675
3.183429588450394
3.172282228065525
3.1719004836545497
3.1858760333376415
3.1858760333376415
3.186379712619354
3.2011580807381845
3.1911845853555256
3.1911845853555256
3.2188928236047323
3.201227103957835
3.201227103957835
3.2040569886201213
3.2040569886201213
3.187112501255018
3.1733391704412477
3.17480463784612
3.17480463784612
3.1744946147324384
3.1822161467533547
3.1822161467533547
3.1822161467533547
3.198661992838818
3.187966862558406
3.2060096094800627
3.2060096094800627
3.2060096094800627
3.1984952568153875
3.1984952568153875
3.1984952568153875
3.1986630763641752
3.215340886419113
3.215340886419113
3.217666346259691
3.204385272805274
3.207743497616426
3.2169926249931113
3.1984284501127207
3.1974585681741567
3.196528608880585
3.196528608880585
3.196528608880585
3.196528608880585
3.2101175208646593
3.2206067716921996
3.2206067716921996
3.1965929299807367
3.1965929299807367
3.1981257491527963
3.1981257491527963
3.1981257491527963
3.2164807098462473
3.2212080183215646
3.2109072412780693
3.2109072412780693
3.2070758630658918
3.1970817136582506
3.1970817136582506
3.208241379331798
3.208241379331798
3.208241379331798
3.208241379331798
3.2170963998500586
3.191698196045549
3.195460511200294
3.195230259952833
3.1920954674679223
3.1862686987070816
3.167431842133709
3.1642125893546167
3.189117554452332
3.196110037780794
3.195418420505064
3.2402199458200864
3.2402414618214945
3.233161742795356
3.250273274675463
3.250273274675463
3.250273274675463
3.2285409730475765
3.2285409730475765
3.2432929323937705
3.2432929323937705
3.2432929323937705
3.2421556646547725
3.251368399066852
3.251368399066852
3.251368399066852
3.251368399066852
3.251368399066852
3.251701264111105
3.2385675752129255
3.2345594266775612
3.2305676297990993
3.22106607459654
3.22106607459654
3.2185861234401165
3.2185861234401165
3.2185861234401165
3.2185861234401165
3.2185861234401165
3.225799963816819
3.225799963816819
3.225163216454957
3.2099711391618095
3.2099711391618095
3.214323687139353
3.2145878192046906
3.2179839869763054
3.211112828381868
3.2176237471155242
3.2176237471155242
3.2176237471155242
3.2176237471155242
3.2176237471155242
3.2176237471155242
3.2176237471155242
3.2016515716307046
3.1858910804070613
3.1793330230021395
3.1874326328575067
3.189615716930766
3.189615716930766
3.1928027933643213
3.2234802120382535
3.2234802120382535
3.215935121361129
3.215935121361129
3.2023371590720737
3.2023371590720737
3.203252946950855
3.203252946950855
3.1980253809834505
3.1980253809834505
3.1921594073695965
3.2095024303694037
3.186109987055466
3.206194499242758
3.2044410349489834
3.2044410349489834
3.1917594486900502
3.180480161774914
3.180480161774914
3.195007871620358
3.195007871620358
3.195007871620358
3.1885099273262796
3.178182210031389
3.1860750241773848
3.1911055533404804
3.1911055533404804
3.1950511652115328
3.1950511652115328
3.1804943965840726
3.1804943965840726
3.1804943965840726
3.184917262941073
3.190645349798217
3.207001840703259
3.207001840703259
3.1991997162720214
3.181999651943889
3.1857310898869393
3.1857310898869393
3.1857310898869393
3.209857799433598
3.181306137028777
3.1752216181402684
3.1840062782366405
3.1840062782366405
3.195680472847199
3.2139149625144854
3.213788106665467
3.213788106665467
3.2043869363933783
3.208036098490212
3.208036098490212
3.208036098490212
3.208036098490212
3.208036098490212
3.208036098490212
3.208036098490212
3.2111652296481434
3.2111652296481434
3.208831890652269
3.2308569439294046
3.2308569439294046
3.2123168717297363
3.2123168717297363
3.2126832805078953
3.2213696373309615
3.242345408290055
3.241159273626779
3.241159273626779
3.241159273626779
3.241159273626779
3.2370143627486017
3.2429343253246374
3.247891504089013
3.247891504089013
3.2270727359030085
3.2374589324779044
3.2539483426707347
3.245147997402097
3.245147997402097
3.2359138799530567
3.221381397872227
3.236406524664803
3.236406524664803
3.2472009036832072
3.2472009036832072
3.2472009036832072
3.2472009036832072
3.2663560237379197
3.253813526639938
3.253813526639938
3.253813526639938
3.2520796285170497
3.2543424137154653
3.2543424137154653
3.243137355498216
3.243137355498216
3.2216047070507945
3.2216047070507945
3.2216047070507945
3.2216047070507945
3.243801076639488
3.243801076639488
3.2608244129780193
3.2388534775054105
3.2388534775054105
3.2140193390663434
3.214184169315889
3.214184169315889
3.214184169315889
3.2218645030342055
3.2218645030342055
3.2218645030342055
3.2218645030342055
3.220890550637504
3.220890550637504
3.220890550637504
3.2371005327065765
3.207150388347842
3.2169236177256364
3.217149306685693
3.23115130147589
3.229952191241858
3.2244327299116797
3.224578605054896
3.224578605054896
3.222548087622489
3.236754342155513
3.1964252416115495
3.1996956840824766
3.196911162354788
3.1963115478754816
3.1973376286192985
3.191986530003316
3.2024390650861325
3.2024390650861325
3.2024390650861325
3.2024390650861325
3.199748108834459
3.2268866167082124
3.2126597676503437
3.2126597676503437
3.202539395661037
3.2109695557385503
3.220200978346824
3.2102911119773463
3.2016533552780158
3.185570035502426
3.185706020387152
3.185706020387152
3.192516949135003
3.1971042002620464
3.209665778792428
3.209665778792428
3.2178180936845275
3.219828643112475
3.219828643112475
3.219828643112475
3.2255204969890423
3.2254816584692727
3.2254816584692727
3.2254816584692727
3.218055725148168
3.218055725148168
3.218055725148168
3.2157742947682486
3.2263138695995552
3.2338648477959993
3.2338648477959993
3.2226523011279733
3.2226523011279733
3.2226523011279733
3.215365800471296
3.215365800471296
3.215365800471296
3.2079038693849604
3.2017187502820463
3.2012634276381493
3.2027369395397858
3.2027369395397858
3.2016790512733904
3.2154022805447986
3.2154022805447986
3.2154022805447986
3.219046783174211
3.224706596884696
3.2114287370191414
3.2114287370191414
3.2169805862536087
3.2169805862536087
3.218830335240043
3.218830335240043
3.218830335240043
3.204039694804688
3.2149595586808886
3.2013270613510376
3.187009982557611
3.187009982557611
3.187009982557611
3.207681554317908
3.207681554317908
3.178872626611663
3.178872626611663
3.166857676831599
3.166857676831599
3.187818084993558
3.1901948996812424
3.194509555385602
3.194509555385602
3.194509555385602
3.194509555385602
3.1948793881819597
3.19994974874799
3.19994974874799
3.19994974874799
3.1975303669907675
3.227275446293627
3.227275446293627
3.227275446293627
3.2100467838370794
3.190042689332426
3.190042689332426
3.190042689332426
3.2109284111351335
3.1878212800575714
3.2129906627516625
3.208443005304234
3.208443005304234
3.2148565426745095
3.2257845154385882
3.217856056031296
3.217856056031296
3.2218104122099103
3.203056468818456
3.203056468818456
3.2107250232818507
3.2107250232818507
3.2107250232818507
3.213577051893838
3.2120568601277033
3.190941317725858
3.190941317725858
3.2321074875913736
3.2332876640518
3.2332876640518
3.203946754188558
3.211868562079417
3.2162541565417855
3.2067891932067356
3.2067891932067356
3.2067891932067356
3.2119371746658345
3.2309377891185727
3.226145632158574
3.226145632158574
3.2373588357283962
3.2129020682848615
3.228747735279166
3.228747735279166
3.2122542025654472
3.2122542025654472
3.211784149514164
3.2079857584618123
3.2115836811312866
3.228054947982324
3.2363151494655606
3.2264069210665696
3.2264069210665696
3.2264069210665696
3.2264069210665696
3.2262182740523992
3.230521267386654
3.2320929324094707
3.2351417354038587
3.2361079978864824
3.2361079978864824
3.2361079978864824
3.2361079978864824
3.2404824808242254
3.2404824808242254
3.238275416932081
3.238275416932081
3.2354032924297735
3.2381533238616242
3.2556075935997923
3.2556075935997923
3.228737593000539
3.228606694774739
3.245248766880092
3.247580565596748
3.247580565596748
3.247580565596748
3.247580565596748
3.25092705321028
3.25092705321028
3.242614491644895
3.22291492557476
3.2027138778731037
3.2293404117231232
3.2293404117231232
3.2293404117231232
3.212039825225295
3.212039825225295
3.212039825225295
3.2052738702468737
3.2052738702468737
3.209151954191833
3.2145493155150393
3.2145493155150393
3.215756678376977
3.215756678376977
3.223240881535808
3.231477370577083
3.2281666394468123
3.2188360202054778
3.202829653944385
3.215763032342799
3.215763032342799
3.181929590040529
3.194430479966096
3.196461600831477
3.2033462673754896
3.2011238705329483
3.2011238705329483
3.2074636343123024
3.2119199400070824
3.2185394016721256
3.20901221953449
3.2067606921103744
3.2067606921103744
3.2179073368177336
3.2179073368177336
3.2034017441066225
3.1962056056058077
3.184959215955156
3.184959215955156
3.184959215955156
3.1786733980547246
3.1786733980547246
3.17180710878006
3.17180710878006
3.197001048197853
3.200824285830664
3.190785093883861
3.1995977750208606
3.1966928272971056
3.1966928272971056
3.1891358033449926
3.1656025425784113
3.1656025425784113
3.1656025425784113
3.152374162103553
3.1779547439536393
3.1779547439536393
3.19237246579761
3.1957575872547004
3.1957575872547004
3.1957575872547004
3.2166461332413343
3.2090082178319923
3.211570509402279
3.211570509402279
3.2186920729002426
3.1871062292061807
3.1871062292061807
3.203236583164435
3.203236583164435
3.2197296672488127
3.2027861682063383
3.2148648179148864
3.2148648179148864
3.2148648179148864
3.2036846629809657
3.200378004971467
3.2086283673587945
3.2086283673587945
3.2086283673587945
3.2086283673587945
3.2086283673587945
3.2085612833724477
3.210526140249872
3.181974310441616
3.181974310441616
3.181974310441616
3.181974310441616
3.1778270999283778
3.1646505212510823
3.1646505212510823
3.168412202429592
3.168412202429592
3.168412202429592
3.164288147702048
3.161253813484468
3.1749190930060003
3.1684483018598475
3.186599810420981
3.1965174586792005
3.203299811144234
3.197385005059971
3.2040452574912477
3.2040452574912477
3.2040452574912477
3.2040452574912477
3.2040452574912477
3.2053649183086828
3.2053649183086828
3.222266352488543
3.2230643859427937
3.208699673021211
3.2111577115721537
3.1966620649403685
3.1991436553771937
3.202902409400594
3.210269710110285
3.1928220204954365
3.1975206682156427
3.2236582522085993
3.227536739716346
3.2325245424950895
3.2090135283411527
3.188981782046885
3.2114143408888376
3.2071282932972394
3.2071282932972394
3.2071282932972394
3.204192347827413
3.204192347827413
3.2021176027509903
3.1931702733176124
3.1936908081494697
3.1936908081494697
3.1936908081494697
3.1936908081494697
3.1936908081494697
3.183880262316515
3.183880262316515
3.183880262316515
3.183880262316515
3.171348850810279
3.171348850810279
3.178526669024296
3.190491983253138
3.188948103648436
3.1783046369634755
3.1843770517499155
3.1843770517499155
3.1843770517499155
3.196807161061334
3.196807161061334
3.226361132518763
3.2119569667348764
3.2119569667348764
3.2159672990306984
3.2159672990306984
3.2159672990306984
3.218079855733995
3.1966145874196847
3.1966145874196847
3.1872220698997804
3.1872220698997804
3.1847610258503796
3.1862356431636307
3.1908874608607163
3.196236459587988
3.196236459587988
3.2042948169166197
3.2042948169166197
3.2042948169166197
3.2057126688891335
3.2186789730246614
3.2180240191511524
3.2180240191511524
3.2202504186702368
3.2313851210026936
3.2333008679609776
3.2333008679609776
3.231446976909149
3.231446976909149
3.231446976909149
3.230546335930497
3.208587714393269
3.2238930180787735
3.2202927498017306
3.1925891815605607
3.22009172691647
3.22009172691647
3.22009172691647
3.213657288357993
3.213657288357993
3.2058342709428875
3.2153945237877113
3.203959003498713
3.2296053426707587
3.2296053426707587
3.2313379693631594
3.2313379693631594
3.2361302552982285
3.1772753910684717
3.2097308727044553
3.2044212422415876
3.2044212422415876
3.200185722303446
3.200185722303446
3.200185722303446
3.2156097718823355
3.2017388400348747
3.2017388400348747
3.181424372757073
3.181424372757073
3.1795892799384915
3.1795892799384915
3.1795892799384915
3.1795892799384915
3.2008725533943476
3.2008725533943476
3.2008725533943476
3.2008725533943476
3.1876839114147097
3.1876839114147097
3.176807913255114
3.176807913255114
3.185636746290589
3.174655130735957
3.204398748920348
3.204398748920348
3.204398748920348
3.205463531632345
3.178796502766783
3.189405347195098
3.1961389269093106
3.1961389269093106
3.1997896910944763
3.2071708595547643
3.20577035567405
3.20577035567405
3.195619434535243
3.195619434535243
3.1679493556929206
3.1679493556929206
3.1679493556929206
3.1837848795608266
3.201171963644238
3.201171963644238
3.1929164047439023
3.2234182903666775
3.2234182903666775
3.2234182903666775
3.2207718800623946
3.2207718800623946
3.2187280802698806
3.2187280802698806
3.2187280802698806
3.2187280802698806
3.2187280802698806
3.2162000064326257
3.2162000064326257
3.2106404559029285
3.2106404559029285
3.2106404559029285
3.2111124321550246
3.2111124321550246
3.2111124321550246
3.2111124321550246
3.1841522574760033
3.1841522574760033
3.179881343248565
3.188612086217701
3.188612086217701
3.188612086217701
3.188612086217701
3.197708814723186
3.197708814723186
3.1809648956819028
3.1703540413047673
3.194746013929913
3.1928330874792663
3.2182230239036076
3.212719225638965
3.204774865231901
3.2050212643224976
3.2073811778201504
3.2098544519566303
3.227555995207434
3.215740922942573
3.2088069711531477
3.2088069711531477
3.192405898776785
3.192405898776785
3.1985128222948136
3.1846945027225213
3.1839893033706024
3.1933287860109494
3.2043204068107776
3.2043204068107776
3.1981522355724317
3.2037649169434355
3.231070063344646
3.232102587882084
3.208876521076899
3.219712374825647
3.2296671548920197
3.2296671548920197
3.2296671548920197
3.2060564201735784
3.1998660309062137
3.2026682109304425
3.2089424116896437
3.201859110857633
3.1879523810019994
3.1831181363671397
3.1941103029136113
3.2003637776907503
3.203274703204216
3.1978923036419715
3.2008681395912246
3.2008681395912246
3.2130436528054127
3.2130436528054127
3.2157993160246385
3.2383527937381404
3.2482038810692972
3.236261160814063
3.2308043974230154
3.213977049425835
3.219325937282359
3.219325937282359
3.2151805974174636
3.2096891580956544
3.216107644783905
3.2142599245252614
3.2104246352632755
3.2339336573486723
3.2339336573486723
3.2339336573486723
3.212387365723747
3.2133359838913353
3.2133359838913353
3.225993815502383
3.225993815502383
3.2199232014662433
3.2199232014662433
3.2199232014662433
3.237221082592139
3.237221082592139
3.214965502539041
3.214965502539041
3.217879663692729
3.217879663692729
3.2226794392418694
3.2266140027244137
3.2314554460368443
3.2314554460368443
3.2314554460368443
3.2314554460368443
3.2314554460368443
3.2314554460368443
3.2314554460368443
3.24389058133309
3.24389058133309
3.248250958319364
3.234958366957115
3.234958366957115
3.234958366957115
3.2362775012404823
3.2366632097018466
3.2366632097018466
3.2366632097018466
3.2212266017631634
3.2197882813842678
3.2197882813842678
3.240954567052508
3.240954567052508
3.240954567052508
3.240954567052508
3.2280779006244242
3.2172560449952017
3.2011212936037983
3.19775489899336
3.19775489899336
3.19775489899336
3.19775489899336
3.19775489899336
3.2349400380946873
3.2349400380946873
3.2395885835038487
3.2395885835038487
3.2325218906056365
3.224866617911618
3.2123685656785246
3.214266418532898
3.214266418532898
3.214266418532898
3.214266418532898
3.214266418532898
3.219834658914735
3.21470269988224
3.2161425846096705
3.219700878405868
3.2281761786925904
3.201272629359135
3.1932108435928157
3.2271569398164126
3.21346278251683
3.196865908225614
3.196865908225614
3.2226033817653974
3.195389525564366
3.206991743559743
3.206991743559743
3.206991743559743
3.206991743559743
3.206991743559743
3.206991743559743
3.206991743559743
3.213221386649166
3.213221386649166
3.213221386649166
3.2154438605593163
3.2154438605593163
3.207166667852156
3.207166667852156
3.214851334005103
3.214851334005103
3.214851334005103
3.2213125000860305
3.237134905252101
3.2404084699804105
3.2404084699804105
3.2404084699804105
3.2204581917891013
3.232877908997435
3.225030185310604
3.225030185310604
3.224253814912331
3.239919812412567
3.239919812412567
3.241600017250416
3.241600017250416
3.223982661709152
3.223982661709152
3.223982661709152
3.223982661709152
3.228336050321744
3.228336050321744
3.228336050321744
3.228336050321744
3.228336050321744
3.2264146508117326
3.2264146508117326
3.2220141219002483
3.227718228619276
3.2179069195783865
3.2179069195783865
3.2060504874316917
3.2167638828855005
3.2167638828855005
3.2167638828855005
3.2167638828855005
3.2016945363190543
3.1872681262561193
3.1927452404151175
3.206693897321413
3.2067964942126186
3.206398421620737
3.206398421620737
3.2103798851251577
3.1824087426679553
3.182837733549163
3.1698148191844693
3.170127483797267
3.1808494493359136
3.1808494493359136
3.1684931344385454
3.192919262793418
3.194101855564788
3.208886937316829
3.1933348152444037
3.1933348152444037
3.174299267918728
3.182437737402995
3.182437737402995
3.182437737402995
3.2028720562913398
3.2028720562913398
3.1971213524386153
3.1971213524386153
3.1971213524386153
3.1971213524386153
3.198500473902023
3.2045660984595687
3.2045660984595687
3.190133772130959
3.15841996133218
3.1686227647453156
3.1686227647453156
3.1699125366169993
3.1699125366169993
3.1699125366169993
3.1699125366169993
3.176025556966802
3.1863698094120703
3.184610170744257
3.2080881583422025
3.2080881583422025
3.2080881583422025
3.194085643206088
3.1978661053998305
3.196007879338619
3.196007879338619
3.1695672374594053
3.1695672374594053
3.1599319856521078
3.1599319856521078
3.1599319856521078
3.1599319856521078
3.1599319856521078
3.1599319856521078
3.1599319856521078
3.16275032559663
3.1664484637591963
3.17154425793799
3.17154425793799
3.1812365985508637
3.1812365985508637
3.184035953694947
3.184035953694947
3.1909658640400678
3.1900429761370823
3.1900429761370823
3.1900429761370823
3.19031237680876
3.1952923670650453
3.1952923670650453
3.2060478809132293
3.2060478809132293
3.205223638076216
3.212322122340351
3.2087489613401865
3.2087489613401865
3.2011422253049484
3.2011422253049484
3.2011422253049484
3.1777346564047777
3.1725676656302957
3.1803981861997785
3.1803981861997785
3.1818970661388177
3.167391144913937
3.1926162837702696
3.1856647733712857
3.1856647733712857
3.1856647733712857
3.1823587827497293
3.18986568861286
3.1985307889825387
3.1999463756231226
3.2025676860347168
3.2122349139050588
3.220491643394376
3.220491643394376
3.2115311859403057
3.2047217252440925
3.2110680557630866
3.2110680557630866
3.2110680557630866
3.2140282873744797
3.2029057747833622
3.210843138275562
3.199419240536672
3.1868114304417343
3.2155756348140554
3.1920864439820793
3.1827970378276302
3.1827970378276302
3.1918927478028247
3.19173869673002
3.19173869673002
3.19173869673002
3.19173869673002
3.19173869673002
3.19173869673002
3.19173869673002
3.19245787180787
3.19245787180787
3.196848045852614
3.196848045852614
3.198836939339308
3.2044879370760984
3.2044879370760984
3.2274189691171316
3.2258561723913326
3.2258561723913326
3.224330793573447
3.187425984887014
3.187425984887014
3.197624773756044
3.2021474095995845
3.2021474095995845
3.2249867495304883
3.221698014906281
3.221698014906281
3.1890349479159936
3.1890349479159936
3.196835656958554
3.2219037142902196
3.2156912954310535
3.202591109008615
3.202591109008615
3.202591109008615
3.1871867212233007
3.1942324783915272
3.2170116068243413
3.22822024206927
3.2301782127866825
3.2301782127866825
3.229114222007983
3.2233289675217875
3.229554957710602
3.2159222466748374
3.2159222466748374
3.209245425589694
3.208098567346086
3.2168887344034243
3.2168887344034243
3.2168887344034243
3.2168887344034243
3.2112067559684796
3.2112067559684796
3.2267517099153857
3.2265437906312897
3.2252168876036356
3.2281492938730794
3.2281492938730794
3.2281492938730794
3.220847397650933
3.219991425314807
3.2001313126534154
3.2001313126534154
3.2011576364514336
3.2011576364514336
3.2011576364514336
3.2011576364514336
3.2112876227821334
3.2112876227821334
3.208414251373466
3.208414251373466
3.208414251373466
3.209792972355189
3.187769729494473
3.1831718914282527
3.20205793258226
3.2234663720530876
3.2269891124474293
3.232783363964421
3.199937067452134
3.2024041646636454
3.2152606852443752
3.2152606852443752
3.2284674287697492
3.2284674287697492
3.2318773689900633
3.204150923993208
3.2156677275753855
3.2423527237822762
3.2423527237822762
3.2423527237822762
3.2454450158515704
3.2352231222369583
3.22268022874094
3.2131239639226057
3.234926914303639
3.2411741419777393
3.2429378560475977
3.2429378560475977
3.2421351018885414
3.2421351018885414
3.2421351018885414
3.2236198835197576
3.241183124947341
3.2290378602467795
3.2277285245077585
3.2248716470441736
3.218363496152703
3.2183471304675897
3.2183471304675897
3.2185154063123687
3.2185154063123687
3.2185154063123687
3.2185154063123687
3.2185154063123687
3.2185154063123687
3.2218769976092427
3.2086841706997724
3.2139118573490193
3.2449863230209886
3.2233027159930008
3.2233027159930008
3.2233027159930008
3.2233027159930008
3.1999425298736477
3.228208325604093
3.228208325604093
3.228208325604093
3.228208325604093
3.2230180864259697
3.2257842792137583
3.224168312310743
3.225381231161254
3.222805604497129
3.1937667363205415
3.220739330860706
3.2309580867614676
3.2309580867614676
3.2268224629434723
3.2268224629434723
3.2197394324941553
3.241204470132946
3.241204470132946
3.252191670774074
3.252191670774074
3.2215435183971928
3.2165970300724274
3.2165970300724274
3.2224919569239554
3.24283672011519
3.240489077009285
3.2249091313034337
3.2256499270217214
3.2276256759671473
3.2332063353833544
3.2288309022458477
3.227235436632226
3.227235436632226
3.191800914074078
3.1922202190440885
3.198820909242678
3.198820909242678
3.196275908835356
3.2046380467458464
3.187957812196767
3.198576582753236
3.19797807874788
3.1940364221035793
3.180649012303664
3.1713502591425975
3.165493892693787
3.1696924616012114
3.1852626732076015
3.1852626732076015
3.2243970375373845
3.2243970375373845
3.2243970375373845
3.212605594342372
3.212605594342372
3.212605594342372
3.212605594342372
3.212605594342372
3.18889146009324
3.18889146009324
3.18889146009324
3.18889146009324
3.180915862497923
3.1876303121832854
3.1891471812108785
3.1891471812108785
3.206254876120283
3.206254876120283
3.2098877734826528
3.2098877734826528
3.214155187403008
3.214155187403008
3.214155187403008
3.226094222832053
3.2260310949544726
3.2403173354466834
3.2403173354466834
3.2403173354466834
3.2403173354466834
3.2492858197994243
3.230186463491357
3.230186463491357
3.230186463491357
3.230186463491357
3.226142165073702
3.24094804532558
3.231109448291483
3.231109448291483
3.225710496438087
3.2238824056314317
3.2238824056314317
3.223189686097826
3.1970227996695533
3.201405547530702
3.2187680288179688
3.2187680288179688
3.203466384875127
3.215421000696706
3.2237125853775255
3.2242683158207526
3.208887704814016
3.2074951278769586
3.2074951278769586
3.2074951278769586
3.175688027935996
3.2081283258348576
3.2167664391394393
3.2167664391394393
3.2211275132709085
3.2055868713224904
3.2137300166527596
3.2018349830896513
3.2018349830896513
3.2018349830896513
3.192185244450282
3.195907486988479
3.2096769168643746
3.200161260414252
3.200161260414252
3.200161260414252
3.1878565716132683
3.198526083331609
3.196406285778811
3.196406285778811
3.203264454310862
3.203264454310862
3.2251772413800532
3.2112458789849905
3.208520251012829
3.192759284571914
3.2063615159854035
3.202127074200545
3.209951368348745
3.209951368348745
3.209951368348745
3.2000484410997516
3.2000484410997516
3.2139518105532874
3.2139518105532874
3.199761521111497
3.191447858999172
3.191447858999172
3.2157266934513893
3.2081895443059314
3.1960452502338743
3.1874982350357204
3.2016550466300133
3.2016550466300133
3.201988737751109
3.1882023194255664
3.1882023194255664
3.1882023194255664
3.1882023194255664
3.1780141326736713
3.187561411653989
3.19800984586145
3.191241606953654
3.191241606953654
3.183435248225644
3.183435248225644
3.183435248225644
3.2114700971578682
3.2114700971578682
3.2114700971578682
3.2114700971578682
3.2114700971578682
3.208698212526491
3.195217259683555
3.2014338477960327
3.2014338477960327
3.2014338477960327
3.1905636202342276
3.1905636202342276
3.1861101089001167
3.1861101089001167
3.163661183365633
3.163661183365633
3.156988670935018
3.1662354458489155
3.1662354458489155
3.1854057383639494
3.1918510888381944
3.178619407721581
3.1701486194174353
3.172365415632357
3.172365415632357
3.1547779452781475
3.1871362461774373
3.1980059739037165
3.161417906160321
3.174802700070834
3.1839273654333233
3.1882389314415063
3.1882389314415063
3.1882389314415063
3.1882389314415063
3.1851099129857188
3.1655206161692204
3.1655206161692204
3.1655206161692204
3.1655206161692204
3.155611901160472
3.1489438513640824
3.1489438513640824
3.1489438513640824
3.1529160562160268
3.160797445310051
3.180560469141679
3.180560469141679
3.180560469141679
3.167008827217618
3.167008827217618
3.165791567997895
3.165791567997895
3.165791567997895
3.191784032347361
3.1884708701822615
3.1884708701822615
3.1884708701822615
3.1649079344715454
3.1906343966068276
3.207760312614941
3.162340110384044
3.1834634191414204
3.1734583349636907
3.1945973026777574
3.1958649463877413
3.1958649463877413
3.183899537302311
3.186488879492668
3.201103552895378
3.2227032585671473
3.210962417270003
3.222436510150133
3.2254645569563127
3.1999902074511977
3.2127909498909344
3.2127909498909344
3.2160111441713175
3.2133248973368493
3.2133248973368493
3.2040363564790435
3.2040363564790435
3.212250629044189
3.2059832529905425
3.2059832529905425
3.2005232646987967
3.2005232646987967
3.190841590941742
3.190841590941742
3.190841590941742
3.2016121256902794
3.1964145589513446
3.1964145589513446
3.180584689654789
3.1863110670060824
3.1838435089474912
3.1838435089474912
3.1838435089474912
3.1836954749403885
3.1842260896044494
3.1842260896044494
3.1800654168808915
3.1800654168808915
3.1895331502268798
3.181302180369036
3.1928926355400047
3.1928926355400047
3.1968908124466644
3.1968908124466644
3.1968908124466644
3.1968908124466644
3.2137973553069408
3.197263810072787
3.1977693034809542
3.2040874504383225
3.209140283935294
3.209140283935294
3.220249317565855
3.220249317565855
3.1915541976703588
3.2172203196791203
3.2065704643166866
3.2065704643166866
3.1895807069969306
3.1895807069969306
3.1895807069969306
3.199429643001058
3.199429643001058
3.199429643001058
3.199429643001058
3.199429643001058
3.207569070980307
3.209992128700037
3.209992128700037
3.199897340590724
3.199897340590724
3.196557348370399
3.1932832292872133
3.186564355265556
3.186564355265556
3.186564355265556
3.186564355265556
3.1692245892022286
3.1692245892022286
3.1692245892022286
3.182024735313794
3.177620024337716
3.184864274309712
3.184864274309712
3.192834547996031
3.183229812224685
3.183229812224685
3.1973741577298473
3.216453257289772
3.200405259346297
3.200405259346297
3.200405259346297
3.200405259346297
3.1959363271614887
3.1959363271614887
3.177298174581757
3.177298174581757
3.177298174581757
3.1582804686592656
3.1482710071281343
3.1482710071281343
3.1770358001613737
3.1770358001613737
3.1666359006404092
3.1666359006404092
3.181400328706303
3.1939482225992015
3.176274633542004
3.172746708573962
3.194984800679259
3.1709935840437535
3.1709935840437535
3.1878149685338055
3.1878149685338055
3.1878149685338055
3.1878149685338055
3.1878149685338055
3.200625126059218
3.194425662117554
3.194425662117554
3.184604368503093
3.1867962075671397
3.196817363323105
3.196817363323105
3.196817363323105
3.1967859016726257
3.2026621552014896
3.1840807790407077
3.1846930116088523
3.1846930116088523
3.2196899655280156
3.2196899655280156
3.221096674792521
3.211570151036417
3.211570151036417
3.217732448679028
3.217732448679028
3.217732448679028
3.217732448679028
3.228303383559495
3.228303383559495
3.228303383559495
3.229448901980185
3.21916711059108
3.2300456058024234
3.2170858752348055
3.221816329909183
3.221816329909183
3.2280362321281544
3.2280362321281544
3.2351727370688366
3.241307344130587
3.241307344130587
3.212409031422383
3.212409031422383
3.212409031422383
3.2300575244732688
3.2161161318090374
3.2381452470098018
3.2381452470098018
3.2381452470098018
3.24540784656112
3.2305450197113634
3.2305450197113634
3.2436476826750305
3.239639087841446
3.239639087841446
3.2170924299955868
3.2234142036872666
3.1963869327590726
3.2127719395203798
3.2127719395203798
3.2127719395203798
3.2127719395203798
3.2124577072103855
3.2124577072103855
3.194243449391906
3.194243449391906
3.1909834840628726
3.1909834840628726
3.1909834840628726
3.185936578285386
3.180454997523738
3.180257577740926
3.180257577740926
3.180257577740926
3.1699513500364174
3.1699513500364174
3.1743981784880275
3.1722626469110407
3.1689373540194183
3.1689373540194183
3.1928776020423997
3.196698425118694
3.202624986767279
3.1960562388695744
3.1960562388695744
3.1993263116432016
3.1908667938753346
3.1911511316838057
3.179936609982992
3.179936609982992
3.1676750273013377
3.1728607068718357
3.1728607068718357
3.1688371274421083
3.1688371274421083
3.173083278772391
3.1685559190163257
3.193258265554212
3.2012180901468246
3.2012180901468246
3.200721328512735
3.1867438557835834
3.2010846193040385
3.1987208379817695
3.1987208379817695
3.222594342900277
3.202713147210825
3.202713147210825
3.1936975043058227
3.1936975043058227
3.1936975043058227
3.217669796475033
3.2119189981275365
3.214009146705486
3.214009146705486
3.2213193961735156
3.2213193961735156
3.218583624223053
3.2149317950852474
3.1973535317987385
3.2007286193713274
3.2262293970125917
3.2341803108459835
3.2180443795093674
3.23829602371654
3.242293498513664
3.242293498513664
3.227483851639886
3.203004367531088
3.1971816546694836
3.2097119820177658
3.2097119820177658
3.216246645506759
3.2282311150069476
3.2282311150069476
3.240989116268402
3.240989116268402
3.221987364426099
3.2215652778476476
3.235859439126626
3.235859439126626
3.235859439126626
3.235859439126626
3.235859439126626
3.251507402935038
3.2556604911327933
3.2230174227220703
3.2366696019694325
3.2366696019694325
3.2366696019694325
3.2322550801039434
3.2322550801039434
3.2189926233996506
3.216175211303036
3.216175211303036
3.2039182961191215
3.1969346130774463
3.1969346130774463
3.217668321017801
3.2216272930136602
3.2216272930136602
3.2309923772422735
3.221828502076004
3.2469973828461702
3.2469973828461702
3.2390235271677463
3.2392709662868238
3.2392709662868238
3.237695305131788
3.2569955034130067
3.2569955034130067
3.2328339773840935
3.2328339773840935
3.2328339773840935
3.2287903640736357
3.210171943661508
3.2334127532784
3.2334127532784
3.215719383267132
3.209665430804795
3.2284274816046357
3.234353209163112
3.234353209163112
3.258623692132033
3.260955276364744
3.260955276364744
3.260955276364744
3.2531572260757216
3.236016888961051
3.2221915985061327
3.2247179569333038
3.2233554944378437
3.2527124628381263
3.2574574568449552
3.2809180840615073
3.2601202263118503
3.2601202263118503
3.262202206255125
3.262202206255125
3.240103553982873
3.2375220266288802
3.238187239497993
3.238187239497993
3.238187239497993
3.2206153106363558
3.2247901092239695
3.2247901092239695
3.2247901092239695
3.236904265539585
3.236904265539585
3.236904265539585
3.236904265539585
3.236904265539585
3.234287459748104
3.232015543220856
3.226629128826628
3.226629128826628
3.223887394443553
3.1902070049392446
3.1902070049392446
3.2001832044242917
3.2223195195406964
3.225193691202136
3.214177430939934
3.214177430939934
3.214177430939934
3.1903699540802575
3.1997398719496397
3.1997398719496397
3.205386299456129
3.1914541137712114
3.1914541137712114
3.1920759727604624
3.2044508948753054
3.2044508948753054
3.2044508948753054
3.2044508948753054
3.1900441108228064
3.2128959002026347
3.1998726016252412
3.208307740981646
3.208307740981646
3.208307740981646
3.208307740981646
3.208307740981646
3.208307740981646
3.207845531022605
3.185386088831299
3.185386088831299
3.2067868152390773
3.212065996832916
3.212065996832916
3.2092271998896025
3.2114741743066384
3.2173141063259183
3.244979964867395
3.244979964867395
3.2342457302475798
3.232764796712544
3.232764796712544
3.232764796712544
3.232764796712544
3.1989249683250316
3.20988008128907
3.199253035974434
3.199253035974434
3.199253035974434
3.2226243558559764
3.2137504395374363
3.2137504395374363
3.2137504395374363
3.2137504395374363
3.2137504395374363
3.214288275254499
3.202091690840665
3.1926866681996944
3.1926866681996944
3.1912976416818926
3.1912976416818926
3.196479269466146
3.1987812540948877
3.1987812540948877
3.1887883650118507
3.1967214165034887
3.1967214165034887
3.1967214165034887
3.1986706800604163
3.1986706800604163
3.2180290973061334
3.218211011207869
3.1856604918498435
3.1856604918498435
3.2018285822633747
3.2061983889810843
3.2061983889810843
3.2061983889810843
3.2061983889810843
3.2014214385336794
3.19042044756343
3.211217834029981
3.211377376202654
3.224545466470345
3.2165118704310025
3.226158339696584
3.2138041229863803
3.2093078160990447
3.194217631896075
3.194217631896075
3.1905604053307624
3.1905604053307624
3.178751425847663
3.178751425847663
3.188070664136789
3.192547376785452
3.187348050016164
3.1919662832340046
3.1919662832340046
3.205122765665134
3.205122765665134
3.205122765665134
3.1908636824380543
3.1908636824380543
3.1908636824380543
3.181229420930948
3.181229420930948
3.1556265659188085
3.1556265659188085
3.162332913856755
3.1679254005489312
3.1835277806692064
3.170633758043021
3.170633758043021
3.170633758043021
3.174044412510176
3.174044412510176
3.195190360220866
3.2054938718768615
3.2077846049059504
3.195130332687342
3.195130332687342
3.2289723864895583
3.2289723864895583
3.2289723864895583
3.216482540574562
3.220502198030502
3.2197184059894837
3.2257390102282715
3.232928398736173
3.2144202002183944
3.2144202002183944
3.199377516846922
3.225942356961883
3.225942356961883
3.2357905799240965
3.2225924966446584
3.2225924966446584
3.201433517949422
3.2121588035726107
3.1977382225114286
3.2120499890169083
3.1870975106781727
3.1870975106781727
3.1870975106781727
3.1904679070614517
3.164866287249834
3.164866287249834
3.1654921163770346
3.1654921163770346
3.1613854791553955
3.1613854791553955
3.1837661024635735
3.1877429110384328
3.1877429110384328
3.192053476937387
3.202779956803747
3.1853194880157236
3.2075613239400536
3.1948407549236504
3.178182036111717
3.178182036111717
3.178182036111717
3.1906733037994544
3.211748414962221
3.2066172864814306
3.23238046796376
3.21528980709705
3.21528980709705
3.21528980709705
3.2335142721083683
3.2254903550605873
3.2254903550605873
3.236648666501913
3.236648666501913
3.236648666501913
3.236648666501913
3.222889612569252
3.228846481168202
3.228846481168202
3.228846481168202
3.228846481168202
3.228846481168202
3.2054118034591537
