3.6106752877895443
3.6106752877895443
3.6106752877895443
3.6106752877895443
3.6106752877895443
3.6106752877895443
3.6106752877895443
3.6106752877895443
3.6106752877895443
3.6106752877895443
3.6106752877895443
3.6106752877895443
3.6106752877895443
3.6106752877895443
3.6106752877895443
3.6106752877895443
3.6106752877895443
3.6106752877895443
3.6106752877895443
3.6106752877895443
3.6106752877895443
3.6106752877895443
3.6106752877895443
3.6106752877895443
3.6106752877895443
3.6106752877895443
3.6106752877895443
3.6106752877895443
3.6106752877895443
3.6106752877895443
3.6106752877895443
3.6106752877895443
3.6106752877895443
3.6106752877895443
3.6106752877895443
3.6106752877895443
3.6106752877895443
3.6106752877895443
3.6106752877895443
3.6106752877895443
3.6106752877895443
3.6106752877895443
3.6106752877895443
3.6106752877895443
3.6106752877895443
3.6106752877895443
3.6106752877895443
3.6106752877895443
3.6106752877895443
3.6106752877895443
3.6106752877895443
3.6106752877895443
3.6106752877895443
3.6106752877895443
3.6106752877895443
3.6106752877895443
3.6106752877895443
3.6106752877895443
3.6106752877895443
3.6106752877895443
3.6106752877895443
3.6106752877895443
3.6106752877895443
3.6106752877895443
3.6106752877895443
3.6106752877895443
3.6106752877895443
3.6106752877895443
3.6106752877895443
3.6106752877895443
3.6106752877895443
3.6106752877895443
3.6106752877895443
3.6106752877895443
3.6106752877895443
3.6106752877895443
3.6106752877895443
3.6106752877895443
3.6106752877895443
3.6106752877895443
3.6106752877895443
3.6106752877895443
3.6106752877895443
3.6106752877895443
3.6106752877895443
3.6106752877895443
3.6106752877895443
3.6106752877895443
3.6106752877895443
3.6106752877895443
3.6106752877895443
3.6106752877895443
3.6106752877895443
3.6106752877895443
3.6106752877895443
3.6106752877895443
3.6106752877895443
3.6106752877895443
3.6106752877895443
3.6106752877895443
3.604645584602183
3.5986490619183575
3.5890990164399246
3.582524301578321
3.580374628757061
3.579485245387383
3.579485245387383
3.579485245387383
3.579485245387383
3.579485245387383
3.54193170874655
3.531504706103956
3.531504706103956
3.531504706103956
3.531504706103956
3.5197165010266045
3.5095889289103965
3.5095889289103965
3.5095889289103965
3.5095889289103965
3.5079114987789994
3.5051962605073608
3.4987986608304396
3.4588625711812417
3.4588625711812417
3.4588625711812417
3.4588625711812417
3.431898628007196
3.3467882399040945
3.344149908325249
3.344149908325249
3.346133922777079
3.346133922777079
3.3410281380769398
3.3410281380769398
3.3410281380769398
3.31424077171537
3.2792711309154026
3.2752561241083002
3.258437073344859
3.2498590027925927
3.249445684805536
3.2529995153216884
3.2531461144520075
3.212761328818948
3.212761328818948
3.2217432852108234
3.251852916044301
3.251852916044301
3.251852916044301
3.251852916044301
3.2432334650190198
3.228431487736684
3.228431487736684
3.226198049023292
3.226198049023292
3.2178772092916916
3.2178772092916916
3.2178772092916916
3.2178772092916916
3.203821977997405
3.203821977997405
3.2149107421524863
3.2149107421524863
3.2117491475568483
3.2088402304522594
3.2088402304522594
3.2088402304522594
3.197940895775966
3.1971651874243823
3.1971651874243823
3.1971651874243823
3.1935346267201408
3.2075332312296454
3.1777038755162716
3.1777038755162716
3.1901591873560835
3.1901591873560835
3.2112477319411896
3.2084500049829567
3.2084500049829567
3.194777934555741
3.194777934555741
3.195919042756627
3.195919042756627
3.195919042756627
3.195919042756627
3.219962061651769
3.2079271538490812
3.2079271538490812
3.207510883316196
3.207510883316196
3.213182380430421
3.214153239679774
3.2150146960644124
3.2150146960644124
3.1980709178706457
3.2107974324009176
3.2107974324009176
3.20424768759694
3.1959291816531157
3.2024781604102635
3.185535114178604
3.1994439867041065
3.1964347280051633
3.1909599478568076
3.1909599478568076
3.1909599478568076
3.2245688180776884
3.2181685451801885
3.2129568842247975
3.2129568842247975
3.209582474703018
3.209582474703018
3.2295022254375594
3.2127653252110995
3.2127653252110995
3.2127653252110995
3.2127653252110995
3.1873295029657225
3.1888071467227777
3.1888071467227777
3.220643837717562
3.220643837717562
3.2042231668490606
3.217075104945146
3.21459046314785
3.2009569264854787
3.2009569264854787
3.216067733665348
3.216067733665348
3.216067733665348
3.204812147344751
3.222380165737344
3.202935319601679
3.2265423667058055
3.2220155628726026
3.218413549266122
3.218413549266122
3.2121860587119064
3.2121860587119064
3.205491694470554
3.2215151401994877
3.2215151401994877
3.235065415621026
3.238429013250048
3.252281605728658
3.2535544503567224
3.2535544503567224
3.2253116672380577
3.256193348537514
3.2602893587223036
3.2602893587223036
3.2602893587223036
3.2602893587223036
3.2602893587223036
3.25580336357879
3.25580336357879
3.25580336357879
3.25580336357879
3.211204119849748
3.2024755932920703
3.1922828639492273
3.1922828639492273
3.1922828639492273
3.2032145505874823
3.209668876798352
3.209668876798352
3.2143970582899217
3.2143970582899217
3.2143970582899217
3.2143970582899217
3.201222064548911
3.201222064548911
3.201222064548911
3.201222064548911
3.2101612867236002
3.2198236557746256
3.2198236557746256
3.2023216602469926
3.213969100132043
3.21330006614831
3.1991444684021193
3.1991444684021193
3.192444318006717
3.192444318006717
3.192444318006717
3.198655936839124
3.1947539706543076
3.1947539706543076
3.1947539706543076
3.2064215842961845
3.2064215842961845
3.2064215842961845
3.2064215842961845
3.2064215842961845
3.2064215842961845
3.2064215842961845
3.2064215842961845
3.2064215842961845
3.2196727816003436
3.2196727816003436
3.2196727816003436
3.222100271004729
3.222100271004729
3.222100271004729
3.222100271004729
3.222100271004729
3.221731453908039
3.230000365805022
3.230000365805022
3.21037752834813
3.21037752834813
3.23460471360318
3.2151206242913806
3.2151206242913806
3.2151206242913806
3.2151206242913806
3.2255777823184166
3.2052649166733658
3.2125868519145433
3.2121639460914717
3.2121639460914717
3.2223643272272735
3.2223643272272735
3.222740010929405
3.222740010929405
3.222740010929405
3.226482374605142
3.226482374605142
3.226482374605142
3.2186479429930555
3.2180353325901097
3.2183821328080575
3.2181586864397365
3.2181586864397365
3.2181586864397365
3.2181586864397365
3.2372251418299522
3.2372251418299522
3.2618058392416973
3.2590332024343303
3.2388842559579913
3.242977052264644
3.242977052264644
3.219580945167749
3.2409917120549316
3.259559436612274
3.260550838147577
3.260550838147577
3.255684860102723
3.2775345669581712
3.2717186115760915
3.2717186115760915
3.2717186115760915
3.2616413530766213
3.2734707099352867
3.258561803547049
3.2868651051143996
3.2868651051143996
3.2868651051143996
3.268003331387999
3.269429409162019
3.269429409162019
3.2471432356882852
3.2471432356882852
3.238042273417185
3.2440744305021245
3.256001474369681
3.2481326553251053
3.243795053375423
3.243795053375423
3.2790044651746157
3.2790044651746157
3.241185122792715
3.241185122792715
3.2404591773703952
3.2404591773703952
3.2298360671174704
3.2379874800324213
3.2379874800324213
3.2379874800324213
3.2379874800324213
3.2379874800324213
3.225751024675603
3.2092596008861576
3.2062864835641456
3.2062864835641456
3.2047191975455074
3.2047191975455074
3.2104898808531717
3.1959525939861857
3.2125479091788542
3.2125479091788542
3.2086798554577074
3.2035030402419533
3.2035030402419533
3.2035030402419533
3.2035030402419533
3.177101151979266
3.17948502827592
3.1934912122635715
3.1934912122635715
3.1934912122635715
3.1864973415016538
3.1967319348208267
3.197057112129248
3.1925019265753702
3.1925019265753702
3.1936587709915556
3.1753636971211683
3.1753636971211683
3.168437551009954
3.171943766714007
3.171943766714007
3.2072278131368117
3.2051891322190564
3.182594739175046
3.1874902935364537
3.190528310543201
3.190528310543201
3.190528310543201
3.196105015128834
3.2034786419894594
3.198535137796012
3.1888051910750486
3.2083241530046673
3.213071993779533
3.213071993779533
3.213071993779533
3.19745935440426
3.1992906961109773
3.1911050723259837
3.204234934370707
3.2242516628683227
3.19963487137913
3.2053360378046887
3.211785062929192
3.2298494902212527
3.2118642529467976
3.2262669532754664
3.2176089640691865
3.2176089640691865
3.2101692764531955
3.226628093316209
3.226628093316209
3.263340340277161
3.2492576782885245
3.2492576782885245
3.2492576782885245
3.2370244489475226
3.263935651285003
3.263935651285003
3.2581935567633495
3.257125097968089
3.257125097968089
3.257125097968089
3.257125097968089
3.264840296143613
3.264840296143613
3.264840296143613
3.2619862441768688
3.2619862441768688
3.2585140589721884
3.2273500612175656
3.2273500612175656
3.2273500612175656
3.2283651011601813
3.229405057674873
3.222170110831821
3.222170110831821
3.2197052372352135
3.2197052372352135
3.238542132338913
3.2410357572538455
3.2410357572538455
3.2470206434133
3.2357937909422327
3.2262570826704766
3.2262570826704766
3.2438739652000383
3.2163639526709837
3.2456782319601283
3.2456782319601283
3.2456782319601283
3.2441705414584616
3.2441705414584616
3.2441705414584616
3.2441705414584616
3.2357959287200173
3.2321938683727347
3.2036346779957583
3.188623862583648
3.2164236162890663
3.2172910042182483
3.2242251527420445
3.226614665063275
3.2247558432865815
3.2211966953537225
3.230740316975291
3.230740316975291
3.23229251190953
3.217785264263542
3.217785264263542
3.2168542116794447
3.19583249080476
3.2105008397402948
3.2105008397402948
3.2105008397402948
3.2105008397402948
3.2105008397402948
3.211444631973358
3.211444631973358
3.23165062886248
3.236687553174463
3.23129415609591
3.2267891146709173
3.2267891146709173
3.234274710989149
3.234274710989149
3.253714709890791
3.235912977480554
3.2479665366012944
3.2337929206796447
3.2337929206796447
3.2337929206796447
3.2332108553833714
3.2383178442394467
3.2104873052746945
3.2137670297550645
3.2068148787635127
3.206221403908706
3.237120646702864
3.2132818561529017
3.233342081249402
3.233342081249402
3.240126201901763
3.240126201901763
3.214838410542269
3.2234846026588246
3.2084565122158875
3.2084565122158875
3.2084565122158875
3.2084565122158875
3.2453369126949987
3.2402045725348354
3.2281923400122285
3.2281923400122285
3.2281923400122285
3.2383433714790923
3.2313574961145397
3.212777354622038
3.229542458330011
3.226160443141801
3.2132610837738445
3.2142595209631395
3.2142595209631395
3.2142595209631395
3.2530287651632483
3.2530287651632483
3.237992030526672
3.237992030526672
3.228940627153599
3.228940627153599
3.228940627153599
3.228940627153599
3.2317005041112443
3.2377323291968554
3.237848441376244
3.257820744084509
3.254852527986006
3.252428561962639
3.2503701033714836
3.269432908960989
3.2656513414207664
3.2656513414207664
3.2235081574768363
3.239825005298332
3.239825005298332
3.2289326777640364
3.2289326777640364
3.2373368651121956
3.2373368651121956
3.237009289151181
3.237009289151181
3.2429951176016285
3.249064066845657
3.2739213444448443
3.2739213444448443
3.247066984932034
3.247066984932034
3.247066984932034
3.247456237962225
3.241729082934974
3.2691027729504105
3.2691027729504105
3.2430848585635377
3.2430848585635377
3.2489572215909925
3.2681298252631192
3.2681298252631192
3.2593409247311502
3.2720543413265823
3.2720543413265823
3.2689670761750067
3.268912382603265
3.273514894358414
3.2765219754566175
3.2765219754566175
3.2688207222604837
3.2472764425945684
3.2472764425945684
3.2472764425945684
3.260487165776074
3.2677376314588886
3.2622802719343014
3.2549520688250926
3.2549520688250926
3.235989299035691
3.2426627593095025
3.231219422886055
3.2298746416060986
3.226749241504862
3.226749241504862
3.257414602054224
3.257414602054224
3.257414602054224
3.2180157775944367
3.2180157775944367
3.2180157775944367
3.226907403476171
3.2183928937743453
3.2183928937743453
3.241955610588498
3.241955610588498
3.241955610588498
3.241955610588498
3.241955610588498
3.2528565747299667
3.2477399918264687
3.2292655092606064
3.2284708187269175
3.2370169142451597
3.239331343347621
3.239331343347621
3.22607882358765
3.222300675458106
3.222300675458106
3.222300675458106
3.200363600933896
3.200363600933896
3.210372927046269
3.2163023074825445
3.2068025721724585
3.2068025721724585
3.1908037350510012
3.173626433793677
3.1961441896950937
3.195739627337805
3.195739627337805
3.195739627337805
3.195739627337805
3.2084024007803404
3.2084024007803404
3.2055701957848926
3.221932441531207
3.221932441531207
3.221932441531207
3.221932441531207
3.221932441531207
3.219733339113814
3.219733339113814
3.1871504212617787
3.188749026081269
3.188749026081269
3.1991050072433365
3.1991050072433365
3.1991050072433365
3.211539300466258
3.212900693327144
3.212900693327144
3.20432537244856
3.20432537244856
3.20432537244856
3.197385580346757
3.197385580346757
3.1984419858394544
3.221522240408869
3.207276290460426
3.221642609358764
3.2153746424689498
3.221919108900634
3.221919108900634
3.221919108900634
3.2313278729703896
3.2313278729703896
3.2261938080831376
3.2261938080831376
3.213045301603411
3.213045301603411
3.2091662149699007
3.2091662149699007
3.226380615208109
3.226380615208109
3.226380615208109
3.229780480068214
3.2293585006490244
3.2260704348457088
3.232481414646222
3.232481414646222
3.232481414646222
3.2169060831705867
3.2169060831705867
3.223084986245749
3.223084986245749
3.223084986245749
3.223084986245749
3.223084986245749
3.223084986245749
3.223084986245749
3.223084986245749
3.223084986245749
3.230261841728483
3.230261841728483
3.230261841728483
3.238536538128808
3.2271578183848684
3.219372610033883
3.213658887761881
3.213658887761881
3.213658887761881
3.2046139431219314
3.230707343781863
3.225434962574939
3.225434962574939
3.2072938816239525
3.2072938816239525
3.2072938816239525
3.2159789542620243
3.2093253500148684
3.193087600689672
3.217566951085125
3.203030827564916
3.203030827564916
3.200811235657467
3.206796158514744
3.206796158514744
3.2053513608774478
3.231183388238004
3.231183388238004
3.2367684170158633
3.231649436269871
3.244601539697616
3.2365868009450125
3.2365868009450125
3.23117539241901
3.23117539241901
3.2297503719758343
3.203720831047312
3.203720831047312
3.1934445907343427
3.1934445907343427
3.1959413525001676
3.204303556250512
3.202396309091568
3.193709263547798
3.196959713204077
3.197218747190413
3.197218747190413
3.197218747190413
3.180817320409452
3.180817320409452
3.180817320409452
3.1740191410275167
3.172716625492805
3.1863912159465513
3.187664641787757
3.187664641787757
3.180520348055599
3.180520348055599
3.1961024555464896
3.1961024555464896
3.22141146762549
3.22141146762549
3.220952821545623
3.220952821545623
3.2211376552752715
3.2211376552752715
3.2211376552752715
3.216164030264444
3.2136193624932194
3.2136193624932194
3.214287334419487
3.214287334419487
3.214287334419487
3.208375055528966
3.2103041679514486
3.2103041679514486
3.2103041679514486
3.2103041679514486
3.2502119721876226
3.2502119721876226
3.217642688108756
3.1968984300703953
3.19841818579904
3.19841818579904
3.2025374047558786
3.1966270414364644
3.2246989706298725
3.245713086560419
3.2002257303892487
3.179838664259504
3.179838664259504
3.179838664259504
3.179838664259504
3.191311186256474
3.191311186256474
3.215318063287951
3.215318063287951
3.215318063287951
3.20486903322207
3.204534378630656
3.204534378630656
3.204534378630656
3.204534378630656
3.204534378630656
3.2151397376133253
3.227122399108001
3.221013140053062
3.2348687721559757
3.217522245545198
3.217297735536153
3.226833992605739
3.226833992605739
3.226833992605739
3.2109920515110826
3.2109920515110826
3.2020063919438146
3.210934344929999
3.1862085527644233
3.177614160991433
3.177614160991433
3.164519329224348
3.164519329224348
3.1826815309500245
3.178321441667169
3.178321441667169
3.178321441667169
3.1819807517576875
3.1819807517576875
3.1819807517576875
3.179163649729045
3.179163649729045
3.179163649729045
3.1687755867202276
3.1687755867202276
3.178529664293593
3.201158264099278
3.201158264099278
3.201158264099278
3.201158264099278
3.2026689305929747
3.2026689305929747
3.196693142577581
3.203311220514787
3.214246313409527
3.214246313409527
3.214246313409527
3.214246313409527
3.213884319335782
3.213884319335782
3.213884319335782
3.2186257448836653
3.2186257448836653
3.2186257448836653
3.2230415407336293
3.2378418878423867
3.2612809437724652
3.2677496678399436
3.2432022551418744
3.2432022551418744
3.2432022551418744
3.2432022551418744
3.2432022551418744
3.2432022551418744
3.234052539104916
3.2334788836009345
3.244859108736015
3.228358419494418
3.228358419494418
3.2279456643124975
3.242970298927478
3.245194543330716
3.2456832613843303
3.24398018353806
3.24398018353806
3.24398018353806
3.2471495781355717
3.2483205112774156
3.2328250553963302
3.2328250553963302
3.234957035182249
3.23382956705637
3.23382956705637
3.2396138959368397
3.244987629723705
3.244987629723705
3.224026343012559
3.2095900908939075
3.2305076718356913
3.2435639567684005
3.2592611936178457
3.2592611936178457
3.2696784702446724
3.2327461892532283
3.2327461892532283
3.2473564190972155
3.243428800476123
3.243428800476123
3.2545213351071447
3.2545213351071447
3.2545213351071447
3.2545213351071447
3.2545213351071447
3.2545213351071447
3.251420663662487
3.2524449616586075
3.2524449616586075
3.2524449616586075
3.2495274076144796
3.1846154907610513
3.1846154907610513
3.1880249838079777
3.184889482498295
3.184889482498295
3.198861970562449
3.198861970562449
3.198861970562449
3.193117689959062
3.230101733487548
3.2276244782093078
3.211898218665501
3.1931030210773104
3.2102406655630116
3.2102406655630116
3.2102406655630116
3.222987979162197
3.222987979162197
3.222987979162197
3.244172640075484
3.225514109598284
3.226512651949348
3.1972064341840207
3.1972064341840207
3.1972064341840207
3.211045291357103
3.212919048323424
3.2309696814936566
3.2154942102761743
3.2218178548826013
3.22005251091864
3.2200677559368756
3.2200677559368756
3.2200677559368756
3.2271365517725927
3.240309220232107
3.240309220232107
3.240309220232107
3.240309220232107
3.240309220232107
3.248415032567985
3.249825292345499
3.241403177623317
3.2522672359850797
3.2706328868342243
3.2706328868342243
3.247409665680589
3.2289951705170865
3.2289951705170865
3.2290976861185805
3.2668324416731056
3.2567311526458282
3.2694172824396746
3.2694172824396746
3.2795939268768626
3.257882807690692
3.2611184321653237
3.254240590566748
3.254240590566748
3.254240590566748
3.254240590566748
3.254240590566748
3.254240590566748
3.2613594475476626
3.224212843263133
3.222145587194496
3.2348737020390264
3.2348737020390264
3.2348737020390264
3.2226707641900703
3.236564706642428
3.236564706642428
3.236564706642428
3.2707568344958333
3.277655826498683
3.277655826498683
3.286429206485801
3.286429206485801
3.286429206485801
3.286429206485801
3.286429206485801
3.286429206485801
3.2657109884014113
3.2417057172726773
3.23018801650861
3.23018801650861
3.23018801650861
3.237192120598785
3.237192120598785
3.2187436222377177
3.2187436222377177
3.2187436222377177
3.2365256954958124
3.2365256954958124
3.2365256954958124
3.2365256954958124
3.2314963818708553
3.2314963818708553
3.2389989173495546
3.2389989173495546
3.2389989173495546
3.2430277275124024
3.2430277275124024
3.2430277275124024
3.2430277275124024
3.2215675653551967
3.23818765055284
3.207280105013658
3.207280105013658
3.207280105013658
3.213350360557576
3.228357872067496
3.224182040457897
3.2374153713950014
3.20967158550759
3.2083458462495074
3.207625352424294
3.207625352424294
3.199101244415209
3.199101244415209
3.187805839838562
3.19602198327027
3.195768407239778
3.205520707342922
3.1897943984206005
3.1897943984206005
3.191308673178486
3.1870108276667244
3.1740402104803347
3.1740402104803347
3.1740402104803347
3.182856644407684
3.182856644407684
3.19816167644021
3.19816167644021
3.1875105435323148
3.1875105435323148
3.1875105435323148
3.1875105435323148
3.180949519746275
3.1931256328166113
3.181458612400873
3.1899307574850195
3.2119031666644298
3.2119031666644298
3.211541692034593
3.211541692034593
3.211541692034593
3.206126041714429
3.2232037062961942
3.2232037062961942
3.2232037062961942
3.2126307161128733
3.2013660750084187
3.216263569691246
3.216263569691246
3.216263569691246
3.2107629549660395
3.2107629549660395
3.1993358080705967
3.199366164518215
3.199205306265114
3.199205306265114
3.20595282065936
3.2038911348192456
3.2038911348192456
3.2038911348192456
3.2120724908097866
3.2120724908097866
3.2120724908097866
3.2120724908097866
3.209791684742357
3.185615774625644
3.185615774625644
3.1822579953105996
3.201245977207539
3.2001070879321776
3.18707397680725
3.192226655001249
3.1933101285234016
3.1826180319417374
3.1826180319417374
3.1826180319417374
3.1694828499131202
3.1712604626156793
3.1650118938070784
3.194019404550199
3.2281736757613015
3.2281736757613015
3.230327490810491
3.2292832293321942
3.2249969689996085
3.2127570893715656
3.2127570893715656
3.2089029500559674
3.2089029500559674
3.2089029500559674
3.2173022384462593
3.2173022384462593
3.2035718588293283
3.2035718588293283
3.2224397274616012
3.2224397274616012
3.2224397274616012
3.2224397274616012
3.2334189186700097
3.1866415805211004
3.2006027800073733
3.199319561148194
3.199319561148194
3.199319561148194
3.199319561148194
3.199319561148194
3.199319561148194
3.199319561148194
3.2015573480437816
3.220418144025169
3.220418144025169
3.220418144025169
3.220418144025169
3.227790311231558
3.227790311231558
3.227790311231558
3.2153804795400753
3.2076541428846594
3.2076541428846594
3.2076541428846594
3.210006970305312
3.22528717169782
3.2305369933103876
3.243536405011354
3.2440598705460246
3.2328213250281217
3.2490239288547724
3.2490239288547724
3.2490239288547724
3.2508325726070773
3.2508325726070773
3.2508325726070773
3.216740547020313
3.216740547020313
3.216740547020313
3.211111453262019
3.2158701143988773
3.21484611140497
3.227009927483465
3.227009927483465
3.227983441465007
3.227983441465007
3.234214892527857
3.234214892527857
3.22295763381329
3.222903593675889
3.2444121661303695
3.250245084647796
3.250245084647796
3.2422479810168
3.2422479810168
3.2422479810168
3.2422479810168
3.237951932152955
3.2167736629059007
3.2229547969186516
3.2229547969186516
3.2396981328161707
3.2341137010555205
3.2503724320030702
3.2503724320030702
3.2455678042194447
3.2267908719677085
3.2267908719677085
3.2267908719677085
3.2328674995093123
3.221994606242021
3.221994606242021
3.220955978256529
3.220955978256529
3.2300256763072293
3.2211616966159187
3.2401323748939173
3.256089211707368
3.253821791764391
3.253821791764391
3.2310385543608335
3.2316988322490463
3.2316988322490463
3.241700548619819
3.241700548619819
3.2230610433248446
3.217160121377705
3.2432195564356006
3.218197448681857
3.218197448681857
3.2195527257262615
3.2195527257262615
3.2047612899000484
3.218621648679329
3.218621648679329
3.226689053474115
3.210360724343397
3.226186940449416
3.226186940449416
3.226186940449416
3.2263948711653083
3.2450707020631757
3.2412742353616646
3.2694914801842394
3.25759354455924
3.225735251968332
3.225735251968332
3.2277706211399675
3.2303282698514195
3.2140447127916363
3.2140447127916363
3.2088357043496822
3.225383060242622
3.253344129220919
3.2514601216565793
3.2297652002726873
3.2398156773675226
3.2398156773675226
3.2358685459127123
3.2358685459127123
3.2358685459127123
3.2358685459127123
3.2358685459127123
3.228094999723167
3.228094999723167
3.228094999723167
3.228094999723167
3.250247243889868
3.2389729297817067
3.2389729297817067
3.2170727897055587
3.2159941980243785
3.2529676047967526
3.229063543131914
3.229063543131914
3.229063543131914
3.229063543131914
3.2532932052227994
3.254116268151144
3.254116268151144
3.254116268151144
3.2551838911952964
3.258691453794233
3.2577999556487773
3.2577999556487773
3.2577999556487773
3.2486974327234317
3.2658661793009296
3.2696083894369896
3.2696083894369896
3.2696083894369896
3.2696083894369896
3.2696083894369896
3.249052948966867
3.2482196271087393
3.2482196271087393
3.232236348484681
3.2490722465699866
3.2490722465699866
3.2652892488961243
3.248853715753765
3.2518650828176274
3.2632092147726475
3.2487110886561603
3.252900122844035
3.252900122844035
3.2394595356846647
3.2394595356846647
3.2394595356846647
3.2394595356846647
3.2348415516699878
3.2402530723652228
3.243953034756702
3.243953034756702
3.248809141199385
3.248809141199385
3.2440105739597382
3.2440105739597382
3.234536566314139
3.234536566314139
3.234536566314139
3.234536566314139
3.234536566314139
3.234536566314139
3.234536566314139
3.234536566314139
3.234536566314139
3.2266390816224635
3.2151611360240415
3.2151611360240415
3.241676823223899
3.241676823223899
3.227919226150474
3.2137868530540694
3.228968114127839
3.228968114127839
3.2461698680279554
3.227289490327121
3.227289490327121
3.227289490327121
3.227131237454443
3.2162149633316877
3.21793317946067
3.2032103291426677
3.2127807505539527
3.2076869869718543
3.1844395358547017
3.1978476156127122
3.2109840258946636
3.2336103500901174
3.2328490575372593
3.236389677285821
3.228096820993145
3.228096820993145
3.2362077705530257
3.227976312317755
3.2282249614356675
3.2282249614356675
3.2282249614356675
3.2282249614356675
3.2282249614356675
3.1899433572693976
3.2060796744701534
3.193990388906609
3.2062713499497097
3.2062713499497097
3.2062713499497097
3.20657246123967
3.1821396353002367
3.1963852923720126
3.1963852923720126
3.205333458513013
3.205333458513013
3.205333458513013
3.2070582357913784
3.2130523774576463
3.218214834064116
3.220984867777735
3.207757493136528
3.2179965788317877
3.2179965788317877
3.2179965788317877
3.2179965788317877
3.2179965788317877
3.2298426052521054
3.200468767034683
3.200468767034683
3.2018488704096058
3.20765684205438
3.20765684205438
3.1969024765993534
3.1858789863895964
3.1858789863895964
3.1947444088869466
3.2031768363743267
3.1958979943496844
3.195133070497151
3.1940256963398403
3.206062017186136
3.2181166557586325
3.2136272812200466
3.2136272812200466
3.2136272812200466
3.2136272812200466
3.2223014577043156
3.2223014577043156
3.2436858741354526
3.2436858741354526
3.2360354098522044
3.2248720365470107
3.2248720365470107
3.2248720365470107
3.2248720365470107
3.241747483298422
3.2430376690708997
3.2430376690708997
3.2430376690708997
3.2229869942772127
3.2212565614428077
3.214159206040505
3.214159206040505
3.2031294354729094
3.2031294354729094
3.211602853052385
3.211602853052385
3.211602853052385
3.22221973149476
3.2110477645597957
3.2110477645597957
3.2380619942458346
3.2237414349010955
3.2237414349010955
3.224253924177029
3.2203441414933422
3.2203441414933422
3.2203441414933422
3.2255336483910604
3.235006318791265
3.235006318791265
3.235006318791265
3.246559276704373
3.246559276704373
3.2363294490202796
3.2363294490202796
3.232236377773383
3.2299958924709147
3.2307550927588875
3.2307550927588875
3.2293706176790216
3.234389193335999
3.197087477126544
3.197087477126544
3.233969192973743
3.233969192973743
3.2349017145313934
3.2349017145313934
3.219870628616584
3.2325413570110735
3.2325413570110735
3.2241061676018172
3.2241061676018172
3.2241061676018172
3.2241061676018172
3.239228664728019
3.224307315512679
3.203216089836857
3.201837467803723
3.2082797389263926
3.2082797389263926
3.2082797389263926
3.2082797389263926
3.226923831246566
3.2179932368173527
3.208820307855442
3.2118837360012273
3.2118837360012273
3.177009977382481
3.1783478206224345
3.1783478206224345
3.1925445719386687
3.2129741835403447
3.2143305315549844
3.2274635558356346
3.20446435742202
3.20446435742202
3.20446435742202
3.1935727005046943
3.1730691327863925
3.1730691327863925
3.1892872445337423
3.1892872445337423
3.1892872445337423
3.190638425095648
3.2145050055323106
3.211290166144873
3.211290166144873
3.1894578732085854
3.187653713468594
3.1962320478531043
3.1962320478531043
3.190088018064904
3.1954254977455885
3.1954254977455885
3.2148700472240095
3.2274651035456348
3.219758069567394
3.221011232967976
3.221011232967976
3.2295766947796887
3.2295766947796887
3.2295766947796887
3.197709989194922
3.2135821284177806
3.1954978591250853
3.2062898352683535
3.223373038983609
3.2242889220752597
3.2309400989772867
3.2223523331313273
3.2193212508368356
3.2193212508368356
3.2228330912873004
3.218942749005042
3.2126853513387768
3.2126853513387768
3.2126853513387768
3.2121323002187525
3.2121323002187525
3.2121323002187525
3.2121323002187525
3.2133778409703813
3.2133778409703813
3.2133778409703813
3.2133778409703813
3.1906668695698217
3.201757404258641
3.201757404258641
3.203884034842603
3.207555251803947
3.207555251803947
3.196582858252937
3.196582858252937
3.1913575170335746
3.1913575170335746
3.1913575170335746
3.1922727297781477
3.1922727297781477
3.228566696590722
3.228566696590722
3.228566696590722
3.228566696590722
3.21798918920403
3.21798918920403
3.21798918920403
3.21798918920403
3.2256536734834125
3.2256536734834125
3.211590026904576
3.2070354144902007
3.232531707893255
3.22359365461753
3.2375345402790474
3.2375345402790474
3.226037557188196
3.226037557188196
3.2221778567278574
3.214202145412146
3.218598544848028
3.2178766196155593
3.2422256047437497
3.2422256047437497
3.247363661694684
3.2394548562998704
3.2394548562998704
3.23220378455395
3.23220378455395
3.2180172755706833
3.2180172755706833
3.2180172755706833
3.2250564147870566
3.2373933388324088
3.2373933388324088
3.2373933388324088
3.2373933388324088
3.2157463829355124
3.213846362676751
3.228555838926868
3.228555838926868
3.228555838926868
3.230295457920776
3.230295457920776
3.235153595372915
3.2112993642319916
3.2112993642319916
3.2112993642319916
3.2112993642319916
3.22418309444769
3.22418309444769
3.2136750372406677
3.2136750372406677
3.2136750372406677
3.240825939240992
3.240825939240992
3.240825939240992
3.2245638561348904
3.2177517596178453
3.2177517596178453
3.2177517596178453
3.2177517596178453
3.2079726710190015
3.230880161379598
3.230880161379598
3.230880161379598
3.230880161379598
3.230880161379598
3.230880161379598
3.215974566654648
3.201111949116165
3.2234658580968993
3.2162096355363023
3.190508462729101
3.190508462729101
3.1953977569330942
3.1953977569330942
3.1976728260258924
3.1976728260258924
3.186509241371354
3.209435549182794
3.209435549182794
3.209435549182794
3.1940746067458012
3.225203387198193
3.2151996832776737
3.2061985955901315
3.2061985955901315
3.2061985955901315
3.2061985955901315
3.1860616732078357
3.1860616732078357
3.1715678197781063
3.1715678197781063
3.1737293888259472
3.1737293888259472
3.18633354638551
3.18633354638551
3.193890873158917
3.204717516916058
3.204717516916058
3.1857013143648323
3.1857013143648323
3.1776798046261705
3.1776798046261705
3.1776798046261705
3.159358462275023
3.159358462275023
3.161268928210032
3.161268928210032
3.161268928210032
3.1550141416682806
3.1866446597890787
3.1866446597890787
3.1630512687400802
3.163367356339064
3.185874433569022
3.158054078614971
3.158054078614971
3.1491450847353875
3.1491450847353875
3.1531603357405094
3.161837201890514
3.1703083485060986
3.1703083485060986
3.1703083485060986
3.1703083485060986
3.1703083485060986
3.1703083485060986
3.1703083485060986
3.1703083485060986
3.1703083485060986
3.197407846097739
3.197407846097739
3.197407846097739
3.191091803278864
3.191091803278864
3.191091803278864
3.191091803278864
3.217490303299668
3.218071037855335
3.218071037855335
3.2145065484619617
3.2145065484619617
3.1967348324655522
3.197844772175758
3.18924545033403
3.1872158842290466
3.2137858976834677
3.2137858976834677
3.196283166193411
3.1795027577756647
3.1795027577756647
3.1779480074920734
3.1779480074920734
3.186615635732831
3.186615635732831
3.186615635732831
3.210765191411538
3.210765191411538
3.2160414947541205
3.2160414947541205
3.2160414947541205
3.2174102609651842
3.2174102609651842
3.2174102609651842
3.2164178150280334
3.2058176791739585
3.2058176791739585
3.2277006636060857
3.2277006636060857
3.209737075976322
3.209737075976322
3.209737075976322
3.209737075976322
3.207272772295592
3.207272772295592
3.207272772295592
3.207272772295592
3.207272772295592
3.207272772295592
3.2173070542228563
3.2173070542228563
3.2173070542228563
3.2307604434758903
3.2387908142514092
3.2387908142514092
3.2387908142514092
3.2387908142514092
3.2356352482794524
3.2356352482794524
3.2311847673494305
3.2311847673494305
3.2327205953001927
3.2209398775990286
3.2209398775990286
3.216720571607522
3.216720571607522
3.216720571607522
3.216720571607522
3.216720571607522
3.220737729545605
3.220737729545605
3.219973144364999
3.2340728927557962
3.238748436840653
3.21992533689881
3.203967153411588
3.2053527707861655
3.233504610086146
3.2376960980060923
3.240000081882063
3.240000081882063
3.240000081882063
3.240000081882063
3.2404049194645586
3.2421719236059934
3.2421719236059934
3.2421719236059934
3.2421719236059934
3.242466102857274
3.2419115974856334
3.2280226034875295
3.2281922578815196
3.192699198295764
3.194429200783172
3.194429200783172
3.1939010128786927
3.223750353310791
3.223750353310791
3.223750353310791
3.223750353310791
3.223750353310791
3.2004466704339634
3.2004466704339634
3.196173999222228
3.196173999222228
3.1867786893063195
3.1867786893063195
3.2014189080112394
3.203876032136275
3.236311386434446
3.232950252882449
3.2210802271147325
3.2210802271147325
3.1921379411171955
3.1935664621584468
3.190842050323613
3.1975011017776387
3.2092761957059524
3.2092761957059524
3.209379371665449
3.215728665644694
3.2255697757153943
3.1971947331888693
3.204342948376097
3.211400124048993
3.1952067818036793
3.1891063802519013
3.1854353250688616
3.1854353250688616
3.1817405693365854
3.1817405693365854
3.181530975727674
3.181530975727674
3.1865558164921577
3.1865558164921577
3.179787438934594
3.216231977836946
3.2047364200227646
3.2047364200227646
3.2047364200227646
3.2045525947798206
3.210755593068139
3.2081160659406787
3.2081160659406787
3.211591546369806
3.211591546369806
3.222324896283928
3.222324896283928
3.215759864923631
3.2294233766466762
3.2326657046720184
3.2326657046720184
3.2241142111952863
3.2160090845641087
3.2083529514599354
3.2083529514599354
3.2083529514599354
3.1842286321112474
3.201519374514021
3.192401083606818
3.189011182270809
3.197309461139641
3.212588637915787
3.1967116269540776
3.1967116269540776
3.181714918372226
3.1765019135113035
3.2061741387744043
3.228518555929874
3.228518555929874
3.2429067010079864
3.2421647589333342
3.243344363722409
3.243344363722409
3.243344363722409
3.2437524678848804
3.2424690839359167
3.2424690839359167
3.2746513993821247
3.2746513993821247
3.2746513993821247
3.261714493086805
3.2522804845344844
3.2522804845344844
3.2455600240792997
3.2493805745457247
3.2162100472197483
3.2162100472197483
3.2443715498053654
3.218987149196109
3.218987149196109
3.2280354323633045
3.2280354323633045
3.2051977232998676
3.2217356123193825
3.220475180096021
3.2337722290490074
3.238489173028767
3.238489173028767
3.238489173028767
3.2252793557575252
3.2117076963264437
3.2117076963264437
3.2429134145034135
3.2429134145034135
3.226862283455609
3.2027458966554914
3.1931294940151833
3.1931294940151833
3.1931294940151833
3.1945582846797698
3.2025720545828884
3.2035680137337312
3.2035680137337312
3.207327167359743
3.214562508891142
3.214562508891142
3.20989154151613
3.20989154151613
3.2192466196736307
3.2192466196736307
3.2192466196736307
3.216001503166234
3.1923925266223483
3.193020628587754
3.20480300304035
3.20480300304035
3.20480300304035
3.20480300304035
3.20480300304035
3.20480300304035
3.20480300304035
3.20480300304035
3.229794701476147
3.203526091658251
3.2250659339519006
3.2250659339519006
3.2250659339519006
3.214700013049734
3.223157739489526
3.220565857830668
3.2341860404330807
3.2341860404330807
3.2347468580643706
3.2347468580643706
3.2374424773023365
3.2374424773023365
3.2374424773023365
3.2346129986638523
3.2437643469998463
3.2437643469998463
3.2336558144349206
3.227410011925628
3.227410011925628
3.227410011925628
3.2271999390632278
3.2271999390632278
3.2226215334942765
3.2226215334942765
3.2226215334942765
3.1977196532337504
3.1977196532337504
3.2118001552215367
3.2019989530990394
3.2019989530990394
3.199319417979464
3.207585171289291
3.207585171289291
3.195883558100494
3.195883558100494
3.205719688266486
3.2033297611350076
3.2033297611350076
3.1827609913468384
3.18771635151525
3.18771635151525
3.18771635151525
3.18771635151525
3.18771635151525
3.185061120424606
3.196936085429018
3.196936085429018
3.196936085429018
3.196936085429018
3.175427028206383
3.175427028206383
3.2112457877929943
3.2300879400338482
3.2300879400338482
3.2300879400338482
3.2300879400338482
3.2361541821667097
3.244875639246295
3.2157067891078728
3.2157067891078728
3.192073219104833
3.192073219104833
3.192073219104833
3.208797223938584
3.2030982173596074
3.21389296731176
3.208814447623196
3.17988771757151
3.17988771757151
3.185930248032911
3.1926471509491896
3.1926471509491896
3.1926471509491896
3.18488301994178
3.18488301994178
3.1960851943640853
3.1819265170298334
3.178403866421125
3.1858326269251287
3.17400157933555
3.1905522476954054
3.1905522476954054
3.1905522476954054
3.1790381407248676
3.1790381407248676
3.1869554973275185
3.1869554973275185
3.1869554973275185
3.1869554973275185
3.1869554973275185
3.1869554973275185
3.1789294327681534
3.1789294327681534
3.1789294327681534
3.1789294327681534
3.1789294327681534
3.1748385458139605
3.182778094674513
3.1972242702299414
3.1972242702299414
3.1604475242337444
3.1604475242337444
3.163150518668684
3.163150518668684
3.163468536855839
3.1646689618963775
3.170635811393431
3.166100963355197
3.166100963355197
3.166100963355197
3.156372900402687
3.1622960489021774
3.161670774724018
3.189829478538404
3.189829478538404
3.189829478538404
3.1912517733681325
3.189076398962389
3.189076398962389
3.189076398962389
3.189076398962389
3.186611553123231
3.186611553123231
3.186611553123231
3.186611553123231
3.186611553123231
3.1746827601371215
3.175406861787761
3.215482925870559
3.206622956918172
3.2079468572471086
3.218536210506974
3.218536210506974
3.2183384391076015
3.2183384391076015
3.2183384391076015
3.2088886122649893
3.2146309083193496
3.2087662086632416
3.2087662086632416
3.2087662086632416
3.2015413278691316
3.2015413278691316
3.2015413278691316
3.2015413278691316
3.2015413278691316
3.1821803920089855
3.1992747163822717
3.1992747163822717
3.1992747163822717
3.2084220561747303
3.190133397738196
3.190133397738196
3.190133397738196
3.203615345345505
3.1984342815839444
3.207959203917802
3.2161143255376454
3.204797948966167
3.1991575049327783
3.1991575049327783
3.1991575049327783
3.1991575049327783
3.1991575049327783
3.1991575049327783
3.1991575049327783
3.185299559255631
3.185299559255631
3.185299559255631
3.185299559255631
3.185299559255631
3.1730202273131973
3.1619219459271735
3.1632312479356983
3.1632312479356983
3.1830158234009676
3.2021268163169383
3.1980570501947314
3.1980570501947314
3.205685460598942
3.205685460598942
3.205685460598942
3.205685460598942
3.215294853122191
3.211063543603532
3.2117822789820316
3.2117822789820316
3.2004031036434535
3.212624701349807
3.212624701349807
3.222287566336955
3.1927731981726986
3.1927731981726986
3.1934917847851088
3.1934917847851088
3.1934917847851088
3.1826509697142473
3.1826509697142473
3.1796025320620447
3.1786332646132127
3.176017042411825
3.176017042411825
3.1788858490937395
3.1815613727320953
3.194187798566445
3.194187798566445
3.19773058265453
3.19773058265453
3.212575565280073
3.2073691886388374
3.2073691886388374
3.2129161629786083
3.2129161629786083
3.2129161629786083
3.2129161629786083
3.2078989962952082
3.1988558938051774
3.1988558938051774
3.1988558938051774
3.1988558938051774
3.2010916941077183
3.206052474671838
3.206052474671838
3.208304115422433
3.22215876872611
3.2059576714171834
3.2158201971822997
3.176609318186289
3.176609318186289
3.176609318186289
3.176609318186289
3.2132681367214198
3.2132681367214198
3.2132681367214198
3.2177397415373035
3.211928672231366
3.211928672231366
3.219761475827212
3.226849529994024
3.2414901458112055
3.2414901458112055
3.228994353555457
3.228994353555457
3.2299022851854007
3.2299022851854007
3.2299022851854007
3.2299022851854007
3.237786647985181
3.247344652464305
3.2271430581839233
3.2271430581839233
3.2196827040605434
3.216509537502336
3.254973341685349
3.254973341685349
3.2472668968595846
3.2150387582716373
3.2123827930656987
3.2123827930656987
3.198297512112169
3.221669924710885
3.221669924710885
3.238363248614518
3.216383770783723
3.216383770783723
3.226132600477663
3.226132600477663
3.226132600477663
3.226132600477663
3.2340833932365594
3.2340833932365594
3.2260264151962605
3.2521698768962017
3.2366240586821515
3.2420204280474194
3.2420204280474194
3.234913030421024
3.234913030421024
3.234913030421024
3.234913030421024
3.2227710010888653
3.221122374100425
3.221122374100425
3.225334176696881
3.23878988990019
3.23878988990019
3.23878988990019
3.240789244328335
3.2551055830467397
3.2551055830467397
3.2551055830467397
3.218675080494007
3.218675080494007
3.225583762914433
3.225583762914433
3.225583762914433
3.225583762914433
3.2323335052495605
3.2323335052495605
3.2288321369659614
3.2288321369659614
3.2441871045905923
3.225604690412789
3.225604690412789
3.2420759766429788
3.2420759766429788
3.2420759766429788
3.247686083631529
3.247686083631529
3.247686083631529
3.247686083631529
3.2625006183018113
3.2625006183018113
3.2557793134664053
3.252601980262713
3.2602737377006146
3.2602737377006146
3.2518215010386067
3.2518215010386067
3.2368120159701173
3.2368120159701173
3.2368120159701173
3.244327796760994
3.244327796760994
3.241519566756033
3.2327815828079363
3.236459587971179
3.2564450940603265
3.2564450940603265
3.2564450940603265
3.244553161193109
3.2309286924490146
3.2309286924490146
3.259001841612157
3.2472615460707717
3.236654576875388
3.236654576875388
3.236654576875388
3.233317274847574
3.233317274847574
3.233317274847574
3.232768491978078
3.232768491978078
3.232768491978078
3.2383464086718607
3.2353490699175222
3.229591475433261
3.229591475433261
3.229591475433261
3.2252556988180285
3.2413610399021064
3.2422739727430443
3.233296053615476
3.2427823621743057
3.2397015985042867
3.266304193515276
3.266304193515276
3.251493216177689
3.2376692407085925
3.238827566941658
3.237451823858019
3.237451823858019
3.2427033479826703
3.245887198544715
3.220377629688365
3.220377629688365
3.231106289903344
3.21946119600844
3.21946119600844
3.19286959974964
3.235487845760193
3.239282400493425
3.234818899456365
3.252369803979947
3.252369803979947
3.226539139273516
3.230380509827031
3.226701575853724
3.226701575853724
3.226701575853724
3.229967268297556
3.2579890339112194
3.2579890339112194
3.264792467258093
3.266908488556017
3.2559323773795557
3.2559323773795557
3.2571850251258883
3.249962336766106
3.234688610775299
3.2264050520796785
3.2264050520796785
3.2152452815289516
3.2152452815289516
3.2200557766864524
3.217488512353417
3.2012797967186852
3.194404781760388
3.194404781760388
3.1758244016868984
3.169302613074838
3.169302613074838
3.169302613074838
3.169302613074838
3.1933937828610093
3.2133708656444004
3.2080110776888557
3.2080110776888557
3.2141892953181066
3.214483110272631
3.2115584618490454
3.2115584618490454
3.200761763734572
3.1980216040146083
3.2135449384213515
3.2135449384213515
3.2135449384213515
3.221073613543758
3.2028202713734277
3.1981766090980237
3.2357035733602713
3.2325090143899198
3.2275221176472106
3.2164255358852607
3.2164255358852607
3.221351348916211
3.221351348916211
3.188078949028685
3.216724116644069
3.211180594007868
3.2290680373080023
3.2248153962368593
3.220373377093549
3.2163585251669224
3.2163585251669224
3.193304452350002
3.193304452350002
3.193304452350002
3.193304452350002
3.193304452350002
3.195892427723517
3.1984844840964235
3.2006803140305067
3.2006803140305067
3.2123588403095926
3.2220621351949803
3.2196556887488406
3.2214551222067627
3.208328563997407
3.208328563997407
3.220285164044174
3.220285164044174
3.229855806365322
3.229855806365322
3.229855806365322
3.229855806365322
3.2365848420053513
3.25928702462031
3.275560802851843
3.2664653261760352
3.2608657739475144
3.233332539752046
3.2233729931392636
3.2233729931392636
3.2230559271792347
3.215232099906974
3.2232370585451853
3.209739366130356
3.20433118885176
3.2024476379604057
3.200575919322489
3.202548611120137
3.2112881066054584
3.219670834477399
3.219670834477399
3.212859343819277
3.212859343819277
3.200433108417986
3.2055386703599487
3.2278861483619883
3.2278861483619883
3.2168104762999623
3.2047549752889903
3.1990593320365823
3.1990593320365823
3.1990593320365823
3.1990593320365823
3.1990593320365823
3.1959057636275507
3.1959057636275507
3.1925845727400985
3.1925845727400985
3.228466665237498
3.21225509417318
3.21225509417318
3.21225509417318
3.21225509417318
3.2253202530965868
3.236646652345791
3.236646652345791
3.236646652345791
3.227862996527284
3.227862996527284
3.2381798628783054
3.2280773882237264
3.2379794719540413
3.247542129151513
3.220844473903214
3.2224340188092158
3.2224340188092158
3.2224340188092158
3.2224340188092158
3.2224340188092158
3.2224340188092158
3.2224340188092158
3.2376311232715986
3.242104512764604
3.242104512764604
3.2105834055888254
3.2013028822197014
3.2013028822197014
3.201732283685994
3.210646173756881
3.2244902591214157
3.2229549521673975
3.21216082876667
3.2341663098849422
3.2341663098849422
3.2196440557127435
3.2196440557127435
3.2196440557127435
3.1997558476912626
3.205927153416559
3.205927153416559
3.205927153416559
3.216032035688587
3.216032035688587
3.216032035688587
3.216032035688587
3.216032035688587
3.216032035688587
3.216032035688587
3.216032035688587
3.2198055871623046
3.2198055871623046
3.2000928984547534
3.2148304130203678
3.2291969459267817
3.204458471219569
3.204458471219569
3.204458471219569
3.204458471219569
3.225072403779725
3.223761881381095
3.2304053094289187
3.2275374680733675
3.2275374680733675
3.2275374680733675
3.2221438137945317
3.2221438137945317
3.2221438137945317
3.2221438137945317
3.2368937981989134
3.2143438472993306
3.2143438472993306
3.2325352078483856
3.227593780712949
3.226356842838745
3.226356842838745
3.236776337841806
3.215208931599782
3.215208931599782
3.215208931599782
3.2057452580620613
3.2042998008329953
3.197649243717185
3.197649243717185
3.1956639992024733
3.1929637564645397
3.1961629299512055
3.200436910799019
3.200436910799019
3.193945361970715
3.1921998106594867
3.1921998106594867
3.1970289151663374
3.1970289151663374
3.1970289151663374
3.2227719909969608
3.2294196552208874
3.2294196552208874
3.1948730499396687
3.1948730499396687
3.1918990429193683
3.2034039148196753
3.2034039148196753
3.2034039148196753
3.2034039148196753
3.210349677917208
3.187410708001058
3.187410708001058
3.187410708001058
3.187410708001058
3.1860373154104074
3.1860373154104074
3.206170817884308
3.204636550943254
3.2026765047870644
3.2026765047870644
3.2026765047870644
3.2026765047870644
3.161435213866905
3.161435213866905
3.1921190058561693
3.175099253828788
3.1580848246995274
3.1580848246995274
3.1613453046210895
3.1750047889894932
3.18079202621902
3.188858998680518
3.188858998680518
3.1857454010675297
3.1836327609136394
3.1665416383585576
3.1926866348691414
3.17748850647806
3.173411970869636
3.173411970869636
3.1708813084134744
3.1671319948876198
3.1671319948876198
3.1906346463756132
3.187288642526029
3.1915173487931217
3.1915173487931217
3.2065383628800253
3.2065383628800253
3.201815182329006
3.201815182329006
3.208500477994564
3.1924887906520683
3.204565517162346
3.21288574520367
3.21288574520367
3.2153739492446807
3.1990646230932502
3.1762125717927487
3.184265192189346
3.184265192189346
3.184265192189346
3.184265192189346
3.184265192189346
3.1791003501514115
3.191767099461429
3.191767099461429
3.191767099461429
3.191767099461429
3.191767099461429
3.191767099461429
3.2106283301368728
3.230353330162036
3.203784717925376
3.229628656465973
3.21627652334517
3.213972541228399
3.213972541228399
3.213972541228399
3.1954917774871894
3.1954917774871894
3.1954917774871894
3.1954917774871894
3.1954917774871894
3.1954917774871894
3.1954917774871894
3.191915509683146
3.191915509683146
3.191915509683146
3.1838658513591116
3.187188959794435
3.1852763674084645
3.1907165534676603
3.1935996534462214
3.1935996534462214
3.1935996534462214
3.1935996534462214
3.187504439840226
3.187504439840226
3.178839569492657
3.178839569492657
3.178839569492657
3.178839569492657
3.178839569492657
3.178839569492657
3.2126775594502153
3.2243177747123744
3.214585561783907
3.2257038009044234
3.2257038009044234
3.2257038009044234
3.239343940592968
3.233184832643292
3.2404442996446976
3.242061150613204
3.242061150613204
3.253161293105922
3.2288381279327587
3.212721899835739
3.2023720578114756
3.214154565580927
3.212690909726284
3.2117474990843835
3.209877284042741
3.209877284042741
3.2196377942432965
3.2249351580282055
3.2249351580282055
3.2568932062318443
3.245597640947191
3.245597640947191
3.25063544568396
3.240025675107905
3.23492448876034
3.23492448876034
3.23492448876034
3.220371300685762
3.228503849847858
3.229386787956272
3.238729785830971
3.2228576506499165
3.2382488648548162
3.2382488648548162
3.2382488648548162
3.2277326927410166
3.2277326927410166
3.2418252092636095
3.2426246320465286
3.2401425900233334
3.2401425900233334
3.233434669185402
3.233434669185402
3.2320211621712622
3.215876418701635
3.215876418701635
3.215876418701635
3.2114766987818935
3.2114766987818935
3.2211814463201014
3.2211814463201014
3.211319275757344
3.211319275757344
3.2147514121073155
3.221350010672927
3.2109168767416656
3.2109168767416656
3.2138669858360656
3.217869267808963
3.2313281581320723
3.2342253315060017
3.232877784467931
3.2132232510166365
3.2184075208757648
3.224119809087641
3.2071680060946965
3.187290595833271
3.1788487268182846
3.178553558683561
3.1906315680098825
3.1906315680098825
3.1906315680098825
3.185030868562971
3.185030868562971
3.1775930305296565
3.183738695076015
3.2154162738741094
3.1919247750459303
3.1919247750459303
3.1919247750459303
3.2000892368848763
3.1704438406628004
3.1704438406628004
3.178571563225198
3.2007381959311454
3.19848765512817
3.19848765512817
3.200961951746972
3.200316441423829
3.216832850010947
3.2008606225052927
3.2031599226016017
3.219284856458461
3.2134514411203248
3.2146826599830804
3.2200035937666063
3.2200035937666063
3.2200035937666063
3.2391461192382662
3.234884389088158
3.2334640942149604
3.2334640942149604
3.2133402931809645
3.2150921388353093
3.215065550594221
3.215625451440335
3.169863365495785
3.211559157132166
3.211559157132166
3.211559157132166
3.203220744075447
3.203220744075447
3.203220744075447
3.199268786486492
3.199268786486492
3.199268786486492
3.1957878303577414
3.1957878303577414
3.1957878303577414
3.2043309692982502
3.2220836465731235
3.2079218034987282
3.2045429442388595
3.2045429442388595
3.21173241069584
3.1982356197750605
3.1982356197750605
3.208983863442118
3.208983863442118
3.2161296196045077
3.2161296196045077
3.2197064721367115
3.2111366011048235
3.2111366011048235
3.2111366011048235
3.2011187728405495
3.2011187728405495
3.21707900717876
3.221784705696187
3.232016064630338
3.232016064630338
3.232016064630338
3.2331923594503658
3.247640946591108
3.240836602869565
3.2371886893768687
3.24865824282917
3.24865824282917
3.2513324632982723
3.2513324632982723
3.2417326149761894
3.243954522220915
3.244731037300335
3.22961271422249
3.254922333834319
3.254922333834319
3.2541917305243593
3.2541917305243593
3.233081429840688
3.209293226580474
3.209293226580474
3.201435698348795
3.2016874474205332
3.1975814375237337
3.20873548723228
3.230476589595343
3.230476589595343
3.230476589595343
3.2185597836818265
3.2171087940993432
3.2171087940993432
3.2161640814477
3.2161640814477
3.2161640814477
3.2173034083338856
3.2173034083338856
3.2330046058321593
3.2330046058321593
3.2522004535669216
3.2360501915682494
3.2360501915682494
3.235616822080318
3.2386708853325126
3.242060756058922
3.225501596167147
3.244516013324442
3.253051128455686
3.2355278110353964
3.247220034985849
3.2395394918443436
3.2431608324103443
3.2342119568954137
3.242380783993068
3.225453642237322
3.223830841632122
3.239538880116725
3.226689246587603
3.226689246587603
3.226689246587603
3.2425822125042707
3.2425822125042707
3.2425822125042707
3.2302873369956693
3.2302873369956693
3.2439179033109276
3.2439179033109276
3.247161967305202
3.231527638385045
3.234106879480465
3.234106879480465
3.2150179771478578
3.2315649345992865
3.2139361083081384
3.2139361083081384
3.212001698185202
3.224696697651796
3.2296383310980983
3.2309561725083418
3.2178789103091794
3.2178789103091794
3.2178789103091794
3.2136038941369374
3.198202765687139
3.1990458076389765
3.1990458076389765
3.1990458076389765
3.189924649884308
3.223918047211954
3.2211220133915006
3.210759163816092
3.210759163816092
3.17445131450975
3.1792946757173914
3.1792946757173914
3.1867624807196737
3.187775391281791
3.195507414237437
3.195507414237437
3.1897725470768843
3.1897725470768843
3.1897725470768843
3.1897725470768843
3.1868044653869245
3.2048141373258097
3.2249676847813245
3.2249676847813245
3.219612671556646
3.2071404821389997
3.1837542945147685
3.182015471194811
3.1931753345330494
3.206046095765253
3.1941696518288585
3.1941696518288585
3.1817755508827292
3.1814043828200522
3.195044737305476
3.1966068142004778
3.214080594079811
3.2045324546088834
3.1947166914875225
3.189593188142836
3.189593188142836
3.189593188142836
3.189593188142836
3.189593188142836
3.1909763997088816
3.204376109068874
3.2028234524791475
3.2028234524791475
3.2028234524791475
3.200518299123428
3.200518299123428
3.187129754125255
3.182811247090201
3.182811247090201
3.1859054645802214
3.2349292548002158
3.2142619715002
3.2142619715002
3.2218347533165264
3.2218347533165264
3.2218347533165264
3.2405450711517547
3.221258806795013
3.221258806795013
3.221258806795013
3.23008913087945
3.234387686436718
3.2195536754755323
3.217781539200466
3.2352268519629783
3.2352268519629783
3.2352268519629783
3.2352268519629783
3.2254516313096766
3.2284225201425034
3.2284225201425034
3.2353176403559347
3.2353176403559347
3.227067306535379
3.244595548014187
3.2429708417746275
3.2429708417746275
3.2429708417746275
3.218585944050854
3.218585944050854
3.2259543704157547
3.225863134877592
3.208859037051131
3.2050386343656125
3.2226128715369877
3.2226128715369877
3.211887565199617
3.229391538540957
3.212151613864436
3.2287643366889807
3.2138184885174566
3.2138184885174566
3.2141192879052207
3.2141192879052207
3.2141192879052207
3.2109992370458955
3.2109992370458955
3.2012090682043968
3.2012090682043968
3.1776837667784115
3.1776837667784115
3.1644152216263244
3.172134489176697
3.189871479816464
3.20737848651013
3.20737848651013
3.20737848651013
3.2062812428748884
3.1811170295068685
3.1757730158510067
3.188608635002638
3.1937826778987066
3.1937826778987066
3.196535284163962
3.199037103443393
3.199037103443393
3.179007106513067
3.179007106513067
3.179007106513067
3.1811959125981772
3.1677347838028833
3.1793100851088845
3.1793100851088845
3.1793100851088845
3.1793100851088845
3.1793100851088845
3.203240906263089
3.181980466971622
3.181980466971622
3.181980466971622
3.181980466971622
3.181980466971622
3.181980466971622
3.199832555506601
3.191721194318985
3.191721194318985
3.1748250314721513
3.1616767193147393
3.1616767193147393
3.1744657480828535
3.17332341153471
3.17332341153471
3.168639396097462
3.1938556856525695
3.1877600077831207
3.1877600077831207
3.1877600077831207
3.1877600077831207
3.2115127782766604
3.2070152205258036
3.2070152205258036
3.2070152205258036
3.2168702795465958
3.2168702795465958
3.1971076000875605
3.196865160577853
3.196865160577853
3.196865160577853
3.196865160577853
3.213467085279349
3.213467085279349
3.2328720272937517
3.233652710505115
3.2361460110336253
3.2361460110336253
3.2361460110336253
3.248116061715839
3.248116061715839
3.248116061715839
3.248116061715839
3.248116061715839
3.2536777874218066
3.2536777874218066
3.2536777874218066
3.2560237992198426
3.252279971871192
3.252279971871192
3.2427613594598865
3.2358633744519634
3.2358633744519634
3.2361447859153922
3.2361447859153922
3.263389637404338
3.25519312481812
3.251238073755375
3.251238073755375
3.2619853603473024
3.2619853603473024
3.2853985012521383
3.2915685864011115
3.2915685864011115
3.2915685864011115
3.279854326699703
3.2791602664429664
3.2630866848302293
3.2630866848302293
3.2619062953089295
3.2619062953089295
3.235982986755396
3.235982986755396
3.2245778827156366
3.2245778827156366
3.215050652018596
3.2100102960950982
3.2042822867883056
3.184924430415373
3.1948890681116704
3.2181804884545113
3.213754095092335
3.213754095092335
3.2256969250224907
3.226980826569098
3.226980826569098
3.226980826569098
3.223111350498724
3.2168892109739082
3.2168892109739082
3.2168892109739082
3.2168892109739082
3.205289060604046
3.205289060604046
3.2071427515616078
3.199797876272926
3.2299189576602734
3.2277602536741905
3.219656155872297
3.219656155872297
3.220779614552481
3.220779614552481
3.2285972569740613
3.2285972569740613
3.2001456368188657
3.2001456368188657
3.18248671153887
3.18248671153887
3.1763707379445463
3.1763707379445463
3.1763707379445463
3.1763707379445463
3.1763707379445463
3.194016412038902
3.189378269678178
3.1827366081525033
3.1827366081525033
3.18231679860157
3.196694041681823
3.219690076214669
3.223271007304142
3.215838564445505
3.1892637643453745
3.1878370575134034
3.1878370575134034
3.1878370575134034
3.1878370575134034
3.1875563621904797
3.1875563621904797
3.197009829349682
3.212128690088918
3.212128690088918
3.2079292677497593
3.2079292677497593
3.2079292677497593
3.2079292677497593
3.2041299498169153
3.2180525123963957
3.2517799214205922
3.251881918417078
3.2293364090636567
3.224145699342532
3.224145699342532
3.2148587713351735
3.2148793566891665
3.2295376226218706
3.242021632052231
3.242021632052231
3.242021632052231
3.250990562147165
3.250990562147165
3.250990562147165
3.250990562147165
3.218172212645447
3.218172212645447
3.218172212645447
3.226392683852661
3.2318033932944297
3.218022542785435
3.2212415980862743
3.2212415980862743
3.235877391412791
3.2284464694390818
3.2284464694390818
3.2284464694390818
3.228823485777909
3.248716239408764
3.248716239408764
3.248716239408764
3.231718317539434
3.231718317539434
3.237848711226583
3.2478357287014337
3.227496845812195
3.227496845812195
3.227496845812195
3.2187487622448994
3.2187487622448994
3.2187487622448994
3.211347295795709
3.211347295795709
3.211347295795709
3.211347295795709
3.211347295795709
3.217188578758979
3.217188578758979
3.217829742230585
3.1957128232023484
3.200421366921148
3.197308031401313
3.209709803160352
3.209709803160352
3.1940299308784192
3.1940299308784192
3.1940299308784192
3.1919427873967052
3.1919427873967052
3.1919427873967052
3.1745907278047714
3.1865294866276215
3.187248452559457
3.189713236479461
3.189713236479461
3.2013518016806506
3.2013518016806506
3.2013518016806506
3.198897518813175
3.1870564388761307
3.1688190393467277
3.1688190393467277
3.1742078991221865
3.1742078991221865
3.1862642386818023
3.1862642386818023
3.185803901120977
3.1791419707079007
3.1798171007892995
3.1706548147019253
3.1706548147019253
3.1612587558447682
3.1612587558447682
3.1650843608762886
3.181268652177473
3.181268652177473
3.165594611709641
3.1823523170526933
3.1823523170526933
3.1823523170526933
3.178626054695689
3.1752938920694973
3.1752938920694973
3.1752938920694973
3.1915183080864886
3.1915183080864886
3.188686729844984
3.188686729844984
3.192751697392785
3.1796176270188496
3.166031486843799
3.1847521078990213
3.2199504008584316
3.2261084691451685
3.2261084691451685
3.2082046993601816
3.2274753687496163
3.2312135714048793
3.2312135714048793
3.2042936017186716
3.2042936017186716
3.2105704995008426
3.219023105016949
3.219023105016949
3.219023105016949
3.219023105016949
3.194455234088127
3.2065778407237295
3.2065778407237295
3.226600349560908
3.218244511407484
3.2167295521730352
3.2167295521730352
3.2179523564108856
3.2179523564108856
3.2179523564108856
3.2179523564108856
3.222856226362197
3.2183208777728693
3.2183208777728693
3.1980660879921086
3.2191359237820794
3.2189600291075458
3.2329296283263735
3.23529627641081
3.217029918414927
3.217029918414927
3.200590749188732
3.227557526414182
3.227557526414182
3.229258977237899
3.229258977237899
3.2230982164869117
3.2230982164869117
3.2230982164869117
3.220456091307238
3.22836335028028
3.221647158102952
3.221647158102952
3.212242090868852
3.212242090868852
3.2058765894669348
3.2058765894669348
3.2058765894669348
3.20515872712737
3.20515872712737
3.2113392357293984
3.2073229334875344
3.2073229334875344
3.2073229334875344
3.209976350355273
3.223636744426941
3.2127630114006496
3.2127630114006496
3.2127630114006496
3.216996380721958
3.236711913508899
3.236711913508899
3.236711913508899
3.218632693103732
3.2181817443868668
3.2181817443868668
3.2157674268023584
3.2157674268023584
3.2135199600153648
3.2135199600153648
3.2179803180156163
3.222322773884993
3.2203168391147794
3.228731639570417
3.2212870088609082
3.2212870088609082
3.2148010170332117
3.2063103482152915
3.2063103482152915
3.2273786299668012
3.2298399955083616
3.2298399955083616
3.2298399955083616
3.229835224418131
3.2217329438652222
3.2217329438652222
3.1829980428894133
3.1829980428894133
3.1955804106132737
3.215082631492627
3.213403893987524
3.213403893987524
3.213403893987524
3.2169892169272143
3.218955285914508
3.218955285914508
3.231481142850398
3.23613853440439
3.2301515644496663
3.254924936815527
3.2445541456161786
3.2535747542269866
3.2535747542269866
3.243757337779685
3.2519076505055424
3.2519076505055424
3.2519076505055424
3.2483111516414063
3.2483111516414063
3.247207576184008
3.247207576184008
3.2366117073874303
3.228277828329522
3.208912701158462
3.208912701158462
3.2037127321331016
3.214117951852137
3.214117951852137
3.214117951852137
3.214117951852137
3.214117951852137
3.203949280638424
3.201125393648647
3.201125393648647
3.1817998250588797
3.195099309083452
3.185956050973729
3.1990716008267386
3.181564917298098
3.1952743766446057
3.18481978006659
3.1875114059663514
3.1875114059663514
3.1860668009436317
3.2063105353107053
3.2063105353107053
3.2063105353107053
3.2063105353107053
3.2063105353107053
3.2063105353107053
3.1996160637176585
3.1996160637176585
3.1996160637176585
3.2022839900113613
3.2098393876015954
3.2045695044380844
3.2045695044380844
3.209985919288618
3.2108958226984408
3.1876607043609875
3.191135225584311
3.2065275071820443
3.2065275071820443
3.2065275071820443
3.2065275071820443
3.2059665377958404
3.2059665377958404
3.2059665377958404
3.212234189529914
3.212234189529914
3.2105756312506535
3.1939750662887216
3.2181831741220264
3.2181831741220264
3.2005315656712696
3.208060569723344
3.235404215066165
3.235404215066165
3.229946389366917
3.224895998804224
3.224895998804224
3.2210086930201096
3.2210086930201096
3.223164033176869
3.211771133799397
3.2221679745842398
3.216333086006573
3.216333086006573
3.216333086006573
3.2383095367048274
3.234793955720724
3.2195517725653793
3.1824822809196975
3.20437068236119
3.20437068236119
3.2168646297460803
3.2054703938018
3.2054703938018
3.199754460692362
3.2118431413807187
3.219206443215611
3.20255785691002
3.20255785691002
3.2086444967102064
3.2086444967102064
3.221897702566704
3.221897702566704
3.221897702566704
3.219119198814535
3.2368120571874686
3.229147654760294
3.229147654760294
3.2181484323685265
3.2070274411887136
3.2196937123720337
3.2196937123720337
3.2494755624946237
3.2394303591442
3.2328281374756105
3.210796139462414
3.210796139462414
3.19992452561815
3.2084040836095236
3.2084040836095236
3.2139148063459038
3.2139148063459038
3.2139148063459038
3.2074725178687027
3.205951621308787
3.206557381145449
3.205217105390329
3.2208709914942215
3.2208709914942215
3.218325314914696
3.206126992672221
3.1990628402676258
3.1990628402676258
3.243379724875214
3.243379724875214
3.233549163224116
3.207845379115518
3.2145358700814115
3.2168164625676816
3.2168164625676816
3.2168164625676816
3.2168164625676816
3.2198655354031795
3.2198655354031795
3.2198655354031795
3.2001473809219214
3.2001473809219214
3.2001473809219214
3.2169356298744223
3.2169356298744223
3.199368264220701
3.1960946454661534
3.1960946454661534
3.1960946454661534
3.1960946454661534
3.1960946454661534
3.1876803215806917
3.1876803215806917
3.181924624443083
3.181924624443083
3.1942274001848037
3.2143265856854435
3.2048077855498476
3.1819707172136678
3.1819707172136678
3.2001068944092523
3.207672493562149
3.214326250143271
3.2286207004729386
3.2286207004729386
3.2286207004729386
3.226357941977854
3.2247597914980615
3.2247597914980615
3.2134231149889416
3.2134231149889416
3.1996480718035523
3.21373933584967
3.204646474610123
3.2175325450857613
3.2081602663297715
3.2081602663297715
3.2185597871479414
3.240850276410059
3.218561535481327
3.198160683714714
3.198160683714714
3.198160683714714
3.1993008632594893
3.1993008632594893
3.1993008632594893
3.1993008632594893
3.1933879816793813
3.1987873381738465
3.204722631256959
3.197790900326067
3.2061587603590134
3.2106288727135825
3.206104934137526
3.1836051507081367
3.189894004835129
3.2077434689006648
3.1931713763808647
3.189737107736181
3.1880704419961368
3.191052520690915
3.1971554501062416
3.1971554501062416
3.2023421991786925
3.2023421991786925
3.2095757876071067
3.2095757876071067
3.2130272220030167
3.208928926747767
3.208928926747767
3.2306718712730533
3.2306718712730533
3.2076220991068567
3.2076220991068567
3.2154740429892694
3.244257530316385
3.250569857377186
3.250569857377186
3.234765132063451
3.234765132063451
3.234765132063451
3.234765132063451
3.229920560100205
3.229920560100205
3.205256805758512
3.211140162301727
3.211140162301727
3.206684871963218
3.206684871963218
3.22183906932121
3.2247086496968227
3.2247086496968227
3.214764106561353
3.217696932036165
3.217696932036165
3.2229835975142023
3.2229835975142023
3.23310396821083
3.241825068787635
3.208445444470997
3.2043888197854153
3.2043888197854153
3.206414225798837
3.195607991288993
3.195607991288993
3.202176760094318
3.202176760094318
3.195259976166149
3.195259976166149
3.195259976166149
3.1855300329573497
3.189024415855922
3.189024415855922
3.204272749433571
3.1924583286889536
3.1948899303007545
3.1948899303007545
3.205352185755025
3.195651291831005
3.182541419845117
3.226543167384059
3.2315479491867065
3.2266866398070806
3.207289267026407
3.207289267026407
3.207289267026407
3.206504381397673
3.2246603387491546
3.2246603387491546
3.2072025680675154
3.2072025680675154
3.2003490764595126
3.2003490764595126
3.2003490764595126
3.2023144362218887
3.214737134863839
3.2301106831510964
3.2342295182681693
3.2342295182681693
3.2210003924187167
3.2069891501887935
3.2127899956552177
3.2127899956552177
3.2127899956552177
3.2127899956552177
3.2127899956552177
3.1987393548368472
3.1987393548368472
3.185145870170749
3.213623200945758
3.213623200945758
3.213623200945758
3.213623200945758
3.213623200945758
3.213623200945758
3.213623200945758
3.213623200945758
3.213623200945758
3.213623200945758
3.213623200945758
3.213623200945758
3.2074554276186626
3.1831351094629916
3.1869522528698226
3.2195749606164847
3.2326702418065367
3.2061386414776147
3.2061386414776147
3.216068194927408
3.2198432192328927
3.2306223149881603
3.2190136967603866
3.2190136967603866
3.23006457435388
3.219550943972318
3.201602566729747
3.19638918521268
3.2161751843035926
3.195876658451818
3.2129861721712087
3.2129861721712087
3.2129861721712087
3.2129861721712087
3.2129861721712087
3.2129861721712087
3.202967778310621
3.2013170702234293
3.2013170702234293
3.2013170702234293
3.2234197759487855
3.210524186771874
3.2143449760736678
3.1926219900298656
3.1926219900298656
3.2351538736505754
3.209967188895946
3.2101824018026677
3.2088768973065536
3.213451373189668
3.2045218510204467
3.2035655971466572
3.2035655971466572
3.2038648285784586
3.2131376142610013
3.2131376142610013
3.1943345941824908
3.2110008504585172
3.1959841310780237
3.1959841310780237
3.1959841310780237
3.1959841310780237
3.1959841310780237
3.198962729027036
3.19410844507607
3.2000055855876917
3.2000055855876917
3.196050579268876
3.196050579268876
3.196050579268876
3.196050579268876
3.1990383734799637
3.1990383734799637
3.2032570092808372
3.2025673889189696
3.2025673889189696
3.2026554440242223
3.218425171574826
3.21083728569615
3.21083728569615
3.205525479160727
3.1976911600933953
3.238054422635958
3.238054422635958
3.238054422635958
3.242559116291788
3.248519553716508
3.248519553716508
3.230760215657808
3.230760215657808
3.230760215657808
3.230760215657808
3.210989925924872
3.210989925924872
3.2074482216640265
3.2074482216640265
3.209081471333815
3.2217477005760626
3.2032145078408085
3.2032145078408085
3.218136627613473
3.2310658268439005
3.2331500232067483
3.2331500232067483
3.2184992302292454
3.2063506203198067
3.2013608275316887
3.1858980933752354
3.2106998825988584
3.206447712171072
3.206447712171072
3.2015850046358505
3.2015850046358505
3.2015850046358505
3.2015850046358505
3.183908908273891
3.1816106067279026
3.1816106067279026
3.1816106067279026
3.1795724324913057
3.1794507317073917
3.1498082261154265
3.174111677559127
3.174111677559127
3.174111677559127
3.1809095534993705
3.1809095534993705
3.1809095534993705
3.1809095534993705
3.1798173788195703
3.205135297761597
3.205135297761597
3.225586464302195
3.225586464302195
3.2227581635592224
3.23679565520196
3.228199377254789
3.2126055041675814
3.2294475540016365
3.2294475540016365
3.2294475540016365
3.2294475540016365
3.2294475540016365
3.236583428493445
3.236583428493445
3.228528567420138
3.228528567420138
3.228528567420138
3.228528567420138
3.228528567420138
3.228528567420138
3.228528567420138
3.24388804240368
3.24388804240368
3.240761613480971
3.233772641338548
3.233772641338548
3.233772641338548
3.233772641338548
3.233772641338548
3.233772641338548
3.233772641338548
3.233772641338548
3.232630096301817
3.232630096301817
3.2100206506594247
3.2100206506594247
3.2100206506594247
3.205210844896541
3.205210844896541
3.205210844896541
3.205210844896541
3.205210844896541
3.190578472968738
3.2122057829969846
3.215016226480974
3.2075195383250503
3.20742238558836
3.20742238558836
3.2055887384552997
3.2055887384552997
3.206135955296432
3.206135955296432
3.2091036860709523
3.222906034703469
3.222906034703469
3.222906034703469
3.222906034703469
3.219172119392271
3.227138066867155
3.2203386813200416
3.215391682552555
3.215391682552555
3.210618200174029
3.2017004389965624
3.210038721570831
3.2036481887004666
3.1926006203852544
3.1926006203852544
3.1913169308661185
3.1702401280205885
3.1690596480981337
3.172167020229585
3.172167020229585
3.181653105098395
3.1863854862176026
3.180200371811595
3.180407177710459
3.1855290852412805
3.1855290852412805
3.180556620304969
3.1691216501083534
3.173218910943671
3.173218910943671
3.173218910943671
3.160100084009371
3.1743548279012814
3.1593482124075973
3.1593482124075973
3.1630805097484513
3.1630805097484513
3.1630805097484513
3.165403791026706
3.165403791026706
3.161252302332037
3.186079832350575
3.2102117888413755
3.21475892312165
3.21475892312165
3.21475892312165
3.21475892312165
3.21475892312165
3.2030811372341894
3.2069252604603946
3.2069252604603946
3.2069252604603946
3.2069252604603946
3.2010165551413916
3.2010165551413916
3.202904906613821
3.2297117231617904
3.2184628987091957
3.2094519696507158
3.2094519696507158
3.2094519696507158
3.2094519696507158
3.2047756340304643
3.210827615484422
3.210827615484422
3.210827615484422
3.2181827236621343
3.2181827236621343
3.2181827236621343
3.199981968896019
3.2216405931028356
3.2002039424722293
3.2002039424722293
3.177345607288714
3.1850066666326624
3.171609056421416
3.171609056421416
3.171527603272661
3.1728352242057474
3.1574135537248584
3.1521496222844894
3.1526989527302525
3.1444982103814243
3.1676476096545034
3.1703391225838855
3.1703391225838855
3.196426819301886
3.1947668397564453
3.1947668397564453
3.182188081400768
3.183278786638567
3.183278786638567
3.1960678667960236
3.1960678667960236
3.1875956231019775
3.181345552978736
3.181345552978736
3.181345552978736
3.181345552978736
3.171777400207558
3.1760689164596156
3.1760689164596156
3.1777067486141704
3.1746309821632606
3.187222402935835
3.187222402935835
3.187222402935835
3.1868416595372
3.1894033455731026
3.1883132028486583
3.1883132028486583
3.1883132028486583
3.1958984344896537
3.1958984344896537
3.2160613606658606
3.202704025592004
3.1938247573490632
3.190614926718772
3.190614926718772
3.194879517162941
3.206084630621951
3.206084630621951
3.2090514495047637
3.2090514495047637
3.2090514495047637
3.2064224590052812
3.2064224590052812
3.2064224590052812
3.2245215201641577
3.2439192255090648
3.235315968019076
3.2570684119864803
3.2570684119864803
3.241137764557932
3.2071234291553288
3.2071234291553288
3.2071234291553288
3.201058483860259
3.212678290269546
3.212678290269546
3.212678290269546
3.216095773403001
3.225399788202953
3.225399788202953
3.218133061161931
3.2055346713298136
3.2055346713298136
3.2055346713298136
3.2048041374408536
3.206051725307713
3.206051725307713
3.194501756567128
3.1954165543136948
3.2150351035721623
3.2150351035721623
3.2150351035721623
3.2150351035721623
3.20485738384641
3.226012813629702
3.226012813629702
3.226012813629702
3.226012813629702
3.231001323262336
3.2069494643840173
3.2069494643840173
3.2069494643840173
3.2069494643840173
3.2069494643840173
3.2069494643840173
3.2069494643840173
3.2069494643840173
3.218748072766486
3.218748072766486
3.218748072766486
3.218748072766486
3.2128943909434415
3.2128943909434415
3.227661259415946
3.227661259415946
3.227661259415946
3.227661259415946
3.2248160229001583
3.238557141231976
3.238557141231976
3.238557141231976
3.232631689962171
3.2327443371032194
3.214344135900848
3.214344135900848
3.214344135900848
3.224961727139576
3.224961727139576
3.224961727139576
3.2365772166276954
3.2328776811854314
3.233138621522321
3.233138621522321
3.238888618889601
3.240140454839276
3.240140454839276
3.242114169982534
3.242114169982534
3.242114169982534
3.240837556868593
3.236570251812089
3.236570251812089
3.236570251812089
3.2356411931335822
3.2356411931335822
3.2356411931335822
3.2348535493222346
3.2268285534776946
3.2306021639937987
3.234104016831509
3.234104016831509
3.234104016831509
3.2384348236798104
3.2384348236798104
3.2300084208112736
3.2300084208112736
3.2280599371118868
3.2280599371118868
3.222530532007039
3.222530532007039
3.222530532007039
3.238414758848502
3.238414758848502
3.238414758848502
3.259354252188271
3.259354252188271
3.259354252188271
3.2448526023781614
3.244952505230227
3.2378497331073284
3.228188735442752
3.2226663695982576
3.227427205271807
3.2204942798994876
3.206158564934457
3.206158564934457
3.2256426088800456
3.2147157428469044
3.227138313172761
3.22220178604004
3.22220178604004
3.2460365512870326
3.2230284539979115
3.227722574007789
3.227722574007789
3.2269890760715083
3.2269890760715083
3.2389750987495196
3.2389750987495196
3.2389750987495196
3.2389750987495196
3.249985991888284
3.2483477880061153
3.248885568272626
3.226759129229307
3.2424919136561043
3.244830430372708
3.244830430372708
3.2473763583184176
3.2473763583184176
3.2473763583184176
3.2419840221166223
3.2419840221166223
3.2419840221166223
3.2549859788156823
3.2549859788156823
3.2571969350960392
3.253343446254501
3.2439863156899875
3.2394893523715567
3.2394893523715567
3.2394893523715567
3.2394893523715567
3.2441297683717014
3.2607831906831626
3.2607831906831626
3.2607831906831626
3.243203909372496
3.243203909372496
3.258807794179425
3.258807794179425
3.2542225941843093
3.2417296447906976
3.2353516748280073
3.2250814888495185
3.1961340106757383
3.1961340106757383
3.1961340106757383
3.1961340106757383
3.217525583080752
3.228866173226728
3.21516806908233
3.21516806908233
3.221672956396651
3.2071391110447385
3.2071391110447385
3.2071391110447385
3.21532671542355
3.21532671542355
3.21532671542355
3.21532671542355
3.214127715420876
3.2053621813198845
3.2261092664438733
3.230528631781779
3.2289182695380307
3.2289182695380307
3.232561899650768
3.232561899650768
3.232561899650768
3.232561899650768
3.218318740797068
3.21997944842009
3.2293888099670927
3.211914151382048
3.211914151382048
3.227888604127249
3.2230806682014186
3.2230806682014186
3.2230806682014186
3.2230806682014186
3.222116641534988
3.222116641534988
3.1995072979078163
3.2262404992832616
3.2262404992832616
3.2262404992832616
3.2262404992832616
3.2262404992832616
3.2262404992832616
3.2262404992832616
3.200332299141958
3.2135457914640573
3.213665815649109
3.213665815649109
3.213665815649109
3.213665815649109
3.2117219316610273
3.2117219316610273
3.2117219316610273
3.2117219316610273
3.2117219316610273
3.2104184581154334
3.2104184581154334
3.2104184581154334
3.2237315908784043
3.2237315908784043
3.2237315908784043
3.2168569035473844
3.2357872982826668
3.230490928507457
3.230490928507457
3.2397663159251513
3.26456824938287
3.26456824938287
3.264678449088003
3.2529166738997373
3.22870341871504
3.22870341871504
3.22870341871504
3.22870341871504
3.22870341871504
3.22870341871504
3.2373416753244504
3.2373416753244504
3.2471002663469974
3.255111978740728
3.2420905540046356
3.234031051617004
3.2510413281211012
3.2318973961312754
3.2243851204175766
3.2331910447613996
3.2331910447613996
3.25339022287763
3.246385472723685
3.2476442540049617
3.24411207144863
3.24411207144863
3.2467224915520756
3.2467224915520756
3.2467224915520756
3.223594834257926
3.221031432775471
3.221031432775471
3.221031432775471
3.2165111674252533
3.1988635519330004
3.1988635519330004
3.1988635519330004
3.1988635519330004
3.2052584463634117
3.2052584463634117
3.207755783827913
3.207755783827913
3.207755783827913
3.207755783827913
3.207755783827913
3.207755783827913
3.2188776277178537
3.2114897922692127
3.220834720269563
3.220834720269563
3.2358485616056143
3.2442445683805774
3.2377597124031903
3.2377597124031903
3.2365385833692906
3.2365385833692906
3.2365385833692906
3.2365385833692906
3.2365385833692906
3.2365385833692906
3.2339765937213927
3.2339765937213927
3.2406017317826303
3.2406017317826303
3.2406017317826303
3.2406017317826303
3.2406017317826303
3.2406017317826303
3.2316598252854822
3.2316598252854822
3.2316598252854822
3.250188621242696
3.2097044404256065
3.2097044404256065
3.2167084863238973
3.2167084863238973
3.211336379487561
3.211336379487561
3.226418467757102
3.226418467757102
3.2328237665753723
3.2304850610652784
3.226317561565651
3.226317561565651
3.226317561565651
3.226317561565651
3.226317561565651
3.226317561565651
3.2251841065590243
3.2251841065590243
3.2144485693216964
3.2144485693216964
3.2144485693216964
3.222805031442916
3.222805031442916
3.2206955541596614
3.2206955541596614
3.2206955541596614
3.2206955541596614
3.2147288927737265
3.2144896599912522
3.2144896599912522
3.2351658403177925
3.2294114772144464
3.2017502147996835
3.2234833402873604
3.2131682117485476
3.2131682117485476
3.2397874965012066
3.2397874965012066
3.2397874965012066
3.2257844813711047
3.2257844813711047
3.2257844813711047
3.2440582971544503
3.2436502691835027
3.2436502691835027
3.229419265588599
3.219614519821039
3.225817105400558
3.225817105400558
3.225817105400558
3.222737223132002
3.222737223132002
3.222737223132002
3.222737223132002
3.230187294384969
3.2177919769102843
3.2177919769102843
3.2180582195481766
3.2180582195481766
3.2180582195481766
3.2180582195481766
3.2180582195481766
3.2180582195481766
3.22629098722019
3.2091815998158637
3.2091815998158637
3.2293564811798663
3.2338717614940924
3.2338717614940924
3.225907965434703
3.2397927986822768
3.2397927986822768
3.2397927986822768
3.233081650718306
3.221721811096063
3.221721811096063
3.2120336637823894
3.217794794062002
3.217794794062002
3.217794794062002
3.2114876644268158
3.2112409961286272
3.2241916319672312
3.2231049672692196
3.2231049672692196
3.2121333854944694
3.215587108318847
3.2270818744513927
3.2270818744513927
3.2270818744513927
3.2273782337576833
3.2267446465151637
3.2327979580643387
3.2327979580643387
3.2475768247342787
3.2513522150860155
3.2513522150860155
3.2513522150860155
3.2513522150860155
3.242445090128208
3.241700657353334
3.2267155358448356
3.2237104189861387
3.238865537931077
3.220586331871097
3.220586331871097
3.2268044893297962
3.2268044893297962
3.2268044893297962
3.239541217064052
3.2527028132363975
3.2527028132363975
3.2392066191822693
3.2337314130154864
3.2177357787655922
3.2208541904652876
3.206745332647671
3.2188205649504225
3.2188205649504225
3.2213086482901203
3.2213086482901203
3.2213086482901203
3.234156549909107
3.234156549909107
3.2580065482823133
3.2580065482823133
3.2439487809291605
3.2439487809291605
3.2380198772317352
3.2380198772317352
3.2380198772317352
3.2380198772317352
3.2324520898996747
3.2324520898996747
3.2324520898996747
3.2324520898996747
3.223827506064645
3.235717309555432
3.2039716263117723
3.2039716263117723
3.199735690173466
3.199735690173466
3.1847856646769976
3.1847856646769976
3.1847856646769976
3.231363964359996
3.206126705129449
3.206126705129449
3.206126705129449
3.206126705129449
3.220914972762301
3.220914972762301
3.2220374595948527
3.1948117178699587
3.1948117178699587
3.1948117178699587
3.1926989675545387
3.194610297827367
3.1730878706552335
3.1730878706552335
3.1857100233310716
3.2031923637526813
3.182145459199698
3.190281244753184
3.1835757999086223
3.1835757999086223
3.198173407026952
3.202406499278662
3.220708493607297
3.214990578242272
3.2164495731613565
3.193119990262978
3.193119990262978
3.1992169003325026
3.1992169003325026
3.2058967576589774
3.2119040898879154
3.2406665407777395
3.222141588157082
3.222141588157082
3.234240670058585
3.2438341410760674
3.2360850655752316
3.250891692686478
3.250891692686478
3.226712611307533
3.2133128826732436
3.2104064427087255
3.225005840092469
3.2169452727278873
3.2169452727278873
3.2169452727278873
3.2193070886114135
3.2193070886114135
3.2193070886114135
3.2183667539365164
3.2183667539365164
3.2219682208359646
3.201593601381641
3.2378686759563764
3.2378686759563764
3.249908352262897
3.249908352262897
3.249908352262897
3.249908352262897
3.2633302576624152
3.2633302576624152
3.254904958421553
3.28321703906967
3.2503255168971923
3.2480433479405257
3.2480433479405257
3.2466920280719362
3.2502408970716625
3.2502408970716625
3.2502408970716625
3.277323725226041
3.2570329689320454
3.2570329689320454
3.2570329689320454
3.2570329689320454
3.2585709533815677
3.2861599769263816
3.2861599769263816
3.277163987736381
3.2787623112010142
3.2676563273140102
3.2676563273140102
3.28436807254429
3.28436807254429
3.292714672348873
3.292714672348873
3.292714672348873
3.2980825279236083
3.2980825279236083
3.2980825279236083
3.2981188869225195
3.2856718303199295
3.284093247631402
3.284093247631402
3.284093247631402
3.267854166521567
3.273683115850169
3.263236269313363
3.263236269313363
3.2716248143069673
3.2904316538930307
3.2769401424362083
3.2704307424082635
3.2801306184954697
3.269809028019937
3.260581923088119
3.2731153527088366
3.2808146025099183
3.2694285759121593
3.2694285759121593
3.2694285759121593
3.2694285759121593
3.2694285759121593
3.280342646513023
3.2862502174383152
3.2862502174383152
3.2862502174383152
3.2862502174383152
3.2853443832441993
3.2853443832441993
3.2853443832441993
3.2853443832441993
3.2853443832441993
3.2872444849585802
3.2798015441303248
3.2798015441303248
3.2798015441303248
3.2572100818818117
3.2434035293224555
3.2434035293224555
3.223549581531106
3.223549581531106
3.20596684636042
3.22490212053009
3.219824675420993
3.219824675420993
3.2408872672301543
3.250006903221497
3.234100203566588
3.224377855944278
3.216416715038816
3.2256006000078257
3.2256006000078257
3.2256006000078257
3.216224235203561
3.2074166264886865
3.2074166264886865
3.219556525093939
3.233728500892911
3.233728500892911
3.22927088069119
3.22927088069119
3.22927088069119
3.221704625359391
3.2261115799811533
3.199447371097497
3.199447371097497
3.2129101341916755
3.227679715897621
3.227679715897621
3.230525693087005
3.2542333756059065
3.2542333756059065
3.1753612303528365
3.191847626365748
3.191847626365748
3.187639092017098
3.191075092638631
3.183086471339629
3.2171934760901126
3.240312519709508
3.240312519709508
3.243338136856424
3.209284552514385
3.209284552514385
3.218746193047026
3.2342251138529194
3.236712031153921
3.23252739829671
3.230229470179601
3.230229470179601
3.21815284247863
3.21815284247863
3.2059172479748757
3.2063299687152838
3.2063299687152838
3.2038350498776036
3.2038350498776036
3.2038350498776036
3.1959364600664824
3.2152124008265495
3.2152124008265495
3.2152124008265495
3.2152124008265495
3.2144339513833375
3.2144339513833375
3.1891972507679736
3.18589581868213
3.202956106241153
3.22487017423692
3.2608228013120035
3.2536245922443023
3.2536245922443023
3.2498464979459873
3.246941606381159
3.2403746112803313
3.227037204210526
3.227037204210526
3.231338146632311
3.231338146632311
3.2228479858287145
3.2228479858287145
3.2228479858287145
3.2228479858287145
3.245849618635179
3.245849618635179
3.2510506858778623
3.2516503251706332
3.2444789048624108
3.24773549573155
3.24773549573155
3.24773549573155
3.24773549573155
3.24773549573155
3.24773549573155
3.2439633064967053
3.2439633064967053
3.2439633064967053
3.2439633064967053
3.2439633064967053
3.2439633064967053
3.2439633064967053
3.235897501243826
3.235897501243826
3.2441769625291714
3.2374492850126426
3.2240488193722734
3.2240488193722734
3.2327481361958212
3.2327481361958212
3.2364595415244954
3.2372020363000207
3.2446214062171035
3.2446214062171035
3.2446214062171035
3.214555991885815
3.214555991885815
3.214555991885815
3.214555991885815
3.214555991885815
3.214555991885815
3.218867868528808
3.2056345578626577
3.2056345578626577
3.2056345578626577
3.2045788267655273
3.2045788267655273
3.195093178071987
3.195093178071987
3.231770840033798
3.231770840033798
3.236554227348388
3.2072024695694408
3.215504130629939
3.215504130629939
3.1929205300046095
3.1929205300046095
3.1929205300046095
3.2032875771297147
3.2032875771297147
3.2032875771297147
3.2032875771297147
3.199803182303101
3.193466754069123
3.209246151978536
3.2107419081171904
3.2250188723353017
3.2250188723353017
3.210837702027231
3.210837702027231
3.210837702027231
3.198979674230918
3.1913936275721126
3.1913936275721126
3.1913936275721126
3.1913936275721126
3.1980318230936846
3.1980318230936846
3.1983327139734703
3.2065786199375452
3.2065786199375452
3.2196353774927817
3.2196353774927817
3.2162143686834184
3.2162143686834184
3.2162143686834184
3.2162143686834184
3.2260350622269742
3.2260350622269742
3.2260350622269742
3.217451129824189
3.2211509438388544
3.2190280926243853
3.206774643543245
3.1945218972676006
3.2002856458191236
3.1727442369906553
3.1727442369906553
3.169395805305165
3.184116483360216
3.184116483360216
3.185175488059931
3.18717257122366
3.218438586240912
3.2302977332707767
3.234397863359295
3.234924589161813
3.234924589161813
3.2228899817607153
3.2195615767571826
3.2093730219663192
3.2093730219663192
3.1875309322926584
3.1875309322926584
3.185872787936437
3.2007202566701958
3.2247727569271536
3.209020727613532
3.2003544216720026
3.1974177525309497
3.1974177525309497
3.187685745389608
3.20473156682124
3.20473156682124
3.204442454605508
3.210243202941231
3.2242355572840364
3.1979980122071305
3.199232585377562
3.199232585377562
3.204770322942842
3.204770322942842
3.204770322942842
3.1741138144801395
3.1740915831222276
3.1740915831222276
3.1664884451649264
3.183802535743512
3.183802535743512
3.183802535743512
3.205125752421522
3.205125752421522
3.205125752421522
3.205125752421522
3.2089801624555645
3.2089801624555645
3.2089801624555645
3.2089801624555645
3.2089801624555645
3.2031809525672026
3.2190030161904866
3.2187896886006255
3.204825403653011
3.1867223144375623
3.1911968461994062
3.193004890214371
3.193004890214371
3.193004890214371
3.193004890214371
3.193004890214371
3.193004890214371
3.19043424442834
3.19043424442834
3.188160444641348
3.2161968786492694
3.2161968786492694
3.230688763754049
3.221030943191451
3.221030943191451
3.221030943191451
3.222957026276891
3.2035900265249175
3.2035900265249175
3.2035900265249175
3.205873329260131
3.2104455133393865
3.202232543491122
3.202232543491122
3.202232543491122
3.202232543491122
3.194898470617069
3.2076220538045757
3.2189846056921803
3.2189846056921803
3.220838210902977
3.2112404830203984
3.208216727926136
3.222053759077963
3.2154519003463107
3.1990696229668045
3.2005628622725557
3.203456548550935
3.1957134087595023
3.1957134087595023
3.1957134087595023
3.1957134087595023
3.196327931950607
3.186847452384078
3.217880109062187
3.239905585513508
3.240137307133606
3.2477827348289114
3.251396777796441
3.251396777796441
3.231490823444077
3.2368129239286834
3.2234608289596904
3.225841268011733
3.238124864879326
3.238124864879326
3.2406161900667394
3.214018819435549
3.2263470529147815
3.2221617614402556
3.2221617614402556
3.2221617614402556
3.2158780006104246
3.2231613350265294
3.2231613350265294
3.2231613350265294
3.2391077152725987
3.227175133161901
3.227175133161901
3.227175133161901
3.22189568672672
3.2292266264666436
3.2292266264666436
3.2540180145670017
3.2540180145670017
3.2320588231626632
3.2322130254219474
3.2322130254219474
3.2535678245628117
3.2535678245628117
3.2535678245628117
3.2535678245628117
3.2535678245628117
3.238820693653552
3.238820693653552
3.2480456007336613
3.2517482104551747
3.2492983496865078
3.2492983496865078
3.2492983496865078
3.2492983496865078
3.253680755797786
3.253680755797786
3.2323199561534444
3.2323199561534444
3.2559766327875908
3.2559766327875908
3.2588576725777707
3.2588576725777707
3.2650879265327193
3.270953424326337
3.270953424326337
3.2675109372561626
3.2628390836090153
3.270451673092296
3.2550431916506883
3.2550431916506883
3.245364827206615
3.2421359382208057
3.243256029090924
3.254371601185851
3.2404096530613176
3.2404096530613176
3.2404096530613176
3.2404096530613176
3.2404096530613176
3.215458913493745
3.211201788721595
3.224894581431005
3.1920493422685903
3.1920493422685903
3.2081307838844353
3.215371572303294
3.215371572303294
3.2282659844472397
3.2234962799801075
3.2234962799801075
3.251526811802007
3.2354415626525412
3.2354402248960015
3.2354402248960015
3.228974641526104
3.228974641526104
3.228974641526104
3.228974641526104
3.235843368667071
3.227473949407246
3.227473949407246
3.227473949407246
3.2598607229407603
3.2598607229407603
3.2598607229407603
3.261879250695564
3.261879250695564
3.261879250695564
3.261879250695564
3.261879250695564
3.249844703879058
3.237455661292693
3.237455661292693
3.2445890726056565
3.237717497334053
3.2464550478416934
3.2464550478416934
3.2489217531803325
3.2271582138850357
3.221334463315176
3.221334463315176
3.228469164122819
3.228469164122819
3.228469164122819
3.2299055757101174
3.2269841945628723
3.2269841945628723
3.20974774376905
3.20974774376905
3.2226585782725743
3.2289344528875508
3.2458701967609485
3.2458701967609485
3.2427375988995792
3.236022577485336
3.236022577485336
3.2366877520190958
3.2610560813200644
3.2610560813200644
3.225751288906121
3.225751288906121
3.2387353695498042
3.247548909748153
3.247548909748153
3.25251042158261
3.2501713635627203
3.2501713635627203
3.2501713635627203
3.246013050644158
3.2604801685015414
3.2604801685015414
3.2604801685015414
3.2425923868307165
3.2425923868307165
3.2425923868307165
3.230656969592714
3.230656969592714
3.2119830848902353
3.2121962008460625
3.224633415419993
3.2396022949494374
3.2396022949494374
3.2396022949494374
3.2396022949494374
3.2460015927685815
3.2460015927685815
3.2432233814550844
3.233181249525199
3.238510158303582
3.251790747615324
3.2348571913642665
3.2396270786109262
3.2319775690338464
3.221434894755948
3.211135945725462
3.211067498683763
3.211067498683763
3.22108838470098
3.229255722222235
3.229255722222235
3.229255722222235
3.229255722222235
3.229255722222235
3.2201682598278674
3.2201682598278674
3.2499967937847285
3.2499967937847285
3.2499967937847285
3.247771406605425
3.247771406605425
3.244132694257543
3.2415310569524967
3.2415310569524967
3.2432700544330633
3.2417060938907314
3.226981289450136
3.201595767379633
3.201595767379633
3.2014983244086674
3.1942795952357588
3.188168413900142
3.188168413900142
3.183360494355572
3.178210900768231
3.1626940686234035
3.1626940686234035
3.166104535264256
3.166104535264256
3.166104535264256
3.178745907341539
3.172477463087565
3.1749371261411756
3.1749371261411756
3.1749371261411756
3.1749371261411756
3.172318361868986
3.18239655223079
3.18239655223079
3.18239655223079
3.1685552761278846
3.1713698570090547
3.1976126553536153
3.1976126553536153
3.1976126553536153
3.206690921900785
3.1951646876872197
3.210074224538517
3.2151155876509345
3.2147824569821823
3.232371249436802
3.2053842002223374
3.2053842002223374
3.2053842002223374
3.2129562465581265
3.2002886890026523
3.2084380070854306
3.2085387299845993
3.2085387299845993
3.2085387299845993
3.2085387299845993
3.21509385283157
3.206892962140718
3.206892962140718
3.206892962140718
3.218062129297392
3.2118142936507996
3.2118142936507996
3.219319488319787
3.219319488319787
3.219319488319787
3.219319488319787
3.219319488319787
3.2305645119340642
3.2096837722372467
3.2153501717155217
3.2113722797802633
3.2113722797802633
3.2113722797802633
3.204239660805002
3.1938151179120786
3.198906454135609
3.1879373088727805
3.1879373088727805
3.1879373088727805
3.1879373088727805
3.1879373088727805
3.1879373088727805
3.182495798614867
3.182495798614867
3.190345670382989
3.1911384366669813
3.209354808198828
3.2133468984828704
3.2133468984828704
3.2133468984828704
3.2362152615240594
3.2362152615240594
3.2362152615240594
3.2332658853856784
3.2258189641988477
3.199251831377663
3.199251831377663
3.199251831377663
3.2301088272363496
3.2301088272363496
3.2301088272363496
3.2301088272363496
3.222669882995432
3.234231154455622
3.234231154455622
3.234231154455622
3.2336409874786645
3.2336409874786645
3.2369452099612395
3.2369452099612395
3.2369452099612395
3.2369452099612395
3.2369452099612395
3.2369452099612395
3.2497275078664787
3.2325986962855464
3.2325986962855464
3.2325986962855464
3.2113522184034218
3.2113522184034218
3.232121197937143
3.232121197937143
3.232121197937143
3.217711047426758
3.217711047426758
3.217711047426758
3.217711047426758
3.2180626119411655
3.2252149856520385
3.230082805777726
3.216196486368002
3.2127012820756553
3.2163858467853736
3.2163858467853736
3.237753669608894
3.2615205917152
3.2604641252656075
3.2604641252656075
3.2624534334910553
3.2383444581484655
3.2294148640270035
3.22769797954545
3.2259687247017337
3.2070369002648005
3.20406427970802
3.223091049303908
3.208093917401538
3.208093917401538
3.2061624127879225
3.237446861448327
3.237446861448327
3.2172773600315554
3.2172773600315554
3.236157769118474
3.236157769118474
3.2063566848825933
3.2127625076765063
3.224428334413569
3.224428334413569
3.224428334413569
3.224428334413569
3.224428334413569
3.224428334413569
3.224428334413569
3.224428334413569
3.2414703759591417
3.2414703759591417
3.2367001010077163
3.2367001010077163
3.2367001010077163
3.2367001010077163
3.219881779273448
3.219881779273448
3.21969826819414
3.21969826819414
3.2046317677149103
3.216038360321974
3.216038360321974
3.216038360321974
3.2290952447322208
3.2266471934805367
3.2396870026271265
3.2453559636114253
3.246137340364791
3.246137340364791
3.246137340364791
3.236939601453832
3.219569855231701
3.2196292114480016
3.2298104135899677
3.2458109998511135
3.2347564694621513
3.2347564694621513
3.2347564694621513
3.2347564694621513
3.235620422817004
3.235620422817004
3.232278125786851
3.232278125786851
3.232278125786851
3.221797617188659
3.221797617188659
3.214289018527903
3.189454340118014
3.1904933837688034
3.1904933837688034
3.19703680300206
3.19703680300206
3.1683653745525775
3.1889660073300785
3.1997206927980786
3.216791992160713
3.2009341933906215
3.1736544951789116
3.197456120946165
3.1968049332859145
3.222039986688562
3.222039986688562
3.222039986688562
3.2226457848875625
3.2226457848875625
3.2226457848875625
3.2022432871540483
3.208442030262652
3.2209551214759298
3.2068862858623937
3.2068862858623937
3.2068862858623937
3.2068862858623937
3.2068862858623937
3.215637107763336
3.215637107763336
3.215637107763336
3.2066143807805663
3.2066143807805663
3.225504082181899
3.225504082181899
3.218015126672697
3.228545068106972
3.217010563186797
3.217010563186797
3.223940167145092
3.238731619972967
3.238731619972967
3.238731619972967
3.221050594440638
3.2341179677882637
3.2341179677882637
3.2341179677882637
3.2341179677882637
3.2497519067020133
3.2497519067020133
3.264392082554316
3.2595830984209297
3.2640938561138517
3.2582266084022526
3.2513410654758195
3.2276189240924236
3.2276189240924236
3.2006890247377444
3.2006890247377444
3.2152672578896317
3.2152672578896317
3.2152672578896317
3.2067912548660136
3.2019785299277115
3.2055900850354373
3.215407222402147
3.215407222402147
3.215407222402147
3.2157070710643443
3.2157070710643443
3.2039881390176648
3.1920776203664905
3.2063533120486536
3.2063533120486536
3.209824410338972
3.209824410338972
3.203865538861224
3.203865538861224
3.1937488509061223
3.203237838041124
3.203237838041124
3.203237838041124
3.2159843359624536
3.192001008196491
3.226934580419973
3.2321212267025383
3.233627360670593
3.233627360670593
3.2303957193603585
3.2303957193603585
3.2343541121208714
3.243157415214234
3.215947028888465
3.207805560041206
3.1946933752532507
3.192118113133335
3.176776445914283
3.1915500456696493
3.2057467507356807
3.2028593370145777
3.214384568594648
3.2093570458050165
3.2014283586388923
3.2014283586388923
3.2122343479844497
3.2144851757501853
3.2144851757501853
3.2144851757501853
3.2144851757501853
3.203749061505776
3.2086398501830886
3.22201085368101
3.2193802861380334
3.2142049770398535
3.2060512588239747
3.2060512588239747
3.2060512588239747
3.2060512588239747
3.2060512588239747
3.2060512588239747
3.2060512588239747
3.223962053530369
3.2146836940316925
3.223066535901649
3.2097920535531994
3.217843804637536
3.2200399326588807
3.239515035787752
3.239515035787752
3.2184806024810824
3.2184806024810824
3.2184806024810824
3.236458421258209
3.236458421258209
3.236784556827516
3.236784556827516
3.2303289592472466
3.2303289592472466
3.2234312579475266
3.2234312579475266
3.2192193570887597
3.2192193570887597
3.231558966135678
3.243775551326883
3.2284037754664996
3.2284037754664996
3.2284037754664996
3.2284037754664996
3.2143737175754477
3.2143737175754477
3.2232868839678894
3.2176096224809037
3.1992590803004393
3.191457551055786
3.191457551055786
3.210564843638423
3.210564843638423
3.2084488562034372
3.215367494089758
3.2008614287633446
3.2208451945913756
3.2208451945913756
3.2208451945913756
3.228263594700464
3.2121422290878314
3.2121422290878314
3.213073035231549
3.213073035231549
3.213073035231549
3.213073035231549
3.202319247505703
3.1990993656095474
3.18678616309049
3.18678616309049
3.2038381594450307
3.2113889253134253
3.2113889253134253
3.2203061764813308
3.2203061764813308
3.2220867060954093
3.2220867060954093
3.220608444916898
3.220608444916898
3.220608444916898
3.220608444916898
3.220608444916898
3.220608444916898
3.220608444916898
3.222568471907408
3.222568471907408
3.222568471907408
3.227755489496568
3.227755489496568
3.2320460212539377
3.223986690424433
3.2149078327723073
3.1894160148178634
3.1894160148178634
3.184478322562314
3.1916212139407243
3.1899747093816306
3.1957061531862405
3.182967164958245
3.182967164958245
3.182967164958245
3.1835076588323963
3.1835076588323963
3.1835076588323963
3.200479598233186
3.1749304071957547
3.1786168497089227
3.1791925995248396
3.1791925995248396
3.1905800486048452
3.186484516339262
3.1852335015815507
3.1865839744727866
3.1865839744727866
3.177849558789531
3.1815499242343233
3.1753921397655103
3.1848609178779475
3.1848609178779475
3.1848609178779475
3.160678590918887
3.169838378552385
3.1707948541388853
3.1707948541388853
3.1699317291166147
3.178776577501282
3.184070953656981
3.1686652715168884
3.1686652715168884
3.1686652715168884
3.17441045398911
3.17441045398911
3.17441045398911
3.1643089965274025
3.182264444134991
3.182264444134991
3.182264444134991
3.182264444134991
3.1741619307886952
3.1619440624699777
3.1398133660300127
3.1398133660300127
3.15228995315464
3.15228995315464
3.15228995315464
3.1692628867972688
3.1729397412092983
3.165362057003397
3.165362057003397
3.1661251355673934
3.1661251355673934
3.1661251355673934
3.1945229184488624
3.196100008913449
3.196100008913449
3.1930613892084367
3.1930613892084367
3.1930613892084367
3.212500123717069
3.212500123717069
3.217525155050591
3.16350156686751
3.163847494587224
3.163847494587224
3.162340434204077
3.1561467439619437
3.1795520320406774
3.18957566295688
3.1903343508284925
3.1903343508284925
3.1641164910607418
3.164830121058283
3.164830121058283
3.1592161293483176
3.1592161293483176
3.153705407723453
3.153705407723453
3.14521132282994
3.161201336708745
3.161201336708745
3.161201336708745
3.161201336708745
3.161201336708745
3.1835062954998286
3.1933445406698886
3.168256825607868
3.168256825607868
3.168256825607868
3.174231812326239
3.174231812326239
3.1822073639968633
3.1884033887769947
3.1884033887769947
3.1884033887769947
3.1989557254775773
3.1802070307770873
3.186112158849463
3.186112158849463
3.16693477205288
3.16693477205288
3.170605116351984
3.1766596514915184
3.17884123342943
3.1821137234373977
3.1821398842374373
3.1919150023106173
3.1919150023106173
3.2041768313551264
3.2041768313551264
3.2060336473808815
3.2025721512840573
3.2025721512840573
3.184118280628839
3.199286388822173
3.2087901483786534
3.207157700095484
3.207157700095484
3.207157700095484
3.207157700095484
3.198260152496009
3.198260152496009
3.198260152496009
3.216033999204202
3.22478392241218
3.2353888704577214
3.229989803402867
3.227837441335443
3.2406121322804555
3.2406121322804555
3.2406121322804555
3.245704368611602
3.231454842221413
3.231454842221413
3.231454842221413
3.2307881270176293
3.2307881270176293
3.2307881270176293
3.2307881270176293
3.2197148399475712
3.230103504509168
3.230103504509168
3.230103504509168
3.230103504509168
3.2380269432947575
3.2380269432947575
3.233455349769487
3.233455349769487
3.233455349769487
3.233455349769487
3.233455349769487
3.243850965503898
3.2370661403278573
3.2581264655336923
3.2581264655336923
3.2598628672639784
3.230229495469078
3.230229495469078
3.2197409119458293
3.2169329301577787
3.217762841719195
3.217762841719195
3.217762841719195
3.217762841719195
3.2166431858194207
3.218532540111477
3.2411347797002503
3.2411347797002503
3.2411347797002503
3.2411347797002503
3.241036567804736
3.241036567804736
3.248793228161346
3.2570519440320123
3.25758771354195
3.25758771354195
3.2622663960076284
3.2622663960076284
3.2622663960076284
3.2451885292290137
3.2268126682431317
3.2221386853544716
3.2221386853544716
3.2221386853544716
3.259297033296814
3.2504456849635086
3.2504456849635086
3.2406048899896214
3.2406048899896214
3.2406048899896214
3.237504462646646
3.237504462646646
3.224293552153254
3.2285076391596363
3.2285076391596363
3.233462682648134
3.2179172725668965
3.2179172725668965
3.2179172725668965
3.2179172725668965
3.224601333220684
3.224601333220684
3.2284380377126114
3.2277009985020007
3.209607473273154
3.204317458978069
3.204317458978069
3.204317458978069
3.1991694776997845
3.1991694776997845
3.1991694776997845
3.1888582380087573
3.1954473162461485
3.1954473162461485
3.1954473162461485
3.1954473162461485
3.1833138299733537
3.1833138299733537
3.1833138299733537
3.1833138299733537
3.1949920840574104
3.177477348911206
3.2027653663377595
3.2027653663377595
3.2027653663377595
3.2027653663377595
3.1992497327283047
3.1983209016792
3.1983209016792
3.1983209016792
3.1983209016792
3.1983209016792
3.203458998058587
3.203458998058587
3.2312339405162898
3.226107103856679
3.219951680063451
3.229538535542828
3.2326236766173033
3.23372376081552
3.23372376081552
3.2191425243983756
3.197215683601232
3.212929883166527
3.212929883166527
3.212929883166527
3.212929883166527
3.235023489361917
3.2140262073872274
3.2140262073872274
3.211286887796787
3.211286887796787
3.211286887796787
3.211286887796787
3.211286887796787
3.2241574363523795
3.2292455327453498
3.2292455327453498
3.2374980018754194
3.230606442128672
3.230606442128672
3.230606442128672
3.2185791291265207
3.2185791291265207
3.2381063463580295
3.2263950613261554
3.238269827071239
3.2352958768143028
3.2352958768143028
3.2352958768143028
3.226123803051882
3.2329921159492168
3.2302118459115747
3.2302118459115747
3.2219380052349536
3.2052013943364024
3.2081630873616005
3.2081630873616005
3.2081630873616005
3.2073157742198766
3.208907954990546
3.2120280599385898
3.2120280599385898
3.2189188911526694
3.218268443046264
3.218268443046264
3.2177508348363055
3.2177508348363055
3.198404176394236
3.189427133424238
3.2029090145162327
3.2128132500165094
3.2210264587148076
3.239991744963624
3.2243759996809946
3.2219733883895385
3.2176769235539338
3.2223531536023864
3.2069702928314956
3.218059370853546
3.218059370853546
3.218059370853546
3.2291794356391073
3.2295628029116847
3.2212936481000987
3.2212936481000987
3.2212936481000987
3.2212936481000987
3.196864107684507
3.1997868742177222
3.1997868742177222
3.2087696602229547
3.2087696602229547
3.2087696602229547
3.213745522224513
3.213745522224513
3.2334159114673935
3.2334159114673935
3.2246569308319746
3.2360447362728473
3.2225555072398517
3.2225555072398517
3.2225555072398517
3.2225555072398517
3.2225555072398517
3.2225555072398517
3.207633993126298
3.2082690532272378
3.1998537241999028
3.1998537241999028
3.1998537241999028
3.207620845979115
3.218176621502704
3.215651448357208
3.215651448357208
3.215651448357208
3.19968525294842
3.2179686705150754
3.2179686705150754
3.237729529457927
3.2262331109020717
3.2262331109020717
3.2310333019156277
3.240728841304775
3.230104284809405
3.23443749173404
3.218888836423481
3.218888836423481
3.206615078317558
3.2094308648065972
3.216778385849573
3.216778385849573
3.207716598985276
3.207716598985276
3.1997042158080666
3.2122297723570905
3.2122297723570905
3.2177760708496663
3.2249662074080936
3.215666924778975
3.215666924778975
3.215666924778975
3.215666924778975
3.2165662802345443
3.2165662802345443
3.230754016001528
3.230754016001528
3.239423949444424
3.239423949444424
3.231832638332572
3.1988217405747505
3.1944416199677654
3.1944416199677654
3.1928056946915926
3.2149654172543416
3.2149654172543416
3.2363073853084567
3.2363073853084567
3.2363073853084567
3.2432373327954167
3.254845864573706
3.254845864573706
3.2373836470916575
3.2117860471633053
3.202283042167108
3.230228040689518
3.230228040689518
3.2334200152395542
3.226543018541486
3.226543018541486
3.211707579143663
3.2147555543455324
3.2132130677056883
3.2132130677056883
3.2007958171383244
3.2007958171383244
3.2007958171383244
3.2007958171383244
3.2007958171383244
3.2007958171383244
3.2035644380759574
3.2035644380759574
3.2035644380759574
3.1934440477740886
3.2099351489130585
3.2099351489130585
3.228444710161462
3.2267396988016093
3.222777299869218
3.222777299869218
3.2119210992505978
3.2119210992505978
3.2286826975913923
3.2286826975913923
3.2249660000870586
3.2062803383593828
3.2164231426206786
3.2164231426206786
3.211487426181247
3.2048688502809513
3.199041772108729
3.2005286568252034
3.2153806658447395
3.2075385852323266
3.199584818796539
3.199584818796539
3.227156004861313
3.227156004861313
3.224549495281933
3.230240746543359
3.230240746543359
3.230240746543359
3.224346911921031
3.224346911921031
3.2214303089265703
3.216481371536199
3.216481371536199
3.247823573875187
3.231901896286228
3.2370501603054653
3.2370501603054653
3.2370501603054653
3.2370501603054653
3.2370501603054653
3.2194611064753316
3.216049591747738
3.216049591747738
3.216049591747738
3.232784845759439
3.251016027304844
3.2546739757315453
3.275639875336043
3.275639875336043
3.240582085586824
3.240582085586824
3.240582085586824
3.240582085586824
3.2396274445819726
3.253607701002428
3.253607701002428
3.253607701002428
3.2445281796326015
3.2445281796326015
3.2445281796326015
3.2445281796326015
3.248612092903698
3.238476473100664
3.252181770333421
3.2466096105994517
3.2356769745754934
3.2267985073442755
3.2267985073442755
3.228721588121207
3.22354183285808
3.230301092672613
3.2522804469248294
3.249311043786296
3.2579811076682503
3.2579811076682503
3.2579811076682503
3.233442721302514
3.237938674460171
3.2488203542817846
3.2488203542817846
3.2464269833653607
3.2176604856900424
3.2176604856900424
3.220375065155758
3.224649761714812
3.224649761714812
3.238247969867524
3.238247969867524
3.238247969867524
3.238247969867524
3.2253625749925305
3.2253625749925305
3.228571561970516
3.228571561970516
3.228571561970516
3.2375623147837587
3.2296701469368023
3.2529263917538254
3.235274770303096
3.235274770303096
3.2515237126176424
3.2437860672903525
3.2320089536925827
3.2320089536925827
3.2320089536925827
3.2263792347872724
3.212057631312209
3.214616147110852
3.221838899863938
3.228147116004822
3.228147116004822
3.228147116004822
3.2117023714161252
3.2186180598306295
3.201473626001581
3.187766618844399
3.187766618844399
3.1968457375745873
3.1968457375745873
3.1968457375745873
3.200401204034308
3.1978960920697497
3.244567125747306
3.244567125747306
3.244567125747306
3.2145657382614186
3.2301740993241475
3.2301740993241475
3.231006855164675
3.2322837933179964
3.2322837933179964
3.2322837933179964
3.2399928922951977
3.2399928922951977
3.237948092474449
3.2052687250561913
3.2080458734792576
3.230027153641908
3.234248204084814
3.2474634070328268
3.236732680910546
3.236732680910546
3.238925057232445
3.238925057232445
3.257351856239765
3.2503195971094496
3.254995741274306
3.254995741274306
3.254995741274306
3.2460700121141133
3.2460700121141133
3.239808847972324
3.2442792773700773
3.245944460767917
3.245944460767917
3.245944460767917
3.2486418242223305
3.2486418242223305
3.2329045650030466
3.240612898282518
3.221842476571015
3.23308252795573
3.247209950114473
3.247209950114473
3.247209950114473
3.2184534394168027
3.2184534394168027
3.2090683736677192
3.2090683736677192
3.209450754296936
3.2046494196039577
3.2046494196039577
3.204685677692417
3.204685677692417
3.204685677692417
3.2044232574598506
3.2144285015657243
3.198762227742758
3.198762227742758
3.1933359264410317
3.1933359264410317
3.1933359264410317
3.1933359264410317
3.216655323167659
3.216655323167659
3.2178679822401994
3.2178679822401994
3.1985258661669107
3.1985258661669107
3.2172234665156414
3.2434730528178704
3.2104035386785523
3.213643534928301
3.1961555114726607
3.1961555114726607
3.1945416083152205
3.1892646822891093
3.1892646822891093
3.1892646822891093
3.1892646822891093
3.1892646822891093
3.2119825306063503
3.2003774502620566
3.2003774502620566
3.2003774502620566
3.2111204767557093
3.22355417918024
3.2121719323158984
3.224506178121452
3.229867186770465
3.229867186770465
3.2354932644205157
3.2354932644205157
3.2265525152078665
3.2265525152078665
3.2265525152078665
3.2265525152078665
3.2234618725243926
3.2234618725243926
3.208525235228741
3.224323385807314
3.216403234354707
3.2237276143072995
3.183184073433049
3.183184073433049
3.199397654971607
3.2368566796227616
3.2368566796227616
3.226464823345683
3.226464823345683
3.223112969164997
3.220471657104053
3.220471657104053
3.220471657104053
3.220471657104053
3.225096014549642
3.225096014549642
3.217555732531891
3.217555732531891
3.217555732531891
3.192886946808268
3.183629798206228
3.1813281227633827
3.1813281227633827
3.194652044973878
3.2129503387101943
3.2129503387101943
3.195531854609918
3.195531854609918
3.195531854609918
3.2068571863913204
3.210472552219833
3.191424841241223
3.1915564228062245
3.1915564228062245
