3.729651782494583
3.729651782494583
3.729651782494583
3.729651782494583
3.729651782494583
3.729651782494583
3.729651782494583
3.729651782494583
3.729651782494583
3.729651782494583
3.729651782494583
3.729651782494583
3.729651782494583
3.729651782494583
3.729651782494583
3.729651782494583
3.729651782494583
3.729651782494583
3.729651782494583
3.729651782494583
3.729651782494583
3.729651782494583
3.729651782494583
3.729651782494583
3.729651782494583
3.729651782494583
3.729651782494583
3.729651782494583
3.729651782494583
3.729651782494583
3.729651782494583
3.729651782494583
3.729651782494583
3.729651782494583
3.729651782494583
3.729651782494583
3.729651782494583
3.729651782494583
3.729651782494583
3.729651782494583
3.729651782494583
3.729651782494583
3.729651782494583
3.729651782494583
3.729651782494583
3.729651782494583
3.729651782494583
3.729651782494583
3.729651782494583
3.729651782494583
3.729651782494583
3.729651782494583
3.729651782494583
3.729651782494583
3.729651782494583
3.729651782494583
3.729651782494583
3.729651782494583
3.729651782494583
3.729651782494583
3.729651782494583
3.729651782494583
3.729651782494583
3.729651782494583
3.729651782494583
3.729651782494583
3.729651782494583
3.729651782494583
3.729651782494583
3.729651782494583
3.729651782494583
3.729651782494583
3.729651782494583
3.729651782494583
3.729651782494583
3.729651782494583
3.729651782494583
3.729651782494583
3.729651782494583
3.729651782494583
3.729651782494583
3.729651782494583
3.729651782494583
3.729651782494583
3.729651782494583
3.729651782494583
3.729651782494583
3.729651782494583
3.729651782494583
3.729651782494583
3.729651782494583
3.729651782494583
3.729651782494583
3.729651782494583
3.729651782494583
3.729651782494583
3.729651782494583
3.729651782494583
3.729651782494583
3.729651782494583
3.701750633660915
3.6324002209934783
3.616512059899241
3.616512059899241
3.597998711906704
3.567026518882911
3.5569892505283693
3.544323240608691
3.5075139977002228
3.5005164608804664
3.5005164608804664
3.5005164608804664
3.476162702138747
3.476162702138747
3.4571926102628683
3.4571926102628683
3.4571926102628683
3.4571926102628683
3.4470365392378897
3.4470365392378897
3.449485001543246
3.414688634075897
3.3813245778198566
3.3852960965892613
3.3852960965892613
3.3852960965892613
3.3852960965892613
3.3852960965892613
3.3852960965892613
3.3852960965892613
3.3739065337814624
3.375705923388764
3.375705923388764
3.364186494572939
3.364186494572939
3.365335780817192
3.367636026870974
3.367636026870974
3.367636026870974
3.3391578005580698
3.3391578005580698
3.3391578005580698
3.3391578005580698
3.3391578005580698
3.331691437273385
3.331691437273385
3.331691437273385
3.331691437273385
3.3362072941531276
3.3172353348430454
3.321986959682126
3.3120278819750526
3.3120278819750526
3.3120278819750526
3.3120278819750526
3.3120278819750526
3.291882854957154
3.291882854957154
3.2775478147719763
3.2775478147719763
3.2775478147719763
3.2642470002105077
3.2642470002105077
3.284535238572548
3.284535238572548
3.284535238572548
3.284535238572548
3.286605932004365
3.272445916095171
3.272445916095171
3.2457277183945816
3.244038061969091
3.2633950806605276
3.2578563291669216
3.2578563291669216
3.2578563291669216
3.2490464340672633
3.2412249139206684
3.2412249139206684
3.2427348830127047
3.2427348830127047
3.2427348830127047
3.2359664650158955
3.2359664650158955
3.222199053657909
3.222199053657909
3.248903274629256
3.2425058192264298
3.2365351090500467
3.24949545234927
3.24949545234927
3.24949545234927
3.24949545234927
3.267519677364051
3.267519677364051
3.2637749264906115
3.2657532403238014
3.2657532403238014
3.2514807247549133
3.2547833985130814
3.2547833985130814
3.2360806641890787
3.230816843262029
3.230816843262029
3.230816843262029
3.24662068705703
3.2663923800223276
3.2472805507124383
3.241010442945079
3.2512584516673613
3.266248208956741
3.265300883996666
3.275952602459881
3.271885202946503
3.271885202946503
3.271097496980541
3.247344954933132
3.2628065668122854
3.2699121352151437
3.2733476025882364
3.2733476025882364
3.2479938601747373
3.2582736199159563
3.2582736199159563
3.2727216308907767
3.2727216308907767
3.261718841491595
3.2565372585602805
3.278421779250958
3.2516439239924377
3.249568170047982
3.249568170047982
3.249568170047982
3.259784567836307
3.259784567836307
3.259784567836307
3.277413764948858
3.2652844284171025
3.2652844284171025
3.220646871736307
3.220646871736307
3.220646871736307
3.2213299926429277
3.2597961334748513
3.2597961334748513
3.2597961334748513
3.2597961334748513
3.2648047327467515
3.2648047327467515
3.2677883147554097
3.258488854689633
3.2648064191820674
3.272304136563664
3.252082010385437
3.252082010385437
3.2320418986434447
3.2217990793058977
3.2457449655250143
3.2457449655250143
3.2238940334863213
3.2527489392764237
3.243756597138542
3.2542621867569985
3.2542621867569985
3.2542621867569985
3.2542621867569985
3.2590209868590265
3.2380820064914912
3.2380820064914912
3.2380820064914912
3.2380820064914912
3.2469237799074486
3.229242899851693
3.212310245974579
3.212310245974579
3.2039276061876936
3.2039276061876936
3.199520698371594
3.206870133506765
3.2107750461475844
3.2107750461475844
3.2300807528095046
3.2300807528095046
3.239662593522916
3.239662593522916
3.2331832712898207
3.239717889782879
3.239717889782879
3.239717889782879
3.223456476495357
3.2197538290025025
3.2197538290025025
3.2197538290025025
3.2341978202444555
3.240452930888247
3.2386598051639734
3.2386598051639734
3.2386598051639734
3.2496159261647213
3.2407440584291476
3.242512473487793
3.2477193843036964
3.2622860437982495
3.2624273775618056
3.262188773184964
3.2538531342962878
3.2479613258374243
3.240094103367578
3.2485698817636037
3.2485698817636037
3.260291712337217
3.260291712337217
3.259792893133067
3.259792893133067
3.259792893133067
3.259792893133067
3.243565754635933
3.2433033608659736
3.24857439809509
3.2621699334269896
3.2694950571095536
3.2640263544784456
3.2729654430820467
3.2729654430820467
3.2729654430820467
3.2723797971604585
3.247586742961887
3.247586742961887
3.247586742961887
3.247586742961887
3.2636293118709694
3.260308616291342
3.260308616291342
3.2328605571842433
3.2541553277093294
3.2413010558638784
3.2413010558638784
3.2413010558638784
3.2507582775029307
3.2655056654937726
3.257456023819355
3.2435986636938767
3.2435986636938767
3.2435986636938767
3.2403581172149063
3.2339438027603125
3.240298987647424
3.240298987647424
3.240298987647424
3.2370917269098465
3.2370917269098465
3.2374883310860616
3.2368723991196315
3.2368723991196315
3.240717367292416
3.2280731652399597
3.2312133607122866
3.262856326458829
3.255102321679643
3.2540479607005475
3.2540479607005475
3.2540479607005475
3.2379351377996333
3.2379351377996333
3.232530532469322
3.232530532469322
3.232530532469322
3.232530532469322
3.2390246514862415
3.239507661104105
3.2254272034604083
3.2254272034604083
3.2254272034604083
3.220972963035748
3.23641307543121
3.2452105968379765
3.21750467231911
3.21750467231911
3.223580131495967
3.223580131495967
3.223580131495967
3.234307809250566
3.234307809250566
3.234307809250566
3.2521151194062954
3.2446836545622695
3.237351328642469
3.2416672458225153
3.2561232050719293
3.2465941856441667
3.2376816459522355
3.2187542922792063
3.2099578709552175
3.233309794100692
3.224113077265115
3.230086525605049
3.2241961417594625
3.2241961417594625
3.2354703318440596
3.2403466326670296
3.2403466326670296
3.2403466326670296
3.252986307281704
3.2524987908980245
3.2462334009125042
3.227746271008366
3.2238422292778695
3.2213170491834533
3.2213170491834533
3.2289415726161774
3.234177513251312
3.234177513251312
3.2344394677841057
3.2344394677841057
3.2305358822048262
3.226984304615841
3.2470548845081106
3.2470548845081106
3.2470548845081106
3.278046399968219
3.278046399968219
3.278046399968219
3.271512846383929
3.272979859225645
3.280387507031549
3.280387507031549
3.2612871320746026
3.2612871320746026
3.2522311890443185
3.2522311890443185
3.2515327649988244
3.2478540204481954
3.266384110855863
3.266384110855863
3.266384110855863
3.266384110855863
3.2788839595108334
3.282954655985956
3.282954655985956
3.282954655985956
3.282954655985956
3.282954655985956
3.2642264054783428
3.2642264054783428
3.2463167485934012
3.2463167485934012
3.250605737145643
3.2681822086972923
3.245120868480437
3.245120868480437
3.2400972021169823
3.2260445262560866
3.222570592426185
3.23388277693571
3.231907551174375
3.243028582877953
3.2295575677858586
3.236009963009336
3.2318371515079165
3.227435070216201
3.227435070216201
3.227435070216201
3.248731755993205
3.248731755993205
3.2533759254160666
3.245221923940084
3.2465458808965764
3.2465458808965764
3.2465458808965764
3.2494459247835543
3.2494459247835543
3.2494459247835543
3.2494459247835543
3.2494459247835543
3.2332200186410214
3.2332200186410214
3.2332200186410214
3.2332200186410214
3.247709277805514
3.246476677993046
3.246476677993046
3.2568359168540186
3.2499667719867933
3.2620497292137247
3.26413493777916
3.26413493777916
3.26413493777916
3.26413493777916
3.240645471002599
3.2352729587218536
3.2402109374831833
3.2402109374831833
3.243132104776739
3.243132104776739
3.2416354815736326
3.2563781914397634
3.2563781914397634
3.2421988339317322
3.2748076324376796
3.260097548081472
3.260097548081472
3.260097548081472
3.260097548081472
3.2707166400038536
3.2707166400038536
3.2685678356807792
3.252416637773838
3.2388085213916504
3.219138392040155
3.2364418144762657
3.235491031090916
3.237247468527485
3.240018143207317
3.225863758233358
3.225863758233358
3.225863758233358
3.225863758233358
3.230929623099356
3.230929623099356
3.2422705298434904
3.2525281883048645
3.254565222976138
3.2423466067692885
3.2423466067692885
3.2423466067692885
3.237112227222437
3.237112227222437
3.237112227222437
3.237112227222437
3.237112227222437
3.237112227222437
3.237112227222437
3.2618616711404034
3.257565939558281
3.257565939558281
3.2445772759181293
3.2271172732193096
3.2271172732193096
3.2271172732193096
3.2271172732193096
3.2271172732193096
3.2231269190261864
3.2231269190261864
3.204749808174656
3.204749808174656
3.204749808174656
3.204749808174656
3.204749808174656
3.208099718814965
3.210039079902602
3.210039079902602
3.2117091408366587
3.2195518044033116
3.216722282489983
3.2208316667729995
3.2023126004586624
3.218246193967493
3.218246193967493
3.218246193967493
3.218246193967493
3.218246193967493
3.218246193967493
3.218246193967493
3.218246193967493
3.218246193967493
3.2074261463630416
3.2074261463630416
3.2074261463630416
3.2074261463630416
3.2074261463630416
3.2074261463630416
3.2229594509845843
3.2229594509845843
3.232368985071465
3.23110819718108
3.23110819718108
3.23110819718108
3.23110819718108
3.2423801147225775
3.2423801147225775
3.2484715093990153
3.240487172992756
3.240487172992756
3.2367933518795144
3.2320337790021267
3.2320337790021267
3.2320337790021267
3.242469941354462
3.2422445438688285
3.2422445438688285
3.262336319860458
3.262336319860458
3.2699168303394868
3.2699168303394868
3.2677308049476
3.256390817101667
3.256390817101667
3.284836377356678
3.2740697495826625
3.2740697495826625
3.2740697495826625
3.269013279621982
3.2483581493578653
3.261876620203655
3.261876620203655
3.2637707820045816
3.2818916751840987
3.2643965518718443
3.2412950785920227
3.2482893671698365
3.262475219048892
3.262475219048892
3.2587190921366207
3.2544370673720833
3.2544370673720833
3.2544370673720833
3.27192683701974
3.27192683701974
3.258199884351059
3.2266698017476187
3.2266698017476187
3.2266698017476187
3.218004557554146
3.219738467926222
3.2243495437980774
3.227313158320192
3.2319878580842465
3.230521221236871
3.227264223976936
3.2134675125845353
3.2258940823631734
3.2420180875894067
3.2420180875894067
3.208427657595092
3.207751252248505
3.2220728780800276
3.2220728780800276
3.2220728780800276
3.2239733374681583
3.2163883788531162
3.2056312574803965
3.2189233909038917
3.2130796498806493
3.2278212834376943
3.2278212834376943
3.2457796627957656
3.2508158059544847
3.2508158059544847
3.255725813350773
3.255725813350773
3.255725813350773
3.261121918387221
3.2540916397816684
3.2540916397816684
3.245824081469911
3.245824081469911
3.245824081469911
3.246534875400816
3.2486947213633717
3.255408985185953
3.275042010122899
3.275042010122899
3.275042010122899
3.275042010122899
3.2691841737762073
3.269858197402116
3.279681515976222
3.2699209184673244
3.2699209184673244
3.2699209184673244
3.272643226482411
3.269085033257338
3.2638726404316114
3.2638726404316114
3.260266928172687
3.2414136470628807
3.2469586121106184
3.2459412885824293
3.2459412885824293
3.2459412885824293
3.241991897308692
3.241991897308692
3.2477556849169904
3.2477556849169904
3.256559234264245
3.259789621202738
3.259789621202738
3.259789621202738
3.244074105248091
3.2540934957165866
3.2566378079326017
3.2566378079326017
3.2594547724743754
3.2495598641281993
3.2220217441702603
3.2220217441702603
3.2220217441702603
3.22696210877614
3.22696210877614
3.2111000373994605
3.2203260694689058
3.207131535910361
3.207131535910361
3.207131535910361
3.207131535910361
3.207131535910361
3.1924547174695546
3.187959958835512
3.187959958835512
3.187959958835512
3.2040134898981463
3.2106451567493903
3.2106451567493903
3.2106451567493903
3.2106451567493903
3.2119300865716194
3.2119300865716194
3.2119300865716194
3.2119300865716194
3.2380879669022264
3.2443180418526643
3.210064871829675
3.210064871829675
3.2094495754374943
3.2105279355004503
3.2115358954398756
3.2115358954398756
3.2329790410442305
3.2389231212183667
3.2356700934450076
3.2328847092686197
3.2328847092686197
3.2146528909973764
3.2200465681587764
3.2320053407922096
3.2320865841200774
3.2320865841200774
3.2320865841200774
3.2320865841200774
3.247803742064206
3.247803742064206
3.2419579494735147
3.2393664035477396
3.2522610425133225
3.243532024391215
3.2556306206684202
3.2349389718328387
3.2487241064772348
3.2487241064772348
3.2487241064772348
3.255818555024282
3.2559105981085974
3.257613899101272
3.255982205459766
3.255982205459766
3.246555353034356
3.246555353034356
3.2485705080273215
3.2485705080273215
3.2553301638380385
3.256437610401195
3.256437610401195
3.256437610401195
3.2475794492978993
3.25455929015813
3.25455929015813
3.2451450039502756
3.2496878634371935
3.2475599853140484
3.2475599853140484
3.2475599853140484
3.2475599853140484
3.248149621325223
3.246647806745827
3.246647806745827
3.260755845387225
3.260755845387225
3.260755845387225
3.2625844959649175
3.2705259569800953
3.2705259569800953
3.2353698891272407
3.2353698891272407
3.247159873423695
3.247159873423695
3.2246763418401323
3.224643009576189
3.217775489600424
3.2442533612735796
3.2442533612735796
3.2442533612735796
3.2217671336754883
3.2217671336754883
3.2217671336754883
3.2176924282672354
3.2176924282672354
3.2349791544848796
3.217904681646886
3.217904681646886
3.217904681646886
3.209607106157241
3.2321881349669463
3.2292064132661173
3.2070773193401254
3.221449423361018
3.1946214175934613
3.1946214175934613
3.2041985563972055
3.2041985563972055
3.2041985563972055
3.2127950172364774
3.20967530806915
3.219151611625226
3.219151611625226
3.237541405960768
3.242701085343575
3.2435802950633157
3.2435802950633157
3.2488754940154023
3.2488754940154023
3.2665750942198644
3.2665750942198644
3.2665750942198644
3.271851215217522
3.2676376623409213
3.2676376623409213
3.2676376623409213
3.2593998714749537
3.259587917581859
3.259587917581859
3.250400615587025
3.250400615587025
3.241938171272462
3.241938171272462
3.241938171272462
3.241938171272462
3.2459434247856955
3.2459434247856955
3.247680955722945
3.2446074407316607
3.2494423399637635
3.2494423399637635
3.2494423399637635
3.2494423399637635
3.248142374607789
3.234514582659705
3.2374311948705974
3.2484460797135424
3.2484460797135424
3.2484460797135424
3.2450725771038313
3.2450725771038313
3.24635716726254
3.24635716726254
3.24635716726254
3.24635716726254
3.24635716726254
3.253176573678907
3.253176573678907
3.2512171912915853
3.2512171912915853
3.2512171912915853
3.25311963033974
3.247232771600715
3.225090984838563
3.234971393509047
3.2360538615109204
3.2360538615109204
3.2450760922937683
3.2450760922937683
3.2634431395260792
3.266570176154076
3.264637150567197
3.264637150567197
3.264637150567197
3.264637150567197
3.276071639564421
3.276071639564421
3.2551670827919716
3.2446582464920795
3.2654256271211684
3.259232978261074
3.259232978261074
3.264408504345933
3.2616656092325864
3.2616656092325864
3.2616656092325864
3.2378245979869504
3.2378245979869504
3.231632782143461
3.250264756112971
3.236741417460959
3.252491934579972
3.252491934579972
3.252168019944469
3.252168019944469
3.2254292091506307
3.240156245629647
3.240156245629647
3.240156245629647
3.2418477129904115
3.2302186905051884
3.2372613172005993
3.2474447113224003
3.2745185839649764
3.283790207405207
3.2787183957095585
3.2795019066697333
3.273465418642972
3.261626592546781
3.240800118651366
3.240800118651366
3.240800118651366
3.2404846129540403
3.2404846129540403
3.236857137156908
3.2351400468119396
3.2351400468119396
3.2351400468119396
3.2409883060555544
3.2409883060555544
3.2409883060555544
3.2211013638338
3.2211013638338
3.2362249933604725
3.2362249933604725
3.2362249933604725
3.2362249933604725
3.2564057077834567
3.2564057077834567
3.258319191101045
3.2705545577536537
3.2705545577536537
3.2705545577536537
3.264400235062696
3.2524157557071187
3.239395983191297
3.2551102196323067
3.2371436246495917
3.2371436246495917
3.2288752983880427
3.2298778940219544
3.2298778940219544
3.2212170968617735
3.238667375174093
3.2237275499902807
3.208711442195674
3.208711442195674
3.2249780432128037
3.246315558559388
3.246315558559388
3.240128788982901
3.240128788982901
3.2495602057355515
3.2495602057355515
3.2318288483571753
3.2341653327645905
3.259646928881012
3.2659726908013615
3.2659726908013615
3.2659726908013615
3.2659726908013615
3.265686441336504
3.265686441336504
3.236243817636902
3.236243817636902
3.236243817636902
3.24610328589754
3.24610328589754
3.24610328589754
3.229738765120104
3.229738765120104
3.229738765120104
3.229738765120104
3.229738765120104
3.229738765120104
3.2493123610864196
3.2493123610864196
3.262018613053321
3.262018613053321
3.244103542578524
3.244103542578524
3.2592244348679857
3.2592244348679857
3.2592244348679857
3.2592244348679857
3.258615249328738
3.2684119565439533
3.268253663269517
3.268253663269517
3.268253663269517
3.268253663269517
3.268253663269517
3.268253663269517
3.2741039193657535
3.2496259607961675
3.2496259607961675
3.2496259607961675
3.272007236096843
3.2486682596789844
3.2603766048304745
3.2603766048304745
3.252612541356062
3.252612541356062
3.252612541356062
3.2510058665845905
3.2317915604889422
3.255882678307949
3.2494908027309526
3.2494908027309526
3.24322863391117
3.24322863391117
3.2497264055758057
3.2417373669405
3.2271170860142804
3.222952767936417
3.213010016729912
3.204017253446652
3.204017253446652
3.2367475670598833
3.2096040933140833
3.2285406380781185
3.2063405751267458
3.209266767796114
3.209266767796114
3.209266767796114
3.211026235904048
3.2269415505327363
3.2269415505327363
3.231443732815084
3.231443732815084
3.231443732815084
3.209407841631371
3.200226613567921
3.200226613567921
3.200226613567921
3.2159991308509563
3.2090348653183014
3.2090348653183014
3.2090348653183014
3.2090348653183014
3.2190124306876418
3.2190124306876418
3.2545364814665554
3.254296296685816
3.254296296685816
3.254296296685816
3.254296296685816
3.262633444417047
3.261572221962128
3.261572221962128
3.261572221962128
3.2556082869564142
3.2556082869564142
3.2358842393842777
3.230920292395469
3.2561636772287272
3.2607268414562194
3.2607268414562194
3.244664378426657
3.2460832589019146
3.222128239228816
3.222128239228816
3.222128239228816
3.2415455844457304
3.2415455844457304
3.220309237715278
3.220309237715278
3.220309237715278
3.236471276369606
3.2175191845575726
3.209344344220515
3.209344344220515
3.222378422218225
3.197470884982883
3.187539572255977
3.187539572255977
3.187539572255977
3.1938875310184778
3.1990549385079046
3.1990549385079046
3.1990549385079046
3.1990549385079046
3.1990549385079046
3.212709314315892
3.212709314315892
3.227827647858626
3.227827647858626
3.222399285190177
3.222399285190177
3.22210085325703
3.22210085325703
3.217993764981002
3.2098508059898863
3.2098508059898863
3.2072369254477056
3.246837909619088
3.2251821730314263
3.2413162923090053
3.2370279435342506
3.230743773769468
3.235821988602515
3.272063834769731
3.253896250708863
3.244737414357635
3.244737414357635
3.2514632148391827
3.2606250157914953
3.2491366058281432
3.2491366058281432
3.2491366058281432
3.2491366058281432
3.251499895569663
3.251499895569663
3.2569772455929806
3.253985303222988
3.252422500445881
3.252422500445881
3.2589055453332274
3.2672357140554733
3.2431968988097273
3.24991909706773
3.2487571220460634
3.2487571220460634
3.248513726827677
3.27018726727886
3.27018726727886
3.2509386573400163
3.2509386573400163
3.2509386573400163
3.2509386573400163
3.2509386573400163
3.258725684282657
3.2661271793079383
3.2661271793079383
3.272286370320331
3.2532546474342783
3.2532546474342783
3.273378350867773
3.273378350867773
3.273378350867773
3.273378350867773
3.273378350867773
3.273378350867773
3.2649008327749436
3.268839648167092
3.268839648167092
3.268839648167092
3.268839648167092
3.2719159623961573
3.2719159623961573
3.2719159623961573
3.277320452490956
3.277320452490956
3.270585372250998
3.2456758023190666
3.2456758023190666
3.2483992958156915
3.2658746941775725
3.2658746941775725
3.2630813296705763
3.2630813296705763
3.2630813296705763
3.2719344337404723
3.2677379363647203
3.2452679122809736
3.2473515238662705
3.2473515238662705
3.2473515238662705
3.2473515238662705
3.2473515238662705
3.2473515238662705
3.2473515238662705
3.2473515238662705
3.2473515238662705
3.2487974054664353
3.244442826473701
3.244442826473701
3.2529067398840903
3.244830672862363
3.244830672862363
3.244830672862363
3.244830672862363
3.2443537636304915
3.2515667294127297
3.2612412988065826
3.2579810618630285
3.2579810618630285
3.2579810618630285
3.2579810618630285
3.2579810618630285
3.24625825365
3.256069342574494
3.256069342574494
3.256069342574494
3.2578666365533904
3.2579396332284727
3.2589812047781104
3.253786548060069
3.253786548060069
3.246515972233605
3.246515972233605
3.246515972233605
3.2400884645148857
3.2400884645148857
3.2666031778439235
3.2584913200377
3.2584913200377
3.252538140541461
3.2542475297088767
3.2663855576969683
3.2473852582092597
3.252654029070315
3.237853351019317
3.23884636983457
3.241785407723432
3.2421794483658015
3.2421794483658015
3.235597894395452
3.2324177998668744
3.238490322446476
3.238490322446476
3.2448343656951564
3.241143619160433
3.241143619160433
3.233929378595287
3.243172507076087
3.243172507076087
3.2113207075271433
3.2113207075271433
3.2113207075271433
3.2113207075271433
3.2113207075271433
3.2035974149507287
3.2035974149507287
3.20402710199126
3.2004511350736666
3.2004511350736666
3.2363950143047737
3.2264516008137045
3.2264516008137045
3.241270992382756
3.241270992382756
3.241270992382756
3.236374432183256
3.236374432183256
3.2317139509477126
3.213923525127215
3.213923525127215
3.2367987618526124
3.248428157936603
3.248428157936603
3.248428157936603
3.2565606481238363
3.2565606481238363
3.2719915885538464
3.2719915885538464
3.2719915885538464
3.266242202666672
3.266242202666672
3.2661203758584354
3.2661203758584354
3.2661203758584354
3.2661203758584354
3.2661203758584354
3.2680701298479184
3.2680701298479184
3.2776243393623163
3.2524822733475154
3.2482705003482018
3.244967707027154
3.2218601574454424
3.2218601574454424
3.2210621806292936
3.2306142082480434
3.2288187559285015
3.2288187559285015
3.2341651857216123
3.24898041591227
3.242930024371785
3.242930024371785
3.242930024371785
3.2581848668621385
3.264668683283136
3.252526360493348
3.252526360493348
3.252526360493348
3.252526360493348
3.250324367099241
3.2635333385365186
3.255011904284594
3.240055720332168
3.228376805354733
3.22160985549854
3.2252248922566977
3.2299341470288403
3.230850024487279
3.2402223858301373
3.2239429819491527
3.2207581358658435
3.2207581358658435
3.2190844917186445
3.251931244556949
3.2289281711462565
3.2363100682859534
3.227533072430922
3.227533072430922
3.227533072430922
3.2431029500331046
3.2431029500331046
3.245566786547836
3.245566786547836
3.2364566076565042
3.232518914919593
3.259616430092527
3.259616430092527
3.2800857239596333
3.2514246114206258
3.2529966008253135
3.2529966008253135
3.2451853575120513
3.2451853575120513
3.246629371230558
3.2490549846783563
3.2490549846783563
3.2490549846783563
3.257956865327983
3.242641391610064
3.242641391610064
3.242641391610064
3.2400037318900807
3.2205089738496286
3.2205089738496286
3.2205089738496286
3.2184125707250244
3.1961295880385645
3.2152839980969725
3.2363422756448914
3.219898584422432
3.2177804882174286
3.2297440710373135
3.237029747229786
3.222833809819096
3.192025490831259
3.192025490831259
3.2183726787419027
3.2183726787419027
3.216389736658099
3.204921363244349
3.2219459773765906
3.2297984308373437
3.2352494179418794
3.2326768824070173
3.2326768824070173
3.2311803138860946
3.2311803138860946
3.2311803138860946
3.2354648978590816
3.239914066650602
3.241139693124528
3.241139693124528
3.268133309294042
3.2413864140330904
3.2413864140330904
3.2297933302374835
3.228479767379027
3.246727727552448
3.246727727552448
3.2602974897539485
3.273004753094606
3.266847855803507
3.266847855803507
3.266847855803507
3.2655274918695274
3.264450587962533
3.2576146368473444
3.2576146368473444
3.27570506526831
3.2877560898040628
3.2877560898040628
3.2736837216045007
3.244990492685104
3.244990492685104
3.223036909534568
3.2244330011608096
3.225637845010106
3.2436641815574783
3.2436641815574783
3.2436641815574783
3.25604453500479
3.234971931189163
3.2212936943762283
3.2212936943762283
3.232747594701564
3.2527771626117725
3.2489393080879023
3.2489393080879023
3.2588414626573625
3.243595011395919
3.2206807068178946
3.212888841386293
3.211300885284481
3.2306267952318897
3.2324326740074447
3.2324326740074447
3.2163669354357682
3.2163669354357682
3.2163669354357682
3.2177907601879108
3.2196832758696474
3.1915735012010376
3.192076083921716
3.200499376447418
3.200499376447418
3.182316983016973
3.1867680284569184
3.1780492342110174
3.1780492342110174
3.1780492342110174
3.1780492342110174
3.1780492342110174
3.1780492342110174
3.194499798371433
3.1935472646611265
3.2050063485099756
3.2200855155745582
3.197026189692108
3.197026189692108
3.197026189692108
3.197026189692108
3.2050277788518
3.2050277788518
3.2050277788518
3.234383930006117
3.234383930006117
3.221433807685337
3.221433807685337
3.2005161211523423
3.209177384322259
3.214164957647705
3.214164957647705
3.214164957647705
3.214164957647705
3.214164957647705
3.212953086803406
3.2262275008782026
3.209971091668335
3.2095062869033857
3.2095062869033857
3.1936489599980744
3.1987290955296683
3.1987290955296683
3.1899722689419026
3.1931700324051238
3.197713478826545
3.197713478826545
3.197713478826545
3.1989952172735854
3.2166245906743005
3.2166245906743005
3.226961961093926
3.226961961093926
3.226961961093926
3.226961961093926
3.252171223489438
3.2591833743717307
3.2577373402633
3.2577373402633
3.2577373402633
3.2577373402633
3.252089055704265
3.252089055704265
3.250911740248504
3.2472847182189457
3.2368355557272652
3.2412418977250654
3.253680595898312
3.2451740949133137
3.2451740949133137
3.218661655688863
3.2374665906436086
3.2374665906436086
3.2168966627055564
3.2292978311135827
3.2389383354109156
3.2389383354109156
3.2511069679399243
3.2511069679399243
3.2440566209343795
3.2440566209343795
3.2440566209343795
3.2440566209343795
3.236397276999308
3.2561793229231597
3.2561793229231597
3.2561793229231597
3.26612723470752
3.2683927497000687
3.2775809448858344
3.2775809448858344
3.264052628216505
3.264052628216505
3.2543775247958946
3.2521769131899574
3.2464423379553993
3.2481414888911275
3.2542093439942854
3.260657998954555
3.268815011198512
3.262465762615581
3.262465762615581
3.254358658454623
3.254358658454623
3.254358658454623
3.254358658454623
3.258724942661263
3.2515518455412113
3.2324415545580014
3.233422179706443
3.233422179706443
3.2357805854156805
3.2357805854156805
3.26082547695964
3.26082547695964
3.253400410891653
3.253400410891653
3.2639492178802527
3.2452537120771483
3.2452537120771483
3.2452537120771483
3.2532503945239752
3.2492394245457223
3.239752271259546
3.2438095558412607
3.2438095558412607
3.2438095558412607
3.2618369137524654
3.2496217333682424
3.2496217333682424
3.236093393156514
3.264019768453012
3.279845177891534
3.279845177891534
3.2823545041161606
3.281194729702427
3.281194729702427
3.248143202327346
3.2514952582038084
3.2514952582038084
3.2551535632219686
3.26366796238129
3.266202661112748
3.246549103838528
3.246549103838528
3.2460596148840666
3.253484289841185
3.253645167255377
3.2385070837301426
3.230167075619961
3.230167075619961
3.230167075619961
3.230167075619961
3.230167075619961
3.218419506728853
3.231471063170419
3.2358973057866276
3.2358973057866276
3.2359246019533434
3.2359246019533434
3.2359246019533434
3.2234357439590537
3.2214754108708528
3.224087479468452
3.234011871843869
3.234011871843869
3.225917896503948
3.225917896503948
3.2269408115516427
3.2269408115516427
3.2397768058095466
3.2224888385701647
3.2224888385701647
3.217153452258229
3.212021876248337
3.2141779966248927
3.2141779966248927
3.2141779966248927
3.227037913058073
3.227037913058073
3.2334838351205106
3.2334838351205106
3.2310598492334566
3.2310598492334566
3.2310598492334566
3.2310598492334566
3.2310598492334566
3.2163638062140607
3.205613300333125
3.209458321251046
3.2280242443277167
3.2246165386658703
3.2246165386658703
3.2246165386658703
3.2292209225695996
3.2292209225695996
3.2292209225695996
3.2292209225695996
3.222885183554396
3.2176445185554403
3.224321744601603
3.2297289749601563
3.2316730909580094
3.2316730909580094
3.2316730909580094
3.2459733002626967
3.2459733002626967
3.2459733002626967
3.2459733002626967
3.2593826648617608
3.2419700733095005
3.2419700733095005
3.2387265556876543
3.2247007276987154
3.2247007276987154
3.2247007276987154
3.2221253380442056
3.2221253380442056
3.230424773773737
3.236706424916625
3.2314752425346156
3.2314752425346156
3.23010681696366
3.232411329543412
3.2308475446356266
3.2202112414538404
3.2202112414538404
3.234906790287321
3.2132495063569078
3.210511997508466
3.210511997508466
3.2448819927495838
3.2448819927495838
3.223884799813626
3.223884799813626
3.232833266985564
3.2262581748754995
3.241011038785641
3.241011038785641
3.241011038785641
3.2067884367799024
3.2067884367799024
3.2067884367799024
3.2067884367799024
3.202658310416934
3.202658310416934
3.202658310416934
3.202658310416934
3.218328571200575
3.218328571200575
3.203389557493352
3.203389557493352
3.203389557493352
3.195381458205413
3.195381458205413
3.2023463907718392
3.206351128147046
3.218259949770952
3.218259949770952
3.215543864765984
3.215543864765984
3.215543864765984
3.215543864765984
3.215543864765984
3.215543864765984
3.213051379068065
3.2257086556492816
3.2326541812908993
3.243333501628505
3.243333501628505
3.243333501628505
3.252180677789622
3.2533198743013765
3.2533198743013765
3.2245001480515985
3.2273620967480072
3.2273620967480072
3.2273620967480072
3.2273620967480072
3.2273620967480072
3.241348340371139
3.225345073099131
3.242693176898808
3.226204360876769
3.2530849449347095
3.270084380383361
3.270084380383361
3.270084380383361
3.247651113739358
3.247651113739358
3.247651113739358
3.205676217372558
3.212393422547077
3.232071140539485
3.232071140539485
3.2377709491353777
3.244525235953125
3.2442448080803574
3.24619628324708
3.2393231356132186
3.2393231356132186
3.2393231356132186
3.259358426829095
3.25400428104309
3.253494611759364
3.224125324193495
3.2312879520266846
3.231679981881571
3.231679981881571
3.2399658636519626
3.2399658636519626
3.2238021383153863
3.2224976264408296
3.2224976264408296
3.2294528593129237
3.2351996175156437
3.2458515062213302
3.2458515062213302
3.242797942944469
3.247570190080586
3.244175576563784
3.228663826043877
3.242632328911895
3.242632328911895
3.242632328911895
3.242632328911895
3.2501736753076633
3.2501736753076633
3.2501736753076633
3.241358584679891
3.241358584679891
3.241358584679891
3.241358584679891
3.2429652075231674
3.2205733819171574
3.2086890425651147
3.2168180542542015
3.2168180542542015
3.2394992788815635
3.2366756996110353
3.2299960441382827
3.231901903870948
3.231901903870948
3.231901903870948
3.231901903870948
3.227671906491768
3.227671906491768
3.2103284457767836
3.207246697871993
3.215850846584293
3.2039954153225065
3.2099733432784494
3.243716838131627
3.2479124054757422
3.2479124054757422
3.2461560806508007
3.241259263583147
3.241259263583147
3.241259263583147
3.2357837252096386
3.2357837252096386
3.2357837252096386
3.2357837252096386
3.249882803589677
3.242690517179402
3.2400591097421922
3.2438559255996187
3.2438559255996187
3.2362618403889725
3.2362618403889725
3.2362618403889725
3.2575284945002196
3.2575284945002196
3.2575284945002196
3.2575284945002196
3.2575284945002196
3.2575284945002196
3.2575284945002196
3.262897823737254
3.268341497744489
3.268341497744489
3.268341497744489
3.247542798007731
3.2479904693811417
3.2314209883319505
3.2314209883319505
3.224291071094585
3.223383399019221
3.2290134315697063
3.2290134315697063
3.2290134315697063
3.2310623802267333
3.2310623802267333
3.197217503929443
3.197217503929443
3.185491955446674
3.1989528330788906
3.190750751296013
3.190750751296013
3.195127705366854
3.223871568974937
3.226969296393193
3.2267577652614765
3.226433924031799
3.215337786987003
3.211998812544838
3.2109570170188464
3.2449061635791
3.2404093631461808
3.234294443242337
3.2314592427844153
3.2314592427844153
3.2314592427844153
3.2314592427844153
3.2450134163915396
3.2353291068096204
3.2353291068096204
3.2314578784479506
3.2418633579263036
3.242825667635183
3.232789793110996
3.23250475116707
3.2429424136886476
3.2495529636012077
3.2484964216316574
3.2179328917187133
3.2197808429132264
3.2284079651323037
3.240057227308864
3.240057227308864
3.240057227308864
3.2472186161349224
3.2337588813055755
3.2337588813055755
3.242727228840871
3.242727228840871
3.2339902194814076
3.245327011459291
3.252687364146842
3.225370182360322
3.247412649560295
3.2455013576019773
3.2178983764921356
3.2178983764921356
3.2178983764921356
3.2178983764921356
3.219035974989707
3.2353191323421018
3.2353191323421018
3.240409313045826
3.240409313045826
3.242091854087201
3.257487858710368
3.257487858710368
3.2623701422579585
3.2528394751450067
3.2528394751450067
3.2528394751450067
3.2528394751450067
3.2375035369312766
3.2375035369312766
3.242036868078134
3.242036868078134
3.242036868078134
3.231020610173008
3.2559537778212464
3.2559537778212464
3.2559537778212464
3.260230793376127
3.260230793376127
3.256869375645039
3.256869375645039
3.2690594499329655
3.27579153875575
3.2626427132147193
3.2749187890379123
3.271528550351633
3.2798452921707324
3.2839331578299507
3.2781488160027457
3.2781488160027457
3.2860421298930853
3.287264689415093
3.2844199619078163
3.2868160085210185
3.2868160085210185
3.303839241117923
3.303839241117923
3.303839241117923
3.303839241117923
3.2968078619630563
3.2964028419682356
3.2964028419682356
3.297416735283223
3.2855079832659997
3.2857803282896554
3.2857803282896554
3.274997461760092
3.274997461760092
3.274997461760092
3.274997461760092
3.274997461760092
3.274997461760092
3.274997461760092
3.2417839753781506
3.2417839753781506
3.2658559106879634
3.2757667734006897
3.258150282168222
3.258150282168222
3.257742127242856
3.2773161020171777
3.251480613747964
3.2607971619195326
3.2590121718290694
3.2590121718290694
3.2590121718290694
3.2590121718290694
3.2590121718290694
3.250175728328715
3.2431371210769844
3.2431371210769844
3.248732378072345
3.2364752406601776
3.2364752406601776
3.2364752406601776
3.2377883500351756
3.2377883500351756
3.2355308989977254
3.2466749975097815
3.223484395736227
3.2336207576906033
3.249431929285021
3.249431929285021
3.249431929285021
3.249431929285021
3.230400662822759
3.230400662822759
3.2541705699096
3.2541705699096
3.2653969991742184
3.2653969991742184
3.2653969991742184
3.2653969991742184
3.2653969991742184
3.277908055692064
3.2830573353592536
3.2830573353592536
3.284799054945916
3.284799054945916
3.284799054945916
3.2444114665385486
3.235042446469732
3.2582788048587443
3.2527623346069006
3.2469273428518397
3.2469273428518397
3.2469273428518397
3.2469273428518397
3.2469273428518397
3.2462005909366787
3.2462005909366787
3.2462005909366787
3.246281448954689
3.246281448954689
3.246281448954689
3.2560880230957565
3.2560880230957565
3.239068514430109
3.2430408721951474
3.2389612118621804
3.2336674012969957
3.2336674012969957
3.2565109988679732
3.2565109988679732
3.247624707078049
3.247624707078049
3.223238617351469
3.2482608920962432
3.2482608920962432
3.2463162482813694
3.254187781896346
3.2514135737487355
3.2514135737487355
3.254989024585908
3.2465579662540773
3.243394088125059
3.243394088125059
3.243394088125059
3.2439667815576025
3.255037939208406
3.2418679937837664
3.2337842261038987
3.2337842261038987
3.2301536582000825
3.2295970430275016
3.2295970430275016
3.2295970430275016
3.2295970430275016
3.2295970430275016
3.2331155810832493
3.2331155810832493
3.2195489608320895
3.2304298917340586
3.2436297454080187
3.2531522654021985
3.254866186557196
3.2650537449104737
3.2650537449104737
3.2650537449104737
3.251832579647422
3.251832579647422
3.2540957462820326
3.227449918127081
3.227449918127081
3.238843546098477
3.24496439466226
3.245292780785369
3.245292780785369
3.2469644579459347
3.263847596491405
3.2704791392422434
3.2704791392422434
3.2678476455513916
3.2553651063198106
3.2502484128447056
3.2483811093773656
3.2615998362353653
3.2615998362353653
3.266692416339342
3.2461347996120087
3.267311574894177
3.267311574894177
3.267311574894177
3.2770115186656414
3.2770115186656414
3.2770115186656414
3.2770115186656414
3.2770115186656414
3.285860205755538
3.272554948421265
3.2839310939863986
3.2839310939863986
3.279207217344851
3.2352846347330546
3.2352846347330546
3.22535677960586
3.2527584273428176
3.2527584273428176
3.227679342358985
3.227679342358985
3.227679342358985
3.236678094285561
3.2336440294393074
3.2216137362725474
3.234428012795216
3.233386998938006
3.233386998938006
3.241650688324744
3.240339160570544
3.2599313228698317
3.2768642653445204
3.2768642653445204
3.2768642653445204
3.265941928805403
3.257493067701206
3.257493067701206
3.257493067701206
3.257493067701206
3.257493067701206
3.257493067701206
3.257493067701206
3.257493067701206
3.2462834953627
3.2462834953627
3.2462834953627
3.2440003539287163
3.2440003539287163
3.219645277811201
3.219645277811201
3.219645277811201
3.2132359792203244
3.2025974415910055
3.2048315343371683
3.2048315343371683
3.2048315343371683
3.2239246042174803
3.2239246042174803
3.2239246042174803
3.2495774452321715
3.2294632945426778
3.2294632945426778
3.246511726099466
3.246511726099466
3.23260945207195
3.229068976987809
3.2564766186123824
3.2564766186123824
3.256812390807795
3.259910533253096
3.259910533253096
3.279848628302938
3.2636796984800616
3.2643967724563048
3.2643967724563048
3.2643967724563048
3.2643967724563048
3.2567262960941856
3.2518098435179494
3.266111310296365
3.281280054182939
3.281280054182939
3.265120360185613
3.2535450304743674
3.2535450304743674
3.2535450304743674
3.252459786437674
3.2699395803941647
3.2699395803941647
3.2566159731427735
3.255303182559446
3.2594179564208354
3.2781481504426733
3.300201356326679
3.279114716177458
3.2812186466420683
3.2812186466420683
3.268428511566312
3.254626010153846
3.254626010153846
3.2536281562675726
3.2536281562675726
3.255458017993662
3.2507878149081018
3.250240641387235
3.2630070562584588
3.2583706655972633
3.2583706655972633
3.226283073304795
3.228662657837643
3.228662657837643
3.228662657837643
3.210595477505112
3.210595477505112
3.1988936100822603
3.219495515740942
3.2041005629323345
3.219534503812408
3.244479653129454
3.244479653129454
3.2390825360969826
3.2390825360969826
3.2390825360969826
3.2395356342592447
3.2458994661206955
3.23913186817274
3.238103784905606
3.238103784905606
3.238103784905606
3.238103784905606
3.238103784905606
3.238103784905606
3.238103784905606
3.2317820473852663
3.2277502167002203
3.222669689301894
3.221187135422021
3.2039454419383757
3.2039454419383757
3.204719972970109
3.204719972970109
3.20668162714376
3.2257439765042215
3.2257439765042215
3.2257439765042215
3.197122086198317
3.197122086198317
3.1977087199994094
3.1902160856910413
3.214527137703779
3.216999136942382
3.216999136942382
3.227863997747214
3.227863997747214
3.2271555356919435
3.22880182334082
3.22880182334082
3.22880182334082
3.22880182334082
3.22880182334082
3.228436425452489
3.228436425452489
3.228436425452489
3.241587733933742
3.241587733933742
3.227544507503315
3.227544507503315
3.2427201022750887
3.2657575115855564
3.2937993540009596
3.2937993540009596
3.289995021741509
3.2755470661672095
3.2689537742679904
3.2639185576368575
3.2639185576368575
3.2704605266435154
3.257289311147437
3.245458889940295
3.2428056600224866
3.2397979825521244
3.2738352506896913
3.2738352506896913
3.249227550619244
3.259311587740363
3.259311587740363
3.2608349972692685
3.2608349972692685
3.2608349972692685
3.2614245078942496
3.2607556232037838
3.2607556232037838
3.2607556232037838
3.2405602929298416
3.2358086347063737
3.2358086347063737
3.239590774740192
3.230253222052778
3.230253222052778
3.230253222052778
3.2397582848578006
3.2384886154525274
3.2384886154525274
3.2384886154525274
3.2516750305247917
3.2460283896745663
3.2685493717304825
3.2655705921096407
3.2655705921096407
3.24717184191002
3.24717184191002
3.2408954272263943
3.2538471123233372
3.2538471123233372
3.250657000300158
3.2518401569505793
3.255690115567727
3.243786949636154
3.2456695143690957
3.2456695143690957
3.2497210125371305
3.251548839387647
3.2487827762118178
3.2487827762118178
3.2808412366112756
3.2786283455840213
3.2786283455840213
3.2786283455840213
3.2878109832899347
3.2897897050350347
3.28733715545588
3.2554080557292258
3.2554080557292258
3.2558647898719126
3.27141709762774
3.27141709762774
3.2719784902645297
3.2719784902645297
3.2719784902645297
3.2719784902645297
3.2719784902645297
3.2719784902645297
3.251736038949178
3.251736038949178
3.2506500577356454
3.2506500577356454
3.2532212093626907
3.2532212093626907
3.239493393932837
3.2510700985329337
3.255519144817554
3.255519144817554
3.255519144817554
3.239861094377162
3.26623017819377
3.2362422967334012
3.2362422967334012
3.2349415744938783
3.2315886204371487
3.2315886204371487
3.2507572836614367
3.2241932587645343
3.2241932587645343
3.2241932587645343
3.2241932587645343
3.2241932587645343
3.2241932587645343
3.211162939408461
3.203462858446495
3.2074283525439164
3.2147795558592795
3.20967355728671
3.206218013167469
3.206218013167469
3.199034717345982
3.199034717345982
3.206827542082584
3.2030395839099794
3.186113191038221
3.2166785291849447
3.2056966555110424
3.2056966555110424
3.2056966555110424
3.2056966555110424
3.215974754263661
3.215974754263661
3.2153605264215996
3.2153605264215996
3.2153605264215996
3.2153605264215996
3.2153605264215996
3.2153605264215996
3.207014266264423
3.209448638359822
3.209448638359822
3.209448638359822
3.2213838141568814
3.21992362596255
3.246920576170383
3.2465657570186734
3.2285727608294867
3.2519316828221756
3.2519316828221756
3.249306818098483
3.252614569363943
3.245793580505203
3.2515156068513025
3.2515156068513025
3.2515156068513025
3.243153040802817
3.243153040802817
3.2446743639839193
3.2446743639839193
3.246071638539816
3.2332337234056623
3.2332337234056623
3.2332337234056623
3.2332337234056623
3.2332337234056623
3.2327427492191783
3.2327427492191783
3.2208932076674466
3.222430747782602
3.222430747782602
3.220004667068916
3.220004667068916
3.220004667068916
3.2376877908975397
3.2342615493705353
3.2240943180316783
3.2228975362464936
3.2228975362464936
3.2228975362464936
3.244037105818586
3.204136942736102
3.2019177576974767
3.2019177576974767
3.2198716815666444
3.2198716815666444
3.2279131451902483
3.226584610434125
3.2401468437473944
3.2401468437473944
3.228323503806416
3.228323503806416
3.215351379814066
3.215351379814066
3.215351379814066
3.215351379814066
3.216177490829667
3.2206816320879867
3.2297903052485317
3.2297903052485317
3.2320020245805274
3.2449328996186075
3.2432796526589844
3.2432796526589844
3.2390154417544306
3.259872372971578
3.2513773357091327
3.2513773357091327
3.2525584028641275
3.2525584028641275
3.2525584028641275
3.248573155756448
3.2294475328081846
3.24141644564154
3.2529645125724307
3.2433434060747133
3.242101419156514
3.242975929898385
3.242975929898385
3.242975929898385
3.242975929898385
3.2308507517412206
3.2308507517412206
3.2308507517412206
3.2282915333846836
3.2282915333846836
3.2282915333846836
3.244459959019634
3.2261441262610937
3.229586093083426
3.229586093083426
3.229586093083426
3.2753667975169325
3.265392050395252
3.2644422511076057
3.266326857517847
3.261966684643781
3.2691573586802285
3.26679544573966
3.26679544573966
3.2577544540920065
3.2596769305215076
3.2648683113851105
3.276196460431402
3.2625142666027935
3.2526224628909306
3.265966793296863
3.2724968105534087
3.259002002807366
3.259002002807366
3.249483270663851
3.2439332986382885
3.2439332986382885
3.244434123793646
3.244434123793646
3.244434123793646
3.253643204651021
3.253643204651021
3.253643204651021
3.256581797859814
3.266750904506004
3.266923951971841
3.266923951971841
3.266923951971841
3.2742905160877127
3.2742905160877127
3.276556622007248
3.2840922969055435
3.2840922969055435
3.248117142213276
3.248117142213276
3.253160843874636
3.2564404958888367
3.2564404958888367
3.272206341732309
3.272206341732309
3.259700926658938
3.259700926658938
3.259700926658938
3.2691043025582958
3.271746805717271
3.271746805717271
3.2547626997893704
3.2672595683390346
3.2672595683390346
3.251169603250397
3.262442838580205
3.262442838580205
3.262442838580205
3.2397825176228596
3.2397825176228596
3.2280077892184504
3.2280077892184504
3.2506946275838278
3.2506946275838278
3.2489984906519545
3.249905083172748
3.251007876734884
3.2675077602668443
3.2675077602668443
3.2560995186648
3.2659744964151662
3.2600437008587253
3.2850593179072267
3.2850593179072267
3.2850593179072267
3.269344980688416
3.2488304014050406
3.2488304014050406
3.2589519552787696
3.2452837816172733
3.2452837816172733
3.2452837816172733
3.2452837816172733
3.2452837816172733
3.2452837816172733
3.2294620089836283
3.227887343027988
3.227887343027988
3.212271330738899
3.212271330738899
3.2212127268947643
3.2401823768979803
3.2426196794345263
3.229171002425454
3.229171002425454
3.231989517963283
3.2568850169825807
3.270469620110217
3.2520906630594433
3.2520906630594433
3.2520906630594433
3.2520906630594433
3.237051506806689
3.2366644965409592
3.2366644965409592
3.2366644965409592
3.237292699528146
3.2239228065010366
3.2440414009673346
3.2269615308724156
3.2269615308724156
3.2269615308724156
3.2269615308724156
3.2269615308724156
3.2269615308724156
3.2557195009171687
3.22652499236538
3.235289374900711
3.235439883151776
3.2589129146180125
3.2640114470174235
3.2640114470174235
3.2640114470174235
3.2640114470174235
3.2469112365980837
3.2310706724695546
3.2310706724695546
3.2386471756676136
3.233992788054106
3.2594004474201643
3.2594004474201643
3.266493728308983
3.266493728308983
3.2638893113395806
3.2638893113395806
3.2737820194432685
3.259878881016196
3.264811662866038
3.2786393088789905
3.284381419535219
3.284381419535219
3.284381419535219
3.2834359839036913
3.2834359839036913
3.276822023625894
3.276822023625894
3.2671253386396963
3.2671253386396963
3.268565423544111
3.255706482060747
3.255706482060747
3.255723960481076
3.2574177201164027
3.2784985746153286
3.2784985746153286
3.2784985746153286
3.258108431039763
3.258108431039763
3.258108431039763
3.256271151106286
3.255379955763043
3.246958621800169
3.240243214818459
3.2509232097097343
3.2636477180746053
3.2373162642269584
3.255955779068826
3.2516209309864093
3.2528667375598483
3.2602686823378475
3.261914793066581
3.2591490034735577
3.2397634579631847
3.234755039287563
3.2483926763185846
3.2483926763185846
3.2483926763185846
3.244523705180824
3.249027763231711
3.249027763231711
3.249027763231711
3.249027763231711
3.2464146056816197
3.2547515475288447
3.2210557812181753
3.2319573257512912
3.235790882365905
3.2548040728647583
3.2298551679691414
3.2489926865931027
3.2489926865931027
3.218756596429875
3.218756596429875
3.252830201824122
3.2219502113778646
3.2219502113778646
3.2219502113778646
3.2203547679724434
3.2162141229512713
3.202827184406864
3.202827184406864
3.202827184406864
3.202827184406864
3.202827184406864
3.2000040422113107
3.202686812118144
3.210630243030144
3.2025798376843073
3.23776712335956
3.23776712335956
3.2121674578149437
3.2121674578149437
3.2133471486069465
3.2141865234147393
3.2141865234147393
3.2235840498185175
3.2515345397033837
3.2515345397033837
3.270807254022411
3.2611345406695063
3.2538835029694875
3.2497830092031306
3.2497830092031306
3.2497830092031306
3.2497830092031306
3.2611688111884605
3.2679454443766778
3.254803308076588
3.2362050189913716
3.2362418368221877
3.2362418368221877
3.2362418368221877
3.2524332119930226
3.2501180151284244
3.2680104939372137
3.274699300015589
3.263866315781349
3.2772549430849964
3.261127486109776
3.2558265073838517
3.255065997925425
3.2538521366420574
3.2538521366420574
3.2503644949837844
3.257286913126384
3.257286913126384
3.257286913126384
3.257286913126384
3.27006303465384
3.26692789058997
3.255638122946178
3.255638122946178
3.264948833697631
3.264948833697631
3.264948833697631
3.2743251450527593
3.237210341120458
3.2615845658064426
3.2615845658064426
3.2615845658064426
3.2615845658064426
3.2615845658064426
3.2615845658064426
3.2615845658064426
3.2615845658064426
3.2615845658064426
3.2615845658064426
3.2615845658064426
3.2615845658064426
3.2633350038130686
3.2553708003356028
3.2823349010397167
3.2823349010397167
3.2825905817155556
3.266700536700492
3.247053140831713
3.256020504098913
3.2496720064824247
3.2496720064824247
3.2496720064824247
3.2496720064824247
3.2496720064824247
3.2496720064824247
3.2496720064824247
3.2496720064824247
3.2496720064824247
3.2496720064824247
3.2496720064824247
3.2627814045186345
3.2627814045186345
3.2627814045186345
3.294192068563831
3.3226446480081933
3.290474273161964
3.2629862309913027
3.262231641505551
3.2911767066800306
3.2911767066800306
3.2911767066800306
3.2911767066800306
3.2963271663854794
3.272714304869454
3.272714304869454
3.272714304869454
3.2640090281140557
3.2640090281140557
3.247749126534112
3.238015818259104
3.2651253034426264
3.262320671745671
3.2349897192824506
3.2349897192824506
3.2349897192824506
3.235719866506603
3.235719866506603
3.225910694221181
3.2308642412952855
3.2308642412952855
3.2308642412952855
3.2462580365013642
3.2363696490120764
3.2659504813601736
3.2659504813601736
3.262635106688184
3.267764473524889
3.267764473524889
3.267764473524889
3.267764473524889
3.2635297933330087
3.2640196593192505
3.2640196593192505
3.261813269661733
3.2476544982387283
3.2476544982387283
3.261985920583219
3.261985920583219
3.261985920583219
3.261985920583219
3.263951440522233
3.2602120250710596
3.2769595019958393
3.27180824355385
3.27180824355385
3.27180824355385
3.2646970905506834
3.2646970905506834
3.277542973166589
3.281005466621869
3.281005466621869
3.2543043188294902
3.2543043188294902
3.2543043188294902
3.2543043188294902
3.2415929921838424
3.2415929921838424
3.2157253942012614
3.2157253942012614
3.205903990966372
3.235673113488684
3.23088883832946
3.23088883832946
3.23088883832946
3.23088883832946
3.2357516264422834
3.2357516264422834
3.2357516264422834
3.2357516264422834
3.2187844670142844
3.199421401813842
3.2108925636319334
3.216291802720285
3.2247178385455784
3.2247178385455784
3.233881607533764
3.247143939751441
3.247143939751441
3.247143939751441
3.247143939751441
3.24134488766451
3.24134488766451
3.24134488766451
3.24134488766451
3.24134488766451
3.24134488766451
3.24134488766451
3.2485972921600816
3.2485972921600816
3.2511314343183613
3.249857875140974
3.2653758693109736
3.2498887953458735
3.2653502491237765
3.2653502491237765
3.2723863891502556
3.2563455935224197
3.237896863531033
3.2507713615840323
3.255784204347504
3.2512008692573344
3.2512008692573344
3.2493224578156847
3.244963926083404
3.254042419318006
3.2446587208976503
3.2446587208976503
3.2575882342792886
3.26192995964093
3.2381705921177826
3.220174399722442
3.2277712038684596
3.2277712038684596
3.2389671645119096
3.2336002041422702
3.2336002041422702
3.2498991215242854
3.2498991215242854
3.2498991215242854
3.2498991215242854
3.2512600654192116
3.2512600654192116
3.2526284721030194
3.2526284721030194
3.267619237048286
3.267901010559416
3.2470614026561444
3.2470614026561444
3.227949485498713
3.2274353398358766
3.2274353398358766
3.2274353398358766
3.2274353398358766
3.2443455636939085
3.2443455636939085
3.2443455636939085
3.2443455636939085
3.2600890510705782
3.265295897990969
3.271831944213272
3.259814988687713
3.259814988687713
3.2758893190964593
3.2662864653814454
3.2587815583905004
3.2587815583905004
3.2390203043292085
3.21626859610198
3.2128943229628457
3.1976339115867853
3.1976339115867853
3.1883650407143023
3.2085611330221213
3.209210711039838
3.209210711039838
3.209210711039838
3.209210711039838
3.2233249285582555
3.2180466731759707
3.230976809660775
3.232803003740876
3.232803003740876
3.243590645692092
3.243590645692092
3.229339370176538
3.218717545862796
3.2450331254013465
3.2450331254013465
3.2370872578843914
3.230235760811454
3.2390312508337935
3.2390312508337935
3.2410624057542474
3.2271500809007434
3.2271500809007434
3.2271500809007434
3.2493801659057033
3.2397023328628567
3.2397023328628567
3.2397023328628567
3.2506865751453624
3.2506865751453624
3.2397851450670094
3.2397851450670094
3.243630880604189
3.243630880604189
3.2420333763103737
3.2420333763103737
3.2420333763103737
3.217450644596364
3.217450644596364
3.253137741504369
3.2313575770435357
3.222805196637502
3.257895309163166
3.2610864327589923
3.2610864327589923
3.2610864327589923
3.2610864327589923
3.246281375657334
3.2451308519993343
3.2451308519993343
3.2451308519993343
3.246583689805051
3.25094797855516
3.2490928765793528
3.2493151123239827
3.2493151123239827
3.2376764372532576
3.2376764372532576
3.2376764372532576
3.257070154512372
3.2365806191530893
3.2365806191530893
3.2365806191530893
3.2575440117022487
3.2392245144303855
3.2392245144303855
3.2392245144303855
3.2392245144303855
3.2265342999178896
3.2314390638529202
3.229325317457667
3.229325317457667
3.229325317457667
3.225622783359631
3.2242677981719647
3.2176113761469445
3.2225063013798487
3.2398982690376363
3.2398982690376363
3.259928182314801
3.258841163166584
3.2517778860323063
3.2517778860323063
3.2333244182731034
3.2333244182731034
3.2317895488532047
3.2473994965081125
3.2473994965081125
3.247671794894051
3.247671794894051
3.241800201287976
3.241800201287976
3.264432948175077
3.243772489340031
3.2299962629235908
3.2299962629235908
3.2549616556689567
3.25489557384758
3.2702486577400727
3.262598639335842
3.262598639335842
3.2629428942667094
3.252627243375196
3.252627243375196
3.268224281249289
3.2782637479860135
3.2682122824515747
3.29611932086878
3.3074199407913274
3.3074199407913274
3.3074199407913274
3.2991850872330657
3.288898361656687
3.2727643984536097
3.254646310902606
3.235674277410497
3.2313865666050283
3.2246795718030614
3.2380419306249144
3.2380419306249144
3.2222676375830486
3.2222676375830486
3.2222676375830486
3.2222676375830486
3.216234691592421
3.2228740760247496
3.200329924506581
3.211169567257675
3.211169567257675
3.211169567257675
3.211169567257675
3.207776638442674
3.224678473054801
3.2238895593253565
3.240983962340938
3.240370546501333
3.2092710073820805
3.2092710073820805
3.201329333034978
3.213170982925489
3.2340466703169626
3.2340466703169626
3.217037564411649
3.217037564411649
3.211383773282746
3.1948509646742664
3.209877082365363
3.194664037522332
3.194664037522332
3.1835968304176694
3.1835968304176694
3.1772360391473247
3.1772360391473247
3.181402263685389
3.1984078263873075
3.1984078263873075
3.1949109518983665
3.1949109518983665
3.1949109518983665
3.203855606214955
3.203855606214955
3.196601907260618
3.2087665151277194
3.2087665151277194
3.2087665151277194
3.2024935834596358
3.220389560489574
3.220389560489574
3.2370734392339333
3.2112430711535516
3.2105128710279356
3.17905128010787
3.17905128010787
3.1824647713865186
3.1824647713865186
3.1824647713865186
3.1824647713865186
3.208038617049064
3.2151395333386974
3.2014025958934456
3.2075736942516047
3.200384415991935
3.1944099418022023
3.2014211976193145
3.2014211976193145
3.2238620452828814
3.2209639224488216
3.2023915858616037
3.2129332515862563
3.2129332515862563
3.2129332515862563
3.2129332515862563
3.213902682517212
3.2292278859671004
3.2130250275921823
3.2215086323977364
3.225945581851946
3.2249404477348804
3.23209897321945
3.230889554688979
3.215087908681782
3.2107837200108924
3.2107837200108924
3.2044093217240333
3.2044093217240333
3.2044093217240333
3.2044093217240333
3.2044093217240333
3.209234123829374
3.209234123829374
3.221323727024675
3.204739662431658
3.212027107589839
3.1912768419101676
3.2149678916725715
3.2154205140308116
3.2154205140308116
3.2154205140308116
3.2154205140308116
3.2154205140308116
3.2154205140308116
3.2266775484441403
3.2266775484441403
3.207308947254082
3.207308947254082
3.2263489490149673
3.227036258901593
3.227036258901593
3.227036258901593
3.227036258901593
3.227036258901593
3.227036258901593
3.227036258901593
3.250413256548412
3.2579374572586914
3.2502207276169472
3.2578795399693634
3.2578795399693634
3.261733140772792
3.2346076620380053
3.205143980850937
3.193521585473979
3.2008948865929026
3.2008948865929026
3.2008948865929026
3.2008948865929026
3.2008948865929026
3.2229708920586693
3.2217272945199675
3.2217272945199675
3.2217272945199675
3.2251359952084573
3.2251359952084573
3.22887658117954
3.2327465505780864
3.2271790251353405
3.2257635885543867
3.237053438864055
3.2380585727185935
3.2353634249222316
3.229082481106253
3.2312795217747405
3.227363835510076
3.227363835510076
3.233370544978165
3.239855936308751
3.239855936308751
3.239855936308751
3.239855936308751
3.239855936308751
3.244213498350759
3.2332489881054967
3.2332489881054967
3.2268650858352306
3.2268650858352306
3.2268650858352306
3.2411394882436606
3.2388250749599092
3.2535870802144116
3.2244738859645627
3.2244738859645627
3.2244738859645627
3.2244738859645627
3.2401738449705717
3.2401738449705717
3.2491366849743244
3.2630415450089805
3.252147193225651
3.243941689511951
3.234119108715847
3.23605522332053
3.238243775325068
3.2381527040630242
3.2381527040630242
3.235494856201897
3.2310879116078666
3.237896971767083
3.2573259916482815
3.2573259916482815
3.250267958624454
3.250267958624454
3.2658538848307206
3.2658538848307206
3.2739091711009563
3.2859500530453922
3.2859500530453922
3.279631234876801
3.279631234876801
3.279631234876801
3.279631234876801
3.292765160343434
3.293599751356257
3.2916043359521674
3.2749873947642185
3.2748902199123973
3.260678507329404
3.266792616604499
3.287981709138532
3.3009545026102947
3.292588858773085
3.292477930693724
3.2853436203616972
3.284448704346119
3.2721682483263606
3.2534507524216525
3.2534507524216525
3.2428793375019125
3.2428793375019125
3.2428793375019125
3.23061976386194
3.2428052401555116
3.2502146510006997
3.2502146510006997
3.2419268014454192
3.2551123755963842
3.2551123755963842
3.2551123755963842
3.258516785653127
3.231836152755908
3.231836152755908
3.2214604012157877
3.2516792211816266
3.2516792211816266
3.2611405649974654
3.2499240417604636
3.2499240417604636
3.2499240417604636
3.2527888905783526
3.2527888905783526
3.2527888905783526
3.2527888905783526
3.2456480851687743
3.237212911602323
3.237212911602323
3.2171981021365728
3.231776730617641
3.231776730617641
3.231776730617641
3.2243203571305767
3.2411879710721103
3.2411879710721103
3.2411879710721103
3.2314520617640263
3.2314520617640263
3.225952455621149
3.225952455621149
3.2368167114357074
3.2368167114357074
3.2368167114357074
3.215314185887733
3.215314185887733
3.217568372275362
3.210316065611462
3.2256133957399924
3.2131289942577372
3.2131289942577372
3.2131289942577372
3.2091065871426534
3.2319055898152538
3.2129924635231695
3.2280899853681273
3.223870940734899
3.220870380912547
3.239027378327162
3.21366764792997
3.2011357386311494
3.2011357386311494
3.2003112486169
3.2165676943527743
3.2436537538842187
3.2242082807561534
3.2242082807561534
3.2242082807561534
3.2355128372543045
3.2374533604423212
3.229012618731883
3.229012618731883
3.229012618731883
3.229012618731883
3.2257317879873324
3.2257317879873324
3.186184991435814
3.2022597576058636
3.2022597576058636
3.2022597576058636
3.205582696770923
3.1889784452895236
3.208747219756369
3.195177589830664
3.195177589830664
3.195177589830664
3.1888967336823013
3.1888967336823013
3.1888967336823013
3.1888967336823013
3.1828151204586863
3.1828151204586863
3.178029430947029
3.180330481844141
3.188655469507676
3.197119943078775
3.204263218705224
3.204263218705224
3.204263218705224
3.2010710839190213
3.22315174838651
3.209447904619249
3.209447904619249
3.209447904619249
3.2021156263941273
3.2021156263941273
3.198885825353219
3.198885825353219
3.198885825353219
3.198885825353219
3.198885825353219
3.2042572016298005
3.2042572016298005
3.2042572016298005
3.2254164262006877
3.2176458041297002
3.2176458041297002
3.222158243858799
3.222158243858799
3.2217582958815583
3.217022423527387
3.2199100776653684
3.2199100776653684
3.22534211240927
3.2065930657150887
3.2065930657150887
3.2065930657150887
3.2065930657150887
3.2078307315726913
3.2078307315726913
3.2078307315726913
3.2078307315726913
3.218911908969439
3.2304373224277967
3.2164668355852335
3.222238564864513
3.222238564864513
3.20976670547173
3.20976670547173
3.1995709589452037
3.1995709589452037
3.1919144316965533
3.1919144316965533
3.199207497332282
3.20173625125865
3.20173625125865
3.2350860126630105
3.2350860126630105
3.244427712905323
3.2178392325037826
3.232638692216483
3.2162559813685982
3.2420384847019266
3.2211718880015803
3.2211718880015803
3.2211718880015803
3.2211718880015803
3.234884963169075
3.230811415909407
3.2431960061340654
3.2431960061340654
3.2431960061340654
3.2411122594017607
3.2411122594017607
3.227066191220081
3.231643349303797
3.231643349303797
3.231643349303797
3.2225485900638664
3.2225485900638664
3.2225485900638664
3.2343215715942684
3.2343215715942684
3.2443426896258676
3.234671590296636
3.239436166370255
3.239436166370255
3.239436166370255
3.251845576947281
3.251845576947281
3.2665193569764717
3.264263140645442
3.24893374622565
3.24893374622565
3.255056324419434
3.2602093646125723
3.2463848380572107
3.2452514081049686
3.2392433959965308
3.2392433959965308
3.2392433959965308
3.2392433959965308
3.2392433959965308
3.2392433959965308
3.2526414160127253
3.2526414160127253
3.2514170049078723
3.2514170049078723
3.2624949882114707
3.2659045368103694
3.2386124110242664
3.2386124110242664
3.2386124110242664
3.2547025269896306
3.2509143359907458
3.250109476319534
3.250109476319534
3.2472495015167566
3.2433580247177076
3.250690011701903
3.2529406156852874
3.2372139210959747
3.2372139210959747
3.2372139210959747
3.246302147218739
3.246302147218739
3.262665935981423
3.262665935981423
3.283816547930438
3.2814317252654788
3.2814317252654788
3.279887719881591
3.262286786284877
3.2623111235545372
3.2658781145330833
3.244687129429658
3.244687129429658
3.229425688326973
3.2601857304297504
3.2461888754976354
3.2461888754976354
3.26720038197376
3.26720038197376
3.2715992229597157
3.2715992229597157
3.2583965268144404
3.2583965268144404
3.2583965268144404
3.2583965268144404
3.252986326800047
3.252986326800047
3.2490089158741897
3.2550789923186283
3.267938708886557
3.2300231240039694
3.2411403715329237
3.2369183006837416
3.2369183006837416
3.2369183006837416
3.2369183006837416
3.2369183006837416
3.2369183006837416
3.244369919214742
3.242685746410141
3.23408823613241
3.23408823613241
3.21869918170147
3.21869918170147
3.222668949725181
3.2243749800231454
3.2243749800231454
3.2300582326713942
3.231473540802783
3.231473540802783
3.244751841042009
3.261139390227666
3.275843885155734
3.275843885155734
3.234006706581267
3.234006706581267
3.2515391559375013
3.2515391559375013
3.2431989561287136
3.2431989561287136
3.2431989561287136
3.223569546676647
3.229928889170358
3.257501278160643
3.257501278160643
3.2462154143606634
3.2462154143606634
3.2482207303038013
3.257891967672519
3.257891967672519
3.257891967672519
3.25419387767183
3.234575199500955
3.2373824556025657
3.2371098643618486
3.2347082246450025
3.2347082246450025
3.2347082246450025
3.2347082246450025
3.2347082246450025
3.2347082246450025
3.255807807146517
3.255807807146517
3.2400558373637494
3.2303312178242063
3.2336412862853465
3.2336412862853465
3.2336412862853465
3.2280038039580194
3.2280038039580194
3.2280038039580194
3.2280038039580194
3.2266823046604407
3.2283100568825405
3.245235907522921
3.245235907522921
3.245235907522921
3.245235907522921
3.245235907522921
3.2437251147705557
3.2437251147705557
3.2470989440980924
3.229347250498716
3.2284538111159806
3.2284538111159806
3.2320340192775117
3.2438142161316286
3.2438142161316286
3.2438142161316286
3.2760657314097674
3.2731197950647646
3.2691491131282877
3.253195855349182
3.2708043350338345
3.254417595262071
3.2609382198836077
3.264791678647553
3.243310913579986
3.269225357754356
3.269225357754356
3.259752667577983
3.229175801472066
3.2333641305054583
3.2397896190418187
3.2397896190418187
3.2397896190418187
3.2397896190418187
3.2397896190418187
3.243004051256113
3.243004051256113
3.243004051256113
3.226831130121381
3.226831130121381
3.2423661487815227
3.2416023037805832
3.238088925386983
3.269579395413772
3.269579395413772
3.255971834694566
3.2457821836120684
3.215130664445557
3.215130664445557
3.2125270611946126
3.2125270611946126
3.2300794970337767
3.2300794970337767
3.210468206989767
3.2285243245606066
3.2039447734301407
3.2039447734301407
3.2129114141760433
3.2129114141760433
3.2054995409661027
3.2054995409661027
3.2054995409661027
3.177226617860854
3.1822722985152443
3.202957144141226
3.202957144141226
3.1894678089461816
3.2009407480843457
3.211868785560636
3.211868785560636
3.214893827809678
3.214893827809678
3.214893827809678
3.2426311879608303
3.2426311879608303
3.2426311879608303
3.2426311879608303
3.2428005501821198
3.2466366392668506
3.2466366392668506
3.2377999278095095
3.2195229803621186
3.2195229803621186
3.2195229803621186
3.232517518807485
3.232517518807485
3.232517518807485
3.225849587974654
3.251891690764322
3.2449328376919495
3.225605381033197
3.2119737004487203
3.215039517548335
3.215039517548335
3.205425625745213
3.2124892141294032
3.2175021373834847
3.2320352273334225
3.2473764334438093
3.275018759267349
3.2687458526406226
3.2564046131813287
3.2329017877975783
3.230809851919993
3.2487869037200134
3.2542054634512763
3.2542054634512763
3.2445803070872588
3.2445803070872588
3.2445803070872588
3.2312250397265174
3.216915887436948
3.216915887436948
3.227393005726108
3.251454281600286
3.239115125487293
3.239115125487293
3.239115125487293
3.221149148516991
3.251708747220472
3.251708747220472
3.2581198851780333
3.247141688944375
3.247141688944375
3.2500337782323596
3.240974566695527
3.250048652070538
3.25497595020738
3.25497595020738
3.25497595020738
3.2344052633613565
3.2344052633613565
3.2344052633613565
3.2344052633613565
3.2402995834505615
3.2402995834505615
3.2402995834505615
3.2402995834505615
3.2402995834505615
3.2402995834505615
3.235076701538683
3.2218695675874858
3.2198232368876094
3.2330747699799494
3.2449682699846396
3.2449682699846396
3.2258030897696996
3.2207704912199566
3.2207704912199566
3.2240906058935517
3.2153497960708135
3.211198558046902
3.224015582005666
3.2362528773265518
3.2362528773265518
3.244686326815324
3.231649261516195
3.2351922999167777
3.2328895405449254
3.2328895405449254
3.2328895405449254
3.2328895405449254
3.2170744781519947
3.219162498699421
3.219162498699421
3.2207960011281807
3.2207960011281807
3.2286272124842323
3.237919950552897
3.2225553413961396
3.2433907675861215
3.2433907675861215
3.2297227876411743
3.2297227876411743
3.2297227876411743
3.2297227876411743
3.2297227876411743
3.2214828503016046
3.219055199361416
3.219055199361416
3.2112281111111836
3.212392873393975
3.220793469425674
3.1896035575932586
3.1896035575932586
3.1920647189379574
3.1832880832094532
3.1832880832094532
3.1922191811020273
3.1922191811020273
3.200072466514263
3.200072466514263
3.200072466514263
3.214769924801204
3.214769924801204
3.206966001777149
3.210876427235278
3.210876427235278
3.213253332885706
3.213253332885706
3.2265539643067127
3.2265539643067127
3.228498368099902
3.228498368099902
3.2271704943343917
3.2271704943343917
3.2271704943343917
3.2271704943343917
3.2271704943343917
3.190675285201073
3.1912636830704604
3.1912636830704604
3.1912636830704604
3.1912636830704604
3.1887116534248814
3.2173687410340315
3.226171692680547
3.226171692680547
3.215717820671265
3.2307041099984013
3.229979475783334
3.2143217853774892
3.1855907730595576
3.1971165113753495
3.20175218628152
3.210885452386038
3.222297283246239
3.222297283246239
3.222297283246239
3.2134698841133202
3.2134698841133202
3.2302743450332763
3.220945335166126
3.220945335166126
3.2601862799141506
3.256121557254544
3.256121557254544
3.2807567747061386
3.2807567747061386
3.2653785234523593
3.2653785234523593
3.2490483086528954
3.2515968601656087
3.2515968601656087
3.2265614538417644
3.2265614538417644
3.2353578031777968
3.2358629028384556
3.2358629028384556
3.2178527089927376
3.2178527089927376
3.2178527089927376
3.212873730910538
3.212873730910538
3.2335681547201744
3.241021030214283
3.241021030214283
3.239319006781263
3.2552125750143115
3.263316258486506
3.262322299551746
3.262322299551746
3.25242424290296
3.262834133243534
3.2413046631572615
3.2515717398852955
3.2577061441698594
3.2666338622180233
3.2669577454104197
3.2669577454104197
3.2669577454104197
3.2669577454104197
3.272342911504658
3.2688676154145653
3.2527407104163464
3.2662726783090803
3.2662726783090803
3.2464610293900753
3.2545331915075733
3.239101225213008
3.2363084289548816
3.2363084289548816
3.2363084289548816
3.267187314651292
3.2640398686018366
3.2454386491718163
3.2322977719964494
3.2322977719964494
3.2322977719964494
3.2322977719964494
3.2290244223945908
3.2290244223945908
3.228583844922817
3.228583844922817
3.228583844922817
3.2550730096300238
3.2550730096300238
3.2550730096300238
3.2550730096300238
3.2550730096300238
3.2550730096300238
3.25843813325066
3.2749936841832636
3.2793087922951623
3.2680787653645447
3.2680787653645447
3.264661278674784
3.263610488200564
3.263610488200564
3.2632420283295573
3.2657471248586
3.2657471248586
3.2736913183852803
3.27076517294881
3.2683460979797148
3.2614122339062557
3.2652312076235788
3.2802830520176345
3.2681853467349242
3.2331151303463046
3.2307362662571952
3.2307362662571952
3.248008434512239
3.2552329189828377
3.2552329189828377
3.2639914192786286
3.2639914192786286
3.2639914192786286
3.2639914192786286
3.2496792115619457
3.2496792115619457
3.2496792115619457
3.258256349928134
3.258256349928134
3.258256349928134
3.2787416332179258
3.272375127331416
3.273768456234492
3.2691626332232326
3.2691626332232326
3.2691626332232326
3.249617346877753
3.249617346877753
3.2249439659472334
3.2249439659472334
3.25004107669849
3.251182069258944
3.2517910926720277
3.2481262479391284
3.238566949012048
3.238566949012048
3.236513665304079
3.2373582659095828
3.2373582659095828
3.250134315006431
3.250134315006431
3.2633310797184585
3.269844599093792
3.269844599093792
3.269844599093792
3.269844599093792
3.269844599093792
3.269844599093792
3.273178049817301
3.279880219063808
3.272570737709677
3.273991521053851
3.273991521053851
3.2568833581140177
3.2704598382838164
3.264835414537443
3.2539877935405164
3.2539877935405164
3.296885923319343
3.296885923319343
3.302965708503429
3.273954620713264
3.273954620713264
3.273954620713264
3.264473007392458
3.2604843446810934
3.2823031684103983
3.2731344975992624
3.2622986117874886
3.2622986117874886
3.2622986117874886
3.2622986117874886
3.2622986117874886
3.2432167875872513
3.2432167875872513
3.2432167875872513
3.2463895131933804
3.2463895131933804
3.2307047413499705
3.2307047413499705
3.2307804883417375
3.2284625186782305
3.231249580702166
3.2493962746301515
3.244298365900646
3.244298365900646
3.244298365900646
3.2407685657540632
3.2589260992930367
3.260584687847434
3.260584687847434
3.260584687847434
3.260584687847434
3.2573731754705713
3.2573731754705713
3.2573731754705713
3.2573731754705713
3.2573731754705713
3.272061585150213
3.272061585150213
3.265523057324794
3.265523057324794
3.265523057324794
3.2732998709370515
3.2621706111396027
3.2716414129091227
3.2716414129091227
3.271349361371165
3.285785974007071
3.285785974007071
3.285785974007071
3.2738104598202646
3.2738104598202646
3.2709500149514255
3.2688342155921988
3.274844604864331
3.279608495095242
3.279608495095242
3.284574920472689
3.284574920472689
3.284574920472689
3.2838743771756347
3.2838743771756347
3.284307545229828
3.2754302354303553
3.274549945959175
3.2671260527160384
3.277914095514477
3.277914095514477
3.29042031631025
3.29042031631025
3.294450864340791
3.290520861480495
3.2944644828324012
3.290672774387616
3.2734141666106913
3.2734141666106913
3.2820749237509927
3.289451196800671
3.290720513575847
3.290720513575847
3.2978123963060404
3.295128276997995
3.29192709319481
3.29192709319481
3.290513787233891
3.290513787233891
3.2778450095460325
3.2778450095460325
3.2778450095460325
3.2778450095460325
3.2778450095460325
3.2786321587054283
3.2786321587054283
3.2786321587054283
3.282945121974949
3.282945121974949
3.282945121974949
3.2798441529914486
3.278933503233474
3.278933503233474
3.262172246444437
3.2635401830523763
3.2463888385950592
3.2571594105451624
3.260775196234144
3.2785130391906576
3.2835557704157945
3.2798598743156
3.2798598743156
3.274063019843984
3.2814961089147774
3.2814961089147774
3.280765174466063
3.280765174466063
3.280765174466063
3.2635983163539657
3.2654292840770793
3.2748973673989306
3.2748973673989306
3.2748973673989306
3.2748973673989306
3.2743270695876903
3.274730054861352
3.2690849660670946
3.2690849660670946
3.270467748967189
3.259706506661953
3.27950380265661
3.27950380265661
3.27950380265661
3.278638390759815
3.26977769384679
3.26977769384679
3.26977769384679
3.26977769384679
3.254989409502703
3.2711967588771453
3.259266404227593
3.259266404227593
3.259266404227593
3.25582731893433
3.25582731893433
3.262324028717274
3.262324028717274
3.2715136492917916
3.2792504732276204
3.2792504732276204
3.261957257935888
3.277111860091622
3.2726649484981825
3.2609047595023926
3.2609047595023926
3.2541912750511903
3.28204987988209
3.282326188117655
3.2873175285779395
3.2726479521361056
3.2726479521361056
3.2708768789339664
3.2708768789339664
3.266432375738374
3.267301581415075
3.27139324431018
3.284788136943539
3.303777523478682
3.303777523478682
3.2941413605925516
3.265075478001577
3.2589355877545287
3.2742456300403417
3.2742456300403417
3.2742456300403417
3.2742456300403417
3.2742456300403417
3.2742456300403417
3.258606123461164
3.258606123461164
3.251725509579208
3.251725509579208
3.251725509579208
3.251725509579208
3.251725509579208
3.253344115084178
3.253344115084178
3.2341237977678117
3.2341237977678117
3.2328615577393087
3.2328615577393087
3.254901812545201
3.2265425788641924
3.2228476561105532
3.2341295291222885
3.2341295291222885
3.243946908848007
3.259605460551471
3.2675188071593175
3.2634805789425454
3.2575382687805328
3.274354082589561
3.282827136226941
3.2480857047279046
3.2704143055301396
3.256421040348728
3.2717044789474863
3.2813589276274815
3.2813589276274815
3.2813589276274815
3.2876753463316404
3.2876753463316404
3.2876753463316404
3.2876753463316404
3.2876753463316404
3.278025634938466
3.2935500032065943
3.2890232411492755
3.285371817615563
3.2891927827053866
3.2784822590578577
3.298190412978568
3.298190412978568
3.2944827282234357
3.312856214256767
3.312856214256767
3.312856214256767
3.312856214256767
3.2985748289882797
3.2985748289882797
3.2985748289882797
3.277052118813127
3.277052118813127
3.277052118813127
3.277052118813127
3.277052118813127
3.2661197525301766
3.285754846789939
3.285754846789939
3.263552214182736
3.263857054958711
3.263857054958711
3.263857054958711
3.2557371298412203
3.266142185966227
3.2712995079327762
3.2712995079327762
3.2712995079327762
3.272855529411195
3.2673375335458315
3.2663133178771355
3.250687588997097
3.250687588997097
3.250687588997097
3.250687588997097
3.232823193809406
3.251059455903087
3.2396849679149846
3.2396849679149846
3.232629744371967
3.2364954494805387
3.2386767868628827
3.2231790668475084
3.2231790668475084
3.2381236261334947
3.229479504668999
3.217021711488807
3.217021711488807
3.217021711488807
3.206818992859209
3.2245880562658136
3.2177192445254525
3.2327769949323892
3.228813826575221
3.235549652544532
3.2642830983384936
3.2642830983384936
3.249077295359325
3.258133822424259
3.258133822424259
3.258133822424259
3.2617122405514336
3.2580857108853425
3.2773509679937414
3.2863757938154117
3.284327616825646
3.2600521265380245
3.2808531470603866
3.269794275272078
3.269794275272078
3.2804291093776166
3.272744220455118
3.272744220455118
3.290170347183299
3.282948240622348
3.282948240622348
3.2976273878733293
3.2976273878733293
3.2906332610331486
3.2906332610331486
3.2766161267527685
3.289878870302459
3.288607606425417
3.2873886931042122
3.2873886931042122
3.2873886931042122
3.2873886931042122
3.2873886931042122
3.2873886931042122
3.2873886931042122
3.270868038541815
3.270868038541815
3.270868038541815
3.271316185609266
3.2601097296054604
3.2765093699002823
3.2794832682542245
3.2794832682542245
3.29304880642789
3.2880980837133027
3.2893283358559864
3.2893283358559864
3.27222544021709
3.27222544021709
3.27222544021709
3.2775610049526445
3.2761266725710754
3.274416806372932
3.259481451285219
3.269438268173984
3.269438268173984
3.259637323740058
3.2570425412381545
3.2570425412381545
3.2570425412381545
3.2570425412381545
3.2450427660273284
3.259000273553969
3.2428830476159543
3.2428830476159543
3.2428830476159543
3.24375790040584
3.2427616317475993
3.2518718599904224
3.2518718599904224
3.2518718599904224
3.2518718599904224
3.2518718599904224
3.2518718599904224
3.243258076839137
3.242348020555115
3.2449244675057596
3.2449244675057596
3.265130587095313
3.2829232010047082
3.28640791610736
3.28640791610736
3.295124546934885
3.2819856940189065
3.248715710065145
3.2506906078102706
3.2506906078102706
3.2565140500062704
3.2457258114920378
3.243105172388853
3.243105172388853
3.243105172388853
3.2428209913695216
3.2131825146087376
3.2131825146087376
3.2102404811464615
3.232137472840312
3.2071006091653884
3.2071006091653884
3.2071006091653884
3.2263359042149014
3.2263359042149014
3.225074999783744
3.2252989700476795
3.2335145960865144
3.2255258093493513
3.2031953982119696
3.2031953982119696
3.2031953982119696
3.1954228186796167
3.1981519278995143
3.1981519278995143
3.210787289127594
3.2166099108119415
3.2245028792317734
3.233754939840096
3.233754939840096
3.254347879900404
3.242310510440421
3.242310510440421
3.2333234276123166
3.197850052123499
3.219431321249445
3.219431321249445
3.2208040471832247
3.2208040471832247
3.225632126814773
3.228747813868713
3.228747813868713
3.228747813868713
3.228747813868713
3.228747813868713
3.228747813868713
3.236712103026696
3.236712103026696
3.236712103026696
3.238703013961316
3.241067882351172
3.241067882351172
3.2486420777135008
3.2514095145157174
3.2409432582007973
3.2457500247461675
3.25322086711593
3.269143930236209
3.2655503099680896
3.2727538997967645
3.2426584011317536
3.2426584011317536
3.2651017278144834
3.2710349743749108
3.271576817967203
3.271576817967203
3.2629840606771956
3.2594755641794713
3.248042554953625
3.257555922886537
3.257555922886537
3.2773405352697926
3.276175850462842
3.2577424366019785
3.2577424366019785
3.2625760370121997
3.2625760370121997
3.2428628444495993
3.2428628444495993
3.2415272130597557
3.2316861928207414
3.2316861928207414
3.2316861928207414
3.2316861928207414
3.2316861928207414
3.2316861928207414
3.2316861928207414
3.2327170182685467
3.2327170182685467
3.2327170182685467
3.2204319514084987
3.2391385171862286
3.269619957508956
3.2656855405256864
3.271818747023427
3.2555481617462894
3.271370203663318
3.27692547906973
3.27692547906973
3.2712203002113993
3.2712203002113993
3.266855210953593
3.266855210953593
3.266855210953593
3.266855210953593
3.266855210953593
3.266855210953593
3.266855210953593
3.2821735009130437
3.306254448483013
3.306254448483013
3.3103071791076792
3.3103071791076792
3.3103071791076792
3.3103071791076792
3.3103071791076792
3.280004100182866
3.289516021060354
3.2761233350302312
3.2761233350302312
3.278645985398871
3.278645985398871
3.277844252811117
3.2828720413752857
3.2762289109282916
3.2762289109282916
3.2762289109282916
3.2762289109282916
3.2762289109282916
3.275598482507913
3.275598482507913
3.275598482507913
3.258898859949903
3.2672846639768967
3.235790266196458
3.2693496894259155
3.2693496894259155
3.2693496894259155
3.279863164785436
3.2749387840368898
3.27165644064659
3.2647307792640565
3.2647307792640565
3.2387083834427703
3.2315179545725012
3.2315179545725012
3.2454958544786066
3.2457150305036904
3.2457150305036904
3.2457150305036904
3.241970234699683
3.2171434731209994
3.2171434731209994
3.2280234335915403
3.240094277876296
3.2366693679597094
3.22903624240242
3.227335961089074
3.227335961089074
3.2269798194451558
3.227240257525818
3.2242153361808628
3.2176483532738
3.229515719696408
3.2232655864886537
3.2232655864886537
3.234519328911499
3.2272241163155506
3.2272241163155506
3.247405449610897
3.233571760321455
3.233571760321455
3.223769091941994
3.2378101200144087
3.2442556237071365
3.2557749557260456
3.2210151525166504
3.2092748311402524
3.2092748311402524
3.2092748311402524
3.2376202806207237
3.230978522665802
3.230978522665802
3.2293545000311563
3.2113672843255294
3.234307932548485
3.2492625889811073
3.252988539613013
3.252988539613013
3.252988539613013
3.252988539613013
3.259891222427801
3.259891222427801
3.259891222427801
3.238576988144868
3.238576988144868
3.238576988144868
3.246591901273678
3.263029785481012
3.263029785481012
3.265592524236846
3.2687596348957904
3.2297367220576585
3.2297367220576585
3.2369133659461933
3.2369133659461933
3.2267753362826985
3.2358872832783487
3.2358872832783487
3.2358872832783487
3.2322276316302787
3.252473397726021
3.2506576067847064
3.2218170184350883
3.2218170184350883
3.2218170184350883
3.2218170184350883
3.2287838216727587
3.215980274549883
3.2360720705282615
3.2437642569749032
3.2437642569749032
3.2402553537291077
3.2402553537291077
3.2390694773705646
3.242349763193643
3.236431486380573
3.236431486380573
3.236431486380573
3.236431486380573
3.236431486380573
3.2350732306458023
3.2160138283852806
3.2379236015910937
3.216463527282719
3.2386893564381
3.236269721359234
3.2339037165917923
3.2136163337702794
3.2228971490272857
3.2249207462117147
3.2249207462117147
3.2249207462117147
3.2272766580316157
3.2272766580316157
3.2272766580316157
3.236481354488332
3.2429658725423813
3.2429658725423813
3.2429658725423813
3.2429658725423813
3.2460962406641687
3.2477026952166246
3.2551191526638505
3.2674611780548157
3.2674611780548157
3.2666465911043683
3.2666465911043683
3.24575435599023
3.24575435599023
3.2651726183510994
3.255650890494546
3.2365125342720167
3.2365125342720167
3.2472966371416025
3.2688679868726025
3.25900306939409
3.25900306939409
3.25900306939409
3.25900306939409
3.2631573153597686
3.2601948213839878
3.271672221674902
3.2746007797290226
3.2746007797290226
3.2746007797290226
3.2594015151039195
3.26591659841967
3.26591659841967
3.26591659841967
3.2702297080155254
3.2718792075318435
3.2718792075318435
3.267631366561696
3.267631366561696
3.276133465072085
3.276133465072085
3.276133465072085
3.276133465072085
3.276133465072085
3.258109706642767
3.258109706642767
3.2539226372854864
3.2613107106164736
3.2613107106164736
3.2613107106164736
3.2572224084839037
3.2514140887114595
3.2514140887114595
3.2514140887114595
3.2669334299443036
3.2693920115014716
3.2693920115014716
3.2693920115014716
3.281776322498959
3.281776322498959
3.281776322498959
3.281776322498959
3.2937966996017787
3.2937966996017787
3.2937966996017787
3.28081799988099
3.28081799988099
3.2677527272058144
3.2677527272058144
3.2785004959833355
3.2785004959833355
3.2565329378369063
3.2716760750175635
3.2767341846757168
3.2767341846757168
3.2706411226452805
3.248791998190733
3.2439858288746017
3.266809734365948
3.266809734365948
3.266809734365948
3.266809734365948
3.251885210454745
3.2332582130430576
3.233646980065025
3.233646980065025
3.233646980065025
3.2343758134992853
3.2481842009969775
3.24197792278334
3.249719376557069
3.207152832461821
3.221334169062464
3.2070146785596876
3.2070146785596876
3.2204950439345916
3.2204950439345916
3.2105836918690795
3.225781644299825
3.214870487459976
3.214870487459976
3.2156043490436006
3.2099387474635037
3.2285218215738594
3.2285218215738594
3.2285218215738594
3.2197351659140425
3.2197351659140425
3.2189115480151216
3.2113509213346214
3.2113509213346214
3.2077017050884438
3.2234207003132154
3.220987581243995
3.2211232752350414
3.2258174476245265
3.2254681205641718
3.2254681205641718
3.2456175944553434
3.2404145953309316
3.2277238127516963
3.2106376571717696
3.21219725534688
3.21219725534688
3.21054316694627
3.2165956596286533
3.2165956596286533
3.2165956596286533
3.2165956596286533
3.2357954027976525
3.220513425368412
3.2154571262297185
3.2136907011031375
3.2124421704377184
3.212180542228862
3.1954289191422016
3.1954289191422016
3.1954289191422016
3.226179245336159
3.197834711625102
3.19323417868943
3.19323417868943
3.1857452390738072
3.21482262754919
3.207730070593589
3.207730070593589
3.207730070593589
3.2082554077996512
3.2082554077996512
3.187526724387913
3.189085197106046
3.189085197106046
3.189085197106046
3.1836837397751467
3.2156254878490804
3.2260657836836475
3.2260657836836475
3.2241651249463246
3.2241651249463246
3.2241651249463246
3.227944068593111
3.223494823676366
3.223494823676366
3.2065500127164093
3.208711202913966
3.208711202913966
3.202181064354439
3.232484294025146
3.23358286694473
3.2412933783897495
3.230880725678948
3.235398536225602
3.2136794678817995
3.2323442767868533
3.1968432875747452
3.1968432875747452
3.2217867322802842
3.2197239893149843
3.2089705492308713
3.2384474386734685
3.2384474386734685
3.2384474386734685
3.2548060474607117
3.2690077533172155
3.2523922781369845
3.2523922781369845
3.2523922781369845
3.2523922781369845
3.2523922781369845
3.2387175568590156
3.258137909995273
3.242154836238682
3.2247414545154007
3.2247414545154007
3.2221099385589453
3.2144009873285895
3.2149460092308395
3.2149460092308395
3.2149460092308395
3.2371203821520926
3.2371203821520926
3.2245808059438708
3.2245808059438708
3.2245808059438708
3.2245808059438708
3.2245808059438708
3.2421476047389857
3.240528451799209
3.2438831440675306
3.2438831440675306
3.2438831440675306
3.228898160121967
3.228898160121967
3.2266146907661875
3.2266146907661875
3.2266146907661875
3.2266146907661875
3.2266146907661875
3.2266146907661875
3.2266146907661875
3.2263786240820496
3.2263786240820496
3.2263786240820496
3.2376862782684235
3.2376862782684235
3.2490683829512252
3.255149534821652
3.255149534821652
3.255149534821652
3.255149534821652
3.255149534821652
3.2460144514496165
3.2460144514496165
3.2460144514496165
3.2406539055770742
3.233966148542711
3.234768434182222
3.247186026677251
3.247186026677251
3.2436297269190564
3.2605532213534048
3.2504781197064747
3.2526216622298914
3.2526216622298914
3.2584271861830594
3.2469958306310445
3.2641117203861114
3.2641117203861114
3.2641117203861114
3.2507939164733153
3.2686187175505146
3.2557694250503753
3.257064644607278
3.2722131143712243
3.274198834792512
3.267667230668855
3.267667230668855
3.267667230668855
3.267667230668855
3.2714254990667535
3.271747432827164
3.2764337636372884
3.2764337636372884
3.2652577549590025
3.2635454291945525
3.266348270675771
3.266348270675771
3.2708196651449137
3.2635834620545445
3.2635834620545445
3.263214738058356
3.253550367302303
3.253550367302303
3.253550367302303
3.247021854617362
3.2336791475960633
3.2336791475960633
3.236274072741723
3.227476720736681
3.227476720736681
3.227476720736681
3.225102314303382
3.2109397951944953
3.2146411706342177
3.2146411706342177
3.2356865839792266
3.2356865839792266
3.2356865839792266
3.2356865839792266
3.2356865839792266
3.2360474034563294
3.2354571912191283
3.2039527401453007
3.2007206195294673
3.199749781349662
3.198446946818632
3.1961487364525683
3.2162287147857413
3.2111112441314815
3.201920256603747
3.2099123588902154
3.2099123588902154
3.237306985129081
3.237306985129081
3.2331180830630855
3.2277760304565057
3.226638373834139
3.2180867843923977
3.2180867843923977
3.2180867843923977
3.216645342951852
3.216645342951852
3.225537396787823
3.225537396787823
3.2162421623463313
3.2116330482249267
3.242624213224564
3.2217265921780567
3.217774337225311
3.220116354747536
3.220116354747536
3.234348623264853
3.2462368447232164
3.2447246982831772
3.2447246982831772
3.243789808425053
3.243789808425053
3.243789808425053
3.234295051427928
3.234295051427928
3.2266573396313425
3.240015402464987
3.2405314440018436
3.2489190175076947
3.2521904674865767
3.234475991881422
3.2345981032258644
3.2345981032258644
3.2345981032258644
3.2345981032258644
3.247315862925799
3.2529594979833965
3.2537255551896638
3.2537255551896638
3.2537255551896638
3.2447264359722543
3.2447264359722543
3.2447264359722543
3.2460641307637634
3.226626383124137
3.244338789774621
3.2220027004230745
3.2220027004230745
3.2220027004230745
3.2220027004230745
3.242522215839022
3.2279977098264347
3.2025150087820426
3.2025150087820426
3.2190897173628494
3.2180712539144545
3.2180712539144545
3.2180712539144545
3.2090204146786716
3.2103141008627225
3.209159539977206
3.209159539977206
3.213088411160765
3.212662407464777
3.212662407464777
3.212662407464777
3.2252662863514803
3.2252662863514803
3.2252662863514803
3.2040038813179637
3.2040038813179637
3.221582478902334
3.223710367890986
3.223710367890986
3.1941787045021335
3.1941787045021335
3.205606427049671
3.205606427049671
3.205606427049671
3.221631582010006
3.2404877000366676
3.23153819199347
3.2123332553144333
3.2353472380080937
3.2289436294445157
3.228260178139449
3.228260178139449
3.2131326136968674
3.2131326136968674
3.2245253578773787
3.223681980257189
3.223681980257189
3.2309544310397134
3.2444311277714415
3.2444311277714415
3.2444311277714415
3.216220615507143
3.216220615507143
3.216220615507143
3.216220615507143
3.216220615507143
3.2347195109172984
3.2347195109172984
3.2369317593575877
3.2369317593575877
3.2402342368497385
3.2225067096639766
3.2125089626846326
3.2125089626846326
3.223843225538503
3.2109363182921564
3.2109363182921564
3.2109363182921564
3.234840094073403
3.234840094073403
3.233105375322501
3.235782620234596
3.235782620234596
3.2227773311619505
3.227861960804723
3.227861960804723
3.213802818714225
3.213802818714225
3.204191055255137
3.2193642286545376
3.2387599184263727
3.259134923023037
3.259134923023037
3.259134923023037
3.259134923023037
3.259134923023037
3.2471492199601997
3.268470763844086
3.272185020594916
3.272185020594916
3.280104386752026
3.280104386752026
3.2747129202203653
3.2747129202203653
3.256452671016403
3.2613899728250364
3.2613899728250364
3.257062178952819
3.259399978503718
3.259399978503718
3.2707720557282327
3.2700564521005213
3.2473370755942703
3.2473370755942703
3.2473370755942703
3.2847770665622362
3.2667726683632847
3.25050732390965
3.2425429367283995
3.225164888131112
3.262598772433971
3.262598772433971
3.262598772433971
3.262598772433971
3.262598772433971
3.2646158738196793
3.261897153567403
3.2696353929872406
3.2793162543101797
3.2793162543101797
3.2804748579156278
3.2804748579156278
3.2804748579156278
3.2804748579156278
3.259938871026883
3.259938871026883
3.259938871026883
3.2705982127134954
3.269448340543525
3.269448340543525
3.269745659813873
3.283804324695842
3.283804324695842
3.283804324695842
3.2815800011972067
3.2814241653918113
3.2684663704472428
3.2684663704472428
3.259725482503647
3.259725482503647
3.264030550892863
3.2495295703892118
3.263633019757529
3.2449696574271623
3.2655046843717384
3.2806011525086536
3.2806011525086536
3.2806011525086536
3.2849844576594234
3.2849844576594234
3.2522042868282246
3.2522042868282246
3.2522042868282246
3.238466266681418
3.2523787208571524
3.218858803294712
3.212051299674891
3.212051299674891
3.212051299674891
3.2231615772010698
3.246024570650718
3.246024570650718
3.246024570650718
3.2473143722197664
3.2695377148950993
3.262487996082093
3.2766500657475786
3.2766500657475786
3.2741429219083433
3.2741429219083433
3.2699241787825226
3.2699241787825226
3.2753905651707913
3.2589888969411667
3.2589888969411667
3.2526357306730964
3.2526357306730964
3.2526357306730964
3.2526357306730964
3.2526357306730964
3.2526357306730964
3.2581134378343704
3.2581134378343704
3.2581200536872585
3.257735401373695
3.2442711413830234
3.2442711413830234
3.2790676828310885
3.2672624007064632
3.2655203620908586
3.2655203620908586
3.2655203620908586
3.2655203620908586
3.268323457736418
3.239472067820542
3.2464490210704313
3.225797227869318
3.241139158351204
3.2462590979477444
3.2462590979477444
3.2578268407915605
3.252214649099548
3.252214649099548
3.2306686864807888
3.2533516782060183
3.2533516782060183
3.27526530113002
3.2805963610279796
3.292710557343476
3.292710557343476
3.2884895546750004
3.2876184032252334
3.2481211231022504
3.2481211231022504
3.2531878396432083
3.2531878396432083
3.2531878396432083
3.278990750213948
3.278990750213948
3.278990750213948
3.278990750213948
3.293176538490336
3.2835407464476867
3.2835407464476867
3.2835407464476867
3.2835407464476867
3.274789964640674
3.26467382778453
3.2443768395787145
3.2443768395787145
3.2443768395787145
3.2562591801224388
3.260550084631409
3.260550084631409
3.2558915274668125
3.2801138493398687
3.276409799100067
3.2896627641587504
3.2896627641587504
3.300982708722035
3.2850793697614082
3.273855764010859
3.273855764010859
3.2709879690601054
3.272201291136214
3.2874077345099058
3.2874077345099058
3.2815133621903407
3.2815133621903407
3.277963182909559
3.277963182909559
3.2728191079677273
3.2728191079677273
3.2728191079677273
3.2728191079677273
3.2785361581895773
3.2785361581895773
3.2825849236155373
3.2825849236155373
3.2825849236155373
3.2825849236155373
3.265632439998429
3.25778572824938
3.2505731457592533
3.2458365960582616
3.2458365960582616
3.2458365960582616
3.2517419912791454
3.2590887970972293
3.2590887970972293
3.2710608843312574
3.2710608843312574
3.252398031181927
3.252398031181927
3.252398031181927
3.260343281589399
3.2674509052785363
3.2674509052785363
3.289798809224454
3.28291816589345
3.3093901987210144
3.299532609013913
3.299532609013913
3.299532609013913
3.299532609013913
3.299532609013913
3.3056844926472984
3.3120772657822286
3.3120772657822286
3.3120772657822286
3.2994007699492793
3.284659936682703
3.2727967380547476
3.2727967380547476
3.2727967380547476
3.2727967380547476
3.2628946000519305
3.2628946000519305
3.2562412935416343
3.264230247775871
3.264230247775871
3.2705457936697404
3.270291904174609
3.270291904174609
3.270291904174609
3.2555147195739655
3.2555147195739655
3.2253110315156155
3.2345536108639057
3.246097720632138
3.2605901527932932
3.274622759942849
3.243012181917736
3.243012181917736
3.243012181917736
3.2479566609602566
3.2479566609602566
3.2479566609602566
3.2479566609602566
3.2564705159632927
3.2564705159632927
3.2564705159632927
3.2506761511580238
3.242195307099899
3.242195307099899
3.242195307099899
3.242195307099899
3.266290336686136
3.266290336686136
3.25216809746583
3.2660451112974767
3.2660451112974767
3.2660451112974767
3.2660451112974767
3.2660451112974767
3.2462692344652044
3.2462692344652044
3.2462692344652044
3.271873932534434
3.2628343176164574
3.2676608324161958
3.2676608324161958
3.2630171774997487
3.2630171774997487
3.284773559062152
3.271289951393694
3.271289951393694
3.264319105091402
3.2389606431237894
3.224244843556041
3.224244843556041
3.2230014491052317
3.2230014491052317
3.2230014491052317
3.2257059433602238
3.2257059433602238
3.207247953870748
3.224494241842879
3.2446173788998975
3.2446173788998975
3.235906212601008
3.2573894628093987
3.2573894628093987
3.2555996465063295
3.245377340077982
3.243577157836436
3.2545742471989163
3.2545742471989163
3.2545742471989163
3.266886114010407
3.2635898899701594
3.266710896472229
3.270460596564229
3.2575138059300275
3.2575138059300275
3.252935643332922
3.2357386003442876
3.232173796327225
3.232173796327225
3.2261975321876535
3.22191693360646
3.2319450710408613
3.2441048072899914
3.2441048072899914
3.2374071119755623
3.2315489666848647
3.2315489666848647
3.2233583884370334
3.223401037513525
3.214567233935314
3.214567233935314
3.2069674467202938
3.2273972201004826
3.2273972201004826
3.2273972201004826
3.2359344740605565
3.2359344740605565
3.2359344740605565
3.2359344740605565
3.2359344740605565
3.2338113390986147
3.2338113390986147
3.224840181969902
3.224840181969902
3.224840181969902
3.224840181969902
3.209423847319522
3.209423847319522
3.209423847319522
3.206760265986768
3.238961861333554
3.225682668410311
3.225682668410311
3.2591227396306977
3.235966627448509
3.235966627448509
3.231975362944258
3.231975362944258
3.2334851927233283
3.216624538669176
3.216624538669176
3.2212235232196407
3.2212799183354197
3.2212799183354197
3.2212799183354197
3.2212799183354197
3.2362819966318876
3.239959003245849
3.2086983142193013
3.2086983142193013
3.2169389987355346
3.2169389987355346
3.2313610734878107
3.2313610734878107
3.211761091436153
3.211761091436153
3.211761091436153
3.215108637669539
3.2092700066893003
3.2092700066893003
3.212630057730936
3.212630057730936
3.2070328255469227
3.2070328255469227
3.2070328255469227
3.20510777168263
3.20510777168263
3.201706000438581
3.2055535294369246
3.191210045420516
3.201301967486761
3.1984713104733387
3.1984713104733387
3.1984713104733387
3.2165341520337942
3.2165341520337942
3.231925607391502
3.2350177707702
3.2350177707702
3.236132549524404
3.236132549524404
3.236132549524404
3.236132549524404
3.2418814743846265
3.2418814743846265
3.2309389654230154
3.2309389654230154
3.248874682521222
3.248874682521222
3.248874682521222
3.248874682521222
3.2320359896362727
3.2320359896362727
3.2368808145120638
3.2500722196480685
3.2439472907757563
3.2482449535298685
3.2482449535298685
3.236787638371324
3.236787638371324
3.236787638371324
3.2258405178525065
3.2345255916905185
3.2345255916905185
3.2270960884809976
3.2247100141105114
3.2247100141105114
3.210019028989602
3.210019028989602
3.2193337279144325
3.2193337279144325
3.2396557602700473
3.233366917191163
3.2189635074925382
3.2189635074925382
3.2189635074925382
3.2224314044263016
3.221422195850309
3.2281128395266236
3.2281128395266236
3.231037008153445
3.231037008153445
3.2350354001500783
3.2350354001500783
3.2350354001500783
3.24531206473977
3.2428831031064553
3.2428831031064553
3.2518724085324955
3.2301116405968875
3.257569768090114
3.257569768090114
3.257569768090114
3.2637874676689145
3.2596519596746867
3.2596519596746867
3.26213775377499
3.2631450734014518
3.258147224854364
3.265097116560178
3.265097116560178
3.2628457473700663
3.2628457473700663
3.2626194710340517
3.2626194710340517
3.2626194710340517
3.281536991152735
3.281536991152735
3.281536991152735
3.281536991152735
3.2771373867033637
3.2796059360351415
3.2604657454378274
3.254792361205493
3.254792361205493
3.268652130763818
3.2569830446413186
3.242188383682012
3.2450903341081876
3.2464499065121926
3.2736165138312336
3.270508852157336
3.270790963386188
3.247590190708556
3.247590190708556
3.2464031776747984
3.2464031776747984
3.2502536877842454
3.261553769291545
3.2684615559286927
3.2684615559286927
3.2677033617770808
3.2677033617770808
3.257510105882007
3.247859720224686
3.247859720224686
3.247859720224686
3.2488499160633637
3.2572734521619306
3.2572734521619306
3.2592300182905007
3.2700527695364787
3.28020723270826
3.28020723270826
3.2834437674256107
3.28335081343728
3.28335081343728
3.284250328358595
3.275582281323765
3.2733605991725048
3.2668062558623694
3.2668062558623694
3.2668062558623694
3.2668062558623694
3.220520278080846
3.224955714215298
3.224955714215298
3.224955714215298
3.224955714215298
3.224955714215298
3.2174161397516055
3.2174161397516055
3.245344163636526
3.222421845808388
3.2407651123285706
3.246847824467194
3.238217444370393
3.238217444370393
3.2485758447744195
3.2537423353380692
3.243478086411991
3.2223944557570636
3.2223944557570636
3.218388735820013
3.218388735820013
3.218388735820013
3.218388735820013
3.218388735820013
3.218388735820013
3.218388735820013
3.2328503918475295
3.2328503918475295
3.2353395837925754
3.2353395837925754
3.2353395837925754
3.2353395837925754
3.219479620993506
3.236235347242454
3.2056345427948973
3.20403076952865
3.20403076952865
3.20403076952865
3.216641192818549
3.1941536177709193
3.1941536177709193
3.192839566844087
3.2017369504234376
3.1944551939807386
3.1944551939807386
3.1944551939807386
3.1944551939807386
3.2223462639253846
3.1903045064367697
3.227126167481261
3.227126167481261
3.2297730409684813
3.244741691778794
3.238301744301675
3.215890150879423
3.216729585309263
3.216729585309263
3.2121178773802455
3.2155328392037816
3.2342155743950816
3.2342155743950816
3.228475591058037
3.228475591058037
3.2348041616989245
3.2348041616989245
3.2348041616989245
3.2203188751580156
3.193305807278467
3.195527995345356
3.195527995345356
3.2114917437991966
3.2114917437991966
3.2114917437991966
3.221074540841679
3.221074540841679
3.221074540841679
3.2199353888295335
3.2199353888295335
3.2163421137047963
3.2287272613329425
3.2212170852100193
3.215806383602851
3.215806383602851
3.206504691513704
3.2040453818460093
3.2040453818460093
3.2040453818460093
3.201909183797628
3.2111476864430477
3.201781864046453
3.201781864046453
3.2091684089209007
3.2178481610378293
3.244417936450868
3.243995509826023
3.243995509826023
3.2339286228724173
3.250853767041424
3.254916431596565
3.2408374051765523
3.214509650030695
3.2152534686112446
3.2434630794343464
3.2434630794343464
3.226486873106028
3.244691602906826
3.2480766972893256
3.2494667753888473
3.2494667753888473
3.2494667753888473
3.2551160382426123
3.2429199240500766
3.2429199240500766
3.240069156063325
3.207640538040198
3.2070639985155207
3.2070639985155207
3.212056238666954
3.226802330719909
3.21427044081828
3.21427044081828
3.1998103085414082
3.1998103085414082
3.1998103085414082
3.2208914562763287
3.2208914562763287
3.2208914562763287
3.2208914562763287
3.2142306810693393
3.2184009937892575
3.210657253464543
3.210657253464543
3.210657253464543
3.208501450335288
3.2349985528727374
3.2349985528727374
3.197802601510811
3.197802601510811
3.1840927116849334
3.1749283038915057
3.1749283038915057
3.1937914303928867
3.1937914303928867
3.201721985137888
3.2159945560683014
3.2114049359637873
3.221454705786372
3.221454705786372
3.221454705786372
3.2104906596728
3.2157129853200406
3.2126939067451215
3.236431286625853
3.236431286625853
3.221980650011704
3.1926936169395965
3.2041118854506525
3.2257932422453335
3.2010919007894554
3.227298317384848
3.21222913494611
3.2165448893566357
3.2268453860250887
3.2375838612643033
3.20234445757551
3.21953630526673
3.2164788557876864
3.2115158257533167
3.2115158257533167
3.2134776137840557
3.2134776137840557
3.2092699547287094
3.2129702674281586
3.2377156975717476
3.2377156975717476
3.2377156975717476
3.2377156975717476
3.2377156975717476
3.2410704659229697
3.239959067404515
3.264748384092237
3.264748384092237
3.2602013062430553
3.260230394397815
3.260230394397815
3.260230394397815
3.26198217429332
3.2701127285027565
3.2495473992820534
3.2472224643644996
3.2472224643644996
3.2436609203011324
3.2436609203011324
3.240478420736471
3.2467753236699446
3.2467753236699446
3.248018890946917
3.273731340033046
3.2595239845083688
3.2457631857038227
3.2457631857038227
3.245353810141166
3.233942043037944
3.2546613033554856
3.2546613033554856
3.2546613033554856
3.2546613033554856
3.2495300661718978
3.2495300661718978
3.2495300661718978
3.2495300661718978
3.2495300661718978
3.2495300661718978
3.2495300661718978
3.2495300661718978
3.2495300661718978
3.2495300661718978
3.2463350130674224
3.238547351301269
3.240079254840719
3.2308686443912125
3.212619793675779
3.2092008511449115
3.2092008511449115
3.241854736686312
3.241854736686312
3.241854736686312
3.233951709955274
3.24106812198332
3.24106812198332
3.24106812198332
3.2505300183161614
3.2344302903569697
3.2490655625499243
3.2536647762773
3.2420371342398675
3.2420371342398675
3.266765099458567
3.2642448013205443
3.2519343074762985
3.24945144879414
3.24945144879414
3.2446445727868896
3.2446445727868896
3.2266499994442666
3.240213813878522
3.229007993550232
3.2335533151854636
3.2217587585435896
3.2217587585435896
3.2217587585435896
3.2174673824667606
3.2174673824667606
3.2159030631544336
3.189523283406368
3.18579715573724
3.18579715573724
3.18579715573724
3.18874627101377
3.18874627101377
3.1951088941184174
3.1951088941184174
3.1951088941184174
3.173021572479969
3.189951542008131
3.189951542008131
3.189951542008131
3.196026264826338
3.2140296512779667
3.20217492320202
3.2215610418888123
3.213132810059073
3.213225815065491
3.213225815065491
3.213225815065491
3.213225815065491
3.205427416487421
3.2104583764010246
3.2338933465069313
3.2338933465069313
3.2340651283213693
3.208768083655033
3.208768083655033
3.249960053475143
3.249960053475143
3.250174979153354
3.2502668360003035
3.240046364046034
3.245608977469204
3.2290413482057843
3.2357850185290444
3.2466773730989114
3.2410414288517373
3.261616077201212
3.261616077201212
3.25815719485135
3.25815719485135
3.2493284250586303
3.2493284250586303
3.2493284250586303
3.2628541317821242
3.2628541317821242
3.2628541317821242
3.2373603617425637
3.2373603617425637
3.245782266730393
3.254351819751455
3.254351819751455
3.2655990708274643
3.2860855303277545
3.2860855303277545
3.2860855303277545
3.269019516702119
3.2685362353564007
3.2685362353564007
3.269723135169419
3.2470960410135365
3.2470960410135365
3.2423924311528842
3.2423924311528842
3.2423924311528842
3.2423924311528842
3.2438573917808813
3.2438573917808813
3.2594082777866076
3.2594082777866076
3.256349258324379
3.256349258324379
3.256349258324379
3.256349258324379
3.256349258324379
3.256349258324379
3.2616274852364664
3.2616274852364664
3.253264034946369
3.2471521824714187
3.249101272568922
3.233671831449232
3.243041445948725
3.243041445948725
3.243041445948725
3.243041445948725
3.253434270153697
3.23032513665298
3.241948306749723
3.238490550183574
3.238490550183574
3.238490550183574
3.248465859411219
3.2429155375703105
3.2369764333357067
3.2602142163539636
3.2602142163539636
3.2602142163539636
3.2602142163539636
3.2602142163539636
3.2602142163539636
3.2602142163539636
3.2428272861297427
3.2428272861297427
3.257451343622014
3.257451343622014
3.2528342372781562
3.259404935895393
3.259404935895393
3.259404935895393
3.242366276860426
3.2375066706343
3.2375066706343
3.2494664363723365
3.2204174956978475
3.2288566040444557
3.2258755939159407
3.2599753341312856
3.2599753341312856
3.2597569777278683
3.2426336425714446
3.2411413283978527
3.2411413283978527
3.2527604028040367
3.241343963069842
3.241343963069842
3.237120283641475
3.239770517699279
3.239770517699279
3.25896520595273
3.2478000099341857
3.2478000099341857
3.2478000099341857
3.2478000099341857
3.2654290446059067
3.2654290446059067
3.2514754049056
3.2514754049056
3.276114389069927
3.294022827016114
3.3024691569648454
3.3024691569648454
3.3024691569648454
3.2989983193754826
3.294507329625401
3.269175998873519
3.269175998873519
3.269307530514385
3.269307530514385
3.269307530514385
3.269307530514385
3.2734060805109597
3.2734060805109597
3.247690654180874
3.247690654180874
3.247690654180874
3.247690654180874
3.227046203777315
3.2335124091413197
3.2333231277379375
3.2344833731145286
3.236459779497349
3.2441256412183885
3.2334614772472055
3.2334614772472055
3.227994199824746
3.227994199824746
3.2321168037217363
3.2321168037217363
3.2321168037217363
3.244680555263208
3.244680555263208
3.244680555263208
3.253103431893929
3.246629021366699
3.246629021366699
3.2400214350613994
3.2400214350613994
3.265602660834875
3.261554726071693
3.261554726071693
3.261554726071693
3.261554726071693
3.238437857196971
3.238437857196971
3.2412555341886655
3.2412555341886655
3.2551707695859644
3.255745874501737
3.2441096278512647
3.2334215722012183
3.2501235097245886
3.2468490978387097
3.2459353963173703
3.253459221962003
3.253459221962003
3.253459221962003
3.273930612384323
3.2644534565068337
3.2644534565068337
3.2644534565068337
3.2737258929730957
3.257691907094107
3.2804571194818717
3.2290705504318806
3.1969898083864705
3.2283221507099045
3.2283221507099045
3.2283221507099045
3.2432818905348144
3.252089272572429
3.2396477764298113
3.2396477764298113
3.2589813869859956
3.2589813869859956
3.269293681445791
3.2659204076627906
3.2659204076627906
3.2659204076627906
3.239151578574332
3.239151578574332
3.239151578574332
3.236521189070719
3.236273669092244
3.242466399272455
3.258608408100265
3.269006712069853
3.2607007070411966
3.2607007070411966
3.2607007070411966
3.2607007070411966
3.2607007070411966
3.2580398236142556
3.265510056707967
3.270424519223798
3.270424519223798
3.270424519223798
3.270424519223798
3.270424519223798
3.270424519223798
3.258711146426894
3.252214594310524
3.252214594310524
3.252214594310524
3.260035979358689
3.276520763675533
3.276520763675533
3.254463517636884
3.254463517636884
3.2677752288434045
3.271040324148692
3.271040324148692
3.271040324148692
3.271040324148692
3.271040324148692
3.2618176718302196
3.2656572598130564
3.2656572598130564
3.2601518868513173
3.263439944115664
3.270880809226282
3.270880809226282
3.270880809226282
3.270880809226282
3.249981581944043
3.249981581944043
3.2631529464142317
3.2631529464142317
3.242219071914435
3.250656356140538
3.2312395038336357
3.239541628390086
3.239541628390086
3.239541628390086
3.24636058573095
3.24636058573095
3.2389183552119025
3.2389183552119025
3.255488292897375
3.255488292897375
3.255488292897375
3.255488292897375
3.255488292897375
3.2450152183534384
3.2512847495399764
3.2512847495399764
3.2542166385310645
3.2601698233703926
3.2601698233703926
3.2601698233703926
3.23816494221848
3.249178850955424
3.238850200043022
3.2394388945473405
3.2742085532252903
3.268850955068556
3.2800345520612524
3.2800345520612524
3.2800345520612524
3.2839017262872914
3.279479166038314
3.2698812493431597
3.2698812493431597
3.2698812493431597
3.277302326341272
3.2767221410099623
3.2767221410099623
3.2767221410099623
3.2767221410099623
3.2785416477214415
3.284190193868538
3.2820810877879434
3.2820810877879434
3.2795473499882215
3.2795473499882215
3.2795473499882215
3.2795473499882215
3.267656070946333
3.267656070946333
3.27101034457908
3.287046141787521
3.280193155528962
3.2768031157043
3.284455195180127
3.2982820519970333
3.2806583116803716
3.2722228856477575
3.288875066353156
3.288875066353156
3.2913446221558624
3.2913446221558624
3.2820627753122107
3.2788569273209447
3.278656633099716
