0.0938544918057802
0.0938544918057802
0.0938544918057802
0.0938544918057802
0.0938544918057802
0.0938544918057802
0.0938544918057802
0.0938544918057802
0.0938544918057802
0.0938544918057802
0.0938544918057802
0.0938544918057802
0.0938544918057802
0.0938544918057802
0.0938544918057802
0.0938544918057802
0.0938544918057802
0.0938544918057802
0.0938544918057802
0.0938544918057802
0.0938544918057802
0.0938544918057802
0.0938544918057802
0.0938544918057802
0.0938544918057802
0.0938544918057802
0.0938544918057802
0.0938544918057802
0.0938544918057802
0.0938544918057802
0.0938544918057802
0.0938544918057802
0.0938544918057802
0.0938544918057802
0.0938544918057802
0.0938544918057802
0.0938544918057802
0.0938544918057802
0.0938544918057802
0.0938544918057802
0.0938544918057802
0.0938544918057802
0.0938544918057802
0.0938544918057802
0.0938544918057802
0.0938544918057802
0.0938544918057802
0.0938544918057802
0.0938544918057802
0.0938544918057802
0.0938544918057802
0.0938544918057802
0.0938544918057802
0.0938544918057802
0.0938544918057802
0.0938544918057802
0.0938544918057802
0.0938544918057802
0.0938544918057802
0.0938544918057802
0.0938544918057802
0.0938544918057802
0.0938544918057802
0.0938544918057802
0.0938544918057802
0.0938544918057802
0.0938544918057802
0.0938544918057802
0.0938544918057802
0.0938544918057802
0.0938544918057802
0.0938544918057802
0.0938544918057802
0.0938544918057802
0.0938544918057802
0.0938544918057802
0.0938544918057802
0.0938544918057802
0.0938544918057802
0.0938544918057802
0.0938544918057802
0.0938544918057802
0.0938544918057802
0.0938544918057802
0.0938544918057802
0.0938544918057802
0.0938544918057802
0.0938544918057802
0.0938544918057802
0.0938544918057802
0.0938544918057802
0.0938544918057802
0.0938544918057802
0.0938544918057802
0.0938544918057802
0.0938544918057802
0.0938544918057802
0.0938544918057802
0.0938544918057802
0.09414272340941435
0.09414272340941435
0.09360350918685302
0.09360350918685302
0.09360350918685302
0.09360350918685302
0.09360350918685302
0.09388704073487196
0.09349315211720627
0.09349315211720627
0.0930951191981645
0.0930951191981645
0.09268998099107356
0.09274038562476362
0.09246951336703839
0.09084424164502222
0.0904012068875272
0.09047519779435483
0.08915840264182699
0.08915840264182699
0.08846257828645873
0.08893882102042411
0.08811990693160134
0.08811990693160134
0.08762905474063017
0.08762905474063017
0.0879136167445246
0.0879136167445246
0.08796652732535418
0.08810538833339941
0.08930697256324348
0.08997991760213912
0.09010817047460154
0.09150716843955077
0.09149530470019918
0.09217610466092942
0.09217610466092942
0.09182586117670721
0.09185999373670205
0.09185999373670205
0.09180155480319964
0.09260161369601712
0.09283278226165687
0.09283278226165687
0.09315148454473406
0.09355760391548695
0.09407737327376704
0.09514978477839775
0.09481588811357439
0.09496656010647166
0.09502524926076714
0.09502524926076714
0.09464285477399136
0.09495311997079971
0.09504158981677245
0.09603674941978961
0.09664437929010612
0.09729749816672364
0.09732589444854733
0.09823239202937153
0.09886331501756523
0.0983403545022646
0.0979551104705146
0.09795479610989445
0.09780279218785126
0.09818369269049966
0.09832754423348489
0.09876899512543796
0.09981455068980778
0.09975097063521336
0.10019618950837778
0.09966088640110864
0.10007696313340443
0.09991394587244136
0.10017649145861851
0.1009586782780999
0.100928982681293
0.10059494121343861
0.10059494121343861
0.10082477050902104
0.10082477050902104
0.10050009716517769
0.10050009716517769
0.10091707515465216
0.10147488315103391
0.10147488315103391
0.10310847598810999
0.10295337616522131
0.10295337616522131
0.10443316529699488
0.10394563627532291
0.10488069056186922
0.10544275071659866
0.10544275071659866
0.10527493102087215
0.10542491794939562
0.10542053278953784
0.1061418815133782
0.10508764068845594
0.1044311663275304
0.1044311663275304
0.1044311663275304
0.10312641643979312
0.10312641643979312
0.10371321706027427
0.10371321706027427
0.10275500360530664
0.10275500360530664
0.10372986617097861
0.10336641819392542
0.10345872033477893
0.10298703899256328
0.10316881696983153
0.10316881696983153
0.10234823397312866
0.10234823397312866
0.1022478128178881
0.1011750056434566
0.10153525474473854
0.10153525474473854
0.10153525474473854
0.10238157392908477
0.10217975984863226
0.10213963763327986
0.1028404912321743
0.10236672112903474
0.10257955220082875
0.10159214661376742
0.10201688988143556
0.10125987928979997
0.10294832021398684
0.1036179396985928
0.1032713078603628
0.10244302768946291
0.10181423116495789
0.10166519846953061
0.10080186046056525
0.10115251785776244
0.10099577525652974
0.10097157762443043
0.10097157762443043
0.10097157762443043
0.10054410082148203
0.10078991378723154
0.0998136766072474
0.09968059819419202
0.10108719106714682
0.10038887975233479
0.10062860892889217
0.10032604399933621
0.10076004914035505
0.10076004914035505
0.10029756394253468
0.10189296868019361
0.10189296868019361
0.10248193977696046
0.10248193977696046
0.10172975584287787
0.10254948138537905
0.10237039299188866
0.10151034219937427
0.10082891688946058
0.10048535569624059
0.10083832222910186
0.09950202372741916
0.099399983369296
0.0996940073798009
0.10117985554435557
0.1013116898805431
0.1013116898805431
0.10019456506657873
0.10072242597012976
0.10015213469536373
0.10199541521452023
0.10087242217449771
0.10172457192078757
0.10172457192078757
0.10172457192078757
0.10204979736035209
0.10204979736035209
0.10170367422871407
0.10170367422871407
0.102573149751647
0.10309084612877528
0.10221154339249372
0.10229394849326731
0.1032680678403834
0.1028404500807201
0.10351218796500868
0.10361266648586424
0.10324896242962991
0.10294571694929378
0.10245643163532946
0.10219729944820079
0.10125303139763564
0.1005719198732111
0.10128780234607211
0.10120905824489076
0.10105139145140753
0.10105139145140753
0.10117957530585961
0.10120900822614867
0.1007535901847685
0.10095081654665405
0.10095081654665405
0.10095081654665405
0.100765168754423
0.1000399209998576
0.09994669511947361
0.09985890026794883
0.09991126523397507
0.10054010073400632
0.10029506215579272
0.10011113815786213
0.10077940433927246
0.10077940433927246
0.10070809438882142
0.10223981060527651
0.10130674474180465
0.10130674474180465
0.10245902432083535
0.10208875640700284
0.1015853692051704
0.10151543271873849
0.10261481224041077
0.10261481224041077
0.10261481224041077
0.10323328959494965
0.10323328959494965
0.10235808958628038
0.10150491827914325
0.10145521171551866
0.10142160444667181
0.10028960714435982
0.10028960714435982
0.10077657876892952
0.10051787934779319
0.10099634569094496
0.10099634569094496
0.10099634569094496
0.10097011459550848
0.10220414438027313
0.10243083950505937
0.10178719296991044
0.10179932917409444
0.1028054319201705
0.10342711082493251
0.10342711082493251
0.10324795077617469
0.10356293394926673
0.10307791102765157
0.1027596413034726
0.1027596413034726
0.10265671967009599
0.10270990611462083
0.10288133977316276
0.10325161485497983
0.10296378876190977
0.10273645426128258
0.10200727948768884
0.10359242033776353
0.10392245923505909
0.10388722408641723
0.10218742884611393
0.1025537812139175
0.10252323087628888
0.10214761844017059
0.10214761844017059
0.10145914376874177
0.10096467886058416
0.10128324325194364
0.10172154300686063
0.10144098271435456
0.10162039412276347
0.10162039412276347
0.10152681941999556
0.10139939138408512
0.10139939138408512
0.10200198769197719
0.10243536681323634
0.10187195864115972
0.10120611172290964
0.10030088845702426
0.09920055876466116
0.09872611153213522
0.09925327940700186
0.1006255477575192
0.10171398547339025
0.10069916635366213
0.1005971167980921
0.10093890311966804
0.10157778837439593
0.10157778837439593
0.10194821144979943
0.10244175315739432
0.10286016142072817
0.10286016142072817
0.10286016142072817
0.10286016142072817
0.10377722890400817
0.10338880090926139
0.10302845031954393
0.10302845031954393
0.10302845031954393
0.10409285037722939
0.10440980056901976
0.10440980056901976
0.1052181096471125
0.1042635881332455
0.10478891921680787
0.10478891921680787
0.10513155529097518
0.10459555702868367
0.10504162689936956
0.10513360265065319
0.10445465791194958
0.10402487825717453
0.10516283159576638
0.10516283159576638
0.10664162318219846
0.10664162318219846
0.10629405665094402
0.10510197144006142
0.10591407348776571
0.10595043473632833
0.10669553819166942
0.10650136160019205
0.10662832316660745
0.10573409975885831
0.10481176680491881
0.10559043844248313
0.1056429039458242
0.1056429039458242
0.10551629087502594
0.10551629087502594
0.10558308795224679
0.1047507765622948
0.1047507765622948
0.1046669024865898
0.10531467928217192
0.10531467928217192
0.10383429591127577
0.10454640961175012
0.10454640961175012
0.10492566972508087
0.1045665277877152
0.10383876268939593
0.10365230391388644
0.10274823130006042
0.10245324245917393
0.10243638963045497
0.1023824289433222
0.10329448430152463
0.10311820692585087
0.10247513445188458
0.10341923031160521
0.10178968015153336
0.10178968015153336
0.10190082255448092
0.10271922126857222
0.10169337572616152
0.10255757886799742
0.10185900259041628
0.10162117202087384
0.10143990245261446
0.10158611350210026
0.10152197845103021
0.1008006465268879
0.1006463302715271
0.1006463302715271
0.1006463302715271
0.09969671029132951
0.10001706568420177
0.10001706568420177
0.09992588252826853
0.09864696050548237
0.09864696050548237
0.09900983891623233
0.09885449220321198
0.0994777280374861
0.10009260093890561
0.10134931666810656
0.10152267360317865
0.10152267360317865
0.10152267360317865
0.10143426517162196
0.10194299043246634
0.10172591538803315
0.10143202379400713
0.10158380004452795
0.10158380004452795
0.10207335933249218
0.1019420905402788
0.10109197022279161
0.1007424841086889
0.1017446040382979
0.1017446040382979
0.10167544549586531
0.10268732421644698
0.10241028293161256
0.10214302710067469
0.10214302710067469
0.10214302710067469
0.10140030695965631
0.10193349690880156
0.10238410144420805
0.10233972151901018
0.10233972151901018
0.10177957994932482
0.10136021978228466
0.10143335205367232
0.10171195127626766
0.10255564258931774
0.10267454484123548
0.10297222094161228
0.10312491243687474
0.10201048696655855
0.10221620537635426
0.10221620537635426
0.1015488455698394
0.10141118418779474
0.10236365559798696
0.10207254451266703
0.1021745474316067
0.10374327395695793
0.10431879754006819
0.10368863984956761
0.10314351417854227
0.1046057909853049
0.10413196353428043
0.10280867463330777
0.10230880811137093
0.1024773981622282
0.10221173041167106
0.10229491213094465
0.10171261600442777
0.10147389163945088
0.1027276467777765
0.10197036357232184
0.10168495168010407
0.1016255068287973
0.10095769737423173
0.10019980348993117
0.09998691055156539
0.10104872337496146
0.10104872337496146
0.10109850910114865
0.10109850910114865
0.10201250682043003
0.10176310214121204
0.10176310214121204
0.10148416288922112
0.10160969881303501
0.10182982434788675
0.10200890550855721
0.10200890550855721
0.10164147122742376
0.10070030532410523
0.10090424214050826
0.10092425807928877
0.10110741062479675
0.101027845313235
0.10123809152910822
0.10123809152910822
0.10172513227531631
0.10230892823521318
0.10242689506712659
0.10268259077028187
0.1031883247238411
0.1031883247238411
0.1031883247238411
0.10297435995805035
0.1029439435504665
0.10220804104421909
0.10333157173995167
0.10489103794216388
0.10352697579720284
0.10331186786570308
0.10207944563674876
0.10317008956318158
0.10317008956318158
0.10201797388059496
0.10167527008641174
0.10162119969902567
0.10162119969902567
0.10197440781890744
0.10199760199298594
0.10230812479215992
0.10091903686354921
0.1018883069773164
0.10300150060308799
0.10156416667048893
0.10001676594319425
0.10021944621332947
0.10021944621332947
0.10021944621332947
0.10021944621332947
0.10021944621332947
0.0992908928321567
0.10077411307374481
0.10222865591440314
0.10222865591440314
0.10247486157370908
0.10167211189498397
0.10150324042744818
0.10150324042744818
0.10063788622349872
0.10020555215791666
0.100220465304125
0.10003680644391194
0.10045758899189682
0.10045758899189682
0.10044289601700063
0.10140581137630925
0.10140581137630925
0.10189389436155981
0.102174646678425
0.10328572670871723
0.10277791588493357
0.10254366875567121
0.10201203969548371
0.10281710025731604
0.10372053421522628
0.10351647258439851
0.1028307550203245
0.10327779001376891
0.10327779001376891
0.10277588417144261
0.10277588417144261
0.10275424313218538
0.10192126635453264
0.10123135150148803
0.1008458994668342
0.1005193967700816
0.1005193967700816
0.09907173456252755
0.09806830029231187
0.09888510047942331
0.09787717558785301
0.09859060391088101
0.10017954373547773
0.10017954373547773
0.09989169921810775
0.10078437632448688
0.09982930628051377
0.09938602123996126
0.09938602123996126
0.09870011383766619
0.09794476449687164
0.09822167917787587
0.09958388538435212
0.10017765278841118
0.10060270469346234
0.10137540540727089
0.10141447644501052
0.10141447644501052
0.10141447644501052
0.10154964699998868
0.10160319936561242
0.10126594122147356
0.10015070493194504
0.09938226006352613
0.09938226006352613
0.10074260870098355
0.10074260870098355
0.10184510420423283
0.1027135778998987
0.10344549157643544
0.10239533969380567
0.10401635703375892
0.10502385453017658
0.10378027275545747
0.10331274748971864
0.10406449568790571
0.10339353549754306
0.10450370200114897
0.10456119835044575
0.10410446930367126
0.10289315549362782
0.10252863873200384
0.10194121215078635
0.10227108252922151
0.10203031180676299
0.10233250681764465
0.10233250681764465
0.1026257498227274
0.10148382618573154
0.10133843344615753
0.10224834393903956
0.10223382491174564
0.10237783223539787
0.10185714558780762
0.10258490896317757
0.10300383830956643
0.1030780467883201
0.10420337435398903
0.10349071803669713
0.10349168923322674
0.10347884441006056
0.10348398339674976
0.10371297020506015
0.10387231969548312
0.10429727660978855
0.10489388637570751
0.10469699890616349
0.1054452868750456
0.1054452868750456
0.1042970118046652
0.10437446285481582
0.10523706757447424
0.10475897193737302
0.10470515415456767
0.1052002742292075
0.10540795830279387
0.10494907402173305
0.10395372402641893
0.10338176240474109
0.10118040766936233
0.10095631845858999
0.10015182332414117
0.10015182332414117
0.10221895727725804
0.10346476574083519
0.10346476574083519
0.10277814239690326
0.10320007249770609
0.10320007249770609
0.10177909610140927
0.10181876857425874
0.10181876857425874
0.10191781264968439
0.10139203176243866
0.10230677104914625
0.10230677104914625
0.10213419104112564
0.10156350531099888
0.10226361647405799
0.10157873792039367
0.10157873792039367
0.10139508714988484
0.10058252500922583
0.10083040675574129
0.10054481874293843
0.1018654787917183
0.1023426610566614
0.10190214035713689
0.10175056571424616
0.101184186701656
0.10093485574688128
0.10010507211241118
0.10010507211241118
0.10072871739885658
0.1014207191028164
0.1014207191028164
0.10418534040130144
0.1040470127112801
0.10334222279314272
0.10334222279314272
0.10392388820835613
0.10381419675799011
0.10407586025881353
0.10380170251985826
0.10280687585913306
0.10336576997888773
0.1029425271532967
0.10129224331769654
0.10129224331769654
0.1028597955676938
0.10336334488683609
0.10247171029678441
0.10213722157977632
0.10213722157977632
0.10187677058942321
0.10200497883570749
0.10207469318092716
0.10176914691768287
0.10181465281946539
0.10251953846305412
0.10426818726679474
0.10368108436108218
0.10368108436108218
0.10470790935373582
0.10406709423258788
0.10280362843644644
0.1027767395450348
0.10307833617712989
0.10312996027069685
0.10389504728416743
0.10299247538634052
0.10299247538634052
0.10255342428979163
0.10302591675463828
0.10354642406728301
0.10296061270476385
0.10332934494809509
0.10211446985829675
0.10211446985829675
0.10211446985829675
0.10206863486025351
0.10141031806056182
0.10132563145925563
0.10128914975390381
0.10341944020821756
0.10316462791752351
0.10327835506724495
0.10249288615019748
0.10202181758141629
0.10202181758141629
0.10285764316971141
0.10278840139967035
0.10278840139967035
0.10267742397347118
0.10292890656357565
0.10284234873976869
0.10286090396447159
0.10307227380175717
0.10345524426990192
0.10376819236705682
0.10376819236705682
0.10329942041045181
0.10338199654898006
0.10338199654898006
0.10273662413147203
0.10342201637598772
0.10342201637598772
0.1031760132244678
0.10336709653227105
0.10351112462600245
0.10351112462600245
0.10351112462600245
0.10411186772161894
0.103983095539279
0.1049775661745005
0.10464111367331773
0.10343924476120286
0.10339535252721058
0.1033234486366616
0.10414067274229576
0.10470677781538755
0.1047774695000793
0.10517423258782518
0.10440262201411235
0.10440262201411235
0.10390505495434386
0.10462694897153559
0.10462694897153559
0.10354144882562019
0.10339174530161836
0.10458051972679985
0.10418132868648641
0.10496881227933788
0.10536176762348257
0.10480248203007875
0.10465441179434028
0.10427065539901433
0.10254440403182934
0.10254440403182934
0.10185988059595655
0.10185988059595655
0.10210342093112641
0.10154229215741312
0.10094048264147712
0.10082818883446354
0.10156020128957816
0.10206875467072167
0.10273535536926677
0.10212330195706129
0.10130781066770325
0.101269289988594
0.101269289988594
0.10067717669636647
0.0999149715370322
0.10017476882339316
0.10017476882339316
0.09972714571417828
0.10071002595347406
0.09903788149612146
0.09938544487398895
0.09998884056552619
0.09998884056552619
0.0997575928618475
0.09990056366595039
0.09873191191168085
0.09903461616777876
0.09921202672094082
0.10045774621052797
0.10082420190127894
0.1010752327454749
0.10141490679823838
0.10046460808519286
0.10069805518551112
0.09978805182969844
0.09978805182969844
0.09913156675797223
0.09913156675797223
0.09810119602809525
0.09810119602809525
0.09810119602809525
0.09842548173521129
0.09810433410408012
0.09822279005472026
0.09858449059119939
0.09888762420229134
0.09852809999304706
0.09825994813310615
0.09780431877584161
0.09751126626879046
0.09660185618603288
0.09685955793643188
0.09744522549815687
0.09738051112343742
0.09749013799102729
0.09777845852856894
0.09679515987576348
0.09658318945326232
0.09705498311372958
0.09590403138156192
0.09612974123026623
0.09724106765894569
0.09736592601573456
0.09770699832267478
0.09805150109627984
0.09720368728047597
0.09568877174728856
0.09508168619294975
0.09478981709164845
0.09455183635192871
0.09455183635192871
0.09476069038372768
0.09476069038372768
0.09423639413530055
0.09474903965678728
0.09533612816539948
0.09486013468083503
0.0960768324220115
0.09495638763449121
0.09402399232913629
0.09369184835485696
0.09354922658901847
0.09393050652206862
0.09535353448640478
0.09589236139083958
0.09651429880666369
0.09699419620781893
0.09735457888213109
0.09797030315463014
0.09865017582418348
0.09792682252263842
0.09792682252263842
0.09792682252263842
0.09738773669404084
0.09738773669404084
0.09711796512150156
0.09711796512150156
0.09711796512150156
0.09737397533733926
0.09830675031552626
0.09815130000672984
0.0966093365090884
0.09884200281262955
0.09943067290163425
0.10003477338200707
0.10003477338200707
0.09884816684660386
0.09893721986740407
0.09893721986740407
0.0977886641223965
0.09830393568725933
0.09791677086019843
0.09818977757640207
0.09800929007744617
0.09740725241421239
0.09722749571208593
0.09855026589404065
0.09758276842877261
0.09759802383346006
0.09802852749617372
0.09750897592793643
0.09781606013297078
0.09795594323468368
0.0971649194057389
0.0971649194057389
0.0971649194057389
0.0975934928976287
0.09802343617784237
0.09809994626914678
0.09668023980380593
0.09576951632732904
0.09576951632732904
0.09681502006452511
0.09729265111114377
0.09758491260949359
0.09685344845964934
0.09685344845964934
0.09696632935519131
0.09582370316206325
0.09637544048793507
0.0965978646368196
0.09642199172087638
0.09642199172087638
0.09649080451658103
0.09537470378981437
0.09537470378981437
0.09487595651387137
0.09487595651387137
0.09552530830093275
0.09630716763654672
0.09578296315773752
0.09603413548823374
0.0969548337949804
0.0973378721265884
0.0984204052538342
0.0994607170570615
0.0994607170570615
0.09951635439875596
0.09951635439875596
0.09984088427914938
0.09997726390185005
0.10006308690749
0.09956016311094806
0.09977289016844482
0.09889462806556261
0.0980465129511174
0.0980465129511174
0.09830497214127452
0.09799692284088735
0.09799692284088735
0.09731073003367953
0.09814120049453838
0.09794472791618059
0.09704536705429727
0.09693752461549589
0.09621619675304088
0.09874146304944888
0.09910734181124
0.09872969453871708
0.09871427913312979
0.09871427913312979
0.09828219469446421
0.0975312969602209
0.0975400621438025
0.09830018643632565
0.0978798363511858
0.09802832797973071
0.09791045534205083
0.0989382393860224
0.0989382393860224
0.09899911978339372
0.09899911978339372
0.09892209412663794
0.09816475973562065
0.09873156154404657
0.09873156154404657
0.09873156154404657
0.09775726385848596
0.09810214154610052
0.09829450767704428
0.09743992803000301
0.09743992803000301
0.0971426449482102
0.09661476934467575
0.09661476934467575
0.09654925649177967
0.09654925649177967
0.09654925649177967
0.09654925649177967
0.09712533548517864
0.09616912060539062
0.09535338281052597
0.09547771398989917
0.09612802283817826
0.09659017444495753
0.09678971782646725
0.09689877428996364
0.09884037742129176
0.09884037742129176
0.09860303003682555
0.09800067046473987
0.09832433129100425
0.09829341719974259
0.09695269822402576
0.09714868152505587
0.09714868152505587
0.09649170391791796
0.09730452664968234
0.09733062506253862
0.09621654442489544
0.09656101131465908
0.09641521884407234
0.09641521884407234
0.09556744612640887
0.09435237160819333
0.09435237160819333
0.09435889031721831
0.09401471704455813
0.09430108842354663
0.0931826631584512
0.0931826631584512
0.0935963771607319
0.09376929547227429
0.09376929547227429
0.09415041570582214
0.09456074309270684
0.09506417313261938
0.09575974122057464
0.0973151023140641
0.09617375913854835
0.09604616392453763
0.09527860687100834
0.09599596023840783
0.0961039335235449
0.0972164822421405
0.09585152407172537
0.09585152407172537
0.09582104079731045
0.09508665186228794
0.09553487143914187
0.09553487143914187
0.09661551739445177
0.09639995292388176
0.09708414441044627
0.09708414441044627
0.09793946287010406
0.0969480752451395
0.0982792620793311
0.0982792620793311
0.0982792620793311
0.09800223683643426
0.09801360341252362
0.09798412006650042
0.09798412006650042
0.09922102537441221
0.09909155144581151
0.0997180175037789
0.09935030887239191
0.09906709893235337
0.09882471280215298
0.0989863225822085
0.0992841384495863
0.09903943930786092
0.09888412354305252
0.09980540851618624
0.09980540851618624
0.10000412743233139
0.10065041479235015
0.09935744043355874
0.09932822706879353
0.09894744923594571
0.09891220573310867
0.09869929646807626
0.09974305318475443
0.10069962264630578
0.09961675238596367
0.1008531608173463
0.10130192657652613
0.09994072619498653
0.10083557986576762
0.10083557986576762
0.10056127867457826
0.10064553314218032
0.10060695260656294
0.10015882995674442
0.0999957441428233
0.0999957441428233
0.09975384872826012
0.10166432431547807
0.1018116638694249
0.1009698991494822
0.10109707599580248
0.10095266849577039
0.10164887625636017
0.10110809203312375
0.10159802466757685
0.10215063567038671
0.10201774954251125
0.10211941471224108
0.10091442402203588
0.10091442402203588
0.10116496738192408
0.10116496738192408
0.10149312553069
0.10039952822433257
0.1001741634258186
0.10053149288908277
0.09898900717253453
0.09819553579354717
0.09819553579354717
0.09819553579354717
0.09946244916498989
0.09819130561678291
0.09871920173434186
0.09935491960956717
0.10054025880546918
0.10056005777616785
0.09938884460449623
0.09950537144611102
0.09855273959037036
0.0981377464952984
0.09896731451077614
0.09822934122700257
0.09822934122700257
0.09792882240724042
0.0973090006428623
0.09776772346827409
0.09703759405468636
0.09809265734547845
0.09745987149413962
0.09808936025504035
0.09672685929744397
0.09719447708537408
0.09840799250196662
0.09827868828776258
0.09827868828776258
0.09823956086784572
0.09763595195876412
0.09759346981123886
0.09759346981123886
0.09759346981123886
0.09726017528431512
0.09726017528431512
0.09726017528431512
0.09814050665427566
0.09795405988619002
0.09886190701993586
0.09869260659302591
0.09869260659302591
0.09915634352826612
0.09879503239514693
0.09879233180590155
0.09876947339655992
0.0985240883007666
0.0985240883007666
0.0983450135310755
0.09827714022699295
0.09827714022699295
0.0999641773629481
0.09933972977907991
0.09963256956518123
0.09955932044695726
0.09859265556455468
0.09783742507911568
0.09655002233772697
0.09671372701770437
0.09675096365814603
0.09531813717595816
0.0945908510614417
0.09478299842680357
0.09510830372037074
0.09550370720440504
0.09587227054740095
0.09719663157054878
0.09726568175542476
0.09604298870997346
0.09604298870997346
0.09630249324204736
0.09616444470976147
0.09674047528083579
0.0969098029452092
0.0969730863146457
0.0969730863146457
0.09675041833622348
0.09690529814302502
0.09741637695296748
0.09797963380768068
0.09708073910394054
0.09777655593315153
0.09883384322697229
0.09881946174613285
0.09821506795734478
0.09805614230088132
0.0992444113492974
0.0992444113492974
0.09785555657055317
0.09786862580165624
0.09886696933295819
0.09924033663913676
0.09945089595141937
0.09867181560140259
0.09852057853166984
0.09875874468417527
0.09875874468417527
0.09808187621341334
0.09952645453789268
0.09847355681792092
0.09961148563523528
0.10001684972978793
0.10001684972978793
0.09994318066209425
0.0994099446317386
0.0989129063686194
0.09989659512577555
0.10149382635255995
0.10248300838222761
0.10248300838222761
0.10161172091190816
0.10214654393781603
0.10130867611650128
0.10104219241071577
0.10058081903480334
0.10058081903480334
0.10166434885012321
0.10280943309134506
0.10347344408171971
0.10347344408171971
0.10219550154106673
0.1012678216556533
0.1012678216556533
0.1012678216556533
0.10149383388052927
0.10204572798147757
0.10180948498321052
0.10212553439233162
0.10253184938172578
0.10253590874498396
0.10253590874498396
0.10231428547761244
0.10238612773861666
0.10258454028619728
0.10258454028619728
0.10267417058382457
0.10274662765077269
0.10159901015203339
0.10234590036342998
0.10266842078260655
0.10187597553140953
0.10182165327770698
0.10182165327770698
0.1025303104748304
0.1011038718233596
0.1011038718233596
0.1011038718233596
0.10044888497502255
0.10101773111868605
0.10065329139862884
0.10065329139862884
0.10189287660090846
0.10187795317589697
0.10187795317589697
0.10161811367718075
0.10167204088144775
0.10263148716601304
0.10150556907358904
0.10140961463025724
0.10246150230819923
0.10324572693520012
0.10275923991567006
0.10261522306544575
0.10197270540622466
0.10197270540622466
0.10225572553021703
0.10225572553021703
0.10225572553021703
0.10238595622239641
0.10241976175853201
0.10253491171113487
0.1021870737841517
0.10276352879945812
0.10290936753563623
0.10327146992398427
0.10327146992398427
0.10327146992398427
0.10366501683056949
0.10387669943432448
0.10357045718572698
0.10420021224909591
0.10295587199612229
0.1032600585062235
0.10422820963038208
0.1044537775832046
0.10518683454534807
0.10492434056267747
0.10369825737729646
0.10366113786237924
0.10378280181097084
0.10331716187116365
0.1029055766047794
0.10329305371375244
0.10329305371375244
0.1019618321116873
0.10247130274320021
0.10214529173139106
0.10191082326549712
0.10011193151622266
0.10218416094060041
0.10289082924114937
0.1031942396784296
0.10414458945058681
0.1044423728928857
0.1044423728928857
0.1041029363488374
0.1041029363488374
0.10439381440701737
0.1034029824570308
0.10427411379709489
0.10360226814985452
0.10360226814985452
0.10392767970806072
0.10296725428784789
0.10296725428784789
0.10331172306560771
0.10331172306560771
0.10382317576143936
0.10424763147095707
0.10424763147095707
0.10442003458969365
0.10420949188533218
0.10392980635272116
0.1032628435268005
0.1032628435268005
0.1048593661670315
0.10487325349149022
0.10434851002666885
0.10390163615849987
0.1026065248071529
0.1026065248071529
0.10259309503614816
0.10279233965047072
0.10411013061245071
0.10391857928204692
0.10466198280790279
0.10473623461010538
0.10546656861430335
0.10556290298124565
0.10556290298124565
0.10554935812456767
0.10514233786045701
0.10503155957732375
0.10354275636926798
0.10268579387674859
0.10310787815551371
0.10310787815551371
0.10363163387840355
0.10193502914511147
0.10082317084972768
0.10057078549482153
0.10003733802976461
0.10054028737087715
0.10081621454264905
0.10080397101912492
0.10107115289890216
0.10118982482563008
0.10094389048049791
0.10216454712297847
0.10169027938309722
0.10153874482563668
0.10222477454084396
0.10252248049825066
0.10290034775934839
0.10499234589009995
0.102970063998978
0.10343337747278114
0.1032951896847931
0.1032951896847931
0.10355468563723094
0.10355468563723094
0.10334355718790741
0.10344691680545771
0.10344691680545771
0.10344691680545771
0.10344691680545771
0.10402585968617191
0.10593971826180151
0.10728770455385446
0.10713256150152209
0.10713256150152209
0.10581831043737407
0.10581831043737407
0.1060211246220344
0.1060211246220344
0.1058037969655729
0.10563561876033832
0.10507721395536261
0.10537436815986631
0.10554221842625773
0.10640063817534098
0.10656466703823411
0.10656466703823411
0.10526482432939194
0.10527948200062018
0.10403718747413226
0.10403718747413226
0.10403718747413226
0.10403718747413226
0.1041722558997926
0.10418927901061155
0.10306747087064684
0.10304503488052523
0.10304503488052523
0.10370108846605018
0.10374022617555206
0.10328674694149677
0.10278705365659643
0.10348380827294794
0.10312340671484325
0.1027082518192171
0.10285539699051663
0.10319778188276581
0.10250090581383638
0.10256108511203976
0.10338541863849972
0.10338541863849972
0.1035816556351719
0.1042800444752091
0.10359160273176062
0.10359160273176062
0.10229351728609806
0.10229351728609806
0.10229351728609806
0.10238439284738277
0.10256163221299242
0.10173893347454374
0.10072340200154213
0.10172541169836122
0.10149528005873026
0.10052260720720108
0.10038091861745276
0.09984540463093626
0.10125239009449039
0.10207207910883126
0.10207207910883126
0.10240360948894928
0.10256326216114159
0.10256326216114159
0.10314253437484186
0.10229912629994138
0.10296284647267927
0.10335002178428708
0.10386768187198737
0.10382578407123856
0.1051381990677273
0.10518139588445283
0.10520145229585574
0.10413347498131653
0.10421492981516986
0.10529651871692852
0.10509558174597657
0.10458072621729214
0.10462386050940495
0.10507827810754865
0.10553787037388208
0.10553787037388208
0.10537202351649806
0.10537202351649806
0.10455471050142186
0.10487409077596001
0.1045552944036297
0.1045552944036297
0.10361317268007603
0.10237147145936165
0.1025144489712034
0.1008787947079556
0.10182376464114247
0.10025366964277138
0.10025366964277138
0.10025366964277138
0.09957256101443274
0.10100152235928206
0.10100152235928206
0.10156020112968156
0.10039668139028828
0.10087203958511166
0.10059268081489531
0.10059268081489531
0.09909201456215604
0.0976909744145118
0.0976909744145118
0.0995186838578152
0.100231420183458
0.09987813361815849
0.10007138809064275
0.10069195434003468
0.10069195434003468
0.10090288190815985
0.10090288190815985
0.10141658516886996
0.09936823620618726
0.09966160853560858
0.10043224173649204
0.10097934886245878
0.10076861646820807
0.10076861646820807
0.10085950787872434
0.10130330722856191
0.10123589524535975
0.10191918581565108
0.10128091768070825
0.10128091768070825
0.10128091768070825
0.10142508838502627
0.10142508838502627
0.10275715802432495
0.1023741948485277
0.10381114198110619
0.10335210663738675
0.10335210663738675
0.10330933924060633
0.10350113308867363
0.10387164665410172
0.10532596803966972
0.10528596568044611
0.10450827218143911
0.10323399218878708
0.10376893892491489
0.10323687039832476
0.10294335378931627
0.10360380040926155
0.10411420286144732
0.10411420286144732
0.10560288968652565
0.10584702433625294
0.10593658231175553
0.10594013375579123
0.1048896025620001
0.1062167606542625
0.10550173813269342
0.10550173813269342
0.10602096745923496
0.10602096745923496
0.10695113067493504
0.10741579510638498
0.10741579510638498
0.10842922424810092
0.1075155111768887
0.10702620108785323
0.10699949222831848
0.10707444472449533
0.10741625045527632
0.10740037679083383
0.10673525369082952
0.10673525369082952
0.10772148367448511
0.10874570867900916
0.10933301455567565
0.10933301455567565
0.10917612420749902
0.10917612420749902
0.10917612420749902
0.10857664221304328
0.10805682603514215
0.10761702082334983
0.10634892369710629
0.10669446656259385
0.10642293983973773
0.10683576068515403
0.10659894797677183
0.10669736172014614
0.10785228170151324
0.10749044259685378
0.10781548415770201
0.10786241640600258
0.10724509623505923
0.10801934022893603
0.10844003975795731
0.10844003975795731
0.10844003975795731
0.10807885319693669
0.10866076240521069
0.10797442213689305
0.10797442213689305
0.10797442213689305
0.10797442213689305
0.10797442213689305
0.10878254277811311
0.10847172097824968
0.10872864679250903
0.10872864679250903
0.10872864679250903
0.10872864679250903
0.10941183099687146
0.10983171237986249
0.11122493311014799
0.11036132507867673
0.11015104737690579
0.10970340648299606
0.10970340648299606
0.10970340648299606
0.10957914042770077
0.10858583134345795
0.10858583134345795
0.10763466215814145
0.10763466215814145
0.10743017980056407
0.10717387902839454
0.10777588977263054
0.10811305375989172
0.10688223921863997
0.10716590196872548
0.10716590196872548
0.10716590196872548
0.10668718331106881
0.10701089268220243
0.10612647977907014
0.10745351711244722
0.10717222846695011
0.10672470227300736
0.10672470227300736
0.10672470227300736
0.10590173954539162
0.10572592117379252
0.10545192109837945
0.10506211955639212
0.10391299578207233
0.10560542369600517
0.10435763975118748
0.10435763975118748
0.10408863538161238
0.10417178024032772
0.10467898550772506
0.10463909184596493
0.10569326321470122
0.10487379385312362
0.10556487307532622
0.10451028984496664
0.1039032844528439
0.10365043638487387
0.10286781824755452
0.10258743121138396
0.10354488896966386
0.10375872627181125
0.10463493433724176
0.10470229539716897
0.10470229539716897
0.10470229539716897
0.10534270974365141
0.10467029377740311
0.10387382260599293
0.1049764437005627
0.105868877278024
0.10369096062451245
0.1036994614725896
0.10328371849397389
0.10375828099162872
0.10375828099162872
0.10375828099162872
0.10365498759782352
0.10395439980459757
0.10402729387269112
0.1037794447211681
0.10324288199467378
0.10306348396939162
0.10348119577840129
0.1031189205078315
0.10251912663395679
0.10181671564894176
0.10175396213942069
0.10175396213942069
0.10175396213942069
0.10175396213942069
0.10175396213942069
0.10034184208747292
0.10034184208747292
0.10079292078350273
0.09999914380734562
0.10068417996918762
0.10034351834244318
0.10053616890339032
0.10015152628694544
0.09852574367621741
0.09882568417286199
0.09995173016901943
0.09995173016901943
0.09913013120988791
0.09895476610963387
0.09951321557765792
0.09909114990105124
0.09920081571826159
0.10016878349526723
0.10077206277719858
0.10167522359617867
0.10230496698352874
0.10230496698352874
0.10257729783824175
0.10172688347442374
0.10239463299593958
0.10239463299593958
0.10178397272897603
0.10063379216551098
0.10106367282639567
0.10190149288299738
0.10089237404061925
0.10077344065538922
0.10077344065538922
0.10077344065538922
0.10004092984841792
0.09991683245116932
0.1001511707256973
0.10040294250603522
0.10020599697808043
0.10033894101670729
0.10128007833451359
0.10148518013371798
0.10048482622152165
0.10017219023945689
0.09891214547321661
0.0994636160777185
0.09901884659459502
0.09893363482941117
0.0999201364166866
0.0999201364166866
0.09954821423023048
0.09894083631938573
0.09894083631938573
0.09915688769122454
0.09856019341892311
0.09898218610794138
0.09898218610794138
0.0989573452452694
0.09920122947674441
0.09831741363259486
0.0990664284135477
0.10002490969883182
0.09912872030125554
0.09926700273727813
0.0998511783081348
0.0998511783081348
0.0998511783081348
0.10020265825873736
0.0997047814926299
0.09990935519670378
0.09990935519670378
0.09961427223010311
0.10007374328928552
0.10003479767705145
0.09976862313805533
0.10052351166350733
0.1009900940842055
0.1009900940842055
0.10100152956410785
0.10046523867159451
0.10025124912528209
0.1001198886528044
0.09864756328161063
0.09848136611580255
0.09869926354108657
0.09903501290989346
0.09948728128195998
0.09981966288569559
0.09949655086042412
0.09881425449682535
0.09910123591924296
0.09917559043416711
0.09917559043416711
0.10003163148920007
0.09957253385208056
0.09897149779548281
0.09950183054102828
0.09985133998931747
0.09903064901134971
0.09985816496106431
0.10032032375417153
0.10008459467683319
0.10008459467683319
0.09945175091831533
0.09978203574230514
0.09978203574230514
0.10049816509464077
0.10081045356598765
0.10090562619419718
0.10093621480123054
0.10093621480123054
0.100986695545471
0.10094976097063033
0.10133668779305238
0.10139436990372827
0.10079329849773021
0.10079329849773021
0.10168079005333377
0.10168079005333377
0.10168079005333377
0.1028819326052504
0.10262514735247545
0.10354257662287704
0.10429179349652994
0.10432623375823698
0.10484977391073363
0.1043319810841939
0.10399606295868041
0.10406376734948777
0.1034429298226551
0.1034429298226551
0.10398624763104546
0.1024297176179099
0.10187751544132517
0.10155891248634927
0.10161927992132569
0.10141551935879024
0.10185579599169123
0.10185579599169123
0.10028907687199998
0.10028907687199998
0.10028907687199998
0.10120704208966494
0.10219331351037066
0.10159011647361912
0.10241551587297641
0.10212504764080177
0.1018023960671024
0.10064672146701317
0.10098835764366118
0.10051238411380696
0.10053506139799429
0.10161820981350955
0.10177003678568654
0.10177003678568654
0.10263637196644092
0.10199454698210669
0.10201737014007294
0.10111941452365587
0.10095902413968899
0.10024587499657513
0.10081322610371261
0.1001808364392827
0.09978266306772765
0.09975374582519372
0.10064380544336156
0.09989178302298286
0.09904458317765295
0.09884077654636667
0.09940416146142995
0.09851305206423873
0.0994962782186863
0.09983358651816183
0.1000097486524684
0.1000097486524684
0.10036881899199504
0.09922833251881857
0.09922833251881857
0.09922833251881857
0.10028973764871668
0.09917229793335604
0.10074345623475073
0.1015707731006854
0.1020055577478074
0.10168730083874329
0.10184029116585076
0.10218481412324393
0.10310963496905744
0.10310963496905744
0.10217996991035831
0.10189503663500954
0.10262663020276794
0.10105364056508102
0.10080488647986294
0.10124256314810548
0.10010794222547938
0.1007926427565895
0.10172385798927838
0.1013164947798004
0.10151917232527322
0.10071361675076107
0.0999385318246316
0.10008347829240963
0.10008347829240963
0.10008347829240963
0.10144223710444453
0.10084072793079753
0.10072329826560984
0.10073318874542202
0.10021808662720934
0.09898241726490671
0.09922291752892075
0.09896117293184258
0.09931177675730395
0.09967496803270531
0.09832305956246357
0.09822096864631234
0.09822096864631234
0.0979819461537313
0.09881897945845292
0.09881897945845292
0.09996284196915653
0.09956653253341846
0.09952048826569843
0.099609887224469
0.09975975590518306
0.0990968656573874
0.09943764589497842
0.09978944063197098
0.09978944063197098
0.1001815502284866
0.10030231054859133
0.10030231054859133
0.09985842190314011
0.09989514097909936
0.09968730878286898
0.09980330162097509
0.10109582244308839
0.10128627953288864
0.10119025212428323
0.10119025212428323
0.10119025212428323
0.10203025836159617
0.10233707791935431
0.10277061802244353
0.10368708825128344
0.10368708825128344
0.10502077309802846
0.10502077309802846
0.10502077309802846
0.10489989166476982
0.10604645452898642
0.1057465572510931
0.10648148795100539
0.10618730210466064
0.10618730210466064
0.10527624639256765
0.10552705578643748
0.10550514458521093
0.10553212209852714
0.10436445300703409
0.10443550024109305
0.1048925123758686
0.10485093279655833
0.10485093279655833
0.10595205493864716
0.10512158103161304
0.1051839870206262
0.1059058641286981
0.10714891478518088
0.10714891478518088
0.10745988155459212
0.10694555784797766
0.10631737667257471
0.1052729896549145
0.1058595495826933
0.10620529986024799
0.10620529986024799
0.10552036571486098
0.106590205733091
0.10609096898179417
0.10509128039440505
0.10483595338102991
0.10527883778519988
0.10548212291044536
0.10382277883277755
0.10382277883277755
0.10382277883277755
0.10464969780450695
0.10464969780450695
0.10452930570428029
0.10411047575859393
0.1047359937590365
0.10519366984884675
0.10529667972134481
0.10529667972134481
0.10504709526035584
0.10504709526035584
0.10507310934793618
0.10532746982545146
0.10532746982545146
0.10531252163915983
0.1057685714767039
0.10552979224427847
0.10552979224427847
0.10543455941074951
0.1051326510278004
0.10514926352436399
0.10573193754373884
0.10448373880428215
0.10596632886694031
0.10596632886694031
0.10619092391602163
0.10494478923286248
0.10494478923286248
0.10352507497223275
0.1035224585798941
0.10501780807555627
0.10501780807555627
0.10500078336278823
0.10430022961089676
0.10371948183594637
0.1039899397954823
0.10386645957138409
0.10390914687682233
0.10333926740091952
0.10333926740091952
0.1031172786420003
0.10287906403067745
0.10356357535438748
0.10485295317876514
0.10397898046886295
0.10379505852433761
0.10379505852433761
0.10378311693098498
0.1040561730882703
0.10359533319787878
0.10462470696904651
0.10419522990064616
0.1047215911955856
0.10501924824096213
0.10452974935239871
0.10389824101498034
0.1038220543279046
0.10440695857152753
0.10440695857152753
0.10462093569842804
0.10562329656078201
0.10520729106485323
0.10491707793212778
0.10387510921224472
0.10387510921224472
0.10481979289949098
0.10468783824743086
0.10530256704199632
0.1041708913505869
0.1041708913505869
0.10541427531669466
0.10424621880548395
0.10491644477737858
0.10491644477737858
0.1055227355398095
0.1055227355398095
0.1055227355398095
0.10457117958208181
0.1034848358863526
0.1034848358863526
0.10397835411151968
0.1039716403234107
0.1033807477203644
0.1033807477203644
0.1033807477203644
0.10310871990189285
0.10229092679616024
0.10293764971179682
0.10221563015829023
0.10207338665148812
0.10278049742345227
0.10278464081217716
0.10145524236511963
0.1007311619183851
0.10051535905878736
0.10048669381993804
0.10048669381993804
0.1003911545077896
0.10039701224891717
0.10039701224891717
0.10021899033491086
0.10028220232723634
0.10018351619723552
0.09993950686678196
0.10051055985893403
0.10057250111755367
0.10105419948072969
0.10160568145707229
0.1030257804991093
0.1030257804991093
0.1030257804991093
0.10424272747087247
0.1030141025308081
0.10168212250359628
0.10168212250359628
0.10131556590737892
0.10218504395463308
0.10069509839491522
0.10019694983385899
0.10100790289916836
0.10130739851096619
0.10096966519159221
0.1015939278538497
0.1012890201743472
0.10075886732834193
0.10075886732834193
0.09921274149884687
0.09905793526765706
0.09905793526765706
0.0989199076964372
0.10079421334890905
0.10021209057875276
0.10005389684394314
0.10057338301127164
0.10057338301127164
0.10083386520061531
0.10201452789097729
0.10108680404646916
0.10272060147259932
0.10213382265941182
0.10200977319577023
0.10178724752982153
0.10054054417848358
0.10135632227843273
0.10089507738152285
0.09983965149563857
0.09900036709359882
0.09900286528427883
0.0994157715592833
0.0997285576987036
0.09998695961983074
0.1000772659684258
0.10048029307554059
0.10063324592170139
0.10104089904961139
0.10034993220970742
0.10034993220970742
0.10034993220970742
0.09964101048117119
0.09964101048117119
0.1008787873171969
0.10096598877197072
0.10252321228511599
0.10252321228511599
0.10170928417753547
0.10121184642742284
0.10205555059986915
0.10216081388489992
0.10240182214356194
0.1015891989525801
0.1015891989525801
0.1015891989525801
0.1015891989525801
0.10185449043550217
0.10187901616918367
0.10116497660606301
0.10197146484417292
0.10254649957365435
0.10312199093931085
0.10347798121645665
0.10360694500193918
0.1032630675293896
0.10206930134493783
0.10256512203918502
0.10212497049764455
0.10158668049721581
0.10147015541190099
0.10186863358632536
0.10239414427442152
0.10311818647448494
0.10298319862042274
0.10251100355855168
0.10321639502496943
0.10321757607068908
0.10294596360255023
0.10294596360255023
0.10209487343774078
0.10317876169119151
0.10243134939042764
0.10342323743782286
0.10301574316643651
0.10425751292026071
0.10304841965650655
0.10303863935996173
0.10375911572588943
0.10292430492360385
0.10246164311922476
0.10100036618462556
0.10100036618462556
0.10100036618462556
0.10077039188577568
0.10146325404191092
0.10275838481434853
0.10275838481434853
0.10224366169848284
0.10066917680981534
0.10201132774706492
0.10134507174598066
0.10214649471375285
0.10201301219617308
0.10174297826679783
0.10152205720733347
0.10256830624461093
0.10256830624461093
0.1023926001072921
0.10379890417230728
0.1033664457251163
0.10320470618936606
0.10338716933054234
0.10338716933054234
0.10229889386332448
0.10401713992482842
0.10401713992482842
0.1025323952123749
0.10312192324632749
0.10344005725913437
0.10344005725913437
0.10344005725913437
0.10339456201189286
0.10276275709041245
0.10284065938669484
0.10257088199195893
0.10277589107940076
0.10193497875137483
0.1017553447547984
0.1014911825076597
0.10170837298430736
0.10233091549994215
0.10127314283984229
0.10116794808099056
0.10137309714663853
0.10182834958516095
0.10182834958516095
0.1015756541581687
0.10098142888005285
0.10143863883817528
0.10174339107423004
0.10174339107423004
0.10276824952295774
0.10272469718414245
0.10272469718414245
0.10272469718414245
0.10320775517905643
0.10320775517905643
0.10346297253987148
0.10346297253987148
0.10521907661953453
0.1035602401388647
0.1035602401388647
0.10403019875311748
0.10499033495861383
0.10571364123440083
0.10505359646753298
0.10600679637778065
0.10658473017797362
0.10535675105388752
0.10535675105388752
0.10535675105388752
0.10509936477539786
0.10509936477539786
0.10498969360652831
0.10399796577380427
0.10399053176345899
0.10413079669353834
0.10413079669353834
0.1041976243950572
0.10430083761493972
0.10270226614404517
0.10285435020704708
0.10268375051574673
0.10291387081403712
0.10277458694773708
0.10267482346092349
0.10292316107523636
0.10303388710568426
0.10279367078539159
0.10304514825968497
0.10302970336365164
0.1025329903759758
0.1028342890752797
0.10277505054657306
0.1037556419572202
0.1034732882547626
0.10400780518947338
0.10413736438102959
0.1026352695156555
0.10189297283656387
0.10183390850637206
0.10257577038360263
0.10272805759811897
0.1015582598773579
0.1015582598773579
0.10200853013188994
0.10258163976243215
0.10232727962836319
0.10158761211602212
0.10158761211602212
0.10155760978955335
0.10155276921270626
0.10018479228499552
0.1015028289480678
0.10025691462623003
0.09994392817201844
0.10227543906703038
0.10312819161559979
0.10312819161559979
0.103222615819604
0.10122285903378582
0.10122285903378582
0.10244207172472519
0.10225030276827952
0.10101895330847321
0.10101895330847321
0.10190500377190262
0.10171914010248431
0.10171914010248431
0.10195018834919939
0.10314627553957346
0.10314627553957346
0.10381058001952938
0.10446455500607274
0.10437560123233419
0.10437560123233419
0.10457147673298285
0.10457147673298285
0.1038341807250505
0.10345953227453056
0.10295380876673738
0.10295380876673738
0.10355995336917272
0.10404518492918316
0.10342917049189125
0.10355457109881477
0.1036082699390184
0.10290483835028837
0.10290483835028837
0.10280313258753776
0.10287749495280811
0.10182807043869556
0.10228651067612589
0.10223888737891139
0.10207120573296195
0.10238743015466546
0.10238743015466546
0.10241915642698038
0.10222875451397917
0.10207818219861782
0.10108436380607842
0.10072583453403908
0.10050305922927723
0.10122403810646657
0.10162966778443573
0.09999860157282604
0.09888017232741453
0.09896159309837331
0.09926302250271547
0.09857218717381742
0.09836750940710857
0.09836750940710857
0.09798615104660052
0.09798615104660052
0.09764062312436846
0.09860800455482904
0.09856508217389945
0.09808318563440852
0.09808318563440852
0.09808318563440852
0.09757795975014542
0.09757795975014542
0.09734251634673793
0.09626105809756441
0.09741449649726376
0.0989327979015065
0.09989761182629806
0.09922275631147222
0.09851093111994218
0.0990287999695785
0.0987833594935936
0.10033806093163963
0.10033806093163963
0.09997223123740702
0.09946518284478634
0.09993871778446467
0.10067955322739079
0.10046505350901108
0.09888748834238985
0.09925982871242171
0.09994911466588972
0.09954732268908827
0.10033286788125403
0.10040287555734353
0.10132978226835246
0.10226509246632304
0.10285663491418816
0.10363205678204543
0.10363205678204543
0.10363205678204543
0.10414402164594824
0.10278398433262634
0.10158192674178633
0.10158192674178633
0.10283635581918589
0.10297897702429025
0.10278191559122613
0.10258039694114102
0.10190417547878118
0.10190417547878118
0.1025695627121792
0.10203024677923853
0.10248001567482941
0.10262572671660643
0.102469785895658
0.10132155620607393
0.10198791720907217
0.10198791720907217
0.10148545470484661
0.10112715738794788
0.10153581694368753
0.10153581694368753
0.10048428820110852
0.09956436902876915
0.10125310693001514
0.1013865583240857
0.10066848460981559
0.10108827698258613
0.10096274512793853
0.10146528161047758
0.10146528161047758
0.09993935579459212
0.09993935579459212
0.10111108188491447
0.10243199247525407
0.10354690084839845
0.1024863663152779
0.10207038856576493
0.10171792055680841
0.10284361702818506
0.10280876102685532
0.10391323102324282
0.10391551970654847
0.10391551970654847
0.10331585316612274
0.1030058316949503
0.1030058316949503
0.10382589712069759
0.10357651580413443
0.10357651580413443
0.10372873103832539
0.10380624536989691
0.1026921317407937
0.10185520185849438
0.10259659431656483
0.10295025936330106
0.10272993798997015
0.10272993798997015
0.10269521601835865
0.10333376892298721
0.10333376892298721
0.10334355730264617
0.10489687088314154
0.10485712699958154
0.10487801221163588
0.10572794442047628
0.10540431028365553
0.1050265790925733
0.10561628433818764
0.10561628433818764
0.10560301831224161
0.10560301831224161
0.10560301831224161
0.10560301831224161
0.10560301831224161
0.1059270880400261
0.10671029113629066
0.10580103581901215
0.10591748500179768
0.10591748500179768
0.10652620684065786
0.10699614707907922
0.10639209152323427
0.10645667793354308
0.10666315264141105
0.10684973918578271
0.10728975931829166
0.10632396615700063
0.1062391324918215
0.1062391324918215
0.10595900763420357
0.10651975827135493
0.10472280069188926
0.10686664434589252
0.10586233423914594
0.10690733142673406
0.10690733142673406
0.10690733142673406
0.10679711485305163
0.10798824917859404
0.10717100209277099
0.10754650297472662
0.10912137334403614
0.10879480748349046
0.10728720653257233
0.10700324566497782
0.10668725376527331
0.1057155401508899
0.10535315495965661
0.10557044384505224
0.1051206224715402
0.1049045406962959
0.10463222810942195
0.10463222810942195
0.103939394928303
0.103939394928303
0.10262274694186713
0.10187475425451399
0.10147915180571394
0.10149449067620167
0.10190147059698665
0.1017508095534494
0.10214000252070608
0.10214000252070608
0.10210834153834303
0.10047204549620858
0.1019343584485423
0.1021467858831041
0.1021467858831041
0.10238594009305348
0.10100989002475091
0.10073506741396374
0.1004085775942922
0.10219892501944029
0.10276176093512807
0.10276176093512807
0.10352587027554813
0.1028191492856605
0.10261869827400534
0.10319442846942224
0.10348404790164072
0.10348404790164072
0.10251002683732403
0.10133021802154354
0.10076094947760803
0.1018684572050008
0.10122358740336267
0.10171646426459466
0.1014627380814825
0.10097863355601544
0.10185919859571534
0.10155697251029004
0.10134834366121098
0.10223126186284162
0.1024336167207256
0.1024336167207256
0.10249118970908397
0.10153469723163872
0.10153469723163872
0.10193618609255274
0.10136739432602235
0.1026313335208559
0.1026313335208559
0.10287158953113011
0.10287158953113011
0.1024660228323307
0.10091640021679678
0.10091640021679678
0.10233510580658504
0.10233510580658504
0.10289470640848117
0.10289470640848117
0.10289470640848117
0.10289470640848117
0.10287902454177582
0.1029074426258996
0.10177067183370345
0.10168084076762435
0.10156391265546978
0.10157719938067124
0.10158161926288789
0.10151267798430887
0.10293775253595451
0.10237150968051875
0.10246443095482037
0.10246443095482037
0.102729517062329
0.102729517062329
0.10407824568920757
0.10551723340782325
0.10602160098220652
0.10576363754090322
0.10576363754090322
0.10626894759965509
0.10729460429939233
0.10827313629026822
0.10859127109333827
0.1101106776689618
0.1093025299990427
0.10989469082886687
0.11098502444488863
0.11110725236151087
0.11071641056050827
0.11016221207553757
0.10994079417712892
0.11066992156261708
0.11068094227845203
0.11064972902995274
0.1105055367823588
0.11081646809983836
0.11081646809983836
0.1106697121296818
0.1112864639196121
0.11341810598098186
0.11341810598098186
0.11341810598098186
0.11326367711340332
0.11387549016168093
0.11387549016168093
0.11387549016168093
0.11359397674265384
0.11179871817988117
0.11116473865563559
0.10998014720766827
0.10998014720766827
0.10998014720766827
0.10972549912452377
0.10974831544926368
0.1108003548616969
0.11109861050884914
0.11059347312479825
0.1095627673057907
0.11088196669835391
0.11019501064867529
0.11019501064867529
0.11007671682392525
0.11096642759526301
0.11096642759526301
0.11096642759526301
0.11087964753523209
0.11131775092720221
0.11131775092720221
0.11144972810188167
0.11144972810188167
0.11144972810188167
0.11104636192553068
0.11023314584084228
0.11067653443700232
0.11079447698319742
0.11010336997575004
0.11025427863853789
0.11020192437004633
0.10961839590315366
0.1083932474470383
0.1076258350077932
0.10844270921701143
0.10801028610882923
0.10862589796293819
0.10844976596027463
0.10783733640734768
0.10729773538374161
0.10820831275634665
0.10743868065665661
0.10671432333352948
0.1062782505868659
0.1080391143292384
0.10896766107463131
0.11003932596585089
0.11024867067928092
0.1093175554964015
0.10995966997023472
0.10942830342260279
0.10942830342260279
0.1104923898357543
0.1097308368065481
0.10974427396099236
0.10868340548232477
0.10977385428754909
0.10989840233548534
0.11079932992489276
0.11014243477688407
0.10905831832213503
0.1088343268331872
0.1088964294015963
0.10872519430502442
0.1084942775630217
0.10720684242836863
0.10721192385638278
0.10660250725504666
0.10664235184999662
0.1072498728882771
0.10708768418094707
0.10689022344350119
0.10689022344350119
0.10776359277137122
0.10776359277137122
0.10785682858408463
0.10786175811571883
0.10580501392153537
0.10750266071551387
0.10729120765050433
0.1079718848427903
0.10759971718577589
0.10788754120725183
0.10802633160176554
0.10802633160176554
0.10735416921056462
0.10666545114859804
0.10687019712171748
0.10673021669983804
0.10666087135516444
0.10676410749997485
0.10676410749997485
0.1072794764912217
0.10741749138702289
0.10749611899480564
0.1073901778758321
0.10680780847030245
0.10680780847030245
0.10718463034166523
0.10718463034166523
0.10798837447788166
0.10796455754588842
0.10826124504808243
0.10804805300676278
0.1081892170398895
0.10752388708926798
0.10707976795750122
0.10707976795750122
0.10670117764449882
0.10685719281178428
0.10685719281178428
0.1069325156097328
0.10600406882033188
0.10675016983287368
0.10678728721382945
0.10575335232264552
0.10489249748965536
0.10436926935547937
0.10425227744109947
0.10442689769224012
0.10483468038858669
0.10523331847648122
0.10558691926975185
0.1049401193893914
0.10584602609289818
0.10411147873928839
0.10546362313411303
0.10546362313411303
0.10595429202163661
0.10565471974543561
0.10565471974543561
0.10555469668018988
0.10677026366369133
0.1072472072813865
0.10643238928364075
0.10678375973112879
0.10678375973112879
0.10781928733286919
0.10781928733286919
0.10781928733286919
0.10780289456261188
0.10780289456261188
0.10831482381965694
0.10842561699754184
0.1083985177165973
0.10911425867619459
0.108919490591267
0.10887734734746093
0.10887734734746093
0.11061536175129197
0.11107624258078203
0.1111899922980219
0.11135350508776364
0.11135350508776364
0.11135350508776364
0.11151639893191066
0.11151639893191066
0.11082463511556565
0.11024879491999758
0.11026336837063276
0.11081866089266157
0.10990692151927518
0.10880972182980274
0.10907136654053246
0.10775425890869
0.10783260340179274
0.1079908079566787
0.1079908079566787
0.10633509615815645
0.1066830541937997
0.1054958652431895
0.10477934823698117
0.10446002503526405
0.10464794686236828
0.1046131959124167
0.10458521407327138
0.1031806034822785
0.10279293376970819
0.10279293376970819
0.1032093086694903
0.10351140242696216
0.10272304106317147
0.10359757559206555
0.10359757559206555
0.10361650673167938
0.10361650673167938
0.10466058737670227
0.10481647951293503
0.1056080791537684
0.10618051398741538
0.10786652764344563
0.10832635094168953
0.10781984473793688
0.10781984473793688
0.10781984473793688
0.1067146635800382
0.10710453763585581
0.10632773207539414
0.10727303230751395
0.10738695377007275
0.10751726563323645
0.1062737698132047
0.10673416300141789
0.10700301075968355
0.10612616781856712
0.1062068409438428
0.1062068409438428
0.10512728840691227
0.1045189344754262
0.10488605724769681
0.10488605724769681
0.1059275996676895
0.10503571900076582
0.10501242926438605
0.10501242926438605
0.10517240022284
0.10423365327654913
0.10421035004361312
0.10542800001961779
0.10533086286514257
0.10399018023296357
0.10381050175124573
0.1043246349696416
0.10367579652621187
0.1039357376463683
0.10402219738023892
0.10358223584664747
0.10507741959294518
0.10323312650690422
0.1052269802816088
0.1051803158943245
0.1051803158943245
0.10538958176889335
0.10538958176889335
0.1046265398557602
0.1050207917316558
0.10513891297521194
0.10513891297521194
0.10449748474641873
0.10426727500271554
0.10275612612107331
0.10316250161786383
0.10380333119548654
0.10377063741432692
0.10377063741432692
0.10377063741432692
0.10282056941916633
0.10318175074735103
0.10223673201264268
0.10227902540121137
0.10202612872965168
0.10171453831548759
0.1009130491461735
0.1009130491461735
0.1009130491461735
0.10120241009378948
0.10105831520476183
0.10105831520476183
0.10108600284670441
0.1023817425389744
0.10251166127804207
0.10327221723202637
0.10278138688107315
0.10327677612679664
0.1040862528237811
0.10392502753485192
0.10460333566998473
0.10506914914073352
0.10501123293351065
0.10501123293351065
0.10485317820636436
0.10319614158906347
0.10305121237705696
0.1022206036841843
0.10256189230371858
0.10319470840158838
0.1043608367836786
0.10533327834459967
0.10487434443327395
0.10468773298760713
0.10490629058960406
0.10498909947170826
0.10454653439064736
0.10454653439064736
0.10440194409513617
0.10385389136969433
0.10455621431585889
0.10455621431585889
0.10455621431585889
0.10615939325493096
0.1053772322478723
0.10543475443799308
0.10559433991026317
0.10559433991026317
0.10559433991026317
0.10534546453727166
0.10534546453727166
0.10616191474943516
0.10657520407700008
0.10667513337615593
0.10718115500567073
0.10701238524800306
0.10742729651899344
0.10743376409780557
0.10748197441701154
0.10728511314182318
0.10773229245595853
0.10773229245595853
0.10773229245595853
0.10720463240820678
0.10721074521439825
0.10721074521439825
0.10627432391868928
0.10654843100992019
0.10647686016911681
0.1063142565466604
0.10676569677629977
0.10672165401831475
0.10600136319231017
0.10600136319231017
0.10600136319231017
0.10600136319231017
0.10681063030331103
0.10681063030331103
0.10731291059244955
0.10597724456883217
0.10597724456883217
0.10597724456883217
0.10573579924748033
0.10629196912587077
0.10749199491048093
0.1068440284032572
0.10607232001400144
0.10551632345469382
0.105695988246122
0.105695988246122
0.10607624659912708
0.10552824084043234
0.10592404325815558
0.1051424158145299
0.1051424158145299
0.10556629032180828
0.10579354346258359
0.10488450488549621
0.10514922007335524
0.10580300165096874
0.10500140045488844
0.10593376404587723
0.10618084588073964
0.10618084588073964
0.10618084588073964
0.1050912933739904
0.10497619748820938
0.10479159230191934
0.10544174344629016
0.10580846167140917
0.10659812601563257
0.10540548876230871
0.10505280061376249
0.10524098117136693
0.10647735922241022
0.10648155716555427
0.10539413846376817
0.10454487381582118
0.10454487381582118
0.10316493128409226
0.10233195068686934
0.10186935663007572
0.10042346634758882
0.10166182523676297
0.10111129266752096
0.10098113899664772
0.1013244632057488
0.10130534861186984
0.10123407208990844
0.10194705916693014
0.10233036809254656
0.10189505803821886
0.10189505803821886
0.10193223700088637
0.10190465858452627
0.10190465858452627
0.10183304669266403
0.10168781283969036
0.10205806710624439
0.10238846030336189
0.10258268734842094
0.10239911461822691
0.10252543587382583
0.10279561062753129
0.10339455395905443
0.10339455395905443
0.10284652760002021
0.1030927424172638
0.10285377865889411
0.10150419056686255
0.10126475299780005
0.1018191281610229
0.10115449236295701
0.10090723064431514
0.10090723064431514
0.10089359657635852
0.10003188079659929
0.10003188079659929
0.10003188079659929
0.10003188079659929
0.10003188079659929
0.10114328267742263
0.10075503215219098
0.10185912073551003
0.10233476913779646
0.10264083330502279
0.10214757031641013
0.10121876317995189
0.10052362645746148
0.1003252025899655
0.09980730142500585
0.09900570935727238
0.09902208230982205
0.09938985868628233
0.09938985868628233
0.09938985868628233
0.09891935988836054
0.09838693371363164
0.09934022600551483
0.09934022600551483
0.09944537532718925
0.09921189644790647
0.09927244588294949
0.10009684924788512
0.1005469540250033
0.10048431350003051
0.10094699669423732
0.10146986108672958
0.10256294612514898
0.10256294612514898
0.10165742671380854
0.1015655619591069
0.09987628623194993
0.09987628623194993
0.09989057604864371
0.09989057604864371
0.1006303695912008
0.10080385332160975
0.1010347350466194
0.10136965798983386
0.1013791093476728
0.10174660118922177
0.10174660118922177
0.10146954474179269
0.09994021712274037
0.10085464702101976
0.10026647400482483
0.10003486349340891
0.1002552800742801
0.1002552800742801
0.10071433413253918
0.10071433413253918
0.10140635680625538
0.1018583031981109
0.1018583031981109
0.10235079672678772
0.10235079672678772
0.1038988842890426
0.10393566977694765
0.10321248751597874
0.10321248751597874
0.10232174618990361
0.1026119610302463
0.10341029629362714
0.10358056182774181
0.10413554095069671
0.10478306109652977
0.10600369377128789
0.10618878977995465
0.10564796571203838
0.10595776640392343
0.10595776640392343
0.10554875288836275
0.10489036170822842
0.10489036170822842
0.10559316126615576
0.10576687497342667
0.10576687497342667
0.10576687497342667
0.10543932879544321
0.10543932879544321
0.10452061424318133
0.10414904625515488
0.10631588763022334
0.10502035248961858
0.1045706702782483
0.1045706702782483
0.10572884112815946
0.10672924861388086
0.10628721046141254
0.10628721046141254
0.10564599243892511
0.10555419634592583
0.10501678922405064
0.10482884315642263
0.10482884315642263
0.10442241595302677
0.10442241595302677
0.1045141157811554
0.10469327464093316
0.10295382202705317
0.10255987556751579
0.1008249530836816
0.09982596873750456
0.09982596873750456
0.09937692144813108
0.1005053315902203
0.10140719260198239
0.10140719260198239
0.10264940844380073
0.10259735726014252
0.10207558219168321
0.10193168693736708
0.10193168693736708
0.10062897645931178
0.1017613693322544
0.1017613693322544
0.1017613693322544
0.10047409836219307
0.10007766232167317
0.10077641237416665
0.10065441325972177
0.09971179513697624
0.09971179513697624
0.09971179513697624
0.10111281452730983
0.10088555557491982
0.10038326538759168
0.10075211938914753
0.10070556996108862
0.10140279122524583
0.10170580888639852
0.1021261259945422
0.10131460431132061
0.1011701491345241
0.1011701491345241
0.10011157684133225
0.1008857925346364
0.10023342699979049
0.09987525118294359
0.10016369316036576
0.10068475340250042
0.10058729698234968
0.10090805465275303
0.10008023996851619
0.100052811759588
0.10054339094353987
0.10054339094353987
0.1006621952573403
0.10210708113113226
0.10158784558921437
0.10047594506751074
0.10047594506751074
0.1001342709453946
0.10173152376094563
0.10173152376094563
0.10173152376094563
0.10260406345470552
0.10260406345470552
0.10238406159687541
0.10407276283703518
0.10380137288798937
0.1033704187629718
0.10367401994551592
0.10421521078145993
0.10375439899612594
0.10300785414260465
0.10306395114441662
0.10223677171003018
0.10223677171003018
0.10137286993748097
0.10228259317415392
0.10394451841221794
0.10422841495651831
0.10443345135742375
0.10467861360355332
0.10518366619289761
0.1053356101040489
0.10545147822123004
0.10545147822123004
0.1055674748828953
0.10466222179556921
0.10466222179556921
0.10466222179556921
0.1049923767668183
0.10618139856145531
0.10618139856145531
0.10690876091638803
0.10690876091638803
0.10690876091638803
0.10676509586203026
0.10595178433027186
0.10613275111190745
0.10613275111190745
0.106099431168707
0.10511178941353481
0.10511178941353481
0.10511178941353481
0.104870089220409
0.10523484852719203
0.10523484852719203
0.10523484852719203
0.10552730800205777
0.10453503295804997
0.10529816998094498
0.10529816998094498
0.10552858628877465
0.10552858628877465
0.10539831337754368
0.10556639321997692
0.10510454814397678
0.10416852383197896
0.10500743279972759
0.10437414971059751
0.10554230110662864
0.10599779392035642
0.104845254416916
0.10474781137209624
0.10474549859976823
0.10419109872202809
0.1059037589934324
0.10606360784066374
0.10646312256141043
0.10572683715462843
0.10580889206159808
0.10579071077005961
0.10668584446590455
0.10649039795630687
0.10674894425241169
0.10674894425241169
0.10674894425241169
0.10731081889590323
0.10640982594662286
0.10577269948926506
0.1045539655102268
0.10463759471923843
0.10463759471923843
0.10437859215086215
0.10537667436828632
0.10494023060676098
0.10439477961814671
0.10439477961814671
0.10524095888568076
0.10503680557238212
0.10452604807821952
0.10413264336988609
0.10421667538731975
0.1049178646751759
0.10542720393260692
0.10547983085727608
0.10516154041376778
0.10581037135075558
0.10582331708968315
0.10582331708968315
0.10582331708968315
0.10626924234358064
0.10574731348052657
0.10574731348052657
0.10521652688545052
0.10590600563504969
0.10590600563504969
0.10559000789559632
0.10694913636958436
0.10720901106239604
0.10758275689605476
0.10809608985701569
0.10662175873531912
0.1070986396433321
0.10738746524165381
0.10844602202932949
0.10864158140179886
0.10864158140179886
0.10868122583179361
0.10951904998525533
0.10951904998525533
0.10883129676906325
0.10812487675223416
0.10712096357296123
0.10708304920336295
0.10708304920336295
0.10605871787421534
0.1057596894044226
0.10524899009033249
0.10515392760132117
0.10506798755393262
0.104278771912361
0.10399489054513944
0.10448873604894775
0.10447486003777924
0.10326252922030155
0.10311653365959018
0.10267425445970485
0.10267425445970485
0.10267425445970485
0.10413606218470989
0.10385994477170929
0.10411945523379283
0.10478955384846633
0.1044414825959781
0.1044414825959781
0.1044414825959781
0.10469445196917614
0.10293740385264898
0.10261896313876631
0.10297147554015867
0.10378137334191985
0.10398741370782552
0.10364236821625594
0.10318261605950071
0.1027287328749455
0.10195895375281608
0.1033073819554705
0.1033073819554705
0.10322279536643142
0.10309654873420687
0.10309654873420687
0.10309654873420687
0.10313245282017555
0.10284713095402312
0.10325400288651085
0.10245596881132935
0.10206903315323156
0.10248538683775901
0.10278807193618933
0.10367337274859367
0.10460630732550778
0.10343915238772783
0.10404168562508535
0.10432626198932514
0.10508366115589038
0.10482862791266621
0.1054350079456458
0.10567935920600392
0.10490697537061339
0.10535378779936551
0.10488429302171728
0.10480725442511046
0.10534424858728254
0.10552219172700583
0.10552219172700583
0.10552219172700583
0.10558603497823282
0.10423302605966574
0.10454639792477322
0.10421873087782703
0.10421873087782703
0.10368525158919041
0.1038593144282064
0.10425327168195879
0.10310971808613563
0.10293602161050931
0.10293602161050931
0.10277205735654753
0.10166699369254437
0.10121295024999946
0.10121295024999946
0.10167729595093723
0.10167729595093723
0.10254759055807537
0.10168944286682924
0.101907566724242
0.10159818224709485
0.10087162983070676
0.10070711945602843
0.10035675431895451
0.0999862695413039
0.10001078762174334
0.10003848793708617
0.10045596459047147
0.10044877894238176
0.10126807796202679
0.10177530336675752
0.10176823985015428
0.10176823985015428
0.10224222593798077
0.103046910726734
0.103046910726734
0.10268777089550127
0.10297454647560736
0.10358890485230764
0.10349246241129655
0.1040930734401164
0.10275495156800238
0.10315744086594904
0.10437594030846661
0.10400257637914921
0.10355610537123647
0.10463828905492482
0.10463828905492482
0.10396700695316834
0.1038441451269785
0.1038441451269785
0.10382448557772604
0.10382448557772604
0.10368667652162833
0.10455144838731964
0.10461197421470574
0.10439226240742404
0.10581804407077833
0.10671914090220423
0.105918527042084
0.10566184514913292
0.10849380783091638
0.10849380783091638
0.10616896145546087
0.10668008580513443
0.10668008580513443
0.10668008580513443
0.10729274220982787
0.10729274220982787
0.10602877922164099
0.10672226472918817
0.10732395246283859
0.1058765407319571
0.10635748668768555
0.10514769509728233
0.10657887319280905
0.106134146857698
0.106134146857698
0.10688912460585072
0.10738230177193817
0.10738230177193817
0.10788022035276806
0.10732803405992976
0.10665363860284338
0.10660534580588059
0.10694116425419208
0.10694116425419208
0.10694116425419208
0.10695063490113559
0.10695063490113559
0.10613384857413521
0.10688553259106962
0.10713519938837172
0.10642293707217929
0.10711718240377688
0.10774098383013513
0.10830619821192225
0.10808359403830986
0.10808359403830986
0.10779717051045747
0.10779717051045747
0.10717418641309721
0.10717418641309721
0.10717418641309721
0.10730071983031758
0.10730071983031758
0.10730071983031758
0.10739393471947631
0.1075643567000331
0.10750631176662409
0.10750631176662409
0.10736283969813214
0.10880130767734625
0.10790756946342096
0.10790756946342096
0.108136149732619
0.10780216433029327
0.10795953057408507
0.10795953057408507
0.10807128751237584
0.10797160186690577
0.10827876322625464
0.107657603728116
0.10774566408033821
0.10819814904008498
0.10849738069290546
0.10784783870520406
0.10722127560240054
0.10710561053457136
0.10697930621460788
0.1071949444129806
0.10663737852369945
0.10718927271141172
0.10718927271141172
0.1071442498916649
0.10731689898655344
0.10731689898655344
0.10725914720306046
0.10728466982420817
0.10664391871911322
0.10541665120280826
0.10541665120280826
0.10452067256433642
0.10452067256433642
0.10452067256433642
0.10549819793573233
0.10664304753130799
0.10664304753130799
0.10646717486253487
0.10702715421617245
0.10725157176314475
0.10763821361010563
0.10807406055499388
0.10807406055499388
0.1075767329421173
0.1075767329421173
0.10819400095155288
0.10756523503636423
0.10746684338123702
0.10732917857082741
0.10689591047724865
0.10624879539634255
0.10573621455020336
0.10577387901474597
0.10520887647025509
0.1054105178914272
0.1051007338911757
0.1051007338911757
0.10615707019205062
0.10653494635171218
0.10653494635171218
0.10423420256190959
0.10513807282288828
0.10513807282288828
0.10568910047253464
0.10658654723091647
0.10823670279201493
0.10906041780622823
0.10801033134947823
0.10712288328170964
0.10643197800564083
0.10769852399887618
0.10825818562752805
0.10825818562752805
0.10763597569104859
0.10688876825107578
0.1045922923202665
0.10627401419128815
0.1051759431820186
0.1051759431820186
0.10586857433178375
0.10546002976853298
0.10449738640447213
0.10409915515381522
0.10409915515381522
0.10449901778530361
0.10449901778530361
0.10300112156666781
0.10210148569650322
0.10136473952021528
0.10191493033562854
0.10277881696133806
0.10239144107410447
0.10160214879595361
0.10160214879595361
0.1020926063353954
0.10269094240269865
0.10269094240269865
0.1029995197163225
0.10229531334668655
0.10260406920952943
0.10384697552586254
0.10398656386157015
0.1026775786060448
0.10275051169743865
0.10459576623751268
0.10512580570811964
0.10512580570811964
0.10370180938015709
0.1041275840584542
0.1041275840584542
0.10408230634930567
0.10395360171910158
0.10522826966748626
0.10432422840136005
0.10428333440391949
0.10482228437616761
0.10419072713397645
0.10526326239192343
0.104309794263989
0.10472252714323683
0.1042571370512672
0.10419425284360026
0.10401861808852252
0.10397088721755246
0.10397088721755246
0.10431301841926077
0.10354921948513451
0.10354921948513451
0.10354921948513451
0.10289621985977776
0.10303849198863618
0.10197927804057134
0.10173383717340288
0.10211027891719876
0.10236953387430575
0.10306317149791279
0.10428796639562891
0.1038695643980681
0.1042091399949086
0.1042091399949086
0.10519173850094218
0.10482682937514685
0.10429225471350378
0.10357451517555862
0.10423468992147197
0.10376534360056337
0.10365646777521313
0.10479886506835784
0.10528614227664203
0.10564041597644444
0.10668438654040037
0.10668438654040037
0.10545429935820848
0.10541264264668093
0.10539075465382473
0.10539075465382473
0.10559305019380863
0.10569606884026439
0.10630890697523676
0.10535143625416761
0.10535143625416761
0.10534168310180822
0.10556208584935976
0.10563950214575583
0.10542889539316709
0.10519813498692042
0.10524730571605614
0.10474323058166789
0.10497742090274094
0.10497742090274094
0.10497742090274094
0.10465008242976183
0.10519043790441618
0.10497223959674967
0.10497223959674967
0.10472701806085388
0.1043095606835467
0.1043095606835467
0.10390767396655998
0.10390767396655998
0.10478024651551499
0.10441466363815961
0.10490007344819015
0.10490007344819015
0.10369717132234824
0.10371394866690978
0.10371394866690978
0.10345613372154981
0.10345613372154981
0.10401050758152942
0.10284065945555322
0.10292978124760434
0.10258873180819314
0.10234062663581163
0.10246963938139926
0.1019573394239409
0.10207566909378535
0.1013928284768751
0.10052946964713341
0.10080510198510882
0.10103887956809725
0.1006343369264344
0.1006343369264344
0.1006343369264344
0.1006343369264344
0.1006343369264344
0.10118849043121703
0.10103465675358536
0.10057240875432531
0.10057240875432531
0.0996646812355719
0.09903809003573544
0.09850742890525141
0.09821391619669527
0.09821391619669527
0.09713177079852736
0.09713177079852736
0.09677051237581602
0.09677051237581602
0.09677051237581602
0.0971492637388251
0.09748146719954305
0.09778451284785585
0.09936009130428983
0.09961266885401902
0.09859562760874241
0.10026431377188574
0.10026431377188574
0.10026431377188574
0.09994986937204497
0.1011004137942096
0.10059942510399393
0.10059942510399393
0.10053679085926959
0.10053679085926959
0.1008270088493174
0.1008270088493174
0.10052540207336105
0.09916821552634186
0.09911647683403647
0.09824590491515604
0.09796108141608054
0.09796108141608054
0.09796108141608054
0.09796108141608054
0.09753684050026427
0.09837120639752603
0.09873215870245013
0.09827622949819793
0.09842644683148334
0.0984252852203869
0.09883170864968846
0.09883170864968846
0.09916845097447421
0.09963714718923705
0.099741480228024
0.099741480228024
0.1006065899578555
0.09931272569224149
0.0993176203661607
0.10028350399984257
0.09911336109765173
0.09911336109765173
0.09840476234590863
0.10011694974016314
0.10080190741682786
0.10031718121565947
0.10031718121565947
0.09938185925597198
0.09827362599477267
0.09827362599477267
0.09827362599477267
0.09816130478503678
0.09866538758488987
0.09881238330348201
0.09876188209972545
0.09868435602659607
0.09920373522085355
0.09906269731158245
0.09873226085504679
0.0989469653823499
0.0985898821237707
0.09955016802466383
0.09957745921760564
0.10069944022653803
0.10114657175356694
0.10076785172104524
0.10071383766954964
0.1009728431278162
0.1009975959678958
0.09981758852361017
0.09981758852361017
0.10014977977329201
0.09964808298214604
0.09964808298214604
0.09949048701281092
0.09886193361400916
0.09886193361400916
0.09882377093046305
0.09882377093046305
0.09882377093046305
0.09882377093046305
0.09797775437789291
0.09951497980801079
0.09951497980801079
0.09951497980801079
0.09942566838371776
0.09927001958779026
0.09927001958779026
0.09839638559642522
0.09754817596123824
0.09760809750375356
0.09686469883027263
0.09697269685030124
0.09697269685030124
0.09707226743026773
0.09707226743026773
0.09707226743026773
0.09644595607542197
0.09692992584360698
0.0954342004031051
0.09577955086668648
0.09543554855147225
0.09673044021010634
0.09662966289840455
0.09684570937887114
0.09742212187838575
0.09804082517691508
0.09821441010216132
0.09821441010216132
0.09821441010216132
0.09821441010216132
0.09847255018588923
0.09935120681135344
0.09935120681135344
0.09935120681135344
0.09922450198277952
0.0992296696659131
0.09997932112403242
0.09997932112403242
0.10037862693982084
0.10006698770193874
0.10012588669264977
0.1013179917004605
0.10130712333808456
0.10175466924247345
0.10139685501191802
0.10168645474729054
0.10052766921752988
0.10070938546690393
0.10125937058650329
0.1007326434071075
0.10011577371156874
0.10011577371156874
0.09910785448077719
0.09993053917314627
0.10031675463779084
0.10010727064445009
0.1008036910482317
0.09959721036521298
0.10148168627874088
0.10072024676679607
0.10080082171302344
0.10029541580822722
0.10029541580822722
0.10010118089184683
0.10010118089184683
0.09916493824154785
0.09870811086116675
0.09952205947900057
0.09933765073211231
0.1002019123519942
0.09965821150974154
0.09955819872729682
0.09913230284749965
0.09908209570310611
0.09858490559956752
0.09858490559956752
0.09858490559956752
0.09899719153575358
0.09930017986862169
0.09913507291714546
0.09913507291714546
0.09824380435032244
0.09823187757134841
0.09790834569555262
0.09900333497788086
0.09900333497788086
0.09942383932942435
0.09952804536487925
0.09952804536487925
0.09945236637992405
0.09897526579515148
0.09897526579515148
0.09808941838251872
0.09836216859932947
0.097847286457402
0.097847286457402
0.09796303180182155
0.09649958442451645
0.09706603091221482
0.09596287444929702
0.09725453216495615
0.09635210601250876
0.09691264110454788
0.0975366263303455
0.09648418277218815
0.09713219903320959
0.09762222188121765
0.09891340028126186
0.09886915509822004
0.09832428657252355
0.09902708364352358
0.09902708364352358
0.09902708364352358
0.09779563316619773
0.09795373718473696
0.09790079631321937
0.09794293518730017
0.09900322669896242
0.09900322669896242
0.09868519357973915
0.09868519357973915
0.09868787138046878
0.09868787138046878
0.09768857788488362
0.09711259349939841
0.09672933208303597
0.09643188724773638
0.09643188724773638
0.09643188724773638
0.09775190001742114
0.09772790550801928
0.09814489196304882
0.09865930501192674
0.0971467906806597
0.0971467906806597
0.09759906820742129
0.09766616694775793
0.09893717917443985
0.09987150472271414
0.1002341533311553
0.09919289185793895
0.09945410061504277
0.09920223664291263
0.09917811097476971
0.09917811097476971
0.09903733503059259
0.09986361668565491
0.09935565188288083
0.09873899162265348
0.09814510091647277
0.09876748611675258
0.09876748611675258
0.09950627676630344
0.09928817059864632
0.0992099508272135
0.09979736738349951
0.09898798951965584
0.09938610067576181
0.0996439079870493
0.09857889072019878
0.0990228455006097
0.09881742550958604
0.10039238277799921
0.1021919831849893
0.1026874563077716
0.1026874563077716
0.1026874563077716
0.10139918534479536
0.10108150672176336
0.10150724609922544
0.10150724609922544
0.10123151264847992
0.10123151264847992
0.10123151264847992
0.1020067921263346
0.10092350086271912
0.10074596953258552
0.10074596953258552
0.10138826325833729
0.10188790957125178
0.10104772076923707
0.10090374813052973
0.10100529879958697
0.1004032083371351
0.10006250600603314
0.10139114115351891
0.10137669333617304
0.10247249721239367
0.10218160603661126
0.10237897617360546
0.10410784905751652
0.10410784905751652
0.10364171233638723
0.10364171233638723
0.10381192251849591
0.10457235879524865
0.10431499825884315
0.10358250804902301
0.10498789200357117
0.10559040782338519
0.10572084066678708
0.10685029778070868
0.10708343135187035
0.10688330305391562
0.10640967504579202
0.10692923957610369
0.10637777629871761
0.10546634386760238
0.10523142769342489
0.10484876819255176
0.10478528727567038
0.10358606531367455
0.10358606531367455
0.1031540327329323
0.10305167755143145
0.10260213516393847
0.10195311353592415
0.10195311353592415
0.10088810699876155
0.10141402468489603
0.10141402468489603
0.10133838604607116
0.10255439530265001
0.10269302230085213
0.10348362230464801
0.10372698308682037
0.10229150247479118
0.10221141151273391
0.10203536457438472
0.10352938465824604
0.10394240196516277
0.10421311421458955
0.10400857463156479
0.10309520813247607
0.10309520813247607
0.10309520813247607
0.1032890239272502
0.10352248674615304
0.10409320660626221
0.10388064459191998
0.10389546101438159
0.10382095812240097
0.10371476819645117
0.10427292423521763
0.10396350497409579
0.10253934731848875
0.10164380911436001
0.10164380911436001
0.10164036197413372
0.10164036197413372
0.10069917699845703
0.10114251587641067
0.10052057233275787
0.09994256605875568
0.09991617338981564
0.10039358116271463
0.10079123949360393
0.10059181661327543
0.10033937018211347
0.10049766679154686
0.10032592878486064
0.10032592878486064
0.10056324459967746
0.10044495269822519
0.10132051621272026
0.10132051621272026
0.1002296067488824
0.0999910574404407
0.09972217538127712
0.10064709395563938
0.10048236721543491
0.10048236721543491
0.10048236721543491
0.10048490275834847
0.10171428549788422
0.10260870660041882
0.10325850123804048
0.10429155813088216
0.10541611065546204
0.10537316348747816
0.10501323723721202
0.10399558713776602
0.10377179110711685
0.10377179110711685
0.10377179110711685
0.10344808036058133
0.1047283264295301
0.10560208053119118
0.1054130825984586
0.10481586780324513
0.10409859082567752
0.10409859082567752
0.10472199157783196
0.10445702580842559
0.10482701972037634
0.10391018171350218
0.10394692474476025
0.10343404389570911
0.10415992435935305
0.10411901161050437
0.10411901161050437
0.1034419918896294
0.10290779526581265
0.1039891041447665
0.10438607891249835
0.10431184466331443
0.10390508350586992
0.1042271837576609
0.10552734718035327
0.1046085685382526
0.10594468352703007
0.10684081879071261
0.10684081879071261
0.10684081879071261
0.10684081879071261
0.10646202597840046
0.10580967225299161
0.10628622420488666
0.10593674631473829
0.10576517520572043
0.10574990136654537
0.105125117881151
0.10471209878623773
0.10490148116430474
0.10422555690193087
0.10422555690193087
0.10398667712262111
0.1047136252548462
0.1040585413625623
0.10410516540677993
0.10410516540677993
0.10423755503062188
0.1038875514625011
0.1038875514625011
0.10391704445156116
0.10401492833998248
0.1039492125536011
0.10428961855177933
0.10428961855177933
0.10342405979273754
0.10350806695375611
0.10371522155961493
0.1034687708064206
0.10319270349493333
0.1037566320514673
0.10410266105382229
0.10448578893734035
0.10333902911109527
0.10328070670517846
0.1039530256987067
0.1040861364256273
0.1040861364256273
0.10468060043765333
0.10380557701597895
0.1040288077968277
0.10448270336374413
0.1040967488453508
0.10403503962470488
0.10459122451577678
0.1038886213624066
0.10386806672377565
0.10465372002133734
0.104762164147026
0.10481588655728934
0.10491279843186917
0.10443133193275393
0.10306599491673973
0.10212570416225733
0.10174138496758524
0.10201006450894866
0.10201006450894866
0.10236835186945384
0.10175149307195375
0.10242974863260516
0.1036267682262847
0.1031543805248279
0.10192702172845804
0.10222738176770556
0.10188883669182099
0.10288511206503524
0.1012414541080866
0.1012414541080866
0.10195515733410027
0.10106759338226505
0.10106759338226505
0.10118906698916973
0.10024092940274694
0.09988259354515665
0.10057389374373933
0.10022584113687291
0.10022793824222147
0.09881876846615756
0.09921541438878226
0.09921541438878226
0.09921541438878226
0.09874171677856122
0.09820142538888352
0.0982274995680815
0.0982274995680815
0.09922634932941292
0.09906617394880272
0.0994582754109745
0.09945180191181453
0.09945180191181453
0.09945180191181453
0.09945180191181453
0.09893370802530706
0.09893370802530706
0.09893370802530706
0.09839512022028975
0.09859808182220492
0.09859808182220492
0.09958746591169128
0.09918400991659734
0.09921597187800943
0.09967031786200724
0.09991530242408822
0.10138871349430588
0.10201924191985019
0.1022980896741255
0.10260752514514325
0.10241635966868852
0.1017999909454865
0.10101240967813246
0.10061279180638648
0.1004332982828471
0.0995216680854488
0.09952658935976699
0.0999618769900766
0.0999618769900766
0.09992796048924782
0.10039442256710711
0.10039442256710711
0.10039442256710711
0.10039442256710711
0.10074527578745449
0.10120664607093932
0.10123274812857051
0.10175781762398675
0.10161759537139521
0.1022696511719102
0.1022696511719102
0.10291131132385441
0.10203764270152112
0.10203764270152112
0.10203764270152112
0.10187714034310114
0.10253717955914242
0.10202544898328993
0.10194081062024553
0.10191743967039517
0.10110057882673298
0.10110057882673298
0.10110057882673298
0.10110057882673298
0.10110057882673298
0.1008525096998929
0.1008525096998929
0.10134793951756704
0.10037096392075699
0.10072638130043252
0.10072638130043252
0.10072638130043252
0.10050255000568079
0.10056858143018887
0.10056858143018887
0.10213601361049743
0.10220441815195996
0.10220441815195996
0.10359013673829005
0.1036567575438035
0.10340972734644346
0.10340972734644346
0.10324315426880216
0.10411705358774438
0.10430854444505781
0.10374529846604705
0.10264269629719996
0.10272963962945465
0.10367475561970324
0.10367475561970324
0.10359663904659852
0.10371934910126245
0.10295951317476358
0.10316219062360624
0.10243540996461513
0.10237597423140449
0.10215628199526913
0.10112724550991528
0.1023856428540903
0.10177458975701019
0.10177458975701019
0.10070499483765566
0.10070499483765566
0.10258443613428786
0.10170139659822464
0.10231337187482373
0.10108574194388911
0.10150312253002818
0.10188141234392462
0.10012111258168317
0.10012111258168317
0.10004944148192296
0.10088573796762104
0.10093893987741653
0.10040453709753863
0.10040453709753863
0.09948550359057173
0.09916450246420011
0.0999395749276894
0.10090222544125255
0.10090222544125255
0.10090222544125255
0.10072507817900805
0.10146579932107909
0.10155122543194721
0.10175095839265369
0.10331135499454783
0.10331135499454783
0.10094029441194627
0.10148004150721
0.10121197848575864
0.10120421095249767
0.1007428112948444
0.1013524180425231
0.10066271835014663
0.09917006803954183
0.09973176169111288
0.09969199352692948
0.09961047468901311
0.10006132355768967
0.10006132355768967
0.10006132355768967
0.09980566684836559
0.09975352153478836
0.09994182581425749
0.09953514426440829
0.09945970149380715
0.09945970149380715
0.09945970149380715
0.09930269174928036
0.09930269174928036
0.09912875728314788
0.09926217498645215
0.09981131960734106
0.09981131960734106
0.09981131960734106
0.09981131960734106
0.10109108632963747
0.10109108632963747
0.10109108632963747
0.10081826887389458
0.10143950791948671
0.10058917014231815
0.10137514283070274
0.10182402946692296
0.10204578622590463
0.10209969673910674
0.10260776233008942
0.10248300166092204
0.10214522348336932
0.10235436223258478
0.10235436223258478
0.10224566247541032
0.10224566247541032
0.10291023071413201
0.10287604140343776
0.10242044316673707
0.10273299594051508
0.10318949592505373
0.1029494079750104
0.1029494079750104
0.1029494079750104
0.10385178719557402
0.10385178719557402
0.10385178719557402
0.10247774429570743
0.10276941074617232
0.10433266335417664
0.10398901475009781
0.10398901475009781
0.10239499393849247
0.10239499393849247
0.10195263900429222
0.10171276556170918
0.10207615084075655
0.1015421250636226
0.10115996266368062
0.10126764546706679
0.09979903403229912
0.09949875830121002
0.09905420130130999
0.09922889325724839
0.09991689230229349
0.10005714154732649
0.10060417015049859
0.1002375918855623
0.10045883493521718
0.1008629766689075
0.10080711395784905
0.1001913114968275
0.1001913114968275
0.10036116142247707
0.10069866362866112
0.10069866362866112
0.09901487865292863
0.09751407764150959
0.09751407764150959
0.09719273666317362
0.09719273666317362
0.09749057279131304
0.09764616834784902
0.09868941726851274
0.0997940967534921
0.0996982025789591
0.0996982025789591
0.09965142735678931
0.10054717708578383
0.10177684586096332
0.09943627761140714
0.10000989493880667
0.09871948828509705
0.09954613188522728
0.09949766224337628
0.10031843516443872
0.0998163346242817
0.10001659320225334
0.10074204503925117
0.10139569717624917
0.10154892963838846
0.10154892963838846
0.10113458851199159
0.10113458851199159
0.09960982953438284
0.1007699706708069
0.1007699706708069
0.10128106057616695
0.10276697739926986
0.10232288269269726
0.10191303827693843
0.10191303827693843
0.10191303827693843
0.10189670208977104
0.10225142381645488
0.10225142381645488
0.10252951845590315
0.10252951845590315
0.10271187968485589
0.10271187968485589
0.10221000738278965
0.10162448840376934
0.10077050227905489
0.10077050227905489
0.10129441378826609
0.10134807166532117
0.10138210242455306
0.10138210242455306
0.1019243144969967
0.10166115042745845
0.10162485574675495
0.10083489542091309
0.10108195674556596
0.10014460565077428
0.09999891865745587
0.10036621608445312
0.10022471019296038
0.10104704820620265
0.10246193048758803
0.10246193048758803
0.10261572460230484
0.10263682143078255
0.10245627477166906
0.10245627477166906
0.10039910391395417
0.10078699288560028
0.09996965810856868
0.10013448257063509
0.10013448257063509
0.10076808664362381
0.1010454359715172
0.10049806214670183
0.1006411716011348
0.10116559824348471
0.10106688971498211
0.09994940579198827
0.09994940579198827
0.09934401922867192
0.09934401922867192
0.10137481420029973
0.10081172710212181
0.10081172710212181
0.10091364779264554
0.10091364779264554
0.10062334051234745
0.1007512809430982
0.1007512809430982
0.10059537042557136
0.10052477730924529
0.10052477730924529
0.09984075319874218
0.09928262620108586
0.09928262620108586
0.09893815392192146
0.100087107545276
0.100087107545276
0.100087107545276
0.10004673716527589
0.09920987694999919
0.10020249539732816
0.10025339491104389
0.1003560996248214
0.10065328232570242
0.10066015894393367
0.10066015894393367
0.10066015894393367
0.10066015894393367
0.10044847791318474
0.09994315051414694
0.10116138677489117
0.1017516746813728
0.10257009090237935
0.10190825008980889
0.10111757833886517
0.10094515962403085
0.10195649840012522
0.10350473614107847
0.10299630068465598
0.1034931949071848
0.10319646715864163
0.10319646715864163
0.10222357911934896
0.10222357911934896
0.10222357911934896
0.10140819482807764
0.10134843734779028
0.10239364260859264
0.10232194426186275
0.10151670710656215
0.10184973590735824
0.10048457451335335
0.10048457451335335
0.10109877107273757
0.10059589373868455
0.10059589373868455
0.10058132004045835
0.10064300994577108
0.10099335078769019
0.10107961524423809
0.10134741830034787
0.10174409014189187
0.10196974493683726
0.10194620925343273
0.10194620925343273
0.10133328739557707
0.10098912817507168
0.10083552390492008
0.10071436161998064
0.100771910248255
0.10113052113771469
0.10149013151935092
0.1020904563146286
0.10263171451937969
0.10261981705626703
0.10213037561889887
0.10162603208156364
0.10084527562412489
0.10076570445165
0.10076570445165
0.10086110515168935
0.10149669532100465
0.1020142799303576
0.100989569536152
0.10091007490637688
0.10122297630033444
0.10281247966914095
0.10208788438269606
0.10277093990619174
0.10271283293993959
0.10165305728656021
0.10261770388155338
0.1020645405972665
0.10341533077103997
0.10339279032323037
0.10488441722242237
0.10464538814601657
0.10464538814601657
0.10502395044892415
0.10641463783444835
0.10615633119373827
0.10603882518778567
0.10603882518778567
0.10461443699917931
0.10456279785944933
0.10563457561871925
0.10633132796754866
0.10582128917181845
0.10522843988108924
0.10474609012852487
0.10540990590167303
0.10540990590167303
0.10576729339639261
0.10500043897112409
0.10508738261240755
0.1040199715489541
0.1040199715489541
0.10460543716848404
0.10454429704297703
0.10496592157820994
0.10496592157820994
0.1056171987511947
0.1046863220111292
0.1050429496203413
0.10519514160407041
0.10523032218749256
0.10397423807052389
0.10409146348048136
0.10502800635403736
0.10561779303376385
0.10482981203822345
0.10541674082415808
0.10684774416744215
0.10738403023986218
0.10765737341178987
0.10747065657277306
0.10736730681222464
0.10586461627733389
0.10459039303269345
0.10459039303269345
0.10507302954083336
0.10507302954083336
0.10401197400316342
0.10534681314448832
0.10534681314448832
0.10594249420138684
0.10533321147191947
0.10490163529943262
0.10404969476320823
0.10404969476320823
0.10404969476320823
0.1052040472477758
0.10482574669178815
0.10563882418545463
0.10518403621713812
0.10566267025647665
0.10590525170136722
0.10527038362272262
0.10527038362272262
0.10439799988435879
0.10491234058727968
0.10491234058727968
0.10424919006871139
0.10408771561000527
0.1032884299342312
0.10343424329746274
0.10379869759039781
0.1036383027356301
0.1032512478071927
0.10396913957812932
0.10232193535648258
0.10362394810555822
0.10493828195609971
0.10362247145608733
0.10362247145608733
0.10313657974491237
0.10378230256561286
0.10274574486513392
0.10295903332341838
0.10229712702356973
0.10229712702356973
0.10303938492126213
0.10210470681943401
0.10210470681943401
0.10198666195742183
0.10197222283653154
0.10333652549653419
0.10354342585118918
0.10354342585118918
0.10207377453971324
0.10163634973669132
0.10213433265190575
0.10355805204771905
0.1043329606992595
0.103528722697488
0.10314895257939254
0.10314895257939254
0.10307022677676833
0.10383583269343274
0.10383583269343274
0.10346018853733235
0.10296056509982708
0.10441997102046394
0.10399029772454843
0.10399029772454843
0.10439536134605912
0.10384551456117587
0.10384551456117587
0.1040813863921039
0.10430068767933026
0.10356348683840315
0.10338289200379985
0.1024776158851484
0.10342358631854036
0.10248625429908556
0.10248625429908556
0.10136808595973339
0.10145366517461543
0.10166598463557569
0.10115911676045647
0.09914333112098415
0.10080029418734444
0.10117703886391279
0.10071315091056741
0.10086359994944197
0.10100194962001004
0.10100194962001004
0.1005571315483551
0.10042521369209355
0.09894874380870602
0.0978085966263684
0.09817909483621728
0.09881509117515044
0.09854050873168566
0.09912428940384715
0.09912428940384715
0.0986179905143357
0.09908378969496068
0.0991087586118892
0.09882081916045622
0.0988085419660232
0.0988085419660232
0.09993455794512635
0.09993455794512635
0.09897434437602484
0.09891285290127033
0.09897132993653907
0.09897132993653907
0.09897132993653907
0.09922267363011375
0.09904510419843054
0.09930071524103541
0.09990453364510021
0.10001320401748554
0.10121375176440348
0.10113726479736627
0.1008537659490557
0.10016625279782783
0.09949838478391623
0.09949838478391623
0.10077838281512538
0.1007559300099544
0.10118376068092881
0.1022242631791261
0.10240952378756156
0.10316040954203368
0.10246713382420722
0.10370218773637636
0.10368230401076037
0.10368230401076037
0.10264768789823683
0.10231560856934287
0.10293735497429445
0.1031229658972616
0.10309612719241001
0.10366756942720515
0.1046899500410842
0.1045252304707285
0.10619822593494184
0.10619822593494184
0.10790406355757008
0.107867211616647
0.10696467827412492
0.10700178537196472
0.10694861417201729
0.10753330147712305
0.10753330147712305
0.10667175016667309
0.10600648950184309
0.10600648950184309
0.10600648950184309
0.10533270517347756
0.10533270517347756
0.10599419103679064
0.10589136843849462
0.10573531474027864
0.10484112066762631
0.10460611421174397
0.10425129696590338
0.10527002266601618
0.10643147055186554
0.10715231275292238
0.10715231275292238
0.10645019992602434
0.10839644173167946
0.10839644173167946
0.10929456448480046
0.11045667058767451
0.11030423953920848
0.10965661116357721
0.10965661116357721
0.1104831388550338
0.1104831388550338
0.1104831388550338
0.11054798210179657
0.11054798210179657
0.11083700620969617
0.10928275089598596
0.11005520228193336
0.11005520228193336
0.11065449852826623
0.11005204169063897
0.1098241128599368
0.1098241128599368
0.1098241128599368
0.11004354647888005
0.11035195673372608
0.10966954506018944
0.11038060445111163
0.11085732806863374
0.11006598144198872
0.11019768325174807
0.10936467440279182
0.10936467440279182
0.10936467440279182
0.10917002358336349
0.11058045899242085
0.11013450827196147
0.10948353918575074
0.10948449376357627
0.10828878218058532
0.108320374329418
0.10985941372806196
0.10965431745628244
0.11033377535470883
0.10987790065273308
0.10934124571028232
0.1082026153790515
0.1070735317207757
0.1070735317207757
0.10720884903582988
0.10719418214162649
0.1070713675692273
0.1070713675692273
0.10735740854570786
0.10735740854570786
0.10729302730583046
0.10793611434356314
0.10815305158467628
0.10944433135859472
0.11005752467134036
0.10921378758395237
0.10962946597958925
0.10963131766680251
0.1096342580454357
0.10869287138191341
0.1084006397621034
0.1084006397621034
0.10710227781349785
0.10710227781349785
0.10807401744727381
0.10807401744727381
0.10886925882075951
0.10986333882348766
0.10978215315824161
0.10977777647999486
0.1100867884654114
0.10920990425675553
0.10933310921488083
0.10933310921488083
0.10917638141930086
0.10847294601892986
0.10847294601892986
0.10928438867325796
0.10928438867325796
0.10951438624092591
0.10952928869479071
0.10923680259850245
0.10977904356445105
0.10928752107015911
0.10978114384131725
0.10900481527417653
0.10847730234777991
0.10884244306210447
0.10761336414636741
0.1064631298472936
0.1065856523395164
0.1057204201706109
0.10539728637592248
0.1046660401643416
0.1046660401643416
0.10540056682039732
0.10540056682039732
0.10540056682039732
0.10414177346431468
0.1036145875172168
0.1042690412300022
0.10388324600780974
0.10363705645850878
0.10308756911855539
0.10286021475487
0.10286021475487
0.10282590017495974
0.10342908505120531
0.10284206765594453
0.10284206765594453
0.10284206765594453
0.10284206765594453
0.10329315590805274
0.10341228712591916
0.10341228712591916
0.10298308937986111
0.10293987640606829
0.10265770629712066
0.10268274173395806
0.10262354690689922
0.10260601986597276
0.10264131263055697
0.10343225497322643
0.10343225497322643
0.10261198631453228
0.10297874187958443
0.10226192792890586
0.10226192792890586
0.10226192792890586
0.10148080677497748
0.10140399511692992
0.10140399511692992
0.10140399511692992
0.10112189880071236
0.10060921634366858
0.10027671494091278
0.09980789692343602
0.10007738846391431
0.10233531091462027
0.10294627800557417
0.10194146742059385
0.10194146742059385
0.1023238795360403
0.10283440709865067
0.10278776363810255
0.10278776363810255
0.10408380171351264
0.1043780546242668
0.1052795008470421
0.1052795008470421
0.10515497491878532
0.10505114758272344
0.10421633956317111
0.10421633956317111
0.10463348918764637
0.10410270860557548
0.10397144860315316
0.10427858941847302
0.10427858941847302
0.10375731397643465
0.10238212162808837
0.10264112269029078
0.10234203381267726
0.10336224466869966
0.10302249225071786
0.10320429351498367
0.10353321358897709
0.10457410054243353
0.1037147889683992
0.1050519285198132
0.10539490172718241
0.10539490172718241
0.10445251793247096
0.10369689149572649
0.10343912300709598
0.1038099157165724
0.10313333993955319
0.10218420589608108
0.10317604221799391
0.10210499963971044
0.10086629834181131
0.10150726368943745
0.1015100643143663
0.10111898572884728
0.1016180365166756
0.10218004465170162
0.10198021343982364
0.10267627269751285
0.10304887192519298
0.10158546814724068
0.10125752289409651
0.10119451968927853
0.10197481310654061
0.10183153951238731
0.10149779683789308
0.10260838081867213
0.10179346458409899
0.10182321416924081
0.1023118993724879
0.10204404707024228
0.10147817150799175
0.10219046800539293
0.10207025949720595
0.10325481460991816
0.10218865359065456
0.10318449805965987
0.10374628036019735
0.10283020497271697
0.10075790174046445
0.1015913221292327
0.10274618912281516
0.10196905034125828
0.10215835255041317
0.10209957096464324
0.10222633348799728
0.10172966831349008
0.10224681702232853
0.10207683071426829
0.10362614362114232
0.10362614362114232
0.10362614362114232
0.10321926525624422
0.10234990988480362
0.10264656183065644
0.1035597965397059
0.1035597965397059
0.10270952198929144
0.10270952198929144
0.10271641363867921
0.1025980939291458
0.10212280314543587
0.1022422506293029
0.10194918578587937
0.10159415127794386
0.10159415127794386
0.10203847558002728
0.10269467997130032
0.10335217427600371
0.10443796919020551
0.10443796919020551
0.1035584438857679
0.10438830621400974
0.10611289783099681
0.10633576981458037
0.10525894776525346
0.10486217132140672
0.10633932224654469
0.10691154536719928
0.10703831656687605
0.10697889209703973
0.10567118189471722
0.10670348295832313
0.10670348295832313
0.10712582678869018
0.10712582678869018
0.10691215638729663
0.10691215638729663
0.10698851440762445
0.10790266717572447
0.1088363344107726
0.10878930772626615
0.10837871604519793
0.10837871604519793
0.10837871604519793
0.1091758339619037
0.11016488833997097
0.11045568229911623
0.1104216573152908
0.10991254057961455
0.10998554056777839
0.10979573152774352
0.10918120259819623
0.10906029767421435
0.10906029767421435
0.10897476693446517
0.10897476693446517
0.1087895928694948
0.1087895928694948
0.1087895928694948
0.10889126796070336
0.10798555167156051
0.10784357345157107
0.10784357345157107
0.10784357345157107
0.10784357345157107
0.10644062520693778
0.10731116171461154
0.10731116171461154
0.10731116171461154
0.10717632113367485
0.10717632113367485
0.10696963740925398
0.10604710060954209
0.10575859053218296
0.1050755906196024
0.10490796616867842
0.10546062129897962
0.10488396854847161
0.10488396854847161
0.10537788818270971
0.1051065717036804
0.10457098209721931
0.10476936669715402
0.10480231043737054
0.1048193956755929
0.1048193956755929
0.10483340977666225
0.10620355160350908
0.10638619107465073
0.10528057950509613
0.10502119346593176
0.10522426595995804
0.10370703606775603
0.10382354899500104
0.1039492652337002
0.1039492652337002
0.10400355831483465
0.1038508562326396
0.10457018787682558
0.10515873650465725
0.10419841107955176
0.10349028865274476
0.10366555621943355
0.10344814156394451
0.10342846885918781
0.10293892477918772
0.1028225439416735
0.10382550688221004
0.10431312822754815
0.10421828499710514
0.10410298353046163
0.10387467687328401
0.1048372666255729
0.10542498550024604
0.1055794741699489
0.1055794741699489
0.10481266267661607
0.10532477861430109
0.10511426504285784
0.10427354066812915
0.10427354066812915
0.1054160775568534
0.1054160775568534
0.10479380822363028
0.10671745474001428
0.10671745474001428
0.10644947102638976
0.10791208535588366
0.10791208535588366
0.1085201053514891
0.10757964346192152
0.10789879914068859
0.10834210614703685
0.10687502550018378
0.10670138732763695
0.10727328867449488
0.10788295399034423
0.10710324679556464
0.10656554069650909
0.10656554069650909
0.10711722340580448
0.10631062839432412
0.10631062839432412
0.10690053299924221
0.10824011946879514
0.10774906237824408
0.10679569571589514
0.108431048683355
0.108431048683355
0.10892250506160638
0.10836696291111143
0.10768551831108973
0.10705131495236042
0.10705131495236042
0.1065911622306869
0.1065911622306869
0.10616603165829577
0.10570458751925625
0.10559673045181693
0.10559673045181693
0.10421736883465586
0.10441602019701933
0.10441602019701933
0.10395008407544726
0.10386826793607373
0.10460928106753355
0.10380208669342514
0.10458681053664208
0.10379211509613306
0.10424214813010296
0.10478505822663858
0.103602890601905
0.10412760603700366
0.10326960223328589
0.10317918574809946
0.10436888629236417
0.10434260528295379
0.10436206168188622
0.10444856310276195
0.10497751454133535
0.10509074798333504
0.10509074798333504
0.10534523167039421
0.10515042091820415
0.105252705500912
0.10581400472569175
0.10722259396559063
0.10598656038537149
0.10643810717924576
0.10680638101059893
0.10694572392669302
0.10744169248118536
0.10744169248118536
0.10801391488902948
0.10791487454045748
0.10804145878421105
0.1077099984873908
0.10643281365919545
0.10619792569880553
0.10569683135604128
0.10491282240140652
0.10558267649728498
0.10640246166836209
0.10666294037997494
0.10674578030738262
0.10561686267742927
0.10618473678681657
0.10587104803908788
0.10443199971147889
0.10443199971147889
0.10536038730830877
0.10536038730830877
0.1056828907252598
0.10555131090669513
0.10537318039949309
0.10502567835872641
0.10502567835872641
0.1047308605184201
0.10567246644648882
0.10481565128562764
0.10444622585100204
0.10532936195121384
0.10438859706167437
0.10462723511427277
0.10561710988439081
0.10494050223752001
0.10497286530891164
0.10432279905872437
0.10432279905872437
0.10485974546707887
0.10641445064241957
0.10590990912647273
0.10510452061151203
0.10448125481481764
0.10424735481528855
0.10424735481528855
0.10373400556024463
0.10410372370962669
0.10450041030089473
0.10397729152228559
0.1038049587349709
0.10320900581171441
0.10335797187173379
0.10334596352507552
0.10458410138900043
0.10324329254322967
0.1027716931901963
0.10216248585750294
0.1029845750632995
0.10316500691421827
0.10445182687106055
0.10398755374654559
0.10425227583462073
0.10425791345516457
0.10425791345516457
0.10492631783506862
0.1058709666581377
0.10603584676825122
0.10669187586443454
0.10669187586443454
0.10669187586443454
0.1059946922500516
0.10508239666785966
0.10600050768743996
0.10628552538214818
0.10628552538214818
0.10603524598896776
0.10654811488262339
0.10654811488262339
0.1060835455183648
0.10524435406834193
0.104788103724179
0.1035523792482527
0.1035523792482527
0.1029556900946908
0.1037508371717557
0.10329540896609668
0.10361618147982955
0.102920323369884
0.102920323369884
0.10204560300013066
0.10275191552530613
0.10321390133507208
0.10233952964254747
0.10233952964254747
0.10352508780325631
0.10415251849030036
0.10361833464998031
0.10340498343714058
0.10340498343714058
0.10340498343714058
0.10281972369261803
0.10288167064745149
0.10260928273392747
0.10259141021990655
0.10334125538273066
0.10332595929896346
0.10334798318226666
0.10315688730828726
0.1025321960989111
0.1029742978082074
0.10316149949947934
0.10435637700126281
0.10390466611941289
0.10428804135015553
0.10353400879986671
0.10449771370389833
0.10524132530565844
0.10471440356796316
0.10504884071923605
0.10535459483148302
0.10535459483148302
0.10573132431695405
0.10724826979618274
0.10778960009351526
0.10778960009351526
0.10659583461174811
0.10655340382734188
0.105965456152459
0.10597331781723233
0.10539753028168922
0.10637891904912611
0.10601536025042739
0.10567283001897335
0.10536800700074614
0.106076746652679
0.1066249074178751
0.10658073544269443
0.10696760413833685
0.10705134306474039
0.10760419009928453
0.10760419009928453
0.10835897014123852
0.10765368055326785
0.10765368055326785
0.10656302806566603
0.10662246412605965
0.10662246412605965
0.10724998817119476
0.10814951033680759
0.10921169698170446
0.10864027237689253
0.10864027237689253
0.10801762870809704
0.10814145934482243
0.10815192256432381
0.10804697912929137
0.10786768229606751
0.10819948614040592
0.10927092224995368
0.10927092224995368
0.10826469628346759
0.10845242404772662
0.10845242404772662
0.10793755494591664
0.10793755494591664
0.10793755494591664
0.10851594438076335
0.10851594438076335
0.10832397453305267
0.10832397453305267
0.10822185295120874
0.10892868967512828
0.10863367356678771
0.10981869786421453
0.11042663103466123
0.11050579663671993
0.10963276081144849
0.10928754945205958
0.10845160187998448
0.1089143848152823
0.10877363931457558
0.10856168414367438
0.10747428547407926
0.1062025678653293
0.10686252364759523
0.10669920537026292
0.10669920537026292
0.10734889076400911
0.1079165110533043
0.10768982890700812
0.1073718266397293
0.10806792079755821
0.10692512575578593
0.10715644483706849
0.10623010007019304
0.10623010007019304
0.10667657642039668
0.10781073148644811
0.10753418171350562
0.10753418171350562
0.10706173202510506
0.10667510102855988
0.10714573462941233
0.10625402170000858
0.10625402170000858
0.10743797962000787
0.10739919872925381
0.10695102261913494
0.10714651088911065
0.10799793604877116
0.10799793604877116
0.10783039824179723
0.10825112751563157
0.10690361682727836
0.10847724253203578
0.10760908348793834
0.10614348095665739
0.10674296141198333
0.1066419189037571
0.1066419189037571
0.1066419189037571
0.10654490920847617
0.10654490920847617
0.10789583801391368
0.10789583801391368
0.10698671146096468
0.10698671146096468
0.10821129476994845
0.1089681092533232
0.1089681092533232
0.1089681092533232
0.10880517717067828
0.10880517717067828
0.10875272474003336
0.1092438841985591
0.10990175179134982
0.11012497914627681
0.10909796648926745
0.10960652612752701
0.10881559269079084
0.10928283157931977
0.10928283157931977
0.10928283157931977
0.10963865920794034
0.10921539533413831
0.10887643966299693
0.10935395374252047
0.10945046521415831
0.10808945594174309
0.10866890875464874
0.10756566748201242
0.10756566748201242
0.1083140884074756
0.10836100049709677
0.10836100049709677
0.107576511888607
0.10761410764806749
0.10761410764806749
0.10761410764806749
0.10786120415533419
0.1079720692873152
0.1079720692873152
0.1080858229327162
0.1080858229327162
0.1074947563228764
0.10697247664915806
0.109429279691536
0.10995996543533693
0.1083928797157916
0.10726064588718766
0.10760606523615901
0.1079225300448491
0.1079225300448491
0.10897306916386576
0.10875868847269592
0.10897757928398287
0.10821598359121914
0.10821598359121914
0.10820670556611141
0.10761554832300577
0.10869035972047136
0.10869035972047136
0.10869035972047136
0.10945935135642243
0.10927246794954061
0.11132573708979022
0.11022592477659515
0.10941970599780775
0.10968248775240559
0.10968248775240559
0.10915774208531465
0.10954936451150488
0.10969884731972125
0.10969884731972125
0.10969884731972125
0.10992242417788538
0.11013818820816733
0.10956711314173498
0.10961891321918042
0.109805213473688
0.10977876218405526
0.1083978031911585
0.1083978031911585
0.1083978031911585
0.10875689816440649
0.10921874997121707
0.10921874997121707
0.10948340132179571
0.10950155553185142
0.11039013747300923
0.10961101704112695
0.10957793749636976
0.10908913563981022
0.10959985767523539
0.10959985767523539
0.10999390573622846
0.11027601977783609
0.11013410751685139
0.11041667288375932
0.11015262891836397
0.11037164442844843
0.10973969445444944
0.11059161714692894
0.10864588749842277
0.10950564390607753
0.10950564390607753
0.10950564390607753
0.11092837974846313
0.11087365098055157
0.11087365098055157
0.11087365098055157
0.11102679153764396
0.11045920029315529
0.10982202128853417
0.10971216116762601
0.10964472979683665
0.10951300077767075
0.10833024463386766
0.10945079539656562
0.10945079539656562
0.10945079539656562
0.10932991991128727
0.10932991991128727
0.10788385370476009
0.1079808637952346
0.10759486835946276
0.1063667840992366
0.10640435228382208
0.10729950059624137
0.10729950059624137
0.10705640654220856
0.10705640654220856
0.10672075105698839
0.10727713656024715
0.10770886457598995
0.10774121077249177
0.10754385368228597
0.10827544859414416
0.10870369883059607
0.10785693163917533
0.10785693163917533
0.10785693163917533
0.10714714824075422
0.10714714824075422
0.10719803599506393
0.10719803599506393
0.1061382013168451
0.10577521507771952
0.10559962695482475
0.10550051508013539
0.10653161901986138
0.10653161901986138
0.10578165725335198
0.10602214766106356
0.10585335601188237
0.10621777497921411
0.10560426241258497
0.10608938944476273
0.10724453640360015
0.10703963503376597
0.10727518098692124
0.10717431474633686
0.1068338605874862
0.10689580368718479
0.10622793003155571
0.10622793003155571
0.10622793003155571
0.10622793003155571
0.10579934021681364
0.10579934021681364
0.10560518077555867
0.10593238912904519
0.10577136258065033
0.10590735598152531
0.10717131197979424
0.10650644255487397
0.10737779382159619
0.10819173042507728
0.10819173042507728
0.1083188426726168
0.1083188426726168
0.10733466413791748
0.10730466311999677
0.10782161788793765
0.10772159310981226
0.10772159310981226
0.10720369707470022
0.10718342464765902
0.10844910118447963
0.10791167452359539
0.10814909446787352
0.10798959218881858
0.10803328425993476
0.1084480652155256
0.10764445719204561
0.10764445719204561
0.10682852976923508
0.10697614907585686
0.10668344997009568
0.10654288165050238
0.106583583656183
0.106583583656183
0.10581778352147786
0.10615288148202914
0.10483871329656147
0.1048784790045594
0.10488538839354992
0.10512662402473791
0.10483964495133628
0.10576568364939117
0.10609342590982838
0.10594695789383332
0.10653500023265125
0.10735895646885563
0.1073364050533671
0.10739497260519335
0.10856810574788245
0.10807427054520745
0.10807427054520745
0.10803913309152023
0.10803913309152023
0.10742785568502339
0.10829211292045487
0.10885304339443583
0.10773449265808929
0.1071366127890661
0.10803378756734136
0.10770517039953413
0.10693457825363806
0.10718631529840887
0.10605300436930101
0.10507269948480118
0.10469347255981999
0.10469347255981999
0.10439380169099342
0.10468640338314751
0.10468640338314751
0.10458206505362722
0.10383952559911698
0.10283059387554869
0.10245785514227185
0.10245785514227185
0.10299369164954059
0.10299369164954059
0.10299369164954059
0.10299369164954059
0.10138120049989843
0.10140365455922544
0.10246666951295874
0.101141714194145
0.10125551765651378
0.10123213566812737
0.1008847566418819
0.10089530278429745
0.1016216748454612
0.10069918312141267
0.10154359955179025
0.1023450482071129
0.10217627848437431
0.10217627848437431
0.10207899448115884
0.10154830928237153
0.10238261445641837
0.10354222316284992
0.10354222316284992
0.10354222316284992
0.1028364467950841
0.1028364467950841
0.1028364467950841
0.1028364467950841
0.10335953186761548
0.10358940059623539
0.10422504435328452
0.10422504435328452
0.10287037953899844
0.10242994669360175
0.10251455281879482
0.10082503326927818
0.10205971085183738
0.10110570496130751
0.10033238218423271
0.10088584337217343
0.10088584337217343
0.10088584337217343
0.10106752711078686
0.10126197063892224
0.10129765980002886
0.100061673402171
0.10205099197475617
0.10286699385884485
0.10223632128580107
0.10223632128580107
0.10115062223473169
0.10115062223473169
0.10192396334307197
0.10201100454709257
0.10138152652172791
0.10138188946348077
0.10079208364636513
0.09998435550339617
0.09918566805725894
0.09966693717319232
0.09947337090960598
0.10043848319392638
0.10043848319392638
0.101131704625777
0.10058932827010007
0.10058932827010007
0.10110475236737594
0.1011487999002803
0.10155220850024155
0.10155220850024155
0.1021736779847031
0.1021736779847031
0.1021823670391448
0.1021823670391448
0.10248226953703925
0.10250657401222053
0.10250079000590462
0.10234496937184598
0.10309674439526367
0.10222152608747194
0.10137273371802263
0.10117349818530313
0.10123293254700776
0.10180360410983429
0.10073042993964901
0.10053517385678037
0.09987251000003548
0.09915379841239656
0.09876360584945666
0.09873590643825444
0.09929807582444873
0.09929807582444873
0.09929807582444873
0.10090250245947206
0.1007464005850008
0.1009491175715837
0.1009491175715837
0.10029631819773457
0.10089999071190492
0.10010426864406069
0.0998524183397818
0.10104064897784536
0.10069278239445655
0.10072711252338526
0.10072711252338526
0.099976075812308
0.099976075812308
0.09917400588560493
0.09917400588560493
0.09793997243323317
0.09793997243323317
0.09793997243323317
0.09787817873546124
0.09773270230588085
0.09733234231996334
0.09693390409671578
0.0972047378393066
0.09770672121411698
0.09770672121411698
0.09772362800855083
0.09772362800855083
0.09808799579895601
0.09822496113488126
0.09870733743530685
0.09806290719203752
0.09739183336301849
0.09603233599752954
0.09709072922669794
0.09696061325847756
0.09696061325847756
0.0958803209017764
0.0959765088498147
0.0973661348550864
0.09561406405460667
0.09542244719390912
0.09575858902187359
0.09575858902187359
0.09669942489555154
0.09669942489555154
0.09789177524071417
0.0976240369169452
0.09764942799548491
0.09764942799548491
0.09715922577939717
0.09713071330467943
0.0972304949420892
0.09742097032441557
0.09840303303839339
0.09961243945899224
0.09910526802424383
0.09941216783189179
0.09977671382279377
0.09993079608963143
0.09989919309780058
0.09968881923320919
0.10179549778383963
0.10121537816625359
0.10151859521531391
0.10207753135727497
0.10041458636037112
0.10041458636037112
0.10031079830799339
0.09851425046306099
0.09858443357121549
0.09976084481240277
0.10043101887964515
0.09984868348227927
0.09984868348227927
0.10024105774499484
0.09929290599008155
0.09876874021660789
0.09906828361566208
0.09923585233865054
0.10004242742891824
0.10000082786494366
0.10034275235918388
0.10211303250270093
0.10231677394416082
0.1007702123457661
0.10105390692676704
0.10080596979398222
0.10055588480160155
0.10086834996485564
0.10154188349037799
0.10021020821656275
0.10107912143827105
0.10107912143827105
0.1011123576969279
0.10021405823370606
0.10042257505164112
0.09862617262346926
0.10010564853525093
0.10023490835257189
0.10023490835257189
0.10069475718037595
0.10055152372203213
0.09941227653657715
0.09888197562220745
0.09885568635735485
0.10015290470238757
0.10037467444219415
0.10037467444219415
0.100834049820332
0.10085727856462422
0.1016870032475402
0.10280412862085396
0.10372989555141157
0.1038204443408658
0.1038204443408658
0.10341515113921043
0.10196894580495988
0.10087305204827127
0.09990631873399766
0.10024513798730873
0.10037697313710914
0.1016941305074899
0.10155334104762465
0.1010424333579763
0.10169077893623829
0.10169077893623829
0.10303469951435476
0.10303469951435476
0.10220713260264672
0.10220713260264672
0.10296851988124275
0.10283643948257479
0.10291447596484121
0.10301080059222743
0.10367726354858314
0.10280485205219203
0.10362648576281602
0.10362648576281602
0.10342934770773839
0.10264926417347592
0.10313503004102673
0.10291471362565355
0.10219966030216139
0.10307523975265911
0.10307523975265911
0.10356515001378006
0.10356515001378006
0.10345917128717479
0.10444114588076495
0.10321315836279214
0.10321315836279214
0.10348362404320367
0.10395303303466864
0.1041970909612898
0.10314277211167971
0.10377224109208763
0.10379926560593548
0.10342471746039211
0.10286800709055535
0.10286800709055535
0.10260516472383142
0.10260516472383142
0.102626955389144
0.102626955389144
0.10237851478813396
0.1020149652657876
0.10275630302750789
0.10479553202116516
0.10498112366046324
0.10487586752790547
0.1049248238935944
0.1049248238935944
0.1060343641767835
0.10514011294912158
0.10677791081261837
0.10653275741606259
0.1061706224204272
0.10624840327271853
0.10616578604378094
0.10616578604378094
0.10621192113657103
0.10658808950290856
0.10642168420843284
0.10645714711168536
0.10545387084946105
0.10617961059821245
0.10617961059821245
0.10569098927603332
0.10578890222399603
0.10609760254300078
0.10609760254300078
0.10641603521243409
0.10646780845481037
0.10653862504158555
0.106144707770921
0.10610023975128809
0.10610023975128809
0.10604490823786449
0.10604490823786449
0.10541346188046678
0.10640940159812974
0.10595020039487862
0.10619775992403008
0.1063925458874599
0.1063925458874599
0.10662659870017466
