0.10599201303140354
0.10599201303140354
0.10599201303140354
0.10599201303140354
0.10599201303140354
0.10599201303140354
0.10599201303140354
0.10599201303140354
0.10599201303140354
0.10599201303140354
0.10599201303140354
0.10599201303140354
0.10599201303140354
0.10599201303140354
0.10599201303140354
0.10599201303140354
0.10599201303140354
0.10599201303140354
0.10599201303140354
0.10599201303140354
0.10599201303140354
0.10599201303140354
0.10599201303140354
0.10599201303140354
0.10599201303140354
0.10599201303140354
0.10599201303140354
0.10599201303140354
0.10599201303140354
0.10599201303140354
0.10599201303140354
0.10599201303140354
0.10599201303140354
0.10599201303140354
0.10599201303140354
0.10599201303140354
0.10599201303140354
0.10599201303140354
0.10599201303140354
0.10599201303140354
0.10599201303140354
0.10599201303140354
0.10599201303140354
0.10599201303140354
0.10599201303140354
0.10599201303140354
0.10599201303140354
0.10599201303140354
0.10599201303140354
0.10599201303140354
0.10599201303140354
0.10599201303140354
0.10599201303140354
0.10599201303140354
0.10599201303140354
0.10599201303140354
0.10599201303140354
0.10599201303140354
0.10599201303140354
0.10599201303140354
0.10599201303140354
0.10599201303140354
0.10599201303140354
0.10599201303140354
0.10599201303140354
0.10599201303140354
0.10599201303140354
0.10599201303140354
0.10599201303140354
0.10599201303140354
0.10599201303140354
0.10599201303140354
0.10599201303140354
0.10599201303140354
0.10599201303140354
0.10599201303140354
0.10599201303140354
0.10599201303140354
0.10599201303140354
0.10599201303140354
0.10599201303140354
0.10599201303140354
0.10599201303140354
0.10599201303140354
0.10599201303140354
0.10599201303140354
0.10599201303140354
0.10599201303140354
0.10599201303140354
0.10599201303140354
0.10599201303140354
0.10599201303140354
0.10599201303140354
0.10599201303140354
0.10599201303140354
0.10599201303140354
0.10599201303140354
0.10599201303140354
0.10599201303140354
0.10693369579717132
0.10693369579717132
0.10693369579717132
0.106845437975076
0.10719269812312567
0.10719269812312567
0.10719269812312567
0.10719269812312567
0.10801377960088283
0.10801377960088283
0.10801377960088283
0.10822036755865246
0.10822036755865246
0.10822036755865246
0.10773931907047644
0.10773931907047644
0.10773931907047644
0.10797725676858379
0.10802701882290608
0.10802701882290608
0.10802701882290608
0.10786993965401952
0.10786993965401952
0.10786993965401952
0.10786993965401952
0.10786993965401952
0.10786993965401952
0.10738268710220247
0.10738268710220247
0.10672473527900825
0.10672473527900825
0.10672473527900825
0.10655108198171863
0.10655108198171863
0.10655108198171863
0.10655108198171863
0.10655108198171863
0.10487751112560328
0.10487751112560328
0.10487751112560328
0.10458166899089112
0.10447449059536336
0.10285637735139558
0.10235690344402552
0.1024858397441184
0.10217401186786268
0.10186015866686897
0.10186015866686897
0.10203930140025819
0.10203930140025819
0.1014879908401216
0.1014879908401216
0.1014879908401216
0.1014879908401216
0.1014879908401216
0.10120852698928372
0.10120852698928372
0.10120852698928372
0.10056971329922362
0.10056971329922362
0.09980921874163241
0.09980921874163241
0.10019087149283852
0.10019087149283852
0.0999757569639327
0.09933788815900432
0.09933788815900432
0.09933788815900432
0.09933788815900432
0.09927720012092023
0.09990095120813594
0.09970586591867157
0.0997065929347693
0.0997065929347693
0.0997065929347693
0.0997065929347693
0.0997065929347693
0.10027586987764496
0.10027586987764496
0.10027586987764496
0.0994931678377408
0.09901558536324873
0.09901558536324873
0.09901558536324873
0.09803336168463542
0.09803336168463542
0.09777414032880283
0.09807943361751037
0.09807943361751037
0.09823649699495814
0.09876697744806431
0.09876697744806431
0.09876697744806431
0.09876697744806431
0.09876697744806431
0.09911160165223686
0.09888651226853969
0.09888651226853969
0.09888651226853969
0.09909732301830479
0.09909732301830479
0.09909732301830479
0.09999979647647407
0.09999979647647407
0.09999979647647407
0.10018810748260991
0.10018810748260991
0.10018810748260991
0.10016790501378971
0.10016790501378971
0.1006315320109157
0.10053956970848117
0.10053956970848117
0.10069919582561505
0.10100945471912182
0.10100945471912182
0.10100945471912182
0.10148378503612791
0.101353513974112
0.10119598456533814
0.10119598456533814
0.10098065960891578
0.10098065960891578
0.10098065960891578
0.10090823458147477
0.10090823458147477
0.10090823458147477
0.10090823458147477
0.10092276624782671
0.10092276624782671
0.10092276624782671
0.10092276624782671
0.10089167246180916
0.10121484337389813
0.09995681596440087
0.09995681596440087
0.09995681596440087
0.10014434543791956
0.10014434543791956
0.10014434543791956
0.10110026187376389
0.10151733314888321
0.10130235877248614
0.10130235877248614
0.10130235877248614
0.10130235877248614
0.10130235877248614
0.10124488942936934
0.10124488942936934
0.10124488942936934
0.10124488942936934
0.10124488942936934
0.10124488942936934
0.10124488942936934
0.10112310054439663
0.10112310054439663
0.10112310054439663
0.10066818372997263
0.10115204835212771
0.10044105905004469
0.10044105905004469
0.10044105905004469
0.10044105905004469
0.09965931423989714
0.09965931423989714
0.09965931423989714
0.09965931423989714
0.09965931423989714
0.09929365020096237
0.09929365020096237
0.09942566047941001
0.09942566047941001
0.09912877764972873
0.09912877764972873
0.10036022358877451
0.10003060108038045
0.10003060108038045
0.10051698754933987
0.10051698754933987
0.10044820388150578
0.10105406500628324
0.10135068065437669
0.1011532780467132
0.1011532780467132
0.1008965851593672
0.1008965851593672
0.1008965851593672
0.1008965851593672
0.10068438814984478
0.10092975075538141
0.10092975075538141
0.10092975075538141
0.10092975075538141
0.10074558285948321
0.10007333478505011
0.10007333478505011
0.10007333478505011
0.10007333478505011
0.1010098492571776
0.10122679490558571
0.1012749216973247
0.1012749216973247
0.1012749216973247
0.1012749216973247
0.1012749216973247
0.1012749216973247
0.10148255564980078
0.10148255564980078
0.1012295648294165
0.1012295648294165
0.10149300953911684
0.10149300953911684
0.10149300953911684
0.10149300953911684
0.10149300953911684
0.10137464632058041
0.10137464632058041
0.10137464632058041
0.10137464632058041
0.10137464632058041
0.10180087603122827
0.10198050613655339
0.10198050613655339
0.10191014724765099
0.10164072354251019
0.1016194404130589
0.10225111857217413
0.10324471229201478
0.10329211868206632
0.10240349467264151
0.10258580831701311
0.10258580831701311
0.10258580831701311
0.10332280855166959
0.10302364045655497
0.10261262905822309
0.10261262905822309
0.10261262905822309
0.10261262905822309
0.10261262905822309
0.10261262905822309
0.10261262905822309
0.10271656259263964
0.10271656259263964
0.10271656259263964
0.10277293792474038
0.10277293792474038
0.10262693343043405
0.10245240700412855
0.10245240700412855
0.10245240700412855
0.10245240700412855
0.10245240700412855
0.10282393653058795
0.10286443759800885
0.10261739884499807
0.10217184484491117
0.10217184484491117
0.10217184484491117
0.10299114127374259
0.10299114127374259
0.10331850826217771
0.1032737141018312
0.10303116303998927
0.1029871061571104
0.1029871061571104
0.10281441555083738
0.10253903039900081
0.10253903039900081
0.10253903039900081
0.10253903039900081
0.10253903039900081
0.10291390910947155
0.10317022260698731
0.10317022260698731
0.10317022260698731
0.10256938179416
0.10256938179416
0.10256938179416
0.10306018549265486
0.10306018549265486
0.10306018549265486
0.10281835470922056
0.10339927122145148
0.10339927122145148
0.10339927122145148
0.10339927122145148
0.10339927122145148
0.10384497606356119
0.10384497606356119
0.10384497606356119
0.10384497606356119
0.10384497606356119
0.10394958690077485
0.10394958690077485
0.10456077787006686
0.10456077787006686
0.10480346926232069
0.10480346926232069
0.10480346926232069
0.10480346926232069
0.10480346926232069
0.1043460103549698
0.10405940412440874
0.10405940412440874
0.10405940412440874
0.10405940412440874
0.10348311253028805
0.10391774160555527
0.10391774160555527
0.10391774160555527
0.10391774160555527
0.1047482491245467
0.1047482491245467
0.1047482491245467
0.1047482491245467
0.1047482491245467
0.1047482491245467
0.10482297935324217
0.10482297935324217
0.10482297935324217
0.10455882777746064
0.10455882777746064
0.10455882777746064
0.10455882777746064
0.10455882777746064
0.10455882777746064
0.10455882777746064
0.10455882777746064
0.10455882777746064
0.10455882777746064
0.10463577959415889
0.10463577959415889
0.10463577959415889
0.10463577959415889
0.10512381312601679
0.1048028470190796
0.1048028470190796
0.1048028470190796
0.1048028470190796
0.1044734695232747
0.1044734695232747
0.1044734695232747
0.1044734695232747
0.10453425995948898
0.10473465610970929
0.10473465610970929
0.10454124498182925
0.10454124498182925
0.10454124498182925
0.10454124498182925
0.10502222204337154
0.10502222204337154
0.10530713834387885
0.10530713834387885
0.10530713834387885
0.10530713834387885
0.10480077391449041
0.10527543600489483
0.10463742527964415
0.10581787048805265
0.10577291709042093
0.10575429851084073
0.10575429851084073
0.10575429851084073
0.10553168509531435
0.10553168509531435
0.10553168509531435
0.10553168509531435
0.10553168509531435
0.10553168509531435
0.10553168509531435
0.10553168509531435
0.10553168509531435
0.10579231290843714
0.10579231290843714
0.10579231290843714
0.10579231290843714
0.10510239253560576
0.10572810710752265
0.10591478939716822
0.10611423300544337
0.10601230442364536
0.10615455676309465
0.10604272851087579
0.10548769585509003
0.10673887314559721
0.10673887314559721
0.10673887314559721
0.10673887314559721
0.10610084479481753
0.1062572727016554
0.1062572727016554
0.1062572727016554
0.10612715131889251
0.10609668606822029
0.10596417593295118
0.10596417593295118
0.10596417593295118
0.1055496889955137
0.10665367484846691
0.1065569482301856
0.1065569482301856
0.10546252886434744
0.10643373947142079
0.10643373947142079
0.10603346065089424
0.10586284804881549
0.10586284804881549
0.10586284804881549
0.10586284804881549
0.10586284804881549
0.10626052571385543
0.10543305992420655
0.10543305992420655
0.10542717056531896
0.10516672413854289
0.10469963355449913
0.10465199461166719
0.10465199461166719
0.10465199461166719
0.10465199461166719
0.10523599884748898
0.10464802256091746
0.10464802256091746
0.10464802256091746
0.1038276561805414
0.1038276561805414
0.1038276561805414
0.1039295142458354
0.10389699350503617
0.10389699350503617
0.10416347079758372
0.10397820093043428
0.10386248460194783
0.10386248460194783
0.10386248460194783
0.10447811696664831
0.10447811696664831
0.10447811696664831
0.1044702400885095
0.1044702400885095
0.1044702400885095
0.10396084409257125
0.10396084409257125
0.10459327965673636
0.1034187501394496
0.1034187501394496
0.1046837414173701
0.10418555784355488
0.10418555784355488
0.10410792999997452
0.10410792999997452
0.10481962940356641
0.10434236725155809
0.10474086348334558
0.10409945377264247
0.10432470918371889
0.10432470918371889
0.10349234933597566
0.10349234933597566
0.10349234933597566
0.1035286180887729
0.10340658394052878
0.10419641637217303
0.10419641637217303
0.10403506371082635
0.10403506371082635
0.10403506371082635
0.10403506371082635
0.10403506371082635
0.10445133414246696
0.10435619525532837
0.10435619525532837
0.10435619525532837
0.10494881109569058
0.10494881109569058
0.10494881109569058
0.10494881109569058
0.10434425503759065
0.10434425503759065
0.10404654634125604
0.10430991191275883
0.10430991191275883
0.10430991191275883
0.10430991191275883
0.10430991191275883
0.10430991191275883
0.10430991191275883
0.10430991191275883
0.10430991191275883
0.10430991191275883
0.10395413623715676
0.10462364509568595
0.10540607437569269
0.10490564783683562
0.10490564783683562
0.10490564783683562
0.10490564783683562
0.10490564783683562
0.10490564783683562
0.10517681633195569
0.10517681633195569
0.10522253924031291
0.10571924421297747
0.10571924421297747
0.10527115296667451
0.10527115296667451
0.10527115296667451
0.10517178646358905
0.10517178646358905
0.10517178646358905
0.10517178646358905
0.10504498654255455
0.10524484560488193
0.10524484560488193
0.10534912868928366
0.10534912868928366
0.10534912868928366
0.10466831275097427
0.10441460884958302
0.10441460884958302
0.10441460884958302
0.10484978728426005
0.10484978728426005
0.10474863305399776
0.10474863305399776
0.10476732202414513
0.10476732202414513
0.10535029187997007
0.10535029187997007
0.10535029187997007
0.10550734841147144
0.10603988528593063
0.10603988528593063
0.10603988528593063
0.10603988528593063
0.10603988528593063
0.1059122976258049
0.1059122976258049
0.10617516562201991
0.105589396488807
0.10574620702607206
0.1062842548488433
0.10570000551279488
0.10587158739370779
0.10587158739370779
0.10587158739370779
0.10587158739370779
0.10587158739370779
0.10587158739370779
0.10587158739370779
0.10587158739370779
0.10682468929378074
0.10679424900609015
0.10679424900609015
0.10679424900609015
0.10679424900609015
0.10679424900609015
0.10679424900609015
0.10647122994509423
0.10646800575765396
0.10646800575765396
0.10646800575765396
0.106279019765579
0.106279019765579
0.106279019765579
0.106279019765579
0.106279019765579
0.10658871387278858
0.10658871387278858
0.10658871387278858
0.10658871387278858
0.10658871387278858
0.10708223521659366
0.10708223521659366
0.10708223521659366
0.10708223521659366
0.10680173003317336
0.10703219142798981
0.10703219142798981
0.10723579283459153
0.10750959141545822
0.10706024736236984
0.10708268265823001
0.10709388400340465
0.10649518473974035
0.10708690892534736
0.10708690892534736
0.10611901689004548
0.1064490683828654
0.1064490683828654
0.10684697335920502
0.10684697335920502
0.10739923544008682
0.10739923544008682
0.10714816143432526
0.10729448759423368
0.10698049295074256
0.10695262007814778
0.1076332119634516
0.1076332119634516
0.1076332119634516
0.108326272233555
0.10834244923443255
0.10801719494175595
0.10813846876478757
0.10813846876478757
0.10813846876478757
0.10813846876478757
0.10801586137595594
0.10782624126206507
0.10782624126206507
0.10737502311484369
0.1068796431823425
0.1068796431823425
0.10731660357557106
0.10731660357557106
0.10731660357557106
0.1071573997666711
0.1071573997666711
0.10708763823986836
0.10705091163451518
0.10705091163451518
0.10705091163451518
0.10680863122565186
0.10650300495272313
0.10650300495272313
0.10650300495272313
0.10650300495272313
0.10580652732889713
0.10580652732889713
0.10580652732889713
0.10580652732889713
0.10580652732889713
0.10538987673856262
0.10526693811896286
0.10526693811896286
0.10526693811896286
0.10526693811896286
0.10458265782975347
0.10458265782975347
0.1048255348557131
0.1048255348557131
0.10519857677946061
0.10542993676662007
0.10542993676662007
0.10584816084471221
0.10584816084471221
0.10521288438868587
0.10526536055971558
0.10598877890561771
0.10616304724917001
0.10676283240106588
0.10685422695767995
0.10685422695767995
0.10612420372648777
0.10612420372648777
0.10617944846313707
0.10617944846313707
0.10617944846313707
0.10617944846313707
0.10617944846313707
0.10620807187111274
0.10679139385300492
0.10689740706634969
0.1073054667696002
0.1073054667696002
0.1073054667696002
0.1073054667696002
0.10604316366369172
0.10604316366369172
0.10625051852636049
0.10625051852636049
0.10625051852636049
0.10603769189775906
0.10603769189775906
0.10571475646973746
0.10571475646973746
0.10666899705806696
0.1063740978031784
0.10650997505699689
0.10650997505699689
0.10650997505699689
0.10666335016796916
0.10666335016796916
0.10666335016796916
0.10666335016796916
0.10661563663046647
0.10612964342435924
0.10639126350958261
0.10590207953415663
0.10590207953415663
0.10590207953415663
0.10647560396770439
0.10647560396770439
0.10690165505531009
0.10690165505531009
0.10690165505531009
0.10690165505531009
0.10731250992146062
0.107054853065731
0.107054853065731
0.107054853065731
0.107054853065731
0.107054853065731
0.10810072621154655
0.10810072621154655
0.10810072621154655
0.10810072621154655
0.10810072621154655
0.10810072621154655
0.10810072621154655
0.10853816546764125
0.10853816546764125
0.10853816546764125
0.10853816546764125
0.10869746394932925
0.10869746394932925
0.10869746394932925
0.10869746394932925
0.10869746394932925
0.10869746394932925
0.10859757452494617
0.10844401233833563
0.10785748895794249
0.10785748895794249
0.10785748895794249
0.10762193853653733
0.10762193853653733
0.10762193853653733
0.1082015485393852
0.1084446148087107
0.10793672137318279
0.10793672137318279
0.10793672137318279
0.10792228292325913
0.1079748156976724
0.1079748156976724
0.1079748156976724
0.1079748156976724
0.1079748156976724
0.10813979339257922
0.10804257148907995
0.10818011763929294
0.10818011763929294
0.10818011763929294
0.10818011763929294
0.10818011763929294
0.10818011763929294
0.10818011763929294
0.10818011763929294
0.10799585666500942
0.108249853288668
0.108249853288668
0.108249853288668
0.10794835239708384
0.10726176524783178
0.10726176524783178
0.10724270131057755
0.10724270131057755
0.10702462452418761
0.10702462452418761
0.10702462452418761
0.10702462452418761
0.10702462452418761
0.10734340868739667
0.10683373174098237
0.10729316779024188
0.10693587283979686
0.1074154761011308
0.1074154761011308
0.1074154761011308
0.1074021051559233
0.1074021051559233
0.1074021051559233
0.1074021051559233
0.1074021051559233
0.1074021051559233
0.10744924352519634
0.10744924352519634
0.10744924352519634
0.10744924352519634
0.10746377612171992
0.1084792151464039
0.107924476217755
0.1081663734938473
0.1081663734938473
0.1081663734938473
0.1081663734938473
0.1081663734938473
0.1081663734938473
0.1081663734938473
0.10844866446366634
0.10880844752917089
0.10864753894673701
0.10864753894673701
0.10910871938017033
0.10910871938017033
0.10910871938017033
0.10910871938017033
0.10842806627925713
0.10965838468595827
0.10965838468595827
0.10973877896932097
0.10964505468304421
0.10961896400619679
0.10961896400619679
0.10961896400619679
0.10961896400619679
0.10961896400619679
0.10961896400619679
0.1096009149197518
0.10900020669581323
0.10900020669581323
0.10896035540286914
0.10875360286261786
0.10896649755863562
0.10894016523459847
0.10894016523459847
0.10894016523459847
0.10884770896800067
0.10884770896800067
0.10884770896800067
0.10884770896800067
0.10864298370212218
0.10814054157904641
0.10814054157904641
0.10814054157904641
0.10814054157904641
0.10814054157904641
0.10787017058742064
0.10847067034402566
0.10847067034402566
0.10847067034402566
0.10819242104556238
0.10804927837962458
0.10804927837962458
0.10804927837962458
0.10804927837962458
0.10804927837962458
0.10804927837962458
0.10796862013600055
0.10796862013600055
0.10771336196053909
0.10826881071591773
0.1083307497720482
0.10856764275633832
0.10856764275633832
0.10889585582357224
0.10889585582357224
0.10889585582357224
0.10889585582357224
0.10889585582357224
0.10889585582357224
0.10834524426965857
0.10871794598422446
0.10871794598422446
0.10871794598422446
0.10871794598422446
0.10871794598422446
0.10814437960221555
0.10814437960221555
0.10814437960221555
0.10843159502688232
0.10843159502688232
0.10763222582797757
0.10779254119244633
0.10720589434040742
0.10833397292129734
0.1082941236570364
0.1082941236570364
0.1082941236570364
0.10812809099572568
0.10812809099572568
0.10812809099572568
0.10835659877198846
0.10835659877198846
0.10903683424167458
0.10903683424167458
0.10817040790082115
0.10817040790082115
0.10817040790082115
0.10817040790082115
0.10817040790082115
0.10817040790082115
0.10861654942218987
0.10861654942218987
0.10830994746689493
0.10892038657869961
0.10892038657869961
0.10943873317623955
0.10943873317623955
0.10943873317623955
0.10953742142932513
0.10953742142932513
0.10955530514468588
0.10955530514468588
0.10913671514320367
0.10913671514320367
0.1092868586922616
0.1092868586922616
0.11010142382319356
0.11010142382319356
0.11010142382319356
0.11010142382319356
0.11010142382319356
0.11010142382319356
0.11010142382319356
0.11013482181559538
0.11012952108760421
0.11012952108760421
0.1105533991532158
0.1105533991532158
0.11037966379957048
0.11037966379957048
0.11037966379957048
0.11037966379957048
0.11041437146558661
0.10972422269450414
0.10977289814385947
0.11008506367922916
0.11008506367922916
0.11008506367922916
0.11008506367922916
0.11008506367922916
0.11008506367922916
0.11008506367922916
0.11008506367922916
0.11008506367922916
0.10948172459457396
0.10948172459457396
0.10965704716361764
0.10965704716361764
0.10965704716361764
0.10896665825793257
0.10917785001743514
0.1088151759545146
0.10896102684544466
0.10895329959651112
0.10895329959651112
0.10895329959651112
0.10895329959651112
0.10859289467762874
0.10859289467762874
0.10859289467762874
0.10851863476394366
0.10851863476394366
0.10869369441986633
0.10869369441986633
0.10865854446093683
0.10893966283161945
0.10893966283161945
0.10893966283161945
0.10948533163526476
0.10982197486920149
0.10982805351310716
0.10982805351310716
0.10920244602606559
0.10920244602606559
0.1092284938280608
0.10927743485761487
0.10927743485761487
0.10927743485761487
0.10941712492035202
0.10855801004519397
0.10850794318173214
0.10847204163479601
0.10817740407632392
0.10894511949013753
0.10894511949013753
0.10857734042300454
0.10811741828323497
0.1096524800486089
0.1096524800486089
0.1096524800486089
0.1096524800486089
0.10969963512102165
0.10969963512102165
0.10969963512102165
0.10955416875267338
0.10975220377826399
0.10975220377826399
0.10975220377826399
0.11013219503141174
0.10965390620703892
0.10965390620703892
0.11078679673584901
0.11078679673584901
0.11059205399872082
0.11059205399872082
0.1110612952888352
0.1110612952888352
0.1110612952888352
0.11099273254390317
0.11099273254390317
0.11099273254390317
0.11045024626672748
0.11045024626672748
0.11045024626672748
0.10992296958462101
0.1095577202166387
0.1095577202166387
0.1095577202166387
0.11009290409102662
0.11009290409102662
0.11031438094080548
0.1094782560996243
0.11020021597479591
0.10956171322978908
0.10956171322978908
0.1091486638039633
0.10877081830329338
0.10877081830329338
0.10877081830329338
0.10840409561998743
0.10893852455993458
0.10911849115991097
0.10911849115991097
0.1091939961166443
0.1091939961166443
0.1091939961166443
0.10840434668163314
0.10840434668163314
0.10840434668163314
0.10840434668163314
0.10840434668163314
0.1085563690611538
0.1092563803425378
0.1095142341220552
0.10900220066416358
0.10856874894873694
0.10812788564745511
0.10838078489765283
0.10838078489765283
0.10838078489765283
0.10838078489765283
0.10838078489765283
0.10913494471730016
0.10913494471730016
0.10913494471730016
0.10886922940424565
0.10875730438960785
0.10875730438960785
0.10875730438960785
0.10821898825069767
0.10933566209358563
0.10933566209358563
0.109028938399515
0.10907552477862402
0.10907552477862402
0.10907552477862402
0.10945316933168057
0.10901281744279469
0.10901281744279469
0.10899780099003901
0.10899780099003901
0.10873247922043526
0.10835675252955819
0.10833948767248236
0.10833948767248236
0.10819865758158718
0.10819865758158718
0.10819865758158718
0.10819865758158718
0.10819865758158718
0.10819865758158718
0.1080130647122389
0.10788508814493417
0.10788508814493417
0.10849310378208712
0.10856063967769464
0.10856063967769464
0.10824378429965925
0.10963912926190464
0.10963912926190464
0.10963912926190464
0.1093990320684487
0.1093990320684487
0.10890206476956196
0.10890206476956196
0.10890206476956196
0.10890206476956196
0.10921475385169888
0.10921475385169888
0.10921475385169888
0.10921475385169888
0.10921475385169888
0.10977866956746997
0.10983639001603362
0.10983639001603362
0.10983639001603362
0.10983639001603362
0.10983639001603362
0.10973612175224723
0.10973612175224723
0.10973612175224723
0.10973612175224723
0.10973612175224723
0.10956874221610743
0.10970303176032087
0.10969251121455866
0.10969251121455866
0.10998324321500663
0.10993213732849733
0.10993213732849733
0.11007848617625209
0.11046423308174018
0.11046423308174018
0.11046423308174018
0.11046423308174018
0.11074648513048112
0.11074648513048112
0.11074648513048112
0.11074648513048112
0.10991441991460087
0.10995974248039275
0.10961311512327933
0.10976939448853278
0.10941701212229789
0.10941701212229789
0.10941701212229789
0.10957487480536929
0.10957487480536929
0.11029886012841306
0.11021124138135481
0.11015012004725461
0.10965095620200785
0.10965095620200785
0.11025710101770829
0.11037960055755765
0.11037960055755765
0.11037960055755765
0.11065113662941997
0.11065113662941997
0.11065113662941997
0.11082082508322993
0.1104043084613657
0.1103448116882879
0.1103448116882879
0.1103448116882879
0.11023105496459082
0.11023105496459082
0.11078102579344033
0.11078102579344033
0.11078102579344033
0.11078102579344033
0.11078102579344033
0.11078102579344033
0.11036068105982073
0.11036068105982073
0.11036068105982073
0.11100631829649892
0.11100631829649892
0.11112735552739882
0.11112735552739882
0.11112735552739882
0.11112735552739882
0.11052409542883485
0.11052409542883485
0.10966003583521709
0.10966003583521709
0.10971812059223768
0.10971812059223768
0.10971812059223768
0.1101567267638395
0.11076666643754282
0.11058303843492805
0.11039128954065348
0.11039128954065348
0.11068537611057012
0.11084064854708423
0.1104147309671948
0.1104147309671948
0.11021930669611801
0.11024317271624146
0.11035751081429566
0.11035751081429566
0.11020967726671188
0.10976739139532932
0.10999417448799326
0.11030605626819018
0.11060313897328053
0.11060313897328053
0.1106471846800222
0.11131272710945407
0.11131272710945407
0.11131272710945407
0.11131272710945407
0.11131272710945407
0.11187051368053208
0.11187051368053208
0.11187051368053208
0.11187051368053208
0.11186909654838856
0.11186909654838856
0.11186909654838856
0.11186909654838856
0.11166757101098487
0.1122238340537499
0.11276876472113799
0.11276876472113799
0.11276876472113799
0.11283295462994701
0.11283295462994701
0.11274889516767922
0.11280701188533186
0.11278526655859449
0.11232440855303213
0.11241722470006485
0.11281193743997811
0.11221721339743809
0.11251147105224236
0.11251147105224236
0.11251147105224236
0.11251147105224236
0.11251147105224236
0.11228173974455698
0.11228173974455698
0.11228173974455698
0.11228173974455698
0.11220970114490215
0.11220970114490215
0.11228653116514534
0.11228653116514534
0.11246996905071176
0.11246996905071176
0.11246996905071176
0.11332639084638609
0.11306018288823236
0.11219659412277852
0.11238517245641352
0.11230287003069947
0.11159123158238288
0.11159123158238288
0.11185546574976084
0.11185546574976084
0.11185546574976084
0.11195716788659248
0.11195716788659248
0.11193240857623481
0.1120606050378992
0.1120606050378992
0.11228533703818945
0.11228533703818945
0.11228533703818945
0.11228533703818945
0.11228533703818945
0.11169348770551732
0.11178349501510258
0.11136704264860436
0.11136704264860436
0.11220448179606533
0.11220448179606533
0.11143777192342698
0.11183900845687121
0.11252884087115303
0.11224626488338581
0.1128397920699037
0.11254571771219214
0.11266874233416427
0.11266874233416427
0.11261654385823099
0.11261322937662196
0.11261322937662196
0.11261322937662196
0.11277736468774716
0.11279645342613444
0.11310384540203142
0.11327652266351386
0.1131987038620325
0.1131987038620325
0.1131987038620325
0.11391463953602841
0.11443613522143486
0.11470956444555443
0.11470956444555443
0.11493585555425255
0.11493585555425255
0.11493585555425255
0.11493585555425255
0.11493585555425255
0.11389748224909847
0.11407641552754033
0.11409287644385377
0.11409287644385377
0.11409287644385377
0.11405455762801242
0.11419542772105332
0.11462063935384467
0.11448962343263169
0.11502135447187185
0.11502135447187185
0.11412806098478841
0.11442305830544114
0.1147259029803188
0.11361549910833126
0.11497627633332426
0.1148011417767445
0.11484608237026804
0.11512116010847707
0.11512116010847707
0.11509314806090858
0.11519803015431061
0.11498525894499458
0.11506296036339873
0.11554202892209356
0.11529383050758844
0.11506006256328037
0.11509932911354842
0.11452392133184174
0.11452392133184174
0.11452392133184174
0.11454170589762426
0.1145817564069823
0.1145817564069823
0.1145817564069823
0.1145817564069823
0.1145817564069823
0.11453801198634334
0.11453801198634334
0.11483526897048434
0.11577373673874443
0.1150929777200609
0.1156806301459511
0.1154114356599701
0.1154114356599701
0.11500420486839498
0.11500420486839498
0.11500420486839498
0.11500420486839498
0.11500420486839498
0.11488847383479266
0.11488847383479266
0.11366987103081706
0.11366987103081706
0.11366987103081706
0.11366987103081706
0.11366987103081706
0.11366987103081706
0.11287938063582677
0.11353007115629263
0.11353007115629263
0.11353007115629263
0.11326053730175688
0.11326053730175688
0.1134062252024761
0.1134062252024761
0.11384962367268027
0.11413193878250508
0.11413193878250508
0.11413193878250508
0.11512227712284172
0.1142547505494405
0.1142547505494405
0.11489058838955232
0.11448004278841628
0.11453143826325474
0.11453143826325474
0.11453143826325474
0.11453143826325474
0.11453143826325474
0.11397336276411248
0.11398836864197673
0.11374535343441436
0.11377504172272807
0.11312232280747231
0.11365771646299382
0.11365771646299382
0.11365771646299382
0.1137743359582885
0.1137743359582885
0.1137743359582885
0.1137743359582885
0.1137743359582885
0.1137743359582885
0.11445871990398966
0.11445871990398966
0.11426527507652243
0.11426527507652243
0.11448763559405037
0.11417480730526786
0.11417480730526786
0.11318345857238828
0.11318345857238828
0.11252078755822904
0.11252078755822904
0.11334018704993781
0.11355660896357103
0.11355660896357103
0.11355660896357103
0.11355660896357103
0.11355660896357103
0.11355660896357103
0.11355660896357103
0.11355660896357103
0.11333225951546738
0.11320995739530777
0.11320995739530777
0.11318272477389647
0.11305940683534325
0.11340298050997039
0.11340298050997039
0.11366515955133524
0.11247186247941537
0.11247186247941537
0.11247186247941537
0.11310374390979684
0.11310374390979684
0.11310374390979684
0.11310374390979684
0.11309633278352593
0.11309633278352593
0.11309633278352593
0.11309633278352593
0.11252805843573314
0.11308046304910352
0.11308046304910352
0.11269675095468701
0.11269675095468701
0.11269675095468701
0.11227160808086012
0.11251586238942585
0.11341530453433298
0.11315918317515422
0.113469735327357
0.11349464624272088
0.11425921227281201
0.11389201757508388
0.11269050382790352
0.11322228973990117
0.1128455728555206
0.1128455728555206
0.11269064562874158
0.11269064562874158
0.11269064562874158
0.11269064562874158
0.11140347989894145
0.11140347989894145
0.11140347989894145
0.11062150575873596
0.11062150575873596
0.11092922104031848
0.11167459354964601
0.11167459354964601
0.11170041859466188
0.1113721391641375
0.1113721391641375
0.11186722710846643
0.1119656569524469
0.1119656569524469
0.11177990597069327
0.11177990597069327
0.11177990597069327
0.11177990597069327
0.11177990597069327
0.11177990597069327
0.11177990597069327
0.11156212939394483
0.11156212939394483
0.11156212939394483
0.11156212939394483
0.11138207227477323
0.11138207227477323
0.11118588944915846
0.11144441880506877
0.11144441880506877
0.11104203803158642
0.1115054243628398
0.1115054243628398
0.11173179014843947
0.11173179014843947
0.11173179014843947
0.11173179014843947
0.11173179014843947
0.11173179014843947
0.11173179014843947
0.11193476449219986
0.11193476449219986
0.11179296215901467
0.11179296215901467
0.11179296215901467
0.11145949736049354
0.11145949736049354
0.1124430623784836
0.11170461427484396
0.11170461427484396
0.11124395153210034
0.11124395153210034
0.11124395153210034
0.11118688926036932
0.11118688926036932
0.11104961844136291
0.11104961844136291
0.11156441498696923
0.11156441498696923
0.11226672784126902
0.11226672784126902
0.1124263926713243
0.1120036147981431
0.1120036147981431
0.1120036147981431
0.1120036147981431
0.1120036147981431
0.1120036147981431
0.1120036147981431
0.1121053118340707
0.1121053118340707
0.1121053118340707
0.1121053118340707
0.1121053118340707
0.1121053118340707
0.1118076556127455
0.11222487445206622
0.11174931421758429
0.11174931421758429
0.1122543608427277
0.1122543608427277
0.1122543608427277
0.1122543608427277
0.1122543608427277
0.1122543608427277
0.1122556822239404
0.1122556822239404
0.11191272139495109
0.11106576091526658
0.11187002885940592
0.11187002885940592
0.1124602799240017
0.1124602799240017
0.1124602799240017
0.1124602799240017
0.11254660912684682
0.11240171636514681
0.11240171636514681
0.11240171636514681
0.11219934223381395
0.11249924216235102
0.11249924216235102
0.11289481446351769
0.11289481446351769
0.11289481446351769
0.11255850522281377
0.11255850522281377
0.11255850522281377
0.11255850522281377
0.11294491756091946
0.11269377800813891
0.11269377800813891
0.11263946022156261
0.11263946022156261
0.11263946022156261
0.11263946022156261
0.11263946022156261
0.11263946022156261
0.11263946022156261
0.11263946022156261
0.11263735201812268
0.11250708336029777
0.11250708336029777
0.11325098959059642
0.11285831213603884
0.11269547613149167
0.11269547613149167
0.11269547613149167
0.11223218376710438
0.11223218376710438
0.11256065992481772
0.11256065992481772
0.11256065992481772
0.11211935402643258
0.11194474062878701
0.11194474062878701
0.11210259046133679
0.11156046436084772
0.11156046436084772
0.11206011478680201
0.11206011478680201
0.11231792780639083
0.11231792780639083
0.11231792780639083
0.11231792780639083
0.11231792780639083
0.1116045970630101
0.11189830163038493
0.11175742755023586
0.11175742755023586
0.11236423759003349
0.11236423759003349
0.11185910438394002
0.11185910438394002
0.11185910438394002
0.11185910438394002
0.11171833716730054
0.11171833716730054
0.1117424047367473
0.1117424047367473
0.1117424047367473
0.11231732422917828
0.11231732422917828
0.11231732422917828
0.11197808955561345
0.11197808955561345
0.11200899412463106
0.11208856342810913
0.11208856342810913
0.11208856342810913
0.11186301683747396
0.11186301683747396
0.11186301683747396
0.11158850121572764
0.11158850121572764
0.11201043145152713
0.11201043145152713
0.11201043145152713
0.112169620413985
0.11174098007004904
0.11150611081915468
0.11189112188011016
0.11189112188011016
0.11105260214024819
0.11105260214024819
0.11121203413867378
0.11121203413867378
0.11121203413867378
0.11071169678584006
0.11071169678584006
0.11085703065322847
0.11141391263823286
0.11141391263823286
0.11141391263823286
0.11217657397552978
0.11217657397552978
0.11217657397552978
0.11196927183157772
0.11196927183157772
0.11196927183157772
0.11209571524169729
0.11220699872032297
0.110971795841223
0.110971795841223
0.110971795841223
0.110971795841223
0.1109888748621016
0.11011449220825723
0.11011449220825723
0.11068631206596508
0.11136648905459166
0.11059103540220615
0.11025277170092489
0.11025277170092489
0.10946615448535695
0.10882823208020481
0.10882823208020481
0.10908856006649922
0.10908856006649922
0.10928292083269958
0.10942549192327648
0.10942549192327648
0.10942549192327648
0.10942549192327648
0.10942549192327648
0.10932901136073095
0.10932901136073095
0.10932901136073095
0.10932901136073095
0.10932901136073095
0.10932901136073095
0.10932901136073095
0.10883756986852937
0.10883756986852937
0.10883756986852937
0.10883756986852937
0.10908900335881808
0.10908900335881808
0.10948121821572875
0.10948121821572875
0.10948121821572875
0.1096879302849304
0.1096879302849304
0.1096879302849304
0.10954321233251849
0.10930004195239154
0.10924613571351945
0.10952384233944973
0.10892036600581716
0.11052738021280531
0.11052738021280531
0.11112011694276726
0.11107382620937745
0.11107382620937745
0.1111495527596836
0.1111495527596836
0.1111495527596836
0.11182157632661653
0.11182157632661653
0.11152193509465488
0.11152193509465488
0.11099359078299174
0.11099359078299174
0.11099359078299174
0.11099359078299174
0.1100515675488018
0.1100515675488018
0.1100515675488018
0.10996888995939252
0.10996116057361006
0.10996116057361006
0.10864417940732154
0.10864417940732154
0.10864417940732154
0.10864417940732154
0.10864417940732154
0.10864417940732154
0.10864417940732154
0.10864417940732154
0.10899701897195017
0.1094995693356941
0.10941521860338388
0.10941521860338388
0.10941521860338388
0.10982388423952037
0.10982388423952037
0.10982388423952037
0.10967076523132212
0.10967076523132212
0.10967076523132212
0.10967076523132212
0.10902519508236505
0.10902519508236505
0.10902519508236505
0.10940588131220018
0.10992842910982648
0.11007167607184913
0.10962979653801333
0.10962979653801333
0.10962979653801333
0.10962979653801333
0.1099377250913977
0.1099377250913977
0.1099377250913977
0.10947457619697987
0.10947457619697987
0.10947457619697987
0.10947457619697987
0.10926656260508139
0.10897245805180988
0.10897245805180988
0.10897245805180988
0.10897245805180988
0.10897245805180988
0.10897245805180988
0.10913938366930656
0.10913938366930656
0.10901234372562874
0.10901234372562874
0.10914841939012915
0.10914841939012915
0.10952831206091143
0.10912481214352028
0.10912481214352028
0.10912481214352028
0.10936247993467947
0.10951513368760947
0.10951513368760947
0.10951513368760947
0.10951513368760947
0.10973781042922265
0.10973781042922265
0.10951629974039905
0.1086689648126822
0.1086689648126822
0.1086689648126822
0.10917099390798823
0.10917099390798823
0.10917099390798823
0.10917099390798823
0.10917099390798823
0.10917099390798823
0.10917099390798823
0.10872647095956145
0.10954348752221565
0.10938872749234857
0.10923751273478736
0.10971074369480609
0.10971074369480609
0.11007056034922945
0.11022779062740831
0.10950207569267245
0.11025664720661456
0.11025664720661456
0.10992687495698855
0.10971963050386008
0.10971963050386008
0.10971963050386008
0.1092116154915274
0.1092116154915274
0.10903493005088367
0.10903493005088367
0.10903493005088367
0.10903493005088367
0.10899384096126928
0.10890423318467363
0.10890423318467363
0.10940275814147449
0.10921824630172
0.10882809924397736
0.10849556980209799
0.1095754925101369
0.1095754925101369
0.10884305373608152
0.10890871098391336
0.10890871098391336
0.10890871098391336
0.10964624633398548
0.10964624633398548
0.10964624633398548
0.10964624633398548
0.10978476259982334
0.108948127206332
0.108948127206332
0.10874650909751168
0.10909069983491773
0.10909069983491773
0.10915555397318309
0.10915555397318309
0.10915555397318309
0.10915555397318309
0.10915555397318309
0.10865247708617169
0.10919424999651589
0.10919424999651589
0.1094630927949725
0.10985276819902999
0.10985276819902999
0.10985276819902999
0.10956726342637471
0.10956726342637471
0.10930626712235764
0.10930626712235764
0.10930626712235764
0.1090595203373663
0.1090595203373663
0.1090595203373663
0.10879411479634789
0.10879411479634789
0.10916960871130395
0.10937298776446415
0.10859373080502986
0.10897811244339856
0.10952495715410593
0.11000426100933558
0.11000426100933558
0.1100932072408641
0.1100932072408641
0.1100932072408641
0.1103725629570617
0.1093636730986406
0.1093636730986406
0.11020995934555429
0.11020995934555429
0.11013648209223381
0.11013648209223381
0.11012118047523269
0.10970377186072817
0.10970377186072817
0.10970377186072817
0.10970377186072817
0.10970377186072817
0.10970377186072817
0.10970377186072817
0.10954804604133632
0.10954804604133632
0.10949739167723005
0.10975056566451763
0.10975056566451763
0.10975056566451763
0.10987625247123499
0.10987625247123499
0.10987625247123499
0.10987625247123499
0.10987625247123499
0.10987625247123499
0.10974856584715265
0.10996987935907448
0.1100271123820616
0.11070366589781208
0.11031158177641838
0.11035990283201988
0.11035990283201988
0.11035990283201988
0.11035990283201988
0.11035990283201988
0.10985903891407903
0.11063082223992354
0.11063082223992354
0.11054155095487989
0.11054155095487989
0.10994411562260972
0.10994411562260972
0.10994411562260972
0.10994411562260972
0.10994411562260972
0.10994411562260972
0.10994411562260972
0.10994411562260972
0.11108182854755608
0.11143715327951009
0.11107196744993318
0.11053091670222262
0.11053091670222262
0.11073294582433788
0.11073294582433788
0.11073294582433788
0.11069882664535036
0.11096762394239738
0.11096762394239738
0.11003600062474556
0.11003600062474556
0.11013425573552622
0.11013425573552622
0.11013425573552622
0.10979415692697019
0.10976298860887745
0.10908582777863406
0.10920691624717188
0.10920691624717188
0.10920691624717188
0.10920691624717188
0.10920691624717188
0.10920691624717188
0.10920691624717188
0.1089138417719567
0.1089138417719567
0.10837523214338961
0.10873426239218634
0.10908967083536361
0.10887872953499594
0.1084378545956362
0.1084378545956362
0.10866998482836865
0.10866998482836865
0.10866998482836865
0.10866998482836865
0.10928630659923966
0.10928630659923966
0.10948671205684414
0.10948671205684414
0.10972317713809826
0.10972317713809826
0.10972317713809826
0.11060370107927871
0.11060370107927871
0.11060370107927871
0.11060370107927871
0.110408924385593
0.11019441782655115
0.11019441782655115
0.11034798478209269
0.11034798478209269
0.11034798478209269
0.10969656205895086
0.10969656205895086
0.10969656205895086
0.10969656205895086
0.10954004294101972
0.10975173377861103
0.10975173377861103
0.10975173377861103
0.10975173377861103
0.11002979016732492
0.11002979016732492
0.11002979016732492
0.11002979016732492
0.11002979016732492
0.11002979016732492
0.11002979016732492
0.10886866099668976
0.10886866099668976
0.10886866099668976
0.10971243826528378
0.1098910939963517
0.10984017808666661
0.10931445160569145
0.10988847918993742
0.10930424914654027
0.10930424914654027
0.10930424914654027
0.10930424914654027
0.10922940388488338
0.10922940388488338
0.10917814574931341
0.10917814574931341
0.10917814574931341
0.10917814574931341
0.10917814574931341
0.10917814574931341
0.10917814574931341
0.109838270440427
0.109838270440427
0.10947207639504188
0.10956060037794182
0.10956060037794182
0.10956060037794182
0.10956060037794182
0.10956060037794182
0.10956672025543984
0.10956672025543984
0.10956672025543984
0.10950963277744478
0.10950963277744478
0.10982591666110825
0.10982591666110825
0.10982591666110825
0.10982591666110825
0.11007840639729696
0.11063208510112084
0.11063208510112084
0.11055650733403859
0.11040448426878789
0.11040448426878789
0.11038614941722727
0.11038614941722727
0.11038614941722727
0.11038614941722727
0.11045857630299624
0.11045857630299624
0.11023755389065655
0.11023755389065655
0.1106299515662542
0.1106299515662542
0.1106299515662542
0.1106299515662542
0.11031173579160429
0.10973783558530092
0.10973543495651272
0.11026862991149769
0.11026862991149769
0.11026862991149769
0.11026862991149769
0.11047650474166594
0.11047650474166594
0.10996075423697774
0.10985144160999803
0.10985144160999803
0.10985144160999803
0.10985144160999803
0.10985144160999803
0.10982787617709473
0.10982787617709473
0.10988032285354828
0.11019714910974948
0.11019714910974948
0.11116497857036732
0.11047798168302775
0.11047798168302775
0.11137811942263165
0.11137811942263165
0.11164194568784684
0.11164194568784684
0.11164194568784684
0.11143866582298562
0.11019834267530906
0.11063191721637503
0.11063191721637503
0.11059635282780851
0.11059635282780851
0.11039069585861885
0.11039069585861885
0.11039069585861885
0.11039069585861885
0.11039069585861885
0.11040483305490548
0.11040483305490548
0.11040483305490548
0.11040483305490548
0.11074707760645143
0.11022964601574307
0.11018219737184003
0.11082317541981579
0.11022687726109721
0.11025863876673557
0.11050747418563966
0.1105459122270289
0.1105459122270289
0.1105459122270289
0.1105459122270289
0.1105459122270289
0.1105459122270289
0.1105459122270289
0.1105459122270289
0.10999899549808863
0.10999899549808863
0.10928450321522368
0.10928450321522368
0.10990772178275794
0.10990772178275794
0.11065148137387919
0.11021034039244454
0.11021034039244454
0.11021034039244454
0.11039283085163862
0.10983490053529509
0.10983490053529509
0.10983490053529509
0.10983490053529509
0.10983490053529509
0.10983490053529509
0.11033718798375068
0.11033718798375068
0.11023425577287833
0.11023425577287833
0.11023425577287833
0.11023425577287833
0.11091794167861112
0.11041435730056866
0.11092035325976664
0.11092035325976664
0.11092035325976664
0.11092035325976664
0.11092035325976664
0.11070610506089837
0.11070610506089837
0.11070610506089837
0.11070610506089837
0.11070610506089837
0.10995978851965643
0.10992689931406385
0.10994879882307547
0.10976683661589945
0.10987089887590623
0.10986033127091818
0.10986033127091818
0.10988167187774561
0.10988167187774561
0.11022604279402967
0.11022604279402967
0.11018147525862758
0.11018147525862758
0.11005681565364907
0.11005681565364907
0.10959981049906767
0.10920803152835414
0.10891040133082197
0.10918871708682663
0.10918871708682663
0.10918871708682663
0.10943310250390742
0.10992704664833383
0.10992704664833383
0.10992704664833383
0.10949080882012953
0.10938840287215598
0.10946638973423192
0.10946638973423192
0.10937237012406115
0.10937237012406115
0.10937237012406115
0.10937237012406115
0.10955216752801608
0.1098043857288406
0.1098043857288406
0.1098043857288406
0.1098043857288406
0.10930430209986677
0.10930430209986677
0.10913508691478152
0.10942213267737212
0.10847461917009737
0.10847461917009737
0.10808655337514154
0.10808655337514154
0.1078451837276876
0.1078451837276876
0.1078451837276876
0.1078451837276876
0.1078451837276876
0.1078451837276876
0.1078451837276876
0.10770434991508644
0.10770434991508644
0.10770434991508644
0.10770434991508644
0.10770434991508644
0.10770434991508644
0.10785560667314222
0.10785560667314222
0.1079697273568279
0.1079697273568279
0.108365981920294
0.10726032929082432
0.10726032929082432
0.10726032929082432
0.10726032929082432
0.10726032929082432
0.10720917895598754
0.10661594591623472
0.10661594591623472
0.10650029755822886
0.10597757491618712
0.10651269702612284
0.10651269702612284
0.10651269702612284
0.10647367039932526
0.10647367039932526
0.10693059232142715
0.10693059232142715
0.10714693208366653
0.10714693208366653
0.10714693208366653
0.10714693208366653
0.10721342321798603
0.10741142403527813
0.10741142403527813
0.10726337882747974
0.10726337882747974
0.10740820418392764
0.10740820418392764
0.10631810729168864
0.10722230159962709
0.10656974140487101
0.10661498598288334
0.10632006294528515
0.10663383322652371
0.10663383322652371
0.10663383322652371
0.10572795342474627
0.10572795342474627
0.10663869477501414
0.10663869477501414
0.10640504082616431
0.10640504082616431
0.10640504082616431
0.10640504082616431
0.10640504082616431
0.10640504082616431
0.1063380189924495
0.1063380189924495
0.1063380189924495
0.1063380189924495
0.1063380189924495
0.1063380189924495
0.10604741639427331
0.10604741639427331
0.10604741639427331
0.10604741639427331
0.10626364962018853
0.10626364962018853
0.10626364962018853
0.10626364962018853
0.10626364962018853
0.10626364962018853
0.10626364962018853
0.10626364962018853
0.10626364962018853
0.10561008739001793
0.10561008739001793
0.10561008739001793
0.10567776613968248
0.10567776613968248
0.10567776613968248
0.10567388542324722
0.10586129924072013
0.10699931237585043
0.10738056712135201
0.10738056712135201
0.10738056712135201
0.10792920420156073
0.10805828400293005
0.10753256303139724
0.10753256303139724
0.10779971111962088
0.10779971111962088
0.10779971111962088
0.10779971111962088
0.10779971111962088
0.10779971111962088
0.10858256980521118
0.10843600452736721
0.10843600452736721
0.10835172600659296
0.10835172600659296
0.10835172600659296
0.10835172600659296
0.10835172600659296
0.1078532846858818
0.1078532846858818
0.1078532846858818
0.1078532846858818
0.10821818160784716
0.10814590818233574
0.10814590818233574
0.10814590818233574
0.10814590818233574
0.10814590818233574
0.10814590818233574
0.10814590818233574
0.1086718815665529
0.1086718815665529
0.10850316914153847
0.10823942800979712
0.10823942800979712
0.10735078713394101
0.10735078713394101
0.10663821483686581
0.10663821483686581
0.10663821483686581
0.10654201839604958
0.1063791152165869
0.10693780761026346
0.10727283088605734
0.10711935485692821
0.10711935485692821
0.10711935485692821
0.10673813121330455
0.10673813121330455
0.10690102721165365
0.1069818056819199
0.10720761736257302
0.10745840029208928
0.10745840029208928
0.10745840029208928
0.10745840029208928
0.10745840029208928
0.10745840029208928
0.10733928267452511
0.10716532543902876
0.10716532543902876
0.10716532543902876
0.10716532543902876
0.10718870164581523
0.1074159234270234
0.1074159234270234
0.10734478056307654
0.10734478056307654
0.1079304943284965
0.1079304943284965
0.1079304943284965
0.10709790349103096
0.10709790349103096
0.10833681647219316
0.10715050144359317
0.10667436474032975
0.10628805378733694
0.10628805378733694
0.10628805378733694
0.10628805378733694
0.10619993484318849
0.10698585638208132
0.10698585638208132
0.10698585638208132
0.10677606675230833
0.10601732266984365
0.10601732266984365
0.10601732266984365
0.10601732266984365
0.10601732266984365
0.10601732266984365
0.10653176897193053
0.10640834619355026
0.10640834619355026
0.10650948304800589
0.1064872249523866
0.10635858181119219
0.10635858181119219
0.10614817677733997
0.10614817677733997
0.10614817677733997
0.10602830823882978
0.10602830823882978
0.10633531621189087
0.10628736421890324
0.10628736421890324
0.10628736421890324
0.10628736421890324
0.10628736421890324
0.10628736421890324
0.10587035229192998
0.10648796405663753
0.10648796405663753
0.10648796405663753
0.10648796405663753
0.10654324844719483
0.10654324844719483
0.1066372361968534
0.1066372361968534
0.1066372361968534
0.1066372361968534
0.1066372361968534
0.10598369787247998
0.10598369787247998
0.10635019183016418
0.10635019183016418
0.10635019183016418
0.10521813317531575
0.10548447289979561
0.10548447289979561
0.10529570494137862
0.10557968001756676
0.10557968001756676
0.10557968001756676
0.10557968001756676
0.10557968001756676
0.10660524914034183
0.10660524914034183
0.10660100716902138
0.10660100716902138
0.10660100716902138
0.10656094925437248
0.10568638543124806
0.10568638543124806
0.105154370285757
0.10521876746188522
0.10521876746188522
0.10521876746188522
0.10521876746188522
0.10521876746188522
0.10521876746188522
0.10497290274483852
0.10497290274483852
0.10497290274483852
0.10676136941389447
0.10676136941389447
0.10676136941389447
0.10676136941389447
0.10558596658021985
0.10544312210181432
0.10544312210181432
0.10546058618988934
0.10546058618988934
0.10546058618988934
0.10579302243780653
0.10579302243780653
0.10579302243780653
0.10553708519296479
0.10553708519296479
0.10520026914040122
0.10492621809680994
0.10433294013391231
0.10465107668306266
0.10465107668306266
0.10577213922879909
0.10579100793103859
0.10579100793103859
0.10607051916989381
0.10603135803566234
0.10630655866061703
0.10630655866061703
0.10639873118167112
0.10639873118167112
0.10639873118167112
0.10639873118167112
0.10653233171071808
0.10665679132479372
0.10665679132479372
0.10665679132479372
0.10665679132479372
0.10665679132479372
0.10665679132479372
0.10665679132479372
0.10665679132479372
0.10661085466237892
0.10661085466237892
0.10661085466237892
0.10661085466237892
0.10661085466237892
0.10661085466237892
0.10679756728962993
0.10679756728962993
0.10686378534534907
0.10686378534534907
0.10686378534534907
0.10573586093375857
0.10573586093375857
0.10573586093375857
0.10573586093375857
0.1063647609854399
0.1063647609854399
0.1063647609854399
0.1063647609854399
0.10600992066691711
0.10600992066691711
0.10600992066691711
0.10619757997676212
0.10600004060538112
0.10578836425917996
0.10578836425917996
0.10578836425917996
0.10578836425917996
0.10578836425917996
0.10578836425917996
0.1060715319673223
0.1060715319673223
0.1060715319673223
0.1060715319673223
0.1060715319673223
0.1060715319673223
0.1060715319673223
0.1060715319673223
0.1060715319673223
0.1060715319673223
0.1060715319673223
0.1060715319673223
0.10541470278935361
0.10541470278935361
0.10541470278935361
0.10541885888863321
0.10541885888863321
0.10581751662099861
0.10581751662099861
0.10534034985428455
0.10518418255805828
0.10518418255805828
0.10470360083758212
0.10470360083758212
0.10470360083758212
0.10470360083758212
0.10470360083758212
0.10403978184048143
0.10403978184048143
0.10426077261115532
0.10459899412738759
0.10446976446089305
0.10446976446089305
0.10446976446089305
0.10446976446089305
0.10446976446089305
0.10446976446089305
0.10451015948824037
0.10451015948824037
0.1039371646617753
0.10430322103180603
0.10409718661982852
0.10437823932851001
0.10473930649656625
0.10549501852677892
0.10549501852677892
0.10585986794136627
0.10585986794136627
0.104652580063557
0.104652580063557
0.104652580063557
0.104652580063557
0.10507019035090116
0.10517457681322953
0.10517457681322953
0.10581075907888506
0.1053253342286986
0.1053253342286986
0.10582844980819166
0.10565284891320482
0.10565284891320482
0.10565284891320482
0.10565284891320482
0.10565284891320482
0.10565284891320482
0.10565284891320482
0.10568006111634615
0.10543841564389102
0.10543841564389102
0.10458608548341418
0.10467123837136616
0.10475488893569983
0.10478323726929599
0.10478323726929599
0.10478323726929599
0.10527859038503723
0.10527859038503723
0.10484131795639569
0.10527965279782622
0.10527965279782622
0.10527965279782622
0.10557725218156327
0.10557725218156327
0.10557725218156327
0.10610684572273893
0.1061890035131071
0.1061890035131071
0.1056726114106451
0.10605717449820454
0.10605717449820454
0.10582184841121571
0.10581119055103372
0.10581119055103372
0.10581119055103372
0.1055151492708717
0.1055151492708717
0.10509921683098081
0.10564262937160696
0.10413202401724642
0.10413202401724642
0.10410878654566763
0.10410878654566763
0.10410878654566763
0.10510064017880676
0.10510064017880676
0.10546867820776026
0.1056033600883601
0.10496253662169092
0.10496253662169092
0.10496253662169092
0.10504479122337734
0.10502716616568046
0.10502716616568046
0.10507871495593779
0.10507871495593779
0.10507871495593779
0.10491007207172717
0.10491007207172717
0.10491007207172717
0.10491007207172717
0.10491007207172717
0.10491007207172717
0.10491007207172717
0.10491007207172717
0.10491007207172717
0.10491007207172717
0.10549885863654226
0.10485473474105726
0.10436876558484376
0.1044223264202452
0.1044223264202452
0.10317786525457029
0.10317786525457029
0.10366116456809193
0.10329839785470547
0.10329839785470547
0.10329839785470547
0.10321748425325142
0.1032671742123213
0.10300460699906881
0.10300460699906881
0.10300460699906881
0.1023466128357562
0.1023466128357562
0.1023466128357562
0.1023466128357562
0.1023466128357562
0.10231635063561448
0.10231635063561448
0.10231635063561448
0.10215733612909823
0.10215733612909823
0.10227968112053172
0.10223515626178137
0.10206686936344282
0.10206686936344282
0.10206686936344282
0.10203735187763674
0.10233586933900556
0.10215184393587864
0.10215184393587864
0.10213037715438714
0.10213037715438714
0.10254894486696954
0.10254894486696954
0.10268898653722246
0.10268898653722246
0.10199916539386347
0.10148031013398096
0.10148031013398096
0.10148031013398096
0.10148031013398096
0.10166396552329689
0.10166396552329689
0.10166396552329689
0.1021136885278796
0.10216537931234201
0.10216537931234201
0.10227726833702551
0.10227726833702551
0.10227726833702551
0.10227726833702551
0.10227726833702551
0.10243740705497471
0.10243740705497471
0.10199653310827958
0.10199653310827958
0.10231492548525004
0.1024377334682428
0.1024377334682428
0.1024377334682428
0.1024377334682428
0.10263183940794333
0.10361905450031149
0.10302802580724232
0.10302802580724232
0.10302802580724232
0.10302802580724232
0.10302802580724232
0.10302802580724232
0.1033069493927532
0.1033069493927532
0.10329719229413119
0.10357936356167884
0.10357936356167884
0.10357936356167884
0.10359926414690082
0.10359926414690082
0.10337613730965674
0.10337613730965674
0.1032564244348869
0.1032228778845696
0.1032228778845696
0.10319604699485824
0.10319604699485824
0.10346599614742695
0.10352711323199182
0.10352711323199182
0.10338803801703345
0.1033460550288361
0.10365162236916202
0.10365162236916202
0.10335089203849969
0.10335089203849969
0.10335089203849969
0.10361798996050024
0.10361798996050024
0.10361798996050024
0.10361798996050024
0.10361798996050024
0.10361798996050024
0.10361798996050024
0.10361798996050024
0.1039226349480825
0.10407477040338081
0.10407477040338081
0.10380448537445917
0.10380448537445917
0.10468311747020485
0.10468311747020485
0.10468311747020485
0.10466131678998672
0.10439124768417198
0.10410268360361793
0.10472029348585477
0.10430070015613734
0.10464230833304528
0.10464230833304528
0.10464230833304528
0.10464230833304528
0.10464230833304528
0.10464230833304528
0.10464230833304528
0.10365473960734979
0.10365473960734979
0.10365473960734979
0.10365473960734979
0.10365473960734979
0.10343325108013017
0.10343325108013017
0.10397807944837774
0.10397807944837774
0.1034878434941902
0.1034878434941902
0.10448611683646458
0.10429482376350759
0.10429482376350759
0.10429482376350759
0.10453784711817403
0.10453784711817403
0.10453784711817403
0.10453784711817403
0.10451519794900124
0.10561441246197532
0.1064960566645598
0.10590837796616563
0.10624538550297827
0.10624538550297827
0.10588361091314841
0.10591796795894233
0.10653370261005041
0.10653370261005041
0.10579839841236899
0.10576408709927726
0.10576408709927726
0.10506602772788338
0.10506602772788338
0.10562300109270835
0.10562300109270835
0.10630808973981945
0.10630808973981945
0.10630808973981945
0.10630808973981945
0.10571673134073632
0.10583377848574077
0.10587921498145487
0.10587921498145487
0.10587921498145487
0.10587921498145487
0.10587921498145487
0.10587921498145487
0.10587921498145487
0.10587921498145487
0.10587921498145487
0.10587921498145487
0.10587921498145487
0.10583629652375844
0.10583629652375844
0.10583629652375844
0.10605083781244011
0.10566263430074348
0.10546999719303862
0.10546999719303862
0.10525812307206686
0.10525812307206686
0.10532855356642298
0.10532855356642298
0.10532855356642298
0.10532855356642298
0.10532855356642298
0.10532855356642298
0.10512312357506746
0.1051086519900117
0.10543383800147622
0.10636710544426929
0.10636710544426929
0.10566308940101522
0.10629554982398272
0.10629554982398272
0.10667973277733048
0.10667973277733048
0.10625249848194518
0.10625249848194518
0.10548467288495608
0.10548467288495608
0.10548467288495608
0.10564280751702196
0.10564280751702196
0.10564280751702196
0.1054773135055517
0.105326347262411
0.10462994997194132
0.10462994997194132
0.10477327886904864
0.10477327886904864
0.10520294924921142
0.10520294924921142
0.10521098297724801
0.10521098297724801
0.1051940720338763
0.1056021879096827
0.1056021879096827
0.1056021879096827
0.10517062166784462
0.10517062166784462
0.10566082067920494
0.10566082067920494
0.10566082067920494
0.10603255013151026
0.10603255013151026
0.10603255013151026
0.10603255013151026
0.10561458606832816
0.10561458606832816
0.10579175105264002
0.10579175105264002
0.10579175105264002
0.10561174781335185
0.10561174781335185
0.1058305646550492
0.1057783887131234
0.1057783887131234
0.10511456793590948
0.10511456793590948
0.10521645553287655
0.10521645553287655
0.10521645553287655
0.10593238531153414
0.10595522695684391
0.10595522695684391
0.10596094150852586
0.10596094150852586
0.10596094150852586
0.10596094150852586
0.10596094150852586
0.10686184470654156
0.10686184470654156
0.10662174368152776
0.10662174368152776
0.10689500993643174
0.10773429668649429
0.10773429668649429
0.10773429668649429
0.10773429668649429
0.10773429668649429
0.10819436129436481
0.10819436129436481
0.10743853551102782
0.10743853551102782
0.10743853551102782
0.10730856341441865
0.10720127280781593
0.10720127280781593
0.10702073799595709
0.10676261746536986
0.1070425324294526
0.1070425324294526
0.10646390473188211
0.1068795185953055
0.10669147228930369
0.10669147228930369
0.10669147228930369
0.10669147228930369
0.10678178189993312
0.1083140427438085
0.1083140427438085
0.10799126906662641
0.10767237169182164
0.10767237169182164
0.1080617671258123
0.10887003463801305
0.10887003463801305
0.10887003463801305
0.10902775687168706
0.10902775687168706
0.10902775687168706
0.10959162166078676
0.10861947550488409
0.10861947550488409
0.10791755398568068
0.10830681806909392
0.10879209649234518
0.10835929731047093
0.10868985858484832
0.10845218583589936
0.10832882379253393
0.10832882379253393
0.10832882379253393
0.10818639707063764
0.10803798273944826
0.10811743566481831
0.10811743566481831
0.10801115734921266
0.10830963978883115
0.10830963978883115
0.10830963978883115
0.10830963978883115
0.10830963978883115
0.10830963978883115
0.1087433163729954
0.1087433163729954
0.1087433163729954
0.1095597877286041
0.1095597877286041
0.1095597877286041
0.1095597877286041
0.1095597877286041
0.10980134738167108
0.10910307815587356
0.10910307815587356
0.10910307815587356
0.10910307815587356
0.1094784124327602
0.1094784124327602
0.1094784124327602
0.1094784124327602
0.1094784124327602
0.1094784124327602
0.1094784124327602
0.1094784124327602
0.1094784124327602
0.10907595361558203
0.10907595361558203
0.10851324307944232
0.10851324307944232
0.10851324307944232
0.10851324307944232
0.10850360585790846
0.10850360585790846
0.10844246379543637
0.10838565491259428
0.10870738822436177
0.10903544902665371
0.10903544902665371
0.108868300442234
0.108868300442234
0.10883101359192335
0.10883101359192335
0.10924270832126341
0.1084194702735055
0.10843668636473
0.10814510706029577
0.10886919543156436
0.1080153371607293
0.10823895241910841
0.10778569072525361
0.10757933927471078
0.10764729939574837
0.10764729939574837
0.10764729939574837
0.10889766269457643
0.10889766269457643
0.10857670061203395
0.10857670061203395
0.10857670061203395
0.10857670061203395
0.10866846127196465
0.10866846127196465
0.10865951108029434
0.10865951108029434
0.10936487106610572
0.10984159940644991
0.10889635232845231
0.10875721024553002
0.10875721024553002
0.10875721024553002
0.10858304280535071
0.10858304280535071
0.1091624483858923
0.10930355325780963
0.10934746226693871
0.11019236763335698
0.10957036637218333
0.10957036637218333
0.10956918925332285
0.10956918925332285
0.10913157245156718
0.10913157245156718
0.10926375328562017
0.10927255619791004
0.10922420981973836
0.10902557737188882
0.10902557737188882
0.10902557737188882
0.1089301410923347
0.10913680684337497
0.10913680684337497
0.10848501528612758
0.10848501528612758
0.10813475187970707
0.10813475187970707
0.107531535382613
0.10863286068437676
0.10863286068437676
0.10863286068437676
0.10841739788125462
0.10841739788125462
0.1082989580628681
0.10873175129329476
0.10873175129329476
0.10873175129329476
0.10873175129329476
0.10873175129329476
0.10894905049735183
0.10894905049735183
0.10929996406388087
0.10863186750385946
0.10926762949866316
0.10914792166612505
0.10937161192611626
0.10937161192611626
0.11003153511491262
0.11003153511491262
0.10934214719357244
0.10934214719357244
0.10934214719357244
0.10951346653256076
0.10951346653256076
0.10956809972877855
0.11038684447191834
0.10992177759027034
0.10992177759027034
0.11001614963971601
0.11002234324832122
0.11002234324832122
0.10932022016102114
0.1093625202437774
0.1093625202437774
0.1093625202437774
0.1093625202437774
0.1093625202437774
0.10901873062648774
0.10901873062648774
0.10901873062648774
0.10901873062648774
0.10901873062648774
0.10901873062648774
0.10908051874034494
0.10908051874034494
0.10908051874034494
0.10887726634758589
0.10823107827044157
0.10823107827044157
0.10823107827044157
0.1084082052774909
0.10886472996229539
0.10886472996229539
0.10916863755281413
0.10916863755281413
0.10913851463859447
0.10952861288307172
0.10952861288307172
0.10952861288307172
0.10952861288307172
0.10940152710058504
0.10878840043183229
0.1090650450781102
0.10900435084306469
0.10909623626542848
0.10858640479932957
0.10858640479932957
0.10858640479932957
0.10874317125448729
0.10874317125448729
0.10874317125448729
0.10908236660646853
0.10908236660646853
0.10953245773133638
0.10972797685216466
0.10972797685216466
0.10977780571874272
0.10931947583615144
0.10872052053433509
0.10872052053433509
0.10872052053433509
0.10959295435689476
0.10959295435689476
0.10959295435689476
0.10959295435689476
0.10959295435689476
0.10959295435689476
0.10972183466059109
0.10972183466059109
0.10983597617998914
0.10983597617998914
0.10981369707535568
0.10981369707535568
0.10970025306251723
0.10970025306251723
0.10970025306251723
0.10942286555758805
0.10965184927966107
0.10965184927966107
0.10926444912021611
0.10946420593694896
0.10946420593694896
0.10946420593694896
0.10946420593694896
0.10946420593694896
0.10908721273860773
0.10908721273860773
0.10908721273860773
0.10882466785619224
0.10882466785619224
0.10939764494683639
0.10939764494683639
0.10939764494683639
0.10927969963780616
0.10922321152328815
0.10922321152328815
0.10922321152328815
0.10965331307827136
0.10955918370024821
0.10907685229138235
0.10892929253417329
0.10892929253417329
0.10892929253417329
0.10913043511692017
0.10923515521985917
0.10923515521985917
0.10929862836171456
0.10932501369974035
0.10881288744078942
0.10881288744078942
0.10879230500948124
0.10879230500948124
0.10879230500948124
0.10867605505822706
0.10867605505822706
0.10867605505822706
0.10867605505822706
0.10788180251777621
0.10814809679290445
0.10720036213880262
0.10694292357530123
0.10694292357530123
0.10708400385916268
0.10708400385916268
0.10715941258402988
0.10736583611300195
0.10736583611300195
0.10736583611300195
0.10770833853532301
0.10770833853532301
0.1075983282858849
0.10754474076142988
0.10754474076142988
0.10730221099606871
0.10730221099606871
0.10736137129636605
0.10736137129636605
0.10736137129636605
0.10727245518800524
0.10693755313191562
0.10693755313191562
0.10693755313191562
0.10729650737515051
0.10729650737515051
0.10708180633483955
0.10708180633483955
0.10708180633483955
0.10694255891192848
0.10694255891192848
0.10694255891192848
0.10694255891192848
0.10697597667678795
0.10697597667678795
0.10697597667678795
0.10697597667678795
0.10713872318544859
0.10713872318544859
0.10713872318544859
0.10713872318544859
0.10727964807660306
0.10727964807660306
0.10727964807660306
0.10710869176678182
0.10710869176678182
0.10723106498440745
0.10723106498440745
0.10659980171491065
0.10659980171491065
0.10661953620364766
0.10608579158832612
0.10608579158832612
0.10608579158832612
0.1060144509420666
0.1060144509420666
0.1064186310302866
0.1064186310302866
0.1064186310302866
0.1064186310302866
0.10666170602980607
0.10666170602980607
0.10666170602980607
0.10666170602980607
0.10665626097101717
0.10665626097101717
0.10665626097101717
0.10665626097101717
0.10714633186714721
0.10714633186714721
0.1065700902156888
0.10714789929799078
0.10714789929799078
0.10719757233173466
0.10734789864044057
0.10715632297346465
0.10715632297346465
0.10737644502350759
0.10737644502350759
0.10727651316730398
0.10730091636802767
0.10755964083142505
0.10670903734376161
0.10752008645287704
0.10752008645287704
0.10752008645287704
0.10768820335858177
0.1076967205396079
0.10791626044766779
0.10791626044766779
0.1080031122600012
0.10755780017113067
0.1077936210639474
0.1077936210639474
0.1077936210639474
0.10694026933344344
0.10702896180276146
0.10687954573172974
0.10687954573172974
0.10687954573172974
0.10687954573172974
0.10629474223034067
0.10632886689027232
0.10667294403096186
0.10667294403096186
0.10667294403096186
0.10631568934234824
0.10733843107131306
0.10732770939108077
0.10732770939108077
0.10732770939108077
0.10732770939108077
0.10767631105009332
0.10754453228618786
0.10754453228618786
0.10752291007859983
0.10718356963939649
0.10718356963939649
0.10718356963939649
0.10718356963939649
0.10718356963939649
0.10718356963939649
0.10718356963939649
0.10718356963939649
0.10685411523507088
0.10685411523507088
0.10685411523507088
0.10685411523507088
0.10641406862570736
0.10667617966642877
0.10670464499929495
0.10670464499929495
0.10639091518028826
0.10639091518028826
0.106948895204613
0.106948895204613
0.106948895204613
0.106948895204613
0.1070792830150076
0.1070792830150076
0.10711317156725018
0.10711317156725018
0.10711317156725018
0.10711317156725018
0.10744197825070238
0.10744197825070238
0.10778554764494289
0.10736066863207751
0.10736066863207751
0.10736066863207751
0.10736066863207751
0.10736066863207751
0.10736066863207751
0.10746200940360415
0.10746200940360415
0.10824391421327731
0.10824391421327731
0.10824391421327731
0.1079157533956129
0.10767743988336219
0.10767743988336219
0.10767743988336219
0.10767743988336219
0.10779721621958756
0.10779721621958756
0.10779721621958756
0.10779721621958756
0.10853699948245008
0.10916038441095441
0.10862988752765347
0.10862988752765347
0.10882688014299033
0.10891813678261908
0.10930168331066378
0.10930168331066378
0.10862364092345804
0.10898782354032362
0.10874193147047226
0.10906414193621088
0.10906414193621088
0.10906414193621088
0.10906414193621088
0.10906414193621088
0.10906414193621088
0.10906414193621088
0.10906414193621088
0.1087735079076972
0.1087735079076972
0.10841972540284277
0.10841972540284277
0.10828555625460967
0.10828555625460967
0.10814661764333608
0.10772816125311993
0.10772816125311993
0.10770675522499061
0.10770675522499061
0.10770675522499061
0.10770675522499061
0.1078737272993855
0.10697016888215934
0.10697016888215934
0.10697016888215934
0.10697016888215934
0.10660451173378825
0.10660451173378825
0.1065140281868393
0.1065140281868393
0.1071015902225688
0.1071015902225688
0.10723280007692453
0.107185998635196
0.10703086271902207
0.10703086271902207
0.10713330642272015
0.10713330642272015
0.10713330642272015
0.10695935711474755
0.10695935711474755
0.10695935711474755
0.10695935711474755
0.10696270738001872
0.10696270738001872
0.10696270738001872
0.10696270738001872
0.10696270738001872
0.1066441564942278
0.1066441564942278
0.1066441564942278
0.10652560291702903
0.10679331868455157
0.10630348413248511
0.10630348413248511
0.1072728371319493
0.1072728371319493
0.1072728371319493
0.10662156918476133
0.10662156918476133
0.10651088545643138
0.10651088545643138
0.10723587263136458
0.10675589061188132
0.10675589061188132
0.1076358564329733
0.1076358564329733
0.1076358564329733
0.1078674539612896
0.1078674539612896
0.10813792513344204
0.10813792513344204
0.10813792513344204
0.10813792513344204
0.10813792513344204
0.10813792513344204
0.10813792513344204
0.10813792513344204
0.10813792513344204
0.10813792513344204
0.10813792513344204
0.10813792513344204
0.10813792513344204
0.10813792513344204
0.10813792513344204
0.10813792513344204
0.10813792513344204
0.10813792513344204
0.10813792513344204
0.10813792513344204
0.10873648926574192
0.10873648926574192
0.10899948872167174
0.10899948872167174
0.10850532661253326
0.10850532661253326
0.10850532661253326
0.10850532661253326
0.10850532661253326
0.10864000602441681
0.10856308554486022
0.10856308554486022
0.10856308554486022
0.10856308554486022
0.10856308554486022
0.10856308554486022
0.10856308554486022
0.10856308554486022
0.10856308554486022
0.10849169322897459
0.10778552418024366
0.10768818252522733
0.107904898892757
0.10804165516970111
0.10804165516970111
0.10828900332353565
0.10828900332353565
0.10802544111965791
0.10894198075419319
0.10894198075419319
0.10869657083458314
0.10869657083458314
0.10854364576254961
0.10854364576254961
0.10854364576254961
0.10854364576254961
0.10854364576254961
0.10854364576254961
0.10843945851322326
0.10860666616765227
0.10877100293924703
0.10775845208055607
0.10754033051967091
0.10754033051967091
0.10750080675034726
0.10750080675034726
0.10690749388218197
0.10665274264604174
0.10665274264604174
0.10665274264604174
0.10665274264604174
0.10665274264604174
0.10700768374992223
0.10585446836774053
0.10585446836774053
0.10661988085505167
0.10700662887524688
0.10610809430059301
0.10610809430059301
0.10663259674059308
0.10707038293411172
0.10696936665020709
0.10696936665020709
0.1067482582646481
0.1071153321080433
0.10701252363531506
0.10672078568942012
0.10672078568942012
0.10672078568942012
0.10672078568942012
0.10672078568942012
0.10672078568942012
0.10672078568942012
0.10597684887908008
0.10597684887908008
0.10597684887908008
0.10574680003916867
0.10597073920672732
0.10610725178631163
0.10610725178631163
0.10573827336311742
0.10573827336311742
0.10573827336311742
0.10573827336311742
0.10567531906487977
0.10544826040619706
0.1050913920643099
0.10481789341725778
0.10477258411843868
0.10477258411843868
0.10408584593897267
0.10408584593897267
0.10408584593897267
0.10408584593897267
0.10408584593897267
0.10408584593897267
0.10408584593897267
0.10490644705785009
0.10493378027859399
0.10493378027859399
0.10493378027859399
0.10493378027859399
0.10562596463385654
0.10562596463385654
0.10562596463385654
0.10562596463385654
0.10562596463385654
0.10570820790010504
0.10570820790010504
0.10628287383091237
0.10604647333169459
0.10604647333169459
0.10604647333169459
0.10662224645790157
0.10662224645790157
0.10662224645790157
0.10669826119114463
0.10669826119114463
0.10669826119114463
0.10714104817762193
0.10714104817762193
0.10714104817762193
0.10714104817762193
0.10714104817762193
0.10725374110824296
0.10725374110824296
0.10725374110824296
0.10725374110824296
0.10725374110824296
0.10725374110824296
0.10729090307651608
0.10691605102946204
0.10691605102946204
0.10691605102946204
0.10691605102946204
0.10683285154009244
0.10683285154009244
0.10683285154009244
0.10683285154009244
0.1062171525244978
0.1062171525244978
0.1062171525244978
0.1062171525244978
0.1062171525244978
0.1062171525244978
0.10612127129622326
0.10600442088404638
0.10572318240601997
0.10572318240601997
0.10572318240601997
0.10572318240601997
0.10589926870452993
0.10631901604359734
0.10631901604359734
0.10631901604359734
0.10631901604359734
0.10597403925626044
0.1062359994927828
0.1062359994927828
0.1062359994927828
0.1062359994927828
0.1062359994927828
0.1062359994927828
0.10680328714539104
0.10667457691498268
0.1065944573999017
0.10723714859650217
0.10723714859650217
0.1069030724891549
0.1065735825779945
0.1065735825779945
0.1065735825779945
0.10608545691496864
0.10608545691496864
0.10608545691496864
0.10608545691496864
0.10703838445384917
0.1062256476407459
0.10626479201528302
0.10626479201528302
0.10626479201528302
0.1069445900487238
0.10689072066338379
0.10719142193936539
0.10656639317431121
0.10656639317431121
0.10750582712176115
0.10723177133066052
0.10723177133066052
0.10723177133066052
0.10711206936586415
0.10675702975670101
0.10720898273557676
0.10719258300536785
0.10746392445865634
0.10746392445865634
0.10746392445865634
0.10746392445865634
0.10746392445865634
0.10746392445865634
0.10769665127578257
0.10800322093030648
0.10831734753311702
0.10831734753311702
0.10815594614952795
0.10815594614952795
0.10815594614952795
0.10815594614952795
0.10815594614952795
0.10909105088766224
0.10909105088766224
0.10963558097096056
0.10963558097096056
0.10963558097096056
0.10963558097096056
0.10963558097096056
0.10908263767342577
0.10942402953020025
0.10906716871328896
0.10906716871328896
0.10906716871328896
0.10906716871328896
0.10931933186610705
0.1091165968218766
0.10890268905339508
0.10890268905339508
0.10890268905339508
0.10866156250756688
0.10869592239083467
0.10850343826714097
0.10830830677110448
0.10830830677110448
0.10827651980262752
0.10877518367579563
0.10880418114275622
0.10880418114275622
0.10880418114275622
0.10901067617204813
0.10904548628274358
0.10893957569798857
0.10921541608004409
0.10921541608004409
0.10921541608004409
0.10921541608004409
0.10968196405322553
0.10968196405322553
0.10968196405322553
0.11016737338901562
0.11016737338901562
0.11017115468877603
0.11017115468877603
0.11017115468877603
0.11017115468877603
0.11051749563876662
0.11051749563876662
0.11072310539738515
0.11072310539738515
0.1110283355128703
0.11069346531569002
0.11084992289193718
0.11059600081868973
0.11037100276326688
0.11037100276326688
0.11037100276326688
0.11037100276326688
0.1095703669907984
0.10926964897499704
0.11038637454223911
0.11038637454223911
0.11038637454223911
0.11042677905683303
0.11042677905683303
0.11042677905683303
0.11042677905683303
0.11042677905683303
0.11075997366458544
0.11075997366458544
0.11011814107103036
0.11040005298010748
0.11056913951979178
0.11056913951979178
0.11056913951979178
0.11082493113092971
0.11088520843512721
0.11104839325084785
0.11104839325084785
0.11069606491228959
0.11090282211904928
0.11090282211904928
0.11026666415423483
0.11026666415423483
0.11016560269146258
0.11002022420907595
0.11129855321089667
0.11077626323429726
0.11128778165166145
0.11030434469833414
0.11030434469833414
0.11030434469833414
0.11039556699582725
0.11039556699582725
0.10996629505959161
0.10996629505959161
0.10996629505959161
0.11086547866816346
0.11086547866816346
0.11140844763551332
0.11209202073310039
0.11180896361522585
0.11180896361522585
0.11133174288771401
0.11133174288771401
0.11133174288771401
0.11085017798361511
0.11085017798361511
0.11085017798361511
0.11085017798361511
0.11085017798361511
0.11085017798361511
0.11089039064374309
0.11089039064374309
0.11089039064374309
0.11071481507160659
0.1104945825515487
0.1104945825515487
0.1104945825515487
0.11136947596534183
0.11136947596534183
0.11136947596534183
0.11151955472557774
0.11187974606085341
0.11187974606085341
0.11163561470475754
0.11163561470475754
0.11161912463545491
0.11160870975382335
0.1109672607594906
0.11108061544034545
0.1107497767893385
0.1107497767893385
0.1107497767893385
0.1107497767893385
0.1107497767893385
0.11100314509813564
0.11100314509813564
0.1107484850534796
0.11082829124371255
0.11082829124371255
0.11082829124371255
0.11045002726296067
0.11013486398734329
0.11025483207273096
0.11025483207273096
0.11003258772283564
0.11070576176291698
0.11070576176291698
0.11087393848540204
0.11127082747368398
0.11127082747368398
0.11069384852961932
0.11041540251497675
0.1108813123878455
0.11081450585008468
0.11081450585008468
0.11081450585008468
0.11081450585008468
0.11081450585008468
0.10975419697272076
0.10985174647177105
0.10996861824522486
0.11019206620813785
0.11019206620813785
0.11019206620813785
0.11019206620813785
0.10980658445605762
0.10980658445605762
0.10980658445605762
0.10980658445605762
0.10980658445605762
0.10999363206186055
0.10999363206186055
0.10975459074959708
0.10975459074959708
0.10975459074959708
0.10975459074959708
0.10950108386225846
0.1090046348984893
0.1090046348984893
0.1090046348984893
0.1090046348984893
0.1090046348984893
0.10841434595223673
0.10851311145249448
0.10851311145249448
0.10851311145249448
0.10851311145249448
0.10851311145249448
0.10861561145116336
0.10926569480122558
0.10926569480122558
0.10933502737068472
0.10933502737068472
0.10933502737068472
0.10949696066387381
0.10940396388118952
0.11024308628078684
0.11028082692808168
0.11028082692808168
0.10980496555924765
0.11047193790576111
0.11047193790576111
0.11047193790576111
0.11047193790576111
0.11047193790576111
0.11055397341429811
0.11055397341429811
0.11055397341429811
0.1108410014372185
0.1108410014372185
0.1108410014372185
0.1108410014372185
0.1108410014372185
0.1108410014372185
0.1108410014372185
0.1108410014372185
0.1108410014372185
0.1108410014372185
0.11076230627053092
0.11076230627053092
0.1111641832214489
0.1111641832214489
0.1111641832214489
0.1111641832214489
0.11036799832344217
0.11036799832344217
0.11036799832344217
0.11036799832344217
0.11085539009670309
0.11077296180730886
0.11067067387805164
0.11067067387805164
0.11067067387805164
0.1104558860443825
0.11098531775791734
0.11114420661323586
0.11155685876656228
0.11155685876656228
0.11155685876656228
0.11155685876656228
0.11155685876656228
0.11142859283866267
0.1113963105110853
0.11159213426602402
0.11159213426602402
0.11149291882955219
0.11149291882955219
0.11149291882955219
0.11149291882955219
0.11187895730610227
0.11187895730610227
0.11187895730610227
0.11115263877683404
0.11011619512345151
0.11011619512345151
0.11011619512345151
0.11029927253164239
0.11029927253164239
0.11029927253164239
0.11029927253164239
0.11029927253164239
0.11029927253164239
0.11029927253164239
0.11058847178518239
0.11056350389875287
0.11076786222480456
0.11076786222480456
0.11076786222480456
0.11073287884299642
0.11073287884299642
0.11073287884299642
0.11073287884299642
0.11068547047934314
0.11068547047934314
0.11038461564402194
0.11038461564402194
0.1103023178925039
0.1103023178925039
0.1103023178925039
0.11016577741548811
0.10996615069308832
0.10981095735992451
0.10981095735992451
0.10981095735992451
0.11002270098357729
0.11002270098357729
0.11002270098357729
0.10973043942567628
0.10973043942567628
0.11052219694200804
0.11052219694200804
0.11052219694200804
0.11010727215995701
0.11010727215995701
0.11046756996684863
0.11102393412371882
0.11027579827947762
0.11027579827947762
0.11027579827947762
0.11027579827947762
0.11027579827947762
0.11056055992742857
0.11056055992742857
0.11050104361471698
0.1103438484724319
0.1103438484724319
0.1103438484724319
0.1103438484724319
0.1107786053933865
0.1107786053933865
0.11056203431570084
0.11052994642368122
0.11052994642368122
0.11052994642368122
0.11052994642368122
0.11007694678347021
0.11042393692143862
0.11042393692143862
0.11042393692143862
0.11042393692143862
0.11042393692143862
0.11075935767892008
0.11062576304011493
0.11062576304011493
0.11025535095893985
0.10993988533593715
0.10956147729385089
0.10956147729385089
0.10956147729385089
0.10956147729385089
0.10924282981528236
0.10880146025509232
0.10880146025509232
0.10880319511078809
0.10889245613416525
0.10895031986618495
0.1090901975982689
0.10909632888227659
0.1088479894726429
0.108262608131546
0.108262608131546
0.10804438875632687
0.10869891003745147
0.10869891003745147
0.10869891003745147
0.10869891003745147
0.10869891003745147
0.10880796263813935
0.10875591089216965
0.10875591089216965
0.10875591089216965
0.10919002578031928
0.10919002578031928
0.10852480732069494
0.10852480732069494
0.10852480732069494
0.10841038058759249
0.10841038058759249
0.10841038058759249
0.10841038058759249
0.10841038058759249
0.10945375098485298
0.10978772339029504
0.10978772339029504
0.10978772339029504
0.10978772339029504
0.10978772339029504
0.10978772339029504
0.10895119912009396
0.10945509107400322
0.10945509107400322
0.11012735553929047
0.10982258822640256
0.10949814991599854
0.10949814991599854
0.10949814991599854
0.10949814991599854
0.10949814991599854
0.10929016943124836
0.10944353692615474
0.10967545264700221
0.11057910696006476
0.11057910696006476
0.11057910696006476
0.11057910696006476
0.10969350223416079
0.10969350223416079
0.11014248783923355
0.11014248783923355
0.11030487644626662
0.11005047234369758
0.11005047234369758
0.1094211712267105
0.1094211712267105
0.1094211712267105
0.10958555568030988
0.10958555568030988
0.10958555568030988
0.10923894205998873
0.10915949968414528
0.10874379456802305
0.10897971036162045
0.10897971036162045
0.10875489267883676
0.10835645645023728
0.10835645645023728
0.10879784545995586
0.10901997369908815
0.10901997369908815
0.10901997369908815
0.10901997369908815
0.10910772203922164
0.10910772203922164
0.10855556203907367
0.10855556203907367
0.10855556203907367
0.10872445504079357
0.10872445504079357
0.1091297197745323
0.10888104125281392
0.10888104125281392
0.10888104125281392
0.10888104125281392
0.10888104125281392
0.10827162843552154
0.10827162843552154
0.10845247434063067
0.10845247434063067
0.10819919484109096
0.10819919484109096
0.10819919484109096
0.10875104914463382
0.10875104914463382
0.10875104914463382
0.10782844319588622
0.10765124008113185
0.10765124008113185
0.10765124008113185
0.10765124008113185
0.10765124008113185
0.10725191611002606
0.10791693317729201
0.10791693317729201
0.10791693317729201
0.10791693317729201
0.1075271874045292
0.10756533903599631
0.10775175014003167
0.10688943080511619
0.10688943080511619
0.10688943080511619
0.10688943080511619
0.10741858479161402
0.10745747670317249
0.10745747670317249
0.10699817495222147
0.10699817495222147
0.1072581308523102
0.1072581308523102
0.1072581308523102
0.1072581308523102
0.1072581308523102
0.10732368183757875
0.10732368183757875
0.10732368183757875
0.10732368183757875
0.10732368183757875
0.10732368183757875
0.10643483606343988
0.10643483606343988
0.10642530536326332
0.1063521191222667
0.10666136316302587
0.10641969296298256
0.10641969296298256
0.10641969296298256
0.10641969296298256
0.10641969296298256
0.10641969296298256
0.10641969296298256
0.10705437203593422
0.10728985305610134
0.10728985305610134
0.10634916893803367
0.10634916893803367
0.10634916893803367
0.10634916893803367
0.10634916893803367
0.10634916893803367
0.1060955135220653
0.10609456376829912
0.10633820672046082
0.10578407739750449
0.10658136668448602
0.10661214553677928
0.10702511258931537
0.10705229111104099
0.10705229111104099
0.10705229111104099
0.10689671048197973
0.106938116445744
0.10705741208800477
0.10820447993698282
0.10820447993698282
0.10820447993698282
0.10898075985686588
0.10898075985686588
0.10898075985686588
0.10842110360032359
0.10832273408852672
0.10832273408852672
0.10831186957880999
0.10831186957880999
0.10831186957880999
0.10880578950239912
0.10880578950239912
0.10880578950239912
0.10880578950239912
0.10880578950239912
0.10899435553895383
0.10899435553895383
0.10899435553895383
0.10899435553895383
0.10899435553895383
0.10881597726177356
0.10893948949928056
0.10893948949928056
0.10935813228723529
0.10935813228723529
0.10935813228723529
0.10881534149529351
0.10881534149529351
0.1081665653046984
0.10828472379980472
0.10915081564278487
0.10915081564278487
0.10915081564278487
0.10915081564278487
0.10915081564278487
0.10895877689304018
0.10895877689304018
0.10822904927700676
0.10822904927700676
0.10822904927700676
0.10809008620170207
0.10809008620170207
0.10802969705006966
0.10802969705006966
0.10802969705006966
0.10802969705006966
0.10799982362343502
0.10799982362343502
0.10789632896481469
0.1078851366464485
0.10824867769822259
0.10724264051106738
0.10724264051106738
0.10841468577462
0.10841468577462
0.10841468577462
0.10909534311658671
0.10909534311658671
0.1089705544776845
0.1088934880714275
0.1088934880714275
0.1088934880714275
0.10905635609472417
0.10855273271224779
0.10881000716461461
0.10881000716461461
0.10823449964491888
0.10823449964491888
0.10766326735070837
0.10810334746676252
0.10868800416185195
0.10830862535484267
0.10822582040578096
0.10822582040578096
0.10856398470232877
0.10856398470232877
0.10840749857719292
0.10840749857719292
0.10840749857719292
0.10840749857719292
0.10840749857719292
0.10840749857719292
0.10957469911165228
0.10957469911165228
0.10860750457447878
0.10860750457447878
0.10860750457447878
0.10860750457447878
0.10860750457447878
0.1079886421871639
0.10794273809793847
0.10794273809793847
0.10782425167068811
0.10782425167068811
0.10782425167068811
0.10782425167068811
0.10736853551878896
0.10736853551878896
0.10736853551878896
0.10736853551878896
0.10736853551878896
0.10681653469271052
0.10681653469271052
0.10681653469271052
0.10681653469271052
0.10708827613003603
0.10633449576033442
0.10605482536647795
0.10605482536647795
0.10605482536647795
0.10640049831505861
0.1065708297878161
0.10579330652733755
0.10671709378741098
0.10671709378741098
0.10671709378741098
0.106718628196522
0.1070101019228061
0.1070101019228061
0.1070101019228061
0.10747303217534743
0.10747303217534743
0.10679351723145877
0.10679351723145877
0.10679351723145877
0.1067588712352532
0.1067588712352532
0.1067588712352532
0.10756308857578414
0.10649414327441045
0.10633741283078399
0.10633741283078399
0.10644546194201562
0.10679272301425968
0.10679272301425968
0.10679272301425968
0.10679272301425968
0.10679272301425968
0.10679272301425968
0.10679272301425968
0.10679272301425968
0.10679272301425968
0.10679272301425968
0.10679272301425968
0.10679272301425968
0.10708707594747835
0.10746956460387182
0.10746956460387182
0.10789883197324274
0.10789883197324274
0.10789883197324274
0.10748532468040087
0.10751229160805216
0.10751229160805216
0.10779760103396188
0.10779760103396188
0.10780991232889045
0.10793449657034689
0.10723234903160568
0.10723234903160568
0.10714093494227506
0.10714093494227506
0.10714093494227506
0.10738984387590457
0.10738984387590457
0.10764058629779873
0.10764058629779873
0.10764058629779873
0.10731709197641229
0.10695906558151196
0.10747364795374562
0.10804525542358051
0.10804525542358051
0.10804525542358051
0.10756464748372267
0.10788514364322828
0.10788514364322828
0.10788514364322828
0.10788514364322828
0.10788514364322828
0.10788514364322828
0.10788514364322828
0.10788514364322828
0.10798806260868685
0.10798806260868685
0.10798806260868685
0.10798806260868685
0.10798806260868685
0.10859204699922173
0.10839696250140751
0.10839696250140751
0.10773238903975782
0.10828569235816864
0.10831967793725629
0.10831967793725629
0.10831967793725629
0.1086416479286394
0.1086416479286394
0.1086416479286394
0.10833239273801742
0.10833239273801742
0.10796272824738469
0.10770848315443464
0.10782767606559647
0.10782767606559647
0.10796596005693668
0.1072507308162986
0.10779333055426589
0.10820632940984358
0.10820632940984358
0.10820632940984358
0.10805983983973962
0.10805983983973962
0.10867915108181064
0.10867915108181064
0.10867915108181064
0.1085635448537879
0.10801009357812348
0.10875660126345418
0.10875660126345418
0.10896680846358502
0.10877873130966013
0.10830599349622548
0.10830599349622548
0.1083245396756261
0.1083245396756261
0.1083245396756261
0.1083245396756261
0.1083245396756261
0.10806814880492259
0.10806814880492259
0.10806814880492259
0.10806814880492259
0.10838541489699409
0.10838541489699409
0.10809846579471089
0.10809846579471089
0.10809846579471089
0.10809846579471089
0.10874875586281701
0.10874875586281701
0.10884102882374629
0.10830675775265608
0.10830675775265608
0.10846322570472547
0.10846322570472547
0.10846322570472547
0.10891642286090718
0.10891642286090718
0.10891642286090718
0.10891642286090718
0.10891642286090718
0.10891642286090718
0.10891642286090718
0.10891642286090718
0.10891642286090718
0.10891642286090718
0.1096492069273652
0.10924225448178422
0.10923804542021547
0.1092202253254765
0.1092202253254765
0.1092202253254765
0.1092202253254765
0.10904004905019365
0.11074582738507287
0.10979660236095287
0.10987541985770756
0.11034706860592092
0.11034706860592092
0.11034706860592092
0.11034706860592092
0.11055123205890026
0.11055123205890026
0.11179165346959492
0.11179165346959492
0.11179165346959492
0.11179165346959492
0.11174283141118783
0.11244105595758341
0.11244105595758341
0.11282730172429145
0.11238362973447728
0.11203504513311474
0.11236579383258076
0.11154964516278225
0.11154964516278225
0.11191394398570544
0.11191394398570544
0.11191394398570544
0.11127403405579643
0.11104278897709884
0.11146024399526583
0.11146024399526583
0.11191365352787686
0.11138332492093242
0.11138332492093242
0.11124528543478635
0.11124528543478635
0.11142745242411879
0.11199351065451178
0.11172796481047724
0.11172796481047724
0.11153819854933433
0.11153819854933433
0.11153819854933433
0.11139983201451929
0.11054478894582652
0.11054478894582652
0.11048217179870241
0.11048217179870241
0.11069962007210038
0.11099147111918352
0.11067854036806685
0.11022230518728746
0.11022230518728746
0.11102221635599838
0.11109193378879977
0.11109193378879977
0.11109193378879977
0.11133915017944124
0.11134411846233576
0.11134411846233576
0.11131585843098786
0.11131585843098786
0.11138722377726526
0.11143632329035878
0.11120505705985897
0.11128053874689037
0.1117121392694853
0.1117121392694853
0.1117121392694853
0.11182550853879189
0.11182550853879189
0.11182550853879189
0.11066236637234689
0.11066236637234689
0.11070171373856583
0.11100876925707644
0.11060644576087436
0.11060644576087436
0.11060644576087436
0.11050054943708597
0.11040550001902599
0.11017349347873784
0.11004846256406228
0.11001868667763148
0.11001868667763148
0.110499082422788
0.110499082422788
0.110499082422788
0.110499082422788
0.10979606193173264
0.10979606193173264
0.10979606193173264
0.10986559326514828
0.11009371336734182
0.11009371336734182
0.11009371336734182
0.10997643830386078
0.10997643830386078
0.109697640767351
0.10993604918240277
0.10941634949502839
0.10941634949502839
0.10941634949502839
0.10941222941996495
0.1093163730816249
0.1093163730816249
0.1093163730816249
0.1093163730816249
0.1084845203470351
0.1084845203470351
0.10803446806413973
0.10911594513321679
0.10911594513321679
0.10911594513321679
0.1090617835466598
0.1090617835466598
0.1090617835466598
0.1090617835466598
0.10893021994732095
0.10893021994732095
0.10893021994732095
0.10855741589629542
0.10758717002897851
0.10740851812855597
0.10842686352395096
0.10842686352395096
0.10825042303377996
0.10791018931595583
0.10791018931595583
0.10791018931595583
0.10791018931595583
0.10791018931595583
0.10791018931595583
0.10814800466595322
0.10814800466595322
0.10814800466595322
0.10814800466595322
0.10858452749942148
0.10858452749942148
0.10858452749942148
0.10874724707905717
0.10874724707905717
0.10829526198997531
0.10829526198997531
0.1081687272763176
0.10819766424982774
0.10805850999092906
0.10833819664439594
0.10817377751075713
0.10840437302459631
0.10812414879751668
0.10812414879751668
0.10812414879751668
0.10848953963124114
0.10848953963124114
0.10848953963124114
0.10839818721248708
0.10839818721248708
0.10839818721248708
0.10839818721248708
0.10839818721248708
0.10899172608351142
0.10899172608351142
0.10899172608351142
0.10899172608351142
0.10899172608351142
0.10899172608351142
0.10899172608351142
0.10899172608351142
0.10870312132213561
0.10886037460724778
0.10879199263216922
0.10879199263216922
0.10879199263216922
0.10879199263216922
0.1092367112524842
0.10941058820566128
0.10817779097351783
0.10817779097351783
0.1083505620583574
0.10817376204156565
0.10817376204156565
0.10815094095589053
0.10815094095589053
0.10815094095589053
0.10815094095589053
0.10815094095589053
0.10860233029481813
0.10860233029481813
0.10881834514820057
0.10881834514820057
0.10881834514820057
0.10825339883076983
0.10825339883076983
0.10843250232880747
0.10843250232880747
0.10843250232880747
0.10843250232880747
0.10851937850542155
0.10946062897843037
0.10934504493788705
0.10934504493788705
0.10872958313301617
0.10872958313301617
0.10846620526098916
0.10846620526098916
0.10900609539127923
0.10900609539127923
0.10900609539127923
0.10900609539127923
0.10900609539127923
0.10787764071274925
0.10779948263108144
0.10850950188625395
0.10850950188625395
0.10850950188625395
0.1080020284829226
0.1080020284829226
0.1080020284829226
0.1080020284829226
0.1069536949121458
0.10664269260100412
0.10664269260100412
0.10664269260100412
0.10699071389772961
0.10699071389772961
0.1058497733914452
0.10630385423668516
0.10630385423668516
0.10630385423668516
0.10630385423668516
0.10618409338366595
0.10570278432338191
0.10570278432338191
0.10570278432338191
0.10570278432338191
0.10570278432338191
0.10570278432338191
0.10570278432338191
0.10588627867394881
0.10588627867394881
0.10618182734757288
0.10588151815758232
0.10603197535999641
0.10686074732802156
0.10686074732802156
0.10678451757870208
0.10678451757870208
0.10703698310513486
0.10703698310513486
0.10703698310513486
0.10703698310513486
0.10703698310513486
0.10703698310513486
0.10703698310513486
0.106962757688716
0.106962757688716
0.106962757688716
0.10792250370791051
0.10792250370791051
0.10894836921091652
0.10894836921091652
0.10894836921091652
0.10894836921091652
0.10828954640729768
0.10811512661207663
0.10809365213814814
0.10845774970365969
0.10845774970365969
0.10806669292266387
0.1094336840772129
0.1094336840772129
0.1094336840772129
0.1094336840772129
0.10966230487717747
0.10966230487717747
0.10966230487717747
0.10962060915820195
0.10962060915820195
0.10962060915820195
0.10962060915820195
0.10962060915820195
0.10962060915820195
0.10962060915820195
0.10962060915820195
0.10967793867255796
0.10991025432434987
0.1097457408750197
0.10991317518742302
0.10991317518742302
0.10934592675224544
0.1096849768758031
0.1096849768758031
0.1096849768758031
0.11011684077919111
0.10999629031049651
0.10999629031049651
0.10999629031049651
0.10999629031049651
0.10999629031049651
0.10999629031049651
0.10994021065020933
0.11050734117799692
0.11050734117799692
0.10998872599696762
0.10998872599696762
0.11069233564302824
0.11010039679095908
0.11035053662102787
0.1102680649426409
0.11062847969280926
0.11082724287410513
0.11082724287410513
0.11082724287410513
0.11141648479042211
0.11141648479042211
0.11075313264373422
0.11075313264373422
0.11012920823821619
0.11012920823821619
0.11012920823821619
0.11012920823821619
0.11057642405290191
0.11057642405290191
0.11057642405290191
0.11057642405290191
0.11057642405290191
0.11040027360309429
0.11040027360309429
0.11045705293250511
0.11066943592803617
0.11066943592803617
0.10984615847453588
0.1101049074746911
0.10985548722347782
0.11006569211055006
0.10953503759390364
0.10911388866524548
0.10911388866524548
0.10928520831323309
0.10891880761378232
0.10891880761378232
0.10825455852434339
0.10889887707039322
0.10889887707039322
0.1090946205121665
0.1090946205121665
0.10932013483734342
0.10932013483734342
0.10923454737350423
0.10923454737350423
0.10957099129866968
0.10957099129866968
0.10957099129866968
0.10984041119994492
0.10990487326238763
0.10990487326238763
0.10990487326238763
0.1106088468842508
0.1106088468842508
0.11061444766728595
0.11039386686983114
0.1110660370792822
0.1110660370792822
0.1110660370792822
0.11095210238258187
0.11095210238258187
0.11095210238258187
0.11095210238258187
0.11042618979164343
0.11093514757956366
0.11099857993200463
0.11114429998769905
0.11128007966559599
0.11128007966559599
0.11128007966559599
0.11128007966559599
0.11128007966559599
0.11128007966559599
0.11128007966559599
0.11128007966559599
0.11116985438262993
0.1112188573814867
0.1112188573814867
0.1112188573814867
0.11133076550032159
0.11175307777807592
0.11175307777807592
0.11197849592741606
0.11188727313079562
0.11188727313079562
0.11188727313079562
0.11163401797908462
0.11163401797908462
0.11163401797908462
0.11163401797908462
0.11256150150987684
0.1118991048262734
0.11315801307646194
0.11260514932036012
0.11260514932036012
0.11260514932036012
0.11260514932036012
0.11291715623340953
0.11250525719490782
0.11230022523143889
0.11223682501132404
0.11247928879098983
0.11230728889630699
0.1126828942179481
0.11282547523351938
0.11282547523351938
0.11266121519637458
0.11266121519637458
0.11266121519637458
0.11232873495220004
0.11218129696456547
0.11218129696456547
0.11218129696456547
0.11160067377337142
0.11170566351370967
0.11170566351370967
0.11170566351370967
0.11234488026713306
0.11273181243275864
0.11244852207190495
0.11243017564905208
0.11243017564905208
0.11195931587413321
0.11209431021020771
0.11209431021020771
0.11209431021020771
0.11209431021020771
0.11209431021020771
0.1116908699010896
0.11125803960752689
0.11082877169115411
0.11064779694003288
0.11041338353947608
0.11078858838593714
0.11064265216844545
0.11064265216844545
0.11064265216844545
0.11064265216844545
0.11029445142210349
0.11096014423474362
0.11084316425190482
0.11096433934500478
0.11103193813179178
0.11103193813179178
0.11101004507859617
0.11101004507859617
0.11101004507859617
0.11101004507859617
0.11167148784467158
0.11173456240586142
0.11164024113769669
0.11096140770983119
0.11147968606463707
0.11155202435735179
0.11118950834128782
0.11118950834128782
0.11118950834128782
0.11118950834128782
0.11163786885622969
0.11163786885622969
0.11163786885622969
0.11163786885622969
0.11163786885622969
0.11209702365737624
0.1109592159446418
0.11092799955611626
0.11100151654917627
0.11037504072366994
0.11037504072366994
0.11023798097400596
0.11023798097400596
0.11020151661428342
0.1090827233015127
0.10950808558876819
0.10950808558876819
0.10950808558876819
0.10950808558876819
0.10950808558876819
0.10905492531585334
0.10905492531585334
0.1095458512503287
0.10968610278479914
0.10957735075117044
0.10870460912830726
0.10870460912830726
0.10870460912830726
0.10870460912830726
0.10847354125628944
0.10737770275165139
0.10737770275165139
0.10737770275165139
0.10817553802948623
0.10817553802948623
0.10817553802948623
0.10817553802948623
0.10817553802948623
0.10817553802948623
0.10817553802948623
0.10817553802948623
0.10817553802948623
0.10809611801867762
0.10801440218477643
0.10801440218477643
0.10801440218477643
0.10801440218477643
0.1085327347595741
0.10777128417419729
0.10775495742938117
0.10777484577801712
0.10797508555247816
0.10811425699624458
0.10811425699624458
0.10848844472960957
0.10848844472960957
0.10848844472960957
0.10849150824701524
0.10891360929680458
0.10826688838631565
0.10841608462829909
0.10841608462829909
0.10841608462829909
0.10704380101003029
0.10704380101003029
0.10704380101003029
0.10704380101003029
0.10704380101003029
0.10732135358472907
0.10732135358472907
0.10703857060588859
0.10699850026785013
0.10699850026785013
0.10614293808561506
0.10614293808561506
0.10614293808561506
0.10618310754771153
0.10586821396208
0.10586821396208
0.10586821396208
0.10586821396208
0.10586821396208
0.10586821396208
0.10613429186464719
0.10613429186464719
0.10731498099317745
0.10731498099317745
0.10817475016699758
0.10798763138746101
0.10813411656119705
0.10858152180710717
0.10858152180710717
0.10858152180710717
0.10858152180710717
0.10858152180710717
0.10872465977383149
0.10908426917428364
0.10908426917428364
0.10908426917428364
0.10913199441929267
0.10913199441929267
0.10913199441929267
0.10913199441929267
0.1087637221081218
0.1087637221081218
0.1087637221081218
0.1087637221081218
0.10800104911914636
0.10800104911914636
0.10800104911914636
0.10800104911914636
0.10756228145826977
0.10770249929125726
0.10770249929125726
0.10770249929125726
0.10772987763941405
0.10739255245749942
0.10866182182870106
0.10866182182870106
0.10901595822633987
0.10901595822633987
0.10901595822633987
0.10978426260799205
0.10890648110650519
0.10838500341558832
0.10838500341558832
0.10874620815833996
0.10874620815833996
0.10902280483680088
0.10902280483680088
0.10902280483680088
0.10902280483680088
0.10902280483680088
0.10879824391607427
0.10879824391607427
0.1088819773233331
0.1088417174713648
0.1088417174713648
0.1088417174713648
0.1090752798153244
0.1090752798153244
0.1090752798153244
0.10820230967828484
0.10832458733902066
0.10832458733902066
0.10832458733902066
0.10832458733902066
0.10726794747411292
0.10695042677508426
0.10666208667196521
0.10779393647094772
0.10801156805201334
0.10794367535005335
0.10794367535005335
0.10794367535005335
0.10794367535005335
0.10801142366905996
0.10801142366905996
0.10801142366905996
0.10684976214259226
0.10684976214259226
0.10684976214259226
0.10684976214259226
0.10684976214259226
0.10679226237522498
0.10606632219894897
0.10606632219894897
0.10606632219894897
0.10613963758923066
0.10613963758923066
0.10613963758923066
0.10552828605361252
0.10552828605361252
0.10552828605361252
0.10625825632298355
0.1059874187728158
0.1059874187728158
0.10554581517761266
0.10554581517761266
0.10554581517761266
0.10554581517761266
0.10543969338007357
0.10543064310858553
0.10543064310858553
0.10543064310858553
0.10528883242161029
0.10551235126224423
0.10540814439864023
0.10566898055685998
0.10593735604659021
0.10593735604659021
0.10593735604659021
0.10593735604659021
0.10593735604659021
0.10593735604659021
0.10664933050547788
0.10704418806572476
0.10704418806572476
0.10704418806572476
0.10716737182203066
0.10683852342808026
0.10696186690368589
0.1073195464529545
0.1073195464529545
0.10746690581359032
0.10746690581359032
0.10746690581359032
0.1070081029264102
0.1070081029264102
0.1070081029264102
0.1070081029264102
0.10740506403709069
0.1070271021093041
0.1070271021093041
0.1070271021093041
0.1070271021093041
0.1070271021093041
0.10748730894840856
0.10744601052731412
0.10704104386918858
0.10704104386918858
0.10704104386918858
0.10706777701648701
0.1062894590971546
0.1062894590971546
0.10664863396686668
0.10664863396686668
0.10664863396686668
0.10581893636262407
0.10581893636262407
0.10587896081708373
0.10607998821755521
0.10607998821755521
0.10626053643420984
0.10626053643420984
0.10641166172930622
0.10641166172930622
0.10753058958998712
0.10762692417760113
0.10762692417760113
0.10762692417760113
0.10762692417760113
0.10762692417760113
0.10762692417760113
0.10735907159224947
0.10735907159224947
0.10735907159224947
0.10747469349197115
0.10747469349197115
0.10747469349197115
0.10687142500118237
0.10687142500118237
0.10687142500118237
0.10716798335095679
0.10716798335095679
0.10716798335095679
0.10716798335095679
0.10716798335095679
0.107348087652475
0.107348087652475
0.10717585539824577
0.10717585539824577
0.10694038927023047
0.10708253814721971
0.10708253814721971
0.10708253814721971
0.10708253814721971
0.10708253814721971
0.10708253814721971
0.10708253814721971
0.10722183332349895
0.10722183332349895
0.10696957665966338
0.10696957665966338
0.10683956637443225
0.10682153560817992
0.10718066748984591
0.10743818602324721
0.10743818602324721
0.1083866348650397
0.10826635445642917
0.10723581364735628
0.10723581364735628
0.10723581364735628
0.1067399759117157
0.1067399759117157
0.1067399759117157
0.1067399759117157
0.10726048028769761
0.10726048028769761
0.10726048028769761
0.10726048028769761
0.10726048028769761
0.10858186524280221
0.10858186524280221
0.10858186524280221
0.10859189295438403
0.10787026741410143
0.10787026741410143
0.10787026741410143
0.10787026741410143
0.1081473405682428
0.10804609112223816
0.10804609112223816
0.10804609112223816
0.10842162749307452
0.10851504602381815
0.10890439607518033
0.10843377009856656
0.10818004378444104
0.10816259186142003
0.1087552833473457
0.1086618990964272
0.1086618990964272
0.10881640209937224
0.10881640209937224
0.10881640209937224
0.10881640209937224
0.10865221248427517
0.10903452539951644
0.10903452539951644
0.10903452539951644
0.10941647306613783
0.10941647306613783
0.1098240075418984
0.1098240075418984
0.1098240075418984
0.1098240075418984
0.1098240075418984
0.11012513579452662
0.11012513579452662
0.11012513579452662
0.10971333300029996
0.10954586852533486
0.10957314102201177
0.10994709100805072
0.10933322508358191
0.10863895171169638
0.10863895171169638
0.10863895171169638
0.10904038785378457
0.10892374152466291
0.10892374152466291
0.10899258268639747
0.10916437518123162
0.10916437518123162
0.1093894297909359
0.1093894297909359
0.1093894297909359
0.1093894297909359
0.10938343661153985
0.10938343661153985
0.10968492101258
0.10968492101258
0.10927478103084583
0.10899602448156925
0.10924503269319644
0.10924503269319644
0.10845555126510992
0.10845555126510992
0.10845555126510992
0.10845555126510992
0.10898784802017644
0.10940349119167599
0.10904351451714857
0.10904351451714857
0.10908140171519094
0.10908140171519094
0.10908140171519094
0.10908140171519094
0.10908140171519094
0.10908140171519094
0.1095217499182684
0.10945725410710284
0.10945725410710284
0.10945725410710284
0.10945725410710284
0.10945725410710284
0.10945725410710284
0.10951488489163454
0.10951488489163454
0.10860015689208735
0.10860015689208735
0.10860015689208735
0.10860015689208735
0.10897183115494571
0.10897183115494571
0.10889446742668536
0.10870447901408573
0.10924396824945383
0.10923225703230133
0.10923225703230133
0.10923225703230133
0.11002169303214798
0.1099274237060461
0.10990083486176946
0.1097883080346038
0.1097883080346038
0.11018313099036091
0.11030034184315529
0.11041121035111254
0.11041121035111254
0.1106727778253971
0.1106727778253971
0.1106727778253971
0.1106727778253971
0.11057049020541813
0.11101723591296407
0.11101723591296407
0.11101723591296407
0.11101723591296407
0.1110663694914117
0.1110663694914117
0.11069846538862489
0.11069846538862489
0.11069846538862489
0.11069846538862489
0.1105600773747335
0.11063751108795558
0.10996617991674613
0.11019372234728746
0.11019372234728746
0.11018586270436899
0.11018586270436899
0.1096121486015314
0.1094609783183905
0.1094609783183905
0.10928665971648413
0.10928665971648413
0.10928665971648413
0.10928665971648413
0.10928665971648413
0.1097625172136511
0.10929225440936897
0.10936149464708102
0.10933247987018091
0.10906629247427024
0.10906641598643987
0.10906641598643987
0.10906641598643987
0.10919850291682857
0.10919850291682857
0.10919850291682857
0.10944874021141819
0.10911671190806523
0.10911671190806523
0.10911671190806523
0.10911671190806523
0.10911671190806523
0.10911671190806523
0.10911671190806523
0.10943826424303447
0.1095291311845971
0.10903566200481117
0.10987638767789874
0.11009966850531183
0.11024423142472545
0.11066168455999367
0.10983351556333598
0.11002608106830271
0.10965615106320033
0.10879744141121643
0.10879744141121643
0.10879744141121643
0.10879744141121643
0.10786323966616698
0.10754290424511924
0.10747280677009925
0.10747280677009925
0.10747280677009925
0.10747280677009925
0.10761557120161198
0.10761557120161198
0.10753392201559972
0.10716217168032025
0.10710961095511168
0.10630611050992056
0.1061697881415286
0.10616888435491813
0.1072150542802034
0.1072150542802034
0.1072150542802034
0.1073444992788547
0.10732433305455723
0.10732433305455723
0.107906847283708
0.10818946184414133
0.10834102992806546
0.10796434103798881
0.10796434103798881
0.10796434103798881
0.10780118427031356
0.10750448680559682
0.10750448680559682
0.10750448680559682
0.10750448680559682
0.10750448680559682
0.10717467774056023
0.10717467774056023
0.10717467774056023
0.10691943081396747
0.10691943081396747
0.10691943081396747
0.10691943081396747
0.10691943081396747
0.10716590766342833
0.10716590766342833
0.10666014737215684
0.10666014737215684
0.10666014737215684
0.10649686793865587
0.10703670858886731
0.10703670858886731
0.10670462957747164
0.10670462957747164
0.10616247128873092
0.10616247128873092
0.10616247128873092
0.10616247128873092
0.10616247128873092
0.10616247128873092
0.10616247128873092
0.10616247128873092
0.10616247128873092
0.10616247128873092
0.10679880180171257
0.10679880180171257
0.10616362349590232
0.10621156417347082
0.10621156417347082
0.10562816111107563
0.10562816111107563
0.10562816111107563
0.10585476045048679
0.10585476045048679
0.10585476045048679
0.10585476045048679
0.10585476045048679
0.10585476045048679
0.10585476045048679
0.10585476045048679
0.10585476045048679
0.10557629682217719
0.10538693891414942
0.10505239337801676
0.10505239337801676
0.10505239337801676
0.10459287666611017
0.10453821684724578
0.104110829167158
0.104110829167158
0.104110829167158
0.104110829167158
0.10424146389774534
0.10424146389774534
0.10424146389774534
0.1041416507746388
0.1041416507746388
0.10317353082565413
0.10303444731426067
0.102878701626792
0.10336296974839333
0.10336296974839333
0.10347067421022717
0.10347067421022717
0.1037757921113943
0.1040144141063128
0.1040144141063128
0.1049254257353946
0.1049254257353946
0.1049254257353946
0.1049254257353946
0.10542424605039429
0.10536123230272143
0.10555345086505794
0.10576286764208362
0.10576286764208362
0.10576286764208362
0.1064003724013692
0.1064003724013692
0.1064003724013692
0.10643113202364335
0.10643113202364335
0.1072314724071136
0.1072314724071136
0.1072314724071136
0.10674931325918552
0.10662551353933931
0.10613591471594226
0.10613591471594226
0.10639445686454935
0.10617789105027048
0.10617789105027048
0.10617789105027048
0.10653611955676631
0.10637855977110335
0.10584648210011677
0.1061676564157058
0.10678584641543597
0.10678168201510246
0.10678168201510246
0.10678168201510246
0.10702982554490552
0.10702982554490552
0.10686000045719898
0.10686000045719898
0.1068017724071721
0.1068017724071721
0.1068017724071721
0.1068017724071721
0.1068017724071721
0.10633620980917304
0.10633620980917304
0.10633620980917304
0.10633620980917304
0.10633620980917304
0.10685178357787571
0.10748593038100868
0.10748593038100868
0.10748593038100868
0.10748593038100868
0.10748593038100868
0.10759034706096504
0.10759034706096504
0.10759034706096504
0.10773343948569203
0.10762214729093157
0.10776799409361149
0.10851317540909033
0.10851317540909033
0.10851317540909033
0.10778684794297683
0.10778684794297683
0.10778684794297683
0.10763183208838789
0.10642060495509478
0.10642060495509478
0.10666614782430471
0.10676166365506896
0.10664523058613214
0.10688082905404289
0.10688082905404289
0.10688082905404289
0.1070900323560405
0.1070900323560405
0.10655214496458913
0.10655214496458913
0.10655214496458913
0.10627905912703065
0.10627905912703065
0.10627905912703065
0.10627905912703065
0.10611417900535691
0.10611417900535691
0.10611417900535691
0.10611417900535691
0.10581054066447595
0.10581054066447595
0.10592983886022542
0.1056211237898833
0.10600616493589252
0.10560141920252002
0.10560141920252002
0.10559050358285818
0.10559050358285818
0.10525199946961622
0.10525199946961622
0.10525199946961622
0.10525199946961622
0.10525199946961622
0.10525199946961622
0.10503086748447338
0.10511195980014669
0.10511195980014669
0.10511195980014669
0.10511195980014669
0.10545864846956417
0.10541290086755942
0.1056686539460447
0.1056686539460447
0.10532394720138982
0.10526266502226675
0.10526266502226675
0.10526266502226675
0.10526266502226675
0.10526266502226675
0.10526266502226675
0.1063295213303218
0.10596476846400851
0.10660641897288893
0.10739521720801139
0.10739521720801139
0.10739521720801139
0.10691051438502618
0.10691051438502618
0.10691051438502618
0.10691051438502618
0.10691051438502618
0.10669956692787133
0.10669956692787133
0.10669956692787133
0.10669956692787133
0.10669956692787133
0.10669956692787133
0.10765634696972473
0.10765634696972473
0.10765634696972473
0.10698455175529267
0.107694241212276
0.107694241212276
0.1075498676655528
0.10705107737061814
0.10705107737061814
0.10705107737061814
0.10705107737061814
0.10705107737061814
0.10705107737061814
0.10705107737061814
0.10656158136360237
0.10693884294202509
0.10693884294202509
0.10738388530463729
0.10738388530463729
0.10763506633549487
0.10763506633549487
0.10803322405984568
0.10708448037254531
0.10735838296395579
0.10735838296395579
0.1069225017536263
0.1069225017536263
0.1069225017536263
0.1069225017536263
0.1069225017536263
0.1069225017536263
0.10646636777043535
0.10683797778765937
0.10683797778765937
0.10683797778765937
0.10683797778765937
0.10683797778765937
0.107202229043131
0.10686777290675552
0.10686777290675552
0.10715065950019795
0.10715065950019795
0.10715065950019795
0.10715065950019795
0.10767064879994824
0.10767064879994824
0.10758186147495957
0.10758186147495957
0.10758186147495957
0.10758186147495957
0.10758186147495957
0.10757842266207956
0.1076067663335938
0.1076067663335938
0.1076067663335938
0.1076067663335938
0.1076067663335938
0.1076067663335938
0.10782685037578502
0.10737144356305965
0.10742181125392108
0.10736513431127033
0.10770386054668143
0.10770386054668143
0.10770386054668143
0.10731898524772063
0.10731898524772063
0.10731898524772063
0.10731898524772063
0.10731898524772063
0.10736079897159428
0.1075101234824473
0.1075101234824473
0.10835401685447767
0.10835401685447767
0.10772184183679694
0.10772184183679694
0.10727206619437214
0.10734902973545145
0.10734902973545145
0.10776888665823495
0.1079923026433685
0.10766568356090123
0.10766568356090123
0.10702279116536564
0.10702958940590217
0.10702958940590217
0.10691032965126225
0.10691032965126225
0.1067309339970936
0.10735794745919465
0.10737645831299318
0.10737645831299318
0.10726354675785627
0.10726354675785627
0.10726354675785627
0.10726354675785627
0.10726354675785627
0.10726354675785627
0.10726354675785627
0.10726354675785627
0.10726354675785627
0.10753043582317863
0.10753043582317863
0.10753043582317863
0.10753043582317863
0.10753043582317863
0.10753043582317863
0.108341195945545
0.108341195945545
0.10803940687734272
0.10803940687734272
0.10809067350446916
0.1084557913622884
0.1084557913622884
0.1084557913622884
0.1084557913622884
0.10835073275586514
0.10835073275586514
0.10900329814318968
0.10900329814318968
0.1090997646162838
0.1090997646162838
0.1090997646162838
0.1090997646162838
0.1090997646162838
0.10881462487438268
0.10833825033555444
0.10833825033555444
0.10883184290255218
0.10883184290255218
0.10883184290255218
0.10883184290255218
0.10836673971257271
0.10899294099392523
0.10899294099392523
0.10899294099392523
0.10862777707142283
0.10862777707142283
0.10862777707142283
0.10862777707142283
0.10830404806410762
0.10830404806410762
0.10798665580979806
0.10777767572619366
0.10777767572619366
0.10743765249393755
0.1077054284574929
0.1077054284574929
0.1074848724089264
0.1074848724089264
0.1074848724089264
0.1074848724089264
0.1074848724089264
0.1074848724089264
0.10771924741748373
0.1079097409684996
0.1079097409684996
0.1079097409684996
0.1079097409684996
0.10793325525699453
0.10793325525699453
0.10793325525699453
0.10719445528231948
0.1072999437386675
0.1072999437386675
0.1072999437386675
0.1072999437386675
0.10730241427604434
0.10730241427604434
0.1068285826605138
0.1068285826605138
0.10664890907092298
0.10700869279195831
0.10700869279195831
0.10682304272823041
0.10682304272823041
0.10682304272823041
0.10772062755809376
0.10745537283288416
0.10692703049832587
0.10692703049832587
0.10692703049832587
0.1076036161054265
0.1075492030986084
0.1075492030986084
0.10749729387909147
0.10749729387909147
0.10732844243611421
0.10678095622153698
0.10678095622153698
0.10665239962691353
0.1069492760803018
0.1069492760803018
0.1069492760803018
0.1069492760803018
0.1069492760803018
0.1069492760803018
0.1069492760803018
0.10772233667954939
0.10772233667954939
0.10752067651810178
0.10747404601641324
0.10687432891232111
0.10683220690997804
0.10673918375751447
0.10673918375751447
0.10673918375751447
0.10654109108404715
0.10654109108404715
0.10654109108404715
0.10654109108404715
0.10641800336210305
0.10641800336210305
0.10641800336210305
0.10609516453462747
0.10609516453462747
0.1055214584433574
0.10540894678834058
0.10540894678834058
0.10540894678834058
0.10601789471283496
0.10601789471283496
0.10601789471283496
0.10517282421813323
0.10517282421813323
0.10528117681458503
0.1058633626283555
0.10713243382459751
0.10671383147863642
0.10647696691776004
0.10621557472591742
0.10621557472591742
0.10747105452374825
0.10720267152198834
0.10720267152198834
0.10702969274092579
0.10702969274092579
0.10685859220949798
0.10685859220949798
0.10685859220949798
0.10685859220949798
0.10685859220949798
0.10685859220949798
0.10668337578370664
0.10616482925329825
0.10650661459945673
0.10719167025209196
0.10719167025209196
0.10663653185197922
0.10669467099660418
0.10702278498651764
0.10702278498651764
0.10702278498651764
0.10593661252914331
0.10574524028242202
0.10574524028242202
0.10611653065067402
0.10624615358880367
0.10690574513509336
0.1069510875831807
0.10636629961570074
0.10636629961570074
0.10611933135008832
0.10611933135008832
0.10560088056442611
0.10560088056442611
0.10560088056442611
0.10560088056442611
0.10560088056442611
0.10560088056442611
0.10560088056442611
0.10555022943159371
0.10554290958009367
0.10554290958009367
0.10517957210495321
0.10506082093327598
0.10570298943082594
0.10570298943082594
0.1061400841028803
0.10665964889360041
0.10665964889360041
0.10665964889360041
0.10665964889360041
0.10665964889360041
0.10665964889360041
0.10686780538008468
0.10686780538008468
0.10686780538008468
0.10686780538008468
0.10686780538008468
0.1070660063511224
0.1070660063511224
0.10669278995318612
0.10669278995318612
0.10715246679709531
0.10715246679709531
0.10715246679709531
0.10654362046732449
0.10654362046732449
0.10654362046732449
0.10654362046732449
0.10654362046732449
0.10655730762583022
0.10655730762583022
0.10688698822490669
0.10688698822490669
0.10676100038787192
0.10831754907771105
0.10829429203329964
0.10793611322579494
0.10793611322579494
0.10793611322579494
0.10766685552596067
0.10753699816394877
0.10753699816394877
