0.10370788567766351
0.10370788567766351
0.10370788567766351
0.10370788567766351
0.10370788567766351
0.10370788567766351
0.10370788567766351
0.10370788567766351
0.10370788567766351
0.10370788567766351
0.10370788567766351
0.10370788567766351
0.10370788567766351
0.10370788567766351
0.10370788567766351
0.10370788567766351
0.10370788567766351
0.10370788567766351
0.10370788567766351
0.10370788567766351
0.10370788567766351
0.10370788567766351
0.10370788567766351
0.10370788567766351
0.10370788567766351
0.10370788567766351
0.10370788567766351
0.10370788567766351
0.10370788567766351
0.10370788567766351
0.10370788567766351
0.10370788567766351
0.10370788567766351
0.10370788567766351
0.10370788567766351
0.10370788567766351
0.10370788567766351
0.10370788567766351
0.10370788567766351
0.10370788567766351
0.10370788567766351
0.10370788567766351
0.10370788567766351
0.10370788567766351
0.10370788567766351
0.10370788567766351
0.10370788567766351
0.10370788567766351
0.10370788567766351
0.10370788567766351
0.10370788567766351
0.10370788567766351
0.10370788567766351
0.10370788567766351
0.10370788567766351
0.10370788567766351
0.10370788567766351
0.10370788567766351
0.10370788567766351
0.10370788567766351
0.10370788567766351
0.10370788567766351
0.10370788567766351
0.10370788567766351
0.10370788567766351
0.10370788567766351
0.10370788567766351
0.10370788567766351
0.10370788567766351
0.10370788567766351
0.10370788567766351
0.10370788567766351
0.10370788567766351
0.10370788567766351
0.10370788567766351
0.10370788567766351
0.10370788567766351
0.10370788567766351
0.10370788567766351
0.10370788567766351
0.10370788567766351
0.10370788567766351
0.10370788567766351
0.10370788567766351
0.10370788567766351
0.10370788567766351
0.10370788567766351
0.10370788567766351
0.10370788567766351
0.10370788567766351
0.10370788567766351
0.10370788567766351
0.10370788567766351
0.10370788567766351
0.10370788567766351
0.10370788567766351
0.10370788567766351
0.10370788567766351
0.10370788567766351
0.10370788567766351
0.10370788567766351
0.10540138773693322
0.10540138773693322
0.1061244001894376
0.10716257607164204
0.10716257607164204
0.10792369317113688
0.10792369317113688
0.10792369317113688
0.10914858998761208
0.11044084871683738
0.11044084871683738
0.11095035977271843
0.11152741283621297
0.11186974859844223
0.11224651496910179
0.11224651496910179
0.11253736758073582
0.11253736758073582
0.11253736758073582
0.11353416131338145
0.11353416131338145
0.11353416131338145
0.11401165857743514
0.11401165857743514
0.11462775057085049
0.1154121890682011
0.11531895882388123
0.11531895882388123
0.11531895882388123
0.11531895882388123
0.11609456659048259
0.1172909751454653
0.1172909751454653
0.1172909751454653
0.11744303736255625
0.1192954617515331
0.1192954617515331
0.11975876798647894
0.11886757638225688
0.11768639765206305
0.11768639765206305
0.1173140944740712
0.1173140944740712
0.11695679580753117
0.11591020398151217
0.11591020398151217
0.11560298240508886
0.11560298240508886
0.11540364703098312
0.1145795128540012
0.11418546042259968
0.11391719346501743
0.11268544749491163
0.11268544749491163
0.11293312496024473
0.11276626538394492
0.11213446167067241
0.11193018430496363
0.11193018430496363
0.11141006822165705
0.11081392439986386
0.11081392439986386
0.11000115392856626
0.10952394844650866
0.10974105702183037
0.11059909625138314
0.11129874279261591
0.1105428354251575
0.11125933378296254
0.11221535813703241
0.11218837179438751
0.11198524739716141
0.11198524739716141
0.11162797084304994
0.11265060358449627
0.11265060358449627
0.11265060358449627
0.11136342018225616
0.11059322325804394
0.10892658018333524
0.10928626159301388
0.10948941666742887
0.11093051122651336
0.11093051122651336
0.10967387508947597
0.10967387508947597
0.1097231011144466
0.10940983343259673
0.10914635582261038
0.10979833652435855
0.10870552742513244
0.10744024004184213
0.10722161848439678
0.10695565008744436
0.10645859888925441
0.10822619827189892
0.10858536510939963
0.10883246454219553
0.10794033802736498
0.10868170676297775
0.10907938213232778
0.10825192959893414
0.10779476444952886
0.10722011394251227
0.10636128457828682
0.106431512538856
0.10519935771898503
0.10644321949796248
0.10688535296366757
0.10817964560858669
0.10682099022246833
0.10757275258851257
0.10794952473767659
0.10731275431603132
0.10708760731027367
0.10746353845323638
0.1083228146857603
0.1083228146857603
0.10917435421951313
0.10934349745521339
0.10888574574547777
0.10888574574547777
0.10863986034609982
0.10825220653581501
0.1070355033897992
0.10767621373263664
0.10809369619221217
0.10850840697535898
0.10888475263178721
0.1101230080452055
0.10951054610280522
0.10945071001312567
0.10945071001312567
0.1085309402932354
0.1090367832020403
0.10890014992844048
0.1093363865679181
0.1093363865679181
0.10816531131760358
0.10823969143612013
0.106660457147025
0.10682583504748538
0.10675052419891601
0.10659464768929777
0.10659464768929777
0.10625786770317598
0.10625786770317598
0.10572526291054254
0.10511852390925418
0.10649786138188566
0.10641123126976511
0.10641123126976511
0.10688747800559273
0.10687616632907278
0.10543935327519866
0.10603258884453505
0.10524857489016846
0.10476881403083856
0.10358913448593626
0.1041644298484465
0.104303832675408
0.10538487107352185
0.10538487107352185
0.10522895047878926
0.10628801685547945
0.10594160450579293
0.10619005899780541
0.10690574482875982
0.10620757885396273
0.10649295764807294
0.10649295764807294
0.10649295764807294
0.10661373575018303
0.10632705217030516
0.10632705217030516
0.10673275346008097
0.1073974819036557
0.10573775934693247
0.10575022814290924
0.10475586336346988
0.10475586336346988
0.10517129206037526
0.10480165976569053
0.10422370017955059
0.10487582455756511
0.10624649714835192
0.10624649714835192
0.10669880408891227
0.10564012334319528
0.10607459955408265
0.10617375274086906
0.10617375274086906
0.10684071740370972
0.10710388462513364
0.1063768066400777
0.1063768066400777
0.1063768066400777
0.10714859963593207
0.10732831664742684
0.10634975969537422
0.10634975969537422
0.10662624381282383
0.10675280841243429
0.10675280841243429
0.10675280841243429
0.10658737543453134
0.10711176844503464
0.10711176844503464
0.10735555347151259
0.10756632187161332
0.10867967076017201
0.10830529804869692
0.10909154908171144
0.10918546436782707
0.10931713322782967
0.10894413009168974
0.10909366017622905
0.10937685512637614
0.10871520820305774
0.10921105971243662
0.1087512378420536
0.10970656787341825
0.11023432029404714
0.11217459641994197
0.11237657662430603
0.11237657662430603
0.11237657662430603
0.11237657662430603
0.11237657662430603
0.11273958808678915
0.11217661137911712
0.11163549025913584
0.11163549025913584
0.11113530793924593
0.11104572514403666
0.1116185041256804
0.1124227432458214
0.11371811083729357
0.11371811083729357
0.11381022504480565
0.11307165871779173
0.11191692077063221
0.11143761929610767
0.1104724825786705
0.1104724825786705
0.1100771903287776
0.10942675754033483
0.10977372120284933
0.10977372120284933
0.10961629555477626
0.10967124087602338
0.11019717417598059
0.1102043566662133
0.1093559787983952
0.10984049874234662
0.1094332091001607
0.1094332091001607
0.10908606166559177
0.10853608967173727
0.10810523469641155
0.10810523469641155
0.1090584038675061
0.1090584038675061
0.1090584038675061
0.11042159088246523
0.11042159088246523
0.11015157489117078
0.10888369498733295
0.10881454205052564
0.10983716518804916
0.10997822011572785
0.10994570852980314
0.11010670822080872
0.11052032317633778
0.11062861933616759
0.11054300506172576
0.11054300506172576
0.10979863145122022
0.109932453334719
0.11093630369392021
0.10929102366648687
0.10894311421822436
0.10853624541818206
0.10896772252415317
0.10997797511719251
0.11005158634869996
0.1099916415463529
0.10927533186354924
0.10865801852223675
0.10865801852223675
0.10816666316837806
0.10816666316837806
0.10838796242781656
0.10817208271243002
0.10926630715746484
0.10926630715746484
0.11009383071464353
0.11100916754837542
0.11102642263222282
0.11094245726461664
0.11094245726461664
0.11163998622597802
0.11162282211209229
0.11157659080226491
0.11152540295304977
0.11260641439914526
0.11194231447060143
0.11194231447060143
0.11117035250511353
0.11117035250511353
0.11117035250511353
0.11180916857321227
0.1118242958669772
0.11263356402427656
0.11186328592893892
0.11210610739495261
0.1111889732985561
0.1111889732985561
0.11196649662489895
0.11079418155907483
0.11079418155907483
0.11001351756279286
0.1097570666629294
0.11121397836620724
0.11043089091390183
0.11076867489847839
0.11076867489847839
0.11204289343526079
0.1121406196657871
0.1126669576402145
0.11269111426791996
0.11289230052540238
0.11226961149364377
0.11111224742103488
0.11154133605505934
0.11280182880905257
0.11307019963086562
0.11328666227927353
0.11302476142579419
0.11213880765660579
0.11222095620541926
0.11235123702752947
0.11205204724296546
0.11103636556060384
0.11111175110417976
0.1111309028226179
0.11088550394112003
0.11185830638886339
0.11185830638886339
0.11062112347287843
0.10885176530508235
0.10885176530508235
0.10885176530508235
0.10871972167271243
0.10871972167271243
0.10885994141768776
0.1101540527785524
0.11059996433757986
0.11058119961740431
0.11034330286439244
0.11057664687238013
0.11074893331207793
0.11074893331207793
0.11074893331207793
0.11074893331207793
0.11024842883044295
0.11021373276274112
0.11021373276274112
0.11033234886947678
0.11014349812358896
0.10971028746458668
0.10864769411097155
0.10922681767583421
0.10868526827701828
0.1087520376180696
0.10822036051588517
0.1087141131602876
0.10747223850132046
0.10689886408585429
0.10663410068031952
0.10663410068031952
0.10736879933080068
0.10736879933080068
0.10663208691588713
0.10663208691588713
0.1056493875416388
0.1052552695831172
0.1059162442951285
0.10703483924745083
0.10703483924745083
0.10650122709805536
0.10650122709805536
0.10650122709805536
0.10661626008194972
0.10661626008194972
0.10626907561986494
0.10568975819657757
0.10738051245458485
0.10834718364720212
0.1076489913393139
0.10871340165068691
0.10956109853384192
0.10956109853384192
0.10956109853384192
0.10927026274693631
0.1110879725835612
0.11178940470013828
0.11174122050500533
0.11174122050500533
0.11069919247925933
0.1106773184414833
0.11075366744796107
0.11136881044378064
0.11252458499147193
0.11208590567128253
0.11302968880971641
0.113475010746767
0.11340833822280894
0.11340833822280894
0.11340833822280894
0.11394062031197977
0.11438157555792557
0.11407258397129395
0.11407258397129395
0.11441209328521375
0.11441209328521375
0.11448067328218862
0.11352486521460206
0.11161350126170418
0.11211620186553894
0.11330830977585304
0.1138905893865583
0.11359496317285463
0.11359496317285463
0.11359496317285463
0.114230388647568
0.11487606518371207
0.11562176176185202
0.11562176176185202
0.11481984967075638
0.11424459788045223
0.11395605900579978
0.11363453813977387
0.11276238904358866
0.11270879171373466
0.11207134061041961
0.11121812598124128
0.11064812201736443
0.10948907420582389
0.10948907420582389
0.10948907420582389
0.10948907420582389
0.10981977273355299
0.1106954508232995
0.10980625026566639
0.10931886121230061
0.10824816626288816
0.10848584324700405
0.10815420635712539
0.10786820039917423
0.109396787277864
0.10881265927499228
0.10917709959029978
0.1094423194596743
0.10940458167681996
0.10923509739244305
0.10868526880277568
0.10901937875462804
0.10901937875462804
0.1097325561917082
0.10870191437634708
0.10870191437634708
0.10870191437634708
0.10992651563182199
0.10969095301254024
0.10901884921829787
0.1107352431448768
0.1107352431448768
0.1107352431448768
0.11121818244828109
0.11121818244828109
0.11082116919175192
0.11030989802732309
0.11049036543272749
0.11000443824991844
0.11110378787810102
0.11110378787810102
0.11110378787810102
0.11095626557556976
0.11040924263532556
0.10995617520686435
0.10985535319661738
0.11057185842927975
0.11072981473927045
0.11019049558749208
0.11019049558749208
0.11090571631014785
0.11090571631014785
0.11076998221556013
0.11137952312779535
0.11161426370948019
0.11161426370948019
0.11161426370948019
0.11183919183444814
0.11035667075656909
0.11035667075656909
0.11026298497644056
0.11084018160651228
0.11166715605712953
0.11072440445256715
0.1112148339044175
0.11066996181581805
0.11064738392821481
0.11064738392821481
0.11062128820665192
0.11062128820665192
0.1102793358163386
0.11021420302087655
0.11021420302087655
0.1101770383051216
0.10925657947731997
0.1103670128339078
0.10998873941927964
0.10959900651875279
0.10859968418269196
0.10845651670170454
0.10830446305998272
0.10856768262242956
0.10867761399084476
0.10859743084323498
0.10906300489697181
0.10906300489697181
0.10906300489697181
0.10891848711551577
0.10891848711551577
0.10806042868937896
0.10755621483634992
0.10784308139014748
0.10784308139014748
0.10880190340703479
0.10880190340703479
0.10856857107658298
0.10838402740694406
0.10849815715310927
0.10803160193472577
0.10781618774228245
0.10787176859497026
0.10725393258353047
0.10877365231867837
0.10840546780409331
0.10910986753502055
0.10919971822863826
0.10919971822863826
0.10899242866518975
0.10890312710708823
0.10890312710708823
0.1078142676878371
0.10735100480117168
0.10822614347490701
0.10859983253857956
0.10846303346748952
0.10933682998201646
0.10927959418210856
0.10920620686148028
0.11035068728718359
0.11035068728718359
0.11028434101735085
0.10996714124166718
0.11066905343592269
0.11126295127903431
0.11126295127903431
0.11132360307971058
0.11015506175969207
0.11057630070798263
0.11048141417609435
0.11069451246758448
0.11069451246758448
0.11117344986040785
0.11088679412287751
0.11088679412287751
0.11007084333457468
0.11051330677770467
0.11053655655186836
0.10972581692453445
0.11042260375387647
0.11116612461421292
0.1113024120176636
0.1120516560890861
0.11138758739946669
0.11154078816194928
0.11234768906613417
0.11262269075483475
0.11327165154849336
0.11327165154849336
0.11327165154849336
0.11253428294227677
0.11339552112882087
0.11339552112882087
0.11339552112882087
0.11339552112882087
0.11307222402288788
0.11235269619414977
0.11224334429075744
0.1116443774621788
0.1116443774621788
0.10983993711791687
0.11065119585907851
0.11061303178679831
0.11061303178679831
0.11056445630992359
0.11056445630992359
0.1114221523513776
0.11077272459384375
0.11113556684204669
0.11172910268894642
0.11077390240944934
0.11098758966786
0.1117332234793712
0.11133454885950714
0.11125240938118115
0.11148556547817456
0.11023852650328231
0.11199693060132028
0.11207236010540225
0.11207236010540225
0.11207236010540225
0.11151736998480408
0.1111463259389988
0.11119664248372962
0.11119664248372962
0.11150130332290459
0.11194185039709378
0.11194185039709378
0.11172449971142878
0.11207396717642124
0.11185153992740707
0.11185153992740707
0.11261058432560789
0.11242535915081493
0.11242535915081493
0.11205656604126853
0.11340482024270046
0.11207899452188735
0.11207899452188735
0.11223611365035839
0.11223611365035839
0.11204840392901723
0.11202402820925257
0.11202402820925257
0.11202402820925257
0.11202402820925257
0.11191155103312639
0.11191155103312639
0.11053859414039004
0.11053859414039004
0.11011653128691822
0.11071098729040117
0.11071098729040117
0.11158534869001975
0.11158534869001975
0.11124022826382184
0.11187107460369446
0.11091306532091542
0.11060784114179097
0.1099967638252541
0.10962583236159142
0.10962583236159142
0.11086735987239066
0.11086735987239066
0.10989892000949081
0.10992278065970335
0.11135567249583356
0.11238941628695452
0.11285109790739249
0.11285109790739249
0.11285109790739249
0.11227027136107685
0.11264584358437406
0.11242972433421725
0.1116972394350801
0.11103503439907353
0.11103503439907353
0.11103503439907353
0.11139352393798867
0.11173544419899178
0.11156573386445609
0.11106788592491003
0.11024298716859582
0.109556858823107
0.11074200195493512
0.11099411082403843
0.11002280191222341
0.11106893895550321
0.11041852677876221
0.11143308604802618
0.11151953564671678
0.11147809612868292
0.11226588612399659
0.11226588612399659
0.11194258998343111
0.1123496372693556
0.11281708409112678
0.11274237484537077
0.11249019787331767
0.11172258763794822
0.11037658892134262
0.11072715393307271
0.11072715393307271
0.11105662447667904
0.11297072888748984
0.11342891245604975
0.1137128828407331
0.11344360246207794
0.11344360246207794
0.11322135974633721
0.11378192634511335
0.11423208359049625
0.11377028380771331
0.11377028380771331
0.1138712560186225
0.11454959987818887
0.11439433001233736
0.11432940484334628
0.11428088622975309
0.11428088622975309
0.11428185292507
0.11398064449080646
0.11363599748484227
0.11329746605249764
0.1129446590395375
0.1129446590395375
0.1129446590395375
0.11307050040151755
0.11307050040151755
0.11307050040151755
0.11288471027232257
0.11283741638828
0.11155822820883626
0.1116081983027253
0.1116081983027253
0.11193925677393536
0.11142973108123462
0.11041271686439953
0.1094345814046054
0.10999544647792742
0.10992412924662302
0.1092515814922663
0.11015357451941594
0.10962423515112633
0.10957949591019271
0.10957949591019271
0.10900163299203676
0.10885898766022835
0.10885898766022835
0.1084823879314101
0.10747412704882092
0.1062123416714366
0.10631139288111133
0.10721507411792162
0.10780233927140107
0.10948082532420764
0.10941863987543449
0.11046549870403315
0.11001791809292537
0.10992820081858766
0.10929608585892792
0.10837650935900339
0.10819223996216586
0.10819223996216586
0.10795371722754729
0.1079226094001069
0.10858525993746947
0.10858525993746947
0.10794102644541242
0.10670714093167993
0.10658601197397162
0.10658601197397162
0.10670419647471323
0.10670419647471323
0.10693786552299873
0.10648678978181092
0.1065370793347254
0.10655870308589718
0.10782047243431449
0.10782047243431449
0.1092811381280234
0.10903345163332327
0.10995006009680194
0.10978061660325769
0.10978061660325769
0.10985712706769982
0.10923511569007503
0.1081262779340245
0.1080586632038404
0.1083191997225463
0.10872477511330979
0.10850864619737563
0.10938205372157123
0.11027459198084702
0.11038894135384157
0.1105541368412031
0.11049131396368214
0.11024413429360568
0.11024413429360568
0.11024413429360568
0.11023458934005152
0.11023458934005152
0.11042371344837297
0.10953093328567345
0.10936756041040731
0.10973292775455024
0.10959324010030869
0.1096072455917501
0.1096072455917501
0.10859306266804393
0.10791810931252543
0.10788740028877047
0.10768294994089009
0.10768294994089009
0.10821757430668878
0.10608048202737953
0.10650267884931162
0.10650267884931162
0.10753178967337808
0.10753178967337808
0.10763356626009515
0.10869332865502193
0.10835314416635458
0.10835314416635458
0.10802935248290751
0.10802935248290751
0.10859098861857858
0.10933977535988267
0.10986135726655875
0.10986135726655875
0.10932057826102982
0.11014819052883815
0.10983858551631703
0.10963603124033647
0.10963603124033647
0.109310999402404
0.11017349545007266
0.11017349545007266
0.1103119264811684
0.1103119264811684
0.11014355409408169
0.1101355760151498
0.1094506699517807
0.1094506699517807
0.10723669398511225
0.10723669398511225
0.10791122083766062
0.10791122083766062
0.10793995063897711
0.1093583679358087
0.10896095981664804
0.10911382463101839
0.10911382463101839
0.10766854464947187
0.10794436166826338
0.10806525965761346
0.10808988212742036
0.10808988212742036
0.10806514944064925
0.1076508911935182
0.10724664990618192
0.10724664990618192
0.10647675701427711
0.10492543248601471
0.10492543248601471
0.10517595611106782
0.10527830350838804
0.10636354677729765
0.10636354677729765
0.10596973832165324
0.10634880546901214
0.10596097709271454
0.10596097709271454
0.10596097709271454
0.10596097709271454
0.10608032614100504
0.10647688329181193
0.10647688329181193
0.10647688329181193
0.10606100891572685
0.10597918577097737
0.10597918577097737
0.10597918577097737
0.1062412724076368
0.1062412724076368
0.10665392457210067
0.10660627765178392
0.10660627765178392
0.10581546678857295
0.10642065489286154
0.10628687218375919
0.10620668126677324
0.10620668126677324
0.10635551115706106
0.10635055159018247
0.10755593331768226
0.10755593331768226
0.10767743931756132
0.10767743931756132
0.10728244721736901
0.10687058189479733
0.10687058189479733
0.10668766433097074
0.10696512014101188
0.10765189780338531
0.10804274300305602
0.10892748264522005
0.10886945222918334
0.10911137501576493
0.1099343514421241
0.10974483278408331
0.10996479682308481
0.10996479682308481
0.10995529857492685
0.10952852132492519
0.10940594761611773
0.10975742838727066
0.10889799062865882
0.10939136470298232
0.10943419598222245
0.10943419598222245
0.10943419598222245
0.11008342708240042
0.108790487352041
0.10848722265079828
0.1092304075731165
0.10893351746433075
0.10807890044436967
0.10795098100749877
0.10784568184284758
0.10866785827027589
0.1094900973178601
0.1094900973178601
0.10912079294988888
0.10912079294988888
0.1098881971438721
0.10820381650546056
0.10888712917110363
0.10933886665576817
0.10940291911092993
0.10948333414955222
0.11082212255571569
0.11041748103600944
0.11137304719326502
0.1116712617265818
0.1116712617265818
0.1115389515817044
0.11015339636928569
0.10860341329324352
0.10763433379307667
0.10816963660093766
0.10771876669220339
0.10774717263104837
0.10751649649489133
0.10885398303339347
0.10957592375388209
0.10957592375388209
0.10947360269456204
0.10947360269456204
0.10873512333908847
0.10873512333908847
0.10873512333908847
0.10910111009286433
0.10942770788468045
0.1091563729259713
0.10938615116502723
0.10953010918499757
0.10953010918499757
0.10952976099542745
0.10988357977215014
0.1101144221472029
0.11060590838776466
0.1101700677574037
0.1101700677574037
0.10892892039015652
0.10777350294249564
0.10853326869662215
0.10800186837070512
0.10736138018839347
0.10819514528799655
0.10829636808469077
0.10798458774688198
0.10804394508707027
0.1075770882408098
0.10755461052880452
0.10804163459085087
0.10829514980881758
0.10917008970874385
0.10945817871206501
0.10956713877176716
0.10956713877176716
0.11009458349544962
0.10950849847725846
0.11131992309702068
0.11114160457716389
0.11114160457716389
0.11137220419131831
0.11226775752826303
0.11184539061054462
0.11165583124045968
0.1118051402885687
0.11149648235199994
0.11170909137265532
0.11251662189822632
0.11251662189822632
0.11348896415497392
0.1136134258460814
0.1144901415566269
0.11447425524154907
0.11452034693438697
0.11452034693438697
0.11452034693438697
0.11502248504294482
0.11529834408793951
0.11541631123338185
0.11584154029470471
0.11498340743013791
0.11458565961537555
0.11452952963129683
0.11432658413425316
0.11428995927725649
0.11437012913310982
0.11366559233661479
0.11376055762048885
0.11376055762048885
0.11371761624224867
0.113810917934572
0.113810917934572
0.11344377108178684
0.11389852029052275
0.11492060401186681
0.11517820794639695
0.11362516076390473
0.11362516076390473
0.1124910667573408
0.1124910667573408
0.11206193502210506
0.11158562385467752
0.11142912084151207
0.11049918296712781
0.11049918296712781
0.11059054021450138
0.1110139570186096
0.11299835335061147
0.11313953440206574
0.11256450268507254
0.11324686780276819
0.11231636213172454
0.11141120538444217
0.11141120538444217
0.11152445576379415
0.11156840314184081
0.1115681491879839
0.1115681491879839
0.11123191179235381
0.11123191179235381
0.11099586298388632
0.10911677717965637
0.10847669884443703
0.10818294527777514
0.10866485368387896
0.10866485368387896
0.10926148250318184
0.11016490612829638
0.1105887475333447
0.1105887475333447
0.11168450771151828
0.11135305131122221
0.11222326012098194
0.11181142827368729
0.11080250948699548
0.10964090408430636
0.11086837334227817
0.11195340817987294
0.11121347035191448
0.11141927056795904
0.11141927056795904
0.1111138303329306
0.1113942386426028
0.11057245683876193
0.11082244248093903
0.11095655316606062
0.11069969522029545
0.1113890617938621
0.1113890617938621
0.1113890617938621
0.1113890617938621
0.1113890617938621
0.11061506384095304
0.11003378960517668
0.1102288347464684
0.10881629073647366
0.1093249108907608
0.10986840626160367
0.10986840626160367
0.10937172912223
0.10925097713484234
0.10925097713484234
0.10908377992682888
0.10955545288870032
0.10958305134017475
0.10938776677264211
0.11005174406785917
0.10909066815985516
0.10935360786967403
0.11045708673203618
0.11143994717452572
0.11088392135594619
0.11083559349587072
0.1097047530912231
0.10877600654152256
0.10901229754325398
0.10901229754325398
0.10920934456008202
0.10928159654583247
0.10888093499588455
0.10949981284509934
0.10949981284509934
0.10880608831593153
0.10800097462725854
0.10896777841995633
0.10896777841995633
0.1088320744356531
0.10938363563359768
0.10857702675480378
0.10857702675480378
0.10857702675480378
0.10948820834153211
0.1099153039766941
0.11104042866109835
0.11104628996410468
0.11178585692864025
0.11178585692864025
0.11235805886474384
0.11143431600548327
0.11089953205858345
0.11145541689175965
0.11136277683510033
0.11007275714872262
0.10993961795631577
0.11026622159461708
0.10945864147674657
0.10939756764770653
0.10926191044158948
0.10830540930014837
0.11004763275159175
0.11013394877164592
0.11087334176202791
0.11029746841870418
0.11029746841870418
0.10997483518516306
0.10944071383436536
0.1094915706073857
0.10930150986970451
0.10835018987640567
0.10804612629933867
0.10743400136010739
0.10707213458061454
0.10631975509898518
0.1068337899182487
0.1068337899182487
0.10658844075901241
0.10658844075901241
0.10688403400236413
0.10708128288175467
0.10699680056066288
0.10724796650359048
0.10725697814232345
0.10706230575500307
0.1082287697710843
0.1087612278563728
0.10926135003843992
0.1099769868160533
0.1099769868160533
0.11026282099703362
0.11043713063327526
0.11032983260934137
0.11032983260934137
0.11080627828174
0.11064892541411765
0.1108327879772814
0.11001630133622645
0.110037940165101
0.1104917385890818
0.11127026954164235
0.11126730655210056
0.1118483165462066
0.1118483165462066
0.11169113997339239
0.11219861361080984
0.1122279463174752
0.11226669783979502
0.11156724742897567
0.11156724742897567
0.11085281588611957
0.11085281588611957
0.11105984451895654
0.11070979337416682
0.11129517485788608
0.11097074319802373
0.1112967427190891
0.11125467553779603
0.11057915316659418
0.1102220048197333
0.10979659993957609
0.11044991533937148
0.11044991533937148
0.11051800118607877
0.10999691804322945
0.10999691804322945
0.10917647698001114
0.10917647698001114
0.10970711028826309
0.1098361388768187
0.10866373004526902
0.10959292647588127
0.11045643736191768
0.11104665259723633
0.11124160349971354
0.11163795106862229
0.11156618519773052
0.1116993212767129
0.11080541711247051
0.11080541711247051
0.10994334048716242
0.10969945430924544
0.11049215653141986
0.1101256141651819
0.10995843763788317
0.10975311138781399
0.1107497919310804
0.1107497919310804
0.11030101466514783
0.11030101466514783
0.10986445695151895
0.11046150773503226
0.11096577597912101
0.11084599528500333
0.11282950256287928
0.11270742587563985
0.11262063627929926
0.11215761283479642
0.11188133692866692
0.11357991677885139
0.11399729968225804
0.11443001995048484
0.1145574024980878
0.11477830065379867
0.11429108176035664
0.11364106680952335
0.11338064050618596
0.11336464482743454
0.11370326139034401
0.11309138093707188
0.11296266575086811
0.11404443354146916
0.11324633433639773
0.11316371884345203
0.11316371884345203
0.11316371884345203
0.11227682049238773
0.11272833652759308
0.11279582428610717
0.11279582428610717
0.11275799021724864
0.1122886589139527
0.1122886589139527
0.11249302016781462
0.11308874776832889
0.1128696401148422
0.112676471112296
0.11157566116821152
0.11142879710629432
0.11142879710629432
0.11155331879364755
0.11155331879364755
0.11111778468498959
0.11079800937405795
0.11118339281604865
0.11120718464047047
0.11091400400114886
0.11102520893019434
0.10996732883394826
0.11069395755058993
0.11159049352712909
0.11222797739698528
0.11222797739698528
0.11222797739698528
0.11281143772128846
0.11244173094589037
0.11165985021640694
0.11190297187193943
0.11101224359477849
0.11056977436129482
0.11040552941057706
0.10989910081402807
0.10989910081402807
0.11028650121535741
0.11034363801133514
0.11034363801133514
0.11034363801133514
0.10988054071509654
0.10857828656432131
0.10927929491030386
0.10845883273956908
0.10913371036594406
0.1089834771608601
0.10888048549213619
0.10853018900756949
0.10829214150182108
0.10835968562445214
0.10815376923450769
0.10791445631312913
0.10616589516370223
0.10630303710579095
0.10657410285032469
0.1061945726048639
0.10705591858013191
0.10705591858013191
0.10742961753652476
0.10755850650256335
0.10846663777670672
0.10846663777670672
0.10953609720247574
0.11007551830845355
0.1107203417934265
0.11011716681996286
0.11011716681996286
0.11011716681996286
0.11094534336292199
0.11094534336292199
0.11016874140356424
0.11027950155310295
0.11027950155310295
0.1089160899366593
0.10807308051580869
0.10747680297469696
0.10738391189976308
0.107187172946187
0.10764708476132334
0.1065929124258376
0.10654364373583565
0.10693965463441132
0.10662231444648697
0.10636127453307696
0.10634413455001758
0.10669511960758948
0.10660998412030971
0.10757365648845811
0.10785861459176141
0.10868821705814018
0.106499060601713
0.10705134681057304
0.10752817373547938
0.10725067598506051
0.10674337442224952
0.10674337442224952
0.10600297614732104
0.10610868035973926
0.10509619287038326
0.10509619287038326
0.1060999530768783
0.1060999530768783
0.10628657550052129
0.10628657550052129
0.10587993121206121
0.10603018898458247
0.10603018898458247
0.10733904934867092
0.10725479613744487
0.1063289788993235
0.10645935239370173
0.10645935239370173
0.10686397215178055
0.10683033253391963
0.1068438683460993
0.10662961696321058
0.10632100187177411
0.10632100187177411
0.105149907447256
0.105149907447256
0.1046215466524962
0.10390215450810919
0.10394336811351076
0.10394336811351076
0.10421733414562218
0.1056974883734306
0.10540860688207476
0.10503799951313277
0.10503799951313277
0.10503799951313277
0.10563285406422392
0.10537480892070354
0.10548242704186697
0.10610676312905061
0.10610676312905061
0.10610676312905061
0.10646726816296412
0.10713391707094333
0.10519604792895991
0.1065900843028716
0.1065900843028716
0.10757133635777287
0.10700804611263254
0.10700804611263254
0.10779054924975912
0.10779054924975912
0.10779054924975912
0.10805778230630317
0.10805778230630317
0.10764903189986967
0.10766137515382458
0.10647936643638971
0.10642309008184246
0.10657010855547104
0.10744535633795638
0.10746831938137004
0.10746831938137004
0.10735322457842462
0.10778079897875756
0.10778079897875756
0.10599722463029741
0.10619964593484589
0.10643839212450433
0.10612696916378256
0.10612696916378256
0.1072021634715868
0.10783819162324705
0.10874605977760544
0.1086898792861709
0.10935743410980102
0.10927670126025457
0.10963468177231678
0.1094832936329907
0.11009147192388478
0.11012384010438993
0.11012384010438993
0.11012384010438993
0.1095340718333451
0.10927434844161137
0.10862341397008879
0.10699509736456672
0.10651262301089306
0.10620186189398076
0.10491134826088505
0.10475071662074548
0.10475071662074548
0.10475071662074548
0.10475071662074548
0.10475071662074548
0.10455813933100626
0.10472678542604998
0.10472678542604998
0.10624060062067725
0.10624060062067725
0.10528540910192899
0.10593580570654594
0.10558356733008721
0.10537984303032237
0.10537984303032237
0.10479642380897108
0.10463677298586095
0.10463677298586095
0.10507682536536309
0.10507682536536309
0.10507682536536309
0.1057698717237874
0.10510417397239122
0.10510417397239122
0.10499017922991036
0.10471426824262568
0.10512246285114918
0.10488674379587311
0.10497875801572451
0.10497875801572451
0.10535023110044592
0.10535023110044592
0.10553749791759892
0.10663242297565019
0.10627019005728554
0.10627019005728554
0.10572257185256372
0.10572257185256372
0.10450006196026108
0.10458819264575138
0.10479887268331628
0.10544828778965258
0.10544828778965258
0.10581563235423479
0.10615959913545578
0.10615959913545578
0.10539825464932255
0.1049296294370567
0.1044962274626693
0.10549252293827746
0.10546900641564144
0.10510931311362175
0.10569473751126537
0.1056269807701789
0.10616907201675674
0.10735484955266833
0.10735484955266833
0.10735484955266833
0.10610578588704883
0.10549851665787131
0.10522757604295155
0.10536231854080008
0.10536231854080008
0.105848531933152
0.10626223950913709
0.10579976226856525
0.10560272903066703
0.10560272903066703
0.10610448560454531
0.10600624166208641
0.10662918048516533
0.10658229233733871
0.10625209529632504
0.10634233527878349
0.10522060293112517
0.10547364172978639
0.10442295399738039
0.10442295399738039
0.10442295399738039
0.1059987747208761
0.10720303640989338
0.10643776799755063
0.10825948108015218
0.10813075582388147
0.10762662635332446
0.10679375865508231
0.10679375865508231
0.10679375865508231
0.10768285947783914
0.10762001785190325
0.10872191512964394
0.10847387684412269
0.10657097737741768
0.1073621922876759
0.10768539846299824
0.10768539846299824
0.10874058640645635
0.10970071755596306
0.10950750326764135
0.1099374098082077
0.10965195942235627
0.10965195942235627
0.10898990213146553
0.10932678338153214
0.10932678338153214
0.10904130264843621
0.10901321697937649
0.10911777929797757
0.10912012500152243
0.10907322945996656
0.10993323072575904
0.1097004221185801
0.1116021571904285
0.1116021571904285
0.1106856890061728
0.11123144316561691
0.11064104805500898
0.11131940382464121
0.11156825553456996
0.11156825553456996
0.1109775973313578
0.1119689115668988
0.11284216653164475
0.11228901284816327
0.11290589109489003
0.11291970234113571
0.11401534666856414
0.11332290843987931
0.11264663650627336
0.11264663650627336
0.11263083036401156
0.11258151083477966
0.11215442306203487
0.11273462687276334
0.11189883523307577
0.11247897246344941
0.11257415543667927
0.11082601467280688
0.11143783213292674
0.11211417543042933
0.11210739831808744
0.11149466134494232
0.11170542152787336
0.11067283279971424
0.11056505052813795
0.11031270224088437
0.10946429272247966
0.10919715210895733
0.1098497945744906
0.1098497945744906
0.10973498313859247
0.10980564601233199
0.10915233895350575
0.10954251258213066
0.10970471687031988
0.1093129278011031
0.1092117642099698
0.10971036105223562
0.10945785509297291
0.1082383285578573
0.1081798647929083
0.10813969374599786
0.10782135042178127
0.10699388946745828
0.10699388946745828
0.1080677063449774
0.10888793040263475
0.1094371126963366
0.10862987881907947
0.10832730768240616
0.11017182223828034
0.11103645315369742
0.11103645315369742
0.11075505834633805
0.11008782727202633
0.11033428303830405
0.11000984775215135
0.11000984775215135
0.1099005586229588
0.1099005586229588
0.11020852358460799
0.11085235521722582
0.11119739948302948
0.1107004755304828
0.11060084345581354
0.1112386964649954
0.11019597955873536
0.11120832835005723
0.11052583391759037
0.11103089131660536
0.11036533007489979
0.1093703927699866
0.11037631178608508
0.11059014210745378
0.11089032053609053
0.11130414932844705
0.11192220019384003
0.11081451175271537
0.11006601184090158
0.11006601184090158
0.11070553275757704
0.11107125283128473
0.11107125283128473
0.11060197572211919
0.10979145316845441
0.10979145316845441
0.10979145316845441
0.10857490254821094
0.10779691666880871
0.10806590095502597
0.10771630146565249
0.10771630146565249
0.10732776642874442
0.10732776642874442
0.10732776642874442
0.10752555034141821
0.107741502191082
0.107741502191082
0.1082688616071598
0.1082688616071598
0.10831662655069944
0.10823361363675403
0.10703692354742053
0.10703692354742053
0.10677675279544206
0.10783360587617938
0.10759392501632667
0.10737529800760953
0.10729269664447087
0.10729269664447087
0.1074958189599058
0.1077456481103436
0.10807386594894093
0.10717425632679327
0.10722047844558134
0.10634193630364691
0.10739230824266352
0.10772829126094316
0.10762720311379616
0.10791309476580965
0.10684720790613887
0.10737433729189819
0.10737433729189819
0.10712425661506685
0.10695266038859634
0.10603966534640237
0.10603966534640237
0.10514840828871955
0.10602249428173643
0.10704110967829197
0.10568063682817597
0.1056383665565118
0.10523440635922321
0.1052169427221211
0.10421675900844037
0.10387196394140345
0.1043675394504216
0.10438115547910247
0.10450394385433014
0.10450394385433014
0.10450394385433014
0.10500529929102989
0.10473940081991676
0.10500891927584445
0.10488735558971875
0.10442689618694162
0.10415924373193143
0.10502313440957257
0.10456249367101458
0.10456249367101458
0.10298334087977191
0.10312625551677107
0.10271919249053617
0.10347276407419359
0.10468911199613176
0.10381215877687754
0.10345268937444864
0.10396824264041081
0.10530473940201733
0.10588491072480641
0.10610003125192803
0.1058129450923392
0.10605104058825796
0.10559964567314763
0.10559964567314763
0.10578842610745712
0.10559768811649821
0.10526210684864293
0.10627055942525099
0.10627055942525099
0.1063881999249473
0.10548697015455179
0.1055390805637397
0.10457655948199593
0.10425572726893126
0.10486895987609676
0.10571081956493042
0.10571081956493042
0.10535635083733483
0.10508921227841617
0.10412681313671497
0.10321402268639131
0.10321402268639131
0.1022354547060846
0.1022354547060846
0.10342622229836654
0.10385544798674048
0.10390862060499606
0.10465370152436933
0.10548669629110895
0.10443405903200569
0.10531655783600229
0.10483438649176045
0.10575434313809816
0.10626779202604383
0.10663629089314598
0.10562644670524146
0.10677313017586118
0.10677313017586118
0.10677313017586118
0.10648210423482019
0.10648210423482019
0.10601046066311312
0.10601046066311312
0.10601046066311312
0.10527901256542563
0.1040325980196982
0.10396205880034416
0.10396205880034416
0.10501093834106631
0.1048988828027538
0.10397816972553094
0.10395677690635104
0.10330229883745792
0.10181653175506575
0.102370003351351
0.10220680900593672
0.10243003700613705
0.10297892343855934
0.10400703321667744
0.10313490963774871
0.10313490963774871
0.10358024581034103
0.1040912386063683
0.10524611804056996
0.10590475205956022
0.10615699136810637
0.10598161049654295
0.10523543998311362
0.10504656712359152
0.10442598664143232
0.10423699624760366
0.10461995956304597
0.10383132368276003
0.10341798451113934
0.10445435616330392
0.10463454928315521
0.10429611922184517
0.10460950425459446
0.10652227872618868
0.1056634828736342
0.10542890059425268
0.10571001957266767
0.10512351715271537
0.1053787643848977
0.10575413549223762
0.1058545744127369
0.10556753044247183
0.1058718584802762
0.10632105192529047
0.10688665884922316
0.10771360304457248
0.10771360304457248
0.10805595885538694
0.10813030216969315
0.10814621552986545
0.10811767115225364
0.10924287404305433
0.10916190705562076
0.10880618642969829
0.10818887941408753
0.10931519813016102
0.10931519813016102
0.10945153839964411
0.10945153839964411
0.10876819907815359
0.10897116515467672
0.1072160558207418
0.10868417431586394
0.10868417431586394
0.1070162357660173
0.10789023766464285
0.1072689230531853
0.10880427654233031
0.10931323911384025
0.10931344504279228
0.10931344504279228
0.11015507815005168
0.11144965028928154
0.11124914317756715
0.11126996985476006
0.11100423711690643
0.11085616907690865
0.11087310969160467
0.11166666084077513
0.11079782267923026
0.11159836607499081
0.11175374558561736
0.11172273978971065
0.1116731672392124
0.11226160474815035
0.11220327053477999
0.1122978268676903
0.1122978268676903
0.11180976390547691
0.11291452281316232
0.11319594284740489
0.11305763323675587
0.11305763323675587
0.11305763323675587
0.11311641555079989
0.11266808850379025
0.11228762754408246
0.11233012999985346
0.11319290224668299
0.11292893306180596
0.112893027533148
0.11319755153708913
0.11362924760529737
0.11362924760529737
0.11275213487182702
0.111120653782204
0.11111314534161225
0.11048270576016994
0.11030601129678096
0.11110506412811498
0.11024358932074041
0.11024358932074041
0.108922870851458
0.10881198439835624
0.10887210281809491
0.10887210281809491
0.10925198613087722
0.10825918676794548
0.10952017158037829
0.10924371120352935
0.1103342396995713
0.1103342396995713
0.10946467446798112
0.11011124508698808
0.1101369771357477
0.10988944522781859
0.1101874307513256
0.11020187049696564
0.11082281941995
0.11134794934670512
0.11188546045422575
0.11188546045422575
0.11188546045422575
0.11188546045422575
0.11108113678683827
0.11073560865504518
0.11119987287762119
0.11092190826900511
0.1099961892534897
0.1088727465242025
0.11029974193322471
0.110288925056036
0.11249830863613385
0.11158320334340753
0.11212241703790228
0.11296086277510775
0.11300175585753647
0.11269945397277559
0.11328444123670552
0.11328444123670552
0.11328444123670552
0.11289264558352553
0.11344635039699187
0.11344635039699187
0.11379434640369353
0.11411683438680462
0.11337469243487674
0.11324434941912008
0.11248106411267808
0.11009301938230358
0.10934856364453015
0.10891845282048845
0.109431731800931
0.10993978074217423
0.11026761587930664
0.10904229345338384
0.10814904239283973
0.10814904239283973
0.10904736240397281
0.11011376831469827
0.11061281488820605
0.11061281488820605
0.11061281488820605
0.11005411865431133
0.10974521512360012
0.1104750433984869
0.11013780335011013
0.11037835229155118
0.10881709985357213
0.10881709985357213
0.10933039562357354
0.1096459893448751
0.10897172172454504
0.109288035702113
0.10993310900233794
0.10958890937927197
0.1087626110322594
0.10892424775329589
0.1084310870328942
0.10953678506561679
0.10972972597092603
0.10972972597092603
0.10905207970211152
0.10888582157135769
0.10888582157135769
0.10914142327466601
0.10954866520479423
0.10927211146164613
0.10901744587068521
0.10923206493660594
0.1099759891995421
0.1094195364357048
0.10889420148970227
0.10889420148970227
0.10897351836128821
0.10831500777087034
0.10836163430645893
0.10822527383422811
0.10847539458109237
0.10951934777664171
0.10966826902046378
0.10952947917762415
0.10999831909048538
0.10932156421008886
0.1087771536073732
0.10771774451974286
0.10771774451974286
0.10929660805658765
0.10898418503339015
0.10908160436219183
0.107931512033338
0.10988178396101883
0.10987691097839247
0.10961524019011025
0.10978543928242973
0.10978543928242973
0.10959157399327611
0.11051223142504125
0.11051223142504125
0.11019176985084976
0.11019176985084976
0.11019176985084976
0.11019176985084976
0.11016747553866073
0.11118576910741311
0.1112215399371049
0.1109888407086525
0.11099973698082366
0.11055615374755408
0.11055615374755408
0.1100466139856227
0.109611457761646
0.10995230661560158
0.11009320697984423
0.11009320697984423
0.11022340177587642
0.1100974435946186
0.11081010651680176
0.11084543548034699
0.1090659348194161
0.1097469553536277
0.1091813543602946
0.10937706241133084
0.11096039715324361
0.1107031992164112
0.1119380333354413
0.11205056106389971
0.1121548891361883
0.1121548891361883
0.11268713924057695
0.11198560061524947
0.11343298211872094
0.11301718429019071
0.11299791672989992
0.11293278078430248
0.11243769741683543
0.11346582886129453
0.11302397309587658
0.11302397309587658
0.11302397309587658
0.11296449459978483
0.11229547973343337
0.11212162689651622
0.1121562786488746
0.11235095640766812
0.11290945889957424
0.11317729348279593
0.11328813904569487
0.11352205541379548
0.11352205541379548
0.11398312393636117
0.11411118722977545
0.11436551781173168
0.11475322410851821
0.11499423306859204
0.11482060707365191
0.11482060707365191
0.11482060707365191
0.11452179217320373
0.11429665671810242
0.1134902617178044
0.1134902617178044
0.11456490743963856
0.11456490743963856
0.11456490743963856
0.11399531009094685
0.11424136257023283
0.11448324391786355
0.11416374791715682
0.11449480402945116
0.11449480402945116
0.1131037650642278
0.11325494153561205
0.1136740633636229
0.11415000145672347
0.11415000145672347
0.11517226971899479
0.11446827972880541
0.11341558490344916
0.11367493536348258
0.11367493536348258
0.11367493536348258
0.11246551270774685
0.11270796998787283
0.11269994461483511
0.11407676255211184
0.11479193314148588
0.11373277128352376
0.11472493863739952
0.11515402337651531
0.11515090505694232
0.11539934131170902
0.11443212377977523
0.11448398677790687
0.11439549399056002
0.11431125301622864
0.11553621551945219
0.11585685249665538
0.11606338185580105
0.11475864491283237
0.11455613882991034
0.11455613882991034
0.11367866895749006
0.11404595278446268
0.114438404570273
0.11392353618828864
0.11429888607167499
0.11468719624679359
0.11468719624679359
0.11438039950472426
0.11458269217004195
0.11467149803557014
0.11445825857094805
0.11445825857094805
0.11445825857094805
0.11416131656417436
0.11406962005271835
0.11406962005271835
0.11406962005271835
0.11399944776825945
0.11327528617456521
0.11327528617456521
0.11343625961463111
0.11367525579860965
0.11221213792637011
0.11221213792637011
0.1130274788244358
0.1141834787542997
0.11368482323598607
0.11375201381993275
0.1124335652120124
0.11293510920621908
0.11230897535414144
0.11178235485326689
0.11095910790934561
0.11108883475729507
0.11100471367531081
0.11100471367531081
0.11096311764301087
0.11096311764301087
0.11285768457703996
0.11312470390455451
0.11376506150531118
0.11376506150531118
0.11428351181464647
0.11426984809390116
0.11358694137006577
0.11252103143780558
0.11293123874069874
0.11293123874069874
0.1123520007132285
0.11118812629393236
0.11234704941701527
0.11234704941701527
0.11281653697631085
0.11408968097960379
0.11446424190278265
0.11452622480677867
0.11452622480677867
0.11520454509693107
0.11520454509693107
0.11520454509693107
0.1145448335471032
0.11405995560617463
0.11382384702154923
0.11359751798047088
0.11253101829954476
0.11261120654227
0.11196451372675002
0.11183260789750646
0.11257850442331027
0.11120518915124353
0.11120518915124353
0.11120518915124353
0.11120518915124353
0.11036231176377291
0.11103389255486777
0.11117349773179326
0.1113523517005115
0.1113523517005115
0.1113523517005115
0.11125590712784099
0.11009913118677538
0.11009913118677538
0.11048964220611575
0.1109172673073941
0.1109172673073941
0.11025429743425336
0.10944612418665392
0.10944612418665392
0.10991627709044591
0.11059327529947506
0.11059327529947506
0.11037819710882472
0.11037819710882472
0.110295847605122
0.10961787882127647
0.10951044358943515
0.10951044358943515
0.10835266989145768
0.10832430210957399
0.10844933608672241
0.10836219522247392
0.10836219522247392
0.10784159477945024
0.10784159477945024
0.10683137873812772
0.10659683067104879
0.10784665962328505
0.10680738347805259
0.10610633807321154
0.10602799827540091
0.1063494795701736
0.10625734363534742
0.10625734363534742
0.10837828868640847
0.10717184253366609
0.10733719920683835
0.10779359277587358
0.10779359277587358
0.10827515215696717
0.10827515215696717
0.10746304960950155
0.1079148632233488
0.10804346718146772
0.1084122532676665
0.10716014709255559
0.1068124239789917
0.10712088817663364
0.10734626493425065
0.1075581856973891
0.10626828806696573
0.10666379780505549
0.10714816554211494
0.10703139448816022
0.10718729350201577
0.10859927703845611
0.10776187168865599
0.10754599152687931
0.10754599152687931
0.10840698840002917
0.10996855918831923
0.10996855918831923
0.1096212184396409
0.10945262771421098
0.10980685326495455
0.10872908765245427
0.10828508816668393
0.10844123539733327
0.10780154607029531
0.1078037433310908
0.10795791101492581
0.10790239426736178
0.10790239426736178
0.10906882672931413
0.1085482543313183
0.10776645420728911
0.10776645420728911
0.10898824749865914
0.10743603487800402
0.10754953024338353
0.10656023330482575
0.10607191869989724
0.10721860005290264
0.10794557146049466
0.10804963213578574
0.10914291992904679
0.10954824722380689
0.10967031138197868
0.10884927586720308
0.10972227858436229
0.1092418342926701
0.1092418342926701
0.10932560941392307
0.10830572793193148
0.10895944104635176
0.10959162901664303
0.10959162901664303
0.11050992899103254
0.11050992899103254
0.11201416340924256
0.11120764203975332
0.11120764203975332
0.11120764203975332
0.11187401985552228
0.11187401985552228
0.11215646221562149
0.11307869319124171
0.11347717307288058
0.1131403128352015
0.1131403128352015
0.1128419675362216
0.11126318237267739
0.1112207039464868
0.11093078032153932
0.11093078032153932
0.11130544534239052
0.11130544534239052
0.11200294376963867
0.11128115755474448
0.10975396580269255
0.11004797410355131
0.10940988395979627
0.10830434768880119
0.10830434768880119
0.1082719305792152
0.10910656657018333
0.10910656657018333
0.10910656657018333
0.10910656657018333
0.10910637174156972
0.11058146031434225
0.1104740845255807
0.11031668862599352
0.11031668862599352
0.11045958304245698
0.11057777576056058
0.10871553923664518
0.10831908994008305
0.1074136689218927
0.1074136689218927
0.1080951115041788
0.10794731841550147
0.10869915085898718
0.10809647313212475
0.10751923484157092
0.10800090628360604
0.10763273844659081
0.1082181280916022
0.10763788600871674
0.10596678465320329
0.10699166022016955
0.10793056537331146
0.10891515727377055
0.10827452246821034
0.10702545442363966
0.10776571308306461
0.10782993413343246
0.10848644157234284
0.10838074272711098
0.10851191154766213
0.10959903211953334
0.11051188610229448
0.10982861117187823
0.10982861117187823
0.10821725937850579
0.10720526236767992
0.10720526236767992
0.10774911257490985
0.10774911257490985
0.10763958407528446
0.10825374909748048
0.10812528060414918
0.1075044963305447
0.1075044963305447
0.10771882484885198
0.10791526995179086
0.10822701086467797
0.10817467688446918
0.10817467688446918
0.10738155579797187
0.10787418668332135
0.10787418668332135
0.10936219217322647
0.10936219217322647
0.10911382571110101
0.10938186717564406
0.10942797166248587
0.10938790587696141
0.10912560362929175
0.10909944316571592
0.10852617507078102
0.1082394964253583
0.10808152423378876
0.10898808482970136
0.10988135291759457
0.11059201148388562
0.11220374269604255
0.11288578678845085
0.11283543061155082
0.11397460012148955
0.11382809493331246
0.11376467545722983
0.11383835978890311
0.11355914655046595
0.11401066788971137
0.11298981508056744
0.11247943185268663
0.11226663984745885
0.11229265940799608
0.11125843898333522
0.11034228238721158
0.11065435227233072
0.11107673496569131
0.10970327968494938
0.10970327968494938
0.1084737513497278
0.10878338444974203
0.10874149476897378
0.10896237342521448
0.10938775017376504
0.11067106014779804
0.11050492216341139
0.11014649278023135
0.1101369389672403
0.11045673538203082
0.11086488238744768
0.11068637742044204
0.1109914441310012
0.1108546156580312
0.11127445571341352
0.11116481706993703
0.11158963316267384
0.11148753873629776
0.1117926472306531
0.11157011374050359
0.11076503233411093
0.11115588933498251
0.11146404113502202
0.11114951113605219
0.11077743420743864
0.11182334652463924
0.11200593420919931
0.11171353974431389
0.11063736622764081
0.10958355949163409
0.10873444666631507
0.10873444666631507
0.10819988674158208
0.10764937189121379
0.10808229091531771
0.10686587309044718
0.10680699422292642
0.10680699422292642
0.10680699422292642
0.10680699422292642
0.10701919739378997
0.10701919739378997
0.10739986041396465
0.10715459360798636
0.10719738847275827
0.1071967179598543
0.10721950440759166
0.10744498626662892
0.10806029213876155
0.10796589802637344
0.10801087963715635
0.10737612483706674
0.10809253860519669
0.10794489870422606
0.10794489870422606
0.10794489870422606
0.10836919008025966
0.10743233526656826
0.10592227640143538
0.1053956258984191
0.10634098879788202
0.10520261216452702
0.10619972399401485
0.1063742350940006
0.10619910971370784
0.10642622452030703
0.10687464944899502
0.10687464944899502
0.10717391816086086
0.10625858354225586
0.10721603243332757
0.10746949701343446
0.10748768352968717
0.10795739630105855
0.1081748025516465
0.1081748025516465
0.1081748025516465
0.10856674535694212
0.10856674535694212
0.10984082825276424
0.11015645906324403
0.11080991134543051
0.11046655054501434
0.10915438793720621
0.10915061150378684
0.10967348989216387
0.10918055701251124
0.10915495894424598
0.10915495894424598
0.10915495894424598
0.11001266191643286
0.108845126548219
0.10925481017439927
0.10925481017439927
0.10855276806904905
0.10677020990168858
0.10689443931803841
0.10716157811550747
0.10716157811550747
0.10716157811550747
0.107646230856419
0.10823292910742979
0.10823292910742979
0.10771007305396377
0.1077021548240643
0.10842907589038195
0.10793432750742686
0.10757364496663475
0.10800127790164114
0.10800127790164114
0.10892385705700734
0.10892385705700734
0.10856661515903447
0.10856661515903447
0.10951987002329902
0.10951987002329902
0.10933967797443313
0.10852432355616497
0.10852432355616497
0.10842030828310321
0.10850804282180232
0.10850804282180232
0.10856522099194202
0.10849361565429096
0.10849361565429096
0.10737935875736322
0.10737935875736322
0.1082573568103956
0.10798165146856757
0.107761067710532
0.10743438605210913
0.10716766133555977
0.10724027279379451
0.10662130840089892
0.10516755350366365
0.10516755350366365
0.10516206275678681
0.10519771683663219
0.10392121317940997
0.10409201424493242
0.10409201424493242
0.104579602935221
0.10535085253583354
0.10480827490539893
0.10503650531851697
0.10598556645861215
0.10749180601056946
0.10919332239685356
0.10877140257399316
0.1083124428094864
0.10812351360598847
0.10816748442919541
0.10842695999135181
0.1081341477884318
0.10712192987766911
0.10712192987766911
0.10692016289916062
0.10740459119345963
0.10743121830733433
0.10731646670782719
0.10758889749039773
0.10743595612909931
0.10751328673558272
0.10807594116596558
0.10820676173823404
0.10712264194783377
0.10786918522007188
0.10743137063672727
0.10743137063672727
0.10746002808462457
0.10757139590035292
0.10696734832338575
0.10731203656582464
0.10731203656582464
0.10731203656582464
0.10731203656582464
0.10729281122089628
0.1076378028199373
0.10855570696445004
0.10791623998322311
0.10791623998322311
0.10791623998322311
0.10768196264818383
0.10768196264818383
0.1078266661303483
0.10804402833292727
0.10804402833292727
0.10896414731631342
0.10888454753814264
0.10956148736923338
0.11027664197313046
0.1101955007001723
0.11063190289580108
0.11147779795864451
0.11147779795864451
0.11254074254635671
0.11299608499140588
0.11299608499140588
0.11299608499140588
0.11299608499140588
0.11299608499140588
0.11273451455425273
0.11246351768788106
0.11252738505090217
0.11291907307057393
0.11291907307057393
0.11304188309990718
0.11233865917691106
0.11297201139897456
0.11423640176985103
0.11412598759807407
0.11388199491706986
0.11203503794645882
0.11259571055453864
0.11230992324889412
0.11102932726403107
0.11173675976413831
0.11287276256242375
0.1127846145979719
0.1127846145979719
0.11246439478687946
0.11269290923235208
0.11225089789781591
0.11178385228342115
0.1114340064600099
0.11082490330079005
0.10948963407051196
0.10978848326282294
0.11089750723641001
0.11065837241839498
0.11096943502104017
0.11152296289223532
0.1117247623202968
0.11189354433790087
0.11194310269183938
0.11300784481762752
0.11158767139158884
0.1119234963598928
0.11126875368482014
0.11126875368482014
0.11043931573238192
0.1104724652117868
0.11001461124850676
0.11001461124850676
0.11142500210077799
0.11218355516513842
0.11175725976036943
0.11228724328728318
0.11099986074941982
0.11154559991532123
0.11185141073691778
0.11240179582124622
0.11274945160856985
0.11190317670768012
0.11106455849319752
0.11082483030303186
0.11038495834277465
0.11146673986061308
0.11054919441329103
0.11085220989897852
0.11157714387978314
0.11181926058189562
0.11173121639310042
0.1136357991253745
0.114039337507859
0.11291239945397742
0.11296482468006512
0.1121754783732116
0.11239338877652917
0.1112029673329544
0.1109931622648039
0.11118434617716443
0.11081435160795267
0.11061043965597897
0.11058638870207202
0.11058638870207202
0.11058638870207202
0.11146252905137165
0.11104808271199142
0.11134847588877336
0.11099321452095227
0.11111560848647878
0.11035262129762477
0.11076495556005084
0.11215556963523023
0.11117138413407197
0.11068778652524561
0.11054330174040979
0.11024906478937235
0.11072721650337491
0.11122634293584399
0.1109997373064328
0.1124883945344922
0.11291872849288426
0.11303408539491937
0.11286212931191458
0.11286212931191458
0.11215507655742676
0.1113982769333697
0.1113982769333697
0.11142964472283776
0.11150892673803686
0.11153244102385587
0.1109723391312815
0.1116294087444462
0.11014067515797901
0.11000069029671178
0.11000069029671178
0.11000069029671178
0.1090685257683343
0.10890546328162132
0.10848159357762381
0.10893266536232771
0.10941055261944338
0.1095600861063784
0.1095600861063784
0.10898225409612061
0.10898225409612061
0.1098316279459372
0.10886314073085983
0.10927179323041053
0.10927179323041053
0.10838422896773296
0.10852597138977194
0.10852597138977194
0.10854206937633142
0.10858736950876323
0.11027510487233097
0.11077870677458124
0.11205622672553148
0.11208972539434095
0.11238039691705766
0.11180866740004748
0.11180866740004748
0.11130467214835107
0.11152905503845302
0.11300060058549571
0.11300060058549571
0.11353628209313962
0.11355026137383739
0.11290843095166009
0.11263627975003704
0.11175880739884991
0.11175880739884991
0.11175880739884991
0.1109917074205277
0.11032490088367523
0.11112030153828947
0.11171534957658266
0.11114050127418015
0.11168555678625504
0.11168555678625504
0.11076526660618823
0.1111233598839038
0.11009170732817843
0.1101464456940101
0.10988691178051149
0.10985201110637303
0.11018652080325107
0.11061239927645697
0.11045757599157165
0.11006025381542868
0.11075139503093198
0.10946776440148447
0.10989580832708515
0.10990844682976218
0.11066246428683128
0.11127503918421047
0.11042116750937732
0.11042116750937732
0.11079417765196285
0.11123915977084149
0.11082315917608945
0.11117266417287955
0.11208793454801404
0.1110163130732101
0.1110163130732101
0.11127833278759208
0.11180546761277765
0.11210213256744643
0.11127921730647918
0.11127921730647918
0.11160718323626757
0.11024576153714151
0.10905103167232207
0.10876538684758903
0.109059572071042
0.109059572071042
0.10878050220378742
0.10786782433725299
0.10796742156344499
0.1080729946410658
0.10681059500122882
0.10715841346178936
0.1076475931318316
0.1076475931318316
0.10802504940249555
0.10828428958775319
0.10803227906312801
0.10803227906312801
0.107185767488967
0.10639694529644118
0.10624653966793418
0.10711400515656187
0.10667289641788519
0.10629541432059104
0.10576983888715087
0.10576983888715087
0.10576983888715087
0.10715839371451542
0.10688174170610636
0.1075997509959868
0.1079056098069644
0.10730855418442223
0.10736593009336849
0.10790809647051487
0.10790809647051487
0.10720575981875001
0.1069565110919486
0.10639919457884318
0.10701728587822809
0.10520111407165388
0.10603596223907233
0.1062316299912367
0.1069503863160478
0.10579665289534494
0.10631784722335
0.1070273590672884
0.10712300704241924
0.10743971951133442
0.10746931692925152
0.10770167674931515
0.10662435091344
0.10696879855174617
0.10593143358723436
0.10780764259091964
0.1079180917090031
0.10807910437603888
0.1081107253472453
0.10737958255253276
0.10825175478952662
0.10825175478952662
0.10830313291419037
0.10830313291419037
0.10874599892811491
0.10878536253750684
0.11041395865298011
0.11041395865298011
0.10997063540908007
0.10949733272115059
0.11078715702974716
0.11106718281124912
0.11116866895978023
0.11022399277753203
0.11047627563995287
0.10919187995911252
0.10919187995911252
0.10948174235570644
0.10828101926991829
0.10872424966557369
0.10734273922615968
0.10734241322121994
0.10799266701980843
0.10883834940322315
0.10883834940322315
0.10883834940322315
0.10866730050021133
0.10866730050021133
0.10872335858794097
0.10872335858794097
0.10944826991200104
0.11086047173469407
0.11114133633346103
0.11148689887356507
0.1109846599394808
0.11078769841449405
0.11069626386080583
0.10997433191436327
0.10898732381655644
0.10958567088665343
0.10924133858771429
0.10889555256320221
0.1095310295301903
0.1095448646553029
0.10887858871429
0.10887858871429
0.10907415438353148
0.10876032146379574
0.1092167475802213
0.1105044481984315
0.11007468145076871
0.10972219593932585
0.11033547948442203
0.1088142806870359
0.1088142806870359
0.10867156809030615
0.11057011464959757
0.1100248257165817
0.1100248257165817
0.1100248257165817
0.10977685844050639
0.10905024769774128
0.10860909425048464
0.10863467529016156
0.10960298530311241
0.10960298530311241
0.10900552718258354
0.10934915972669146
0.11051805957232179
0.11066655804779772
0.11016665932141827
0.11016665932141827
0.10947282474717603
0.11020903973401211
0.11071397752964474
0.11103069278711461
0.11055112678298287
0.11055112678298287
0.10995682011423291
0.11027583851376362
0.11027583851376362
0.11067352844699783
0.11032770040479989
0.11088792009841267
0.11124175583021038
0.11124175583021038
0.11141579356382803
0.11038301260112893
0.11038301260112893
0.11148884711613624
0.11174177010640558
0.11206343684151954
0.1121663572939558
0.11235196002003146
0.11235196002003146
0.11235196002003146
0.1117937009432986
0.1112686837098163
0.11188765915367958
0.11072937715877021
0.11194905473560408
0.11194905473560408
0.11194905473560408
0.11222851426771782
0.11205251817802452
0.11177861947660551
0.1111895955539543
0.1111895955539543
0.11145805373752624
0.11112615718930505
0.11021535347730246
0.11021535347730246
0.11021535347730246
0.11021535347730246
0.11039506865162797
0.10966626064861006
0.11076993978093233
0.10981408982895344
0.10981408982895344
0.1090390698053286
0.10882498855991907
0.10917374524831201
0.10917374524831201
0.10917374524831201
0.11016485550940787
0.11006230413379274
0.11056609809360568
0.11056609809360568
0.11056609809360568
0.11186697717229706
0.11162222929767841
0.11065887666266928
0.1106257340171969
0.1107253004517318
0.10895882397376608
0.10967687523703637
0.10994878217002521
0.10908745697723216
0.11029403274020105
0.11045745390397474
0.11099144113207132
0.11099144113207132
0.11099144113207132
0.11106918009891405
0.11106918009891405
0.11008473989559767
0.11008473989559767
0.11005659733132027
0.11005659733132027
0.10993093359965773
0.10993093359965773
0.10956752966614319
0.11085097909771646
0.11165398962234302
0.11135223359178961
0.11135223359178961
0.11135223359178961
0.10996148397268793
0.11027812909085717
0.11116987260452664
0.11124627060193902
0.10999887490483291
0.10999887490483291
0.10899094330540264
0.10899094330540264
0.10899094330540264
0.10878454262725261
0.10878454262725261
0.10988415684143181
0.10988415684143181
0.10988415684143181
0.11014125754324963
0.11014125754324963
0.1105045908762289
0.11116549268545994
0.11166192364925152
0.11095825121961364
0.11095825121961364
0.11161949129460098
0.11161949129460098
0.11111253512634747
0.11049639914305358
0.11047945997419309
0.11047945997419309
0.10862701026079259
0.10873612814895081
0.10833435793676298
0.10895035349897719
0.10732610928976302
0.10701199600365674
0.10696963973730068
0.10766493003744175
0.1072629099574451
0.10725591676959811
0.10758302303067882
0.10707298731884339
0.10594100176910579
0.10689734389558429
0.10714841404258907
0.10704972317624491
0.10704972317624491
0.1069608190931338
0.1069608190931338
0.10711884006002262
0.10709862875124529
0.10709862875124529
0.10709862875124529
0.10672673259750193
0.10669560724056172
0.10667278741719087
0.10611516419161388
0.10688472319486773
0.10623244676465071
0.10684233782912052
0.10809763042109959
0.1094376123502666
0.1094376123502666
0.10826731405712482
0.107835733560089
0.10853514620175372
0.10913507012382936
0.1089858685317141
0.10834112916236022
0.10662586515911895
0.10824508053225063
0.10779286241503218
0.1073099122165493
0.10696936931114509
0.1059539891743484
0.10677884584156548
0.10657307586353748
0.10572788902656165
0.10543196594219947
0.1054973169092471
0.10504049987381074
0.10445013656311065
0.10445013656311065
0.1051230080009495
0.10483493624186507
0.10606635607491523
0.10630615498799065
0.10602830776655364
0.10544415329414657
0.10458815677830226
0.10477253528940858
0.1041821820698533
0.10498785388449292
0.10573162872132211
0.10573162872132211
0.10503181377401279
0.10508638991455685
0.1050172231764061
0.1048612799270195
0.1048612799270195
0.1048612799270195
0.1048612799270195
0.10474815125943084
0.10474815125943084
0.10474815125943084
0.10471510401030824
0.10465699913910569
0.10540830559728716
0.10614586498326696
0.10591910602342239
0.10735366166653129
0.10649358974546254
0.10633525249540748
0.10491275902971382
0.1055178200366862
0.1050619188291645
0.10579703672251713
0.10644776869172928
0.10560310345488025
0.10569972286217083
0.1048823891501032
0.1048823891501032
0.10523144295360305
0.10537992067675526
0.10556953158183766
0.10536875073849465
0.10607668154100167
0.10557494214291914
0.10654823358533731
0.10642140181232433
0.10642140181232433
0.10582069137989404
0.10604409806990671
0.10493187222778094
0.10534714940615164
0.10560798596276291
0.10567425579106654
0.1071780256385785
0.10681154946777462
0.1065482994597532
0.10631246299031316
0.10507927408194893
0.10512602525315135
0.10512602525315135
0.10507364868265137
0.10548327246461987
0.10625554265218295
0.10625554265218295
0.10565326014018679
0.1057880376316543
0.10652571067136866
0.10717264699103819
0.10536399764817456
0.10586062183184557
0.1063191993471965
0.10771486155467426
0.10740167349635146
0.10656878541302134
0.1067937957253633
0.10828399005553148
0.1074690910093186
0.1076309401571775
0.10786181606444777
0.10731171558781709
0.10695982612474868
0.10693318507412335
0.10693318507412335
0.1084719175341691
0.10902745417023695
0.10902745417023695
0.1085853803060077
0.10788397649150613
0.10842937522609017
0.11018978955830815
0.11018978955830815
0.1103214230055407
0.10940506792441755
0.11095816155627795
0.110545546142941
0.1096430600323548
0.10981146857312514
0.11042732093078655
0.11097770102896999
0.1114082788778337
0.11222266734679051
0.11192024957203055
0.11192024957203055
0.11238116921736098
0.11045051208229734
0.11057840581866177
0.11087830203561233
0.11028694384116759
0.11014044277269694
0.11098998293780167
0.11098998293780167
0.11098998293780167
0.11107670141084379
0.111088395797163
0.11148927906252384
0.11148927906252384
0.11159196777017868
0.11170516099899855
0.11260060131198155
0.11258922275944813
0.11258922275944813
0.11258922275944813
0.11258922275944813
0.11258922275944813
0.11205848135710174
0.11204555859886448
0.11078356200043753
0.11117407206621317
0.11112528034123913
0.11024952385146246
0.11020299132018481
0.11100845886231786
0.1108480088790092
0.11003593020830564
0.10916446081977443
0.10878470970536498
0.10878470970536498
0.10878470970536498
0.10854986670434583
0.10854986670434583
0.10841469778124575
0.10726379730027565
0.10829920993504762
0.1083202514449768
0.1081620516580718
0.10917744708182389
0.10917744708182389
0.10912811496515204
0.11007315769967287
0.11038554476600046
0.11034802314335394
0.1106250744133812
0.11149226024728774
0.11256792065738432
0.11128912260363895
0.11128912260363895
0.11177048050214115
0.11090291203862308
0.11001694406005126
0.10973039742346961
0.10973039742346961
0.10932719396350184
0.10928421662534507
0.10929543378278196
0.10959693927172269
0.10794453831162097
0.10843970827833938
0.10843970827833938
0.10843970827833938
0.10766203928088389
0.10925686784928818
0.10868985991296133
0.1092255759675428
0.10825521922518398
0.10936395622246557
0.10974607602597126
0.1090939954267299
0.10899841642627768
0.10832657677277667
0.10832657677277667
0.10702716266527772
0.10851855663656891
0.10851855663656891
0.10864193793788238
0.10811944983753285
0.10811944983753285
0.10796729475440303
0.10796729475440303
0.10885846111390195
0.10902868059632917
0.10845181901628448
0.10799070623088003
0.10779651412880514
0.10778703311018546
0.108036171314474
0.108036171314474
0.10841317008907932
0.10731961858845791
0.1074531284229494
0.10695487155089496
0.10739168626504644
0.1077377954993697
0.10767796120756754
0.1076611213049211
0.1076611213049211
0.10722288516522036
0.10772325163981292
0.10803806382580669
0.10819659657584474
0.10876340929777728
0.10941610280513638
0.10856332406659085
0.10832684364259476
0.10818695599890878
0.1078664057360233
0.1069123271535912
0.10700885068234675
0.10704860687368892
0.10704860687368892
0.10760909408090256
0.10759256122011598
0.10697581515363017
0.10697581515363017
0.10775504346674995
0.10907516434767148
0.10810214301302423
0.10844020667603041
0.11054497473392531
0.11035594279828467
0.10965204749192359
0.11005664506229781
0.10964688249248251
0.10964688249248251
0.11083198855087327
0.11074256732220414
0.11120472770680062
0.111557596997267
0.11155278108165477
0.11097379256157769
0.11121940730889047
0.11126958957115345
0.11020875582591103
0.11050898258940785
0.11026656596678944
0.11060388737451049
0.11030334742134448
0.10931013184290982
0.1096071297061303
0.1097101473082119
0.10888368968455034
0.10978694360727494
0.10978694360727494
0.10926992446825515
0.10937272967315846
0.10961337427930233
0.10907550772476024
0.10862567404898278
0.10774285054745511
0.10736237024109568
0.1079521206556704
0.10825815072085249
0.10813770067591855
0.10793170481305875
0.10740914482656388
0.10796768992934358
0.10862284981245032
0.10825345996374676
0.10765580988899995
0.10765580988899995
0.10758715730312551
0.10758715730312551
0.10865078687595216
0.10866542986782775
0.10861586427719759
0.1074049490865729
0.10874614310111037
0.1080626434985993
0.1080626434985993
0.10725784834790583
0.10725784834790583
0.10663562308467552
0.10663562308467552
0.10645231070327751
0.10687689240879834
0.10626109040899533
0.10612293473662
0.10631888500904162
0.10631888500904162
0.1056074478630151
0.1056074478630151
0.1056074478630151
0.1056074478630151
0.10698247073143417
0.10698247073143417
0.10733909597127904
0.10701504157187819
0.10727006933974516
0.10713307955299005
0.10691045545636416
0.10736302709149065
0.10720504287563234
0.10720504287563234
0.10759024889171426
0.10808461355804948
0.10893643900641863
0.10893643900641863
0.10882297890683032
0.10882297890683032
0.10798434165078728
0.10868156278090416
0.10868156278090416
0.10877204934996426
0.10824059853435265
0.108028497986983
0.10790458671858852
0.10838777438350365
0.10706356649610885
0.10706356649610885
0.10693933930093957
0.10723790357679142
0.10851411016759148
0.10757657804923434
0.10757657804923434
0.10741919062404992
0.10716118842965515
0.10716118842965515
0.10731806626702692
0.10831030289721874
0.10818197169045211
0.10818197169045211
0.10818197169045211
0.10703590809651807
0.10768324902972534
0.10773889449059836
0.10770655019947607
0.10770655019947607
0.10770655019947607
0.10829566129790973
0.10910282718050905
0.10809410142393953
0.10802476157806454
0.10882274716648892
0.10896713290912884
0.1093278501875983
0.10989129343655027
0.11029091753744916
0.11078769660868563
0.10996910684392076
0.11114625009362979
0.11092683808377116
0.10996141115337935
0.10922667777825373
0.1092876518333981
0.10860788727799801
0.10860788727799801
0.10844128119134731
0.10877428941301148
0.10776549121387681
0.10790564093513072
0.10709177693328786
0.10669551204914172
0.106391192644972
0.10822983616491139
0.1085717075236256
0.1085717075236256
0.10742686728224606
0.10674066772476463
0.10852882008031889
0.10832132413143798
0.10832132413143798
0.10887458726713548
0.11016521395440182
0.10978586608015618
0.10973221735917692
0.10844352669164599
0.108705196665254
0.108705196665254
0.1083863007320682
0.1083863007320682
0.1084125064488802
0.10924755159453901
0.10938005376466382
0.10898886858005627
0.10806738936053152
0.10945149931662844
0.10985674559319954
0.10985674559319954
0.11011912217829853
0.10768965876016333
0.10768965876016333
0.10818634002267351
0.10696568787845044
0.10834752125694384
0.10834752125694384
0.10837199922608438
0.10837199922608438
0.10799887856452105
0.10729045188950093
0.10628249290025571
0.10673647747737033
0.10633289758097403
0.10633289758097403
0.1050907334334189
0.10645084728001315
0.10645084728001315
0.10647003197447803
0.10624304955757344
0.10585044477134267
0.10742740692141255
0.10649470401640003
0.1072259217606449
0.10635916494611282
0.1069358864389623
0.1069358864389623
0.1069358864389623
0.10594530110469305
0.10594530110469305
0.10578782324703925
0.10578782324703925
0.10603853698366411
0.10565617933499187
0.1054950070800376
0.10547264644203205
0.10540951515231144
0.10540951515231144
0.1068065906510357
0.1068065906510357
0.10556062494726304
0.10552637608934086
0.10825069801013038
0.10825069801013038
0.10883355883008188
0.10853745390535019
0.10853745390535019
0.10889246216324149
0.10933315959972396
0.10933315959972396
0.10926987109337066
0.10863122329073936
0.109524042771877
0.10990343151425855
0.11176720560802583
0.11176720560802583
0.11168463545932338
0.11141103421809719
0.1109466834231577
0.10951484748283966
0.11001033808207758
0.10935901531826957
0.10915079869668108
0.10915079869668108
0.10937922669216503
0.10921610140391143
0.10921610140391143
0.10916793073910909
0.10916793073910909
0.10938753063746276
0.10930579401023832
0.10930579401023832
0.10959680955621048
0.1094369989895418
0.1094369989895418
0.10898875209928317
0.10857302597560477
0.10868608695362575
0.1082847934211258
0.10911530724019504
0.10986236012732824
0.10986236012732824
0.10992537430369288
0.10992537430369288
0.10900196489174764
0.10937156346456656
0.10937156346456656
0.10937156346456656
0.1091542548656576
0.10898748304408908
0.10943777604632035
0.10943777604632035
0.10937985056898909
0.10936850655341811
0.10812808311608423
0.10875663134921251
0.10875663134921251
0.10875663134921251
0.10829684622337658
0.10766369042603433
0.10794129748968385
0.10794129748968385
0.10794129748968385
0.10794129748968385
0.10794129748968385
0.1070577376495397
0.10741951070375465
0.10783476260748005
0.10864739067151372
0.10819594333512669
0.10840959446221483
0.10744332417767097
0.107424860103626
0.10694497740043785
0.10644192685131648
0.10644192685131648
0.10643770815712872
0.10617975309413905
0.10662200761533566
0.10586219697999308
0.10467131807683913
0.10467131807683913
0.10467131807683913
0.10467131807683913
0.10467131807683913
0.10390914914905633
0.10513313838758498
0.10562364355745478
0.10581022921217842
0.10610626716858237
0.10645353575951114
0.10674277647786211
0.10656037110595479
0.10675078196691115
0.10669774423917903
0.10606405772493538
0.1071655398449584
0.10676270659149463
0.10625472981148767
0.10610060852638413
0.1060726093424979
0.10651523942463169
0.10682424343073083
0.10682424343073083
0.1079391509259034
0.10868924422110382
0.10855851724959657
0.1083711158790847
0.10764716305303212
0.10764716305303212
0.10770456306351259
0.10704702294920916
0.10721766340572227
0.1077724627301805
0.10849866030072343
0.10805000438628984
0.10840975935859108
0.10872849142122346
0.10854246443942114
0.10875486235653421
0.10804741192652828
0.10762808723275843
0.10748372767116446
0.10790288543733795
0.10791351592039707
0.10726501506668498
0.10738799293479431
0.10711996171184814
0.10711996171184814
0.10680502014384385
0.10676034974413828
0.10739747518113536
0.10764682689949168
0.10764682689949168
0.10764682689949168
0.10764682689949168
0.10806330641391444
0.10806330641391444
0.10819343453368223
0.10846829399738624
0.10907617821193101
0.10811312512158212
0.10806489685986082
0.1079731221054424
0.10709707569755218
0.10748519822031208
0.10770234005557339
0.10721582131135941
0.10670114993068056
0.1070094537583583
0.1070094537583583
0.10816918802019612
0.10794822254522765
0.10825533934710209
0.10806447228028451
0.10623573461174698
0.10630164056280157
0.10532322687696609
0.10573452547494129
0.10467114031774044
0.10467114031774044
0.10429817182086576
0.10448440820982281
0.10421237890541171
0.10449299548501803
0.10449147662383561
0.1051218967719288
0.1051218967719288
0.10586042287909081
0.10649216950593637
0.10649216950593637
0.10695092840441313
0.10581002721160682
0.10581002721160682
0.1065800073231355
0.1067040062495228
0.1064067379245962
0.10624023620107181
0.10582253269621235
0.10568929035364144
0.10664291622214894
0.10694676897138158
0.10664938618815588
0.10681446988266217
0.10673296578834422
0.10721263736559715
0.10721263736559715
0.10739566027137473
0.1063491019327392
0.10587141880661828
0.1063144871015667
0.10654798362253053
0.1059158408351285
0.10547780508746477
0.10542276517182161
0.10570510671146206
0.10554871991028139
0.10616102574377083
0.10679499595579046
0.10679499595579046
0.10741007041084735
0.10629142058377887
0.10668034553914368
0.10695350917058043
0.10733440498773174
0.10753940154867687
0.10752022099492199
0.10868440421914602
0.10836709345566857
0.10781170272101841
0.10661565944742997
0.10684980006571436
0.10735298149873428
0.10759068924516049
0.10624752236093139
0.10604920811403191
0.10604920811403191
0.10449090556580876
0.10407785936582678
0.10238603160286894
0.10311593483346532
0.10390323087094415
0.10531937220012676
0.10635394630232642
0.1052140212603053
0.10450397763143995
0.10467405055339932
0.10486722984012674
0.10536629302862457
0.10574109030038567
0.10476324447329374
0.10385270715745097
0.10320893750699367
0.10295699566779513
0.10346950841815973
0.10369035101078716
0.10312452073441192
0.10249978189797804
0.10328785580496844
0.10409732627835266
0.10403684024066684
0.10595789781992755
0.10595789781992755
0.10509907173527297
0.10424426531584349
0.10464244707782017
0.10491924136410563
0.1046435616556959
0.10496949091580286
0.1044499587289943
0.1044499587289943
0.10405824066133383
0.10425399495118302
0.10398148052061874
0.10449439148271589
0.10440377137148872
0.104531795630912
0.10514106168351367
0.10510756665052867
0.10560712693878634
0.10626994684616616
0.10616085293015841
0.10745618509580261
0.10752682266663945
0.10793134819601707
0.10798438310080813
0.10786450302561759
0.10814944199886672
0.10753926149845731
0.10753926149845731
0.10650718690029762
0.10613197924648288
0.10570041956857959
0.10570041956857959
0.10513148419903603
0.10645220457765439
0.10695477401342134
0.1071923664193351
0.10733507133472402
0.10722524181322174
0.10550733293076688
0.10659494666072541
0.1061032707658123
0.10718129146235415
0.10707373520353543
0.1078735865211518
0.10743647976974366
0.10696795027997963
0.10691295193461257
0.1055035940051736
0.10680528559618395
0.10606361895336722
0.10659487630807178
0.10659487630807178
0.10630136652271029
0.10675232048080625
0.10743281528657875
0.10743281528657875
0.10699185305508148
0.10759362137746167
0.10861444674140137
0.10711498376587635
0.10702880891232558
0.10507735032382208
0.10507735032382208
0.10432968352853161
0.1042805506162514
0.10534303294620452
0.10542377031789696
0.10542377031789696
0.1052205656321998
0.10476211544828712
0.10560969286875843
0.10560969286875843
0.1055698213405909
0.10651694378123477
0.10651694378123477
0.10651694378123477
0.1077891238415618
0.10806828303188692
0.10753412134991183
0.10758190069594067
0.10741402737130802
0.10908851677657165
0.10852259638599038
0.10893665925914184
0.10915382953319726
0.10915382953319726
0.10915382953319726
0.10944409469910485
0.11026498475906125
0.110893414952195
0.11166733402184699
0.1104230479410484
0.1109400698513679
0.10929558781837265
0.10929558781837265
0.10957105542486512
0.11035307973098891
0.11015226949596993
0.10916833614885156
0.10915034876038146
0.10808907288164546
0.10996513130220378
0.10996513130220378
0.10996513130220378
0.109549155692678
0.10959284437112324
0.10979804846172786
0.10979804846172786
0.10979804846172786
0.11072186400077841
0.1107061671501555
0.11138694232326396
0.11101379672057607
0.11119624018614056
0.11020445643310693
0.11031224981977612
0.11031224981977612
0.11031224981977612
0.11097972355792679
0.11182177453485542
0.11108668123621655
0.11098808932647462
0.11206455126726365
0.11195171760414369
0.11042320933453716
0.11042320933453716
0.11030217147196113
0.11038960634564916
0.11038960634564916
0.11015980843562288
0.10977043620922593
0.11023545460348483
0.1101256846073464
0.11099095499018148
0.11099095499018148
0.11173861143046337
0.11211115829755397
0.11216168286914684
0.11216168286914684
0.11159088665869284
0.1110016645183903
0.11053800460669831
0.10922585957659381
0.10970446051133226
0.1096204702168497
0.10862624135262837
0.10862624135262837
0.10862624135262837
0.10893016897452767
0.10880328584528051
0.10882437015835357
0.1087977965483905
0.1087977965483905
0.10890610659355782
0.10957463690354616
0.10977022744478024
0.10977022744478024
0.10977022744478024
0.11067611456889218
0.11067611456889218
0.11160084817357503
0.11197685911458212
0.11175318309440127
0.11056708441983766
0.10997986003892482
0.10999573472527432
0.10858092433976954
0.10858092433976954
0.10807719604826417
0.10823308283241545
0.10901644955304957
0.10855846493893846
0.10835728269197312
0.10731747250637787
0.10804950639790098
0.10854109903242541
0.10876053252679468
0.10906611424704012
0.10906611424704012
0.10751591630039625
0.10686045571784433
0.10656558772671065
0.10699095891377704
0.10699095891377704
0.10712220028188496
0.10754279469685706
0.10726761502520465
0.10727657323205694
0.10724579913618015
0.10724579913618015
0.1074399435866355
0.10660425900845893
0.10753781495449825
0.10753781495449825
0.10753781495449825
0.10753781495449825
0.10773842689911212
0.10787950221819646
0.10803984547436621
0.10679070350010089
0.10679070350010089
0.10679070350010089
0.10727514540046121
0.10669849358514272
0.10707236662034099
0.10788415430692948
0.10788415430692948
0.10802394992360624
0.10867140399401314
0.10884271204202782
0.10827115774454302
0.10825103477823701
0.10805183031866891
0.10702877813721974
0.10626206041797918
0.10494756860784132
0.10494756860784132
0.1058342021879342
0.1057009373660887
0.10514902994200609
0.10542041980197529
0.10435634459919904
0.1045689991836401
0.10535579280876856
0.10535579280876856
0.10430875605957633
0.10421019144223533
0.10421019144223533
0.10421019144223533
0.10568787401723491
0.10517255562626802
0.10586545380025283
0.1060476950742005
0.10614974154182165
0.10565802908891656
0.10577288812610368
0.10519717599649732
0.1051553359763928
0.105781878998485
0.1050109487823428
0.10679166968885405
0.10679166968885405
0.1053463696930005
0.10609505854669789
0.10609505854669789
0.10596285897718068
0.10596285897718068
0.10634270742917659
0.10618392645559784
0.10647045402406893
0.10699492708699547
0.10675926231959855
0.10675926231959855
0.10577537314337808
0.10639226552501668
0.10724485208626293
0.1072900016742719
0.1072900016742719
0.10817330898888158
0.10909441665066914
0.11015003474614395
0.11029919229314088
0.11032181555710995
0.1104415790791742
0.11065746326856497
0.1107497827868902
0.1107497827868902
0.11039654597849803
0.110514674678667
0.11140823628195091
0.11172137194433167
0.11032508005129733
0.11040080645919369
0.11011653239601925
0.10887307347397694
0.11052944267846108
0.11083395578476424
0.10972501693433782
0.10991457543352141
0.11092147702283853
0.11087243965049465
0.11117600065489745
0.11117600065489745
0.11095264895483062
0.11061109551132384
0.11063892093166504
0.11063067314942035
0.11190848155193611
0.11190848155193611
0.10986664838749341
0.10986664838749341
0.11082641382589811
0.11082641382589811
0.11082641382589811
0.11057171268507067
0.11127000976755139
0.11127000976755139
0.11138927032022922
0.11125508463139415
0.11054196291159685
0.10971574289613319
0.10996325809299624
0.10996325809299624
0.10931566839762533
0.11013998869448703
0.11079304140464348
0.11097157302587334
0.11032904616549015
0.10958714192522792
0.10973888511163142
0.10973888511163142
0.11009784088413929
0.11009784088413929
0.11034779315772543
0.11040927887173849
0.11040927887173849
0.11114246491606446
0.11114246491606446
0.11202988332235538
0.11144369851832155
0.11144369851832155
0.11125261940664778
0.11125261940664778
0.11120823365372622
0.11078400630512238
0.11078400630512238
0.11065955780237766
0.10946504864245843
0.10841146776890763
0.10699364832192314
0.10669842228700165
0.10638829447558999
0.1069685326564363
0.1069685326564363
0.1076916433507703
0.10873679670829949
0.10919191405907284
0.10967604528921615
0.10942043746806791
0.10887995198907514
0.10887995198907514
0.10820978976868834
0.10842601849741698
0.10802928548398377
0.10698590756538282
0.10698590756538282
0.1075716662430069
0.10754672746144628
0.10694256544156382
0.10694256544156382
0.10713174063878585
0.10713174063878585
0.10775673305638692
0.10618521966810293
0.10643859994947838
0.10753470355283941
0.10753470355283941
0.10686097425948411
0.10604340176177013
0.10457608164750497
0.1045787914608144
0.10441742387307036
0.10441742387307036
0.10447223942043261
0.10568952278576119
0.10487346016467808
0.10544632058668099
0.10525825704979383
0.10471027123666314
0.106593128421545
0.10709157357265368
0.10680106573441053
0.10680106573441053
0.10612548162774628
0.10578042655190703
0.10578042655190703
0.10493748381190235
0.10493748381190235
0.10508413559194783
0.10526999531507089
0.10584574115546543
0.10584574115546543
0.10584574115546543
0.10578861124180612
0.10578861124180612
0.10578861124180612
0.10585672359824104
0.10585672359824104
0.10617574838355132
0.1060369977853768
0.1066563105675727
0.10641799079203393
0.10654495067420132
0.10655802013151912
0.10551067499246294
0.10541976092323267
0.10605239424973141
0.10605239424973141
0.10605239424973141
0.10567507012792753
0.10561350486287026
0.10669149951766668
0.10535542269622632
0.10543212368402473
0.10543016405514853
0.10543016405514853
0.10519521486030976
0.1047256356309695
0.10519462070007413
0.106332884853583
0.10596160280784754
0.10666097351493285
0.10608190539291709
0.10585398771312717
0.10585398771312717
0.10585398771312717
0.10585398771312717
0.10681467061786128
0.10785592989755854
0.10748848247767573
0.10748848247767573
0.10748848247767573
0.1073471112095807
0.1072264495368679
0.10641192189100655
0.10712207566526961
0.10736562845887292
0.10736562845887292
0.10744588130067377
0.10720545118538873
0.10755857368296476
0.10755857368296476
0.10669771299130267
0.10702962104748448
0.10702962104748448
0.10668883202566895
0.1067618329568691
0.10636448198376068
0.1063865615382887
0.10629131469105388
0.10653002529830893
0.10699574120588536
0.10730145548196374
0.10751910697240039
0.1074473294553137
0.10810956069983622
0.10771775616962594
0.10771775616962594
0.10830671378728565
0.10812674661193451
0.10681948373148602
0.10681948373148602
0.1061359705571913
0.10434011351330587
0.10628073020176977
0.10628073020176977
0.10710591365609
0.10710591365609
0.10710591365609
0.10602243808799265
0.10676964362509109
0.10657489538645584
0.10657489538645584
0.10657489538645584
0.10657489538645584
0.10613575100471384
0.10599869043518625
0.10599869043518625
0.10616027458263869
0.10614003908074607
0.10623639728675167
0.1061068147918872
0.1072125231256941
0.10640927821391316
0.10732380279480219
0.10732380279480219
0.10784429302911049
0.10836922948385633
0.10822865309140002
0.10809282220700284
0.10809282220700284
0.10809282220700284
0.10817599880486432
0.10826870204826285
0.1065306631310571
0.10586585774373788
0.10586585774373788
0.10586585774373788
0.10759876798130995
0.10810579208129435
0.10913652350794993
0.10913652350794993
0.10878697131556812
0.10765837140637435
0.10860611558139809
0.10929431170359727
0.10929431170359727
0.10929036973280107
0.10932476001221737
0.10906006671047198
0.10906006671047198
0.10906006671047198
0.10877170579942985
0.10921566118522857
0.10929260713389356
0.11021267784713669
0.11055211806881411
0.1107465885358053
0.1107465885358053
0.1107465885358053
0.1107465885358053
0.1107465885358053
0.11052500307156847
0.11054587416697646
0.11030534108172264
0.11174563527975111
0.11132378233412249
0.11111248793171181
0.11111248793171181
0.11134506012936177
0.11134506012936177
0.11213674218705165
0.11132746070387965
0.11051992015364508
0.10947439072196496
0.10842077286119989
0.10713671426318486
0.10834127262186881
0.10821272166210891
0.10821272166210891
0.10899117145409126
0.10877314253126202
0.10861895122749932
0.10804128666967243
0.10804128666967243
0.10859904739753165
0.10966085998262168
0.10967564198280799
0.10967564198280799
0.11073909033170941
0.11053111413879482
0.11143849561488159
0.11113538896918113
0.11142002282069231
0.11142002282069231
0.11101158895805624
0.11156256757188264
0.11152203825281837
0.1120944464224153
0.11432097126127203
0.11386411962490722
0.11461276501079712
0.11461276501079712
0.11461276501079712
0.11387066604664473
0.11373954124773426
0.1132205869604731
0.11255818143548606
0.11310251912845458
0.11294365014096995
0.11303566694012346
0.11303566694012346
0.11186224830099542
0.11186224830099542
0.11186224830099542
0.1117123861201498
0.11168936189573846
0.1122134564115973
0.11268772475439011
0.11258049814716034
0.11308247191364876
0.11308247191364876
0.11355833580939027
0.11379786725632322
0.11386760200302128
0.11379865006383694
0.11327875418026853
0.11243131352051616
0.11270749339885813
0.11270749339885813
0.11247499217275067
0.11247499217275067
0.1124076607955923
0.11186516679578314
0.1119583628889928
0.11233314584057477
0.1127729652955144
0.1115698915291419
0.11080642342642615
0.11177501033711192
0.11177501033711192
0.11177501033711192
0.11178438389613354
0.11178438389613354
0.11189430069286548
0.11189430069286548
0.11189430069286548
0.11173640775336945
0.11282680857708113
0.11353047644269444
0.11163657808041996
0.11217866907952403
0.1130179517969291
0.1133081595664501
0.11305175648547158
0.11303736386293663
0.11206182524916124
0.11129087186358025
0.11084360266444787
0.11061408851142637
0.11061408851142637
0.11017919834652629
0.11073443247053025
0.11097707411803628
0.11053926505983229
0.11021873567365467
0.11154982300630609
0.11169061683521132
0.1115070844596785
0.1115070844596785
0.11234959987058535
0.11278559564229222
0.11278559564229222
0.11207284503128966
0.1109557617794828
0.11124633658611932
0.1109555240855586
0.1102365842477209
0.11013671370562055
0.11031508914589166
0.10988686097850868
0.10915109752116274
0.10904066267010284
0.10853173356802809
0.10841642470991487
0.10901885054926432
0.10944993477583868
0.10944993477583868
0.10951641544822992
0.11005988882537782
0.11011613943249035
0.10893467930654227
0.1095155359770002
0.1095155359770002
0.10997816415019888
0.10997816415019888
0.11025338322259688
0.10958838158699369
0.10887905031567262
0.10965957168376593
0.10911810310481498
0.10921578806929735
0.10876165965307337
0.10925045155411045
0.10735459864700997
0.10673592286637869
0.10675183529082109
0.10718014585728762
0.10850932647709653
0.1078951177466552
0.1078951177466552
0.1078951177466552
0.1078951177466552
0.1078951177466552
0.1078951177466552
0.1078951177466552
0.10852281936705256
0.10905452396943256
0.10853651194045727
0.10981142771072709
0.1098741831871251
0.1098741831871251
0.11031020682321131
0.11031862760414257
0.11085899459612084
0.11028573919766183
0.11063658461179206
0.10988035058412038
0.10973425580008109
0.10973425580008109
0.10946191728195931
0.10913807336869027
0.10905128260516711
0.10918600246626221
0.10967458459889529
0.10967458459889529
0.11064747540477851
0.11008992766873175
0.10977376607761055
0.10977589359742587
0.10977589359742587
0.10925945718705685
0.1090087928909425
0.1090087928909425
0.1090087928909425
0.10957813174597039
0.10884605126920675
0.10864525977823243
0.10935299068973894
0.10934693491816115
0.10947193089573758
0.1096206416229327
0.1096206416229327
0.10978007972707096
0.1105111238376732
0.10972362214472461
0.10972362214472461
0.11121438087550559
0.1105110091375535
0.11050398481127793
0.10977760835774238
0.1097415662212402
0.1097415662212402
0.10921938418605952
0.10899739772036644
0.10899739772036644
0.10899739772036644
0.10890992379967995
0.10917689098127072
0.11008743303546671
0.11017855157267037
0.11061115675998492
0.1101629551584422
0.10932907490936014
0.10937809919304285
0.10875247109551363
0.10954347109735431
0.10954347109735431
0.10930637489371635
0.10825339450275895
0.10835211334436337
0.10643490102802648
0.10757356089289632
0.10839129477618288
0.1083920451263033
0.10729470933474361
0.10729470933474361
0.10729470933474361
0.10746522555008879
0.10794858605560137
0.10794858605560137
0.10755223883902537
0.10819531853193404
0.10819531853193404
0.10811781832962535
0.1071099235859611
0.10708551855151908
0.10671147518954759
0.10671147518954759
0.10837098054585179
0.1078921600258279
0.1078921600258279
0.10799159910996399
0.10745215619326444
0.10787122787116228
0.10834033413339134
0.10852791407693042
0.10852791407693042
0.10861324306427682
0.1086373576649555
0.10867010371769653
0.10874801887809558
0.10790539673491895
0.10801196895788316
0.10844145052783948
0.10830313758857879
0.10828433881520579
0.1087036277613
0.10816260714591684
0.10866254708659795
0.10866254708659795
0.10922124672004142
0.10966224936521374
0.10935151638931444
0.10890764456547221
0.10819126476281404
0.107496011058662
0.10849643359480897
0.10913740811476735
0.10969726870539598
0.1092643746876758
0.10908917110569613
0.10882894205599444
0.10872650452138521
0.10922010893767305
0.10931519665904861
0.10855433210653678
0.10895875984004454
0.10969885285420017
0.10993894020270335
0.10912180026703446
0.10912180026703446
0.10794129879102157
0.10794129879102157
0.10821062210605784
0.10672621323519439
0.1073846358976852
0.1067752968499116
0.10697389019180131
0.108003115976835
0.10823880865731822
0.10837904539790337
0.10761575577697342
0.10888216368340767
0.10888216368340767
0.10888216368340767
0.10964717266966864
0.10836238664258102
0.1084957650216784
0.10729379088488479
0.10743832548265693
0.10849596286894597
0.10912857379102003
0.10931185409728968
0.10841120751680644
0.10841120751680644
0.10747444843094635
0.10642964612306101
0.10656515641408647
0.10656515641408647
0.1066495349479615
0.106296216353122
0.10690380027892046
0.10663281323852791
0.10709836800701268
0.10709836800701268
0.10723428253399069
0.10742012249346676
0.10742012249346676
0.10742012249346676
0.10735679919336617
0.10666524489275953
0.107173649117861
0.10788702572312668
0.10842634147301476
0.10861345228460417
0.10798747765000716
0.10798747765000716
0.1078014276381786
0.10778483406410784
0.10923046234758249
0.10958114378821188
0.10986436941087005
0.10994373486573067
0.10994373486573067
0.10994373486573067
0.10994373486573067
0.11168031279056358
0.1114716454616585
0.1120060933973005
0.1120060933973005
0.11203006404863347
0.1118082771116945
0.11187308407647228
0.1111477903659278
0.10951276553739264
0.11028642976191856
0.11098792819021495
0.11083879849943676
0.11083879849943676
0.11122157113316905
0.10986909431935299
0.10986909431935299
0.10936705381159881
0.10968041833197541
0.10968041833197541
0.11119049735740817
0.11119049735740817
0.11119049735740817
0.10944589423885448
0.10957969637750396
0.10952205268914354
0.1088184647584329
0.10914707560163371
0.10809537142437756
0.1076102889872033
0.1076102889872033
0.1087225791831196
0.10842284568857243
0.10877785221839997
0.10879358025014517
0.10781755589002351
0.10747517948917379
0.10723928327738878
0.1071145334255748
0.10755365575811458
0.10642964387780132
0.10749050159195685
0.10659775043737839
0.10696964941428135
0.10662389316466324
0.10616180682114494
0.10683389460245085
0.10697601747107782
0.1052879322659553
0.10548463812187778
0.1056887075696352
0.10440739680786473
0.10506742074184798
0.10506742074184798
0.10506742074184798
0.10538385134828404
0.10641381360124734
0.10641381360124734
0.1068574666895172
0.10613192549036732
0.10613192549036732
0.10569263906036598
0.10597413943533404
0.10481559250348359
0.10481559250348359
0.10619451452782142
0.10557755160553964
0.10557755160553964
0.10640109413628891
0.10640109413628891
0.10573149497703103
0.10628878854479425
0.10637994947000344
0.10747087111512675
0.10747087111512675
0.10821377269636537
0.10843207132965722
0.10843207132965722
0.10965999757704965
0.10888187711630663
0.10905072238827528
0.10946933832793972
0.10915516119775427
0.10885784126422794
0.10961991352721176
0.1091597437314584
0.1091597437314584
0.10997266446315479
0.10997266446315479
0.10882277179722075
0.10757520183118945
0.10845756811864096
0.10804876000409806
0.10845054598566996
0.10845054598566996
0.10845651521508289
0.10711313837863874
0.10803620923895006
0.10847576889423627
0.10722838411813865
0.10736451526866062
0.10779369355917756
0.10780249854203208
0.10771819882457478
0.10977858667549623
0.11024759700334019
0.11029185116976219
0.11029185116976219
0.10902552940240662
0.1091749398112445
0.10822950154328391
0.10860534631350878
0.10780930136754403
0.1086662885306671
0.1086866795656126
0.10866883430067384
0.10973109425885769
0.11079686716486734
0.11112181829767183
0.11007626413992472
0.10920743711986235
0.10920743711986235
0.1093993242998729
0.11048458981284584
0.11048112216280281
0.11056826201273463
0.1100002572087475
0.10995317775769939
0.10995317775769939
0.1089607152611494
0.1088062631966368
0.1093826491347765
0.10874643193770593
0.10911279999763032
0.10943105809717676
0.10967523940131031
0.1085000720160301
0.1085000720160301
0.1087669246355251
0.1092457077110014
0.10951914543803679
0.10951914543803679
0.1108448431318394
0.1108448431318394
0.11021435037921447
0.10931445946117371
0.11001464219872216
0.11089072334087602
0.11089072334087602
0.11068975520541124
0.11068975520541124
0.11108342559332052
0.11092026240226517
0.10954954165137269
0.10965920788943463
0.10907992123406769
0.10928881406895102
0.10960601955281095
0.10988804193652577
0.11034621179045463
0.11197452708654414
0.11128850191084247
0.11128850191084247
0.11210240679715719
0.11210240679715719
0.1122634911097826
0.11267979272305208
0.11338807946264427
0.11293055444264267
0.1124059018540861
0.1124059018540861
0.11277843489886849
0.1107698778434442
0.11058448078740066
0.11056342604371716
0.11106505169434587
0.11106505169434587
0.11050577609279151
0.11050577609279151
0.11035900980815705
0.11035900980815705
0.11035900980815705
0.11035900980815705
0.11048434904249763
0.11149728306079888
0.11149728306079888
0.11057982940679878
0.1096301779845962
0.11003847706361337
0.1104266556164266
0.11209812554967262
0.11209812554967262
0.11139224792934682
0.11155910965747586
0.11155910965747586
0.11155910965747586
0.11351920677723978
0.11351920677723978
0.11351920677723978
0.11351920677723978
0.11389607052891629
0.11389607052891629
0.11389607052891629
0.11389607052891629
0.11389607052891629
0.11389607052891629
0.11412365412719887
0.11384851253082243
0.11384851253082243
0.11384851253082243
0.11402046654725484
0.11311507702391879
0.11334857257938287
0.11292780412785589
0.11393921472769003
0.1128047840131931
0.11294062697515962
0.11198136175233606
0.11167501131798781
0.1113280850679134
0.11124920017218468
0.11170548124663539
0.11044841332251694
0.11044841332251694
0.11044841332251694
0.1108523448388056
0.1108214435944067
0.11021109353797669
0.11014375042869191
0.11143557509307048
0.11180191872008372
0.11180191872008372
0.11200143338224504
0.11151975614602044
0.11151975614602044
0.11151975614602044
0.11151975614602044
0.11104017058374646
0.11140615552385065
0.11305180220529315
0.11319140875436706
0.11377431389900844
0.11408312716021886
0.11353819148048493
0.11260780591722512
0.11238730833261207
0.11147490500963897
0.1113341595529352
0.1118265743297017
0.1118265743297017
0.11230020609151341
0.11226448010738924
0.11311025534454493
0.11311025534454493
0.11204570031371702
0.11049977620040947
0.11059156072421447
0.1103323970822106
0.10843677356859154
0.10929001236490789
0.10871917595795541
0.10844506660235809
0.10844506660235809
0.10844506660235809
0.10993009476598135
0.10993009476598135
0.10993009476598135
0.11108860539044176
0.11084470932750894
0.11003407873283544
0.10919302857275373
0.10911871287444827
0.1095159672753695
0.11009084912506722
0.11029789632255894
0.11029675786092026
0.10927926301130511
0.10927926301130511
0.10906972044841125
0.10883309896314004
0.10834358015052852
0.10806080527931063
0.10806080527931063
0.1088734566525884
0.1088734566525884
0.10771425569957595
0.10716199510623978
0.10726050867648866
0.10742902291473244
0.10812800440922564
0.1087756946365827
0.1084573168216468
0.10752283996779476
0.10758424207665207
0.10758424207665207
0.10764770613519742
0.10674056166489562
0.10815990355673354
0.10815990355673354
0.10815990355673354
0.10905790841875043
0.10895277827003787
0.10951299357065736
0.1092955033219279
0.10881671693149554
0.10822173372191468
0.10822173372191468
0.10897272824587063
0.10888218893972748
0.10888218893972748
0.10926537912239385
0.10912979365385278
0.10942454082193055
0.10888562338458749
0.10982856434987417
0.10972250936311981
0.10914639280803773
0.10843466511252248
0.1087148462263648
0.10870730848022858
0.1087273559728753
0.10796378426784158
0.10740693227450836
0.1078655030035314
0.10754659647470438
0.10754659647470438
0.10760095892088357
0.108675653566657
0.10744541726113097
0.1072159923004866
0.10648131648511173
0.10652192856447243
0.1070693653843879
0.10612647643287222
0.10638213841784253
0.10638213841784253
0.10638213841784253
0.10714020746699354
0.10827100747770159
0.1078633504210832
0.10682195271126012
0.10774683089909852
0.10718370282813497
0.1064676233702219
0.10602657537181884
0.10602657537181884
0.10567572006389123
0.10557380174312202
0.10557380174312202
0.10529686425966343
0.10581009436977204
0.10521335817444478
0.10521335817444478
0.10488833523161291
0.10488833523161291
0.10522454038709214
0.10522454038709214
0.10541464734435294
0.10551946573566676
0.10491083790874953
0.10501533497620906
0.10531643917381671
0.10570100153388506
0.1061466232538415
0.10578875633053256
0.10595043266806235
0.10635067124213134
0.10684867347156463
0.1071751505348754
0.10764181834294452
0.10768820803500209
0.10809680129351422
0.10834883531238541
0.1094674746878285
0.1095921565180459
0.10943131874087134
0.1085857971944673
0.10943189652794864
0.1090728534281659
0.1090728534281659
0.11021166455322282
0.11016019533141856
0.11038635180772333
0.11038635180772333
0.11004411875820233
0.11046747339960643
0.10990307990165504
0.10947693075011579
0.10947693075011579
0.10947693075011579
0.10947693075011579
0.10913207011764396
0.10889526615310537
0.10944655993643079
0.10895199586890475
0.10895199586890475
0.1082962208877453
0.1082962208877453
0.1082962208877453
0.10763327516215518
0.10788058272855199
0.10735604590708675
0.10735604590708675
0.10792827077107418
0.10773945794880456
0.10766953674754415
0.10821016370238101
0.10886566278821799
0.10886566278821799
0.10916667378158547
0.10978684858663253
0.10932364614507817
0.10984124778735364
0.10846115000587687
0.10849861973902142
0.10863037615685879
0.10863037615685879
0.10811308770807575
0.10792819050038352
0.10642768313098859
0.1071081312804608
0.10710816641009048
0.10722520378067912
0.10700253925587909
0.10700926228730977
0.10686179577369594
0.10686179577369594
0.10818791209608514
0.10732065110376403
0.10644204797599684
0.10573012055160355
0.10577936972912702
0.10550461188371793
0.10578585852650527
0.10539004340089847
0.10551784181020678
0.10480226913632554
0.1049728965563174
0.10455607946159551
0.10582967452831239
0.10582967452831239
0.10599660527284971
0.10599660527284971
0.1057614598482801
0.10646315396954743
0.10646315396954743
0.10666108307079031
0.10801610693239944
0.10801610693239944
0.10749346246623495
0.10811861692201198
0.10737451941116853
0.10781361507826924
0.1071620524423728
0.10692393970329864
0.10692393970329864
0.10692314479806578
0.10695708461364303
0.10814653073526073
0.1078104717173549
0.10807172475493859
0.10909963532172344
0.10826599129209345
0.10635386145812784
0.10635942077015119
0.10587000417137712
0.10706770126561196
0.10775034127416373
0.10775034127416373
0.10732503127025553
0.10612906367959572
0.10612906367959572
0.10600752116007699
0.10591546545729896
0.10522736568869444
0.10484832515336098
0.10441060563735746
0.10431753079886784
0.10431753079886784
0.10459617295179283
0.10459617295179283
0.10512429629458574
0.10512429629458574
0.10440899945361015
0.10394599468165779
0.10408506985001009
0.10438091816687185
0.10441600763631252
0.10441600763631252
0.10376579605069264
0.10289487038884429
0.10365765713132627
0.10352774371477147
0.10347145153451903
0.10347145153451903
0.10543633207748179
0.10640231399578112
0.10640231399578112
0.10685743998929426
0.10662296948632127
0.10684458736144907
0.10719397491316617
0.10687232728967642
0.10646087033489207
0.1067546029017804
0.10558319987917249
0.10558319987917249
0.10592687631647979
0.10627937215765931
0.10629994639073626
0.1062953280253261
0.10589394137955167
0.10572149017785579
0.10642042700839018
0.10807096594333997
0.10896636924389874
0.10929701004898221
0.10935854342943563
0.11060461775472787
0.11098665209103138
0.11056549788373607
0.11027914947700652
0.11008225797426562
0.10968738518981028
0.10966259201328395
0.1092901583952354
0.10921548448354017
0.10808298456035977
0.10828317431899315
0.10828317431899315
0.10828317431899315
0.10828317431899315
0.10895240922733028
0.10794817031809016
0.10872701480206327
0.10777963486763358
0.10778345027887666
0.10699523819019727
0.10786218401215061
0.1069374756580223
0.1069374756580223
0.10628089656317077
0.10628089656317077
0.10628089656317077
0.10657088750953297
0.10746537588694172
0.10802506664415253
0.10842862478350809
0.10906421290178105
0.10933666103515333
0.10811883546548072
0.10812547088021034
0.10777006092059663
0.1080258967949703
0.10939180488740038
0.10900822391066832
0.10900822391066832
0.10862271027687577
0.1084262313844342
0.1087393635020486
0.10797452191945085
0.10882884068799886
0.10789028804009167
0.10835319304911957
0.10794782374843376
0.10817845291836678
0.10785898718356426
0.10785898718356426
0.10915437067972501
0.10927238398910477
0.10927238398910477
0.10953413833807912
0.11038423832830407
0.11038423832830407
0.11072124677696914
0.11072124677696914
0.10991050498484449
0.10896213592553526
0.10949056955124438
0.10995246447728763
0.10996702219905154
0.10996702219905154
0.10915222139777052
0.10875079579180034
0.10981503678703398
0.1097636258125783
0.11082965842200666
0.11145093218231696
0.11127878515092496
0.11164356920135746
0.11111893235153054
0.10966055729667593
0.10960510621603299
0.10926160873923715
0.1091288615526217
0.11025249186871947
0.11125501316876629
0.11125501316876629
0.11201952995230086
0.11191631581953487
0.11191631581953487
0.11226827594365921
0.11240277035857313
0.11185146468552282
0.11185146468552282
0.11185146468552282
0.11185146468552282
0.11185146468552282
0.11058813879221702
0.11037287489555143
0.11037287489555143
0.11123638740356316
0.11171453117642037
0.11113965856272423
0.11217180598608503
0.11183210836983579
0.11103140495863632
0.11080893774691876
0.11062493606390839
0.10913131374722768
0.1090872545075411
0.10928541672767927
0.10928541672767927
0.10928541672767927
0.1098710040559703
0.1098710040559703
0.10946678720817253
0.10993921363290778
0.1093824675393098
0.11062267996598737
0.11130032262375018
0.11091052138525984
0.111933583903423
0.11187398396256684
0.11209855658318113
0.11209855658318113
0.11204764484564704
0.11262592812965783
0.11335448131374877
0.11333659475431493
0.11328408437695725
0.11312237582871099
0.1119011390296038
0.11231462109030434
0.1118341555384904
0.11261460242150965
0.11259227195679328
0.11198894290494962
0.11166523170146612
0.11052360807015371
0.11107108735163673
0.1114052556100213
0.11133014742411473
0.11092648913914094
0.11092648913914094
0.11092648913914094
0.11039181824384896
0.11054521346210266
0.10978067968478598
0.11020965634605179
0.11167885734311432
0.11108980737131709
0.11086880415119825
0.11086880415119825
0.11017520266833915
0.11022328562893476
0.11037582190679247
0.11026422816477101
0.11026422816477101
0.1088289409313722
0.1088289409313722
0.1088289409313722
0.10857461808048548
0.1089540831717649
0.1089540831717649
0.10994087376202313
0.11014813099478159
0.10967977719596307
0.10967977719596307
0.10967977719596307
0.11064580475081776
0.11050967016541412
0.11050967016541412
0.11096317325701108
0.11060061305930297
0.1101434744687632
0.11058454764857507
0.11058454764857507
0.11032608669172213
0.11077599692790713
0.11016648413761526
0.1095398962111522
0.1095594702317003
0.10977237223216253
0.10955599084198966
0.10984872269841464
0.11009355076430555
0.10982528387987753
0.10982528387987753
0.10926331247497413
0.10852121937863042
0.10852121937863042
0.10832479751922539
0.10891065922300047
0.10812487362523314
0.10828343423402761
0.1083580515452349
0.10780807724684345
0.10788232834592872
0.10748396247763917
0.10758523550441006
0.10706216871923661
0.10716024730482399
0.10767254068313933
0.10802379174524163
0.10840274851499435
0.10900598998104923
0.10942947843990992
0.10948042892568559
0.10913258072801486
0.10830677961910336
0.10830677961910336
0.10830677961910336
0.10830677961910336
0.10916168586206397
0.10830173308697547
0.10830173308697547
0.10830173308697547
0.10683137965240229
0.10664247310764523
0.10610777968594227
0.1062816367434766
0.10639336661976698
0.10463887569923158
0.10474012620428462
0.10474012620428462
0.10441400137837953
0.10441400137837953
0.10509839948119545
0.10557879059225769
0.10498126610096853
0.10498126610096853
0.10543992202193102
0.10527039560736237
0.10561353477667508
0.10520988958354541
0.10464697126394835
0.10434744690640081
0.10626805879452295
0.10680974949086325
0.1059466898790907
0.10572283492992196
0.10572283492992196
0.10493941149330566
0.10558666260194949
0.10717560272514831
0.10817205499003724
0.10818044285360066
0.10818044285360066
0.10812318841522313
0.10852491209817078
0.10852491209817078
0.10848083589959007
0.1086799467625716
0.10780335921044346
0.10758856291767599
0.10758856291767599
0.10758856291767599
0.1084119151908228
0.1084119151908228
0.1084119151908228
0.10888508897168167
0.10888508897168167
0.1090934699172644
0.1088633988286376
0.1088633988286376
0.10835570669463669
0.10693254833951525
0.10769052592860381
0.1086753068849379
0.1079706794763678
0.10780391925102163
0.10745202215253775
0.1072228547459182
0.10707125339500254
0.10707125339500254
0.10672324271345658
0.10689392739073098
0.1077686166719464
0.1077686166719464
0.10781957031927648
0.10819340615925858
0.10918276034145694
0.10883452623887085
0.1080741823669901
0.10815577610666442
0.10619535144458354
0.10616212063595137
0.10725122644056831
0.10797710148761591
0.10797710148761591
0.10797710148761591
0.10797710148761591
0.10881551590988994
0.10941103255307036
0.10955528809210441
0.10992125454328965
0.1094226910423401
0.10904169149155343
0.10904169149155343
0.10849048899738475
0.10878333953190153
0.10878333953190153
0.10878333953190153
0.11050855137973567
0.10974538738688591
0.10832776087500476
0.10846600891618932
0.10866507599971152
0.1081688915935074
0.10821439428255553
0.10821439428255553
0.10709751398912391
0.10653601044369583
0.10703457041325795
0.10703457041325795
0.1088730552866258
0.1094081168446361
0.1094081168446361
0.1094081168446361
0.1094081168446361
0.10848758063650338
0.10781226930435983
0.10956817461588673
0.10956817461588673
0.1096606467665394
0.10972978671476022
0.10972978671476022
0.10890243720982734
0.10923258713918393
0.10996975520017307
0.10996975520017307
0.10955526361733377
0.10955526361733377
0.10936712487627313
0.10898441150022964
0.10785952384813544
0.10785952384813544
0.10794188213175782
0.10794188213175782
0.1079662110363866
0.10848676045957434
0.10781286545763656
0.10859507471973497
0.10930506159774933
0.10919506242494734
0.10919506242494734
0.10929522149604794
0.10821738387758438
0.10911177769349217
0.1096035808979701
0.10981901271788719
0.10974831558013769
0.10828599487849053
0.10880341718318685
0.10880341718318685
0.10945118527930195
0.10900668540965477
0.10993582378397684
0.11014949787184951
0.11014949787184951
0.11081316023765611
0.11103563069551017
0.11107725959506531
0.11107725959506531
0.11107725959506531
0.11051614543238655
0.11051614543238655
0.10934377547836188
0.10934377547836188
0.10828137543448585
0.10771333060471575
0.10778924883687835
0.10778924883687835
0.1084191047649846
0.10930511925172556
0.1094145456798758
0.10955390995541678
0.10945685750041807
0.10953552945054057
0.10899545058140271
0.11018593586220768
0.11094115380510262
0.11094426680319308
0.11094426680319308
0.11094426680319308
0.11149949695613509
0.111912464918139
0.110576475920088
0.1113565073613805
0.1113565073613805
0.11025523737466683
0.11025523737466683
0.11023632837149672
0.10945297521684176
0.10914185472109991
0.10973653579700156
0.11072617461372009
0.11060998181241145
0.11115848179118758
0.10944100873936806
0.10944100873936806
0.10857190063078752
0.1082485975298485
0.10830019492511352
0.10830019492511352
0.10830019492511352
0.11006640792398487
0.10925990388167234
0.10727577164619809
0.1071285934675828
0.10701627732712392
0.10721945256084231
0.10734604387382202
0.10734604387382202
0.10838356003044965
0.10760450785555638
0.10845127661404746
0.10800078392964206
0.10800078392964206
0.10833791330663459
0.10833791330663459
0.107936801371295
0.10821704053538579
0.10869333563939582
0.10876885454037058
0.10776700446096657
0.10654330202813364
0.10654330202813364
0.10633072930019763
0.10624926251291612
0.10624926251291612
0.10594444731126489
0.10664317566918327
0.1066663795566085
0.10637044017838064
0.10750125392017075
0.1067589993218658
0.10682567397641103
0.10780277226391069
0.10780277226391069
0.10938584460565638
0.10809584972527053
0.10840003174543542
0.10840003174543542
0.10850652588381737
0.10885825560577192
0.10860285593339454
0.10786352172723548
0.10662037209554585
0.10691853831252655
0.10721586995491876
0.10721586995491876
0.10721586995491876
0.10733551770472595
0.10814467379500406
0.10814467379500406
0.10885003139054489
0.10830347541477554
0.10830347541477554
0.10782850637640833
0.10847934732005882
0.10828438346161968
0.10895499442011655
0.10839153943439173
0.10853955472757547
0.10881714243912505
0.10924698100167304
0.1103404533042902
0.1103404533042902
0.10992993564393141
0.10991090533315072
0.1102478475152544
0.1102478475152544
0.1102478475152544
0.1096423801718426
0.11079691855874647
0.11085700970040054
0.11070506664036256
0.11068481623567594
0.11068481623567594
0.10918131933960856
0.10968405296881932
0.10968405296881932
0.10982431345454735
0.11100653600069686
0.11130593581210681
0.11142815575708949
0.11142815575708949
0.1114146335611843
0.11093525992724768
0.1106213251450191
0.11072704851648639
0.11114424430233606
0.11105052551399912
0.11060936622651173
0.11111717049610809
0.11111717049610809
0.11162922197975589
0.1121552404305999
0.1127937379099946
0.11241008615170443
0.11081146761842625
0.11081146761842625
0.11156433196546311
0.11156433196546311
0.11101387371396919
0.11158396531735623
0.11158396531735623
0.11158396531735623
0.11145607174590691
0.11197921880445173
0.11214964773906717
0.11003307488330034
0.11003307488330034
0.11017948323451074
0.11006503203140075
0.10985452418519506
0.10915926464353375
0.1087942453250314
0.10915595013035531
0.10961586177186024
0.10877218820573215
0.10816212151323842
0.1073447273521644
0.10822850832719778
0.10822596933419713
0.10877528005403907
0.1094087992297375
0.1094087992297375
0.10970442726961484
0.11010204401943896
0.1118316210318037
0.1118316210318037
0.1116008410510282
0.1118912687159674
0.11267745106218864
0.11267745106218864
0.11186816898386699
0.11186816898386699
0.11090591177406252
0.11090591177406252
0.11105689481459884
0.11136844298838532
0.11142693022319235
0.1108028184387096
0.10981380289630663
0.10958932770402934
0.10971102182593374
0.11087014123983964
0.11169166644468422
0.11221556704147609
0.1114947416033669
0.11184808250036245
0.11272470912614413
0.1130757449357826
0.11190933763111138
0.1126131882032262
0.1125689501724094
0.11218868207947527
0.11219999653257352
0.11275281603002142
0.11275281603002142
0.11275281603002142
0.11357164518039688
0.11357164518039688
0.11289914710458578
0.11264277503944442
0.11140953039336128
0.11022614051335115
0.1103260952488554
0.1104957135400933
0.1104957135400933
0.1104957135400933
0.1104957135400933
0.10980759647668628
0.11059789717935033
0.11059789717935033
0.11041121295636758
0.1095702234977211
0.11024905762598823
0.11048619580621313
0.11061521039412454
0.10945188498407417
0.10945188498407417
0.1088733429838436
0.1088733429838436
0.10939743996376121
0.10852379015454544
0.10810282864075631
0.10866469586864916
0.10910385925452402
0.10910385925452402
0.10851494542505294
0.10928367697620575
0.10940364898609785
0.1092154303729453
0.10946707737467469
0.10961016735821677
0.10876305260071854
0.10894197705125938
0.10912007816393504
0.10684898823750132
0.10577610299243141
0.10529619340598557
0.10563419965176243
0.1061760381785653
0.1061760381785653
0.1061760381785653
0.10516880794726739
0.10637658191124992
0.10704257682668492
0.10682618076118444
0.10763372888312263
0.10763372888312263
0.10763372888312263
0.10763372888312263
0.10735144806424111
0.10806871922483452
0.10806871922483452
0.10819083443170747
0.10819083443170747
0.10771411761646608
0.10740267320296673
0.10681845878977332
0.10764451997052432
0.10891691091796062
0.10960737492959675
0.10761242866919528
0.10666921660353598
0.10820928053096403
0.1089109856230194
0.11016617869575257
0.11015574989897393
0.10978777726480957
0.10950778919069677
0.10956818375377342
0.10995789474541492
0.10959529633934656
0.10959529633934656
0.10881994504578363
0.10881994504578363
0.10874442666983691
0.10760120241596526
0.10760120241596526
0.10710957468337876
0.10749797819112068
0.10740709032052942
0.1073241859204197
0.10704172321105732
0.10608840574168397
0.10706633964690555
0.10625803907196323
0.10638499247456608
0.1065169532064521
0.1065169532064521
0.1065169532064521
0.10702251698208001
0.10757544923731695
0.10676650281517357
0.10676650281517357
0.10676650281517357
0.10676650281517357
0.10683317524234291
0.10683317524234291
0.10770321172646499
0.1066951477177
0.1066951477177
0.10649876031227659
0.1066376887604088
0.10690644082387467
0.10700996911392852
0.10702136973917074
0.10677633434936895
0.10773163096982633
0.10706822345736648
0.10706822345736648
0.10777828106147477
0.10849187963715978
0.10815542680519204
0.10913164351032004
0.10949538956999673
0.10811880680166655
0.10811880680166655
0.10811880680166655
0.10826727930407257
0.1078574320611571
0.10761453922949647
0.10822873843026726
0.10826712355310017
0.10757257157100648
0.10742503154047917
0.1079586547989744
0.10838441024530146
0.10850433992599866
0.107243207186448
0.10726752593307493
0.10678617469799438
0.10678617469799438
0.10685033710121736
0.10705922012800545
0.107340934014651
0.107340934014651
0.10742732821874984
0.10742732821874984
0.1077290926271927
0.1077290926271927
0.10766057757798765
0.10720290123704862
0.10741401336497643
0.10729133765084238
0.10581078672989938
0.10696631179322336
0.10652234311752881
0.10625033740358901
0.10578543421135993
0.10581195031498779
0.10581195031498779
0.10606886029077922
0.10650006505924445
0.10623855260433636
0.10537315303119572
0.10499488140112953
0.10602906963631122
0.10611981866596842
0.10682304433328399
0.10690872780117867
0.10690872780117867
0.10706531219756575
0.10706531219756575
0.10611318480739229
0.10698724575995845
0.10665844946085362
0.10586459411236235
0.1062728900947478
0.10684349857826957
0.10716197032882276
0.10777531131683869
0.10742966431469184
0.10760885814339714
0.10792119741035404
0.10778769174782354
0.10778769174782354
0.10638216101321059
0.10619622217728367
0.10619622217728367
0.1073939869837569
0.10734869610917377
0.10741777797607005
0.1092755009808753
0.10874223637554624
0.10882833728734768
0.10880861023675763
0.10938281289630795
0.10938281289630795
0.10875527123022884
0.10865996306642944
0.10865996306642944
0.10757632113490906
0.10720068384878734
0.10750925370201189
0.10649987583489803
0.10597484640168339
0.10477019384330176
0.1047650451987114
0.10492618556292727
0.10582572995071884
0.10660108271368308
0.1075599837512969
0.10590852736269174
0.1059595727852001
0.1059595727852001
0.10644418761013712
0.10701423468124754
0.10607406600370488
0.10638646871119085
0.10629513017795812
0.10629513017795812
0.1071479509665919
0.10724108366880566
0.10655207114804383
0.10683333399994893
0.10683333399994893
0.10687179129560515
0.1064694312961273
0.10578038708912933
0.10606929151969988
0.10606929151969988
0.1066291976639365
0.10607907262356228
0.10589367474890451
0.10583336976285555
0.10665880793586088
0.10663671946477735
