0.11707896484267709
0.11707896484267709
0.11707896484267709
0.11707896484267709
0.11707896484267709
0.11707896484267709
0.11707896484267709
0.11707896484267709
0.11707896484267709
0.11707896484267709
0.11707896484267709
0.11707896484267709
0.11707896484267709
0.11707896484267709
0.11707896484267709
0.11707896484267709
0.11707896484267709
0.11707896484267709
0.11707896484267709
0.11707896484267709
0.11707896484267709
0.11707896484267709
0.11707896484267709
0.11707896484267709
0.11707896484267709
0.11707896484267709
0.11707896484267709
0.11707896484267709
0.11707896484267709
0.11707896484267709
0.11707896484267709
0.11707896484267709
0.11707896484267709
0.11707896484267709
0.11707896484267709
0.11707896484267709
0.11707896484267709
0.11707896484267709
0.11707896484267709
0.11707896484267709
0.11707896484267709
0.11707896484267709
0.11707896484267709
0.11707896484267709
0.11707896484267709
0.11707896484267709
0.11707896484267709
0.11707896484267709
0.11707896484267709
0.11707896484267709
0.11707896484267709
0.11707896484267709
0.11707896484267709
0.11707896484267709
0.11707896484267709
0.11707896484267709
0.11707896484267709
0.11707896484267709
0.11707896484267709
0.11707896484267709
0.11707896484267709
0.11707896484267709
0.11707896484267709
0.11707896484267709
0.11707896484267709
0.11707896484267709
0.11707896484267709
0.11707896484267709
0.11707896484267709
0.11707896484267709
0.11707896484267709
0.11707896484267709
0.11707896484267709
0.11707896484267709
0.11707896484267709
0.11707896484267709
0.11707896484267709
0.11707896484267709
0.11707896484267709
0.11707896484267709
0.11707896484267709
0.11707896484267709
0.11707896484267709
0.11707896484267709
0.11707896484267709
0.11707896484267709
0.11707896484267709
0.11707896484267709
0.11707896484267709
0.11707896484267709
0.11707896484267709
0.11707896484267709
0.11707896484267709
0.11707896484267709
0.11707896484267709
0.11707896484267709
0.11707896484267709
0.11707896484267709
0.11707896484267709
0.11780922408466885
0.11780922408466885
0.11780922408466885
0.11780922408466885
0.11780922408466885
0.11780922408466885
0.11832902572446978
0.11855438601995197
0.11870734395841871
0.11871114728862946
0.11837092656882621
0.11834742107468556
0.11844641536094147
0.11844641536094147
0.11919626939984174
0.11964232337255871
0.11964232337255871
0.11964232337255871
0.11950855532631333
0.11906017273237338
0.11906017273237338
0.11957018441074525
0.11879838961154746
0.11878399159267237
0.11948403718493861
0.11870147134393204
0.11926033634828015
0.12039897067540069
0.1207617671373971
0.12102698650655816
0.12185182411151359
0.12185182411151359
0.12198632556001271
0.12154126113492465
0.12296445233856827
0.12294321578842793
0.12303047802087858
0.12270477555640155
0.12102559613278603
0.12034172193973718
0.12034364725732093
0.12063670534363956
0.12052282354035393
0.12052282354035393
0.12052282354035393
0.1191388255241882
0.12006593765394116
0.11885339858629118
0.11825693501321384
0.11825693501321384
0.11674521767106755
0.11674521767106755
0.1149902209608141
0.11429495835437664
0.11463663445919242
0.11422002109737356
0.11422002109737356
0.11425877676208293
0.11432903625143193
0.11432903625143193
0.11432903625143193
0.1138492783632276
0.11380106524731554
0.11383589853294426
0.11237614884122515
0.1123956184596174
0.11197444297088174
0.11195417148823536
0.11195417148823536
0.11169708103445433
0.1106686633822347
0.1106686633822347
0.10993843818467203
0.1094460758962273
0.10879131545466773
0.10948887896352193
0.10998495623505175
0.10950595749061734
0.10950595749061734
0.11039713773930102
0.1099216831667883
0.11063849735061747
0.10921756052175048
0.10921756052175048
0.109237109355995
0.10897863742010166
0.1077401087827656
0.10772835828381183
0.1074785499064051
0.10687262790102971
0.10761662886784137
0.10774412413167309
0.10728776406316168
0.10697905920563447
0.10711655481379377
0.10651795225729686
0.10651795225729686
0.10707660105492552
0.10643340102950134
0.10553106178216887
0.10522980711165579
0.10522980711165579
0.10584617022415255
0.10584617022415255
0.10536542936993115
0.10721623655360166
0.10674091828204262
0.10687138713896392
0.10717994362417833
0.1070773850677843
0.10611403521886148
0.10611403521886148
0.10611403521886148
0.10564332440813877
0.10508239025513928
0.10498324425897437
0.1048549755404722
0.10475723568853956
0.10493840214519888
0.10493840214519888
0.10441673633680795
0.10402902237273559
0.10440734828409313
0.10458506400627625
0.10400737373886071
0.10288577416970025
0.10227313418638823
0.10249625050498577
0.10249625050498577
0.10249625050498577
0.10176722357420927
0.1027679998937746
0.10313179219084195
0.10279448223709117
0.10279448223709117
0.10279448223709117
0.10128897961474055
0.10086241225229484
0.10151447143790757
0.10218461808510382
0.10175128907205717
0.10145156996375303
0.10145156996375303
0.10198190108137496
0.10264990721977452
0.10163737674490805
0.10063733069994522
0.10163666124658342
0.10168288301875755
0.10189508660425962
0.10227490033039409
0.10133312610505714
0.10073381534559626
0.10023091510214864
0.1004379594666721
0.1000272151318344
0.09941366362798403
0.09941366362798403
0.09937066059461885
0.09930511219166205
0.09977253848851168
0.09968033172164718
0.10026196254685378
0.10026196254685378
0.10026196254685378
0.09988776866839097
0.09998052750083981
0.09998052750083981
0.09972204142930605
0.09988512877394046
0.09952207073712406
0.09952207073712406
0.09943591377320957
0.09943240802407548
0.09943240802407548
0.10138550896397805
0.10182061355554003
0.10120900914242668
0.1008142134233633
0.10256714456063745
0.10211242268671902
0.10193462909549636
0.1019634409328847
0.10138748610483336
0.10077223010719671
0.10030229397436122
0.10030229397436122
0.10050634385192918
0.10041185657101313
0.10045509076736482
0.10090812645027294
0.10146987825552686
0.10137253900984747
0.10100457505590721
0.10159375046577526
0.10180695541555704
0.10178425130937731
0.10178425130937731
0.10173426351121309
0.10229155890308883
0.10244089693706396
0.10131868593312737
0.10131868593312737
0.10171281394355638
0.10171281394355638
0.10078485697577096
0.10127762999889398
0.0991414228870419
0.09919182873914138
0.09919182873914138
0.09863844516679289
0.09884753443396842
0.09904895067361408
0.09904895067361408
0.09904895067361408
0.09957975527816786
0.0991788296845199
0.09892646077047523
0.09940139524275
0.09940139524275
0.10032114803367369
0.10032114803367369
0.10032114803367369
0.10032114803367369
0.10104249437937042
0.10098122381946119
0.10069740109039339
0.10044713061175849
0.10076391647772161
0.10054528223458546
0.10054528223458546
0.10095802615522537
0.10018679794931579
0.10018342337854595
0.09854909118078145
0.0981787632040536
0.09802510410854172
0.09713434177251686
0.09739482326932011
0.09856900978421766
0.09856900978421766
0.09856900978421766
0.09906634183522814
0.09916120245572892
0.09932686964849145
0.09932686964849145
0.09921024967046703
0.0993203413450824
0.09943722680286511
0.09972313112427553
0.10047935498552274
0.10075001070967236
0.10018580946107666
0.10101945005241227
0.10101945005241227
0.10085269307492926
0.10112254819522457
0.10094279183266079
0.10094279183266079
0.10221080129901046
0.10221080129901046
0.1023943266946618
0.10249052445127706
0.1034867235042737
0.10336461650380563
0.10470247357357794
0.10448021965156315
0.10527239891079379
0.10527239891079379
0.10474426738414405
0.10474426738414405
0.10522844563669874
0.10528119492944125
0.10519485185699219
0.10352553428349963
0.10306413830658041
0.10406235018112406
0.10390676371852539
0.10390676371852539
0.10467771752912425
0.1031537252776464
0.10231001827234382
0.10209955664339544
0.10186238003551201
0.1025651303544824
0.10192683307837573
0.10191197173100162
0.10269601925449971
0.10174617375946053
0.10119988935211036
0.10119988935211036
0.10169501733962356
0.10169501733962356
0.10172107915918137
0.1016696277290546
0.10241144535127004
0.10241144535127004
0.10267620568733693
0.10260659846700354
0.10149664691437564
0.1020314090980254
0.10246096021030371
0.10309522958279561
0.10343752466976804
0.10298611192400862
0.10338965396373916
0.10555140156266163
0.10482949575868833
0.10482949575868833
0.10560605837012857
0.10455497374845328
0.10361167102087016
0.1041196846128482
0.10395364992934289
0.10415113858246652
0.10415113858246652
0.10299997512812041
0.103644614242711
0.10301548787681333
0.10301548787681333
0.10427944714717603
0.10374295720883771
0.10374295720883771
0.10381311144305547
0.10381311144305547
0.10381311144305547
0.10410092064892625
0.10353202487601272
0.10436245390713123
0.10436245390713123
0.10464087586344777
0.10474178760080996
0.10387281703973195
0.10400823115125916
0.103974012289217
0.10396690951525217
0.10355049938265494
0.10385455902609712
0.10438552463361805
0.10534215731596247
0.10542592277656587
0.10542592277656587
0.10495205574153738
0.10638806105466211
0.1057756698616305
0.10539448060092978
0.10539448060092978
0.10600775099528736
0.1062908004027997
0.10645085700474531
0.10523001133651963
0.10514359066686248
0.10643947664499315
0.1049145960584646
0.10364914196150907
0.10364933387031196
0.10364933387031196
0.10361071151644305
0.10361071151644305
0.10237552650920707
0.10216132966458742
0.10117860814166552
0.10117860814166552
0.10107021341491647
0.10019940446227518
0.10061214147192168
0.1009645923377835
0.10043110373250445
0.10043110373250445
0.10070896212250792
0.10123463645471897
0.10236258955402625
0.1024077673948256
0.10288055277448957
0.10288055277448957
0.10282676472691918
0.1031423805484663
0.10314040087467677
0.10316554445324408
0.10316554445324408
0.10316554445324408
0.10329315979755416
0.10338620556354525
0.10338620556354525
0.10372952092651996
0.10333428181651792
0.1033639768487141
0.10463770341624488
0.10463770341624488
0.10472244698264924
0.10454428986522292
0.10528678926136288
0.10528678926136288
0.10528678926136288
0.10528678926136288
0.10493485588635235
0.10533750806621499
0.10451565455858061
0.10426098713927724
0.1050464670144107
0.1050464670144107
0.10354550341341293
0.10353789437131841
0.1039055049350307
0.10353313692318217
0.10345836132736161
0.10333163240072267
0.10361257566800196
0.10320790993351087
0.10512947020082533
0.10373625984011393
0.10373625984011393
0.10357606595459933
0.1030890581815679
0.10267594136707553
0.10217330201191102
0.10322012431413978
0.10381005129904039
0.10317101114324266
0.10225692880246126
0.10248881561758673
0.10248881561758673
0.10290121566009582
0.10412260429795633
0.10548431889745238
0.10607089323844004
0.10607089323844004
0.10511532702368447
0.10511532702368447
0.10419643073869563
0.10442306939861379
0.10442306939861379
0.10539851152879397
0.10559738922379652
0.10416755438735693
0.1033808244208237
0.1033808244208237
0.1033808244208237
0.10380275819110514
0.10206992820918798
0.10206992820918798
0.10206992820918798
0.10136193622391244
0.10136193622391244
0.10133778078070378
0.10133778078070378
0.10224036396136053
0.10224036396136053
0.10233291042390015
0.10233291042390015
0.10236585331007687
0.10157989745377466
0.10141577318532993
0.10085400167636299
0.10085400167636299
0.10111884179834604
0.10183022838279565
0.10210782808370122
0.10058800409112159
0.10078902706530188
0.10082094821243336
0.10010829218954793
0.09909369925140576
0.0993897753940334
0.09926265233180964
0.100744818702339
0.10130449532125263
0.10130449532125263
0.10174522424266688
0.10224864634016477
0.1018824755043052
0.10283750426708871
0.1033460030789022
0.1033460030789022
0.10361034339721117
0.1042718115946517
0.10340245199268645
0.10340245199268645
0.10356167128627339
0.10291474127896669
0.10302003636251977
0.10283656808407114
0.10282905861930537
0.10423580484974848
0.10454224087834851
0.10449575074326795
0.10365741687455314
0.10307524451032975
0.10293262559403411
0.10379541722942295
0.10402990623084772
0.10402990623084772
0.1036262174022519
0.10347389655963288
0.10393115667396237
0.10440617742831529
0.10477681909740455
0.10488276229313037
0.10529787698802091
0.10529787698802091
0.10529787698802091
0.10501736880908116
0.10364281190605937
0.103800060874865
0.10415468344509429
0.10282658760541159
0.10324627111878824
0.10454901557364418
0.10468072985162889
0.10294544289687374
0.1020645136388625
0.10202014412857356
0.10202014412857356
0.10197084709975307
0.1023415474468745
0.10345964079559287
0.10265288558658554
0.10265288558658554
0.10335060667549112
0.10376682151962911
0.10376682151962911
0.10364687794443672
0.10370514490205472
0.10270833780062895
0.10367648756920061
0.10367648756920061
0.10356790980295735
0.10361110205701664
0.10361110205701664
0.10370887364216178
0.10496187062982906
0.10422924080170948
0.10422924080170948
0.10503610942304943
0.10535278956452346
0.10420247221987561
0.10420247221987561
0.10410049044168247
0.10278656667659453
0.1033071681567659
0.10394115602342738
0.10394115602342738
0.10351664236300455
0.10342631966243922
0.1046487133655166
0.10493082199029843
0.10513530260138258
0.10519552705091668
0.10592392387675152
0.10500203881235665
0.1048225436452784
0.1048225436452784
0.10613707730943345
0.10614638820916303
0.10520406837492857
0.1053330718364598
0.10455320246601497
0.10380162091842618
0.10346677101152046
0.10346677101152046
0.1032804113019479
0.10387218589198145
0.10387218589198145
0.10387218589198145
0.1039274398060028
0.1035925696345794
0.10279716166949789
0.1024831752826984
0.1024831752826984
0.10341077178218974
0.10331814699443465
0.10322172291549586
0.10322172291549586
0.10322172291549586
0.10243133204070737
0.10243133204070737
0.10243133204070737
0.10247188103436054
0.10256021988270436
0.10303564925609861
0.10332309025497383
0.10345472809874838
0.10358224143494062
0.1042156099764302
0.10512697594329348
0.1057745106953176
0.1058412870926422
0.10582477710473837
0.10532780287327159
0.10544522398689378
0.10544522398689378
0.10647481175665786
0.10592013470935265
0.1048625169664273
0.10556648581709671
0.10447917665868256
0.10447917665868256
0.10447917665868256
0.10475688828482638
0.10434083743212678
0.10407433186815805
0.1050112923800501
0.10565978048004825
0.10565978048004825
0.10696548099102461
0.10756794598513889
0.10746741248246688
0.10733606282005247
0.10777528335357223
0.10777528335357223
0.1075415220512245
0.10690959601926807
0.10598835543301136
0.10615933812585186
0.10714358508963606
0.10673450237523609
0.10673450237523609
0.10628289727245102
0.10661835140022255
0.10661863333241764
0.1067868953231559
0.1067868953231559
0.10615726018356592
0.1051162047267531
0.10506043329291402
0.10459103024629378
0.10459103024629378
0.10498979600634592
0.10498979600634592
0.10494918199806007
0.10579780570902433
0.10660548943011557
0.10592473055458186
0.10592473055458186
0.1052007156343883
0.1056023943527365
0.10580086001058847
0.10645972962056376
0.10865125555919543
0.10865125555919543
0.10758912901146263
0.1079456937407873
0.10802064436080007
0.10747055452502315
0.1078301214958212
0.10735188963842751
0.10681842985225286
0.10638736979543151
0.10538587313904053
0.1052033467069252
0.1047159892743734
0.10436192277144753
0.10379118739240592
0.10424641048364869
0.10408880349951562
0.10356902910200162
0.10250039067554817
0.10217508275456075
0.10253805254048005
0.10155718344928433
0.10155718344928433
0.10136375980467484
0.10239008258136251
0.10297341220613006
0.1015996778347336
0.10266889858975298
0.10266889858975298
0.10192444738968266
0.10243781333787184
0.10214987059258626
0.10254467346613355
0.10245583499719513
0.10248960666773796
0.10164328594415771
0.10071821608398916
0.1006497908575476
0.0998800105609653
0.09956370097147302
0.09843880036975611
0.09850059713859528
0.09892033611380804
0.09892033611380804
0.09892033611380804
0.09911502485342805
0.09887380987922544
0.09806048928670331
0.09806048928670331
0.09837166438388927
0.09810039216653685
0.09810039216653685
0.09760357677039586
0.09945641394998578
0.09926729515518272
0.1002933379715564
0.10035542217189361
0.10035542217189361
0.10013482088666137
0.10001386718350173
0.09974051948436484
0.10022535716863909
0.10088175227875593
0.10180714617864889
0.10250133541267577
0.1022559889102484
0.10283717841991437
0.10344388000625963
0.10344388000625963
0.10344388000625963
0.10344388000625963
0.10400034556852074
0.10489055318694077
0.1041559233787928
0.10345580637709459
0.10345580637709459
0.10398197210325666
0.10415480151467299
0.10415480151467299
0.10403215856447999
0.10426746424731885
0.10469042024648857
0.10540766573660451
0.10599059771696481
0.10643279587867721
0.10711564419317496
0.1055763300699474
0.10573846127059992
0.10504599742960413
0.1055764260228125
0.1055764260228125
0.10518497792903639
0.10348790395846659
0.10512575314500927
0.10475162800836031
0.10475162800836031
0.10344049766234195
0.10344049766234195
0.10389345830417142
0.10422728113927394
0.10422728113927394
0.10393053300648969
0.10393904368076257
0.10469840777286221
0.10375820039121333
0.10396685043512492
0.10420829020439905
0.10358044123208399
0.10358044123208399
0.10384080748624437
0.10277084195107318
0.10211472267212078
0.10211472267212078
0.10234283573987356
0.10245623973025089
0.10273179978560612
0.10322429179940665
0.10374732788673348
0.10332803638637648
0.10295285254247982
0.10248640316737254
0.10306562483583208
0.10480514378476784
0.10482931020522042
0.10362223739441631
0.10362223739441631
0.10325514586866615
0.10335460543682254
0.10352807700183017
0.10420050878933969
0.10420050878933969
0.1028828210507108
0.10246483406435423
0.1025376929462165
0.10267188502016368
0.1022504267307701
0.10250411191001176
0.10226533762289575
0.10304469089905281
0.10279063841363174
0.10329606247847849
0.10330104058864438
0.10297582947552686
0.10424535974846151
0.10464902605557946
0.1049154422945845
0.10369762515778863
0.10369762515778863
0.10435026865237501
0.10538597277414892
0.10545522196699844
0.10545522196699844
0.10545522196699844
0.10522763748683214
0.10501235984510485
0.10565958405693092
0.10549538738346911
0.10595477639029338
0.1062291823765531
0.10641387106703548
0.10580044369561269
0.10580044369561269
0.10580044369561269
0.10580044369561269
0.10668047730421353
0.10668047730421353
0.10622883390952687
0.10686520459017092
0.10686520459017092
0.1071270591674704
0.10665043972833768
0.10567072578500321
0.10586026194181167
0.10586026194181167
0.10640783433032866
0.10548688695928009
0.10561128814809549
0.1069157074898743
0.10768260669371564
0.10780213224130697
0.1077331527093
0.10711395598486906
0.10749343671068878
0.10753823780710589
0.10687719936148019
0.10734635034743713
0.10779137074726308
0.10785165147896882
0.10785165147896882
0.10645680543410556
0.10645680543410556
0.10645680543410556
0.10720330694263856
0.10732078571100412
0.10802744782120428
0.1074468794109912
0.10829001203724416
0.10812909735733715
0.10803531625514622
0.10771789856119167
0.10719200460766116
0.10744562381609891
0.10729874880454884
0.10728087132643142
0.10738344209994567
0.10632665145097077
0.10648081817227308
0.10630970591964622
0.10551947417419734
0.10605265623720707
0.10605265623720707
0.10610406207510802
0.10620321561512099
0.10649153481194175
0.10628192282357632
0.10655814245059972
0.10680953538362042
0.10680953538362042
0.10648602111577105
0.10648602111577105
0.10672010868692
0.10637885210919334
0.10729810225891012
0.10607951128459113
0.10500661808401773
0.10526214745665788
0.10513829961711472
0.10523629503498398
0.10470655377015316
0.10462266370598612
0.10462266370598612
0.10443476323957744
0.10590616639141133
0.10590616639141133
0.10590616639141133
0.10682367175580494
0.10632640750477172
0.10612712999085382
0.10612712999085382
0.10676245122367843
0.1074995683714479
0.10761348695168194
0.1073234816134929
0.1076647723427612
0.10898882890537409
0.1088330897740395
0.10860690630097503
0.10773533893253878
0.10651443451658592
0.10715052740668739
0.10758859645693147
0.10787437444117517
0.10766396446340289
0.10808169995985539
0.10823564430068537
0.10777612592952854
0.10756779356378404
0.10760862078317436
0.10656599664463824
0.105414280611278
0.10552299610135094
0.10538793832915319
0.10447149775266919
0.10401570052076917
0.10401570052076917
0.10401570052076917
0.10438579610360886
0.10610632604522165
0.1062777273757487
0.1059530820104404
0.10549166053968626
0.1050475584327628
0.10590894203165513
0.10602792288003667
0.10447943131908027
0.10447943131908027
0.10429032814230288
0.10435308031932809
0.10466155084585084
0.10407977844469149
0.10410253630581262
0.10501384247156607
0.10465967019150572
0.10340592036474539
0.1033866510008071
0.103776657652742
0.10365987933976582
0.10240085065131667
0.10240085065131667
0.1027417531858193
0.1027417531858193
0.10510923598288045
0.10525028985128874
0.10516767049542218
0.10521044803997961
0.1055689279142811
0.10634690886515073
0.10599202731280985
0.10471669594217836
0.1066393587343389
0.10697672535059252
0.10612580110654428
0.10575194171919323
0.10463234172429324
0.1038678177682708
0.10415008021064692
0.10415008021064692
0.10415008021064692
0.10328094713646238
0.10328094713646238
0.10235509596943712
0.10303744939781247
0.10305167383408026
0.10326436878214376
0.10435610300469149
0.10350782474266818
0.10274861271196789
0.1043067797975083
0.10366532088338737
0.10366532088338737
0.10380647045428436
0.10380647045428436
0.10361818314412638
0.1052673523410913
0.10474587315480255
0.1051358387335512
0.10410148895480448
0.1023711198253383
0.1023711198253383
0.10291385285938236
0.10211503308339717
0.10177075508622026
0.10089469180968802
0.10120868815980688
0.10120868815980688
0.10069161929398716
0.10071625863918884
0.10156376795669356
0.10139684614908166
0.10225671435497437
0.10257587787112799
0.10299026574631266
0.10219506560321247
0.10219506560321247
0.10222374544265163
0.10296248623853592
0.10289561970642587
0.10267043528992507
0.10229065875664448
0.10229065875664448
0.10382222192488579
0.10382222192488579
0.10365166532381227
0.10365166532381227
0.10412918510027415
0.10412918510027415
0.10262464094409592
0.10399773230617321
0.10482088353650017
0.10482088353650017
0.10491834578298727
0.10491834578298727
0.10491834578298727
0.10411540321881806
0.10348149584041251
0.10422826308251544
0.1047240723032617
0.1047240723032617
0.1047240723032617
0.1040424490233147
0.10319009969359699
0.10333781039800181
0.10296147491853463
0.10296147491853463
0.10296147491853463
0.10248300280728452
0.10110432806431452
0.10110432806431452
0.10133594369585383
0.10109628984378365
0.10062831004648332
0.10062831004648332
0.10062831004648332
0.10145538426078486
0.10204658806888711
0.10132534269569288
0.10132534269569288
0.10085093146717837
0.10085386735380773
0.10085386735380773
0.1001762773602745
0.1001762773602745
0.10001898148474771
0.10001898148474771
0.10018404693134529
0.09998741173947018
0.09998741173947018
0.10025277539387333
0.10051286055102834
0.10056814637670534
0.10048264978683422
0.10058196728571399
0.10107429356507146
0.10039129168022026
0.10007819020467097
0.0993663898859226
0.09985974671802256
0.09957804034010816
0.09905236178125752
0.09944340477414208
0.09944340477414208
0.09944340477414208
0.09960822976773843
0.09943406412300532
0.09852522000266904
0.09956150535098127
0.09918966262430498
0.09992088425495427
0.10040535916240752
0.10065211532821056
0.10082425576032113
0.10175478058557066
0.10102564842892123
0.10102564842892123
0.10102564842892123
0.10123823012057045
0.10151865664680958
0.1019566199952529
0.1014045971267146
0.1014045971267146
0.10047647508217386
0.0995397815438208
0.0978968443890826
0.0978968443890826
0.09857877498995797
0.09913363493494483
0.09946572099122752
0.09946572099122752
0.09909692931626043
0.09926762520118565
0.09933374866374621
0.09944931926604036
0.09944931926604036
0.09938092944656617
0.09938092944656617
0.09938092944656617
0.09942353207462952
0.09922527996732028
0.09898880933568416
0.09877962040251263
0.09804975703512961
0.09788187563373212
0.09788187563373212
0.09788187563373212
0.09797993533851342
0.09831264251380371
0.09831264251380371
0.09831264251380371
0.09831264251380371
0.09831264251380371
0.09882591857871256
0.09837427792888284
0.09837427792888284
0.0991892821248477
0.09902328210477654
0.0982429936381319
0.0982429936381319
0.09785900603024744
0.09791202147964546
0.09791202147964546
0.09791202147964546
0.0977811871259839
0.09672815975477346
0.09801198861356807
0.09882991140846734
0.09940256266595295
0.09896819747016307
0.0994167699875995
0.09917690210848787
0.09917690210848787
0.09917690210848787
0.09980335897601257
0.10030694441847458
0.09941959360019365
0.09936442616606325
0.09948506200300726
0.09857214023644335
0.09857214023644335
0.0973581312670555
0.098462520629265
0.09845994911711724
0.09847163447480527
0.09767483070415794
0.09620378499801861
0.09541636663137576
0.09639088020002716
0.09895079065823723
0.09783597230697304
0.09799502303832403
0.09825521335290516
0.09781842836677236
0.09799742742406192
0.09799742742406192
0.09799742742406192
0.09820101898651999
0.09637325442827757
0.09637325442827757
0.09637325442827757
0.09637325442827757
0.09608208764774144
0.0967832934961768
0.0967832934961768
0.09636241226219242
0.09571286638350074
0.09571286638350074
0.09580994624223386
0.09612661034288471
0.09693225712043402
0.09760988623471736
0.09760988623471736
0.09850916262542746
0.09853209811438897
0.10002792529425697
0.10002792529425697
0.10074349372833485
0.10198213353773283
0.10198213353773283
0.10189563904511281
0.10203188405014238
0.10157278705815247
0.10120881267816585
0.10157355285101866
0.10175925635389003
0.10175925635389003
0.10175925635389003
0.10175925635389003
0.10149042871296449
0.10159235703994333
0.1025242599291815
0.1017929846439128
0.1015961805247401
0.10083790366767553
0.10195811430084101
0.10115081267014432
0.09968363103553791
0.09930591471653892
0.09930591471653892
0.09891882276465544
0.099223844092644
0.09979860444689549
0.09955724632367395
0.09955724632367395
0.09899353981551134
0.09876395519980721
0.09876395519980721
0.09876395519980721
0.09816696958509931
0.09805789489071379
0.09801340679187169
0.09842467735530784
0.0995941747166023
0.09937703670330066
0.10000082050291793
0.10000082050291793
0.09923143276828326
0.09911071416329477
0.09821757179824143
0.09839591332071095
0.09807475179882319
0.09807475179882319
0.09916880116742398
0.09932682014520901
0.09990624091282749
0.09990624091282749
0.09990624091282749
0.09990624091282749
0.09987039011110206
0.09984763798937109
0.09946490993467537
0.10036724110385897
0.1007945730805152
0.1007945730805152
0.10120115854612556
0.10150992629076891
0.10120725436680707
0.10193845800407754
0.10288886268242652
0.10236690660375512
0.1018800092910785
0.1018800092910785
0.10178369924309831
0.10178369924309831
0.1027627455756705
0.1027627455756705
0.10327012457137982
0.10293766985932552
0.10298832126440173
0.10355801710436055
0.10355801710436055
0.1034174913265105
0.10287823031711764
0.10287823031711764
0.10287823031711764
0.10287823031711764
0.10283152562638218
0.10187649604150609
0.10216943542051266
0.1031051497066848
0.10379060904377407
0.10504044533622059
0.10553474424818085
0.10540075412237929
0.10610438451208871
0.10617305471268111
0.10524634080296386
0.10517823336732642
0.10551574054829435
0.10533031612817621
0.10479429461478625
0.10479429461478625
0.10412831428117872
0.10395173616381223
0.10367470821622647
0.10274982781721619
0.10274982781721619
0.10241304506392462
0.10290510341752529
0.10320124789756557
0.10320124789756557
0.10364510353044103
0.10344880813591802
0.10326024937759426
0.10316860929792904
0.1032023281223505
0.10285853178504682
0.10231896494310924
0.10225918449153726
0.10265196336989461
0.10180795356473046
0.102112483112333
0.102112483112333
0.10273599349509432
0.10324411385216076
0.1041366106847254
0.1041366106847254
0.10342855243666675
0.10342855243666675
0.10280783285536313
0.10280783285536313
0.10280783285536313
0.10072794296820622
0.10206548232781064
0.10268710552132286
0.10201663396883981
0.10269450412218588
0.10239549319878215
0.1008488105141927
0.10176230807915068
0.10188092566431299
0.10172470789461005
0.10116107940018623
0.10106866221411233
0.09999311261865726
0.10045770964594855
0.09910245714780182
0.09910245714780182
0.09969504374639324
0.10032876512147337
0.10066756852955966
0.10039832405331714
0.1012959660321479
0.10149646965759672
0.10109590305050059
0.10162563961479089
0.10248820524203862
0.1016589059536262
0.1012158509563529
0.1005289081305173
0.10211116210225044
0.10254318285326777
0.10235055961757912
0.10235055961757912
0.1020962262726382
0.10228852726951883
0.10228852726951883
0.1015025211943789
0.10205258936061301
0.10239251959473669
0.1019937327167749
0.10253438799119664
0.10294303095053312
0.10294303095053312
0.10337082015336573
0.10399507723567222
0.10554853671652491
0.10554853671652491
0.10654236627534991
0.10681578927503232
0.10681578927503232
0.1070609928543333
0.10529518847745993
0.10485807196196516
0.10485807196196516
0.10485807196196516
0.10526700879533392
0.10503862449942189
0.1042550782302561
0.10521026831613209
0.10497632236571379
0.10561823412992123
0.10598872866779654
0.10664906214524124
0.10737000500711004
0.1072398172449705
0.10539623864813943
0.10539623864813943
0.10469470264307564
0.10523001390782381
0.10620352992341561
0.10481322481933147
0.1039706471681972
0.10389062240298408
0.10492186840242494
0.10348288655847411
0.10354899075019777
0.10354899075019777
0.10354899075019777
0.10455424370596743
0.10455424370596743
0.10403783920216757
0.10529109600595657
0.1055936871959276
0.10619373242273719
0.10571402519282867
0.10414926838836093
0.10376063923700493
0.10449084211747482
0.10542331402893733
0.10511136067814059
0.1048772028105914
0.1048734958969415
0.1048734958969415
0.1047387488833048
0.1047387488833048
0.10466193682488605
0.10494779123568146
0.10508054872201651
0.10549339395451844
0.10549339395451844
0.1054265619635856
0.10646924077740795
0.10646924077740795
0.10646924077740795
0.10725991504145196
0.10792483957595721
0.10761746332872914
0.10731819014061392
0.10771104088045634
0.10746285644302317
0.10844211014345641
0.10876368343554314
0.10876368343554314
0.10925844275053337
0.10904838313836065
0.10944229069419951
0.10902151342752325
0.10853815714061822
0.10853815714061822
0.10854075138300869
0.10874529956348444
0.11018239468815953
0.11031594375467241
0.11031594375467241
0.11082228100129676
0.11082228100129676
0.10909715250466162
0.10950418136988938
0.10916369010923788
0.10882805473151182
0.10882805473151182
0.10856962641991012
0.10954925782023002
0.10954925782023002
0.1106771343012403
0.1117029422119715
0.11218047887822351
0.11292916101772175
0.11292916101772175
0.11292916101772175
0.11289799688564287
0.11203856425294885
0.11287303278496154
0.11287303278496154
0.11233749946466216
0.11143193465541716
0.11034048471591854
0.11034048471591854
0.10971370802308755
0.10960088362274219
0.10913641006043727
0.10743310654787741
0.10704846374811293
0.10704846374811293
0.10660319326923978
0.10651044474074595
0.10720101018804618
0.10720101018804618
0.10720101018804618
0.10709245147433466
0.10595349990438889
0.10597880528709697
0.10573515268287527
0.10496009749195281
0.1050020219343716
0.1050020219343716
0.10618797406729137
0.10750878604089005
0.10738563289837481
0.10738563289837481
0.10738563289837481
0.107646604406054
0.10765432203601456
0.10765432203601456
0.10681219849608321
0.10681219849608321
0.10646954472463621
0.10680090259863927
0.10680090259863927
0.10714635357717053
0.1075030045583745
0.10842419985982571
0.10750203255337813
0.10939644137358084
0.10939644137358084
0.10909757375105986
0.10881302471067864
0.10881302471067864
0.10963275856457719
0.10888498199853258
0.10828310449800485
0.10838057608199532
0.1080872802880398
0.1080872802880398
0.1080872802880398
0.10763251270394181
0.10763251270394181
0.10802327778530918
0.1088813561647725
0.10898422292712286
0.10801444376650628
0.10781208823948224
0.10767494460787926
0.10767494460787926
0.10653926049708995
0.10610323269842102
0.10610323269842102
0.1064007907641563
0.10683523642456812
0.1075895623957195
0.1075895623957195
0.10603751180650085
0.1059454453689255
0.10664354506508093
0.10702534070573023
0.10703436245158321
0.10663815111620593
0.10622795030946608
0.10622795030946608
0.10596401421053014
0.10608010995832623
0.1068551399400976
0.1068551399400976
0.10659241976992333
0.10640852584717793
0.10737085961650741
0.10808332718637394
0.1087490522385143
0.10816197186880235
0.10816197186880235
0.10889856372202979
0.10928192494867528
0.10844558092652153
0.10689028484877389
0.10689028484877389
0.10670800592679779
0.10668082266817419
0.10668082266817419
0.10688707743618192
0.10602122321152017
0.10570429588534705
0.10570429588534705
0.10581389541189848
0.10446654448136948
0.10341624348825464
0.10341624348825464
0.10341624348825464
0.10087398173751581
0.10125950859145388
0.10096814038595994
0.10096814038595994
0.10231472046105776
0.10231472046105776
0.10185294726357659
0.10185294726357659
0.10235368713596016
0.10132795694003299
0.10132795694003299
0.10067794065104013
0.10181895920685763
0.1012810988249355
0.10058240773904975
0.10054932482533373
0.10017804425512966
0.10082233520028774
0.10139284960062517
0.10135844874785939
0.10135844874785939
0.10113782063487668
0.10068527800659834
0.10145259898215332
0.10145259898215332
0.10234877321811509
0.10234877321811509
0.10221077806461112
0.1015701890376991
0.1014315301898438
0.1016374531164737
0.10136411069852186
0.10071556510008205
0.10087502445057608
0.10014102034048926
0.10014102034048926
0.09954268733289454
0.09900301370778399
0.09887845354507223
0.09949040582587323
0.09920349783032992
0.09950386752810551
0.09994283494176227
0.10111057218013764
0.10088846944544687
0.10088846944544687
0.10033648380838628
0.09953558664679102
0.10084765233817078
0.1010536041159079
0.10090458805497395
0.09930026167840565
0.09930026167840565
0.09993717040858263
0.10104322013675371
0.10104322013675371
0.10127786608752934
0.10158819211906746
0.10158819211906746
0.10201664469259973
0.10201664469259973
0.1008465201761152
0.10059896555343943
0.10059896555343943
0.10059896555343943
0.09935857395758664
0.09853935054311645
0.09837860208222159
0.09797096960196984
0.09797096960196984
0.0980622420383066
0.0980622420383066
0.09955125419244225
0.09970408287007805
0.09841294878658746
0.1001154084715783
0.1001154084715783
0.09985986427514176
0.09985986427514176
0.10050972168698062
0.09938369205977365
0.09914590835204756
0.09914590835204756
0.09907149097147216
0.10002455105344733
0.10095319102035813
0.10013707358433871
0.10052237008791624
0.10137157264923262
0.10137157264923262
0.10167284746954422
0.10184997813135564
0.10184997813135564
0.10305435962190429
0.10405711247375245
0.10363514509666366
0.10391359035480821
0.10306367219680626
0.10248039569055993
0.10263104456497009
0.10263104456497009
0.10278644884963992
0.10292173111405767
0.10462232905089708
0.10462232905089708
0.10495551828750352
0.10407160205331557
0.10355181490612088
0.10261464741846749
0.10314049124410161
0.10328609297074151
0.10451065330028657
0.10451065330028657
0.1050171506652553
0.10405478539489642
0.10408659962516612
0.10301972076007392
0.10292038425471936
0.1025730303255745
0.10274095266954647
0.10256946848832971
0.10320544098697298
0.10337019268310514
0.1026779860599776
0.10208488669571958
0.10208488669571958
0.10179819395808795
0.10170624175682264
0.10077719239013523
0.10077719239013523
0.10005159299577426
0.10005159299577426
0.1014278511864179
0.10138415222730333
0.10138415222730333
0.1021548437724784
0.10364779761418814
0.10449482156132854
0.10518366128047626
0.10505753024678033
0.1061304668223499
0.10648736123950465
0.10648736123950465
0.10507545009008021
0.10589098961948683
0.10652377003047127
0.1062636430536037
0.10675062655017872
0.10675062655017872
0.10675062655017872
0.10675062655017872
0.10660273391899243
0.106632448659821
0.10779023439165551
0.10902823384472657
0.10811043247529932
0.10869298626670781
0.10837033690052715
0.10837033690052715
0.10769449326811562
0.10737418943118199
0.10867118007463658
0.10936718011788453
0.10954095298894131
0.10954095298894131
0.11053420737529339
0.110308421773243
0.110308421773243
0.10978840295292859
0.10969332866419285
0.1088303236180586
0.10926924221040063
0.10884579445143804
0.11005766819115123
0.10991338679123688
0.10964808139270354
0.1094625088083013
0.10949219991619774
0.11006938985210185
0.10897630587359977
0.10897630587359977
0.10838647169200265
0.10840946584359643
0.1089555091920206
0.1089555091920206
0.1089555091920206
0.11026713435013988
0.11029403748528947
0.10997720821832564
0.10991649258075839
0.10991649258075839
0.10901911744296797
0.10818716354572017
0.10803366809551927
0.10799250618247405
0.10859361597223882
0.10790725782068418
0.10790725782068418
0.10795590266699163
0.10882900456708795
0.10894124521432905
0.10910240119288062
0.10887787490495186
0.10887787490495186
0.1088765008988034
0.10930161864845422
0.10914098334434999
0.10914098334434999
0.10939615553978192
0.11036966432811098
0.11026281278104344
0.11042020898947699
0.10973198194248039
0.1096568401167209
0.1096568401167209
0.11030787242005438
0.11027255927756245
0.10993962880574532
0.1109532185868993
0.11063388368870365
0.11011787971254924
0.11017108664171502
0.1103275624691163
0.10971464827837595
0.1092008326128132
0.10845490931326426
0.10855137282459373
0.10830996217976874
0.1084090755488263
0.10872030576915288
0.10881443511763456
0.10881443511763456
0.1085084360218158
0.1073722271982584
0.1073722271982584
0.10675686028471021
0.10695769883099296
0.10597139451113757
0.1060386089676228
0.10711844362575636
0.10854264963251946
0.10764711861917352
0.10746541039782483
0.1070141191301347
0.10641217155071479
0.10613747586901139
0.10711660380324976
0.1074091698744226
0.1074091698744226
0.10683693664260638
0.10719395917568628
0.10687656265755566
0.10651616775156245
0.10765156917919837
0.10838784970723314
0.10837430210690085
0.10783140760303632
0.1080854483717205
0.10680252740788816
0.1066671349756662
0.106973512028308
0.10616922064678347
0.10725087389918352
0.10725087389918352
0.10641831422165755
0.10541025086370212
0.10513549729955511
0.10612525164258271
0.10681161904988051
0.1064227696434874
0.1064227696434874
0.10730842711099825
0.10781363070803278
0.10780935808707
0.10697074034524173
0.10697074034524173
0.10769946781962268
0.10737621149226405
0.10737621149226405
0.10731604566595272
0.10737552102661822
0.1076730168679507
0.10799025295076348
0.1073695055155411
0.10692554916702464
0.10714845986558273
0.10665398106625557
0.10555854120624909
0.10530539676766813
0.10532769623143935
0.10537143328577597
0.10537143328577597
0.10537143328577597
0.10595779882014612
0.10465589800247758
0.10490533845460596
0.10482581928123944
0.10478915771563706
0.10478915771563706
0.1050874744452092
0.1053102325304445
0.10478638106201395
0.1051953504754281
0.1055043846435995
0.10403425981732693
0.10369878015398529
0.10250330405115252
0.10391832466010716
0.10366960759128473
0.10366960759128473
0.10409653259409309
0.10409653259409309
0.10359539727372984
0.10281085629077791
0.10392022323590917
0.10431089062281142
0.10431089062281142
0.10431089062281142
0.10427364891962129
0.1039887814500734
0.103728359153705
0.10477667455665582
0.1045871446272945
0.10296743476194699
0.10253004675612219
0.10391232836281436
0.10330190520914251
0.10392046529502556
0.10293300766075983
0.10323328413549972
0.10351141853109809
0.10452032343863825
0.10448256782429369
0.1042134910642213
0.10322567105546923
0.10435204023032266
0.10435204023032266
0.10562067089649421
0.10513959835762723
0.10557272772429654
0.10607431100603429
0.10607431100603429
0.10527617299284396
0.1046764177948724
0.10531558238271024
0.10641016508152015
0.10694840067072073
0.1073707319620435
0.10738939175893747
0.10620071207529523
0.10620071207529523
0.1062489193688452
0.10641784569898063
0.10696909158116108
0.10696909158116108
0.10683931569579702
0.10615190240744045
0.10615190240744045
0.10520029033741504
0.10534979047037626
0.1062642963508352
0.1062642963508352
0.1063118444958977
0.1063118444958977
0.10651896326210994
0.10694958806927421
0.1079621442750281
0.10782246891847193
0.10782246891847193
0.10876066083855902
0.10876066083855902
0.10845242383661939
0.10819515652040475
0.10925205973398647
0.10874327134324407
0.10874327134324407
0.10874327134324407
0.10922445064987638
0.10922445064987638
0.10952342506406786
0.10952342506406786
0.10952342506406786
0.1094711026245928
0.1092091236829073
0.1092091236829073
0.1092091236829073
0.1092091236829073
0.1092091236829073
0.10832534403648446
0.10816068599258942
0.10690265555595636
0.10690265555595636
0.10809504065389965
0.10809504065389965
0.10906147002470544
0.1077384863610879
0.10852555945629369
0.10817441864101242
0.10817441864101242
0.10814191446307825
0.1081058647469888
0.10790047573405814
0.1082630600424684
0.10635128100865561
0.10620189693885582
0.10656723612794211
0.10612740820053723
0.10625040417175573
0.10626582079725852
0.10626582079725852
0.10576751683911739
0.10576751683911739
0.10587061271930823
0.10543519919487618
0.1060411698438466
0.10536913470182704
0.10639763568734306
0.10587264581762867
0.10645570129830147
0.10661482297440394
0.10606783765371577
0.1057188969477398
0.10663950641382246
0.1059085424601437
0.10560354178029407
0.10644942544251307
0.10651556527800954
0.10698774560830832
0.10675307233682166
0.10638726214892852
0.10634346936324149
0.10598612159776997
0.10598612159776997
0.10600238453212286
0.10711855965605278
0.10715513686364729
0.10760725174544768
0.10760725174544768
0.10760725174544768
0.1086880993850573
0.1086880993850573
0.10763391565394155
0.10763391565394155
0.10765564237055313
0.1083887653143015
0.1078794071373854
0.10711121824111429
0.1069119603968388
0.10629428560921406
0.104676686601251
0.10536307690161367
0.10549737877846264
0.10544056030891556
0.10634845491328017
0.10770050098914291
0.10636453980075494
0.10603306669667596
0.10631770842094905
0.10663631905770597
0.1066369889575254
0.10716603432864585
0.10649726495735226
0.10640069464502541
0.10779695964449333
0.10729045257520341
0.10635143368944179
0.10543468164023453
0.10636807696796244
0.10636807696796244
0.10622775858251207
0.10648299147047063
0.10666610120299605
0.10619866343303236
0.10591080480220133
0.10591080480220133
0.10591080480220133
0.10732893601085423
0.10732893601085423
0.10732893601085423
0.10772128050208493
0.10670330423370822
0.10719916512997489
0.10690994043361375
0.10746045506205572
0.10581213004641304
0.10581213004641304
0.10652785069273459
0.10658061916498185
0.10671712103387708
0.10592042702376593
0.10592042702376593
0.10631287058466339
0.10658317055805391
0.10665771310563361
0.10597642561401496
0.10585753607477072
0.10585753607477072
0.10585753607477072
0.10505911062914515
0.10505911062914515
0.10503351783601653
0.1051506179421481
0.10605317610609487
0.10657700484676329
0.10657700484676329
0.10705876745119841
0.10685012562779712
0.10730085331066877
0.10707731783844371
0.10707731783844371
0.10817188547158582
0.10817188547158582
0.10771637064901937
0.10774286127986524
0.10774286127986524
0.10738660856659364
0.10771439599489278
0.10823905665441759
0.10823905665441759
0.10862971796825033
0.10902472733418313
0.10849013236105207
0.10796752036200875
0.10796752036200875
0.10825568635909671
0.10825568635909671
0.10825568635909671
0.10838205281945852
0.1074088770929677
0.10720620284011285
0.10770241102321769
0.10844955020084182
0.10819246387670048
0.10773225793882216
0.10740670007826354
0.10740670007826354
0.10740670007826354
0.10740670007826354
0.10740670007826354
0.10708267207056646
0.10691237536132057
0.10676430169414439
0.10766555581364878
0.10810975736928746
0.10744845790581486
0.10688668812923137
0.10650900338149548
0.1063848351795414
0.10745381953271013
0.10745381953271013
0.10699741285135844
0.1062808695161398
0.1056508981699839
0.1056508981699839
0.10534588593109329
0.1048591846719347
0.1048591846719347
0.1061289014809886
0.1055230983965442
0.10491853877051001
0.10491853877051001
0.10369563579629337
0.1038740138654157
0.1037977439030668
0.10405463411033325
0.10442214527518198
0.10442214527518198
0.10457630310600793
0.10457630310600793
0.1040056431652837
0.10368088488915965
0.10368088488915965
0.10463518952902427
0.10370740624591353
0.10370740624591353
0.1034067175856277
0.10367079658256283
0.10367079658256283
0.10409258649829557
0.10409258649829557
0.10445170659884807
0.10504060476998123
0.10356980658674086
0.10304115447955708
0.10288204014410882
0.10288204014410882
0.10365445094794858
0.10322796025683355
0.10266996843309532
0.10312356896484819
0.10312356896484819
0.10332434925497012
0.10332434925497012
0.10383467099623099
0.10395300304144245
0.10367964096787935
0.1038867324318715
0.1038867324318715
0.1038867324318715
0.10412095898848958
0.10393996122748507
0.10318606248258837
0.10400033927909069
0.10355956133654108
0.10487927156067026
0.10487927156067026
0.10339465143007553
0.10182725997632189
0.10157334190318561
0.10133794178164009
0.10133794178164009
0.10190757531422145
0.10258602655592985
0.10225891878043679
0.10192193045419436
0.10192193045419436
0.10092421566072943
0.10131197987551255
0.10073856016446053
0.10194940755528792
0.1007717872980158
0.1007717872980158
0.10096228329881093
0.10205265829588789
0.10320335054457777
0.10267524713355956
0.10267524713355956
0.10317751084975257
0.10363410090765712
0.10268506751478108
0.10354936247617402
0.10354936247617402
0.10278696704405003
0.1026653702513536
0.10398376521261371
0.10340723325210091
0.10379457061743448
0.10419330452339184
0.1039386676593396
0.10321218060049168
0.1029641503153725
0.10359009245974189
0.10359009245974189
0.10366721952596564
0.10374005201844995
0.10416048484136464
0.10416048484136464
0.1056269122982517
0.10521575360156979
0.10598721738749324
0.1056324180359933
0.1058238382072991
0.1058238382072991
0.10524118007266964
0.10524118007266964
0.10462051817167271
0.10530227188663183
0.10560550934043861
0.10572234424102796
0.10540584800202973
0.10504719568385726
0.10547417729851466
0.10489565581484314
0.1047524055035189
0.10419059668815506
0.10454903143497943
0.1046110555175064
0.10538539719698847
0.10538539719698847
0.10484789154049634
0.1056679954608903
0.10511904625741157
0.10469687228558809
0.10451115425645804
0.10502971230084229
0.10519895405346719
0.10545705802066976
0.10665586865655817
0.10662896154200677
0.10627123798576897
0.10504250403601043
0.10519349362175658
0.10552845402525049
0.10555730967379286
0.10626789063266061
0.1050793945765456
0.10490486358056376
0.10515383775537125
0.10448402695758381
0.10333009874378146
0.10466318288980413
0.1049938561350238
0.10570768923531132
0.10490342233212432
0.10452538096311755
0.10452538096311755
0.10596175811737558
0.10518336880806756
0.10495708931142303
0.10579770251682155
0.10600336083016015
0.10622274017920676
0.10771408017611014
0.10771408017611014
0.10802573061560777
0.10746358341022001
0.10746358341022001
0.10691501756662154
0.10676680659061462
0.10689226469058033
0.10689226469058033
0.10637040027813037
0.10694771898641436
0.10632038737444675
0.1065943412916799
0.10608032804658465
0.10689596656089946
0.10735581383998018
0.10735581383998018
0.10814475081784762
0.10808164371152044
0.10852661642561309
0.1097813093028803
0.11054753424735585
0.10951044843948603
0.10956882623728974
0.10956882623728974
0.10930652854948425
0.10930652854948425
0.1079710694333918
0.10722087620425125
0.10754184286802519
0.10726921113307011
0.10677285924337533
0.10677285924337533
0.10676399471021389
0.10783659798680553
0.10739836498750194
0.10739836498750194
0.10822650506537632
0.10828314453615374
0.10917917250785741
0.10937283898657266
0.10830241682954542
0.10769147877217956
0.10769147877217956
0.10733933176561858
0.10892406646507133
0.10800220828889526
0.10719490057123995
0.10703141442106144
0.10669933642207677
0.1063806563337126
0.1063806563337126
0.10704986638177123
0.10695363094459802
0.10695363094459802
0.10529086006185866
0.10659808122212666
0.10842337379805121
0.10781732049785278
0.10781732049785278
0.10800730162379052
0.10776212556774932
0.1075824664066541
0.1082807555411446
0.10738781405247542
0.10752325329808461
0.10752325329808461
0.10752325329808461
0.1067790752042348
0.10633243253107606
0.1062560119538166
0.10641468087670779
0.10644240718091365
0.10643700763537722
0.10643700763537722
0.10596522455100517
0.10738021207368689
0.1060527424755207
0.1060527424755207
0.10578088554941974
0.10571506949696746
0.1054216512920292
0.10553262850544594
0.10511344277756067
0.10584706841542146
0.10584706841542146
0.10578832668876315
0.10617371952668848
0.10669210683430322
0.1072442817605153
0.10746390647565929
0.10661640048804188
0.10661640048804188
0.10626679924383504
0.10665026234143417
0.10648612667006573
0.10659276975454532
0.10613074881298817
0.10699588122326543
0.10679286300194107
0.10596622670317264
0.10583405685189387
0.10583405685189387
0.10404344448352633
0.1035812189638546
0.10440605349019734
0.10440605349019734
0.10303282908685173
0.10308048973520711
0.10299026441958078
0.10245194816201707
0.10245194816201707
0.10367461132651376
0.10357896179682642
0.10383495572426735
0.10383495572426735
0.10383495572426735
0.10524859218539703
0.105213935662128
0.10551319584576943
0.10512177848750397
0.1065060352275211
0.1065060352275211
0.1065835257820414
0.10715029705910065
0.10702571974955791
0.10723229479081534
0.10705400999842096
0.10705400999842096
0.10684209947849582
0.1082693378557317
0.1088202516503386
0.10977466271547909
0.10965240907006629
0.10904132901996721
0.10898076111121917
0.1088257631093971
0.10939851911885884
0.10939851911885884
0.10976072814781021
0.10836464136667044
0.10936916789172363
0.10936916789172363
0.10907171234755805
0.10834444810398498
0.10856667977253118
0.10856667977253118
0.10821546317141892
0.1089370003038615
0.10736924449141984
0.10837230583309954
0.10723779773397797
0.10638636556458583
0.10638636556458583
0.10646507904833233
0.1061290154557955
0.1061290154557955
0.1061290154557955
0.10588888069553132
0.10553280503947382
0.10687628973174375
0.10687628973174375
0.10692326041226052
0.10691026849707372
0.10674069660703045
0.10600989549168335
0.1052319620921666
0.10620680581932909
0.10635176883656412
0.10591674699225476
0.10558873382710626
0.1035344676109949
0.1044317047814283
0.1044317047814283
0.10521172685721242
0.10521172685721242
0.10555933477746376
0.10555933477746376
0.10495916175800894
0.10522467630810378
0.10514316837322134
0.10514316837322134
0.10455019598196955
0.10455019598196955
0.10365226303607025
0.10468343069468812
0.1042195540141976
0.10357294103282656
0.10415148598997317
0.1024737609336456
0.10257156783242506
0.10253711844128648
0.1034297294204391
0.10437575493110844
0.10494559942621312
0.1053434927045624
0.10537958202524064
0.10425749466865578
0.10367506019956559
0.10363201098006106
0.10445537040575464
0.105359316078397
0.10575497511016908
0.10587547855174687
0.10520853835321402
0.10565316995681666
0.10390860541416076
0.104193875097926
0.10494590730832168
0.10443441837224218
0.10443441837224218
0.10429420755603919
0.10345988230081653
0.10300942764113111
0.10388843664402644
0.10442494596001849
0.10367554798066778
0.10453582592580052
0.10503337761950829
0.10460219366609769
0.10460219366609769
0.10429510817933857
0.10433604253190318
0.10433044737925753
0.10477790522292008
0.10477790522292008
0.1054485233942195
0.1054485233942195
0.10591820570761162
0.10441615866368614
0.10441615866368614
0.10418534486141685
0.10418534486141685
0.10502034103934522
0.10544479093372812
0.10509777266094912
0.10498603744539886
0.10504750573251144
0.10553012948850313
0.10500483408388397
0.10497948742624018
0.10525061947314958
0.10534928592037035
0.10412746872638659
0.10317057000045111
0.10296692715854763
0.1025786904296501
0.10411706928470262
0.10392382940700501
0.1036198079151668
0.10359984169959803
0.10465404860872027
0.10557102373326942
0.10439764407796726
0.10688849316313025
0.1069386013234947
0.10776774491424194
0.10807611390167694
0.10813283960584275
0.10793968539402418
0.10793968539402418
0.10793968539402418
0.10710962197884702
0.10662993087856448
0.10778138511974959
0.10744109695013347
0.10671753097535878
0.10553370727937297
0.10667934279962606
0.10638807660991562
0.10607724206987552
0.10629407502009128
0.10711912240320062
0.10711912240320062
0.1064438052181837
0.10635956134311783
0.10682931433801315
0.10733671394665345
0.10739816456125323
0.10778777207451191
0.10615917663068704
0.10615917663068704
0.10544459988204183
0.10537966114004942
0.10653212277849994
0.10615486345740115
0.10602839590948529
0.1062779042589459
0.10660682382903823
0.10740242485734369
0.10740242485734369
0.10741756318564834
0.10666371952179529
0.10753182616639435
0.10648861135136518
0.1057865223748652
0.10693453515082242
0.10763279154522708
0.10852734626650312
0.10756821218718003
0.10768410745619587
0.10779425887653063
0.10792756318241788
0.10913231862340261
0.1084008536567093
0.1085292171583358
0.10856924367828047
0.107604850188571
0.10798708580280861
0.10793419993608662
0.10847659144753174
0.10862632991002215
0.10852530455494253
0.10852530455494253
0.10865034209145802
0.10865034209145802
0.107821276828193
0.10660236444677548
0.10678009952002275
0.1060832405269362
0.10567345587975478
0.10590347870357736
0.10590347870357736
0.10611428769073228
0.1053745107309949
0.10558545755333457
0.10558545755333457
0.1057650090552157
0.10657819073687881
0.10689595147242581
0.10621067424409071
0.10687668902744979
0.10726564176043628
0.10755197261088657
0.10864159498161392
0.10819575839245082
0.10820403622799407
0.10820403622799407
0.10730659467104983
0.10711457376229394
0.10711457376229394
0.10858036748180802
0.10887158444312907
0.10878296289487224
0.10841099424338148
0.10723060754151187
0.10649006549557277
0.10709694897924962
0.10770614646142167
0.10791410073163646
0.10853784013042053
0.10853784013042053
0.10756328543091376
0.10724686944887343
0.10720249723811671
0.10727217724115301
0.10727217724115301
0.10713503976595724
0.10713503976595724
0.10733187180466106
0.10733187180466106
0.10762059910112581
0.10762059910112581
0.10796803431460757
0.10796803431460757
0.10718916633929693
0.10757845784637897
0.10888719057255254
0.10762896291617728
0.10767386691205769
0.10884815348177097
0.1087344825490411
0.10724389140073784
0.10724389140073784
0.10746826015605868
0.10718763424425608
0.10782875433057104
0.10752750817593221
0.10809364743189964
0.10854210099076447
0.10854210099076447
0.1076502848767376
0.10668874611407775
0.10712536399541715
0.10669803132316968
0.10691978793579911
0.10706254714367922
0.10617758187061617
0.10617758187061617
0.10625598976972965
0.10625598976972965
0.10625598976972965
0.10568069585103294
0.10568069585103294
0.10684324192351834
0.10700173753037581
0.10720399483458928
0.10752150382897759
0.10609271473056983
0.10609271473056983
0.1063411288219349
0.10590596167967038
0.10524077222253624
0.10524077222253624
0.10547571817258833
0.10601460280507055
0.10556742558238688
0.10586907006779651
0.10586907006779651
0.10565557950036328
0.10553845500067918
0.10553845500067918
0.10555850654332091
0.1055956025601982
0.10579076595103198
0.10613995939455424
0.10666594216395699
0.10676474064355547
0.1066026676449011
0.10603440580759177
0.10506917754125662
0.1047290012843478
0.10309872281334873
0.10309872281334873
0.10304645962688663
0.10345975863049194
0.10270429973443988
0.10270429973443988
0.10289099189458033
0.10247841794451006
0.10195978378556184
0.10173665726942399
0.1021189017935128
0.10123579225966645
0.10091435819134864
0.10276462187363962
0.1038577519505735
0.1038577519505735
0.1038577519505735
0.10393309538086469
0.10380524761240136
0.1052220150564694
0.1052220150564694
0.1052220150564694
0.10472593599090897
0.10472593599090897
0.10648305545586118
0.1070718476961791
0.10763680305179275
0.10669605329999188
0.10676637775219179
0.1072248850031417
0.10652654930732051
0.10685131890214089
0.10714951137384089
0.10714951137384089
0.10631746074706766
0.1062286901371446
0.10518797730579535
0.10518797730579535
0.10518797730579535
0.10499411997476774
0.10499411997476774
0.10511609300229269
0.10511609300229269
0.10600189209125895
0.10659258491927309
0.10637874690172147
0.1063809138046648
0.10691231923799595
0.10618326777071545
0.10610230113440627
0.10681972698526844
0.10681972698526844
0.10806588181713915
0.10822752914831273
0.10758230850287064
0.10674212168474838
0.10716269439653674
0.10716269439653674
0.10609054888801396
0.10662874775830258
0.10738677915525503
0.1063342086750097
0.10548904773831307
0.10586421098852501
0.10541368284392486
0.10573845242283739
0.1057165267399902
0.10585494503357992
0.10622040150259258
0.10598866172891659
0.1073694386282309
0.1070639875152637
0.10761987698612101
0.10898655115707773
0.10810956705813284
0.10807462495159484
0.10748572503495116
0.10624163594318856
0.10555790121602035
0.1069824481855856
0.10665421235821212
0.10665421235821212
0.10595781694458799
0.10551610082038175
0.10551610082038175
0.10384982042888413
0.10293595139795389
0.10293595139795389
0.10431637519624795
0.10403855875017302
0.10406903460569221
0.1043045347937875
0.1043045347937875
0.10530922461437422
0.10475991350881951
0.10370501340279713
0.10351742620306321
0.10351742620306321
0.10498211098837024
0.10443415473278851
0.10544864975701877
0.10544864975701877
0.10486263569100832
0.10515402844484899
0.10580877783472413
0.10580877783472413
0.10605527064410829
0.10760320908066758
0.10687884667388592
0.10664273139429432
0.10696230164017878
0.10709280188917936
0.10709280188917936
0.10665301010780305
0.10807332622793635
0.10679609204759707
0.10754100334515644
0.1064805543417312
0.10703390354075148
0.10688819365703574
0.10677358386698474
0.10608917669993219
0.10608917669993219
0.10692564055850251
0.10663425770148309
0.10663425770148309
0.10620458350745894
0.10659635349150061
0.10647823568565054
0.10773248484713477
0.10799638374025898
0.10725461257418038
0.1086259200106853
0.10820697113591889
0.10850612059136495
0.10818043109289943
0.10885365844841638
0.10885365844841638
0.10885365844841638
0.1095974866268069
0.10841458316912461
0.10771215991142857
0.10852813310935612
0.10797456054008814
0.10916216722308451
0.11021691369621445
0.11027520474534946
0.10879040181632592
0.10879040181632592
0.10881922929029302
0.11024566203188074
0.1106477006350297
0.11109255929114804
0.1108025847574319
0.11152344837893356
0.11127591700035282
0.11245402743636262
0.11277695766566048
0.11322241231035116
0.11155303597901092
0.11155303597901092
0.1128757048999672
0.11211035592410488
0.11000084343714606
0.11007997102919413
0.11005520707513906
0.1103303332217145
0.11128944438287812
0.11128944438287812
0.11109818565876874
0.11103649986876564
0.11228454541323085
0.11158283341494431
0.11254310644631461
0.11344084092011557
0.11372607182132365
0.11305909971928124
0.11305909971928124
0.11305909971928124
0.11217086859742476
0.11295503602350807
0.1132811657080493
0.11207797979783658
0.11207797979783658
0.11115433597584076
0.11040276507684967
0.11075233476082816
0.10950845227243822
0.10947902778744147
0.1082952995931723
0.10899532083953165
0.10899532083953165
0.1081996739101781
0.1081996739101781
0.10842437463966387
0.10779190393901789
0.10773510593924121
0.10897842142258847
0.11041878219201245
0.11041878219201245
0.11041878219201245
0.1101317403238109
0.11003861119601946
0.10873628533402785
0.10831966200600279
0.1064009670657779
0.1064480591518032
0.10726078120711485
0.10726078120711485
0.10726078120711485
0.10768326328319075
0.10768326328319075
0.10798056106827686
0.10762420439558876
0.10756909628423664
0.10836253638378775
0.10730513537132648
0.10730513537132648
0.10745026817852554
0.10821122031542638
0.10970170009057167
0.10970170009057167
0.11050661396404078
0.11050661396404078
0.11049412628224392
0.109561990783956
0.10947110540554295
0.10947110540554295
0.10949639827072385
0.10987910690811747
0.10973022948288023
0.10880760884106407
0.10792212213541788
0.10803834143055445
0.10803834143055445
0.10783144328030651
0.10630669156302304
0.10630669156302304
0.10643322226324649
0.10634479064835092
0.10634479064835092
0.10634479064835092
0.10609933360868971
0.1063790283425321
0.10700971310934182
0.106145467550178
0.106145467550178
0.10640666627875477
0.10562160220890092
0.10553854936490277
0.10558180107551256
0.10484101849794064
0.10506767500930116
0.10506767500930116
0.10575829612833312
0.10589264606304545
0.10519035043018807
0.10418659782449086
0.10433305112188897
0.10534496271304292
0.1055536128947935
0.10521080151825984
0.10566868391050646
0.10553390031703143
0.10599109673476592
0.1068467230876745
0.10755217133148356
0.10751308409246864
0.10715597625466468
0.10619213441011809
0.10696865589602816
0.10780922101951108
0.1083989651050857
0.10845573593849434
0.10777012054509627
0.10849945685639184
0.1089761113976699
0.10886955857704374
0.10821863807864963
0.10691622782429382
0.1060481108484508
0.10542839082963715
0.1071559064866926
0.10771710325483304
0.10872270793778131
0.10872270793778131
0.10813944535514601
0.10841505748542687
0.10841505748542687
0.10773321688035671
0.10888672761390736
0.10931421992513449
0.10931421992513449
0.10994186338817051
0.10913860357411476
0.10913860357411476
0.10815654529860218
0.10888206834781075
0.10888410445704767
0.10789580647621362
0.10838269178242328
0.10838269178242328
0.10770275853772118
0.10762037485542574
0.10769397068079951
0.10777796132105388
0.10832428466980505
0.10832428466980505
0.1084178079566243
0.10819543390549483
0.10882564810976038
0.10892177768126696
0.10838103281968461
0.10962280408852951
0.10962280408852951
0.10942673381571072
0.10942673381571072
0.11091068620121554
0.11021995523195682
0.11021995523195682
0.1106745320289937
0.11105806323095607
0.1102089294066042
0.10977526229919506
0.10977526229919506
0.10842031884863343
0.10849558719802146
0.10849558719802146
0.10796127608923757
0.10698894894414736
0.10698894894414736
0.10705305085391231
0.10673034452656645
0.10705780780627128
0.10867344063358979
0.10867344063358979
0.10790997794399151
0.10878483454328214
0.10878483454328214
0.10887962599268299
0.10887962599268299
0.1089191119601401
0.1082419466063286
0.10880360549507698
0.10954907695523342
0.1094103860054866
0.10931307113890437
0.10859301066366249
0.10810092495356609
0.10764640704022438
0.10783564227842417
0.10756385654048971
0.10843016753338039
0.1079244055694853
0.1079244055694853
0.10750007954878651
0.1070758273307758
0.10782379714388478
0.1076995339651889
0.1076995339651889
0.10801897950053507
0.10766084967082426
0.10766084967082426
0.10831204471176302
0.10831204471176302
0.10909004490226462
0.10899065218027543
0.1087312551124876
0.1085994331484026
0.10811994722158863
0.10673845823323705
0.10657716888465492
0.10657716888465492
0.10731777563066634
0.10768005237020324
0.10726548935623509
0.10665239794394625
0.10644575382918459
0.1054510872279679
0.10632439771928098
0.1066195744078318
0.107278827651125
0.10722486778468736
0.10754584622882861
0.10742895386369088
0.10742895386369088
0.10712151682551284
0.10632800159637608
0.10665232956145061
0.10764053838766258
0.10716612851480377
0.10693143976209837
0.10675957390019226
0.10567413135483222
0.10567413135483222
0.10448511339834934
0.10455643433270216
0.10583417945316108
0.10600718086260648
0.10648870277679877
0.10541812584756745
0.1055223163251599
0.10660733228427592
0.10676643187356567
0.1080778739314855
0.1071737889686777
0.10714434701835597
0.10714434701835597
0.10822009997391997
0.10825450343330759
0.10744882235208363
0.10723506115656006
0.10668429903069766
0.10598778556748856
0.10567987361064549
0.10567987361064549
0.10542312540329488
0.10542312540329488
0.10542467599375202
0.10658192177445949
0.10658192177445949
0.10668920559416464
0.10633695954059576
0.10526559086367146
0.10526559086367146
0.10489604847841971
0.10463832659742651
0.10423018494319676
0.10446821122747435
0.10541454649795651
0.10500762868665076
0.10542350692016329
0.10614483406945403
0.10546622130135978
0.10527094672258043
0.10472869068167588
0.10498114880563574
0.10384190937147376
0.10367653180388306
0.10444211013911654
0.10384918362628776
0.10418779891892134
0.10401141376955063
0.10583719095188962
0.1049061460072401
0.1046570497579658
0.10451533043443996
0.10467443390324647
0.10414067023395546
0.10470161580415868
0.10523280173792454
0.10560601479709852
0.10559142597104541
0.10559142597104541
0.1065874089219722
0.10554083609440684
0.10643294840820172
0.10683148934028261
0.10707994387604126
0.1072812114101773
0.10740684615040014
0.10721548874021755
0.10745274326531312
0.10785418093866231
0.11020802390079205
0.11020802390079205
0.11020802390079205
0.11031785158847897
0.11015394823151797
0.11076535103725711
0.11076535103725711
0.1102928740700058
0.11031819827769566
0.10983403438173103
0.10983403438173103
0.10983403438173103
0.10896951845977612
0.10795829589489753
0.10827042142109729
0.10782753791405943
0.10782753791405943
0.10705291682859369
0.10643845356168465
0.1066782428061787
0.1071441264437931
0.10708060883137716
0.1059705006349365
0.10669955647737561
0.10669955647737561
0.10710593547363094
0.1084261477771553
0.1084261477771553
0.10793651044846303
0.10763774536313736
0.10697852650419734
0.10609299116061505
0.10534656255864763
0.10611650282020485
0.10611650282020485
0.10547072326093379
0.10587148917023091
0.10574811387823632
0.10641445217901759
0.10641445217901759
0.10641445217901759
0.10708235839281939
0.10696452474608929
0.10696452474608929
0.10696452474608929
0.10749807271435496
0.10740544841276461
0.10733866010535496
0.10725048653974274
0.10663743524182749
0.10710702160996487
0.1071718989269269
0.10680395241082422
0.10680395241082422
0.10680395241082422
0.10680395241082422
0.10621116970588072
0.10626375541447698
0.10626162459785783
0.1067621350306242
0.10625258810767718
0.10625258810767718
0.10622239282612281
0.10506800396734083
0.10526705628184518
0.10551400614425176
0.10564128461315657
0.10601882176563354
0.10633778299441883
0.10633778299441883
0.10633778299441883
0.10619834792735236
0.10619716962450285
0.10639505411281307
0.10536612452096265
0.10518847962594009
0.105690474265649
0.10509862439038287
0.10478460272586342
0.1045729682094748
0.10449506493040887
0.1039624692723949
0.10392724066977685
0.10374742607836
0.10410461042604652
0.10427023151009798
0.10463247841718515
0.10356689259761567
0.10483324314849081
0.1046475593346638
0.10314933769924892
0.10314933769924892
0.10360521871008768
0.10400915232768537
0.10410909409595501
0.10460733858220587
0.10428397551366819
0.10396669422832547
0.10361618656931643
0.10489869599283005
0.10444070381882205
0.10340562708677753
0.1030729653635953
0.10323122235178954
0.10378702304043318
0.10378702304043318
0.10393202018742978
0.1035678287517705
0.10335570970719304
0.10457563360768976
0.10453305454079455
0.10453305454079455
0.10347077493332932
0.10318021394691419
0.10318021394691419
0.10363469124473668
0.10329361839468042
0.10307354736642317
0.10307354736642317
0.10228959105269185
0.10228959105269185
0.10342963385906208
0.1040698085722287
0.10411628504508318
0.10411628504508318
0.10492807094179193
0.10431789120482757
0.10499465815955619
0.10499465815955619
0.10492619532188047
0.10426379658220121
0.10482090892975031
0.10482090892975031
0.10482090892975031
0.10517520292592888
0.10468895858013322
0.10412011396288229
0.10412011396288229
0.103940874448693
0.102650079211291
0.102650079211291
0.10355400227626138
0.1048722698215291
0.1048722698215291
0.10460497770284324
0.10460497770284324
0.10321819017202503
0.10321819017202503
0.10321819017202503
0.1028712195456889
0.10301380266478481
0.10301380266478481
0.10302954366134032
0.10432251167470206
0.1047533834857966
0.10579635440533956
0.10579635440533956
0.10498902284622819
0.10498902284622819
0.10498902284622819
0.10369684032230873
0.10369684032230873
0.10283919970123954
0.10204248792224604
0.10244211660954743
0.10410177283450026
0.10410177283450026
0.10414333003763954
0.10414333003763954
0.1054135477937616
0.1054135477937616
0.10437651470396758
0.10407345714720066
0.10495019690938158
0.10584428698506211
0.10641490029837546
0.10664268859196684
0.10852439147856159
0.10852439147856159
0.10805697645201355
0.10736636763024963
0.10751573173767169
0.10751573173767169
0.10770500091590159
0.10769246619511999
0.10769246619511999
0.10719957443354572
0.10824565665347233
0.10893570504477218
0.10801507271059216
0.10717536388013385
0.10764778203926154
0.10764778203926154
0.10698770020432782
0.10698770020432782
0.10588970401557286
0.10642117061352395
0.10632308100968811
0.10621303347672502
0.10535340658033798
0.10536315166347059
0.10646738233766813
0.10612971892545085
0.105754356095357
0.10449296793950767
0.10426168048037636
0.10426168048037636
0.10379019708770174
0.10379019708770174
0.1047314962029365
0.10488695506852941
0.10423606319786131
0.10427693947206003
0.1037289615582017
0.10480522854672249
0.10480522854672249
0.10646077041652785
0.10646077041652785
0.10598003096328096
0.10562422668962088
0.10478958160188719
0.10511392530741992
0.10489099942653138
0.10398137203843258
0.10375167439887713
0.1036481838031462
0.10325266557192359
0.10294565839994475
0.10399520595405981
0.10404909440806888
0.10323442525197127
0.10304810764818279
0.10304810764818279
0.1026581965986091
0.1022676480629681
0.10258865352319217
0.10258865352319217
0.1036875792458799
0.10357197658918595
0.10353262380569951
0.10370808634003734
0.10416426418321215
0.10342330788699175
0.10342330788699175
0.10314489587567899
0.10314651059716541
0.10317692262198364
0.10350396030386508
0.10322194650957112
0.1023823266480684
0.1023823266480684
0.10265957925627306
0.10265957925627306
0.10209515012862691
0.10209515012862691
0.10209515012862691
0.10209515012862691
0.10201306988801745
0.10201306988801745
0.10201306988801745
0.10134337007233596
0.10061146416969796
0.10061146416969796
0.10061146416969796
0.10061146416969796
0.10084726003740216
0.10137005367210446
0.10243581046174413
0.10354906804309173
0.10353437021445067
0.10399160627437484
0.10344578858460425
0.10354320177653635
0.10398627790915094
0.10437142407513948
0.10385899000843883
0.10343623507579745
0.10343623507579745
0.10294504483296912
0.10320791336275409
0.1040606701274223
0.10431190357395598
0.10450955693321896
0.10322900943735518
0.10322900943735518
0.10322900943735518
0.10306246249540604
0.10395615846408468
0.10336956785466309
0.10334403087666406
0.10376263047071611
0.10332862880492844
0.1034218264456465
0.10264643581419866
0.10372605379612332
0.10372605379612332
0.10386851188160418
0.10238124279068377
0.10145187642590535
0.10109823540124237
0.10067091554324
0.10114381795273625
0.10114381795273625
0.10114381795273625
0.10164628820188001
0.10164628820188001
0.10264072174478826
0.10323800084010983
0.10395984302353915
0.10344461754026002
0.10382809240270355
0.10382809240270355
0.10382809240270355
0.10399569765152841
0.10242157621546333
0.10242157621546333
0.10203137718583986
0.10235513216604467
0.10201666192907166
0.102573882780344
0.10314966885523055
0.10326257516960131
0.10268548493001595
0.10459173277793274
0.1047771414856439
0.10551934702445476
0.10519580447440906
0.10573601043336732
0.10573601043336732
0.10573601043336732
0.10587070458462171
0.10642389874696362
0.10581724791081724
0.10445557543122012
0.10445557543122012
0.10428338426333549
0.10440233048520227
0.10440233048520227
0.10440233048520227
0.10371002926065459
0.1034622293989813
0.10376985621991246
0.10376985621991246
0.10357150389064144
0.10274742129031589
0.10369502454646908
0.10422357618384834
0.10493170904989622
0.10411440439036647
0.10380887422896029
0.10378078213152313
0.10378078213152313
0.10302877211595447
0.10352008379596601
0.10292138583077336
0.10324710579016783
0.10391513122688198
0.10391513122688198
0.10316644333025646
0.10316644333025646
0.10442925087656395
0.10402030042145366
0.10454966565346108
0.10305254372925304
0.10269723021633327
0.10374829205591139
0.10374829205591139
0.10374829205591139
0.10351039564186819
0.10270223816631543
0.10270223816631543
0.10282086006094056
0.10273599385332852
0.10310358597131584
0.10360796584673045
0.10360796584673045
0.10232649233820112
0.10202468826421308
0.10202468826421308
0.1020452810830483
0.1020452810830483
0.10212368220034522
0.1020653603641114
0.10282645729373208
0.10334790852980433
0.10265517340053078
0.10265517340053078
0.10269940660801909
0.102023825867792
0.10049530168296537
0.10178373845180737
0.1009087518472181
0.10062471690100828
0.101231566988551
0.10185362704435716
0.10138892128526732
0.10130953659267762
0.10130953659267762
0.10130953659267762
0.101383420865913
0.10310733516142784
0.10286366469854558
0.10286366469854558
0.10387773531316416
0.1048026609794147
0.1048026609794147
0.10514100435720339
0.10407244824635302
0.10325240385492876
0.10424198755784675
0.10424198755784675
0.10339366651416387
0.10359422994201661
0.10359422994201661
0.10376683495164046
0.10376683495164046
0.10313732716730464
0.10451835025200071
0.10451835025200071
0.10469768657156735
0.1054521118289304
0.1054521118289304
0.10510176406970238
0.10360324192762368
0.10360324192762368
0.10408424730733001
0.1034800802719985
0.10319904848627556
0.10249034504411061
0.10424761716667923
0.10358293597195488
0.10285658676562591
0.10383650757616363
0.10395780736577631
0.10482528961650926
0.10391028725759258
0.1041299730351349
0.1043832404751736
0.10444181034597377
0.10624907421236475
0.10571665398614392
0.10436309185241716
0.10472255112637208
0.10365991217911673
0.10365991217911673
0.10381201450981402
0.10416525353492297
0.10303095580920936
0.10309621726572311
0.10309621726572311
0.10320760544364595
0.10344281928022206
0.10315788542568527
0.10293172663945085
0.10348744318387942
0.10480823166978172
0.10606708733129717
0.10501751131522549
0.10433697886311435
0.10639615794689751
0.10634999674321553
0.10634999674321553
0.10634999674321553
0.10610681426048148
0.1052134798388141
0.10448852590692254
0.10426824181465769
0.1056692834414803
0.1056692834414803
0.1061774521164631
0.1056283191904022
0.10316019232121515
0.10385002325744497
0.10231506965581681
0.10137609999965318
0.10096248163015048
0.1008524477386891
0.1008524477386891
0.1019862763315474
0.10179685997046095
0.102347726371596
0.10227153431299506
0.1017697598051902
0.10269082675812284
0.10269082675812284
0.10173148966415833
0.10173148966415833
0.10180089533834356
0.10214627857782843
0.1028374027529559
0.10261629305645657
0.10263158432829579
0.10302814723076148
0.1024977465211036
0.10223930237245638
0.1019230153997394
0.10164098237392852
0.1016904834184481
0.10034177817498194
0.10083037680887273
0.10175958386024217
0.10175958386024217
0.1017810429149833
0.1017371942719339
0.10054098503231888
0.10118154269093325
0.10162173837839795
0.10170972808757019
0.10162227611112745
0.10183109291124118
0.10252965842130927
0.10319766275604988
0.10292595614847368
0.10190563103233494
0.10252986949980657
0.1016661805831528
0.10075247415049828
0.10302276276226913
0.10345760025228694
0.10345760025228694
0.10148198896230748
0.10178931777129624
0.10181851896593219
0.10140906590441257
0.10136221775994511
0.10136221775994511
0.10136221775994511
0.10058048919136571
0.10016673493171975
0.10070848819739414
0.10070848819739414
0.1018239005126884
0.10142035303022812
0.10142035303022812
0.1011687611577849
0.10140309442083653
0.10140309442083653
0.10135910943460158
0.10230546326625996
0.10245502584551265
0.10162625536592543
0.10203288970158765
0.1025273702707167
0.10210002021050635
0.10057071806635656
0.1004818829350333
0.10130702072334634
0.10142777117370673
0.10178829734298511
0.10178829734298511
0.10154254142113185
0.10154254142113185
0.10227704192756136
0.10236231609482623
0.1025968224510159
0.10234265484067866
0.10234265484067866
0.1038141109211462
0.10312201913994133
0.10312201913994133
0.10312201913994133
0.10305020233311675
0.10172371497623187
0.10141179403449554
0.10234344608464789
0.10317671189303675
0.10425903818491081
0.10290697889789457
0.10330992257480867
0.10330992257480867
0.1029167690189454
0.1019537732904809
0.1019537732904809
0.10229981093063124
0.10169840791231809
0.10119321946555677
0.10013410139607942
0.10026389511579648
0.10143567680546044
0.10153302259110843
0.10153302259110843
0.10153302259110843
0.10153302259110843
0.10099064623751673
0.10221168742432644
0.10341561004389589
0.10310215086923576
0.10287775743948756
0.10340703467798572
0.10360416996279331
0.10382817278768965
0.10443052917044167
0.10397098925497103
0.10516272178512913
0.10493317873128254
0.10556553121868198
0.10647140840851316
0.10626990868767082
0.10626990868767082
0.10556964102809406
0.10556964102809406
0.10624458906887226
0.10624458906887226
0.10594610883546351
0.10644645918181271
0.10591640040791489
0.10591640040791489
0.10647796320335719
0.10516762727134817
0.10478875266927652
0.10478875266927652
0.10429065836609963
0.10429065836609963
0.10341512432595222
0.1031603664467474
0.10270829990350412
0.10271824933166901
0.10439460572104442
0.10451764892092638
0.1047399015596219
0.10355952636306226
0.10355952636306226
0.10411831885609998
0.10411831885609998
0.10280435848506994
0.10283447146111309
0.10329495953658528
0.10374994993297243
0.10391859782128376
0.10411727688023677
0.10618158928488636
0.10616112480378767
0.10538830628921428
0.10567186970242642
0.10567186970242642
0.10461993794196939
0.1047304803652464
0.10452279169163775
0.103733796159198
0.103733796159198
0.103733796159198
0.1036731593526983
0.10223563248845514
0.10223563248845514
0.10238703705450798
0.10290162067929386
0.10225076140233866
0.10187910081652492
0.10166515311250911
0.10081809256898454
0.10035607279352815
0.10057484415974016
0.10145199924469897
0.10145199924469897
0.10088225445069504
0.10163546518218172
0.10310248297119272
0.10406218841461795
0.10411683854330343
0.10411683854330343
0.10370499858203412
0.10389103975750641
0.10354824527581757
0.10354824527581757
0.10199835841852298
0.10199835841852298
0.10152227020851522
0.10122644245880824
0.10123595245221775
0.10101507937102105
0.10101507937102105
0.1006215419071277
0.1006215419071277
0.1017891762697068
0.10196849543302945
0.10186198787923814
0.10176063644308399
0.1021778309752021
0.10227459001914746
0.10297492936075148
0.1030505462930073
0.10129869859594903
0.10078050544681032
0.10063282964036373
0.09967674291204676
0.09967639088343372
0.09967639088343372
0.10022555980875177
0.10010236383717448
0.10010236383717448
0.10010236383717448
0.10021576254055596
0.09990350438074236
0.09990350438074236
0.09925118143170567
0.10120297128564258
0.10169297005063005
0.10162052336075261
0.10123366808918859
0.10150911679969722
0.10064781420124615
0.10051660299574089
0.09994044418273754
0.10050922994632014
0.0996102458238532
0.09882782456408822
0.09928032609167288
0.1004064350793415
0.10148673824471159
0.10305773844894725
0.10383057853584954
0.10383057853584954
0.10269332102817703
0.10147551257472893
0.10066311596894204
0.10109224117034571
0.10109224117034571
0.1001855184862806
0.10184891091555391
0.10073488375956494
0.10110286306549944
0.10181977651436083
0.10100207778128172
0.10178057578504345
0.1026011495093438
0.10267380240449309
0.10259200410549368
0.10251126751736277
0.10298423258461264
0.10212564993617224
0.10281712911863278
0.10150840179784297
0.10179583437462841
0.10182105121127538
0.10269225160612108
0.10338438182437075
0.10315387176550318
0.10265351818733824
0.10362483988030853
0.10420738659746703
0.10343986447158868
0.10312905895285207
0.10192183145383048
0.10235311379867268
0.10235311379867268
0.10311115946896032
0.10345968749108579
0.10326817231534459
0.10326817231534459
0.10413572117638249
0.10487002088590307
0.10525834612907284
0.10439369815932614
0.102872746316727
0.10217275959135717
0.10248655973735774
0.10205294304681495
0.1016408274490081
0.10222967111397001
0.10202033604734584
0.10180141250246948
0.10205854410619035
0.10165095894095813
0.10229039429678911
0.10261724169545082
0.10287510110412233
0.10277585286299191
0.10300140090484596
0.10284570304139792
0.10281809606092032
0.10281005393256594
0.1039957911862089
0.10317362728655591
0.10355641917817937
0.10340821529942752
0.10288340597884162
0.10288340597884162
0.10302870295768861
0.10359991670359003
0.10250509712949173
0.10250509712949173
0.10319231603298848
0.1023053088911695
0.1024063282199112
0.10243746685671422
0.10221373437836313
0.10337667408598736
0.1034727498927571
0.10334607941472145
0.10385225028791255
0.10356573932683373
0.10496337216524712
0.10456906126309845
0.1037629983973572
0.10505935382839196
0.10555421872592037
0.10555421872592037
0.10555421872592037
0.10507705039410195
0.10507705039410195
0.10507705039410195
0.10507705039410195
0.1056657299634219
0.10520831610210082
0.1051859040868085
0.10516369766729447
0.10605611253925824
0.10619624401532901
0.10457552144932943
0.10431234035481476
0.10431234035481476
0.10459697500386989
0.10529101777164052
0.10519592985352845
0.10450262392174973
0.10392485452758768
0.10456409389794517
0.10456409389794517
0.10517202492365303
0.10413760887923663
0.10413760887923663
0.1030193168438218
0.10225373485463778
0.10231829315784759
0.10275144754476032
0.10294345550227225
0.10332725726509227
0.10370886760963591
0.1024135538289859
0.1024135538289859
0.10322470944409326
0.10432332968127453
0.10432332968127453
0.10431289136067567
0.10412382456163986
0.1039152278390818
0.10334554162834056
0.10368869435848417
0.10297369535782101
0.10227164730835743
0.10254497940723611
0.1022840221930012
0.10261197067013593
0.10313678005482353
0.10335178795424317
0.1042255462221818
0.10388579642568763
0.10398566933382455
0.10379926276547295
0.10502768995689442
0.10607623719719601
0.10607623719719601
0.10607623719719601
0.10595083935048298
0.10536091158808465
0.10536091158808465
0.10558891685587751
0.10499528008410178
0.10499528008410178
0.10429121017433624
0.10429121017433624
0.10429121017433624
0.10347321624683539
0.10184241847616947
0.10184241847616947
0.10097270414266817
0.10085336465022163
0.10085336465022163
0.1008528091253779
0.1008528091253779
0.1012978782428686
0.1012978782428686
0.10115192007975753
0.09984911612611319
0.10035628777957549
0.09872157551694077
0.09931217945306132
0.09876504329421204
0.09926361463640884
0.09926361463640884
0.09948419526579252
0.10008705547772377
0.10008705547772377
0.09992282706052763
0.09940761374190493
0.09997804923417368
0.09964551614622684
0.10055734696407354
0.1005011981125276
0.10059647307217587
0.10069758286398824
0.10104105881989958
0.10127020728567743
0.1008620735842234
0.10165152529970205
0.10243126657213211
0.10392443950446086
0.1039458320832769
0.1039458320832769
0.10225212859388004
0.10277936935554983
0.10355603101947898
0.10355603101947898
0.1032683387567599
0.10334269237367659
0.10334269237367659
0.10334269237367659
0.10334269237367659
0.10308416063560089
0.10256177535666662
0.1027706085253591
0.10276974375621022
0.10286638384405238
0.10286638384405238
0.10293429344236674
0.10261941830509588
0.10271651875800111
0.10314578036939044
0.10281574804082394
0.10260436278683666
0.10260436278683666
0.10368621439273798
0.10312933411449524
0.10168098034067373
0.10168098034067373
0.10152617263748316
0.1007422636763227
0.10137572566647317
0.1006123807905694
0.1015005064114671
0.1015005064114671
0.10213370657227966
0.10205439529327719
0.10174770228448035
0.10174770228448035
0.10278208970316809
0.10262480149301655
0.10338962709165211
0.10357379502390249
0.10331056562916723
0.10374827561354996
0.10371417499283059
0.10261161035192963
0.10274318373133041
0.10274318373133041
0.10254669269902457
0.10190907900306569
0.10168896878527789
0.10189142200205785
0.10189142200205785
0.10177325615192082
0.10034952746443405
0.10034952746443405
0.0998192895339554
0.0998192895339554
0.0998192895339554
0.10068495670645168
0.10118123734782568
0.10157554615443018
0.10242542252740147
0.10156434162405537
0.1013835620547376
0.10113081792975877
0.10074528420782068
0.1003422575097785
0.09997985968160965
0.10020999446668619
0.10036554980309528
0.1002354168707852
0.1001126763852767
0.1009515658705033
0.10134088926753419
0.1016330455390345
0.10220276590067813
0.10224420848955253
0.1019252301902737
0.10261568989983437
0.10393254652945436
0.10382009190424253
0.10380222974741078
0.10380222974741078
0.1051178507839205
0.10572115238773822
0.10511273487091555
0.10437199224998306
0.10397601178941579
0.10385255852248478
0.1037594121695217
0.10424361939365816
0.10415800674019594
0.10563977292752896
0.1050965778006522
0.10454171001271075
0.10409009262340102
0.1036798124952786
0.10494990922484113
0.10479479042730153
0.10479479042730153
0.10359824257081428
0.1038890415927318
0.10462949405058351
0.1054872864658886
0.1054872864658886
0.10434902075303475
0.10454848151734514
0.10473754056594664
0.10538221940418005
0.10641712420145523
0.10687014805595359
0.10662731680529108
0.10685047413396745
0.10723601951741846
0.10742261246892308
0.10749967210504584
0.10749967210504584
0.10774387276842522
0.10855382213527975
0.10855382213527975
0.10872965200147865
0.10799459607765745
0.1080530853780988
0.1080530853780988
0.1081303803729551
0.10937277772764198
0.1089465597770473
0.1089465597770473
0.10933298172836906
0.10927624693312708
0.10879134320878242
0.10898320906900669
0.10898320906900669
0.10832409247385452
0.10832409247385452
0.10846664501835666
0.10832925171553805
0.10828352597218432
0.10752373169973614
0.10717101183939827
0.10747010127820886
0.10747010127820886
0.1070590561409368
0.10836277789201958
0.10823700465760738
0.10833801070966952
0.10791594012350651
0.10804240736819098
0.10770541987756711
0.10711928830560027
0.10711928830560027
0.10836765281804887
0.10759601131955461
0.10681306078289983
0.10682554161335397
0.10792550722409203
0.10792550722409203
0.10729510516298706
0.10712403687556661
0.10789912426404004
0.10711639685211606
0.10783546218129676
0.10681450298044882
0.1077243405398147
0.10840578451835867
0.1086542708607654
0.10745233695275894
0.1088196305934005
0.10891391784161944
0.10891391784161944
0.10844975335298185
0.10844975335298185
0.10808476934363044
0.1078981865579159
0.1078981865579159
0.10791530097530443
0.1068987199630928
0.10596748481367625
0.10634255768987333
0.10585177577067308
0.10585177577067308
0.10500145964291882
0.10637596366142302
0.10610254283240249
0.10610254283240249
0.10604254474445732
0.10437172590113354
0.10471710116545674
0.10429098753364671
0.10416621407109779
0.10378569969152082
0.10327545797410002
0.10220109654163151
0.10159846613320948
0.10159846613320948
0.10189581239493871
0.10201794600288301
0.10201794600288301
0.10201794600288301
0.10201794600288301
0.10198930083915385
0.10246064215379908
0.10355672998863745
0.10327381707311478
0.10416135310343644
0.10364741621912987
0.10406958410099221
0.10380290596689586
0.1030353823950788
0.10256381158859143
0.1031639348459675
0.102729619896597
0.102729619896597
0.10216098162568643
0.10216098162568643
0.10204469439307659
0.10204469439307659
0.1023162440921859
0.10207520257581032
0.1013593088308297
0.10078999665341104
0.10035928255646961
0.10035928255646961
0.09984864505119063
0.09933395740179485
0.09933395740179485
0.09953750793914017
0.09917658637715579
0.09917658637715579
0.0968663595641619
0.09641151452583767
0.09632261186847828
0.0963921680194157
0.09629874867505522
0.095743316621539
0.09612092505978742
0.0963531849353257
0.09622770204408392
0.09622770204408392
0.09622770204408392
0.09638931622023651
0.09567603038218242
0.09567869802241376
0.09531455108729413
0.09697460929506888
0.09786588627907127
0.09739141238777572
0.09703902054374909
0.09703902054374909
0.09887909390029906
0.09822754965489258
0.09877236211058846
0.10128946645181622
0.10128946645181622
0.10070789494039745
0.10070789494039745
0.10074157964217988
0.1009686206522496
0.1009686206522496
0.10137293343846965
0.10180654580701518
0.10214115954771903
0.10190846327937424
0.10208248042131098
0.10179084477104586
0.10226246053721798
0.10226246053721798
0.10226246053721798
0.10214815211678666
0.10180810513502424
0.10115691943753599
0.10255032039346881
0.10183601817790267
0.10275565456067162
0.1027701798317868
0.10211603312496803
0.10273963066555301
0.10273963066555301
0.10252074496238535
0.10260964182544541
0.10263919309828758
0.10263919309828758
0.10404166870617455
0.10375948366988642
0.10441920980286361
0.10390589742342755
0.10434253996781243
0.1043973994688347
0.10452462680017267
0.10452462680017267
0.10553101257993922
0.10554985209928597
0.10557545963091308
0.10546924592362066
0.10531416377606378
0.10662050423170773
0.10662050423170773
0.10662050423170773
0.10662050423170773
0.10733946147498123
0.10733946147498123
0.1060715754428502
0.10520427770931402
0.10457399172779883
0.10360296648325008
0.10371549356880143
0.1043332733036862
0.1043332733036862
0.1043332733036862
0.10463274647093013
0.10463274647093013
0.10463274647093013
0.10467133991346578
0.10467133991346578
0.10348026184286657
0.10285450499903126
0.10457750418132905
0.10457750418132905
0.10345274203897635
0.10277048951707451
0.10332189479039719
0.10219984450891034
0.10200894406021975
0.10331842084761633
0.10331842084761633
0.10438886403220984
0.10438886403220984
0.10433478046469698
0.10450290174042849
0.10488082234684377
0.10508775077939495
0.10459889426345424
0.10491469635267575
0.10365195973153796
0.10466910205241951
0.10456266970236636
0.10456266970236636
0.10471560694717157
0.1040749498907955
0.10404167234447771
0.10407845987822853
0.10371737986829085
0.10371737986829085
0.10398606901050199
0.10301109475018866
0.10301109475018866
0.10301109475018866
0.10410669522343238
0.10341961573157056
0.10368861367912587
0.10423520716626826
0.1036495802370168
0.10281502559412338
0.10269816901838466
0.10340200698589627
0.10401447855538154
0.1045316664069995
0.10445837302620126
0.10514766948870231
0.10557211094551944
0.10639576739475513
0.105347540464532
0.10455286119804619
0.1043043840589483
0.1043043840589483
0.1043043840589483
0.10435142336971878
0.10446361418984351
0.10343936897476864
0.10374092532523436
0.10278250034222791
0.10309071287378652
0.10384600091865996
0.10374346055089331
0.10474063039237994
0.10515388849845182
0.10483422562417813
0.1059185729495945
0.10622848833940966
0.10665713775777684
0.10748528183262503
0.10666728040552172
0.10656078396108887
0.1060488925323659
0.10544209401398598
0.10514829990009268
0.10514829990009268
0.10580654261020214
0.10454518714476439
0.10382276789621622
0.1025032482538133
0.10173956807619465
0.1028256122087187
0.10285393204794889
0.10278359299990622
0.10375376833381786
0.10351708010553544
0.10351708010553544
0.10213850476307772
0.101891340116189
0.10155680050215483
0.10128003107220479
0.10138313923417583
0.10045209790089794
0.10029252674200656
0.10089488145371951
0.10053249192474435
0.10021409365486418
0.1001424793820637
0.09916665819346991
0.09969773595882452
0.099113287036774
0.09924573800865204
0.09907778187160417
0.09882329955706569
0.09835614872584054
0.09835614872584054
0.10009842400733342
0.10005516575865155
0.10044282747303483
0.10086835992538756
0.10072117870216886
0.10123280718982067
0.10259253415194668
0.10494318553122768
0.10503692347716993
0.1035568956028594
0.10354402436298922
0.10330766070927552
0.10324664221310415
0.10261191898600709
0.1024907303786724
0.10195179933447861
0.10286102902253885
0.10304524511139362
0.10337264578446712
0.10337264578446712
0.10427325041269082
0.10484418909096163
0.10484418909096163
0.10428065184091584
0.10477655109617744
0.1045658350652423
0.10360077366682299
0.10291415097502761
0.10291415097502761
0.10386105714332466
0.10307792777241094
0.10293522835664258
0.10293522835664258
0.10296300292066868
0.10296300292066868
0.10404816845111439
0.10404816845111439
0.10489677661008763
0.10541381012562433
0.10423074399925135
0.10408163673625513
0.10408163673625513
0.10375219522405763
0.10280680329553471
0.1019584020398795
0.10195709411114212
0.10166781397540176
0.10289954772516709
0.10211159398256742
0.10138506005722345
0.10156447377471209
0.10156447377471209
0.10190344742568132
0.10188062552074088
0.10044770453161783
0.10106382306552723
0.10106382306552723
0.10034768633348597
0.0994379414646478
0.0994379414646478
0.10003890682237006
0.10003890682237006
0.10003890682237006
0.09916338888025213
0.09907534433941767
0.09913104323840623
0.09883082811125513
0.09883082811125513
0.09778645157431771
0.09778645157431771
0.09694156221921732
0.09819863871692455
0.09919477494910811
0.0991486335690552
0.09837661070487494
0.09809287244764395
0.09931902047705242
0.09931902047705242
0.10021195865399213
0.09980833308396334
0.09972984288839179
0.10084990167375708
0.10084990167375708
0.10093130098994693
0.1014426827135463
0.10294785095269664
0.10288228809846399
0.10232260647462493
0.10186291470001678
0.10241182673477059
0.1021445517189199
0.10285937678612839
0.10346696528677658
0.10338897655754951
0.10310056843903176
0.10205097663009906
0.10188696238086214
0.10188696238086214
0.10201313632505839
0.10209804545836781
0.10183163925219174
0.10194713911039756
0.10246238514858183
0.10206489224424775
0.10206489224424775
0.10302262006017421
0.10370567274894496
0.10394918541048723
0.10322745893031159
0.10333916556046499
0.1027753483779314
0.1027753483779314
0.10351908796224686
0.10375397080982263
0.10375397080982263
0.10382754835835639
0.10334395385163331
0.10233641857550432
0.10233641857550432
0.10257660403728232
0.10308219551142306
0.10243257541834057
0.10243257541834057
0.10243257541834057
0.10243257541834057
0.10243257541834057
0.10214368397407857
0.10223249308452609
0.10315480375289465
0.10293586272531213
0.10214091192229725
0.10189934148306563
0.10211564999965644
0.10141895419612926
0.10231386804748968
0.10231386804748968
0.10229848219651277
0.10191470178022435
0.10198670182265976
0.10198242295867645
0.10155057451181973
0.10185605837494388
0.10185605837494388
0.10317747587809287
0.10232371428235792
0.10132675127777843
0.10132675127777843
0.10046431978909857
0.10050921709199467
0.10106850653778326
0.10134444475419284
0.10100257112571093
0.1012295844865222
0.10097534931061493
0.10044984654168453
0.1007617518199877
0.10076509674382658
0.10076509674382658
0.10150949744965991
0.10150949744965991
0.10129904357067777
0.1012697128445693
0.1012697128445693
0.10185481589668856
0.10242811428324246
0.10132901582263143
0.1017385069817272
0.10206616737052437
0.1018820080375959
0.1023940820044479
0.10312174000701863
0.10177229052438505
0.10171063829690374
0.10199056674121962
0.10199056674121962
0.10199056674121962
0.10251510134867103
0.1020826258173783
0.1020826258173783
0.10208385239659093
0.10227575228344868
0.10266408492445676
0.10200837497208523
0.1020488538263488
0.1014592893099756
0.10227556360023154
0.10066337472851274
0.1020023480535386
0.10204194175681318
0.10204194175681318
0.10104955946366197
0.10120900894002353
0.10078932913680949
0.09966634447849608
0.09966634447849608
0.09966634447849608
0.09966634447849608
0.09966634447849608
0.10072482117473769
0.10007118197347017
0.09917488140402099
0.0998671672338642
0.10141620030113567
0.10077291325644944
0.10169322482191519
0.10207210329157863
0.10129717343616047
0.10162662838394512
0.10197800127785461
0.10115133735359488
0.10003829732385547
0.10026438483957471
0.10133451748891809
0.1020251171526183
0.10249675185518035
0.10268954394220449
0.10345591109773164
0.10236810336624642
0.1029757705392843
0.10361052091183512
0.10297192841212137
0.10396417838057692
0.10396417838057692
0.10542074143242053
0.10530510273317752
0.10498937013660531
0.10498937013660531
0.10498937013660531
0.10545441692533336
0.10533091734086468
0.10518479513261898
0.10457235280390872
0.10467834169558045
0.10467834169558045
0.10467834169558045
0.10499088801672224
0.10499088801672224
0.10517176851962617
0.10452136905816597
0.10414299166946873
0.1045674093762206
0.10504855413978995
0.10523238305810116
0.10551997972902277
0.10455372575809345
0.10356409169834127
0.10349951644864273
0.10349951644864273
0.10247182118926339
0.10160548638688023
0.10107820323746508
0.10055274927518353
0.10116759462898708
0.10018052211527688
0.10018052211527688
0.10018052211527688
0.09971318400381236
0.10134522115990936
0.10097741060289811
0.1009581927215428
0.1009581927215428
0.10224817192847721
0.10246596563311512
0.10171371499397994
0.10171371499397994
0.10289836833999771
0.10325149797086665
0.10295161872924653
0.10245125266390402
0.10245125266390402
0.10204171841992601
0.10266554102698257
0.10320294571240833
0.10450431122495069
0.10503235523817611
0.10524659591178104
0.10542959944112909
0.10495636821310948
0.1042672945470116
0.10336744784193216
0.10350981971952164
0.10350981971952164
0.10369634298370223
0.10287919952213655
0.10158604259438825
0.10142292182160276
0.10241397952749375
0.10154405163211501
0.102115794839468
0.10141103166394468
0.10141103166394468
0.10217922489932711
0.10310224687747015
0.10295245562693682
0.1031767961605008
0.10314340992991239
0.10172288502152459
0.1026680509627145
0.10233322539503015
0.10274570091516512
0.10219057153310712
0.10114577494351012
0.10119989414149551
0.10114083669371313
0.10158874355494535
0.10133816573512841
0.10141714956346201
0.1017146563802177
0.1017146563802177
0.1017146563802177
0.10009996051464878
0.1001990140170248
0.10082563825020892
0.10000182896449875
0.10123538816269552
0.10095958410163215
0.10139153358102727
0.10311216632878831
0.10311450605722902
0.10293241173460306
0.10248468954549728
0.1012458548633418
0.10108080585918491
0.10152006909380745
0.10116636187602075
0.10072024308097757
0.10094376423953515
0.10094376423953515
0.10233489473965489
0.10185897998249034
0.10179172591149081
0.10118655631355904
0.1004283200506833
0.1004283200506833
0.10088655908246341
0.10050571671894445
0.10002919697949772
0.10002919697949772
0.1000043146212224
0.1000043146212224
0.1000043146212224
0.10035472888936939
0.10055547376651423
0.10096093555871717
0.10024068479180637
0.10023879718169121
0.0997180321297242
0.09994060117429983
0.10115745841015746
0.10115745841015746
0.1011594455657699
0.1011594455657699
0.1007350831335861
0.10062549752741674
0.10148219852913799
0.10236992659333154
0.10229193602765718
0.10237166169019078
0.10237166169019078
0.10219206683926202
0.10233364799487123
0.1016562512163223
0.1016562512163223
0.1018096856566208
0.10154958878374043
0.10276384361865994
0.10333431712724511
0.10296665986829132
0.10192339384128697
0.10192339384128697
0.10194886258280622
0.1027152060707988
0.1027152060707988
0.10331086027180401
0.10303875318979475
0.10281057906228755
0.10252728571128143
0.10351633952738319
0.10304825568638723
0.10306606994847428
0.1040164951112998
0.1042336129970069
0.10386539816627768
0.10550000087830287
0.10605856825681856
0.10686862385594227
0.10752789866100365
0.10771539279195695
0.1070390151698046
0.10706737720717069
0.10706737720717069
0.10706737720717069
0.10743915404309366
0.10702069262444039
0.10702069262444039
0.10638819202350648
0.1062094915511849
0.10609308196445097
0.10729489232034943
0.1068288315234963
0.1068288315234963
0.1068288315234963
0.10637490649632955
0.10536468773269304
0.10413598993775118
0.10490791963872814
0.10490791963872814
0.10301843472641854
0.10309817311782057
0.10309817311782057
0.10279863907627228
0.10159362830975567
0.10103427721188059
0.10093894596843618
0.10093894596843618
0.10070858268485414
0.10087489088873522
0.10194208305742357
0.10272036997174308
0.10286290644805976
0.10271452761423554
0.103177269929334
0.10348267949312288
0.10449979522866114
0.10449979522866114
0.10440443319652527
0.10439397479247034
0.10578898224307769
0.10684269213927906
0.10684269213927906
0.10684269213927906
0.10553441123843121
0.10553441123843121
0.1067091176370853
0.1067091176370853
0.1064274687389025
0.10603182966029195
0.10556060306232161
0.10542210722166796
0.10739942926510798
0.10723693663081375
0.10723693663081375
0.10815858858304002
0.10752427640605897
0.10752427640605897
0.10736713432056678
0.10767921819449316
0.10882132175598515
0.10883717326891425
0.10841363173315847
0.1074833910295177
0.1073798547715423
0.10677038543250289
0.10766568268839469
0.10702470346703848
0.1065102102787107
0.10589241112602601
0.10594592933857716
0.10654859181326966
0.10744322648477349
0.10744322648477349
0.10808044248474874
0.10768351512172585
0.1054461533630681
0.1054461533630681
0.10552146285640701
0.10552146285640701
0.10552146285640701
0.10532709894379116
0.10532709894379116
0.10532709894379116
0.10620552680163405
0.10620552680163405
0.10737695705732894
0.10819892037754131
0.10829284181041246
0.10818814296985478
0.10841392330098425
0.10833858561758437
0.1083742034734952
0.1083742034734952
0.1083742034734952
0.1083742034734952
0.10803149411432414
0.1090861268949265
0.1090861268949265
0.10915812787044724
0.1083977215296967
0.10786513994766375
0.10705690355666957
0.1080715073543262
0.10798102912791392
0.10771832207362994
0.10771832207362994
0.10852400675819783
0.10866525406098164
0.10889693602270936
0.10870486150346452
0.10880814863251581
0.10807063267418374
0.10807063267418374
0.1081189618251168
0.10704466625191036
0.10690699914850123
0.10690699914850123
0.10712213383442049
0.10712213383442049
0.10765671537455614
0.10746427180412053
0.10732901618851859
0.10715920375293253
0.10778576044130098
0.10618009760798092
0.10543513027326502
0.10543513027326502
0.1054134250757847
0.10578113827498488
0.1051860420549179
0.1051860420549179
0.10556647634666975
0.10618701818047574
0.10618701818047574
0.10523728609760599
0.10523728609760599
0.10524636480884844
0.10538910857377713
0.105189683647884
0.10528276638944796
0.10528276638944796
0.10593737103996315
0.10558867352635731
0.1051773266004798
0.10613752327069233
0.10607757520540613
0.10693047844676234
0.10634160550755191
0.10564974620794121
0.10604715014766002
0.10604715014766002
0.10747213235184375
0.10525136097240134
0.10554014594120786
0.1045215408737505
0.10393882345260338
0.10393882345260338
0.10417833031535197
0.10434657811626101
0.10357971015440276
0.10409916704999823
0.10415410915440584
0.1033206744862357
0.1033920419653024
0.10519063220803065
0.10499493452071514
0.10529186511050627
0.10580948426819992
0.10628771043225035
0.10710918475237341
0.10792682023011345
0.10684178416282941
0.10684178416282941
0.10684178416282941
0.10651050927099019
0.10575991696011838
0.10506850416134296
0.1054576765198193
0.10461698167232675
0.10451818304428047
0.1039248366109824
0.10425551885052986
0.10425551885052986
0.10389865621282605
0.10352421385041664
0.10472517804200242
0.1040354683092245
0.10381947496394746
0.10429515646317429
0.10429515646317429
0.10483775132665546
0.104815679784713
0.103648618455936
0.10261058422436693
0.10239077342415315
0.10297199697507417
0.10297199697507417
0.10297199697507417
0.10246826239587932
0.10350900092460219
0.10178858450332806
0.1028755352571998
0.10408186264286727
0.10481783002793266
0.10493439147823715
0.10339007061217956
0.10426984204451162
0.10439189535502083
0.10285520176669473
0.10333485055987696
0.10367652414938346
0.10278363362958573
0.1025861417751181
0.10289077989512331
0.10281950004945112
0.1022308771138579
0.10267622146732909
0.10267622146732909
0.10260769337970913
0.10260769337970913
0.10250373252951703
0.1021701731469315
0.10153667787005868
0.10251423131561614
0.10248934112389022
0.10155013872981973
0.1012374261131249
0.10135017269681558
0.1016961340785417
0.10097161118270744
0.10097161118270744
0.10117434389658546
0.10174243211699932
0.10355209171156211
0.1033942882938398
0.1033942882938398
0.10422534492371686
0.10376618679147091
0.10378150009236661
0.1042955854894691
0.10476729058301154
0.10464619947500695
0.10418522631408732
0.10418522631408732
0.10464032675532445
0.10493186682412113
0.10493186682412113
0.10342244973281585
0.10342244973281585
0.10338662621052962
0.10465066997081289
0.10465066997081289
0.1049862246682831
0.10510481469222162
0.10393459135340061
0.10410893357479292
0.10403664548116381
0.10390926644237651
0.10489790130609764
0.10534389950085582
0.10563723343802127
0.10563723343802127
0.10571865636741463
0.10515212194352475
0.1060521420569259
0.10498507593607703
0.10533706492562105
0.10533706492562105
0.10593247622614217
0.10637820811662135
0.10637820811662135
0.10512894144295831
0.10656296095679972
0.10587929847977019
0.10532293646944295
0.10532293646944295
0.10467995357063706
0.10467995357063706
0.10467995357063706
0.1048290437474611
0.10560677064641588
0.10564639335809228
0.10564639335809228
0.10560563319095628
0.10560563319095628
0.10555261892028521
0.10687648799357151
0.10687648799357151
0.1077707376896005
0.10795045310066347
0.10795045310066347
0.1083258159117022
0.10778194668938215
0.10762625710361465
0.10657384129749449
0.10624654619728978
0.10688352112623711
0.10700222822353793
0.10700222822353793
0.10700222822353793
0.1069389101556776
0.1063747035279985
0.10692595160820281
0.10617270189341911
0.10502972475900406
0.10542758109568942
0.10504058465802474
0.10307644369605055
0.10311329088369021
0.10386664457751334
0.10386664457751334
0.10386664457751334
0.10324606920254963
0.10321917461437609
0.10261002060988703
0.10305367248006349
0.10305367248006349
0.10387243677809135
0.10305449172387716
0.10341606311762495
0.10341606311762495
0.10302890515620529
0.10298701398175278
0.10346343231135578
0.10301553159387013
0.10196835813751765
0.10144511804283023
0.10041195584226732
0.10097618135629605
0.10155341612240111
0.10125935646919369
0.10043658085493912
0.10043658085493912
0.10029208685273543
0.10029208685273543
0.1008281577940003
0.10096764684590638
0.10029925110774611
0.09971014338131134
0.09971014338131134
0.09918531550075217
0.09918531550075217
0.0990994691529294
0.0990994691529294
0.0990994691529294
0.09952713321472245
0.09952713321472245
0.10007094303938019
0.10031498316824192
0.09928118201466446
0.10056225975758913
0.10040657439534946
0.10040657439534946
0.10040657439534946
0.10093208290604162
0.10093208290604162
0.09989080591813304
0.10029582550359505
0.10096964567140891
0.10096964567140891
0.10096964567140891
0.10133049165699928
0.10170364587605489
0.10193748592840497
0.10149373079982937
0.10149373079982937
0.1003667355570867
0.10075744206709147
0.10138172629805524
0.10138172629805524
0.10195773896549629
0.10438249943248325
0.10423401799595532
0.10318007224800363
0.10318007224800363
0.10318007224800363
0.10386585607397843
0.10458847177120886
0.10396475157055907
0.10452166013351899
0.10452166013351899
0.10442909061666594
0.10442909061666594
0.10468718727964656
0.10498356089933786
0.1041120773011157
0.10315033300014628
0.10317708231787018
0.1021420925237337
0.10348092959614773
0.10384312123794484
0.10351116291590112
0.10402682300323866
0.10555706971747984
0.10555706971747984
0.10555706971747984
0.10555706971747984
0.10555706971747984
0.10529550526380328
0.10521675893598079
0.10620725664996679
0.10630975511427722
0.10639757213575696
0.10630177739962865
0.10630177739962865
0.10553794492743515
0.10661664748042271
0.1059401736838973
0.1072894667696824
0.10752643798526887
0.10696790785831481
0.10600074684002979
0.1067498057074412
0.1067498057074412
0.10722137823892958
0.10773894666868
0.10700387303350617
0.10638599432168444
0.10638599432168444
0.10649395913299446
0.10679162837433763
0.1080856082004915
0.1080856082004915
0.10819084591413704
0.10819084591413704
0.10719305944791174
0.10732169310638452
0.107581254880511
0.10765934964579203
0.10695112266818929
0.10702441064393411
0.10702441064393411
0.10772269938423579
0.10727920317796835
0.10751618110603811
0.10651029160876956
0.10692066363463448
0.10709542827662258
0.10736216612186195
0.10794583846049892
0.10711635939978506
0.10782373492774598
0.10782373492774598
0.10754334328492184
0.10728242300496937
0.10728242300496937
0.10631979563749552
0.10594764260610101
0.10510834760663605
0.10671851759148995
0.10665767206285368
0.10665767206285368
0.10679902321716071
0.10679902321716071
0.10629133766289174
0.10629133766289174
0.10707287423916843
0.10794066283678541
0.10772556577298555
0.10772556577298555
0.10829542483281475
0.10829542483281475
0.1085266921222611
0.10806492659957656
0.10799225989721514
0.1075698305566722
0.10662171576247041
0.10662171576247041
0.10662171576247041
0.10695919926617233
0.10727427358841855
0.10688457602722615
0.10697141237301165
0.10697141237301165
0.10724948031993452
0.10724948031993452
0.10638922607521498
0.10638922607521498
0.10675906981750771
0.1071191696223044
0.1071191696223044
0.1066275248243383
0.1066275248243383
0.10708330885743825
0.107393850284593
0.107393850284593
0.10751314455313432
0.1084842110858298
0.10883241072035861
0.10943874331352219
0.10940467949781019
0.10933889995831897
0.10842264754346802
0.10869338331577447
0.10769492387104068
0.10769492387104068
0.10838675579281738
0.10823277002767757
0.1087234497389819
0.1087234497389819
0.10828667130950975
0.10828667130950975
0.1073398195885178
0.10707558863918222
0.10648632025367669
0.10692369493811459
0.1072687015101657
0.10760619646099326
0.10748384954525114
0.10695871368687283
0.10735523561221104
0.10735523561221104
0.10786379381057548
0.10787594677934245
0.10824384678883203
0.10938732289560209
0.10938732289560209
0.10923296492514194
0.10953722232646955
0.10922962041492772
0.10821405897692528
0.1078102418732124
0.1078102418732124
0.1078102418732124
0.10667842541782532
0.10676182417241742
0.10727184811140944
0.1082347538409445
0.1082347538409445
0.10861736738218151
0.10832913272072937
0.10704636606196212
0.10772758408227216
0.1079418471350366
0.10659083434360234
0.10696042805015513
0.10696042805015513
0.10696042805015513
0.10762368125022889
0.10762368125022889
0.10863446484378178
0.10873332533413496
0.10873332533413496
0.10866131314438339
0.10880803233856437
0.10881850558406327
0.1075426062922426
0.10688683426696755
0.10753738403311952
0.10753738403311952
0.10833909018474577
0.10826434959137249
0.10825784537767257
0.10748762399548989
0.10844741673957016
0.10844741673957016
0.10888358978472758
0.107581123325672
0.10674125791786222
0.10690701855347574
0.10655972609425873
0.10556925378746954
0.10556925378746954
0.10483944306117478
0.10483944306117478
0.1045708688831306
0.1045708688831306
0.10607081252425567
0.1072152372495681
0.1076193279955787
0.1076193279955787
0.10789602413896235
0.10881168954529671
0.1091127316840085
0.10910805048769756
0.10966274958274548
0.10966274958274548
0.10966274958274548
0.10966274958274548
0.10858132504406622
0.10923635837230983
0.10923635837230983
0.10851302220860294
0.10751642469924348
0.10723623763916415
0.10687302187511455
0.10611904062225813
0.10697477336670168
0.10815657764364334
0.10774832841257853
0.10741083639792846
0.10724971915286528
0.10621020577453268
0.10544035472541535
0.1053839795702896
0.10524379686292337
0.10536934193257315
0.10563438855088926
0.10563438855088926
0.10547894381882722
0.1055293986254205
0.1055293986254205
0.10570038001156953
0.10626231621148809
0.10657635187013867
0.106792084130117
0.10773791904313382
0.10700085076799858
0.1067424331617009
0.10616887641772228
0.1061122489787682
0.1061122489787682
0.10640520295608052
0.10587551988634593
0.1054476403952107
0.10482704642117137
0.10493686836504176
0.10493686836504176
0.10655067208278592
0.10619494068336878
0.10636710589268972
0.10645449693951135
0.10486129540066738
0.10589350153644814
0.10597740866432827
0.10597263506136036
0.105856489804136
0.10719921042198374
0.10815485145133562
0.10823590956540595
0.10823590956540595
0.10823590956540595
0.10801021053484276
0.10803653430271043
0.10856267498447933
0.10742125939958999
0.10621736120505405
0.10621736120505405
0.10476005344005863
0.10476005344005863
0.10357516477688618
0.10257376774062738
0.10257376774062738
0.10297953690863995
0.10304061575141517
0.10183574220044683
0.10243669413843356
0.10260819966986261
0.10268960911572744
0.10330819475948548
0.10360843351203891
0.10436673338338559
0.10451228330319838
0.1032918755291106
0.1017680487125446
0.10286562801494703
0.10234996412413568
0.10129506232437638
0.10129506232437638
0.10055721089807047
0.10056591310379058
0.10056591310379058
0.10147459269245131
0.10132438927984798
0.10226786970303381
0.10226786970303381
0.1022008655341788
0.10162255372779888
0.10155012831674139
0.10217923054870166
0.10239559934420618
0.10203697979187773
0.10121920911060416
0.10176702025265506
0.10280462172482253
0.10273788360417273
0.10285268546898095
0.10285268546898095
0.10260014081554485
0.10285488993411197
0.10260969820104114
0.10263475014928886
0.1034722718201103
0.10399277452790169
0.10399277452790169
0.1037560784048688
0.10334634397774063
0.10248955335602712
0.1022647118691949
0.10174478277819649
0.1011219328101235
0.10072228665592117
0.10028484660488719
0.10013157428082511
0.10049176701920871
0.1015385236352879
0.10166237803562204
0.10093398105696487
0.10204664735448467
0.10319437519899682
0.10319437519899682
0.10286281500396302
0.10263551058954296
0.10450863338479227
0.10378004109282997
0.10343448213611879
0.10312800103176317
0.10443517092618315
0.10387663331662292
0.10363339283008406
0.10378906246635923
0.1034983550507796
0.10451331373627086
0.10491180701197647
0.10465501770931697
0.10319523183426185
0.10383459573738527
0.10403422862467336
0.10438002774508044
0.10438002774508044
0.1051143851906685
0.10480729905207212
0.10620412511381551
0.10425056510770517
0.10404161136304303
0.10404161136304303
0.10539343917760312
0.106099595588281
0.10555166107213135
0.10644709622399674
0.10692504132253028
0.10692504132253028
0.10672191509554384
0.10727894457710599
0.10816268149677781
0.10776334650407214
0.10647067387145459
0.10578872660370142
0.10500111666478928
0.10582263006406234
0.10582263006406234
0.1041493352934512
0.10478863268971994
0.10374777122823832
0.10401330532738827
0.10346057354413668
0.1036194788279102
0.10258698545445766
0.10142055155359603
0.10175718226491863
0.10239978317461818
0.10246696415198896
0.10277667829577225
0.10322553703207062
0.1027813250242596
0.1027813250242596
0.1027813250242596
0.10333411584187097
0.10287901170959289
0.10203486110262461
0.10062001087494025
0.1011884995679351
0.10145217767033504
0.10089315187804798
0.09981717291942403
0.09870423151250368
0.0997218039437635
0.100128167541896
0.10046767886323285
0.10046767886323285
0.10145851711854634
0.10169574548265563
0.10196051546178722
0.10253417842146338
0.10315569474810941
0.10339117037657047
0.10339117037657047
0.10466972904518906
0.10466972904518906
0.10396435673111484
0.10436199543654484
0.1037379409150351
0.10362350284781924
0.10374590343687645
0.10238322603588673
0.10193455600114547
0.10193455600114547
0.10128405161599273
0.10128405161599273
0.10237773250164045
0.10236226620032392
0.10107942037804801
0.10091092523852295
0.1002876406400899
0.10072941331251713
0.10138799388123657
0.10180520207932849
0.10108658864399539
0.10186232418404807
0.10186232418404807
0.1029476535674165
0.10369022349450904
0.10196009499493194
0.10129580999138696
0.10129580999138696
0.10147735818645462
0.1017063094364283
0.1017063094364283
0.10221362975008465
0.10303194611115996
0.10360660394743801
0.10393403946325258
0.10383909579422816
0.10296155928943963
0.10392498968144394
0.10381788312138106
0.10431605261961167
0.10473385293892265
0.10312371128886372
0.10511778976297458
0.1056520716130468
0.10386970636417715
0.10386970636417715
0.10386970636417715
0.10572363939563813
0.10636242254568413
0.10708682728886128
0.10708682728886128
0.10708682728886128
0.1084970311526012
0.1084970311526012
0.10736510850784037
0.10818250702590998
0.10757699047680194
0.10717369464989152
0.10717369464989152
0.10684465780052016
0.10631262746375991
0.10624726334987387
0.10651540962385851
0.10651540962385851
0.10664706973913361
0.10701525318133398
0.10766052131207451
0.10797999430824239
0.10797999430824239
0.10640465658211122
0.10679515496449028
0.10641075699942683
0.10641075699942683
0.10508623139405962
0.10498406001089328
0.10494802880540326
0.10448726358114985
0.10448726358114985
0.1048496327139688
0.10461408927161547
0.10439223315093964
0.10540772736018936
0.10547311843669936
0.10519618270755834
0.10613925783381044
0.10605583973304078
0.1063511267272824
0.1065631533097588
0.10820329190536714
0.10884428941174523
0.10925238813814615
0.10962502413540617
0.10951016182052108
0.1088972917179544
0.10893885118755235
0.10874043794722861
0.10874043794722861
0.10871543360779949
0.10763666390885028
0.10725537194905414
0.10765912486265533
0.10697184408178935
0.10773871218613121
0.1075973490635081
0.1075973490635081
0.10806120823579153
0.10937780927663188
0.10937780927663188
0.10937780927663188
0.10947973248546948
0.10923524504977465
0.10825545137476322
0.10766633833733393
0.10817326101981935
0.10914620864338302
0.10928878371365772
0.10866795122842789
0.10809104418607343
0.10719339947050936
0.10614253980988922
0.1061902275778509
0.1061902275778509
0.1061902275778509
0.10605105700216656
0.10476695993012454
0.10563966406776519
0.10668749126438616
0.10704502048747273
0.10817691149486822
0.10849271218605976
0.10689080177098233
0.10666718186181558
0.10789034081690621
0.1080716225067651
0.10845734639307512
0.10816028683205059
0.10869130459092827
0.10818069340039248
0.1083692400956936
0.10889735340674975
0.10889735340674975
0.10875578259130103
0.10875578259130103
0.10855422408172856
0.10855422408172856
0.10855422408172856
0.10827183592021249
0.10827183592021249
0.10713975647670312
0.10713975647670312
0.10769663426034622
0.10850306584829197
0.10922846880123885
0.10905830141749398
0.10938562194484092
0.11019345670427814
0.11019345670427814
0.11019345670427814
0.11054837135237974
0.11053828474194141
0.11037778421602777
0.11037778421602777
0.10993509994374444
0.10813416721989563
0.10692457414771107
0.10719328918953852
0.10650283485519138
0.10590054135392653
0.10639175035472126
0.10686257206004898
0.10686257206004898
0.10689448879111368
0.10675397450704323
0.1061233489529348
0.1073371308871462
0.1073371308871462
0.1073371308871462
0.1064865322678528
0.10641085239682847
0.10700005939622233
0.10764784312031263
0.1082835859755661
0.10812797470962451
0.10953033348447322
0.10953033348447322
0.10897765193460357
0.1091062523326061
0.1091062523326061
0.10882332605880506
0.10846759729336881
0.10845105860443963
0.10833124546963123
0.1084583652991812
0.10845675357112336
0.1078796152221574
0.10908831507347286
0.10937485580156132
0.10849673583661995
0.10849673583661995
0.10849673583661995
0.1083844336388955
0.10889229810385873
0.10751434351959237
0.1067619255777546
0.10635386658253956
0.10624589350654311
0.10528493535577513
0.10528493535577513
0.10489286306654919
0.10489286306654919
0.10529292027948876
0.10562225008407801
0.10589055803579613
0.10540785281273271
0.10491699107025039
0.10491699107025039
0.10575504693350184
0.10610165286070294
0.10608772488986669
0.10709471325977668
0.10685351513266618
0.10570137740049422
0.10718125764212745
0.10744620371132832
0.10633359150149625
0.10719851686283856
0.10750764000459996
0.10758005160587417
0.10799623628705532
0.10851046515280655
0.10802091613984402
0.10802091613984402
0.10802091613984402
0.10788605330546805
0.1076862691591984
0.10695458255243416
0.10695458255243416
0.10700656508878638
0.10667301389915991
0.10557584668075042
0.10654766645279709
0.10459236736286952
0.10477761208592738
0.10415943768710834
0.10425461270404568
0.10425461270404568
0.10425461270404568
0.10464102548810619
0.10504040689747203
0.10504040689747203
0.10605052304686735
0.10594541427683894
0.10572735037502509
0.10572735037502509
0.1052640209158642
0.10501020916822555
0.10501020916822555
0.1047662337314193
0.1047662337314193
0.10281826761841621
0.10305716884406224
0.10305716884406224
0.1031364060037735
0.10415587429171946
0.1039688173643765
0.1039688173643765
0.10354187440096688
0.1032348704213659
0.1028912212223294
0.10235556479415399
0.10374214475407931
0.10374214475407931
0.10476980905516595
0.10476980905516595
0.10298336632853748
0.10327808513207527
0.10440745408340309
0.10477355438695238
0.10485672270725545
0.10482907115789185
0.10482907115789185
0.10551187749131519
0.10551187749131519
0.10718323510045132
0.10718323510045132
0.10702811007847544
0.10761024560131839
0.10693720370083057
0.10660376068275945
0.10755683319848959
0.1079951237116116
0.1079951237116116
0.10803778476192337
0.10823839151158256
0.10835890291068037
0.10781833120521349
0.10712079493793482
0.10712079493793482
0.10820093560593641
