0.15227519302957243
0.15227519302957243
0.15227519302957243
0.15227519302957243
0.15227519302957243
0.15227519302957243
0.15227519302957243
0.15227519302957243
0.15227519302957243
0.15227519302957243
0.15227519302957243
0.15227519302957243
0.15227519302957243
0.15227519302957243
0.15227519302957243
0.15227519302957243
0.15227519302957243
0.15227519302957243
0.15227519302957243
0.15227519302957243
0.15227519302957243
0.15227519302957243
0.15227519302957243
0.15227519302957243
0.15227519302957243
0.15227519302957243
0.15227519302957243
0.15227519302957243
0.15227519302957243
0.15227519302957243
0.15227519302957243
0.15227519302957243
0.15227519302957243
0.15227519302957243
0.15227519302957243
0.15227519302957243
0.15227519302957243
0.15227519302957243
0.15227519302957243
0.15227519302957243
0.15227519302957243
0.15227519302957243
0.15227519302957243
0.15227519302957243
0.15227519302957243
0.15227519302957243
0.15227519302957243
0.15227519302957243
0.15227519302957243
0.15227519302957243
0.15227519302957243
0.15227519302957243
0.15227519302957243
0.15227519302957243
0.15227519302957243
0.15227519302957243
0.15227519302957243
0.15227519302957243
0.15227519302957243
0.15227519302957243
0.15227519302957243
0.15227519302957243
0.15227519302957243
0.15227519302957243
0.15227519302957243
0.15227519302957243
0.15227519302957243
0.15227519302957243
0.15227519302957243
0.15227519302957243
0.15227519302957243
0.15227519302957243
0.15227519302957243
0.15227519302957243
0.15227519302957243
0.15227519302957243
0.15227519302957243
0.15227519302957243
0.15227519302957243
0.15227519302957243
0.15227519302957243
0.15227519302957243
0.15227519302957243
0.15227519302957243
0.15227519302957243
0.15227519302957243
0.15227519302957243
0.15227519302957243
0.15227519302957243
0.15227519302957243
0.15227519302957243
0.15227519302957243
0.15227519302957243
0.15227519302957243
0.15227519302957243
0.15227519302957243
0.15227519302957243
0.15227519302957243
0.15227519302957243
0.15227519302957243
0.1528151628346545
0.15383303475769086
0.15436964562357902
0.1550085831708523
0.1550085831708523
0.15323530974226238
0.15418394938784055
0.15418394938784055
0.15418487087569704
0.15418487087569704
0.1539986282522923
0.1539986282522923
0.15355506656988607
0.15372072074444648
0.15372072074444648
0.15412066278775116
0.15406178422774122
0.15318504538764396
0.1532286015149057
0.15267130644498486
0.15258339193892898
0.15279950432815131
0.15279950432815131
0.15279950432815131
0.15279950432815131
0.15279950432815131
0.15142677807532456
0.15142677807532456
0.1503331811398085
0.1503331811398085
0.1503331811398085
0.14962619029300467
0.14962619029300467
0.14962619029300467
0.14844337253629242
0.14790027506299397
0.14790027506299397
0.14749775708881535
0.14746067613290262
0.14687001831073923
0.14687001831073923
0.14592839797756513
0.14592839797756513
0.14592839797756513
0.14592839797756513
0.14592839797756513
0.14592839797756513
0.14617168546471312
0.14617168546471312
0.14633743595001653
0.14586501616616546
0.14537651286759248
0.14537651286759248
0.14537651286759248
0.14537651286759248
0.14455563620483516
0.14455563620483516
0.14455563620483516
0.1435140177241099
0.1435140177241099
0.1435140177241099
0.14383406559108797
0.14379566054852028
0.14245362733201536
0.1415461744293235
0.1415461744293235
0.1402373217341907
0.1402373217341907
0.1401717600492198
0.1402392584012665
0.1403297560094325
0.1404480926518661
0.13999353119736407
0.13994226262045317
0.14047965898759102
0.14047965898759102
0.13944549688297533
0.13944549688297533
0.13944549688297533
0.13928179534536
0.13923229834242867
0.13923229834242867
0.1374894194695288
0.1374894194695288
0.1374894194695288
0.13714616162086798
0.13670971549375063
0.136871146219653
0.13694890411112443
0.13636258975678361
0.13585285544920084
0.13549386692747833
0.13494047035953902
0.13494047035953902
0.13489717054119857
0.13508380675056936
0.13437676577976262
0.13259419412487458
0.1324132218924044
0.13255007258777554
0.13255007258777554
0.1307148637891874
0.1307392482591525
0.1301978787514728
0.1301978787514728
0.13018465244504876
0.13018465244504876
0.12936181781776712
0.12811526204309845
0.12737566991790103
0.12607607992615774
0.12623728122558078
0.12624454672026963
0.1269577479752955
0.1269490947816597
0.1269490947816597
0.1270270318722655
0.1270270318722655
0.12628846640302832
0.12598370039878198
0.1260664668652247
0.12651877370502027
0.12489879553347338
0.12489879553347338
0.12451530430904037
0.12419598094607855
0.12524420312785736
0.12524420312785736
0.12524420312785736
0.12524420312785736
0.12425615328380046
0.12471410596705704
0.12435529063162006
0.12435529063162006
0.12439458487233758
0.12387834195184802
0.12290863222244712
0.12290863222244712
0.12240069716738719
0.1215837658543877
0.12109385743634733
0.12052808922403808
0.1197761937852008
0.11987313389418343
0.11961471977561322
0.11961471977561322
0.11921389624018372
0.1197333540318474
0.1197333540318474
0.11937108087191206
0.11950858468103198
0.11911053783042377
0.1180138234833721
0.1180138234833721
0.1180138234833721
0.11852901762814312
0.1183689427303604
0.1183689427303604
0.11828344049099164
0.11742757713302658
0.11736670260288451
0.11709014655846232
0.11868064201627043
0.11868064201627043
0.11879787879516629
0.11821940442839644
0.11743363756639016
0.11729172065830797
0.11729172065830797
0.11580380461534348
0.11580380461534348
0.11580380461534348
0.11658021118167343
0.11606305150648834
0.11606305150648834
0.11606305150648834
0.11606305150648834
0.11541273234403675
0.11551131095974633
0.11551131095974633
0.11476842561314919
0.11386792114767151
0.11386792114767151
0.11386792114767151
0.11361675577836262
0.11424586600949778
0.11349986125284157
0.11343650020086457
0.11305138646594336
0.11305138646594336
0.11360670551450558
0.1137049546488349
0.1137049546488349
0.11248345063106034
0.11155042846044884
0.11166444162764932
0.11163087866179844
0.11253000210369316
0.11252697151459727
0.11257868687114836
0.11162413202393186
0.11186449327687702
0.11362995870217527
0.11266372882869011
0.11151028367492312
0.11151028367492312
0.112107629358953
0.11182316030039513
0.11221744226102205
0.11384541920881244
0.11337374149506314
0.11337374149506314
0.11328789310734497
0.1145247961863176
0.1145247961863176
0.11442638179936826
0.11442638179936826
0.11487039251403107
0.11466734410232711
0.11488333020232185
0.11525563420341328
0.11525563420341328
0.11525563420341328
0.11525563420341328
0.11416919944664358
0.11342225085318676
0.11499093481677314
0.11527768811583057
0.11527768811583057
0.11496236876388473
0.11433244511113766
0.11384846080614158
0.11325388269915349
0.11325388269915349
0.11429198622497168
0.11303195661755663
0.11214557779208224
0.11109718199525305
0.11032913719332818
0.11094843982204264
0.11031340116914093
0.11113740152009899
0.11155889195208772
0.11001907361093488
0.10945209518454861
0.11035306772864249
0.11059081688944379
0.10913837981953906
0.10913837981953906
0.10940238799507043
0.10940238799507043
0.10931406423376992
0.10954714528068793
0.10939810586237338
0.1103282719790397
0.11035894457634408
0.11082742002725579
0.11071715839014423
0.11001612776854768
0.11000748464629871
0.11000748464629871
0.1110986156212543
0.10969576766881302
0.10948303783103501
0.10973803335344126
0.10973803335344126
0.10900830974857642
0.10805877106919072
0.10784400074975392
0.1078615897322569
0.1068004257473194
0.10732645820495035
0.1090039213915081
0.10984236845472332
0.10984236845472332
0.10971111575651205
0.10971111575651205
0.10971111575651205
0.10948791620457196
0.10969497272939142
0.10958801288854099
0.10997271564235976
0.10964742560087268
0.10964742560087268
0.1108753408434775
0.11036505247507335
0.10997600896457849
0.1090586041292519
0.10879668910911387
0.10879668910911387
0.10875390413212481
0.10789665094766412
0.10867290061718612
0.10867290061718612
0.11003227683296381
0.1099018727551902
0.1104458611165334
0.11035685476062723
0.11072170119034637
0.1107957126546613
0.1107957126546613
0.11022504526034912
0.11022504526034912
0.1092739509980469
0.10900011591326121
0.10954091068874754
0.10999203549001513
0.11017499150570641
0.11017499150570641
0.10957073845137688
0.10875987592509968
0.10911427490287304
0.10888488034816345
0.10924083847380606
0.10948821670831145
0.10886480657534496
0.10962241307314036
0.10925446144064613
0.10961670977407585
0.10882088442205574
0.10886362514444597
0.1083361550577889
0.10756768999176591
0.1079822563557992
0.10785322010280263
0.10793112884873418
0.10749875157890304
0.10749875157890304
0.107858923252356
0.10786271074826942
0.1073190172250486
0.10913244672381044
0.10890699029574873
0.10890699029574873
0.10917836998292905
0.10917165404581011
0.10941077056514516
0.1093797427214879
0.10785777818320927
0.10644957210335784
0.1065227221555693
0.1065227221555693
0.10582189357644109
0.10653127501117902
0.10648542231201563
0.10648542231201563
0.10720336799572884
0.1060974362695495
0.10537059149619898
0.10518790066386577
0.10540383782497516
0.10491335519942595
0.10491335519942595
0.10454628728810819
0.10461745704809912
0.10461745704809912
0.1052635982172012
0.10482874459788816
0.10482874459788816
0.10408969797695253
0.10494901818093078
0.10475062842763373
0.10580668888358911
0.10571866953485295
0.10571866953485295
0.10540648226005116
0.10531470937626153
0.10531470937626153
0.10564307703734886
0.10460615718588852
0.10335773454856818
0.10325733643482446
0.10392658130455655
0.10321941564737415
0.10371429361131088
0.10369081513811186
0.10454565302365693
0.10455912596257812
0.10463957844089454
0.10463957844089454
0.10496630965972248
0.10428156079734831
0.10428156079734831
0.10492691495605082
0.10421069922877667
0.10389128564206553
0.10389128564206553
0.10344572374169304
0.10344572374169304
0.10378187300855239
0.10378187300855239
0.10378187300855239
0.10419928289646861
0.10461651619799146
0.10516755075141987
0.10550713241564205
0.10446574191911603
0.10492265298036288
0.10577509660269843
0.10702903236577029
0.10719661820523223
0.10719661820523223
0.10778422774505718
0.10778422774505718
0.10808944112343148
0.10802526344234976
0.10857283836039122
0.10857283836039122
0.10719280288511615
0.10768559198448033
0.10828331231381115
0.10871040356414441
0.10799013237868144
0.10815795048166363
0.10758013760435055
0.10743551874341725
0.10756425025885885
0.10805604254196782
0.10775913426387654
0.10713596720470153
0.10689319119638252
0.10689319119638252
0.10717678887776072
0.10676262317406067
0.10653736883627599
0.10717983105359395
0.10717983105359395
0.10726381316447851
0.10726381316447851
0.10729050820818119
0.10568490540362503
0.10540860019553104
0.1060408310318208
0.10572799607637925
0.10602334223993058
0.10602334223993058
0.10602334223993058
0.10602334223993058
0.10634508703652877
0.10634508703652877
0.10773801208037145
0.10773661558186276
0.10824846504266541
0.10944789984607753
0.10879434588769994
0.10896692928170974
0.10946481486932566
0.10929967683635008
0.10947763586257257
0.10911915893798377
0.10911915893798377
0.11020142831764937
0.10965626388912637
0.10871013301292017
0.10806757691868452
0.10869101970740463
0.10850986100219476
0.10850986100219476
0.10830769936099625
0.10787553205820204
0.10715563890671409
0.10715563890671409
0.10822337507324879
0.10832812471956456
0.10794912072337945
0.1079869159159655
0.10712814322867467
0.10770140523974925
0.10662029027390434
0.10662029027390434
0.10517265313199134
0.10517265313199134
0.10494763828695333
0.10494763828695333
0.10629343857240141
0.1064286967442968
0.10568630233419882
0.10568630233419882
0.10530853929389873
0.1053351313371617
0.10511501313108561
0.10427646409932013
0.10427646409932013
0.10416681112120235
0.1039005134685055
0.10277547875237919
0.10260777654282267
0.10234664971080287
0.10439323476959705
0.10488670392690726
0.1053284718317814
0.10488044143849723
0.10412467274366628
0.1039800728881623
0.10497624409798545
0.10569208613803953
0.10702741068169085
0.10599953730593761
0.10591574217580058
0.10605410155524629
0.10518717774309179
0.1056789247702242
0.10525787186288278
0.10539712629192854
0.10557688283758127
0.10530423095179423
0.10561512053246956
0.10561512053246956
0.10457235615013051
0.10612641348672822
0.10606641785577928
0.10482977739529915
0.1051595368930118
0.10609848779918422
0.10713652774843996
0.10713652774843996
0.10783005450489222
0.10738872626835563
0.10772000361727666
0.10772000361727666
0.1084822752499789
0.10765057158667211
0.10763040650886277
0.10950273660967347
0.1093115905501098
0.1093115905501098
0.11044632567504946
0.11044632567504946
0.11016852879692338
0.11016494731329346
0.1092508833617683
0.10928946510824561
0.10769009087863207
0.10867009992582836
0.10820346127644258
0.1084051421794723
0.1084051421794723
0.10797144586401995
0.10798110985126223
0.1090358550968281
0.10998814551707446
0.11094474141186038
0.11094474141186038
0.11138767325880365
0.110670860783959
0.11094267712534774
0.11102096250406168
0.11102096250406168
0.11117952851220668
0.11117952851220668
0.11103860973612387
0.11069969696169796
0.11069969696169796
0.11097099251432765
0.1115298280640528
0.1115298280640528
0.1115298280640528
0.11091984596285547
0.11018235061679424
0.11018235061679424
0.11016642335853814
0.10989064479873631
0.10989064479873631
0.11051644767200199
0.11133199197265861
0.11066435643081433
0.11066435643081433
0.1126383067565606
0.11199246720464082
0.11206972328833141
0.11282319966195198
0.11287391983392517
0.11289611284154862
0.11154721450563707
0.11122422783727484
0.11145436170283439
0.11193372413494292
0.11202455826753836
0.11204275522192622
0.11204275522192622
0.11196903306559568
0.11091481433818373
0.1104670174707499
0.10961737182188563
0.10888797673725938
0.1106223106864722
0.11033084826544816
0.11157989853341853
0.10997162287236452
0.11082182488712164
0.11082182488712164
0.11107670393649306
0.11203968920638095
0.11254164872418772
0.11175118469676378
0.11230620008327874
0.11176798559133512
0.11164378428649903
0.1113678515043802
0.11292717870053624
0.11248772636651565
0.11146643329942602
0.11146643329942602
0.1128522295118068
0.11280151447221136
0.1132967129601102
0.11372876232593876
0.1126597987942636
0.11297103944526482
0.11316774909195854
0.11369051687822705
0.11371823085835057
0.11415883987253327
0.11380283918002156
0.11365347250393219
0.11393382017991995
0.11393382017991995
0.11385987301288497
0.11326707292113339
0.11267003187322672
0.11251505698447808
0.11144309927356938
0.111514324751895
0.11183885661058439
0.11192561106006242
0.11223867716877584
0.11101025522690833
0.11105638954870573
0.11104929533124841
0.11004623016899807
0.11004623016899807
0.11004623016899807
0.1094430304752976
0.11086429816286146
0.11145011297076778
0.11133021140679995
0.11133021140679995
0.11059371587621339
0.1100788576965718
0.11130143861137257
0.11179841679050047
0.1111521274239498
0.11130863004574444
0.11085410259503684
0.11164629690338441
0.11090848321653975
0.11090867316344938
0.11061372812183592
0.11043267344305059
0.10992403990915306
0.10933253399263959
0.10851610501536879
0.10851610501536879
0.10781544396545338
0.10781544396545338
0.1097496634796554
0.1082871335655089
0.10794591735786148
0.10745310283939648
0.10745310283939648
0.1084638453741886
0.10841281087220407
0.10841281087220407
0.10841281087220407
0.10726762662854748
0.10732192232712041
0.10766923325834492
0.10792521024437328
0.10913525964089353
0.10913525964089353
0.10942786843793953
0.10972495918008403
0.10976246418908313
0.10999565501538579
0.10972120355166529
0.1095699726107517
0.11049662132917794
0.11061385999272476
0.11083620629925463
0.11014746934355905
0.1102979181438972
0.11085814613254397
0.11085814613254397
0.10959384994170997
0.11074544521066099
0.1099004768676855
0.10955900370276628
0.11010335488334981
0.11014616246619893
0.10967951612407986
0.10997732305377438
0.10942002951638523
0.10942002951638523
0.11013427099344321
0.1101669752730447
0.10980460609798849
0.11152827784391035
0.11152827784391035
0.11151213500365707
0.11167765850353052
0.11110126063270978
0.11134043229863402
0.11134043229863402
0.11172498516171427
0.11105793100095791
0.11114989663188239
0.11162119311416378
0.11156438363433864
0.11175149973661722
0.11182836034460283
0.11182836034460283
0.11187381159714198
0.11265242668044384
0.11254200061839448
0.11254200061839448
0.1116333032981727
0.11146387224764082
0.1123945655701407
0.1123945655701407
0.11283442020321253
0.11306455373736013
0.11306163939410298
0.11211934758890038
0.1129164047045128
0.11228524942269412
0.11282847827095759
0.11282847827095759
0.11250973210533856
0.11302499054454673
0.1132436488722082
0.1132436488722082
0.1132436488722082
0.11326164117687743
0.11335188204082657
0.11269672068837613
0.11304247276916568
0.11403890706299136
0.1140364736188444
0.1140364736188444
0.11360569733695462
0.11371205429516425
0.11371205429516425
0.1134437718448809
0.11440846023641056
0.11458986997821813
0.11528831637830995
0.11528831637830995
0.11526865280877369
0.11439207090929823
0.11439207090929823
0.11483185895563014
0.11483185895563014
0.11569143077063937
0.11622853419723286
0.11534209213103587
0.11559919173358159
0.11559919173358159
0.11617215497314913
0.11606828484489484
0.11606828484489484
0.11487165422249644
0.11586350277875225
0.11586350277875225
0.11586350277875225
0.11419600405818174
0.11605828769110815
0.11623480707983695
0.11623480707983695
0.11467149807405876
0.11340924051544586
0.11340924051544586
0.11356034115067892
0.1130629859933646
0.11311964213543872
0.11311964213543872
0.11267268314267531
0.11279708594529016
0.11295396637630399
0.1136539183059063
0.1143029648077045
0.11441622062929373
0.11372152260776362
0.1128204455369218
0.11206490958504721
0.11190294350677868
0.11190294350677868
0.11071261371731031
0.11071261371731031
0.11215454193305749
0.11149617944200133
0.11093220641266532
0.11093220641266532
0.11033021105737889
0.11155620573793844
0.1113312644849735
0.11089895332033071
0.11089895332033071
0.11089895332033071
0.11089895332033071
0.11126300500262608
0.11214561462606591
0.11214561462606591
0.11179026811739498
0.11109550812000038
0.1111248226131651
0.11152742199215333
0.11161335708427243
0.1112427238191793
0.11077023356634105
0.11036080117506579
0.1107967899043218
0.11125966736589976
0.11150909096083322
0.11174794795144263
0.11167295784711158
0.11190384049285051
0.11211920682575256
0.11248176317446286
0.11359454438558282
0.11383260863960155
0.11380784988875468
0.11258162577193866
0.11258162577193866
0.11142060265593436
0.11142060265593436
0.11093804337224451
0.11214332880350052
0.11129834350409827
0.11129834350409827
0.11129834350409827
0.11180612364030512
0.11180612364030512
0.11141744084882999
0.11072195682333792
0.11072195682333792
0.11115066380833137
0.11115066380833137
0.11081083683218351
0.11081083683218351
0.10947105389113672
0.10947105389113672
0.10947105389113672
0.10947105389113672
0.10928135864090473
0.1082108479374733
0.1082108479374733
0.10860955163799628
0.1068834325404129
0.10767485133135317
0.10818134803697854
0.10888208199151143
0.10950008626286455
0.10998790870264283
0.1104451048716778
0.11058086913265307
0.109643439186445
0.11060183611937477
0.11059568811158214
0.109275366129877
0.108650603098682
0.10879082284289054
0.10953829731134233
0.10920551338952592
0.10938434208461895
0.10983913883665533
0.11116519813255793
0.11054723310166668
0.10917023202169468
0.10852791059078151
0.10852791059078151
0.10734186940565223
0.10710341945458976
0.10761803592017599
0.10836777247352622
0.10734833980083792
0.1078410552642155
0.10624836250345705
0.1054899577940715
0.1054899577940715
0.1054899577940715
0.10512576666387718
0.10525955436598264
0.10636692254580062
0.10636692254580062
0.10636692254580062
0.10636692254580062
0.10595447295464802
0.10565092356300579
0.1061273636870054
0.10630563264450485
0.1071593183124884
0.10729880979605722
0.10754780388693548
0.10768456551044989
0.10869518394389112
0.10869518394389112
0.10849174589886681
0.1084090991728646
0.1084090991728646
0.10852252873170358
0.10883158838733653
0.1091083643242139
0.10885199408525048
0.10935166049140538
0.10867076424255714
0.10887207830309695
0.1086170141260555
0.1084511343620995
0.10836712051360413
0.10746800303547967
0.10727709074849315
0.10757587914762562
0.10757587914762562
0.10723552299705268
0.10836021613222864
0.1078507992325811
0.10891128859568106
0.10788312025550902
0.10741426644685868
0.10752307544933432
0.10711130525662423
0.10711130525662423
0.10826998037126905
0.10818354055592186
0.10818354055592186
0.1088985541216894
0.10956627836104735
0.10832460316629774
0.10783577630490783
0.10846338847824101
0.11028355185725619
0.11028355185725619
0.10929019984494402
0.11068998313509167
0.10979992285040903
0.11018698461370814
0.10996392682730116
0.10932796990662753
0.10929184564376956
0.10929184564376956
0.10929184564376956
0.1093650873527257
0.10943885873169196
0.11023210835385203
0.11018545597567975
0.11011692238608475
0.11076027311782591
0.11145629759339516
0.111940462778373
0.111940462778373
0.111940462778373
0.1127175357689055
0.11315285207249383
0.11315285207249383
0.11179256893027922
0.11179256893027922
0.11089874687159568
0.1111599992641437
0.11073503927062557
0.10949038651388573
0.1100827521694056
0.10902135142318384
0.10956106955619563
0.10946207995687646
0.10946207995687646
0.10946207995687646
0.10915007713024565
0.10901402960548102
0.10850318438982523
0.1079732121440679
0.10764934624995115
0.10735045038377451
0.10745392942717863
0.10656306730125417
0.10676103955165528
0.10766486222247135
0.10802726919118072
0.10857270614528544
0.1081311106893549
0.10823112995771654
0.10781967043934576
0.10902453507788779
0.110146801032483
0.110146801032483
0.110329884662742
0.10980002492133784
0.10916952726507648
0.10916952726507648
0.10916952726507648
0.10916952726507648
0.10763516366501429
0.1076126811253687
0.1077885298763454
0.1077885298763454
0.10781095903656951
0.10796846237786475
0.10770354064211676
0.10811574615372294
0.10766641914135217
0.10733908345792291
0.10659140357543237
0.10612831863241295
0.1055268135854739
0.1055268135854739
0.10568896116337058
0.10584573048290769
0.10584573048290769
0.10542743183696351
0.10495948264434554
0.10495948264434554
0.1056503577687923
0.1056503577687923
0.1055996259796104
0.10552136476763486
0.1060266448122483
0.1060266448122483
0.10544748221712733
0.10544748221712733
0.10544748221712733
0.10534558915197303
0.1062593324947597
0.10637093777186642
0.10635632830255186
0.10671896399809366
0.10531366475444597
0.10531854345846159
0.10569165089320001
0.10499217878227589
0.1035170529147855
0.10319999777203112
0.10425120499045783
0.10587263781495793
0.10691596428516999
0.10621243653006247
0.10535040815758179
0.10485121274323948
0.10596562588234587
0.10611979908162894
0.1051587844257017
0.1048441576286872
0.10357579578676622
0.10336075228632749
0.10274088657515636
0.10275000557893818
0.10247505839520446
0.10294503631857972
0.10294503631857972
0.10288276442969355
0.1031841232250883
0.10345980436666469
0.10313522151232235
0.10352328653545519
0.10308924004782208
0.10339775624210407
0.10352468265285761
0.10352468265285761
0.10343051272842203
0.1027343936057794
0.10267391083916402
0.10214748615768193
0.10214748615768193
0.10214748615768193
0.10283354824739703
0.10302258403724551
0.10269544169233431
0.10269544169233431
0.10269544169233431
0.10280065289445561
0.10232446479232353
0.10341229372719679
0.10351004560139439
0.10410649140176462
0.10486335019461815
0.10476764701734434
0.10609101614446143
0.10609101614446143
0.10663929077656067
0.10666723508469704
0.10577485549629385
0.1059926676888076
0.10641953713231712
0.10641953713231712
0.10592929057827927
0.10589168251101179
0.10589168251101179
0.10537889694092817
0.10607026726394177
0.10607026726394177
0.107268524867412
0.10671582746078481
0.10777059479264674
0.10879296982308886
0.10879296982308886
0.10729663969229644
0.10710806144838635
0.10678604029738126
0.10678604029738126
0.10790576082730205
0.10844294338643098
0.10890399134787222
0.10841723940530348
0.10937973053549263
0.10937973053549263
0.10970399797558741
0.10989682379187236
0.10989682379187236
0.10949485153634327
0.11057954288608142
0.11057954288608142
0.11049369179802712
0.11023626319721731
0.11023626319721731
0.11080157952850778
0.11127487247416498
0.11146887892749965
0.10977293109025124
0.10981423842990566
0.11006651443823945
0.10936357220273693
0.10952117649851087
0.10994322336422022
0.10988943696591816
0.10988943696591816
0.10984807012006546
0.10953921600582035
0.10934270755734275
0.10982279748634231
0.1086897109292294
0.1086897109292294
0.10822726520400297
0.1079057283249557
0.10778981066326122
0.10778981066326122
0.10912843982675101
0.10912843982675101
0.10960264781083438
0.11017577649886769
0.11015461735304855
0.11105601202772174
0.11111476917890764
0.11057311304991986
0.11014365335453195
0.10970061030785933
0.108690860213318
0.108690860213318
0.10921105049917747
0.10962181327575043
0.10962181327575043
0.10954303188585394
0.10913417294917212
0.11009220501789835
0.11009220501789835
0.11009220501789835
0.10951687031198214
0.10951687031198214
0.1090042851677676
0.10857601897146911
0.10990966029413254
0.1099380057719978
0.11049120794394537
0.11078518653024179
0.11078518653024179
0.11130423163882343
0.11089689049612708
0.11116330287183569
0.11117596471749727
0.11059942341908398
0.10944015485662228
0.10958397315598285
0.1103336614689231
0.11073737395753744
0.11169361657228807
0.11130715095954791
0.11213547766300942
0.11226931860074614
0.11078362792473725
0.11078362792473725
0.11032082558037774
0.11038681139545393
0.10951113010406313
0.1089477943921377
0.10903253110215523
0.10903253110215523
0.10919659266771684
0.10919659266771684
0.10919659266771684
0.11087539566400668
0.11087539566400668
0.11087388065204012
0.10992513363011193
0.10863001370954363
0.10863001370954363
0.10726477317626303
0.10701476805621639
0.10637873823093763
0.10706894227877585
0.10653030198134357
0.10616868789620044
0.10533415307078625
0.10448784583425526
0.10385764566465991
0.10474405678217501
0.10378177100329002
0.10382253750963436
0.10440071114527792
0.10443564793351137
0.10443564793351137
0.10408860784747798
0.10418670830670265
0.10490237953494573
0.10504971811496623
0.1054564538384159
0.10534964620586237
0.10564371424358736
0.10623607840540697
0.10623607840540697
0.10581780715480604
0.10543913418889993
0.10633784743147624
0.10690520371016259
0.1059984279848245
0.10616597321883592
0.10687584728428584
0.10695987071198738
0.10772481379872036
0.10772481379872036
0.10763267700774225
0.10763267700774225
0.10870373379823606
0.10892120430876485
0.10917391157974159
0.10917391157974159
0.10878044540557573
0.1091013901959879
0.10991786002620532
0.1106629032509182
0.11005268282690371
0.10912699331931046
0.10948303351164619
0.10948303351164619
0.1097253728310667
0.11029459125351909
0.11029459125351909
0.11029459125351909
0.11136626394711599
0.11123497591717278
0.11113598471121386
0.11007145850132001
0.11007145850132001
0.10916838582780504
0.10860959211147066
0.10871668991979862
0.10807780637467798
0.10807780637467798
0.10697249151796122
0.10727005318716248
0.10766009627153786
0.10711376399507687
0.10837384179433314
0.10830041313654663
0.10871900224156608
0.10788130413995817
0.10788130413995817
0.10846830710078571
0.10855014888156729
0.10784851388349001
0.10855061042960004
0.10824603309270817
0.10743658111064988
0.10710985560860495
0.1074236199683037
0.10778668391736507
0.10785726966233478
0.10875069847642516
0.10716581893201567
0.1079894401983507
0.10705766543879527
0.10664147605209184
0.10584071372745033
0.10584071372745033
0.10619824804505977
0.10619824804505977
0.1064348526065665
0.10650121505052362
0.10685048480773794
0.10555823584439698
0.1055776217728717
0.10530036951052132
0.10474925465453266
0.10473555073692388
0.1049304751524098
0.1057679406053355
0.1057679406053355
0.10658563625493318
0.10683797094763106
0.10731020649981828
0.10798064550565031
0.10795056409434792
0.10795056409434792
0.10861324147318044
0.10847476646467683
0.10815225947377886
0.10815225947377886
0.10880722081403406
0.10907278370281674
0.10907278370281674
0.10897277089612459
0.10897277089612459
0.10737211452801199
0.10803052339618498
0.10877523038353584
0.10789180141812042
0.10809219308598035
0.1089543009891506
0.10897865971011934
0.1097137288724065
0.10940051991224646
0.10951368818622022
0.10972308236622885
0.10972308236622885
0.10972308236622885
0.11016239006345482
0.11068534804630505
0.1105296867077717
0.1102711395221172
0.11123419943478548
0.11160511231892009
0.11208615503658347
0.11167526016541178
0.11228579536738467
0.1113681575147165
0.11111632660195898
0.11111632660195898
0.11097745025531855
0.11115091661150432
0.11048182010431118
0.11048182010431118
0.11003128967569224
0.11027390458453364
0.10992692779169853
0.10992692779169853
0.10992692779169853
0.10998311432110959
0.11016905168038214
0.10937059436915605
0.1092749651644612
0.10981847188693974
0.1098284858267907
0.11022412865434227
0.11037479136155451
0.11031377630187461
0.11103126661144394
0.11003012209458744
0.11063931134029961
0.11068358553504197
0.11111247757451229
0.11104345011409301
0.11204360093536496
0.11325518020943619
0.11223175684997391
0.1111194722537138
0.11147079478001028
0.1105506084142234
0.11037119371437726
0.11139041268003576
0.11144920589041683
0.11178627586221931
0.1116879065243843
0.11236650094360352
0.11171393576751437
0.11171393576751437
0.11193961938499537
0.11162088225575703
0.11162088225575703
0.11135039397851566
0.11224403981859327
0.11224403981859327
0.11263928619709862
0.11227022136212307
0.11226360664817382
0.11226360664817382
0.11305871601390484
0.11285155222911301
0.1140934967035315
0.1155168799177652
0.1141364518970711
0.11334108790148432
0.11173989580362319
0.1117974962603613
0.1117974962603613
0.1117974962603613
0.11095302523317484
0.1115243081594162
0.11277865872536684
0.11235511083218737
0.11225923832235253
0.11257609746613978
0.11257609746613978
0.11257609746613978
0.11257609746613978
0.11287612868385741
0.11258644618882867
0.11300001917542216
0.1122552574834524
0.1114230831803485
0.11116131411939588
0.11081547132862472
0.11187722348536822
0.11164207478827567
0.11135790759428485
0.11194546737309706
0.11195578616875408
0.11166967796541846
0.11090412175702448
0.1118131992498224
0.11129665631461796
0.11129665631461796
0.1109124022222182
0.11088580455205156
0.10971826150469748
0.10971826150469748
0.1094069033724718
0.1095284388070803
0.10922279645301718
0.10952839220511974
0.10922303807971936
0.11024000023750412
0.11024000023750412
0.11005290017987504
0.10954284507547803
0.10999886316702591
0.11003204693536982
0.10912732810141847
0.10912732810141847
0.10903930986536299
0.10903930986536299
0.10903930986536299
0.10903930986536299
0.10880779158251909
0.10813285115200512
0.10848059575844328
0.10894962269213945
0.10874291147835552
0.10874429426648215
0.10858734769591663
0.10855723974177749
0.10739868656035548
0.10739868656035548
0.10739868656035548
0.10706983590320221
0.10738769610060166
0.10762400856445864
0.10741118425245115
0.10877877407438302
0.11056385639492033
0.11150675337421202
0.11179311207065294
0.11179311207065294
0.11179311207065294
0.11113752213006522
0.11113752213006522
0.11173236893717253
0.11240360087414711
0.11285109389059642
0.11207942586266503
0.1104233853723013
0.10910524213559017
0.10895444014115926
0.10823171661481594
0.10827241297532662
0.10845781651138328
0.10823422782091771
0.10793077002883747
0.1077078636122488
0.1077078636122488
0.10786658882274652
0.10786658882274652
0.10786658882274652
0.10811073408273722
0.10786439264649682
0.10833262714640075
0.10833262714640075
0.10786763173222598
0.10755984928711812
0.10787385036574766
0.10724995833202275
0.10761490033653574
0.10721117425687694
0.10617395514308478
0.10617395514308478
0.10568607354747005
0.10568607354747005
0.10590510748611497
0.10642327628059578
0.10575832900433295
0.10609252036040281
0.10609252036040281
0.10609252036040281
0.10722225831186004
0.10754926747662603
0.10813997545935157
0.10863515404084317
0.11017989205995145
0.1089916038297765
0.107633454523141
0.10621746151528401
0.10642178416534755
0.10532665262018721
0.10635502651912099
0.10635502651912099
0.10516582069248413
0.10506364333634742
0.10506364333634742
0.10395140222096513
0.10526756631087521
0.10534769958041114
0.10534769958041114
0.10496729105877518
0.10466980724720763
0.10466980724720763
0.10343069571993349
0.10382385028690194
0.10382385028690194
0.10383262569220036
0.10383262569220036
0.10359498508968287
0.10285764948117147
0.10288736094412458
0.10352133735254669
0.10386619791728188
0.10398317858984385
0.10461201282972439
0.10591980939596295
0.10556585922079564
0.10467998088813127
0.10453163844891729
0.10478430233982897
0.10478430233982897
0.10478430233982897
0.10478430233982897
0.10457753455612298
0.10565017460037612
0.10482460102895058
0.10424251908919127
0.10517177330126586
0.10666972220155399
0.10688090410863912
0.10754080159115625
0.10720616091823164
0.10745731050692768
0.10714698213553707
0.10714698213553707
0.1063296125288592
0.10683493293700232
0.10683493293700232
0.10740410800104461
0.10727463177284498
0.10713135134368597
0.10691241770823645
0.10768929958878468
0.10741351748571225
0.10719455650161905
0.10664609596176478
0.10664609596176478
0.10740812282163031
0.10788456855358454
0.10742226710742431
0.10670431157647667
0.10670431157647667
0.10562966738457082
0.10543140707276348
0.10561680987008056
0.10495358637043906
0.10524278859313725
0.10524278859313725
0.10606361000342106
0.10566795906837047
0.10645125488815718
0.10667958873698427
0.10611487451197099
0.10573416654142931
0.10573416654142931
0.10528848146620721
0.10528848146620721
0.10643750547201757
0.10643750547201757
0.10643750547201757
0.10620215616448635
0.10654200253551405
0.10679092769315608
0.10638679600128242
0.10552338075863725
0.10583583579458822
0.10583583579458822
0.10758941029441652
0.10744632285910727
0.1083435891076897
0.1083435891076897
0.10813866264156817
0.10895178784674368
0.10895178784674368
0.10841903347058246
0.10875325352340257
0.10859966293402826
0.10821630358393171
0.10821630358393171
0.10916508048609812
0.10916508048609812
0.10999694816439055
0.10999694816439055
0.10956740762333758
0.10985678396996874
0.10964874284381823
0.1086071769849901
0.10853969442077903
0.10853969442077903
0.10747384814137147
0.10741656882369657
0.10741656882369657
0.10718568221189102
0.10740370573477283
0.1069419424125752
0.10664946064187762
0.10705406296583711
0.10576893786081383
0.10677999215962869
0.10752932161666891
0.10752248186376243
0.10752248186376243
0.1084574750296894
0.10871126209406223
0.10958159975425436
0.11006732152983947
0.1076566824159011
0.10687500644257794
0.10724347972872346
0.10728117791974931
0.1081187079025772
0.10815244778882228
0.10968225215085722
0.108627076788235
0.108627076788235
0.1079162563569653
0.1079162563569653
0.1079162563569653
0.10795317213730111
0.10828129800923361
0.10862026398075676
0.1074121295202678
0.1074121295202678
0.10846897956968533
0.10888226246630411
0.1086209879808297
0.10801531222138819
0.10780563599125983
0.10780563599125983
0.1082280239790207
0.1082280239790207
0.10814525405718596
0.10814525405718596
0.10814525405718596
0.10814525405718596
0.1078782660498026
0.1087586926280857
0.10835538246553242
0.10835538246553242
0.1086791639420444
0.10759218505807425
0.10809816048098508
0.10759185060711521
0.10754872496569562
0.10804869966369958
0.10668185969860146
0.10749177177459708
0.10730235632152228
0.10752882375087294
0.10804533859623257
0.10833925207957511
0.10833925207957511
0.10833925207957511
0.10833925207957511
0.10910353982190807
0.10839878458582806
0.108491547087512
0.108491547087512
0.10774752940726158
0.10678767042415185
0.10678767042415185
0.10678767042415185
0.10678767042415185
0.10678767042415185
0.10799308275497367
0.10758031495357923
0.10758031495357923
0.10758031495357923
0.10758031495357923
0.10659456189736043
0.1062916921148868
0.10650386062707994
0.10650386062707994
0.10650386062707994
0.10689667930858032
0.10794043385281811
0.10857667114279433
0.10862387516637144
0.10873736548323928
0.10893288611581405
0.10951484216701231
0.10997183145961899
0.11044782491849596
0.10944215104233891
0.10883361187291175
0.10792932968797951
0.10801076038046842
0.10811463251259304
0.10811463251259304
0.10823102081415051
0.10809725111722884
0.10827273176320787
0.10792240999473975
0.1081166064176606
0.10747008053782357
0.10747008053782357
0.10747008053782357
0.10747008053782357
0.10785602125019249
0.10785602125019249
0.10785602125019249
0.10785602125019249
0.1065380464614175
0.10678359863660009
0.10774971817701774
0.1086971804292187
0.1096435458082584
0.10990627886110944
0.10934600690992104
0.10986990115488136
0.10953565950247575
0.10866723857278862
0.10719705457737032
0.10721601653527839
0.10734188177668377
0.10789420124365816
0.10796215276707731
0.10677540598643222
0.1062899199534824
0.10623152179921752
0.10624113565807021
0.10624113565807021
0.10624113565807021
0.10620647895362614
0.10736825802933467
0.10705976522723942
0.10752930843609004
0.10868337040492548
0.1079120789178224
0.10754161969626026
0.1083504640547433
0.10757711554252744
0.10711004650383292
0.1064087976425987
0.1064087976425987
0.10728938817310087
0.10774495792402035
0.10798721564919994
0.10766153554816214
0.10648439465801203
0.10648439465801203
0.10658945640659724
0.10688408515299638
0.10688408515299638
0.10847232110098003
0.10924229607512546
0.10840405126271702
0.10840405126271702
0.10754302535827613
0.10816834859184042
0.10816834859184042
0.10816834859184042
0.10803865301377101
0.10824997011392858
0.10805195005316233
0.10805195005316233
0.11010593144357426
0.10973049547536666
0.10973049547536666
0.1088058897702822
0.1088058897702822
0.10833060904496429
0.10988199776155678
0.10998421203316365
0.11000505561490649
0.10975312929569264
0.10975312929569264
0.10974621805512853
0.11134009495168971
0.11067480517532335
0.11067480517532335
0.11067480517532335
0.11204397272844052
0.1124044741340691
0.11286292627832976
0.11278637259773593
0.11270313086881138
0.11270313086881138
0.11270313086881138
0.11329416815312675
0.1113933580731145
0.1113933580731145
0.11199847868398698
0.11269872703983226
0.11269872703983226
0.11224444640618123
0.11311236896657219
0.11508408677294342
0.11472616992409566
0.11409315622873807
0.11372656500725313
0.11372656500725313
0.11372656500725313
0.11372656500725313
0.11358227607958389
0.11317027395722894
0.11409756186895223
0.11409756186895223
0.11409756186895223
0.1130569533969201
0.1118140926451988
0.11171421658777889
0.11053403288434822
0.11053403288434822
0.11106641606650065
0.10984741237539777
0.11045474179971528
0.11117153364137058
0.11166985680421135
0.11166985680421135
0.11166985680421135
0.11119524728893146
0.11126045855999378
0.11126045855999378
0.11139069770377506
0.11139069770377506
0.11070871601882987
0.11119970906647295
0.11155782957563629
0.11144579428597219
0.11123449672329004
0.11065108255240638
0.11065108255240638
0.11026558010833001
0.10910326893159185
0.10867398917620971
0.10865291802451478
0.11066236284149089
0.1102442614615265
0.10987471302245673
0.10991561174205496
0.11025935482603602
0.10979874827576401
0.10909499544241402
0.110115587389535
0.11173161187839796
0.1123187713304785
0.11259633167002736
0.11285271069686326
0.11254938685010323
0.11254938685010323
0.11278356740030603
0.11380316362290008
0.11380316362290008
0.11444620862935284
0.11430919418772413
0.11404231697661256
0.11496725176086829
0.11516546838963414
0.11415508417717712
0.11500389410510539
0.11553666761251306
0.11514534460274507
0.1140265654876185
0.11302677437944524
0.11211846352866173
0.11139460404236641
0.1107811501646299
0.1107811501646299
0.11069999086738055
0.11000773453752534
0.11000773453752534
0.1100951860119977
0.1100951860119977
0.1100951860119977
0.11014347053509803
0.11014347053509803
0.10932076045339557
0.10932076045339557
0.10936791206997158
0.10980905524709442
0.10980905524709442
0.10980905524709442
0.11003435696820177
0.10929906623697215
0.10929906623697215
0.10929906623697215
0.10948850784209602
0.10890426103415962
0.10890426103415962
0.10977152376147649
0.10935290390697126
0.10941422055884732
0.10941422055884732
0.11022301761162961
0.11022301761162961
0.10943220425637928
0.10943220425637928
0.10943220425637928
0.11016473559523561
0.11016473559523561
0.10988550820693144
0.10984373332540362
0.10998932209384764
0.10946986295734802
0.10960962489095234
0.10932471171013333
0.10911618334822042
0.10975028641961337
0.10975028641961337
0.11035745480020528
0.10992602231355916
0.10867731037935605
0.10942048695874663
0.10942048695874663
0.10885655040693033
0.1083254734348997
0.10904675534005763
0.10809810522656152
0.10702501370738213
0.10659992605393308
0.10583678178925074
0.10583678178925074
0.10626770405095015
0.1071460173757056
0.10739935284010697
0.10627790623583039
0.10765656087508076
0.10766740564875464
0.10637913316737341
0.1065221629751856
0.1065221629751856
0.10639871796954312
0.10639871796954312
0.10639871796954312
0.10605502720394043
0.10465547506257522
0.10399170738042056
0.103438930952034
0.10425177735976834
0.10387020404533448
0.10257840730350082
0.10323940685236901
0.10279889371513673
0.10246795321194492
0.10299955211300948
0.10339365335011072
0.10300266490627129
0.10303171248598417
0.1027447697882013
0.10194337349301588
0.10279691211494427
0.1033726117824647
0.1033726117824647
0.10247885399769419
0.10266621931462003
0.10386136421741837
0.10386136421741837
0.10463672714124805
0.10463672714124805
0.10463672714124805
0.10469562712698972
0.10475295904634505
0.10483538997038647
0.10491887792055084
0.10484290654061386
0.10438438069152108
0.10411198688730115
0.10480297629599641
0.10424668012818954
0.10434304542440116
0.10405483184819704
0.10462492570610599
0.1048422133444029
0.10568171567704858
0.10631631573963207
0.10552935821244278
0.10499357811690262
0.10603408638652366
0.10664364276180989
0.10499277511560287
0.10499277511560287
0.10499277511560287
0.10495866878350509
0.10495866878350509
0.10498636731619869
0.10498636731619869
0.10418577459401149
0.10418577459401149
0.10418577459401149
0.10514354123445441
0.10633071721789578
0.10658522838355147
0.10630352816504583
0.10502198144099753
0.10452412537787345
0.10471331672190197
0.10415393924239184
0.10390887321520724
0.10390887321520724
0.10432748045316373
0.10440002274677132
0.10456253611428713
0.10540794345978863
0.10530102748260602
0.10587662752733594
0.10623325648706877
0.10590068800080214
0.10620496020103252
0.10735681194653592
0.10779976963506732
0.10872302446481467
0.10847415054582003
0.1087049595180879
0.10709609465037703
0.10684974899334676
0.10786321248974852
0.10830304422705204
0.10891815535453325
0.10923792424136648
0.10790329527376014
0.10857506980607301
0.10965464231302584
0.10918780300598807
0.11055323050131843
0.11055323050131843
0.10998988177498514
0.11010799293452737
0.11066511669468297
0.11076809233264186
0.11039681531796107
0.11058980902448776
0.11058980902448776
0.11047598463929865
0.10917802686732084
0.1085969918192492
0.10839511805761726
0.10859789252660129
0.10844300977936241
0.1071735294084059
0.106946071677756
0.10694967474142376
0.10718742903680022
0.10718742903680022
0.10718742903680022
0.10778466957643863
0.10814085674879
0.10814085674879
0.10788855124901105
0.10721155578963751
0.10721155578963751
0.10721155578963751
0.10736267031569141
0.10758791931600079
0.1077060256823015
0.10800996133893498
0.1074027657780895
0.10646346589707543
0.10655883196120516
0.10746059654865171
0.10795097435871524
0.10795097435871524
0.10795097435871524
0.10795097435871524
0.107989651021214
0.10770680903561286
0.1073897883324008
0.1073897883324008
0.1073897883324008
0.10847479539742493
0.10847479539742493
0.10911848168656295
0.10896614242837106
0.10846355117184196
0.10990091546159829
0.10929587511129711
0.10929587511129711
0.10929587511129711
0.11017613550872705
0.11017613550872705
0.110629227371236
0.110629227371236
0.11172732809402482
0.11060549894295209
0.11079976568713021
0.11079976568713021
0.11083822747148127
0.11064981906240837
0.11098139070405073
0.1104468857038658
0.11105400367300056
0.11105400367300056
0.11103296029866612
0.11040400020953074
0.1102606467106354
0.11156841877292872
0.11203286832265465
0.11227937490844313
0.1123056195841376
0.11213996089383942
0.11299016418879529
0.11299016418879529
0.11220839008283226
0.1124854821754048
0.11221417332092763
0.11239538523953017
0.11239538523953017
0.11164893112870392
0.11141104780625605
0.11115393781385079
0.11097156590592572
0.11161090317853228
0.11068667086068348
0.11068667086068348
0.10973123393644889
0.10904684920985029
0.10915711590395215
0.10993456131203909
0.10912152013899909
0.109020245383763
0.10740105271703604
0.10735903309309325
0.10763344503444974
0.10840392312299865
0.10862217823166304
0.1089465094352933
0.10973921953014307
0.10887551811314115
0.10829693048659338
0.10829693048659338
0.10829693048659338
0.1081004822999038
0.10726995079303218
0.10792362828275603
0.107539860289257
0.1080995198130431
0.1080995198130431
0.10785582963540204
0.10830588591445517
0.10798179886660919
0.10804342095408397
0.10772377335791382
0.10763051059954463
0.10790879195104144
0.10823836635827785
0.10844862432200336
0.10844374691331084
0.10853352858137996
0.1076849752542809
0.1076849752542809
0.1076849752542809
0.10815934817202287
0.10779937113578723
0.10657713351723838
0.10656344641839784
0.10707457710876422
0.10694403434605107
0.10695735704285998
0.10707945861872514
0.10707945861872514
0.10773058001124168
0.10859391227854416
0.10859391227854416
0.10882049650183169
0.10920477335214325
0.10973688977364923
0.10919425838100351
0.1102114996494518
0.11053143412800931
0.1106217762963017
0.11087387288932352
0.11087387288932352
0.11075710837560848
0.11075710837560848
0.11246060227925188
0.11281018273426331
0.1110888246369594
0.10969080502852906
0.10928767680114694
0.11004677856734812
0.10938946605205155
0.10980661193368389
0.11029824929677212
0.1115032337119101
0.1115032337119101
0.1100619476564395
0.11050618130397447
0.11026883771896985
0.11061680347179188
0.11061680347179188
0.11130085321225322
0.11078726324903525
0.11078726324903525
0.10981928180144317
0.10981928180144317
0.10964796496579177
0.1106715760315254
0.11097569308084158
0.1118529222565013
0.11017724770087983
0.10973295821700066
0.11042842465866204
0.11042842465866204
0.11042842465866204
0.10963057818987987
0.10963057818987987
0.10902576745531893
0.10886471005670936
0.10784733664226838
0.1079111357865098
0.10919869529776308
0.1094025079514969
0.10884626083507166
0.10943391188028403
0.10943391188028403
0.10970088429536455
0.10969381221274258
0.10875806414805403
0.11018599051072456
0.11006827670565338
0.11006827670565338
0.11033145887054974
0.1103411658123264
0.11057201727964125
0.11066901006421007
0.10882392799766509
0.10882392799766509
0.1089599605588132
0.10889526457278596
0.10907411229993742
0.10883089179003078
0.10785799447167646
0.10902769239260461
0.10924699542286573
0.10952852031440095
0.1098414990018822
0.11034433756188146
0.11070814046169032
0.11007756097177834
0.11047124487711296
0.11102180642596364
0.11102180642596364
0.10949986375309476
0.10988926466204796
0.10889140851524057
0.10903732537757568
0.10873381460173236
0.10990693617083293
0.11087371940201152
0.11087371940201152
0.11077631499340071
0.11180887809462699
0.11108196533216924
0.11108196533216924
0.11089564834625026
0.11089564834625026
0.11099134102862415
0.10986253885624835
0.10983772607531889
0.10904836350567881
0.10904836350567881
0.10764156865768006
0.10764118794488046
0.10764118794488046
0.10764118794488046
0.10771702135964248
0.10740144977674877
0.10777856595318379
0.10777856595318379
0.10777856595318379
0.10777856595318379
0.10788302157650709
0.10812386392619563
0.10812386392619563
0.10815615049767187
0.10691828275962639
0.10759737741998573
0.10867128579093026
0.10911968017254255
0.10817797483228189
0.1086546340729495
0.1080619637766992
0.1080619637766992
0.10837945278679842
0.10837945278679842
0.10748928427680342
0.10743073527649082
0.10743073527649082
0.10710192964641391
0.10719977173617956
0.10719977173617956
0.10719977173617956
0.10719977173617956
0.10691203682742087
0.10898635455286404
0.10898635455286404
0.10898635455286404
0.10845949201679286
0.10860313288186302
0.10860313288186302
0.10860313288186302
0.10877826718177273
0.10940477853925305
0.11028436460418276
0.11159483803074954
0.11195752955704043
0.11175069111547493
0.11200575623437692
0.11126417847887425
0.11120686554012
0.11014052780705905
0.10932176421314034
0.11032531225184035
0.11093243726779965
0.11094077106675326
0.11232980426065778
0.11151912302263575
0.11151912302263575
0.11151912302263575
0.11151912302263575
0.11151912302263575
0.1111650542085274
0.11131657647849359
0.11053633799673361
0.11150127941884716
0.11213173297055633
0.11128895879750136
0.11128895879750136
0.11099656605866533
0.11155938883672147
0.11149686749786998
0.1109088632347206
0.11132177280956418
0.11132177280956418
0.1117939739369479
0.1110083560924441
0.1110083560924441
0.1110083560924441
0.10950933118487159
0.10882029840353336
0.1083311342176727
0.1089091458932015
0.10909274951382235
0.10962122076644547
0.11101618741882942
0.11087177486534204
0.11101534845624608
0.11210580275349327
0.11185659262506473
0.11211077304978796
0.1118909898870631
0.1115906322201732
0.11190500858074282
0.11141401120391775
0.11141401120391775
0.11141401120391775
0.11176141079982915
0.11176141079982915
0.11065975387562957
0.10940834205701129
0.10855261487881727
0.10855261487881727
0.1092652830123715
0.11064557693919226
0.10960752168845257
0.10951155060576763
0.11003847504509767
0.10995860344092882
0.10992771674810041
0.10992771674810041
0.10933928977408967
0.11010123640817021
0.11054818855330478
0.11057444297136715
0.1114217578161328
0.1114343489855104
0.1114343489855104
0.11104467782898675
0.11104467782898675
0.11112467363005894
0.11161506894759898
0.11161506894759898
0.11285801216063308
0.11205972920651663
0.11256442089047937
0.1123659275909715
0.1122628601194612
0.11238265325339537
0.112836151142403
0.11377928763518662
0.11348152360902994
0.11306936251202944
0.11287757882679088
0.11287757882679088
0.1139848549504564
0.11306139657674348
0.11380196702563888
0.11380027691106896
0.11234089932720573
0.11234089932720573
0.11224669770271947
0.11215057880659009
0.11150633409281728
0.11080487252748765
0.11051740460031943
0.11143014587478739
0.11177803133972383
0.11107756989345481
0.11107756989345481
0.11140256099889291
0.1119269101782912
0.1119269101782912
0.1119269101782912
0.11236233892688463
0.11147461621639519
0.11158013999749254
0.11145550944134104
0.11145550944134104
0.11145550944134104
0.11140104066611592
0.11218371920440975
0.11225745512685595
0.11225745512685595
0.11236604712467263
0.1121361981538155
0.11196759041421271
0.11103811664209698
0.1116819997999417
0.11152885704196688
0.11152885704196688
0.1111915575216735
0.11116388063327937
0.11136388889948988
0.11136388889948988
0.11153155145199817
0.111212342333729
0.111212342333729
0.11061868009235426
0.11112530893453745
0.11186069472817164
0.11080406254936488
0.11009098519395581
0.10940891715112602
0.1078307244961308
0.10795130647541978
0.10787124790883419
0.10787124790883419
0.10787124790883419
0.10787124790883419
0.10791574368852311
0.1078950099084744
0.10846554897706337
0.10846554897706337
0.1088223937359402
0.10905171313182367
0.10905171313182367
0.11026980807432651
0.11036205931183646
0.11053183091506358
0.11073492703173515
0.11073492703173515
0.11202195813830813
0.11168251767721885
0.11095981018465957
0.10958903461396156
0.10958903461396156
0.11084281389091723
0.10957654398807914
0.10957654398807914
0.11062005112647376
0.11033318824124702
0.11033318824124702
0.111516349494582
0.111516349494582
0.11129757678164545
0.11157537358428617
0.11198035113313141
0.11256523324001308
0.11256523324001308
0.11245194314747964
0.1124060099453086
0.1124060099453086
0.1124060099453086
0.11286762185107228
0.11286762185107228
0.11328355159119699
0.1137959600064243
0.11245851230313242
0.11191162189527626
0.11279497368821291
0.11391196841801883
0.11391196841801883
0.11498910915262765
0.11371937009453152
0.11380831442570567
0.11649325883775934
0.11581471471534957
0.11637956523653846
0.11661912941190618
0.1167848687983159
0.11549112918017855
0.11549112918017855
0.11540699138229868
0.11492612426192467
0.11395098859521188
0.11395098859521188
0.11371362338349746
0.11297711970386382
0.11326968535397748
0.11229889503646862
0.11229889503646862
0.11229889503646862
0.11229889503646862
0.11249830056853956
0.11266105335673805
0.11160786963532489
0.11091417977022104
0.11066594394108907
0.11088527330242202
0.11032503018023881
0.1101434610053159
0.10938770054949641
0.10862146552953576
0.10890049840027322
0.10918267590385074
0.10886973541272991
0.10994247854212438
0.11045395375732944
0.11045395375732944
0.11079870829473293
0.11079870829473293
0.11177537227879654
0.11228901966832001
0.11266009116024456
0.112382915318642
0.11182555441020692
0.1122044335578938
0.11261978714476882
0.11317691077389846
0.11317691077389846
0.11317691077389846
0.11237537725468251
0.11233555214475459
0.11233555214475459
0.11318304876766343
0.11322681757736562
0.11166448169187258
0.11253704665148535
0.11253704665148535
0.11253704665148535
0.11391523639071484
0.11426152234991463
0.11377321108467761
0.11327854225757812
0.1127920924207801
0.11255100467493585
0.11255100467493585
0.11289799993737955
0.11305374681851808
0.11305374681851808
0.11433053363189813
0.11433053363189813
0.11537202457805046
0.1145859242846399
0.11403682951199919
0.11403682951199919
0.11404761418199437
0.1144379287649019
0.11422642064102835
0.11427082396399316
0.11421352697901625
0.11329428160654555
0.11297834463732767
0.11325978743869275
0.11331405885623214
0.11414534033695507
0.11523864379526613
0.11557894501037866
0.11557894501037866
0.11450348473618621
0.11577204928294889
0.11577204928294889
0.11503200656617191
0.11462474989759419
0.11533710525596293
0.11494548429948309
0.11437644460299802
0.11437644460299802
0.11437644460299802
0.11437644460299802
0.11380575855092884
0.11537551484532742
0.11454461969737181
0.11454461969737181
0.1156550829306303
0.11562041790784676
0.11506497617795715
0.11506497617795715
0.11541254577880636
0.1149403221934726
0.1149403221934726
0.11449731287015434
0.114849042193711
0.114849042193711
0.11363387094573905
0.11351576966601697
0.1142568617414763
0.11434104357465862
0.11450726557091272
0.11430292576372467
0.11430292576372467
0.11312364696604828
0.11383807175881948
0.11383807175881948
0.11541791372646333
0.11554746551024599
0.11518252721737872
0.11487222007694275
0.11393929992238949
0.11455026695989212
0.1146033567739746
0.1146033567739746
0.1159586913265568
0.11546736371466337
0.115533363382561
0.115533363382561
0.1145497495291205
0.11353608148384947
0.11302597207845146
0.1129008612796458
0.1138996357539847
0.11421814360912906
0.11532173261544199
0.11466858397860716
0.11489553031319284
0.11489553031319284
0.11529159887621501
0.11529159887621501
0.11529159887621501
0.11478258451899843
0.11546196043084878
0.11479605395309563
0.11360240299224401
0.11356468525318472
0.11307331525254184
0.11306642540865217
0.1137035383693124
0.1137035383693124
0.11444987695284783
0.11362834687252711
0.11277490602631945
0.11277490602631945
0.11210164621475428
0.11210164621475428
0.11182561901297342
0.1120633533496564
0.1120633533496564
0.11290904234211684
0.11409262375423387
0.11258341428460429
0.11260110986500482
0.11144885276327128
0.11148352956399106
0.1108109895819986
0.11140532713053497
0.11179868600066084
0.11122369513946864
0.11119370070694014
0.11144013076113735
0.1119904067166642
0.1119904067166642
0.1118491529043594
0.11170467354646504
0.1123934702386207
0.1123934702386207
0.1123934702386207
0.11287912608106636
0.11287912608106636
0.11255211067442733
0.11255211067442733
0.11255211067442733
0.1118747912048789
0.11161602358841338
0.11161602358841338
0.11099676111090585
0.10921439197133707
0.10945530901644096
0.11006897432053625
0.11006897432053625
0.1100181394601006
0.1101303694481087
0.11013702433129667
0.11144014197015246
0.11282108877406627
0.11145680014259113
0.11145680014259113
0.11041194372481776
0.11134410531773554
0.11227372984626818
0.11145078692542063
0.1112421101887573
0.11296839614448353
0.11340700477072872
0.11343894175471375
0.11343894175471375
0.11316784148047168
0.11316784148047168
0.11318664131256176
0.11379939442474829
0.11379939442474829
0.11359724973212726
0.11282937471385261
0.11282937471385261
0.11209091416292524
0.11328424537452375
0.11328424537452375
0.11362940195984268
0.11362940195984268
0.11362940195984268
0.11443849431340296
0.1138041337689347
0.11299617627244825
0.11262083045978241
0.1121382229243045
0.11106693108206903
0.11142187044515307
0.11261380164905824
0.11261380164905824
0.11184700426709279
0.11218535151888907
0.11181075110159075
0.11212930664014115
0.11058403360244545
0.11049642756841621
0.11028860784919091
0.11028860784919091
0.11031474216643805
0.11031474216643805
0.11138874945186399
0.11182220807939268
0.11343184251777803
0.11363504629065464
0.11363504629065464
0.11256533957913681
0.11225349380806521
0.11092200163209712
0.11295968262720306
0.11295968262720306
0.11295844533695945
0.11134578788349712
0.11217400482834639
0.11363126096436248
0.11346514069446098
0.1116297665639467
0.1116297665639467
0.11153079022361524
0.11091040578740324
0.11085516202040194
0.11088138075052847
0.1112196631378632
0.11050503235908704
0.11096135222934715
0.11037571033910493
0.10938322338928451
0.10938322338928451
0.10902223895437048
0.11014369214588177
0.10972866292359715
0.10971547762845298
0.10913248869964412
0.10846103095910435
0.10770145919143297
0.10882136906067001
0.10775191609432257
0.10750125231181244
0.1084948277118925
0.1087771111093014
0.10896218100857238
0.1101716276565114
0.11030760086334274
0.11030760086334274
0.11085106621441795
0.11093093423394114
0.11094721298492244
0.11094721298492244
0.10960088619242997
0.11000512535185561
0.11016814805555708
0.10979719487692191
0.10968292534286095
0.10926533813858162
0.10926533813858162
0.10824037517889158
0.10868657262929031
0.10868657262929031
0.10825957014339084
0.10936260960575823
0.10931180948638268
0.10842718031821423
0.10864654510784447
0.11010475796318124
0.11075233472100444
0.11006834789976405
0.11070152843788071
0.11070152843788071
0.11064495936219805
0.10952918110871641
0.10921336022755926
0.10921336022755926
0.10948597387866338
0.10948597387866338
0.10883698327403483
0.10883698327403483
0.10923678600030266
0.10916270232266222
0.10901544102314444
0.10889329890824573
0.10889329890824573
0.10886965124836198
0.10917539181883817
0.10871562863490067
0.1094960097971771
0.1094960097971771
0.10910697604932229
0.10867117850275843
0.10867117850275843
0.10845276597520365
0.10883404774872436
0.10883049730662112
0.10852073823361431
0.10830358658538271
0.10963711520629742
0.10963648180905433
0.11058733577427493
0.11058733577427493
0.1106198847185582
0.1106075632289059
0.11111210360980409
0.11115536541609951
0.11079416207944025
0.11039241477805187
0.11033481026623501
0.10951759062015354
0.10933290345391361
0.1104179909813973
0.1104179909813973
0.11011474212603019
0.10859714463003295
0.10859714463003295
0.10851290048095105
0.10881281582396654
0.10932621591940678
0.10990904766157283
0.10990904766157283
0.1107060189359302
0.11080095705304424
0.11080095705304424
0.11091092677147818
0.11005567771091931
0.11001119787795922
0.10855223416965054
0.10887440250879932
0.10867672307441317
0.10931474184035372
0.10931474184035372
0.10728082877286961
0.10682349286710693
0.10691108990961529
0.10599362721731584
0.10600760813932923
0.10600760813932923
0.10641293222569108
0.10702138820097619
0.10779325582859343
0.10694039214229376
0.10694039214229376
0.10694039214229376
0.10653383374962723
0.10653383374962723
0.10764888592546076
0.10876333669032108
0.10931037690035626
0.10974900991523517
0.11002231831275829
0.11002231831275829
0.11002231831275829
0.11053964581718487
0.1095548742581649
0.10980339488253868
0.11029719424150093
0.11089373404881461
0.11089373404881461
0.11061895813281337
0.11051671455164187
0.11059812586641994
0.11059812586641994
0.11118518110693992
0.11003353557739246
0.11009529115852679
0.11042551327482106
0.11046869420929065
0.11070145706590298
0.11059480046686973
0.11036831661318096
0.10953649356870127
0.11053343393622496
0.11091475789146463
0.10998486888861157
0.11090085727916339
0.11013700255244802
0.10941129225097064
0.10911608410797152
0.10947581585933858
0.10947581585933858
0.11104767937324664
0.11086953730132017
0.10993302506964919
0.10957353673649646
0.11026007543635001
0.10911300660853142
0.10833828663555918
0.10818260044489789
0.10824174826639638
0.108702080870292
0.10869333722799708
0.10851897470464994
0.10933228289059044
0.10902444444614354
0.11056038462717094
0.10967282645023117
0.10909134743650233
0.10874399004450995
0.10927662463328953
0.10864479490618546
0.10968432771746055
0.11086879599535511
0.10978325982076403
0.11017249071061844
0.11055604526972343
0.1115567166958175
0.11221299778642589
0.11213899103780137
0.11213899103780137
0.11123230307312343
0.11015511516605218
0.11015511516605218
0.1098511077120927
0.1098511077120927
0.1098511077120927
0.1099602607667757
0.1106887142937112
0.11074095171034126
0.10902246801470747
0.11007581094487914
0.11232692147132965
0.11105448245531896
0.10996280653216856
0.10960495376538795
0.10960495376538795
0.10960495376538795
0.10960495376538795
0.11071487398814867
0.11095080266817363
0.11095080266817363
0.11095080266817363
0.11153766302498135
0.11161546082596387
0.11183962148285347
0.11108116284851248
0.11099520050069017
0.11053407754554373
0.11068933275552358
0.11201997752145497
0.11190455818233548
0.11196236485879696
0.11247978148992921
0.11194601362106536
0.1122587365616749
0.1122587365616749
0.11245484391236756
0.11238764054024956
0.11195013573565463
0.11195013573565463
0.11150088911549856
0.10952683696149984
0.1102658006164095
0.1098811430406045
0.10951155547807911
0.10982106769529633
0.10926465607411985
0.10932354126289273
0.10932354126289273
0.1098508467918819
0.1098508467918819
0.10957075885639116
0.10962516337364633
0.1099205826628065
0.11078851993848439
0.11079533508363418
0.11020086410372532
0.11020086410372532
0.11056540782670073
0.11058650138891808
0.11055344610648113
0.11151470011576602
0.11151470011576602
0.11203267351238762
0.11069902120983521
0.11183829492866484
0.11017543457968532
0.10925328886936264
0.1092200295385186
0.10959920591984132
0.10948727898292368
0.10887500928990834
0.10878872965520026
0.10979730446424937
0.10979730446424937
0.1099718894761028
0.11021970818149342
0.10923782910370858
0.10986770410177149
0.10986770410177149
0.10986770410177149
0.110916605610015
0.11012450509363716
0.10952973651990841
0.10923648999447609
0.10967602109493495
0.11035601702350302
0.11076184520117069
0.10895334353007301
0.10895334353007301
0.10899415098244013
0.10899415098244013
0.109189062618124
0.10927735336258457
0.10927735336258457
0.10927735336258457
0.11016185597673553
0.11013562499131861
0.11068053899728614
0.11068053899728614
0.11004407559561516
0.10965729930283917
0.11053156723323868
0.11031862688560044
0.11031862688560044
0.10982103919946776
0.110267684687627
0.11050473556461003
0.11050473556461003
0.11050473556461003
0.11062584159701051
0.11050157186512351
0.11190203180202643
0.11107430088591058
0.11107430088591058
0.11107430088591058
0.11114907922568487
0.1106105201604153
0.11161311083142088
0.11145868617178675
0.11145868617178675
0.11275031550331671
0.11310089821124614
0.11084194359972067
0.11084194359972067
0.11155656682247582
0.11146565219361874
0.1120720371610156
0.11102126807849903
0.1096606529353801
0.10909107221753876
0.11024445410608318
0.11048652038203648
0.1110067581575095
0.11101954951181708
0.11145821649387683
0.11095414426226982
0.1115569992425356
0.11122378376223953
0.11122378376223953
0.11087748742680832
0.11119122743828606
0.11004360533788371
0.1107735959579403
0.11015097512664718
0.11031594116205366
0.10963487468009908
0.10963487468009908
0.11094852757088533
0.11155521553688014
0.11175525814551543
0.11203308445726985
0.11203308445726985
0.11165470635559717
0.111743636083824
0.111743636083824
0.11191456582067968
0.11328120249144252
0.11411706843244661
0.11483140390173815
0.11376429072381583
0.11518751296487097
0.11472170388197292
0.11530892234184549
0.11570953197718596
0.11570953197718596
0.11407447802304028
0.11299886131278479
0.11334591970465932
0.1126394136406783
0.11416282645459903
0.11595913495657338
0.11563341056825208
0.11563341056825208
0.1158737054934323
0.11531255275055256
0.11451725562709288
0.11268203558858134
0.11109353836942658
0.11095749434388245
0.11018852798097602
0.10976406484348675
0.11013729403884713
0.11013729403884713
0.1101543914296612
0.11075407914537277
0.11037800187543757
0.11076377342391763
0.11076377342391763
0.11076938865701075
0.11076938865701075
0.11123712064787858
0.11123712064787858
0.11163915726683314
0.11179632724403377
0.11179632724403377
0.11322834000377752
0.11248475846524532
0.11253934595028912
0.11253934595028912
0.11103134385389778
0.11117914371686338
0.11124666217433889
0.11015371651683149
0.11053680621804371
0.10885206192405801
0.10885206192405801
0.10855929825301278
0.10860352610215557
0.10917665661287457
0.108181564868567
0.1100015604801766
0.10965440337308599
0.11055741913134476
0.11051887287595691
0.11111858116294311
0.10987756502643474
0.11003720160672353
0.10977368397913125
0.11087085733028436
0.11103532711369317
0.1112928653844085
0.10977940625759963
0.11036897939960641
0.10954260472387957
0.10938729479108439
0.10938729479108439
0.11025257090702734
0.11004005426223985
0.11000322890166646
0.11000322890166646
0.11061700642195642
0.11047981453625642
0.10967264913935576
0.10967264913935576
0.11085592939531395
0.11085592939531395
0.11085592939531395
0.1097539679581872
0.10893734513420122
0.10928258970414345
0.10928258970414345
0.10927712429479039
0.10948099947175526
0.10894041427980423
0.10861320946130588
0.10837071862430687
0.10837071862430687
0.10649627796299554
0.10612538988941836
0.10598052347806838
0.10585534420960457
0.10585534420960457
0.10585534420960457
0.10781356918690993
0.10692670469537977
0.10692536874213078
0.10706075963400154
0.1075740334374379
0.10814241085078538
0.10814241085078538
0.10711693975221377
0.10725380219655743
0.10790117417340765
0.10752487412189866
0.10729168194337825
0.10832160036569784
0.10832160036569784
0.10697571135679573
0.10583704082191268
0.10594030540786092
0.1072040277751567
0.10697972724256227
0.10614475457561784
0.10557016569305694
0.10582513596811868
0.10558445796029474
0.10577271017781413
0.10684932357039204
0.10692970243613818
0.1065961424644658
0.10669797816414976
0.10670545351107347
0.10700105576554385
0.10696132685214452
0.10787743030263629
0.10834776817866709
0.10744455440592326
0.10703123708921611
0.1076649135668533
0.10766297963336953
0.10816518597073291
0.10791587259402746
0.10927768549433345
0.10927768549433345
0.10950291238088489
0.11016297888840954
0.11053897188390718
0.11024584084901555
0.11024584084901555
0.11024584084901555
0.11024584084901555
0.11085093795346805
0.11012149289713402
0.1102003720324453
0.11105609802649818
0.11052660923947313
0.109623835796064
0.10989515475158577
0.10989515475158577
0.11048036274836877
0.11100521311720941
0.11100521311720941
0.11037517436224119
0.11037517436224119
0.11060222276174962
0.10992597542319454
0.10992597542319454
0.10890797758517198
0.10890797758517198
0.10901819413504871
0.10898594021400365
0.10917765819557293
0.10917765819557293
0.10917765819557293
0.10688285877633177
0.10736738132919389
0.10736738132919389
0.10736738132919389
0.1083454085081059
0.10772902969640856
0.10772902969640856
0.10922176932041623
0.11004785598831132
0.1104065949353587
0.1101769104872558
0.11066568968129284
0.11102632808695428
0.11102632808695428
0.11168072366119566
0.11168072366119566
0.11168072366119566
0.11165671756265237
0.1109774057945904
0.11027849638137202
0.11022646596943082
0.11022646596943082
0.11022646596943082
0.10930938445699283
0.1091103510667006
0.10956403874349886
0.1086145141721464
0.10796006129703746
0.10710974446675907
0.10744334277645691
0.10710743118275898
0.1070609986039359
0.10767864889981274
0.10688418814224834
0.10818373268849228
0.10863627920916426
0.10863627920916426
0.10807912052209662
0.10824949534538432
0.10854440478103175
0.10895618652044806
0.10839681420270353
0.10818276535425143
0.10748148441135823
0.10757742860983209
0.10786488470913988
0.10786488470913988
0.10736890293158029
0.10736890293158029
0.10701040178079024
0.10593457746124058
0.1064623574811025
0.1064623574811025
0.10707814082689025
0.1080016049614017
0.10833100789477419
0.10785145550872265
0.1058886986899314
0.10516988909906236
0.10636518311890894
0.10607305721194325
0.10607305721194325
0.10507891963284673
0.10486133458495908
0.10541482492262086
0.10541482492262086
0.10514955303435711
0.10439953920481139
0.10421254921466078
0.10421254921466078
0.10393807011037605
0.10519637923729076
0.10436871086137972
0.10441214699176707
0.10372901575385667
0.10387192881065246
0.10313478824936598
0.10330026155869144
0.10264383310648692
0.10299722444655929
0.1034819496340915
0.10484642216656985
0.1045502880266775
0.10433289074686274
0.10449601107275337
0.1044041234030063
0.10505240525645727
0.1052047245297279
0.10584690235251143
0.10496988203953887
0.10492446747247926
0.10443716117327999
0.10426414223001386
0.1049198804851918
0.10485091592693851
0.10472216642784035
0.10669540357344127
0.1069869167512731
0.1069869167512731
0.10619548303399087
0.1067717956381742
0.1067717956381742
0.10648597979303681
0.10675609285388252
0.1079528912132246
0.10773732242632704
0.1086038408575867
0.1079126216670908
0.10711803408968514
0.10711803408968514
0.10674575002899589
0.10658681419736236
0.10718321071588
0.10717310072174409
0.1057726419637692
0.1057726419637692
0.1057726419637692
0.10685498116383739
0.10685498116383739
0.10753227133763775
0.10730829342369837
0.10841043934820128
0.10890093195048209
0.10828555456284839
0.10762513689775398
0.10821159475401443
0.1078332306008955
0.10820491039952965
0.10824318977839996
0.10814296596472597
0.10799131444246553
0.10783957828081742
0.10759977855606093
0.1071002450297205
0.10787392707093583
0.10802002486788853
0.10802002486788853
0.10787229570993385
0.10834324491121798
0.10902835958310421
0.10902835958310421
0.10902835958310421
0.10902835958310421
0.10921265037841205
0.11041965678431259
0.10970013993915387
0.10829766328510136
0.10819293465106472
0.10943607162204214
0.10929053607262972
0.10987671505370798
0.11093311169100603
0.11003640535091229
0.11142289376414018
0.110663802567355
0.11107797381278027
0.10956594631063017
0.10875197629065034
0.10822949061984685
0.10888843056232717
0.10888843056232717
0.10888843056232717
0.10888843056232717
0.10888843056232717
0.10839864557509148
0.1077408982002591
0.10831499205056125
0.10861774006268524
0.10753049253535604
0.10732545477646899
0.10718364884020928
0.10718364884020928
0.10717650265544945
0.10827669609004359
0.10886882920125336
0.10886882920125336
0.11004758703043989
0.11053301422463159
0.11053301422463159
0.11053301422463159
0.11102815011762329
0.11128787090579874
0.11128787090579874
0.11121216331013686
0.11133560082032888
0.11133560082032888
0.10950060335190169
0.11025567792406188
0.11011927245324217
0.11086916244826789
0.1097498634439473
0.1096382175707401
0.1096382175707401
0.10993611026413436
0.11005788658096123
0.11099844945543315
0.11061786237229748
0.11176650490850182
0.11181951440546681
0.11086933807902462
0.1111672672156098
0.11174988787772984
0.11177880730327339
0.11159033775260654
0.11159033775260654
0.11209263200268699
0.11227224639767806
0.1116675927178952
0.11178674261300062
0.11094806633748965
0.11094806633748965
0.11158681800780887
0.1123390287947679
0.11147202561278809
0.11242805260724659
0.11260745494509478
0.11145928138289567
0.1108175760764732
0.1108175760764732
0.11004857345241388
0.11004857345241388
0.11028954032084123
0.11028954032084123
0.1106469244061467
0.11018556828080366
0.11001816075038205
0.11045388453470631
0.11027599677024742
0.11027599677024742
0.10883014210443391
0.10962930298791203
0.11021999561590286
0.11043462145557716
0.11043462145557716
0.11043462145557716
0.11055039146223314
0.11055039146223314
0.11161711988987431
0.11046738498976921
0.11046738498976921
0.11030136672870393
0.11050733072890037
0.11050733072890037
0.11050733072890037
0.11003825477349256
0.11003825477349256
0.10983709714390183
0.10983709714390183
0.10930845421364549
0.10861001232939059
0.10776836918137728
0.10786245603734711
0.10786245603734711
0.10786245603734711
0.10768733751201652
0.10768733751201652
0.10808356310322477
0.10836485143265431
0.10856535336056525
0.10905797305627099
0.10905797305627099
0.10957860923229495
0.1091369574035867
0.10886163650530398
0.10914470590341203
0.10810044649390059
0.10791615231215923
0.10760985926250335
0.10850883939420373
0.10833447360764081
0.10819280948824019
0.1084898911472167
0.10886564358976712
0.10996811012574234
0.10996811012574234
0.10889277920012899
0.10995647715233396
0.10968158370466617
0.10971154376026647
0.1104138333141263
0.11063912191162785
0.11063912191162785
0.11079529840095333
0.11064114251851769
0.11174895491017045
0.11174895491017045
0.11174895491017045
0.11104639938216716
0.11135134487659534
0.11184209662020332
0.11157029406168421
0.11086392785947921
0.11180332563642582
0.11266803948892341
0.11347114433193624
0.11370504570981106
0.11426750888749054
0.1135725123226248
0.11357909045735397
0.11428486809233167
0.11288903844438627
0.11247922791171261
0.11345906008864017
0.11345906008864017
0.11345906008864017
0.11345906008864017
0.11356372541568736
0.11292169111031589
0.11292169111031589
0.11231840352999337
0.11283911560744074
0.11258516064906607
0.11334375853913584
0.11343210034457286
0.11412539262979861
0.11246185072805259
0.1127445406638354
0.1128626563282851
0.11362960179054334
0.11445081787305354
0.11467265115039928
0.11467265115039928
0.11497940661284765
0.11442303358646018
0.11485538677239925
0.11382409343857247
0.11372724883105727
0.11323507203799318
0.11369679930710494
0.11593785800350284
0.116487586119516
0.11826549956216612
0.1180844884317261
0.1180844884317261
0.1180844884317261
0.1180844884317261
0.11721750602790038
0.11726158116759086
0.11726158116759086
0.11737464715853631
0.11762440506530586
0.11698799031267856
0.11698799031267856
0.11698799031267856
0.11698799031267856
0.11681405623479016
0.1171546652751135
0.11793013654472652
0.11718183917343207
0.11735175920015152
0.11641629546360863
0.11696148110222213
0.11632851634164931
0.11632851634164931
0.11556595144937121
0.11588634149305929
0.11546414980269672
0.11546414980269672
0.11501650111859628
0.11493166907426487
0.11493166907426487
0.11405073586927118
0.11466498054405265
0.11466498054405265
0.11490314958296238
0.11482053745681771
0.11548968390099543
0.11588652315805512
0.11680381216335825
0.11680381216335825
0.11655128348022005
0.11692356676408287
0.11700519015820532
0.11606260707934485
0.11530592994859373
0.11421753145794913
0.1139012447374986
0.11475800215090487
0.11477344068854269
0.11528513033099017
0.1149010923078359
0.1149010923078359
0.11438273045347223
0.11476047430047383
0.11476047430047383
0.11476047430047383
0.11476047430047383
0.11495920264751648
0.1151251429653406
0.1151251429653406
0.1155431518133513
0.11512181859857906
0.11381812655350017
0.11381812655350017
0.11363072221275129
0.11377370219460683
0.1137478897225718
0.11345266757371389
0.11367749950448662
0.11227469929289519
0.11209362738247887
0.11209362738247887
0.11209362738247887
0.11249705780820624
0.11328483663845253
0.11436444930350675
0.11436444930350675
0.11423192002997366
0.11546050534253023
0.11524521614975089
0.11489239592396788
0.11512237879807248
0.11481246090125063
0.11501363895211472
0.11501363895211472
0.11629584665189531
0.11766426585655829
0.11672862549050955
0.11724267192987409
0.11626256651210375
0.11629133467714503
0.11518359039075787
0.1151043740940216
0.11402092757511312
0.114297264534111
0.114297264534111
0.11374852018679149
0.11368149430382075
0.11368149430382075
0.11361617475879397
0.11428652784013044
0.11428652784013044
0.11452556971636199
0.11389781478545614
0.11397804263494736
0.1140908857729513
0.11453929187817473
0.11453929187817473
0.11453929187817473
0.1147694653834954
0.11501511889781729
0.11568967045027295
0.11474784448990305
0.1153779670847587
0.11547836179616099
0.11547836179616099
0.1157697716120107
0.11574363527078947
0.11625600248641679
0.11636954823697235
0.11617243387619097
0.11546070302913505
0.11557752951806088
0.11434554724388094
0.11296216678190688
0.11209053086463053
0.11212735288554071
0.1117673101885152
0.1117673101885152
0.1117673101885152
0.1122595239703657
0.11244764213660399
0.11072104752463499
0.1107176639977719
0.11021320670175917
0.11190974045832126
0.11317023162111935
0.11272108801655165
0.1131061397702681
0.11349270449629155
0.11333431641016516
0.11400954953691875
0.11434920804234838
0.1140724511664122
0.11285861050925908
0.11252412322047627
0.11197610153068231
0.11286456665448684
0.11263360447636377
0.11206938910762337
0.11152102942941548
0.11152102942941548
0.1121540433841355
0.11212416531739423
0.11212416531739423
0.11121482831480188
0.11042172569766323
0.10943136830139448
0.10926573160183757
0.1091532549032871
0.10935851225942923
0.10973724264186155
0.11001063390464044
0.11014554583611934
0.11017585727611479
0.11017585727611479
0.11045495186382485
0.11010820567904966
0.11010820567904966
0.11005535983091012
0.10892443377267964
0.10975327747616859
0.11106669287130823
0.11196370891936726
0.11269906993778203
0.1127025085248643
0.1127025085248643
0.11224720246141746
0.11137224760806093
0.11137224760806093
0.11097680253286467
0.11140701184030549
0.11124343244827029
0.111710990896695
0.111710990896695
0.110800550459539
0.11248455424717986
0.11248455424717986
0.11271376905975725
0.11191464254982365
0.11220101422979124
0.11184270054785145
0.11184270054785145
0.11127067627123048
0.1118014076561999
0.11275802121686179
0.11282324032141916
0.11258364059445776
0.11200167441436062
0.11261653645443463
0.11253088504320696
0.11334764931314856
0.1141401192910796
0.11459307273992503
0.11407886177099559
0.11196818307138469
0.11341255770793637
0.11229843257217276
0.11229843257217276
0.1119713037456541
0.1119713037456541
0.1128210655326417
0.1133465264679581
0.11397920344906276
0.11409817605871847
0.11285189564979867
0.1127423222568819
0.1127423222568819
0.11365339260184353
0.1126189199283389
0.11257671933964443
0.11340775169402478
0.11340775169402478
0.11285805550774497
0.11285805550774497
0.113419907270686
0.113419907270686
0.11319462653304097
0.11319462653304097
0.11358649880892442
0.11286860768034414
0.11269164997165032
0.11372671545125858
0.11451991112432439
0.11519446131329897
0.11532840919913738
0.11471182216655976
0.11471182216655976
0.11471182216655976
0.11437022997588697
0.1141750360494015
0.11518791118103935
0.11447368843778014
0.11522993623089266
0.11522993623089266
0.1150518334645124
0.1150518334645124
0.1150518334645124
0.11564600823048295
0.11664163054788494
0.11664163054788494
0.11664163054788494
0.11597476205441076
0.11679541800259056
0.11741230295095988
0.11741230295095988
0.11636875005249793
0.11572774117717204
0.11551692621918505
0.11489040115311934
0.11514667707546739
0.11404443557087637
0.11359163345309933
0.11327902080012567
0.11294924648445326
0.11260437028537221
0.11258580438024297
0.11275265350068667
0.11392941457579775
0.11392941457579775
0.11283238221378188
0.11275816245698804
0.1125648607731994
0.11313758548019505
0.11337747461442474
0.11337747461442474
0.11257508408005902
0.11368812303123173
0.11427497499400394
0.11474651892187533
0.11479274630540956
0.11543550047678537
0.11567064972500575
0.11567064972500575
0.11682568170904854
0.1178728668484011
0.11825588554995055
0.1184144957850709
0.11816921379748377
0.11816921379748377
0.11803893077478927
0.11766819931048268
0.11727791374637736
0.1165285406492098
0.11636081917926755
0.11601597469097075
0.11601597469097075
0.11601597469097075
0.11489755312077539
0.11534540204072088
0.11629121372677269
0.11629121372677269
0.11518842691246876
0.11468742377766912
0.11563017073542231
0.1160890276895784
0.11550951655987278
0.11550951655987278
0.1159565174119937
0.1147835781904236
0.11497057423257494
0.11400876564808785
0.1149329638583503
0.1149329638583503
0.1149329638583503
0.11422355087342646
0.11361515508005021
0.11286829179449798
0.11286829179449798
0.11247450686346404
0.11247450686346404
0.1111440258329373
0.11115180861823795
0.11186965750247484
0.11186965750247484
0.11064175561361572
0.10913199478998727
0.10913199478998727
0.10965411936748391
0.10965411936748391
0.1090042969499834
0.1089797354597427
0.1089797354597427
0.10959779150132143
0.11156971771192652
0.11114487753030738
0.10972950015142179
0.10888275804843808
0.10894693926020531
0.10970694622188058
0.10856092596221922
0.10768093418524867
0.10768093418524867
0.10848066470100279
0.10922756082062864
0.10923386888308478
0.1104642997765167
0.1097163585105149
0.1097163585105149
0.10953789327989678
0.1097030104278439
0.10925506206184392
0.10966633945559681
0.1098927886777517
0.1098927886777517
0.10844750276271971
0.10844750276271971
0.10833217500597589
0.10921679405220942
0.11014453123582293
0.11014453123582293
0.1115467502608183
0.11116607503045862
0.11277756846921047
0.11281341515961947
0.11381816982394531
0.11381816982394531
0.11454305095717766
0.11512483757811022
0.11512483757811022
0.11441992308998693
0.11401710161688675
0.11459642460300269
0.11436239630616842
0.11458821773013093
0.11466558268514035
0.11390006335866978
0.11225669131720632
0.11166787117963976
0.11166787117963976
0.11166787117963976
0.11188371702823346
0.11238928686615571
0.11216005628136401
0.11195541941126504
0.11195541941126504
0.1114573962580379
0.11178718541876949
0.11178718541876949
0.11178718541876949
0.11094314055781136
0.1105733113573384
0.11150576312015595
0.11246615521098836
0.1125715411796391
0.11264368559926649
0.1132086218832123
0.1132086218832123
0.1132086218832123
0.11388322100684029
0.11388322100684029
0.11351067432031589
0.11315788965850603
0.11437377268071167
0.11333881394337235
0.11331197867864279
0.11331197867864279
0.11326324065526296
0.11301165025652712
0.11318222294164794
0.11366599371627235
0.11342371656247797
0.11486730609814386
0.11612609659747161
0.11550848034215346
0.11567755308880573
0.11458345231477679
0.11414238523432445
0.11414238523432445
0.11414238523432445
0.11434870155090286
0.11408529688111346
0.114065383497223
0.1147908204180124
0.11561563903230361
0.11599464606098629
0.11604156245739557
0.11567462067802091
0.11533352876404013
0.11408569703476273
0.1136663702211275
0.11255812531795323
0.11264186013486935
0.11264186013486935
0.11227958090460825
0.11227958090460825
0.1120159921930953
0.1120159921930953
0.11207291112744215
0.11124003163436301
0.11046433139474247
0.11046433139474247
0.11010891966671837
0.10959181062354735
0.10867057765201499
0.10867057765201499
0.10867057765201499
0.10860813612527308
0.10973632622985174
0.10973632622985174
0.10931755679900178
0.10973260451748686
0.1104920994602966
0.1119325066015134
0.1121399948832597
0.1118598143769898
0.11237655326658325
0.11191134312945264
0.1126797574324834
0.11099634637205295
0.11057738611161959
0.11001326837500541
0.11001171694848115
0.1096427093079073
0.10914622635207752
0.10841776066931336
0.10760476725285822
0.10867616793090813
0.10801145377555643
0.10823993887437564
0.10800613402443876
0.10819449112460094
0.10790420180486844
0.10891667381041793
0.10891667381041793
0.10790339771746785
0.10872890202968236
0.10872890202968236
0.10866737823250232
0.10789723974325774
0.1080186499736311
0.1080186499736311
0.10713412755415776
0.10592715066431341
0.10625230947937439
0.1074638035165237
0.10747824945739021
0.10747824945739021
0.10708902793105916
0.10669649455442758
0.10669649455442758
0.10695858286365599
0.10821553322473638
0.10676769844618549
0.10595266601326898
0.10655883908230922
0.10642088176566286
0.10725975060108132
0.10649815533339835
0.10739027515970548
0.10612990115222219
0.10761102609407949
0.10761102609407949
0.1068344618098341
0.10734656659834414
0.10734656659834414
0.10734656659834414
0.10637545651463905
0.10647565462217415
0.10557201449182056
0.10632421952032796
0.10632421952032796
0.10648058088932581
0.10648058088932581
0.1071752872399508
0.10779500082923817
0.10880769715148376
0.1085466634322915
0.10823791841325446
0.10823791841325446
0.10893464305421868
0.10893464305421868
0.10905857746523304
0.10895696237102287
0.1087230140983517
0.1087230140983517
0.1087230140983517
0.10835673912472205
0.10818651764708555
0.10778222633962795
0.10830635145521737
0.10803856279915337
0.10824203291670845
0.10856682814733577
0.10787808626960087
0.10731014402418827
0.10800068904128711
0.10763510008157433
0.10731278000957797
0.10731278000957797
0.106470847086162
0.10607905614191908
0.1054795911676706
0.10611945910787626
0.10590721796208238
0.10564747749156522
0.10599109934365755
0.10599109934365755
0.10558421390572649
0.10562721342955371
0.10490048041469384
0.1055324093850697
0.1055324093850697
0.10584808910898327
0.10637267947953749
0.10637267947953749
0.10658572757448036
0.1068143280373454
0.1065160709109284
0.10633545239168364
0.10696613414963238
0.10793264252937779
0.10798620227042771
0.10798420522204245
0.10877054164559376
0.10842754670430255
0.10723113934033497
0.10597053344863301
0.10627865886203902
0.10626252422691888
0.10672937726457629
0.10657028532914825
0.10633439057508003
0.10633439057508003
0.10654928097889588
0.1055546003489584
0.1055546003489584
0.10638394626255228
0.10633083085335782
0.10775694402762823
0.10736871398896031
0.10632156763124263
0.10699124068100718
0.10804896922362789
0.107916054288188
0.10758704165292247
0.11017433142102888
0.10985423277656174
0.10936160868162478
0.1090513868206039
0.10859239438513041
0.10935089377560465
0.10909890028359703
0.1079432366991655
0.10781594555737462
0.10781594555737462
0.10780854770547336
0.10789761196288417
0.10778125142117555
0.10739637998494449
0.10671542058882397
0.10713036415895402
0.10595320109453374
0.10827863432138632
0.10842878436386183
0.10809623011117503
0.10750700008593381
0.10650051781806448
0.10832734909943378
0.10803524136814255
0.10803524136814255
0.10803524136814255
0.10723592863543746
0.1081480379249909
0.10725050976883786
0.10725050976883786
0.108708588314634
0.10998691026992272
0.10950448442255407
0.10880357662929149
0.1092062184302439
0.10858662898518648
0.1092351172588052
0.11004261014987067
0.10958956173177398
0.10925449892731379
0.10762956302696933
0.10725298850506297
0.10701485974827964
0.10705564293208931
0.10705564293208931
0.10755797137116109
0.1068820436470608
0.10679361515065511
0.10590503734817548
0.10676233120524091
0.10641439696444029
0.10805665446692062
0.10814010518635758
0.10814010518635758
0.10814010518635758
0.10863233824562038
0.1084011923422542
0.10905411611615273
0.11014771065845799
0.11059566578441173
0.11101657646280355
0.11005080081363357
0.11038801222183349
0.10947031249091438
0.11037537697334596
0.10965850641847757
0.10965850641847757
0.10965850641847757
0.10965850641847757
0.10868350169434673
0.10868350169434673
0.10868350169434673
0.11007802367386682
0.11007802367386682
0.11007802367386682
0.11004650265046981
0.11004650265046981
0.11004650265046981
0.11051027611385915
0.10890522699039276
0.10890522699039276
0.11010258952838932
0.11010759074336869
0.1102261756297504
0.11075511799855525
0.11078165817321667
0.11130777726575479
0.11144428769245025
0.11267244743444127
0.11278707993487355
0.11278707993487355
0.11282685854952967
0.11291531991376352
0.11419381542841638
0.114377392321089
0.11476642086175079
0.11528942037032484
0.11494704035151293
0.11415675272831474
0.11416573778454175
0.11280920240306673
0.11280920240306673
0.11286648294356462
0.11226179990683338
0.11172261187275741
0.1119601546985568
0.11184981332197766
0.11128344561743765
0.11128344561743765
0.11128344561743765
0.11017176902432287
0.11017176902432287
0.11014037145055573
0.11014037145055573
0.11075960628048963
0.11184262685297332
0.11184262685297332
0.11239767187496777
0.1125072683197532
0.11237619458403722
0.1125404902184543
0.11290937492403809
0.11220497796271067
0.11231580807798834
0.11250729769823821
0.11157780003355287
0.11157780003355287
0.1108309984596241
0.11085353979932144
0.11122605271775517
0.11062823563274864
0.11193220531889105
0.11193220531889105
0.11193220531889105
0.11324849974926351
0.1125166150002293
0.11263882303220285
0.11273371952618405
0.11326620329057158
0.11326620329057158
0.113791780786625
0.11368733414388307
0.11368733414388307
0.11337500003891866
0.1132730599014058
0.1134699555198102
0.11348937312683764
0.11276202087417121
0.11332652650202912
0.11352540636900273
0.11352540636900273
0.11352540636900273
0.11402218874370085
0.11312589612198236
0.11213297603079976
0.11268645473361127
0.11315498704450042
0.11268666843274346
0.11102139842385468
0.11110129081118936
0.112064733266775
0.11286792886236413
0.11220662342635025
0.11092351832065951
0.11092351832065951
0.1100073438634534
0.1088387178745759
0.10844022856168258
0.10844022856168258
0.10840859068725527
0.10787181301869389
0.10787181301869389
0.10787181301869389
0.10862982233836067
0.10899559373499829
0.10865147533900178
0.10896561196707194
0.10780420502473728
0.1091069604201253
0.1091069604201253
0.1092566651209134
0.11078660511619667
0.11064072344195668
0.11084020181048912
0.11110037090914376
0.1114997187051251
0.11172298248790484
0.112237168596205
0.112237168596205
0.11172516773506326
0.11172516773506326
0.11070808226358278
0.11160588023702557
0.11107388922493763
0.11016517682063945
0.10933316506310692
0.10999653431067291
0.10999653431067291
0.1087121564740568
0.10737087916678448
0.10696344172856978
0.10679398100171807
0.10659453231941188
0.10704276736167553
0.10664922283372594
0.10751407434254809
0.10689835314247588
0.10689835314247588
0.10667318942774892
0.106685977942007
0.1078334037520313
0.10691539026110435
0.10758245450116886
0.10820777344418775
0.10795576945319575
0.10795576945319575
0.10795576945319575
0.10777278729853207
0.10771067004454007
0.10780111115000893
0.10829011140288287
0.10829011140288287
0.10829011140288287
0.10831424315599171
0.10815035868906782
0.10656507629641176
0.10640014349174291
0.10640014349174291
0.10647861429360832
0.10598384921864613
0.10604774918085233
0.10580816644947937
0.10487823087029995
0.10449761880912814
0.10449761880912814
0.10399650559648727
0.10386995725719742
0.10401861077702446
0.10401861077702446
0.10501159577329396
0.10384099886438004
0.10384099886438004
0.10403236452025848
0.10397252461939777
0.1042331464329435
0.10419728850218295
0.1057667633352883
0.10561328148293213
0.10552096702531902
0.10552096702531902
0.10470166003643644
0.10453875955785917
0.10550142976619883
0.10538342354243489
0.10697206572541522
0.10736259345246627
0.10839423346003026
0.1084449145633553
0.10909447801570538
0.10962241728346914
0.10962241728346914
0.11108202613137642
0.11016913258921833
0.11016913258921833
0.11104547072208346
0.11091828681764053
0.11048149299912087
0.11048149299912087
0.11085189024644237
0.11061250940451475
0.11039315823626739
0.11056220861587794
0.10982355090078616
0.1100068067199443
0.10981005328287889
0.10962749725698133
0.11014036528957946
0.10914367478329519
0.10871017582472645
0.10823296017489513
0.10770839142108062
0.10770839142108062
0.1064963352266714
0.10723607690622265
0.10746560711565982
0.10738701151081971
0.10750388034183782
0.10759991155694415
0.10794171031711995
0.10794171031711995
0.10853372340705265
0.10853372340705265
0.10826910838712717
0.1091023815420796
0.10934054541825038
0.11008695713644734
0.10952039570044629
0.1088440115973553
0.10966494376940567
0.1103568238551766
0.11013665054159094
0.11013776369441623
0.10912618876799669
0.10926483401296846
0.10926483401296846
0.1071996391254067
0.10792701312070567
0.10888673439534959
0.1078782778909207
0.1078782778909207
0.10766997336402657
0.10803394577598618
0.10700448540514548
0.10607951142097642
0.10607951142097642
0.10566116806226945
0.1054943178666646
0.1057128641115413
0.1057128641115413
0.10454934265212926
0.10454934265212926
0.10421669450646395
0.10408349631035031
0.10416961882657723
0.10643196157618336
0.10681652539929826
0.10681652539929826
0.1061692474448608
0.10680061929018086
0.10639071329991014
0.10474764743849707
0.10571050540203512
0.10618430218308382
0.10649670597330767
0.10686682105217084
0.10661409405998706
0.1059114182622621
0.1059114182622621
0.10745867555850461
0.10745867555850461
0.10730437175355141
0.10681238296111427
0.1068556442191999
0.1068314744643194
0.1068314744643194
0.10680398823864005
0.10680398823864005
0.10744623985894856
0.10778042915618202
0.10728615700069706
0.10728615700069706
0.10696064561236202
0.10696064561236202
0.10696064561236202
0.10668054912766618
0.10583763711689725
0.10583979029861486
0.10629568662001442
0.10605776104633959
0.10605776104633959
0.1059106896958686
0.10552696859404327
0.10552696859404327
0.10532337204736486
0.10509451581551386
0.10473906062654595
0.10342677264987876
0.10342677264987876
0.10354839756489818
0.1046062815303996
0.10535371045371417
0.1044156993454441
0.10442594662932003
0.10474490274097546
0.10473807757408693
0.10477908255129964
0.10477908255129964
0.10477908255129964
0.1052332720146516
0.10627907869080601
0.10621867166438355
0.10607660574985472
0.10567594111404136
0.10567594111404136
0.10679322385915066
0.10679322385915066
0.10681116057217746
0.10606011528021962
0.10568731136356416
0.10568731136356416
0.10618306048195371
0.10430383155266762
0.10461317561303327
0.10454106747989587
0.10449645048833842
0.10439365731004072
0.10439365731004072
0.10459655198052586
0.10571447156302433
0.10571447156302433
0.1051884848777377
0.10534190540522864
0.10573127323408806
0.10457932965843218
0.10583957545414825
0.1058880542190251
0.10646587499334803
0.10663714284966323
0.10625499407852902
0.10625499407852902
0.1062371436463728
0.10655722520430506
0.10759186120380108
0.10773547133410608
0.10773547133410608
0.10676312406899857
0.10677004698815191
0.10759219716207614
0.10705823358927623
0.10705823358927623
0.10636402451423146
0.10534227664294646
0.10540949584911286
0.10645632134185978
0.1059219138068725
0.10605148572981646
0.10658819149451701
0.10658819149451701
0.10658819149451701
0.10565146276127249
0.10557125343640288
0.10557125343640288
0.10661021998858419
0.10606020465587457
0.10712929864683343
0.10695648542996126
0.10751826632081142
0.10696139811159476
0.10805857782398105
0.10929043581431505
0.11003179525061907
0.11022249694247799
0.11060399347329831
0.10970548908865531
0.11001935404603447
0.10907073181890278
0.1079489353290254
0.1079489353290254
0.1079489353290254
0.10798545386431453
0.10798545386431453
0.1090006108832
0.10880275138963194
0.10840381989236125
0.10737527626509903
0.10737527626509903
0.10852346448962025
0.109321077832914
0.10949628145794206
0.10800420820619798
0.10753170616919654
0.10654251398687839
0.10589243707597668
0.10589011311812123
0.10568331123467778
0.10575953022504127
0.10516197504538519
0.10508308021159193
0.10571735748123076
0.10559381304143076
0.1049330109212301
0.10428679186535954
0.10444961738142175
0.10541842218582577
0.10574233487879081
0.10431908837199051
0.10474089093786447
0.10367329269322217
0.1033693108082941
0.1038505176625233
0.10409687971269506
0.1051227197293671
0.10496681374348621
0.1056059558734985
0.10465910899618443
0.10598952415157015
0.10592980636366445
0.10666266176562468
0.10666266176562468
0.1074304768129448
0.10661394915334557
0.10672211761729733
0.10724218773646824
0.1074653902636244
0.10913689901879386
0.10983720696399311
0.11056481001178431
0.11078237354936804
0.11078237354936804
0.11078237354936804
0.11028013384502292
0.1101437438417292
0.1101437438417292
0.1101437438417292
0.11036382521119023
0.11052738923706573
0.10989683411305498
0.10960029746356714
0.10951613416174127
0.10978953105600842
0.11004676619331
0.10969996003776612
0.10969996003776612
0.1100975974247007
0.10988406924429996
0.1086272382290301
0.10801707525824528
0.10727706207204839
0.10847869549658376
0.10757187358517699
0.10834897744808439
0.10834897744808439
0.10761049164052795
0.10811215850117976
0.10704629414488155
0.10718187440170517
0.10537825221998151
0.10540638979460831
0.10566403341500495
0.10566403341500495
0.10566403341500495
0.10549121586741994
0.10449779193287803
0.10385139338038851
0.10385139338038851
0.10385139338038851
0.1049283716653963
0.1049283716653963
0.1049283716653963
0.10487825991287812
0.10488185250328416
0.10509805219966085
0.10538840276927756
0.1055390517875959
0.10560854563323092
0.10560854563323092
0.10604642237632338
0.10604642237632338
0.10685500794034572
0.1069185965208882
0.10661724604057723
0.10661724604057723
0.10704783991760927
0.10678471292268683
0.10822992882833128
0.10791522324598408
0.10791522324598408
0.10766776176991885
0.10812033283588637
0.10812033283588637
0.10934990291212936
0.10919128934546192
0.10967289325771185
0.10967289325771185
0.10967289325771185
0.10922333019771993
0.11058392146850154
0.10952765176306042
0.10906411792960753
0.10848262317670584
0.10802943885754862
0.10869150661920651
0.1096418644936401
0.1098374192674297
0.1096673596463896
0.11035037866802762
0.1118595236001272
0.11175389147362187
0.11178903943401626
0.11140726281324442
0.11084939864603664
0.11179329671257246
0.11179329671257246
0.11241357453999004
0.11241357453999004
0.1112669627791925
0.1119258486179526
0.1128097742969885
0.11281900747981463
0.1125181705191074
0.1115653594397078
0.11115376114566619
0.11144347124097156
0.11157452187695216
0.11129624669306137
0.11207470214303221
0.11196934042171597
0.11211927620035443
0.11164134437428268
0.11101177043232183
0.11205549493616258
0.11205549493616258
0.11238429970051797
0.11238429970051797
0.11289945461799156
0.1124540144278589
0.11305049786403755
0.11253117943470214
0.113246683641713
0.11252001963326136
0.11252001963326136
0.11224806027650806
0.11224806027650806
0.11172628280760626
0.11068060810938192
0.10906560707426398
0.10922189482492016
0.10898312959705221
0.10879389569067663
0.10717667871302829
0.10717667871302829
0.10717667871302829
0.10752574953327633
0.10769134101217151
0.10769134101217151
0.10726871803931258
0.10695335139814083
0.10727170941985942
0.10727170941985942
0.10745577850102651
0.10832268889877436
0.10902929129369829
0.10943744483485378
0.10943744483485378
0.10976553463582897
0.11002516147221265
0.1113159956217934
0.1112716273233251
0.11210656739820325
0.1120946239039443
0.11212175173370262
0.1130690588610153
0.11291140379728218
0.11291140379728218
0.11199159566101552
0.11168361624251229
0.11286729885599102
0.11310478697918852
0.11310478697918852
0.11310478697918852
0.11387674160457208
0.11292110678675622
0.11331067959100002
0.11409624754676694
0.11367938037171013
0.11367938037171013
0.11414382337745888
0.11371308996899503
0.11371308996899503
0.11382644498455606
0.11362674004981697
0.11380644114115832
0.11342694532749326
0.1138724919379597
0.11350784014939555
0.11370746678688695
0.11431176114211264
0.11431176114211264
0.11431176114211264
0.11431176114211264
0.11431176114211264
0.11361557076460424
0.11276807738817769
0.11276807738817769
0.11276729373790155
0.11276729373790155
0.11228983201284962
0.11228983201284962
0.1128707012864206
0.11387429738983398
0.11398105644287906
0.113854205839314
0.11368635428656318
0.11402010104838538
0.11403677093429228
0.11403677093429228
0.11363210209605898
0.11363210209605898
0.11363210209605898
0.1136159772377948
0.11315146427707806
0.11404811184117802
0.1130810119280719
0.11373326781255243
0.11439397429290013
0.113510356643295
0.11408125051543508
0.11408125051543508
0.11510191252194692
0.11478996916728122
0.11432200835041122
0.11441316188804886
0.11330561019884709
0.11327104566318685
0.1123335317158647
0.11359313727963828
0.11418558550465371
0.11488802250564345
0.11449960990148783
0.11413320083499934
0.11404720204458561
0.11404720204458561
0.11426017639856859
0.11410445087560683
0.11358904503094445
0.11450678699732596
0.11443619997636617
0.11443619997636617
0.11443619997636617
0.11481843205478343
0.11419262336099602
0.11203562597605936
0.11169521508517327
0.11169521508517327
0.11145567854386672
0.11169243960754631
0.11154195493273245
0.11154195493273245
0.11154195493273245
0.11103804959686714
0.11007024619645539
0.11116265618322319
0.11116265618322319
0.11116265618322319
0.11252843104918343
0.11252843104918343
0.11173987249352822
0.11101856105209448
0.11174053180475156
0.11174053180475156
0.11102731024082466
0.1120445333158999
0.11185913225341235
0.11269041841474835
0.11092979313091847
0.11066803661872668
0.11066803661872668
0.11177286407329244
0.11227649641958376
0.11276325390768628
0.11270737202576854
0.11298899597746287
0.11298899597746287
0.11209236033112767
0.11128523995847016
0.11076927306209607
0.11015864512753881
0.10963021200532692
0.10963021200532692
0.11067480775922914
0.1109629155743655
0.11200502709281727
0.11201820099832317
0.11202030390475289
0.11204360919997555
0.1120732949053528
0.11219079514439967
0.11147207094909796
0.11073081904199991
0.11104066438112342
0.11183440480118355
0.11149194831179945
0.11149194831179945
0.11067589944379667
0.1103430341368776
0.11111473200588305
0.11098945878901702
0.11166251010463496
0.11055840711154553
0.11105554468306782
0.11105554468306782
0.11044572144522498
0.11044572144522498
0.11054923771670898
0.10944602911798312
0.11052626455428129
0.11037950975453496
0.11037950975453496
0.11122339009427352
0.11134679290346254
0.11194143221042817
0.11386129847544452
0.11333156801387446
0.11271270807306166
0.1128401273585235
0.11288476983353939
0.11087382639578189
0.11045083082510597
0.1120771152977839
0.1114724122524566
0.1114021794396225
0.10975593095144544
0.11022818416726718
0.11082704778938768
0.11082704778938768
0.11036537054847183
0.1100560405366561
0.10958433346987521
0.11000588467788755
0.11002959094456281
0.11035792826827169
0.11035792826827169
0.1106250985308748
0.10995214149629869
0.1097998704525478
0.10921188646872931
0.10926149122314428
0.10852459248291778
0.10941654758745592
0.10925388484153421
0.10925388484153421
0.10982572161698255
0.11007820484722954
0.11128095437191285
0.11166190230903061
0.11166190230903061
0.11032066538844465
0.10976926224749686
0.10985385264215304
0.11065100198453488
0.11129690679146435
0.11115939260090207
0.11166395426360806
0.10975198251713134
0.10825980420965303
0.10781344676685788
0.1072458393441266
0.10751767764007444
0.107893748958331
0.10671833491385203
0.10627957488448812
0.10719195970959522
0.10636756127731226
0.10636756127731226
0.10636756127731226
0.10636756127731226
0.10688496289365224
0.10660609075670814
0.10646296196643398
0.10646296196643398
0.10588060025165655
0.10588060025165655
0.10759790540645657
0.10801428654565456
0.10801428654565456
0.10872448695239563
0.10849678036452422
0.10942842208706961
0.10982999708620961
0.10975898212205598
0.11043146276367512
0.11043146276367512
0.10965163238568923
0.10864419886202815
0.10884955544110908
0.10932530075412429
0.10932530075412429
0.10908557649874119
0.10920295552820634
0.10968023133156632
0.10968023133156632
0.10968023133156632
0.1106056440883267
0.11144672458629049
0.11117685728979967
0.11070285800717118
0.11070285800717118
0.11110110040784027
0.11220617190193996
0.11138371836165825
0.11113843690092359
0.11175235927508227
0.10999727305107082
0.10983443002037314
0.1094307219236653
0.1094307219236653
0.1081078157645346
0.10895924520955397
0.11013063658545617
0.11013063658545617
0.11013063658545617
0.1097762815359692
0.11052034692499556
0.11036486659411937
0.1106690122228678
0.11093278660898717
0.11093278660898717
0.11128734530307025
0.11164653405424932
0.11237831554394842
0.11148392233595689
0.11220019427564061
0.11007328000128869
0.11094656270254015
0.10955615132196991
0.10975438607924927
0.11029164833980395
0.11146931888761663
0.11250857807119811
0.11319079295569576
0.1136481606901575
0.1136481606901575
0.1136481606901575
0.11279404990697192
0.11308101437858323
0.11308101437858323
0.11373358369591605
0.11399986727878729
0.11390818096311744
0.11454879767937783
0.11444413544215905
0.11393187061924168
0.11281657951169201
0.11218510461209918
0.11220067054718687
0.11220067054718687
0.11219378436148372
0.11219378436148372
0.11219378436148372
0.11303127897071868
0.11303127897071868
0.11301334209064202
0.11244213432219213
0.11178161425272988
0.11051179860427103
0.11051179860427103
0.11051179860427103
0.11051179860427103
0.11051179860427103
0.11051179860427103
0.11026685385114555
0.11026685385114555
0.10908905328811577
0.10907399997234998
0.10907399997234998
0.10965099977402387
0.1096432549955422
0.10977121449683432
0.10960638746497633
0.10970206262090429
0.1091100621038115
0.10955221303321527
0.10955221303321527
0.10983376609017075
0.10983376609017075
0.11031970570486514
0.11034063333000235
0.11039477099089287
0.11074916193835836
0.11156629595094796
0.11156629595094796
0.11036387074181046
0.1101093757587496
0.1101093757587496
0.10917763083820653
0.11001931000440447
0.11001931000440447
0.11066554693040272
0.1109246671903608
0.11073614783275817
0.11036445617001102
0.11033736436096388
0.11033736436096388
0.10955323916957996
0.10955323916957996
0.10968947582743452
0.1102971356543885
0.10945314451732568
0.1088908428511629
0.10767696804270149
0.10768753981333627
0.10735095751401637
0.10839357171312823
0.10798046673143902
0.10784381958213961
0.1077751571429857
0.10819061026329177
0.10819061026329177
0.10819061026329177
0.10819061026329177
0.10914869820502143
0.10986500833318504
0.10986500833318504
0.10816028525235838
0.10816028525235838
0.10815789491287058
0.10893169586838954
0.10949380328616437
0.10931281142121561
0.10984648602273099
0.11034179301242342
0.110329637593417
0.11086560931413662
0.11086560931413662
0.11056627608271227
0.11014321381236392
0.11014321381236392
0.11100736336846581
0.11117406899832574
0.11117406899832574
0.11004976399425855
0.10998984207210145
0.10965869159410174
0.1096976097591163
0.1093934562303967
0.1093934562303967
0.1093934562303967
0.10978595805184568
0.11014425109703203
0.11014425109703203
0.11014425109703203
0.11014425109703203
0.11014425109703203
0.11014425109703203
0.10941750743466148
0.10941750743466148
0.10949422033953571
0.10989687281281471
0.10915805442582359
0.10915805442582359
0.10915805442582359
0.1096842586938564
0.10965062323809814
0.1095796797183655
0.10795694578343677
0.108350310072646
0.11044809771544872
0.11052810193113471
0.11008828870516635
0.10979104217463685
0.11050992696453915
0.10993600209479912
0.11071699163695793
0.11013981205559194
0.11013981205559194
0.10980514506886102
0.10980514506886102
0.10991281385020144
0.10991281385020144
0.10991281385020144
0.10991281385020144
0.10991281385020144
0.10907022762560144
0.10899451907177017
0.10844322772554578
0.10844322772554578
0.10945354528991832
0.10926547066287805
0.10919337950389027
0.10899053031766155
0.10843143945682891
0.10886129001022747
0.10936951676957246
0.10956961517506031
0.10961759246181636
0.10961759246181636
0.10988269861932368
0.10962904523335308
0.1093036436586251
0.10908241253578724
0.10892681600488409
0.10843952382130724
0.10827569634488302
0.10756748648534253
0.10825467688617352
0.1083810308429616
0.10803560151886238
0.10814263927229155
0.10928533582003146
0.10806681088178254
0.10806681088178254
0.10798327806353347
0.10885669448129659
0.10919399784524712
0.10867976260195092
0.10860074303097586
0.10789498196086873
0.1084966408705389
0.10816685868792636
0.10805634399864888
0.10840984022444188
0.10841275111434474
0.10841275111434474
0.10841275111434474
0.1091845023384772
0.1091845023384772
0.10976893643929474
0.11034563373517028
0.11006497709167501
0.10988138762176103
0.10933752809406032
0.10933752809406032
0.1094481460201497
0.10955159839592742
0.10938244205610342
0.1101200761979875
0.11062564522157353
0.11112458932699591
0.11112458932699591
0.11068254126610251
0.10920209306131737
0.10991999258015421
0.1096808870593328
0.1096808870593328
0.11017161474923207
0.11017161474923207
0.11109881080765091
0.1105028771648978
0.11095163942932335
0.11095163942932335
0.11095163942932335
0.11100488160624118
0.11100488160624118
0.11161953741062801
0.11105820856628514
0.11105820856628514
0.11036578989668551
0.11007222520261233
0.1105937526752789
0.1105937526752789
0.1105937526752789
0.11124821077450782
0.11075615390654643
0.11113072159960835
0.11104613404299421
0.11191679819840275
0.11126805970849346
0.11082220464561646
0.11099345105959524
0.11167035254745697
0.11102637108611055
0.11046681208433447
0.11046681208433447
0.10921328990357378
0.10968602498259428
0.11020925309166857
0.11034703421846102
0.11034703421846102
0.10976635631438975
0.10976635631438975
0.11077528818151809
0.11158068000275248
0.11135741962591224
0.11223519526180853
0.11247998651664723
0.11209700972776152
0.11244432070313663
0.11260555092679057
0.11260555092679057
0.11257267995797762
0.1120345665022358
0.1120345665022358
0.1120345665022358
0.11105632630683349
0.11105632630683349
0.11105632630683349
0.11085695183679196
0.11057488497031787
0.11086001071499584
0.1098476529294861
0.10998378953886662
0.10949985049489966
0.10972614542784484
0.10972614542784484
0.10923330340872546
0.10938650777012011
0.11020970717762642
0.1120681695917292
0.11264497245341572
0.11259217099124957
0.11351815972855007
0.11348669000104791
0.11428302800321447
0.11409436756057956
0.11484964417529263
0.11480672589394099
0.11465129350379977
0.11401039262382635
0.11417177746896222
0.11207459317264837
0.11207459317264837
0.11143714029523738
0.11143714029523738
0.11097588583289043
0.11097588583289043
0.11171758667139918
0.11123489539238712
0.11090447157136077
0.1111973911654784
0.11108726907278325
0.1111308540891023
0.11098487509075575
0.11134518670786887
0.1117058658199703
0.11114584233215101
0.1123522243426727
0.11279507790916928
0.11258972809123588
0.11265844894354374
0.11265844894354374
0.112496171096279
0.112496171096279
0.11297814702817482
0.11452033130087956
0.11385056905635875
0.11452565028745505
0.11322099511659907
0.11322099511659907
0.11409643407715347
0.11409643407715347
0.11360915660562987
0.11375616671756511
0.11278783224940758
0.11273633020355395
0.11273633020355395
0.11276877876791158
0.11293036396548493
0.11302607413334634
0.11302607413334634
0.11302607413334634
0.11154595038050816
0.11232439188756208
0.11147380113960112
0.11076581063960407
0.10984033287703557
0.11003260285914626
0.11003260285914626
0.10985853293481264
0.11005886107766177
0.11080162644682547
0.10944428010990132
0.10926801433142994
0.10946781276819945
0.10937267881575517
0.10836217418820109
0.10949539568615846
0.10917088751509718
0.10873066874017662
0.10878627494551828
0.10859818723134938
0.10859818723134938
0.10949806642751828
0.10828332416427366
0.10828332416427366
0.10910171043871882
0.10859032517583202
0.1092660057242278
0.10990279538002698
0.10990279538002698
0.10883686639577253
0.10883686639577253
0.10766011238097518
0.10766011238097518
0.10766011238097518
0.10849346616919162
0.10849346616919162
0.10849346616919162
0.10708916264179712
0.10708916264179712
0.10673966663507568
0.10632304675915748
0.10715399029795343
0.10655448317015687
0.10680879263002928
0.10630315507851953
0.10664087322374059
0.10625945619829988
0.10625945619829988
0.10673711846225158
0.10700778768340796
0.10724730629157493
0.10718277720348222
0.1080255088223329
0.10795434295491048
0.10795434295491048
0.1075906194132701
0.10769950764509256
0.10781325284857039
0.10800593935191095
0.1075988940286458
0.1075988940286458
0.10722472730798646
0.1083660065266203
0.10828291223528744
0.10993690033902169
0.10992549426507243
0.10992549426507243
0.10915716223465947
0.10915716223465947
0.10915716223465947
0.10929639107823724
0.10856152424309679
0.1097106182239355
0.1096693038219093
0.1096693038219093
0.10988387534386686
0.10988387534386686
0.10988387534386686
0.10986878988449908
0.10950666149117867
0.10972350145523639
0.10935582231436188
0.109394899558808
0.10990743005636153
0.10964685207845674
0.10964685207845674
0.10954925727053608
0.11029067100547933
0.11029067100547933
0.11029067100547933
0.11073205740253285
0.11010026147862786
0.11049453664337372
0.11045212576642943
0.11082471567662651
0.11024219774317182
0.11011568790853159
0.11011568790853159
0.1091791694492572
0.10858033006245554
0.10858033006245554
0.10853431029124427
0.10843732014657445
0.10968618032867943
0.10955036015869253
0.10955036015869253
0.10903461702361325
0.10925567177552767
0.10925567177552767
0.10858573078934652
0.10832183892673138
0.10866513314673677
0.10904366706150272
0.1104741872950731
0.1104741872950731
0.11095050034916201
0.11158685506837564
0.11074225552473711
0.11000760812930094
0.10928713677000775
0.10963895656154458
0.1098127822090609
0.11013507868821092
0.11063247766472138
0.1102222306386162
0.10938530974424983
0.10903155692458363
0.10858175782128787
0.10803869446405792
0.10829603735185978
0.10665297490575443
0.10596485642971973
0.10596485642971973
0.10596485642971973
0.10626347806448327
0.10505092775930656
0.10492769197550961
0.10530237962963944
0.10556700418502951
0.10604950117046931
0.10536809074322837
0.10659705921591582
0.10681503870508045
0.10704523460795222
0.10494948895118357
0.10478441793087848
0.10569561750446184
0.10626104991904446
0.10626104991904446
0.10684209292518664
0.10741253727345725
0.10769861210042546
0.10831441306140756
0.10937513962754848
0.10905009057431367
0.10915226486915482
0.10956483565862471
0.10956483565862471
0.10833251585248087
0.1086242740182974
0.10715129270193405
0.10797823832033564
0.10797823832033564
0.10779001122812393
0.10771769090390779
0.10849474051434678
0.10819602709575238
0.10819602709575238
0.10870752207660327
0.10865760391267205
0.10865760391267205
0.10865760391267205
0.10844829789161974
0.10902763113569497
0.10871122058134874
0.10871122058134874
0.10897518162125888
0.10873354886621414
0.10862603881963058
0.10995189291189246
0.11076227039271627
0.1106679171282595
0.11214492653539967
0.11156927677941776
0.1115847684690527
0.11138443969333905
0.11126178020624156
0.11083650899191859
0.11031394772757905
0.10966229760582545
0.10966229760582545
0.10966229760582545
0.11005516931177592
0.11000703264379276
0.11000703264379276
0.10949758466307814
0.10913228520451371
0.1096997803455742
0.10969060330370227
0.10981498951244857
0.10993771042944775
0.10947345100253404
0.10812930630283166
0.10812930630283166
0.10830236852890579
0.10761242362735624
0.10724154532619941
0.10814365608529988
0.10801142433483107
0.10761716124911176
0.10650428914146298
0.10637579777787035
0.10705724612328005
0.10777112777196068
0.10700082407011652
0.1071297864358361
0.10602303517892715
0.10507785687538174
0.10643098174956185
0.10689375717800231
0.10689375717800231
0.10643515504450218
0.10684212591757132
0.1076929986621034
0.10748472887149124
0.10709242160749596
0.10802981800392379
0.1093728230375055
0.1093728230375055
0.10938347660314746
0.11033576257238097
0.1106609719485647
0.11019281665482497
0.11004236070588103
0.10996625275596368
0.10963702638034636
0.11034728506782629
0.10968816226988512
0.10888653422941155
0.10888653422941155
0.10888653422941155
0.10924264767300429
0.10924264767300429
0.10915051338042978
0.10915051338042978
0.10999243211827626
0.109617867489471
0.10962797133450097
0.10899850085301256
0.10871994434484676
0.10815423053805168
0.1087856576499604
0.10844948784643868
0.10985135386570205
0.11087391118334013
0.11087391118334013
0.11087391118334013
0.11025834817742927
0.10948861599954977
0.10948861599954977
0.10957355925157462
0.10992937963303409
0.10941567324017777
0.10953658572813721
0.10831234578818151
0.10831234578818151
0.10904935385430162
0.10904935385430162
0.10892897026024755
0.10892897026024755
0.10852751350212676
0.10982668663013194
0.10954997563256748
0.11008324670231653
0.1100786592473529
0.110069191485032
0.10981218917369621
0.10960405953285474
0.10975554619115871
0.11044711379397873
0.11044711379397873
0.11213585900599017
0.11195689453216555
0.11195689453216555
0.1119791969412848
0.11229645027880732
0.11229645027880732
0.11229645027880732
0.1133238752251225
0.1133238752251225
0.11297321441107057
0.1129653531891581
0.11329028274046314
0.11350255566241184
0.11399754574523048
0.11411080295587941
0.11415408895120009
0.11397659046072982
0.11369860919479456
0.11349775437811413
0.11355853156101971
0.11255330951570301
0.11187615441332943
0.11100235780542343
0.11016980000124217
0.11093433370299381
0.11142716705121876
0.11268954954282216
0.11287514260673916
0.11201852803124739
0.11229807076860525
0.11228765837324456
0.11217945400924112
0.11217945400924112
0.11176410743763229
0.1120295948482799
0.11157504527956086
0.11157504527956086
0.11098925510241109
0.11154526727028727
0.1118843021224356
0.11245056528642104
0.11187368326594746
0.11187368326594746
0.11191160994742508
0.11159605798288953
0.1107603970253349
0.11045100961869522
0.11067330901339953
0.10999685760035971
0.10999685760035971
0.10999685760035971
0.10897720441620978
0.10897720441620978
0.10889299777250683
0.10999577197969956
0.11111392453401593
0.1105127234509444
0.11022402334523597
0.10947783357504483
0.10977941305950303
0.10991632982323453
0.10991632982323453
0.10975022971143582
0.10924689871904687
0.10924689871904687
0.11006037469865323
0.1104287019328441
0.1093615423732862
0.1093615423732862
0.11008309285688608
0.1100887134227882
0.11128213892358997
0.11060688054272724
0.11060688054272724
0.11148037656762601
0.1113183641323152
0.11234766988062188
0.11234766988062188
0.11214171945096978
0.11282479240234183
0.11470047593652592
0.11374534758745562
0.11456923162629029
0.11433314797782683
0.1141302422533524
0.1126338177928975
0.11236316502740668
0.11224107650876619
0.11224107650876619
0.11335990581927406
0.1120912410138565
0.11219957029620449
0.11202872902388851
0.11258603001607026
0.111878679390659
0.11120331193174814
0.11148078212406907
0.11148078212406907
0.1118987440503385
0.1118987440503385
0.11161143444619474
0.11213109390956019
0.11280995581683466
0.1127637070997507
0.11266936279193394
0.1111443083110315
0.11267945670812701
0.11144800946613705
0.11228751507459567
0.11228751507459567
0.11246729057590489
0.11236543878855977
0.11317217041388097
0.11315197866354916
0.11205221066670225
0.11097164323292653
0.111017534585239
0.11057580460066367
0.11057580460066367
0.11057580460066367
0.11207283682758919
0.11235687934820067
0.11192314499670482
0.11180802283785549
0.11083367161057252
0.11166874393791099
0.11246788069466844
0.11310780856537918
0.1129562101358278
0.1129696622963235
0.1129696622963235
0.11325282280419074
0.11330537481683839
0.11334259107112532
0.11334259107112532
0.11355654513110366
0.11380771318009991
0.11380771318009991
0.11380771318009991
0.11348750637025148
0.11287515871825278
0.11309799652014468
0.11259104472660983
0.11194333590352876
0.11151494473859846
0.11121755486775083
0.11121755486775083
0.11149865175609772
0.11149865175609772
0.1106528823774124
0.10963429994994278
0.10993514725747519
0.10901213752681521
0.1093593686430953
0.10903845415995383
0.10890104197983441
0.10895046319298235
0.10813599754385148
0.10813599754385148
0.10813599754385148
0.10832115029665423
0.10832115029665423
0.1088631811900013
0.1088631811900013
0.11039064411650482
0.11039064411650482
0.11016555683316177
0.10999830545930266
0.11177125479418414
0.11194843183020124
0.11279980898075825
0.11326527727117565
0.1128100415182135
0.1128100415182135
0.1123995939703389
0.11294479093723524
0.1139293982423276
0.1134659989945045
0.1134659989945045
0.11263104777492268
0.1141064908898752
0.1141064908898752
0.1142991109121763
0.11344576630616866
0.1142151102404271
0.11342017168569764
0.11399936380934175
0.11373788290865633
