0.11957191439558092
0.11957191439558092
0.11957191439558092
0.11957191439558092
0.11957191439558092
0.11957191439558092
0.11957191439558092
0.11957191439558092
0.11957191439558092
0.11957191439558092
0.11957191439558092
0.11957191439558092
0.11957191439558092
0.11957191439558092
0.11957191439558092
0.11957191439558092
0.11957191439558092
0.11957191439558092
0.11957191439558092
0.11957191439558092
0.11957191439558092
0.11957191439558092
0.11957191439558092
0.11957191439558092
0.11957191439558092
0.11957191439558092
0.11957191439558092
0.11957191439558092
0.11957191439558092
0.11957191439558092
0.11957191439558092
0.11957191439558092
0.11957191439558092
0.11957191439558092
0.11957191439558092
0.11957191439558092
0.11957191439558092
0.11957191439558092
0.11957191439558092
0.11957191439558092
0.11957191439558092
0.11957191439558092
0.11957191439558092
0.11957191439558092
0.11957191439558092
0.11957191439558092
0.11957191439558092
0.11957191439558092
0.11957191439558092
0.11957191439558092
0.11957191439558092
0.11957191439558092
0.11957191439558092
0.11957191439558092
0.11957191439558092
0.11957191439558092
0.11957191439558092
0.11957191439558092
0.11957191439558092
0.11957191439558092
0.11957191439558092
0.11957191439558092
0.11957191439558092
0.11957191439558092
0.11957191439558092
0.11957191439558092
0.11957191439558092
0.11957191439558092
0.11957191439558092
0.11957191439558092
0.11957191439558092
0.11957191439558092
0.11957191439558092
0.11957191439558092
0.11957191439558092
0.11957191439558092
0.11957191439558092
0.11957191439558092
0.11957191439558092
0.11957191439558092
0.11957191439558092
0.11957191439558092
0.11957191439558092
0.11957191439558092
0.11957191439558092
0.11957191439558092
0.11957191439558092
0.11957191439558092
0.11957191439558092
0.11957191439558092
0.11957191439558092
0.11957191439558092
0.11957191439558092
0.11957191439558092
0.11957191439558092
0.11957191439558092
0.11957191439558092
0.11957191439558092
0.11957191439558092
0.11957191439558092
0.11987960657806941
0.11988258791591297
0.11988258791591297
0.11988258791591297
0.11988258791591297
0.11991661292078301
0.11991661292078301
0.12036176482613747
0.12082617348068253
0.12082617348068253
0.12137041798763831
0.12137041798763831
0.12137041798763831
0.12157979006029808
0.12154474953523818
0.12185267946041631
0.12196609779628875
0.12236713172701323
0.12326875778665214
0.12409497207811102
0.12421990115278525
0.1256349656783825
0.12639755625021343
0.12676341432221566
0.12663069945874972
0.12693926001403555
0.12719513812141686
0.128236328014805
0.12899257538737172
0.12988445375693536
0.13035505959219337
0.1307858639483344
0.13097305937333745
0.13097305937333745
0.13097305937333745
0.13097305937333745
0.13126007794126826
0.1325821037854622
0.13311949445896504
0.13316171088759696
0.1336514573107904
0.1336514573107904
0.1336514573107904
0.1336477685142067
0.1343838968412287
0.13469284096028106
0.1344026252087131
0.13567803617840987
0.13482861416436878
0.13482861416436878
0.13497088654340006
0.13451941766608883
0.1346310056657669
0.1346310056657669
0.1346310056657669
0.1319400908715076
0.13129994466917663
0.13129994466917663
0.13129994466917663
0.13155687121999035
0.13089159566285555
0.13089159566285555
0.1308739922478292
0.1308739922478292
0.1288756732184326
0.1288756732184326
0.1288756732184326
0.1288756732184326
0.12799917557769305
0.12648254636192363
0.12648254636192363
0.1264433596721419
0.1261075582603143
0.1261075582603143
0.12641063709380493
0.1263165082296265
0.12619105269938863
0.12454559601355895
0.12486985741685157
0.12485340607454595
0.12541174861382254
0.12541174861382254
0.12541174861382254
0.12491554323169866
0.12473153994681269
0.12453274661081314
0.12370927214399492
0.12369919592840488
0.12269251240641806
0.12269251240641806
0.12269251240641806
0.12335153008149577
0.12202024144004278
0.12036179487513399
0.11947742372568212
0.11947742372568212
0.11876359526424454
0.11862684983435699
0.1187113780168535
0.11929732059242006
0.11926800613516224
0.11926800613516224
0.11926800613516224
0.119029860751686
0.11904859377077101
0.11904859377077101
0.11904859377077101
0.11896645201475824
0.11898275607726004
0.12000255754428678
0.11917232117166054
0.11811328312927925
0.11845354002142043
0.11706580951806572
0.11706580951806572
0.11774000397103658
0.11995258223550413
0.12099658280732424
0.12056289603874885
0.12119625075932114
0.12119625075932114
0.12100315514400299
0.12061231352806258
0.11973332842697687
0.12050347858761964
0.12050347858761964
0.12073255872790202
0.12018179178703825
0.12041082557572637
0.12010316991592254
0.11941364887476819
0.11973233047307143
0.11890040719087236
0.11895218076470453
0.11859525694167748
0.11859525694167748
0.11846565171170116
0.1179712563123095
0.11655326905274414
0.11655326905274414
0.11703666921196888
0.11705211776872967
0.11705211776872967
0.11608368780614545
0.11622557308307037
0.11668050793705217
0.11684577468471934
0.11654204285681921
0.1175022334244732
0.1175022334244732
0.11825350817461606
0.11798441769792416
0.11746553261324573
0.11746553261324573
0.11844509855987934
0.11844307254734422
0.11708707532123781
0.11647855159725135
0.11597676079534677
0.11636704518498085
0.11649955838592872
0.11649955838592872
0.1157204720277239
0.11328856783174286
0.11319182816298688
0.11361004851173667
0.11361004851173667
0.11361004851173667
0.11343810706405193
0.11319799222685215
0.11413722450301492
0.11413722450301492
0.11349868923319834
0.11436186176882489
0.1142228573765113
0.1138709343912542
0.11419377208049628
0.11412840962968716
0.11433023796914053
0.11338301183500364
0.11357950342684661
0.11294945839424618
0.1124468178703691
0.1124468178703691
0.11259208856362633
0.11221069603445788
0.11197456334542577
0.11293694791491872
0.11261039761450858
0.11161796776137911
0.11161796776137911
0.11142621807861451
0.1128455162184756
0.11298712778587419
0.11298712778587419
0.11189022331401417
0.11176617465208606
0.11102972326152435
0.11102972326152435
0.11106223190758877
0.11132600711235772
0.11017953227444084
0.11017953227444084
0.110489181111839
0.11067083966585614
0.11065506486586206
0.11057891011923057
0.11057891011923057
0.11057891011923057
0.11057891011923057
0.1109648670633191
0.1109648670633191
0.1109648670633191
0.11167002199901732
0.11167002199901732
0.111699166892197
0.11056781656010986
0.11080095605835351
0.11161646445950539
0.11161646445950539
0.11210131631814899
0.11241568614977175
0.11145027773860706
0.10997316198572447
0.10844611202252509
0.10831877256193266
0.10885882808488671
0.10885882808488671
0.10899347662659391
0.10899347662659391
0.11016073899844794
0.11068224681442142
0.11068224681442142
0.11081148814818043
0.11085114592050647
0.11099631038709526
0.11074227343882864
0.11127696419578664
0.11108869710240404
0.11083008937431411
0.1100664201553251
0.10987565254700384
0.10987565254700384
0.10999795360054623
0.11032898447186423
0.11086187454283941
0.11189734580722711
0.11142827841891839
0.11236011056864577
0.11397105898992481
0.11448111841907764
0.11276404096023344
0.11383678529054216
0.11269469342397906
0.11219862938185393
0.11200515822736072
0.11305770537509838
0.11329784377858583
0.11283189591714633
0.11246070332187359
0.11148057285954246
0.11148057285954246
0.11209171697001623
0.11209171697001623
0.11259451058685813
0.11050569716874765
0.10997199473551815
0.10881495740367236
0.10860446234826834
0.10876730565959856
0.1087408197875794
0.10868388411100682
0.10877424005055769
0.10877424005055769
0.10948053707852987
0.10859731715486376
0.1080576034017962
0.10815414029559146
0.10839819621386458
0.10839819621386458
0.10874176295326556
0.10766490914671731
0.10690462359797627
0.10751754046173002
0.1068880815208457
0.10789997073377088
0.10811550442156781
0.10755243468176552
0.10701044270410487
0.10703206155885739
0.10737543058506188
0.10749088700246828
0.10678414953682233
0.1067963634842061
0.1071821898710192
0.10765013605032385
0.10849926649763893
0.10804783299323642
0.10729508251295213
0.10729508251295213
0.10618737658680433
0.10640159571941704
0.10803473307317066
0.10947939356311025
0.10989481722510872
0.10929006054672527
0.10849530566209666
0.10845369598585725
0.1081905094175285
0.1081905094175285
0.10862563748342292
0.10968021141295095
0.11031553316214927
0.1097925474446733
0.10966460012908268
0.11051371070189166
0.11129282498838734
0.11065171688539789
0.11058662349740858
0.10950011569922569
0.1109144341325116
0.11117046477928717
0.11055719233991558
0.11085271855483936
0.11085271855483936
0.11085271855483936
0.10999809740392613
0.11009244334499946
0.10941861773984328
0.10987254558592821
0.10987254558592821
0.11099085774624384
0.1111894750311436
0.11156847001741357
0.11127264153793943
0.11149601241774222
0.11149601241774222
0.11112104317416885
0.11130760150128553
0.11195089789106291
0.11309721660167792
0.11309721660167792
0.11222674710686209
0.11183293944638759
0.11183293944638759
0.1125549376976793
0.11194475112970101
0.11194475112970101
0.11211740556309865
0.1123522693008683
0.11236028115905697
0.11084693987119026
0.11084693987119026
0.11084693987119026
0.11139647639446684
0.11073379004652516
0.1110676314589784
0.1110807593658069
0.1110807593658069
0.11069130866401719
0.11117843821663294
0.11177610265459752
0.11177610265459752
0.11243842825734839
0.11224566131694257
0.11257980258331622
0.11304325305457819
0.11284164708136198
0.11290263432188737
0.11420331969217376
0.11468379030526822
0.11419044644104734
0.11470070898616717
0.11419532707979034
0.11499572372098821
0.11499572372098821
0.11539625949489504
0.1149468357374248
0.11516730181124879
0.11458788572076022
0.11391077182822304
0.11384480434340974
0.11452652259109301
0.11452652259109301
0.11437058179691831
0.1135264225462449
0.11340043308856988
0.11370393002464302
0.11292149754777378
0.11292149754777378
0.11136868814368853
0.11136868814368853
0.11171074913946535
0.11173908767126998
0.11219821242724752
0.11233152879313187
0.11233152879313187
0.11201780388506685
0.11201780388506685
0.11201780388506685
0.1103978049400585
0.11200639835217581
0.11200667529654776
0.11111075491845883
0.11228303228471936
0.11228303228471936
0.11108250126301589
0.11186028850895552
0.11186028850895552
0.11195231299353084
0.1122532212651441
0.11249628224789104
0.11352649090573365
0.11352649090573365
0.1133522464810198
0.11256501385198475
0.11299439853879535
0.11299439853879535
0.11251789330426602
0.11298799836659694
0.11299388494497672
0.11192293575173946
0.11187554658830702
0.11187554658830702
0.11176837794226746
0.11183872256109849
0.11122113488140381
0.11107704195552572
0.11205595476544168
0.11040292966514959
0.11076162934968344
0.10949911311657981
0.10949911311657981
0.11119703035843921
0.11109786447790171
0.11059952151301507
0.11097525391433324
0.1101778186227599
0.10956582933125403
0.10956582933125403
0.10853583165961016
0.10853583165961016
0.10855034436882693
0.10855034436882693
0.10941695653803457
0.11043312926696157
0.11008766132016345
0.10942917984571823
0.10935178718951001
0.10908668864066193
0.10908668864066193
0.10908668864066193
0.10979008850166547
0.10977562878467773
0.11009155988302836
0.10980033438183977
0.11002119988979399
0.11080157313607121
0.11098945139289113
0.11098945139289113
0.11013411490885676
0.1100790989381342
0.11039627564615159
0.1102853115282245
0.11004596354666163
0.10981347013436976
0.10974749142293296
0.10959354583760422
0.10987393669426572
0.11071239693556797
0.1112796466749674
0.1112796466749674
0.11003082562523417
0.10991945999883626
0.10952520724838417
0.10952520724838417
0.10952520724838417
0.10944131845098833
0.10979230509981436
0.10979230509981436
0.11035450921402204
0.11026552815347768
0.10921656974295452
0.10921656974295452
0.11008559565122582
0.11081757232069915
0.11019341403060737
0.11068797745491571
0.11092501525438364
0.11131933087568796
0.11151203001376285
0.11112973196092961
0.10994816967637566
0.10994816967637566
0.10994264010157824
0.10994264010157824
0.10948320798317503
0.1095914899065654
0.1093499950852299
0.10916749097847525
0.10955986998843291
0.10955986998843291
0.11100338361102369
0.11008311628897374
0.11040646629012203
0.11000967973628616
0.10981177438983114
0.11010206471626856
0.10926597831404188
0.10926597831404188
0.10926597831404188
0.1082416653339879
0.10853783978519886
0.10853783978519886
0.10786608228592201
0.10845618080775937
0.10878063773996789
0.10878063773996789
0.10837045373478515
0.10837045373478515
0.10739471488937538
0.10832428309189915
0.10832428309189915
0.10826066777296865
0.11016185454876852
0.1103445091081822
0.11016277494499122
0.11039924836483139
0.11205472450691824
0.11182993032620651
0.11162555840805331
0.11162555840805331
0.11074251659069408
0.11035914307419983
0.10993559435332556
0.11078362102216467
0.11078362102216467
0.11078362102216467
0.11077932838046821
0.11106515090318077
0.11106515090318077
0.11106515090318077
0.11065505968576077
0.11065505968576077
0.11011022911107285
0.11011022911107285
0.11072263225880395
0.11072263225880395
0.11105458705923772
0.11096423955257784
0.10939683612671554
0.10992288342468261
0.11009671358144378
0.11033159190269068
0.1117714772668018
0.11049100985957189
0.11066684492150433
0.11014739198356821
0.11063862242250783
0.11028556485861166
0.11019357324664511
0.11088634910524292
0.11213736718577573
0.11226314128823409
0.11226314128823409
0.11235734128294647
0.11235734128294647
0.11235734128294647
0.11286064706816085
0.11273619555119807
0.11222947024682665
0.11238145957911108
0.11140660904508698
0.11128463944426814
0.1108008070036679
0.1108008070036679
0.11022937810339652
0.11037231555721318
0.11037231555721318
0.1121036500938846
0.11038658733073911
0.1115668439819093
0.11146493794842424
0.11125243884838486
0.11206023149827397
0.11098554610994794
0.11098554610994794
0.11098554610994794
0.11151855063523018
0.11151855063523018
0.11202052463785912
0.11202052463785912
0.11075941774133281
0.1108820593844312
0.1106437891174612
0.11163872041891358
0.11217491173879503
0.11142517285458203
0.11139239126368006
0.1110226289983075
0.11137795012974751
0.11137795012974751
0.11137795012974751
0.11137795012974751
0.11137795012974751
0.11176589826187337
0.11176589826187337
0.11292175738965746
0.11294163417471581
0.11241738603279385
0.11241738603279385
0.11241738603279385
0.1122059384438171
0.1130823153488578
0.1130823153488578
0.11186021383264746
0.11225380314299221
0.11142565220953916
0.11139071565390278
0.1116893268465818
0.11060310752697519
0.11129250867265755
0.11125966106734193
0.11201262550954835
0.11188522138362167
0.11291188928669628
0.11263441153532112
0.11262496885152065
0.11205573394971806
0.11205573394971806
0.11233789553903137
0.11170704571096922
0.11101624399287835
0.11060013686367097
0.11060013686367097
0.11034850011549092
0.11079536704521689
0.11079536704521689
0.1113420412611927
0.11222964482704444
0.11264548892570134
0.11239468434235808
0.11237591868953832
0.112770948231061
0.1133323065301779
0.11238083962076525
0.1117960299055757
0.1117960299055757
0.1128376066102108
0.1128376066102108
0.11334387526608933
0.11392245697167769
0.11376442662182897
0.11253261736619469
0.11216363845070805
0.11240367778777938
0.11157508464011469
0.11157508464011469
0.11157508464011469
0.11262122418876234
0.11239887075504022
0.1108765787113234
0.1108765787113234
0.11130106437391978
0.10906788486701607
0.10932139327269004
0.10932139327269004
0.10811803247984908
0.10775054380264676
0.10864328921968813
0.10864328921968813
0.10864328921968813
0.10799005167451398
0.1081018784497686
0.10772006826981378
0.10772006826981378
0.10692442994247271
0.10712732389315982
0.10733410785722464
0.1075461540452295
0.1075461540452295
0.10829363611280665
0.10825140464875155
0.10802953862511058
0.10912204628214812
0.10864161834122275
0.10978112374147893
0.10991096708128738
0.10913795629173685
0.10913795629173685
0.11077653014975825
0.11077653014975825
0.10966390383363747
0.10966390383363747
0.10999926992004058
0.1088290596883727
0.1081570669081162
0.10642929257366382
0.10656201982675545
0.10698789156586269
0.1072500903022914
0.1072557581668712
0.1072948158623743
0.10792098322568479
0.10702928739847299
0.10722245516561715
0.10732986042735358
0.10781418976143968
0.10781418976143968
0.10839283542116655
0.10839283542116655
0.10759689756950772
0.10759689756950772
0.10782055207890351
0.10693909545469556
0.10652561927589117
0.10675508064148741
0.10675508064148741
0.1076471228893881
0.1076471228893881
0.1076471228893881
0.1076471228893881
0.10773895001870055
0.10773895001870055
0.10823524938820722
0.10853614871132988
0.1096667658002079
0.1085255808204339
0.10807147429154035
0.10807147429154035
0.10932519218169848
0.108368207506497
0.108368207506497
0.1083912648472391
0.10830229345316603
0.1086243680026639
0.1086243680026639
0.1086243680026639
0.10867535470674611
0.10867535470674611
0.10735429023704558
0.10893177553683081
0.10836590144847012
0.10929976240538303
0.10912745660458403
0.10829209315136484
0.10829209315136484
0.10832984469648428
0.10716734525885639
0.10687981869145045
0.10757529316766144
0.10757529316766144
0.10655312280449773
0.10646191109265829
0.10646191109265829
0.10614322057141345
0.10644636648721587
0.10644636648721587
0.10638251174510283
0.10638251174510283
0.10780246125825223
0.10625204895929886
0.1070452364004899
0.10675116944125727
0.10598409514364816
0.10515939565551373
0.10514040753031417
0.105596389228944
0.10535907534712927
0.10465179585850688
0.10511801782092302
0.10527214051299637
0.1055272858233454
0.10522476138250424
0.10482233354169206
0.10397151428311278
0.10397151428311278
0.10409998291037353
0.10485824901773591
0.1034825856245414
0.10375569366949583
0.10372550944632998
0.10494207136634516
0.10503862265925296
0.1036324846354119
0.1036324846354119
0.1036324846354119
0.1036324846354119
0.1036324846354119
0.1038426097442433
0.10401587038350615
0.10367384704470281
0.10428698414334601
0.10376713796090989
0.10322393710552233
0.10365188124567556
0.10349984898300926
0.10490578905234994
0.10465770938467069
0.10470916806767382
0.10401118830581094
0.10401118830581094
0.10458253610800465
0.10529999751153929
0.10545364185339405
0.10517698387475413
0.10450918059594973
0.10447197086954133
0.10468907468283187
0.10468907468283187
0.10468907468283187
0.10559947906608755
0.10559947906608755
0.1039380664606695
0.10434449948608944
0.10599991069298745
0.10543865858309527
0.10543865858309527
0.1057636345855711
0.10483059545046368
0.10497413528947287
0.10392053986789652
0.10498834823700562
0.10498834823700562
0.10466725383513496
0.10440788280909233
0.10493713575838014
0.10450911072688561
0.10443663820685095
0.1045384578533967
0.10520348464380457
0.10456154894404636
0.10364960192779846
0.10390292419448882
0.10506025453018233
0.10610621716309462
0.10561273081912272
0.10425480234432101
0.10565244607590284
0.10565244607590284
0.10590457059615237
0.10529712053526648
0.10529712053526648
0.10475026824046177
0.10509719655201692
0.10509719655201692
0.10533188533873108
0.1060262418531604
0.1060262418531604
0.10571103742654672
0.10629182582694974
0.10629182582694974
0.10679364907300377
0.10639661233140851
0.10639661233140851
0.10639661233140851
0.10689377634417448
0.10689377634417448
0.10665340451238603
0.1068722512664728
0.10690433304465212
0.10720104345127636
0.10666013841143895
0.1072976445071803
0.10782675060942566
0.10779910228605845
0.1078879920296998
0.10744603833674876
0.10820531462015635
0.10820531462015635
0.10830193124806593
0.10835719637680438
0.10835719637680438
0.10764449194204029
0.10764449194204029
0.10764449194204029
0.10724805428973809
0.10724805428973809
0.10724805428973809
0.10770840924058216
0.10786423612212281
0.10687770379696966
0.10687770379696966
0.10751079745460108
0.10802772991337091
0.10883967120962475
0.10906826188756787
0.10994418508724199
0.10969058573878088
0.10918642133585915
0.10829940358189272
0.10881057051009811
0.10877609602648584
0.10868795091399025
0.10976429791492069
0.10976429791492069
0.10995111337141368
0.10995111337141368
0.11022093075669301
0.11235910602389375
0.11259339738467239
0.11246779617525357
0.11304190396431676
0.11317707525936245
0.11317707525936245
0.11404427212784894
0.11288251199934517
0.11276317020217648
0.11276317020217648
0.11359010139527564
0.11188765890494685
0.11188765890494685
0.11210974221454992
0.11210974221454992
0.11188393838898941
0.11188393838898941
0.11188393838898941
0.11177483857526395
0.11177483857526395
0.11153529517586339
0.11168638687323153
0.11009177986352715
0.11009177986352715
0.110000210546005
0.10914794790101856
0.10965379955181395
0.10832013182524765
0.10910169478158407
0.10821639434805969
0.1080206151955052
0.1086682030067034
0.10875680445749951
0.10884400536488968
0.10884400536488968
0.10789889183979177
0.10724211227881802
0.10706136837161276
0.10706136837161276
0.10827828525609084
0.10931783126177244
0.10970618112860578
0.10955770796562861
0.10933898136526922
0.10933898136526922
0.10938703343234357
0.10937320651556122
0.10907373147190405
0.10912740433494006
0.10912740433494006
0.10912740433494006
0.10871497936565006
0.10824697080460632
0.10788616649355974
0.10807190932944963
0.1081642474787041
0.1085174095741526
0.10831932164828788
0.10834454160047881
0.10820255980212869
0.10838731618228031
0.10877098887893358
0.10890079934129926
0.10890079934129926
0.10893600338628442
0.10893600338628442
0.10854935409636379
0.10859130909799919
0.10863361626962997
0.10813551877945497
0.10813551877945497
0.10813551877945497
0.10783772550069343
0.1073472651514335
0.10631580817331729
0.1064975571526925
0.10580525091241896
0.1060996180264705
0.1060996180264705
0.1061924879336176
0.1061924879336176
0.10575240210945433
0.10662348533918106
0.10662348533918106
0.10662348533918106
0.10718266976386008
0.10750187069372873
0.10896282881460014
0.10896282881460014
0.10896282881460014
0.10927211663017142
0.10872288047391682
0.10770318651347652
0.10859584437376421
0.10789267277940565
0.10861200545965193
0.10902585972351526
0.10863015479120426
0.1091894601161641
0.10870598416796481
0.10870598416796481
0.10888861045051935
0.10852453570125214
0.10775962550447218
0.10820250130437711
0.10815743394849384
0.10846557264397212
0.10837526489842796
0.10796574158468523
0.10811089782565267
0.10807082979856993
0.10937437683996473
0.10953696257199676
0.10988546191199179
0.10988546191199179
0.11070730721322872
0.11070730721322872
0.11070730721322872
0.1126051342601329
0.1126051342601329
0.1107852578225272
0.10922822396564003
0.10922822396564003
0.10882643102463653
0.1095676052658539
0.11019920408855717
0.10967698865990907
0.10967698865990907
0.10948430894977987
0.1088521560239151
0.1085043051160022
0.1085043051160022
0.1085043051160022
0.1085043051160022
0.10871315105159245
0.1076279581506808
0.107428056795246
0.10807897311760893
0.107469715369354
0.1074847174319991
0.10846352599806061
0.10846352599806061
0.1079416965319409
0.10834936354380148
0.10820184537653216
0.1090525240385565
0.11007240506378686
0.11027028563609265
0.11076937709741556
0.11063316973020422
0.11097804326539745
0.11036175899865179
0.11080466312602208
0.11080466312602208
0.10933726088662427
0.10972472946908854
0.11006967556105972
0.11018878982012885
0.11033331701235423
0.11033331701235423
0.10991110134281071
0.11025725554747909
0.11025725554747909
0.11116432209381276
0.1110861097602258
0.11106501858447174
0.11005217206924611
0.11026362778160065
0.10994627756115236
0.10994627756115236
0.10953745106743643
0.10933963405661178
0.10927332597531493
0.10758027094656411
0.10767799016848771
0.10705887331563366
0.10705887331563366
0.10705887331563366
0.10705887331563366
0.10601497507931952
0.10612322617054094
0.10553720371789789
0.10648911598912347
0.10592048177739957
0.10577003387668
0.10740156655359813
0.10795049669288795
0.10621290388386058
0.10485904007502767
0.10485904007502767
0.10485904007502767
0.10396161985970273
0.10396161985970273
0.10414118325109875
0.1039232057102721
0.10334068473693193
0.10361786592687819
0.10361786592687819
0.10272621726270101
0.10162571574702335
0.10211591973332261
0.10225700825568071
0.10225700825568071
0.10317032022513827
0.10317032022513827
0.10400723987813149
0.10446292810172784
0.10474061605635004
0.10450489357452535
0.10450489357452535
0.10598845197326653
0.10627500740663293
0.10638212154556204
0.10638212154556204
0.10691662371007539
0.10690553389580328
0.10740390283274631
0.1070619356374274
0.10866936733289656
0.10861293773550776
0.10856881734025027
0.10836386851448195
0.10790046980399134
0.10853021119138116
0.1091907489034843
0.10825970368436025
0.10809128359345947
0.10857672446220372
0.10797859241564313
0.10737802888559664
0.10773042021874248
0.10780092203544749
0.10780092203544749
0.10672668060654734
0.10722529666401977
0.10808681418063276
0.10923453134487138
0.10848433774282926
0.10848433774282926
0.10943968111483685
0.10943968111483685
0.11013813810753842
0.10992533294402217
0.10907712196959801
0.10881537023447664
0.10805595192934674
0.10805595192934674
0.10805595192934674
0.1096273621669533
0.1096273621669533
0.10893080676307926
0.10893080676307926
0.10853974751276535
0.10936532303444864
0.10936532303444864
0.10828488246539991
0.10818440038263531
0.1083292409172079
0.10955402078620811
0.10859969228850425
0.10874949909639796
0.10883482367984366
0.10956490958926021
0.10933085083983175
0.10999315205613713
0.11014875244502785
0.10958871067980973
0.1094190762476631
0.10960372609171015
0.10827245193860464
0.10887253759828334
0.10868062402087628
0.10849745630960554
0.10720908688533697
0.10729837361208161
0.10844269764541647
0.10844269764541647
0.10901051733346484
0.10828353310624945
0.10833561243241352
0.10854584183898991
0.10903921615864023
0.10903921615864023
0.10903921615864023
0.10852396394904078
0.10776855307545312
0.10738121437907287
0.1085426179493835
0.10795248984549999
0.10691606561373128
0.10673356144182473
0.10718845947075543
0.10678908594595132
0.1070915855016857
0.10762420394988104
0.10630223203704978
0.10604795309169732
0.10513910421257151
0.10434578855352462
0.10561825531031364
0.10535526177844205
0.10584829787947161
0.10630840205863044
0.10576171758094244
0.10545530445074322
0.10635819983018194
0.1074281947982668
0.10849146825161697
0.10672006507404505
0.1070039942503654
0.10622719149311366
0.10540992485315359
0.10561911580621618
0.10561911580621618
0.10598972102890118
0.10638905343758338
0.10606010183243644
0.107437414463537
0.10667441091807071
0.10626887089480014
0.10611774242367236
0.10611774242367236
0.10707163510621663
0.10707163510621663
0.10754707611135358
0.10736615664517433
0.10841446836477156
0.10899419248803063
0.10893394644200192
0.10752749412772675
0.10726043285032916
0.10759827904155944
0.10720074132911485
0.10582502820925636
0.10572261252230741
0.10566576697666745
0.10595427445632659
0.10633470820139565
0.1069582338886969
0.1071046561460707
0.1066079706303393
0.1066079706303393
0.10681327267981339
0.10685142255690604
0.10685142255690604
0.10524790867669752
0.10569623247474981
0.10616540789146818
0.10616540789146818
0.10682572577893037
0.10763491837513908
0.10736640444731477
0.10736640444731477
0.10735436230520744
0.10789099533228685
0.10804607213256433
0.10804607213256433
0.10798962537134973
0.10795121358101376
0.10829019109824942
0.1086928595470385
0.10835215903608254
0.10844272097819495
0.10795508333107591
0.10643617873668923
0.10643617873668923
0.10810381766801745
0.10925185925401426
0.10925185925401426
0.10925185925401426
0.10977739901635174
0.109994360766976
0.10974530683703511
0.10974530683703511
0.10996043745208216
0.10988378642087182
0.10973321438983033
0.10843074622320746
0.11008128158623576
0.11008128158623576
0.11008128158623576
0.10989126125937755
0.10989126125937755
0.10965643063757625
0.11005875691940198
0.10999192065064149
0.10905832467157717
0.10956202885536247
0.11004020967205953
0.10911114193578947
0.10959986003890387
0.10970462901427089
0.10970462901427089
0.11169950980276752
0.11191814382687973
0.11182032241835498
0.11208584321324529
0.11208584321324529
0.11208584321324529
0.11186844615642731
0.11262270952038159
0.11323068427784196
0.11379513762170185
0.11379513762170185
0.11379513762170185
0.11350352516578743
0.11401671997745434
0.11412088970472024
0.1145699410927766
0.11342608859275032
0.11283452881754422
0.1120869067825278
0.1121028940991156
0.11288920239710516
0.11315723245880645
0.11305810451901223
0.11305810451901223
0.11330447342036554
0.11330447342036554
0.11313468646235268
0.11345007636400112
0.11368669021247695
0.11453340888870234
0.1145600118069272
0.11346149189565079
0.11276465175412792
0.11263770011312386
0.11300085849399993
0.11246434874830816
0.11241417977078323
0.11380657840459416
0.11381703487273714
0.11381703487273714
0.11227342234295574
0.11231134142247207
0.11183198937388518
0.11225649075974442
0.11207346288853919
0.11240107996752549
0.11337079889553062
0.11304568074108233
0.11304568074108233
0.1144769439726194
0.11552869922414183
0.11467994465223157
0.11449207542292497
0.11484330666959537
0.11423686794870473
0.112849585038162
0.11379148230364453
0.11379148230364453
0.11404074394227603
0.11307224876898074
0.11307224876898074
0.11437453680030595
0.11437453680030595
0.11573755901236227
0.11614523278728839
0.11557726857807718
0.11421890402273611
0.11393929228262879
0.11336622242260791
0.11233897420433968
0.11118925545277143
0.11202727506837538
0.11235042873894668
0.11283218706242318
0.11364719655218088
0.11331548564892552
0.11378740557106574
0.11378740557106574
0.11378740557106574
0.11378740557106574
0.11350947900934459
0.11286772900010071
0.11292140974939693
0.1127444982954829
0.11325379568471539
0.11403214813122428
0.11403214813122428
0.11284724386551945
0.11299230005671568
0.11214775503776471
0.11199196531902406
0.11228394555509699
0.11228394555509699
0.11117143778753147
0.1122913421807469
0.11279468752297392
0.11106858024790937
0.11028273360264677
0.11138098604997182
0.11125283388787459
0.11203129540127471
0.11096359288284352
0.11203864195092575
0.11122322321766887
0.112030739476222
0.11150383410811211
0.11244642419328812
0.11095330834971229
0.11095330834971229
0.11130501525154318
0.11112553487880387
0.11089990533320558
0.11089990533320558
0.11064435628488832
0.11002996765760714
0.11002996765760714
0.1108154389781936
0.11130420403991115
0.11155517837828484
0.1108437049130868
0.1108437049130868
0.11059406934304959
0.10863581709431741
0.1085051305787345
0.10684969752434777
0.10684969752434777
0.10651601407694819
0.1058787733872821
0.1058787733872821
0.1061722977968017
0.10637889586238691
0.10637889586238691
0.10546710589712864
0.10546710589712864
0.10636477983338387
0.10640358066435261
0.10640358066435261
0.10635902587391675
0.10648395767357657
0.10610062545218811
0.10650881189640439
0.10727590745979913
0.10727590745979913
0.10717894494447562
0.1069350436712693
0.10745571338421933
0.10632328782456978
0.10557507859124876
0.10566028992123157
0.1057874632195173
0.10639384402787568
0.10618147592285136
0.10638149320714664
0.10638149320714664
0.10695083692851233
0.10695083692851233
0.10724859043907933
0.10724859043907933
0.10785858949018384
0.10659495728491854
0.10733869716890294
0.10679862195774603
0.10726417320216806
0.10726417320216806
0.10656037126864894
0.10656037126864894
0.10701033270547157
0.10608244589462738
0.10608244589462738
0.10608244589462738
0.10680482491188895
0.10772541753922979
0.10860514479219793
0.10891546361027957
0.10848984745585209
0.1083787859232364
0.10794485264664513
0.10794485264664513
0.10794485264664513
0.10780143860469975
0.1089826122105218
0.10909084433640905
0.10882790873893827
0.10946046931745518
0.1098025978088441
0.10974425135270496
0.10953509206627095
0.10989655434336214
0.10999262324221065
0.11116109823473608
0.11133486654898055
0.11133486654898055
0.11133486654898055
0.11168223725632895
0.11168223725632895
0.11085929584800815
0.11048043484267608
0.11201253962033655
0.1120016676219282
0.111963193590445
0.11277876965087867
0.11236917734375315
0.11212413550960457
0.11212413550960457
0.11212413550960457
0.11212413550960457
0.11216711040635909
0.11219059264916927
0.11276824667659321
0.11302146700098042
0.11280423882116465
0.11296617054236538
0.11204811431359028
0.11182935077693362
0.11182935077693362
0.11182935077693362
0.11182935077693362
0.11182935077693362
0.11259336879961827
0.11206936406121311
0.11206936406121311
0.11206936406121311
0.11206936406121311
0.11048713541224091
0.11048713541224091
0.11012143400720956
0.11012143400720956
0.10971227754283486
0.10968253489200906
0.10968253489200906
0.10909855499204289
0.10909855499204289
0.10909855499204289
0.10921951555608501
0.10921951555608501
0.10921951555608501
0.10921951555608501
0.10951932083450601
0.10861786139479437
0.10850801713785624
0.10821051618299247
0.10746934703605499
0.10718453704085176
0.10718453704085176
0.10774521147251388
0.10810921452407694
0.10724185713243249
0.10724185713243249
0.10730236633779267
0.10737956739484501
0.10737956739484501
0.10727173686578981
0.10646609253275724
0.10755219253719173
0.10755219253719173
0.10818595868616955
0.10807912103291914
0.10883163448945976
0.1090456869320407
0.11022276694240483
0.10994091542747171
0.10980771552540561
0.11068609566276104
0.11011779838933333
0.10949436953706909
0.1082807509873288
0.10826128396019076
0.10768026762301618
0.10806114856449096
0.1077513419336514
0.107540940954188
0.10782658634255636
0.10800851352634337
0.10733028695041696
0.10733028695041696
0.10700152881694511
0.10680910291343376
0.10658234986620184
0.10848143564371553
0.1071048718437964
0.10650173014684268
0.10639329337974765
0.10639329337974765
0.10807512294565252
0.10807512294565252
0.10765122315722167
0.10681683876392478
0.10689836721541394
0.10621179453244575
0.10472341442631392
0.10472341442631392
0.1050682585120808
0.1050682585120808
0.10625707642568366
0.10723522708654513
0.10723522708654513
0.10593621688124652
0.10773009338461578
0.1074837160370536
0.10807649079055828
0.10800493112034874
0.10792403282590417
0.10792403282590417
0.1085194464150721
0.10913133853166512
0.10939392476505927
0.10869522998128463
0.10820962509494937
0.1082335545409231
0.10721914494810028
0.1081027895843451
0.10762665300679052
0.10812971511805952
0.10889721506335179
0.10845929019161069
0.10899159861370086
0.10899159861370086
0.1085303036142088
0.10936704173134752
0.10849390509875892
0.10853778894790832
0.10796610433883022
0.10852789569724472
0.10813971748867629
0.1071132580209491
0.10734439859978692
0.10667918682865829
0.10667918682865829
0.10764263200038876
0.10855168291549204
0.1084662933109634
0.10909087113421678
0.10910717959864213
0.10915578322358029
0.10910833222570088
0.10897191630208063
0.10939360101381836
0.10819670370344935
0.10802503894595236
0.10649678243680424
0.10674889457715685
0.10674889457715685
0.10735271422330629
0.10684726600639889
0.10684726600639889
0.10617483409373375
0.10617483409373375
0.10640643278364603
0.10636552710192429
0.10636552710192429
0.10636552710192429
0.10533701550374464
0.10533701550374464
0.10504453620200103
0.10607987048700054
0.10666493467724941
0.10666493467724941
0.1077362823622347
0.10729572607678804
0.10787935574955841
0.10792651058394943
0.10792651058394943
0.10792702468387934
0.10827376723900192
0.10790605291314867
0.1088150788770696
0.10898238657748745
0.10929835551961678
0.10929835551961678
0.10929835551961678
0.10928427354046777
0.10940295784368616
0.1095092730952267
0.10921166018944016
0.10887365528378574
0.10751060006922226
0.10670958118461332
0.10670958118461332
0.10670958118461332
0.10670958118461332
0.1063988474111376
0.10642533985083479
0.10662069187216064
0.10662069187216064
0.10609086005371043
0.10609086005371043
0.10494121486237368
0.10461965309177829
0.10584476627416006
0.1058373869512499
0.10653233123092222
0.10647426209585717
0.10653948958243074
0.10660586358196619
0.1081211619068471
0.10818250120983294
0.10940654944150921
0.10871905522504748
0.10871905522504748
0.10798225630528058
0.10805749259919244
0.10942342518693861
0.1100106451819515
0.11054558081433824
0.11054558081433824
0.10826168377007163
0.10859978263231486
0.10855504172712188
0.10992206758111579
0.10992206758111579
0.10992206758111579
0.1091351048316821
0.10974134915184554
0.10974134915184554
0.10826224142237567
0.10826224142237567
0.10866045944745806
0.10789406612159796
0.10907499639522564
0.10907499639522564
0.10910423401308432
0.10960595168831998
0.10837829631487574
0.10837829631487574
0.10721702842198091
0.10721702842198091
0.10743792010425483
0.10785990078527219
0.10687107032538891
0.10687107032538891
0.10687107032538891
0.1067333697731121
0.1062386604653172
0.1062441474625757
0.10655209256039967
0.10655209256039967
0.10588423972487104
0.10704687722711956
0.1084804223451669
0.10737121873762667
0.10744894837005166
0.10728073005530087
0.10728073005530087
0.10692246870819351
0.10687831371762235
0.10648713933196205
0.10815497556478972
0.10815497556478972
0.10722531942770563
0.10722531942770563
0.1075272081895287
0.10743897234495708
0.10619381145757244
0.10584591744715578
0.10604770140177135
0.10617722306165656
0.10507591200304806
0.10561148319321653
0.10561148319321653
0.10560550459668958
0.10476834168186715
0.10515535464707379
0.10621813216994305
0.1062652411637595
0.10672236419550218
0.10732585097591749
0.10732585097591749
0.10732585097591749
0.10732585097591749
0.10752782253509247
0.10639433903714762
0.10639433903714762
0.10639433903714762
0.10647986214595073
0.10715621739648264
0.10678065999142804
0.10799859643643205
0.10799859643643205
0.10859964747728808
0.10816009843058229
0.10751814530987024
0.10696569418945637
0.10698335133577357
0.10650261279152919
0.10625393892780544
0.10660778098463645
0.10618835112709794
0.10645127824410125
0.10579009232405517
0.10579009232405517
0.10614719233244257
0.10627713737611232
0.10627713737611232
0.10734453291315073
0.10730479275036113
0.10743574305054035
0.10879193201959349
0.10867149215165728
0.10901072625845586
0.10901072625845586
0.10709026928606225
0.10709026928606225
0.10660424563242803
0.10645874625135149
0.10684838338791415
0.1077133881533648
0.10745361580275076
0.10696726038769258
0.10726828498749247
0.10726828498749247
0.10821896287607193
0.10773498259940555
0.10842373055302071
0.10787009796610328
0.10896248976098684
0.11075464501556578
0.11075464501556578
0.11075464501556578
0.11052806051565087
0.11012693932486911
0.11032923193568735
0.11032923193568735
0.10948641865758728
0.10948641865758728
0.10938940537625404
0.10960205212366049
0.11022145440393706
0.11160319154494912
0.11195657527044704
0.11182469407068615
0.1104821617606026
0.11069505948597108
0.11032907908290347
0.1098604931721262
0.11017817856242047
0.1110010702530432
0.11087100003222249
0.1105284687451428
0.11091701046442412
0.1111163584200555
0.11010618669313421
0.10933878791433303
0.10933878791433303
0.10836040039903111
0.10785114349154645
0.10785114349154645
0.10785114349154645
0.1072478089851703
0.10697301306271534
0.1064710639691393
0.1064710639691393
0.10590981617075938
0.10687581814823863
0.10688612249341915
0.10727339903151505
0.10742339914066297
0.10798947596984916
0.10798947596984916
0.10799227432277901
0.10799227432277901
0.10830423276619842
0.10789252271965873
0.1077336110051941
0.10881574558852422
0.10747705677610987
0.10825314544523641
0.10878266993391446
0.10905836789618092
0.10906601429967305
0.10878380169909738
0.10804334060919642
0.10804334060919642
0.10914268104491301
0.10845047160793242
0.10879730933917614
0.10877017985688353
0.10824159597257044
0.10824159597257044
0.10851491488128616
0.1095210973037185
0.11010233911165143
0.11075078365885155
0.11101587263934606
0.11139380425043041
0.11117214433938133
0.10934677498351927
0.10937524120914284
0.10843336668553048
0.10846057392773506
0.10904097972523008
0.1081843415046046
0.10799198309956907
0.10802193578074731
0.10810008939451056
0.10938280502080736
0.10881642395354515
0.10930285275261893
0.10886208722883198
0.10873590348244838
0.10890194869397579
0.10956096408324005
0.1094846806099563
0.1098667244732169
0.1098667244732169
0.11017265372453572
0.11017265372453572
0.10963457537616766
0.10933772803650091
0.10933772803650091
0.10803752929100444
0.10690855833867675
0.10719027637052873
0.10798406336366483
0.10860513260674562
0.10931541502757279
0.10766977453258088
0.10834834420750933
0.10839895077517282
0.10756938813801868
0.10788533467729787
0.10788267909068602
0.1081633932559564
0.10824685678884462
0.10824685678884462
0.10795109357273658
0.10947233542261864
0.1096458965280229
0.10980478935118364
0.1107263711256145
0.11016023474796144
0.11126234687712475
0.11063522583096708
0.11063522583096708
0.1116088534839973
0.11001172333345088
0.10988700296661681
0.10988700296661681
0.11088488843182734
0.11088488843182734
0.11088488843182734
0.11088488843182734
0.1112430432315285
0.11222095217767293
0.11309144540636627
0.11186461937161628
0.1121137392519227
0.11128888547757586
0.11028177135318531
0.1105218888159335
0.1105218888159335
0.11143330492509722
0.11170221632455644
0.11170221632455644
0.11126543912947882
0.11086547571969466
0.11044541990988284
0.11044541990988284
0.11094534452080547
0.11094534452080547
0.10998293235516868
0.10996207421815157
0.10965566199956331
0.10983431146933584
0.1081765445787974
0.10817036542944597
0.10898580710297923
0.10949089051719801
0.11041979007399637
0.11019647471375564
0.11074089611070702
0.1098216953863592
0.10831532204674339
0.1079719107453991
0.10822163117152696
0.10753881081976366
0.10787731036252256
0.10852604209938048
0.10852604209938048
0.10837164144455713
0.10789145872831288
0.1073890933277478
0.1073890933277478
0.10611405092701777
0.10720785143760275
0.10581046472012262
0.10555955494206118
0.10565649677792592
0.10565649677792592
0.106421424222628
0.10570394683003766
0.10577807011483929
0.10542961886906964
0.10590290029804827
0.10716528600540445
0.1059235359255784
0.10645419286198507
0.1072098646643083
0.1077093103952467
0.10777465549269681
0.10684854216485484
0.1075833288479207
0.10841007012910225
0.10968977236805201
0.1091168679112967
0.10982567833577776
0.10916715196954113
0.10898614741816748
0.10857337237627934
0.10910386037428789
0.1102602234896779
0.11085570108253413
0.11046694203078962
0.10926140339518176
0.10940279642432094
0.10950159724471807
0.1076385474083321
0.10833680530493037
0.1091280924997399
0.1091280924997399
0.10852720855958928
0.10821588480469438
0.10821588480469438
0.1091440290803269
0.1091440290803269
0.10943419954280167
0.10905472803026446
0.10905472803026446
0.10905472803026446
0.10930118775301854
0.10930118775301854
0.10916070238418278
0.11001440397578313
0.11001440397578313
0.10981655102334191
0.1093390383469518
0.1071519441356156
0.10728294491881442
0.10886417799698211
0.10782304534108308
0.10782304534108308
0.10703206566918544
0.10741370601340956
0.10741370601340956
0.10741370601340956
0.10714167188972742
0.10660410448127605
0.10658586170152688
0.10557643328174107
0.10554124370454221
0.10498116757399852
0.10498116757399852
0.10576082198620787
0.10590627629164792
0.10562276569447905
0.10609166854537025
0.10623070950778758
0.10559098198417198
0.10559098198417198
0.1057108241144164
0.10690354080724525
0.10495170618530311
0.10518596588591547
0.10518596588591547
0.1052842569294925
0.1052842569294925
0.10581673051352272
0.10512377045685833
0.10502682844985048
0.10400714897497244
0.10400714897497244
0.10492785414100453
0.10492785414100453
0.10554847764073674
0.10345271305013033
0.10345271305013033
0.10345271305013033
0.10390476703094167
0.10390476703094167
0.10390476703094167
0.10390476703094167
0.1055796550195492
0.10478868912766533
0.10478868912766533
0.10549417522278502
0.10556930363758484
0.10576589903363716
0.10498740137828769
0.1049516614615537
0.10556575903066608
0.10662298566443279
0.10662298566443279
0.10689956165342722
0.10744860958555229
0.10715689828669198
0.10679031052110786
0.10532103991940871
0.10463139823315357
0.10573800438485992
0.10553837817292254
0.10420502033287166
0.10518325381582311
0.10564707130482949
0.10523833874922606
0.10486657802996341
0.10351222304169379
0.10351222304169379
0.10258165388050199
0.10258165388050199
0.10258165388050199
0.10340148820096454
0.10200972367256708
0.10200972367256708
0.10119779865450491
0.10119779865450491
0.1008134619972685
0.10071316952454096
0.10222709995588924
0.10207708404708553
0.10207708404708553
0.10207708404708553
0.10221624527717915
0.1033227030797291
0.10259090987424141
0.10259090987424141
0.1025620312880572
0.10313601374606754
0.1032408930073899
0.10330645594167641
0.10405722072036211
0.10428728199086876
0.10518526029700305
0.10549367927599931
0.10549367927599931
0.10590822672281945
0.10705269046476604
0.10784579494451639
0.10730313204577413
0.10730313204577413
0.10720869587236626
0.10627059906474923
0.10677034198601593
0.10732613516069753
0.10689071376275935
0.10717061820406291
0.10772239159927867
0.10699286655791189
0.10633172566133685
0.10679707750379937
0.10675454831054645
0.10771696692320368
0.10808754755740829
0.10808754755740829
0.10903570167002656
0.10775026678621033
0.10808409009267073
0.10743383731051202
0.10751135215511444
0.10751135215511444
0.10885740149499847
0.1093991852312897
0.11004220836140201
0.1095020951135156
0.10977866119385717
0.10953393900327517
0.10983616846770648
0.11038950389268666
0.11038950389268666
0.11101663452318865
0.11089069146644
0.11098127806458251
0.11050180133016393
0.11049365941170146
0.11013237621796348
0.11106234316310666
0.10986013025489054
0.1076848147357437
0.1076848147357437
0.10836633436805279
0.10935960738459395
0.10922683268934642
0.1087980254904562
0.10903603700545333
0.1100419751135674
0.11118967649074656
0.11145818405197436
0.11011637793308175
0.11011637793308175
0.11011637793308175
0.11055643490676643
0.1100619965700738
0.11082130021395939
0.11082130021395939
0.11013715364290408
0.10903192220119666
0.10917085857973391
0.10917085857973391
0.10870561659596051
0.10820033099352004
0.10808388510389881
0.10716279094409199
0.1080465604499773
0.1080465604499773
0.10968951501648953
0.10959860129877624
0.10959860129877624
0.10945248960743813
0.10955344048658297
0.10955344048658297
0.11000177323202565
0.10914613291187875
0.10911431227789789
0.11053472854052591
0.11053472854052591
0.10987728135375295
0.1098006401998318
0.11018849059346086
0.1098488210432289
0.10987349501280536
0.1095277977598874
0.10896537633296802
0.10858226112171
0.10819113389477483
0.10819113389477483
0.10819113389477483
0.1081382727797543
0.1081382727797543
0.10793123908084774
0.10841120158309732
0.10884002529759086
0.10853631475859504
0.1104160182350095
0.10868463865945532
0.10969894474744639
0.10830839359978796
0.10831278100826792
0.10865040580271224
0.10865040580271224
0.10987060125891904
0.1107208967306525
0.11115295319131475
0.11039268610657929
0.11000462475428985
0.10978548479009533
0.11098281782607765
0.11148792340726099
0.11148792340726099
0.11148792340726099
0.1111109196980886
0.10994190054005591
0.1099374281777815
0.10942081544773126
0.10942081544773126
0.10956879059705601
0.10884924206808204
0.11051343708870211
0.11051343708870211
0.11051343708870211
0.11053758444007115
0.11100454952290024
0.11017082435513975
0.11017082435513975
0.11066642012357054
0.11134825969960983
0.11134825969960983
0.11186928141852581
0.1116402526298809
0.11115745176402579
0.11090630464945686
0.11103237967350486
0.11103237967350486
0.11030575861909891
0.11064550841553068
0.1097076897761298
0.10820628980635201
0.10811297198613784
0.10872291588550677
0.10794620366934995
0.10794620366934995
0.10702713296468475
0.10740438086861631
0.1076209957035883
0.1076209957035883
0.10741496052221698
0.10681330515119318
0.10722171433124933
0.10772608494196882
0.10824789389540483
0.10883797450414762
0.10891434701238133
0.10794899806110406
0.10788320410593956
0.10821805995811912
0.10756740724125911
0.10891522408986605
0.10891522408986605
0.10891522408986605
0.10891522408986605
0.10891522408986605
0.10878506046783602
0.10886429415753567
0.10792325951712163
0.10905992617434329
0.10903339811227908
0.10856495264428881
0.10867064302210916
0.10937929051670979
0.10900669377823458
0.10991467943151577
0.10955295002147965
0.11041113166332485
0.109745642833383
0.10926817224765249
0.10729154434155153
0.10783687951953083
0.10860461844905064
0.10837284394818097
0.10837284394818097
0.10870051658576439
0.10848971007880169
0.10858658827106481
0.10946338268541037
0.10945239650225042
0.1103222659661702
0.11104165428729225
0.11104165428729225
0.11080735064586676
0.11080735064586676
0.1113723888931317
0.11195879769143825
0.11225709275484469
0.11191844830722919
0.11191844830722919
0.1122201183547926
0.11357355415025705
0.11376724924296364
0.1134699694439685
0.11240147625844474
0.11114961851527906
0.1124736202196883
0.11241687967573685
0.11119661897688937
0.10992067395793066
0.1099284057830534
0.1099284057830534
0.10992589105131839
0.10912387152948898
0.10992774433016607
0.10885867487413944
0.10906107817043906
0.10964579292587996
0.10904381914509916
0.10904381914509916
0.1089931546816701
0.1089258391015578
0.1089258391015578
0.10873357730659208
0.10873357730659208
0.10935212797041323
0.11043600196943855
0.11032943649372438
0.1096058670790551
0.10885853473879963
0.10861040616565629
0.10764867459777412
0.10797284681813588
0.1081505229330187
0.10805359896525002
0.10752104379497796
0.10854857418506968
0.10879123550857607
0.10906030472639607
0.10906030472639607
0.10863537297263151
0.10863537297263151
0.10748642426429197
0.10737430193241985
0.10712238598102167
0.10803840063543409
0.10760108059376228
0.10781421703582611
0.10809743358258442
0.10792779568264148
0.10834387431252758
0.1074413809442978
0.10767841929550176
0.10849132720110324
0.10772390741424615
0.10744545781323261
0.10784341599562156
0.10697998141769254
0.10697998141769254
0.10769076872031766
0.10831959642513696
0.10777153065683116
0.10844721744836082
0.10885408080170997
0.10807287392654627
0.10899409106530245
0.10899409106530245
0.10956852256809126
0.10956852256809126
0.10949334490216026
0.10972879478934472
0.10972879478934472
0.10995850900450263
0.10947403820609972
0.1096078207868406
0.10889777581403075
0.10889777581403075
0.10858312747093925
0.11031478530060844
0.11016576251181667
0.11031759868788897
0.11010903609405533
0.11010903609405533
0.1113829437709166
0.11078048679542891
0.10989099204094746
0.10962443121710069
0.1095003215905997
0.11061043777072754
0.1107506829122896
0.11109113353965194
0.11176286102108494
0.1115609696569506
0.11154175864476114
0.11136226079486243
0.11161298442203933
0.11085166411128969
0.10986975233627053
0.11017082430975153
0.10921156239878094
0.10955962325232517
0.11055800507002364
0.10972199245149021
0.10972199245149021
0.10977359067830515
0.10941550903815973
0.10941550903815973
0.1092398764141145
0.10935113592284612
0.10806099747375522
0.10767409396478578
0.10767409396478578
0.10836410028882563
0.10836410028882563
0.10991376413574971
0.10991376413574971
0.10859355444805088
0.10801097635608257
0.10886562731978523
0.10934132462464498
0.10823802247586195
0.10746919582178215
0.10728239011145856
0.10718768129732692
0.10794422249055133
0.10821404055629155
0.10821404055629155
0.10821404055629155
0.10766051949106303
0.10828653281424387
0.10869762826975111
0.10926684120610024
0.10730622897502141
0.10750677569745308
0.10779673871347044
0.10779673871347044
0.10792252370021639
0.10699426911020465
0.10777509438957451
0.1074210557156607
0.1074210557156607
0.10800959437490806
0.10882793413032343
0.10901999504646943
0.1087840735209558
0.1096018783578425
0.10935733613029129
0.10881201621764096
0.10875523818187188
0.1090903024136988
0.10831661654313257
0.10870551671133895
0.10870551671133895
0.10870551671133895
0.10852207389912559
0.10863944297853768
0.10863944297853768
0.10896356629744583
0.10967203189402717
0.10971972656554145
0.10977245859299108
0.11057991007743176
0.11140927681951467
0.11175426092623598
0.11106736201092815
0.11044659155335182
0.10875300901737138
0.10896437949355219
0.10888130894398436
0.10947172391204453
0.10888767386100805
0.10961408966951912
0.10910930383519506
0.10961129231816612
0.10978674123221986
0.10992400914635844
0.1113293877660194
0.11180354440050579
0.11139359095083393
0.11101123713813593
0.11042319625180796
0.11165774568851909
0.11197741508433347
0.11197741508433347
0.11181641876241469
0.11266221324926813
0.11240433451754461
0.11269843636270692
0.11202195056281858
0.11202195056281858
0.11202195056281858
0.11202195056281858
0.11228795241630987
0.1121380480647625
0.11156238387420095
0.11152787434578783
0.11051730400932433
0.11034496315791005
0.10985655021704412
0.10978139508403549
0.10830230433214975
0.10906372900387437
0.10806447637208105
0.10810057073974538
0.10821402972837703
0.10841456451104377
0.1075556929331172
0.10662370110461059
0.10639987964227078
0.10639987964227078
0.10579674302889792
0.10537291701269393
0.10596751944110318
0.10628554742625983
0.1062976800118073
0.1062976800118073
0.10627818798548884
0.10672414285017101
0.10727230359616162
0.10790801821554774
0.10736977812120488
0.10724953701212059
0.10646248488235763
0.10805794941074678
0.1074808824971503
0.10751221966730631
0.10774007144902115
0.10774007144902115
0.10742693169456405
0.10664794512193872
0.10593693979018412
0.10593693979018412
0.10593693979018412
0.10580179117026406
0.10696354033596449
0.10696354033596449
0.10761800677968818
0.10673794817832882
0.10673794817832882
0.10673794817832882
0.10636976769202888
0.10636976769202888
0.10636976769202888
0.10589082282422746
0.10582075290048865
0.10567677511646874
0.10542655397316103
0.10542655397316103
0.10701260947239735
0.10655381823052781
0.10589667345383033
0.10556144757879415
0.10567115727693013
0.10652337435703493
0.10652337435703493
0.10605030403548056
0.10681872926127002
0.10681872926127002
0.10552389556993705
0.10627410109992125
0.10661535708597202
0.10661535708597202
0.1049951661242013
0.10601239636067705
0.10573018707415086
0.10659345945818859
0.10638303097323623
0.10621212332290365
0.10613392655785427
0.10745301440296219
0.10779417682691873
0.10698173544478531
0.10757257819301962
0.10814345595874299
0.10814345595874299
0.10814345595874299
0.10803151328924095
0.10682258872854658
0.10637725928514727
0.1062170334935731
0.1052761092523916
0.10571304751340463
0.10573542181255835
0.10624515672228008
0.10667587810702867
0.10623275087195956
0.10560355190007022
0.10601778216633419
0.10601778216633419
0.10622008822894584
0.10622008822894584
0.10545134270819366
0.10545134270819366
0.10545134270819366
0.1060957003077764
0.1059110461537673
0.10589396780532379
0.10589396780532379
0.10589396780532379
0.1062038670798304
0.10630175098484598
0.10643339031689382
0.10615968014773568
0.10615968014773568
0.10615968014773568
0.10707146797619749
0.10823306124737915
0.10910343230258944
0.10865073051706113
0.1083450617300295
0.10815095365334139
0.10808346601308458
0.1090983823041555
0.10866908253972617
0.10878754281873884
0.10888014251317393
0.10783521591168704
0.10783521591168704
0.10921195911136312
0.10844235073660406
0.10832841231125517
0.10857757975326314
0.10857757975326314
0.10788660604006015
0.10762282939287615
0.10829704328370013
0.10823056403287089
0.10783915336665761
0.10797948990421266
0.10831517385359017
0.10768203901568821
0.10764248537083669
0.10859625699620079
0.10835943628148316
0.10822739914959427
0.10822739914959427
0.10760121198023014
0.10636208585344431
0.10583725037581457
0.10599902618320305
0.10646686466720283
0.10665871154423558
0.10648380761246545
0.1065629349786765
0.10632243231336999
0.10695440447151211
0.10707632444711461
0.10707632444711461
0.1074175239200223
0.10721702002907836
0.10697014239894731
0.10805230948101155
0.1079217585453883
0.10749027847581313
0.10843921644449032
0.10851194675514456
0.10851194675514456
0.1083394486286124
0.1083394486286124
0.10836474291409791
0.10807398372038808
0.10756978341687608
0.10733770983403812
0.10739845605857186
0.10646916007485142
0.10607968951738056
0.1060583656794361
0.10595309343541953
0.10519414938197535
0.10519414938197535
0.10535626786790828
0.10497124858340576
0.10473261778909
0.10418536803838202
0.10418536803838202
0.10459225916983747
0.10503003514375195
0.10534541253761129
0.10534541253761129
0.10448511376522564
0.10542128541953188
0.10516368069851416
0.10516368069851416
0.10470919868360849
0.10413621485387102
0.10456616733865016
0.10614986545854938
0.10703462536890339
0.10703462536890339
0.10672993316029827
0.10543268397364071
0.10639423299537086
0.10639423299537086
0.1068073603390427
0.10704502737509765
0.10749443172044754
0.10749443172044754
0.10749443172044754
0.10773121429345836
0.10686265056768456
0.10669751954246534
0.10678455509201772
0.1068544872235335
0.10658953403993277
0.10699632215944624
0.10775537399836173
0.10775537399836173
0.10798648056703362
0.10825081193579904
0.10913780101243015
0.1093179365787143
0.10885299606170666
0.10985768766395582
0.10985768766395582
0.10969506816978393
0.11056124702680538
0.11016049589659092
0.10933741800582679
0.10994143617945874
0.11002583324133551
0.11002583324133551
0.11002583324133551
0.10955449719412136
0.11062013422235331
0.11033017947299548
0.11065462297340395
0.11065462297340395
0.11036835828997603
0.11011627980311738
0.11011627980311738
0.11029841600131607
0.11148358932591441
0.11105526616477178
0.11075704248649423
0.10973949856846174
0.10973949856846174
0.11016872073200051
0.11023945305085776
0.11076860816572444
0.11076860816572444
0.11068654916831133
0.11116389350590382
0.11116389350590382
0.11133154375428306
0.11143868991463422
0.1114813781366642
0.11171415050792916
0.11253317489916227
0.11282403484211351
0.11334174931724554
0.11328719904159475
0.11328719904159475
0.11328719904159475
0.11295702869698135
0.11379661091085894
0.11469008310119957
0.11403177489217808
0.11434819203780401
0.11434819203780401
0.11407369433047755
0.11428396268174675
0.11418418872617733
0.11467042031445827
0.11421692170989463
0.11443031690423655
0.11401915430115171
0.11251752438121426
0.11251752438121426
0.11369022135448838
0.11306780755780593
0.11255146634458854
0.11258978262778148
0.11306574956632381
0.11319351217394497
0.11244908748280659
0.11271255520589434
0.11166032078175113
0.11114654174427134
0.11188776350968324
0.11197618521215325
0.11197618521215325
0.11066245883925614
0.10914073653564593
0.10834456062002899
0.10834456062002899
0.1090237919129588
0.10976668133912162
0.10974183316127648
0.1085308998657874
0.10902869789099348
0.10902869789099348
0.1089842754609884
0.10932154569504816
0.10957491627197607
0.10900028564507339
0.1079472513203106
0.10828443359423524
0.10828443359423524
0.10867872243591599
0.10813711319617271
0.10839357103757376
0.10834665829949
0.10863513508566779
0.10739150531265453
0.10804864509869995
0.10748078432227973
0.10770150914721198
0.10547708107159814
0.10578038359688054
0.10663765747539002
0.10663765747539002
0.10696919823083426
0.10696919823083426
0.10698854221888611
0.10684519926483113
0.10561659404478936
0.10686025308284723
0.10686025308284723
0.10704818022404142
0.10704818022404142
0.10689194886859786
0.10706486820723601
0.10825343875955253
0.10825343875955253
0.10772430763198086
0.10760199355120224
0.10817364893491031
0.10828789925765771
0.10876368356586269
0.1065542742561239
0.10707589333440735
0.10709753435749429
0.10653928700870949
0.10653928700870949
0.10672697572305795
0.10684428395889933
0.1069829496267599
0.1068634314522791
0.10666347811283523
0.10752144026255006
0.10769254901021116
0.10954640821263635
0.10954640821263635
0.10954640821263635
0.1088867539975972
0.1091524816285819
0.10907913411557178
0.10861176457687884
0.10844713503085875
0.10854318257196136
0.11007043469989361
0.10985685481200315
0.10871185707749653
0.10892771953468125
0.10862152077869636
0.10865287787454284
0.10948471345994588
0.10912749361107399
0.1088715194412337
0.10847858332316035
0.10960466339482079
0.10969070966802322
0.11084171325318683
0.11188902541679394
0.1113876590920044
0.11131976108477341
0.11125667842611828
0.11156079998799141
0.11085610235437489
0.10982868924873622
0.10963856531516138
0.11001031475876062
0.11089001177321396
0.11034183797185185
0.11034183797185185
0.11085990981802349
0.11085990981802349
0.11101882648761364
0.11026189733559494
0.10910531831308604
0.10924077789741934
0.10907891622252328
0.10853841296070607
0.10988069339348008
0.10988069339348008
0.11011885042978768
0.10866240548551162
0.10905061567686306
0.1108628707401726
0.10918470424368477
0.10980892113945567
0.10829500991609954
0.10797484876537129
0.10807140711547979
0.10778396389022997
0.1094787125032776
0.10945954870780478
0.10945954870780478
0.11003278879500142
0.11015126672716764
0.10946462195878774
0.1095827134138415
0.10908536272582432
0.10867636109971916
0.10811687740642612
0.1080432116283552
0.10875219501613635
0.10875219501613635
0.10931740638767624
0.10931740638767624
0.10825187403143928
0.10967553759322901
0.11001361242475755
0.11037392548982806
0.11037392548982806
0.11023486402895667
0.11060690956318658
0.11060690956318658
0.11057134928919155
0.11057134928919155
0.11057134928919155
0.11039597109102574
0.11039597109102574
0.1099282491347372
0.11035822061587723
0.11099863807107715
0.11206673439732426
0.11232004863429905
0.11232004863429905
0.11232004863429905
0.11327950487415835
0.11367927767609759
0.11317730585462074
0.11317730585462074
0.11307511686301654
0.11307511686301654
0.11334659366646893
0.11315450455562656
0.11315450455562656
0.11295048374003003
0.11353930397974843
0.11444804356223019
0.11469226269042276
0.11508821416883211
0.11512408464849734
0.11459111033595373
0.11491320617828568
0.11470942177237956
0.11484256745964194
0.11484256745964194
0.11627979382042937
0.11627979382042937
0.11615255130544146
0.11634313338141668
0.11572146782890526
0.11572146782890526
0.11453340711424775
0.11441262377356397
0.1139893125763287
0.1135040868869655
0.11327138655908661
0.11386133325132146
0.11374105603831189
0.1154558075249291
0.1156568048780552
0.1156568048780552
0.11530297943184913
0.11518946817111744
0.11510716440676612
0.11510716440676612
0.11510716440676612
0.11472930253166162
0.11472930253166162
0.11486280423448214
0.11491896933621105
0.11448845952833298
0.11493196110876641
0.11459512658350213
0.11366458509050677
0.11382031083990587
0.11393683572723533
0.11429332877659353
0.11428405281666876
0.11368253192562382
0.11412608071801358
0.11483160327672988
0.11484513372568757
0.11484513372568757
0.11420362378375572
0.11402793122991825
0.11402793122991825
0.11402793122991825
0.11342111945213201
0.11243676362607855
0.11292813686654747
0.11292813686654747
0.1128113655842261
0.11287440511712975
0.11373374395285973
0.11286589749232431
0.11326141762092341
0.11326141762092341
0.11310620938170025
0.1138507236848821
0.1121181250887476
0.1121181250887476
0.1121181250887476
0.11340623538853517
0.11340623538853517
0.11340623538853517
0.11300806520740243
0.11251751628921858
0.11191964450010705
0.1120428303515192
0.1115796622895948
0.11052886392239446
0.11161097808845327
0.11226755876234742
0.11150973626224815
0.11126320457571238
0.11112179466041275
0.11077830457009129
0.11076571476829049
0.11076571476829049
0.11052126210500926
0.11147947709859567
0.11003560329281498
0.1101355831362958
0.10990865201250152
0.11015821793203041
0.1101353602540903
0.1098402344216863
0.10957265954129103
0.10957265954129103
0.11000049121187962
0.10942463799199278
0.10946028301095109
0.10946028301095109
0.11025190156066554
0.11010301505784692
0.11010301505784692
0.11006833147582828
0.11006833147582828
0.10938707650848452
0.10862751245087564
0.10811046712327689
0.10900537142276644
0.10947821886969401
0.10947566347382333
0.10968931286013638
0.10980047246933322
0.1101587867853453
0.11093357690021384
0.11127339946848967
0.11068120733980263
0.10991700469350334
0.11028621927762557
0.11019486887261583
0.11083452143072964
0.11111374868487213
0.11111374868487213
0.11185499081907517
0.11185499081907517
0.11105676868406245
0.11148377864294934
0.11149643188762806
0.11149643188762806
0.10973722009928348
0.10955578988439006
0.1096782281383727
0.11028590559933799
0.11084664836158645
0.11059351479923157
0.10969614860603982
0.10968946515195879
0.10968946515195879
0.10968946515195879
0.10966142655201834
0.10966142655201834
0.10966142655201834
0.10933966303003846
0.1088679198414084
0.10794911545600028
0.1087075494692223
0.10750482721305807
0.10750307172065465
0.10750307172065465
0.10788043792545618
0.10788043792545618
0.10828680832506717
0.10856256648662399
0.10856256648662399
0.10856256648662399
0.10839957305945663
0.1085839675989774
0.1085839675989774
0.1085839675989774
0.10930300054209896
0.10924077551031375
0.10964721734335237
0.10964721734335237
0.10964721734335237
0.10964721734335237
0.11035711851150719
0.11058991720225546
0.1100528182048388
0.11062264256994415
0.11062264256994415
0.110505099074333
0.10882211337529588
0.11029311854592708
0.11030400995978298
0.11030400995978298
0.10946030047863875
0.109417995515376
0.1099871488295548
0.11082638325648902
0.11120501224501579
0.11098414200218486
0.11098414200218486
0.11167966523317716
0.11098367556158602
0.11144341662896544
0.11186621548704
0.11335707286970277
0.11350769057140583
0.11299724475338958
0.11221730741689408
0.11123169610326811
0.11123169610326811
0.11040295743161135
0.11040295743161135
0.10998387034333998
0.11129662344148511
0.11129662344148511
0.11214311006005735
0.11146201344079039
0.10993046804632464
0.11036926032408005
0.11076357693692614
0.11044720302264895
0.11000474317684805
0.1099872532034207
0.10962613465616404
0.10980437112398937
0.11003451224536064
0.11015610075132272
0.11026236210623085
0.11113059813252497
0.1104685485691124
0.1104685485691124
0.11027652766583017
0.11027652766583017
0.11027652766583017
0.10962531886502196
0.11032303009323555
0.11032303009323555
0.1106133406535126
0.11042376603889424
0.11117695939566216
0.11117695939566216
0.110719518804294
0.110719518804294
0.11084644420975351
0.10941505787430891
0.10901621386574248
0.11000539514874265
0.10972301896516193
0.10987227675110459
0.10987227675110459
0.10987227675110459
0.11047626995162894
0.10914049031111474
0.11053718172298276
0.11105626065639544
0.11184703327691298
0.11181467753636867
0.11178350537065057
0.11178350537065057
0.11198359703803823
0.11198359703803823
0.11058559638891029
0.1104521635469599
0.1104521635469599
0.10890263179162468
0.10877501700391146
0.10877994675414379
0.10874402806922259
0.10913806605677753
0.11037352477356636
0.1103749608257016
0.1103749608257016
0.11046623340549798
0.11046623340549798
0.11187850788427642
0.11187850788427642
0.11091644885435496
0.11121592269813677
0.10915560738305523
0.11012893607783107
0.10838637293464304
0.10917526962222658
0.10915660385898021
0.1089591243703083
0.10992524940412882
0.10992524940412882
0.11064893765134749
0.11150145900062848
0.1114639702468566
0.1114639702468566
0.1121274761118909
0.1116426307360382
0.1116426307360382
0.11168836721715208
0.11168998580220071
0.1106113969929852
0.11081296909498708
0.11022507677072309
0.11022507677072309
0.10999435786804188
0.10998739221748957
0.1090033348411934
0.1090033348411934
0.10895784004434399
0.10880590872696537
0.11035434056901675
0.11035434056901675
0.11061938811104614
0.10945239061015484
0.10945239061015484
0.10861941626265909
0.10894700470710922
0.10755199921112094
0.10721919462506938
0.1076185662592575
0.10803357759787065
0.10795036447235118
0.10666788851380722
0.10666788851380722
0.10627759046801853
0.10616033126467589
0.10574451116509648
0.10513993245883767
0.10408513667100627
0.10408513667100627
0.10435379130029016
0.10459998047677425
0.10624098803906241
0.10656971844161772
0.1076784581328948
0.10850474180504315
0.10782095261013731
0.1082269015726836
0.1082269015726836
0.10833430048713898
0.10825404147846185
0.10979544478470844
0.10981641806367268
0.10922039654261702
0.10795478954619125
0.10771618612864599
0.10773401982114482
0.1079766042531534
0.10702431260412154
0.10702431260412154
0.10702431260412154
0.10702431260412154
0.10650440246228358
0.10815044317372127
0.10714471287097263
0.10571122072695141
0.1059926520334656
0.10645288276160939
0.10637005887992891
0.10703424618660314
0.10669556442783616
0.1062788081535051
0.10540507984568015
0.10600920115663023
0.10551813235631245
0.10595802618005946
0.10630337810620252
0.10752795880069484
0.10766397834315118
0.10788780984266248
0.10731014816906802
0.10731014816906802
0.10759420829415804
0.10836622637072514
0.10833181381995619
0.10771460131699571
0.10721600702535938
0.10676400634913427
0.10673692923103402
0.10709579928569726
0.10731383931260753
0.10702612342002558
0.10733573898338597
0.10756424038680347
0.1073075744525546
0.10744131271655678
0.10748371824692761
0.10697517242721837
0.10753182563539286
0.10753182563539286
0.10897539933825842
0.1088264177733629
0.10866117070762045
0.10866117070762045
0.10790760387366138
0.10790760387366138
0.10732468936333647
0.10714941301597902
0.10769581611340452
0.10804466287597395
0.10804466287597395
0.10823656849721142
0.10823656849721142
0.10823656849721142
0.10783702633100703
0.10783702633100703
0.10783702633100703
0.10798879842382034
0.10814310395821063
0.1082973168276924
0.10741904662783205
0.10741904662783205
0.10741904662783205
0.10811723757162227
0.10681445107743934
0.10698535911819812
0.10615238192345078
0.10615238192345078
0.10773625217760253
0.10727650967903833
0.10758718918204999
0.10842232224970634
0.10792159436153485
0.1081230613493295
0.10764212600616264
0.10764212600616264
0.10764067385318844
0.10663989669882985
0.10726862144794702
0.10727342207161597
0.10727342207161597
0.10821636158022487
0.10821636158022487
0.10855458670208638
0.10945507573570247
0.10945507573570247
0.10962623440012553
0.10933813745498171
0.109209767713185
0.10898108748986945
0.10920475441161052
0.10870481698443958
0.10881257685800039
0.10892791105226447
0.10982713461855817
0.10966833570086669
0.10978802837067643
0.10969541360302702
0.10911991572732067
0.10911991572732067
0.10911991572732067
0.10885603139716614
0.1086021575662279
0.10832546519666525
0.10885361120793928
0.10946248979162312
0.10946248979162312
0.10906899012353435
0.10940890738001888
0.10926190328611675
0.1095663229060417
0.10894396512641187
0.1087738185737003
0.1087738185737003
0.10851194115693838
0.10916000309385138
0.10916000309385138
0.10916000309385138
0.10864832827830627
0.10864832827830627
0.10948454225845497
0.10947417273474655
0.10947417273474655
0.10935590305412926
0.10908560491671644
0.10916296585827995
0.10992574387538068
0.10992574387538068
0.10992574387538068
0.10992574387538068
0.10936936815211058
0.10936936815211058
0.10927525774807936
0.10998002677442353
0.1099850980547651
0.10919513187913067
0.10897625636494179
0.10864766872014428
0.10923697683796153
0.1097707608853657
0.10925155559716843
0.10860884265304853
0.1095026056381112
0.1093568810269267
0.1093568810269267
0.10930706193483283
0.10883918199761479
0.10912834164065352
0.10886739956287168
0.10886739956287168
0.10838679149342571
0.10969036591229439
0.10913360940196372
0.10915560688474805
0.10800337571861367
0.10800337571861367
0.10800337571861367
0.10800337571861367
0.10852128585244487
0.10852128585244487
0.1096773857633675
0.1096773857633675
0.1109836913121946
0.11158907707488504
0.11152377211605476
0.11152377211605476
0.11167426605452047
0.11144734314613716
0.11144734314613716
0.11248035826274654
0.11248677661712274
0.11197712899209081
0.11197712899209081
0.11155258260432453
0.11204218075389422
0.11162326852365433
0.11125078944803447
0.11125078944803447
0.11125078944803447
0.11147873837713947
0.11177182036218786
0.11140036783084749
0.1115264917749151
0.1115264917749151
0.11307525721503671
0.11258145936918243
0.11127120875600408
0.11157198281861835
0.11157198281861835
0.11153856473841817
0.11299949811707179
0.11299949811707179
0.11273673458780864
0.1127218111661167
0.1126492135951017
0.11271023717948064
0.11275264711557678
0.11237764221299207
0.11392258911557641
0.11392258911557641
0.11392258911557641
0.11323775157603248
0.11382414094951968
0.11382414094951968
0.11382414094951968
0.11313438922881945
0.11442712891917567
0.11484795941479477
0.11423177449785983
0.11307555152580721
0.11307555152580721
0.11229759096779127
0.11229759096779127
0.11310026020184952
0.11241596378641543
0.11305828017613412
0.11305828017613412
0.11398944500663218
0.11341600551057514
0.11307413615296197
0.11307413615296197
0.11286839959756635
0.11340922440109874
0.11247500303049726
0.11303892846023718
0.11347334543925423
0.1120769051629845
0.11079434288820368
0.11098229831267911
0.11078272343394067
0.11055682401189766
0.10933980966919184
0.10918479753659624
0.10916044234130011
0.10947364058736267
0.10947364058736267
0.10963784023532498
0.11079116362452847
0.1105638428805569
0.1105638428805569
0.11034099930072595
0.10945958880270999
0.10960404211316183
0.10942987342573632
0.10889168411808021
0.10949609596767279
0.10903075145083764
0.10986344489386722
0.11000212079902627
0.11057206505932733
0.11011024901748977
0.11074290579156423
0.11001831197631436
0.11080320300505848
0.11080864132920719
0.11082617841540066
0.11082617841540066
0.11082617841540066
0.11082617841540066
0.11125017433981947
0.11135817493102078
0.11188910581927099
0.11160559794438847
0.11139185094322576
0.1120861114726171
0.1120861114726171
0.11183033444081353
0.11183033444081353
0.11207092469887753
0.11100249378077899
0.11102199954060459
0.11041054844365293
0.11058845796944282
0.11026537020464314
0.11023696265326374
0.11053324976389564
0.11197585641074577
0.11131338474978704
0.11137975063767637
0.111039387740793
0.11001311869191152
0.11078488029682233
0.10907930943964658
0.10907930943964658
0.10907930943964658
0.10959963812332578
0.10944203527484289
0.10944203527484289
0.110422975544824
0.11056842672130558
0.10945502164580462
0.10945502164580462
0.10902282643316713
0.10902282643316713
0.10905726570040446
0.10899408200964761
0.1086353019754032
0.1074845192268269
0.1074845192268269
0.10730059984319705
0.10730059984319705
0.1068313192329562
0.10871293715764267
0.10871293715764267
0.10834814969081549
0.10834814969081549
0.10851089286822597
0.10920535767596772
0.10920535767596772
0.11024023027321611
0.1085203953472983
0.1084189288190391
0.10833476361062973
0.10837932366757244
0.10803088547525279
0.10963513547441278
0.10922957969294476
0.10922957969294476
0.10972283671607008
0.10943934337908065
0.1097967782595768
0.10966488822058434
0.10826527772063414
0.10903438840974074
0.10848934131152305
0.10969550742713877
0.10910795880775866
0.10908554640788376
0.10964723559651018
0.10873284486605173
0.10847988932049864
0.1092680419098112
0.10827076028209781
0.10906623130913505
0.10985241406536285
0.11057170157006464
0.1107132911982238
0.11086894252881598
0.11025264693935438
0.11038361528720073
0.11035945959023187
0.11130629354403455
0.1116061710478796
0.11097928307280812
0.11105686905345778
0.11105686905345778
0.11105686905345778
0.11094083306705425
0.11094083306705425
0.11094083306705425
0.11032528149953721
0.1093750202948887
0.11040205600166793
0.11049420715690156
0.10997944488925712
0.10916325276724692
0.10938623052391137
0.10869591438060089
0.10884071768866337
0.10889450546061823
0.10839132649505817
0.10816497843703174
0.10934334869625478
0.10867103398181609
0.10867103398181609
0.10867103398181609
0.11052426743952853
0.10981535100184857
0.10979746692847138
0.10971031431570238
0.10983160470870117
0.11008105711289579
0.10993060879602344
0.10993060879602344
0.11024172510325507
0.10909861797462445
0.10909861797462445
0.10893450933091382
0.10893450933091382
0.10851895018101317
0.10756610035531812
0.10756610035531812
0.10807355612229685
0.10800297312603277
0.10800297312603277
0.10917108156199955
0.10930703557421907
0.10948706115098462
0.10948706115098462
0.10879002908356024
0.11002805255417454
0.11017229077009977
0.11127844182929944
0.11127844182929944
0.11079621434784864
0.1107423871261349
0.1107423871261349
0.11008298458583321
0.10977308065629893
0.1090431237844616
0.1090431237844616
0.1090431237844616
0.1090431237844616
0.10912857386256873
0.1097531167810592
0.1097531167810592
0.11026411465896196
0.11157299589026808
0.11103936180084972
0.11104886416723574
0.11001943334639668
0.10964175000563012
0.11132624142575721
0.11060307267775979
0.1101318895432781
0.1101318895432781
0.10955978068191738
0.10911681800171785
0.10854784545727639
0.10854784545727639
0.10848529889909674
0.10838446717673217
0.10901931004516181
0.10901931004516181
0.10980519878188821
0.10997228330176217
0.10997228330176217
0.11044822320935782
0.1099155661970273
0.10969127883038828
0.10990631181410643
0.10919404485635743
0.10858353252984809
0.10858353252984809
0.10866839597631942
0.10855797512425333
0.1089885471411006
0.10797196357584136
0.10777478050656414
0.10760925660989215
0.10720509537809496
0.10726006670264716
0.10641101463152079
0.10725582639590599
0.10708590967111868
0.10708590967111868
0.10754474941493085
0.1074876148976917
0.10749735152341412
0.10639321579530692
0.10622832543048524
0.10622832543048524
0.1071919743432474
0.10708010213965163
0.1078485166258411
0.10701794838516815
0.10701794838516815
0.10701794838516815
0.10701794838516815
0.10611306276798621
0.10539897253452396
0.10539897253452396
0.10556587096157063
0.10569466057551737
0.10569466057551737
0.10527022145022227
0.10531201526851493
0.10486133537396973
0.10387629465221206
0.10412642370551435
0.1038397102517858
0.1047699715504957
0.1047699715504957
0.10498437762263774
0.10498437762263774
0.10606967825984437
0.10618088257040564
0.10649728883714374
0.10746298975729712
0.10818376562030022
0.10822036886809672
0.10805272285875461
0.10900018577251352
0.10916775750484935
0.10916775750484935
0.10958200193902713
0.10962963393378862
0.10969446925365299
0.1084231473058366
0.1084231473058366
0.1078855591114973
0.10826546476519851
0.10856536661308959
0.10935951733140667
0.10848900223508882
0.10880181720213108
0.11085624874915329
0.11064903199985124
0.11064862520217589
0.11089129618817112
0.11089129618817112
0.11089129618817112
0.11089129618817112
0.1123740922593891
0.1123740922593891
0.11248833559456665
0.11152018070459958
0.11152018070459958
0.11102081216818582
0.11098449976731369
0.10971185315082184
0.10838797592784313
0.10883223074021545
0.10813082623661227
0.10813082623661227
0.10782009146439464
0.10917301547680605
0.10925891045310834
0.10833358247556148
0.10882768783742182
0.10864579357151287
0.10834342339809708
0.1089277452633445
0.10881952783671767
0.1089367116775735
0.10935705034706472
0.10935705034706472
0.10861297867901562
0.10807142051295297
0.10880470046714553
0.10850466269236715
0.1081623346770382
0.10740569269456174
0.10740569269456174
0.10819627082284414
0.10654222276072521
0.10699717813769766
0.10557518866837244
0.10497956035390965
0.10466603922538098
0.10466603922538098
0.10466603922538098
0.10461332482397735
0.10511408488639308
0.1059244966661699
0.10554302677889331
0.10618533980309605
0.10658747788082415
0.10811625222329008
0.1079919716805282
0.1073855338214807
0.10767070009615935
0.10715709251043044
0.10859485481233579
0.10968876763719823
0.11017251521269746
0.10935906990654982
0.10975150057491535
0.10992379856898085
0.10979231350929006
0.10979231350929006
0.1091724117829457
0.10856166307864581
0.10791547019036503
0.10791547019036503
0.10770700687953984
0.10783710449487441
0.10783710449487441
0.10750461176377307
0.10750461176377307
0.10695015816572133
0.10695015816572133
0.10684159567326827
0.10704710937646372
0.10670774147097367
0.1071593403708734
0.10673244430847857
0.10673244430847857
0.10673244430847857
0.10790594054427267
0.10908197629738976
0.10990306821083846
0.10997917761032132
0.1089190467082504
0.10913156708307935
0.10935010478893449
0.1082890306975991
0.10782775370990302
0.10716459622604588
0.10734207846918813
0.10815648517813761
0.1080078360967546
0.10796179231480983
0.10721184171362837
0.10742948228108674
0.10784681588115284
0.10784681588115284
0.10774994123400303
0.10682609759687124
0.10682609759687124
0.1074537117727355
0.10753952014355925
0.10753952014355925
0.10679849781288409
0.10646079557219972
0.10576468147795191
0.10576468147795191
0.1057792624243312
0.1057792624243312
0.10542097167899205
0.10542097167899205
0.10485944408193427
0.10441957031208064
0.10543704900822168
0.10478453614835127
0.1047171361304549
0.1047171361304549
0.1047171361304549
0.10454915182335515
0.10390488661549645
0.10390488661549645
0.10492884153974132
0.10561415528462992
0.10488482724074404
0.10425656876380514
0.10294596405491278
0.10506869538858032
0.10515021650893537
0.10487089183694193
0.10487089183694193
0.10462179491831003
0.10479034438240323
0.10565848960960908
0.10561745794549962
0.10537463005632645
0.10596728014249691
0.10548975910066512
0.10506252045923752
0.10505859946072624
0.10569693246952695
0.10523390015571218
0.10523390015571218
0.10415213648661335
0.10376825152210177
0.10407265273397875
0.10407265273397875
0.10417293780823558
0.10475120847096275
0.1055074327131722
0.10584295791409754
0.10643405027838646
0.10557268593631629
0.10387082566389734
0.10453787153504478
0.10453787153504478
0.10556974314263293
0.10568201204880263
0.10544641394573254
0.10510104340174187
0.1044394058048407
0.1054532861970138
0.10528442396928563
0.10559218383916648
0.10559218383916648
0.10460505811300519
0.10585857988541611
0.10541811597171978
0.10625686573671551
0.10546082756057801
0.10643011082444745
0.1070279198623984
0.10801952745234537
0.10803041541235878
0.10829776516756502
0.10942216433438824
0.10894887563782543
0.10847072147200848
0.10851454072747341
0.10764763466202597
0.10653132815490494
0.10661716015790591
0.1066320310580341
0.10732282692175896
0.10695292639127249
0.10695292639127249
0.10711569357453082
0.10778033756648571
0.10778033756648571
0.10817742640212424
0.1069096669107273
0.1069096669107273
0.1069096669107273
0.10665811836664645
0.10530489444204272
0.10530489444204272
0.10558185083937047
0.10572216711477525
0.10696168652472078
0.10800403842181894
0.10844767590615358
0.10844767590615358
0.10793339163820359
0.1074560041135122
0.10867138808039843
0.10814172249824403
0.10823184899275665
0.10909045878579918
0.10902303668446679
0.10902303668446679
0.10908843386814976
0.10898568897404626
0.10898568897404626
0.1100399521269004
0.10891213519925441
0.10891213519925441
0.1077338626350129
0.10840024414885152
0.10911104782761709
0.11007633101212827
0.1094101176523375
0.10818813937403296
0.10868652313437609
0.10904807510825622
0.10763765320784868
0.10860807460360511
0.10899054582477442
0.10899054582477442
0.10853271910029487
0.10801957248891669
0.10781801610956546
0.10822588634324119
0.10744069541074079
0.10805593773957332
0.10832097757826205
0.10676102335071534
0.10847334392515337
0.10846192666943195
0.10814551190179977
0.10855544292996874
0.10832353054105527
0.10769490884814653
0.10725249446477872
0.10592946909490039
0.10519485414165317
0.10549005292262906
0.10549005292262906
0.10502692765431274
0.10533527534241505
0.10598786181915627
0.10524567053346608
0.10683097922367518
0.10719871849150314
0.10598614275930429
0.1057861478624245
0.1058350701902942
0.10560021925381773
0.10532519767108747
0.1052237105609249
0.10556159880595371
0.10556159880595371
0.10556159880595371
0.10653929539412522
0.10557858737394007
0.10633289091739512
0.10758452845316686
0.10826645936681921
0.10834417411326912
0.10829815716633526
0.1077663585035674
0.10943557851226265
0.11001507771731438
0.11001507771731438
0.10860957250989435
0.10860957250989435
0.1089277975410873
0.1104002619319654
0.1104002619319654
0.10919004952445156
0.10919004952445156
0.10912111130568394
0.10912111130568394
0.11010841487952167
0.10974406045423507
0.10974406045423507
0.10942974114981334
0.11021434476244105
0.11021434476244105
0.11108649598528184
0.11098564464894968
0.11130701360262847
0.11130701360262847
0.11130701360262847
0.11130701360262847
0.11146269359072156
0.11186960653564394
0.11186960653564394
0.11280602032022922
0.11271890376947614
0.11261085580256779
0.11249855911313927
0.11361680945909833
0.11361680945909833
0.11361680945909833
0.11361680945909833
0.11304168718110559
0.11437176940570395
0.1145692869524868
0.11354789787272376
0.11400352471811365
0.11406136739671242
0.11406136739671242
0.11406136739671242
0.11434681992429983
0.11473329164933056
0.11340385235795529
0.11321932016908824
0.11287972445974458
0.11319795537993085
0.11319795537993085
0.11319795537993085
0.11250212920627016
0.11225881483203366
0.1123821953322804
0.11237948478999489
0.1129327340466662
0.11394992621937274
0.11394992621937274
0.11461374961917216
0.11517050958076319
0.11528683869146879
0.11542917088108519
0.11492439639908186
0.11416818427504538
0.1117520582449567
0.11116601461269945
0.11118996834634673
0.10988133941551066
0.10988133941551066
0.10962482849483363
0.11102295891456537
0.11067970177261884
0.11067970177261884
0.11132970599589426
0.11052590216386923
0.11041395233102307
0.11083580461515956
0.10999536221221536
0.1096309309401173
0.10952637897696066
0.10940304107461893
0.10970327038355342
0.1112159649785199
0.11172795493176965
0.11313412224685156
0.11313412224685156
0.11257550056598628
0.11257550056598628
0.11256701543222607
0.11081075989827319
0.11122306026978615
0.11039484296908138
0.11039484296908138
0.11005788552753838
0.11005788552753838
0.11023480717627135
0.11128792316089542
0.11128792316089542
0.1110720973037347
0.11127475913379953
0.11094012513663086
0.11139599255935236
0.11157536114821409
0.11181974101560908
0.11115330341258267
0.10933103657399437
0.10902073635113133
0.10902073635113133
0.10962517290525298
0.11087861021013294
0.1115834005348861
0.11096944981649069
0.110478539023111
0.11130593326444313
0.11134585270195518
0.11110764773290446
0.11073908265751788
0.11082592137582274
0.11017302687056482
0.11017302687056482
0.11113305825247558
0.11113305825247558
0.11167841111308545
0.11202693853837846
0.11159499102556393
0.11184890904219102
0.11184890904219102
0.11209878099890801
0.11188115270894095
0.11332757761015397
0.11332757761015397
0.11332076542846983
0.11327964948539798
0.11236212986966747
0.11236212986966747
0.11353856382066105
0.11387872142189226
0.11452903434096987
0.11452903434096987
0.1146355218291478
0.11561821718011016
0.11561821718011016
0.11526154226213434
0.11526154226213434
0.1141685176896452
0.11337064246345782
0.1142432001527873
0.11424400232637004
0.11424400232637004
0.11383707054341874
0.11470212984592981
0.11528531740977221
0.1138688522977143
0.11438420641457187
0.11469138140940315
0.11412298425726329
0.11412298425726329
0.11373126878815688
0.11373126878815688
0.11316290926328895
0.11316290926328895
0.11197849496787826
0.11292134032600339
0.11323190853740175
0.1124575064640371
0.11253288726036963
0.11137805167334702
0.11137805167334702
0.11137805167334702
0.1094154499478469
0.1094154499478469
0.1089966940385795
0.11106596790406019
0.11049014443460899
0.11066172151807722
0.1096296093749071
0.10911487219998457
0.11024825749980963
0.11024825749980963
0.10995485373206274
0.11033125516473065
0.11103395018608612
0.11003151979115722
0.10928724751283161
0.11073663312764558
0.11085942143666423
0.11142707008819323
0.1117590329615086
0.1117590329615086
0.1117590329615086
0.11253025276195627
0.11304288359372694
0.11304288359372694
0.11304288359372694
0.11304288359372694
0.11304288359372694
0.11304288359372694
0.11304288359372694
0.11145280381446428
0.1113523236909326
0.1113523236909326
0.1113523236909326
0.11030673163510576
0.10998856897981193
0.10995823279587544
0.10995823279587544
0.11014116537451091
0.11023619551894158
0.11102823164804924
0.11043702534369759
0.11051691789690335
0.1112256685641477
0.11129181773296046
0.11129181773296046
0.11009785901602605
0.11043204061624257
0.11151560552954902
0.11107179813932068
0.11107179813932068
0.1104360503702729
0.11031420342721056
0.11071037846373993
0.11071037846373993
0.1102539585826129
0.11107042485064218
0.11144037759544
0.11097477702741457
0.11033638823925107
0.11033638823925107
0.11113406830403628
0.11112693329535914
0.10977629606672112
0.10977776964623995
0.10990092659054862
0.11132993969504563
0.11132993969504563
0.11116285921837156
0.11174932089659585
0.11151386189052151
0.11151386189052151
0.1108211074522367
0.1117458448676681
0.1117458448676681
0.11139316233603075
0.11054670285653662
0.11119720747759004
0.1114690149558672
0.1114690149558672
0.10911781670245511
0.11028404810460954
0.1100403823684386
0.11166372018933936
0.11211802420863189
0.11211802420863189
0.11307017215273878
0.11307017215273878
0.11327994707898584
0.11341713637189996
0.11405886697773414
0.11378666715547624
0.1139173713255733
0.11517174303759461
0.11549502986819275
0.11549502986819275
0.11549502986819275
0.11477074422836266
0.11421263445190802
0.11457192809272126
0.11551945797438032
0.11568559030251509
0.11615889500778237
0.11546045811583071
0.11586795735909365
0.11554478305672125
0.11483173218981307
0.11393286044544133
0.11393286044544133
0.113840776615247
0.11375614596492359
0.11339391097272687
0.11344598801756478
0.11553921508519048
0.11584259596481873
0.11566083061237102
0.11566083061237102
0.11437275502294278
0.1149959312059712
0.11511455540337824
0.11533608266607903
0.11598204091118114
0.11598204091118114
0.11598204091118114
0.11598204091118114
0.11599851330368569
0.11599851330368569
0.1165359191103062
0.11587879062029449
0.11487760000645227
0.11397884918596107
0.11397884918596107
0.11397884918596107
0.11419260612848633
0.11399952153327578
0.11487044514828224
0.11487044514828224
0.11525283566288731
0.11589154481294109
0.11411844979327558
0.11476697162071262
0.11476697162071262
0.11386664196593774
0.11488009172449869
0.11530863974955974
0.11530863974955974
0.11530863974955974
0.11491264881731932
0.11474046511904583
0.1138982197313561
0.1138982197313561
0.1137906442556647
0.11355306799881655
0.11415309912747396
0.11415309912747396
0.11484174644479676
0.11570928247457715
0.11603659996878041
0.11573000690954673
0.11564347257865878
0.1155495384724352
0.11590252682811876
0.11590252682811876
0.11559410924358075
0.11559410924358075
0.11530215197386849
0.11480554975113628
0.11556884898090673
0.11464135420625474
0.11363578000968803
0.11350473983097381
0.11379611578036274
0.11330302341548992
0.11200180331982144
0.11222750127085848
0.11222750127085848
0.1121907935072093
0.11314208983683421
0.11314208983683421
0.11335986848409543
0.11335986848409543
0.11335986848409543
0.11313240092076964
0.11335606997932482
0.11335606997932482
0.11241140860286798
0.11194982415550621
0.11071454777137558
0.11077549412482406
0.11220752878053553
0.11116773258342401
0.11116773258342401
0.11085844214662195
0.11189903488216014
0.11101601686507827
0.11070892944479441
0.11070892944479441
0.11182949586688377
0.11223898480667112
0.11223898480667112
0.11144753603153021
0.11144220536599254
0.11144220536599254
0.11124048102781295
0.11058988575708355
0.1108625355779899
0.11026999590301065
0.11107816654462102
0.11107816654462102
0.11107816654462102
0.11162583538074432
0.11184517979910186
0.11133299154095372
0.11174528464795926
0.11153061087715203
0.11153061087715203
0.11119261562121585
0.1101472685550405
0.11053735778926993
0.11225036987913033
0.11165104068653353
0.1113096311486745
0.11148160915148549
0.11016699376205802
0.1107441275137969
0.1107441275137969
0.11151757667348777
0.1117846855007579
0.11264322989747813
0.11236711311865687
0.11188019534714856
0.11233085079595621
0.11233085079595621
0.11137913059342608
0.11248732857194883
0.11371911979346098
0.11470991887135835
0.11470991887135835
0.11470991887135835
0.11416984249832982
0.11368028681914018
0.11368028681914018
0.11369194107676993
0.11339407458232313
0.11339407458232313
0.11243275544907001
0.11243275544907001
0.11182305610348328
0.11182305610348328
0.11276590945508863
0.11276590945508863
0.1136113978913412
0.1136113978913412
0.11499586071025604
0.11483420356023111
0.11483420356023111
0.11411239062048398
0.11340362701418623
0.11455766458063127
0.11408456290410056
0.11464618039905924
0.11464618039905924
0.11398637143772127
0.11396996944203001
0.11457062658696437
0.1132459318698925
0.11409203031941997
0.11314537885371531
0.11180219241666882
0.11071070364652084
0.11104514807103694
0.11137691776822471
0.11050330528942183
0.11050330528942183
0.10992471715127877
0.11145523411510354
0.11197848517312724
0.11193699755397808
0.11225582927705242
0.11241509390830676
0.11293570103275777
0.11277495129468117
0.11275426394060177
0.11228375875234715
0.1109877253689986
0.11097479501276877
0.11142891452385931
0.1113008987254681
0.1112792004518077
0.1112792004518077
0.11085738613705028
0.10966874953570967
0.10915363858749295
0.1088678490239389
0.10926194415070471
0.10980412712483799
0.10950802448533177
0.10930216543828775
0.10930216543828775
0.1078703327351975
0.10704922915574545
0.10704922915574545
0.10748468326255481
0.10805044140814182
0.1070218361916211
0.10652637644906837
0.10652637644906837
0.10728143054731248
0.10803335834751807
0.10813311762051168
0.1084884756308631
0.10865549683424057
0.10865549683424057
0.10907694430785726
0.10814594481731646
0.1069527437411309
0.10736278128352293
0.10736278128352293
0.10806415221863894
0.10827684425481338
0.10807028673602531
0.10821530809139188
0.10962008822288062
0.10829519464779465
0.10899097628555894
0.10823585110959462
0.10889368587003015
0.10968609910288606
0.1101412922142046
0.11012178651370971
0.11151154241204453
0.11225106228472775
0.11216752256706812
0.11240317099548584
0.11190842253819878
0.11141459161862022
0.11027298366477616
0.11027298366477616
0.11027298366477616
0.11099970212743336
0.11103295538912525
0.11125421757982831
0.11099970653539165
0.11158326545327668
0.11186459919137323
0.11186459919137323
0.11186459919137323
0.11251797771294214
0.11214141552720255
0.11237149821205233
0.11150583641762002
0.11150583641762002
0.11112804958841477
0.11243960836327095
0.11279403959887545
0.11279403959887545
0.11232241864016222
0.11236275736276814
0.11250772269657829
0.11250772269657829
0.11187852605171647
0.11215713160396386
0.11215713160396386
0.11215713160396386
0.1119476038614937
0.1119476038614937
0.11212878226654537
0.11170027580988573
0.11133151395350716
0.11110592146897823
0.11110592146897823
0.11110592146897823
0.11105788147543956
0.1109247179059797
0.1109247179059797
0.11094901910217692
0.10992749711968502
0.10916117202847667
0.10820491801235152
0.10784524904083637
0.10827595403420628
0.10862682599001663
0.10800176995597273
0.10842967432330651
0.10842967432330651
0.10842967432330651
0.10690111179566178
0.10690111179566178
0.10690111179566178
0.10744330709659344
0.10744330709659344
0.1081657012570085
0.10855802415391404
0.10800105226469457
0.10800105226469457
0.1085765584401365
0.11041957672956634
0.10994609868523163
0.10994609868523163
0.1105501304681332
0.1098177465693959
0.1098177465693959
0.11055443525007477
0.1109940612309957
0.1109865094761338
0.1109865094761338
0.10971880869560219
0.10953234742332461
0.11023266261370988
0.11207281363496986
0.11207281363496986
0.11257962351320318
0.1127789065570278
0.1133077095086148
0.1132007910674347
0.11226046849261909
0.11278683008109912
0.11267002114430572
0.1126853336173023
0.11250977636618707
0.11259715569781155
0.11389999162691242
0.11299907245944735
0.11349437881065512
0.1122066123230146
0.11302001703877869
0.11264178903806132
0.11264178903806132
0.11263879478385717
0.11257784544295162
0.1126668138810068
0.11383093240937722
0.11354278358976258
0.11266132103211672
0.1117207982775037
0.11311358855801214
0.11246402177962257
0.11206136682472054
0.11178416223770007
0.1113026151535976
0.11098799774788008
0.11098799774788008
0.11120578897152204
0.1129556316387382
0.11205374669050451
0.11247685358270842
0.11290705923467556
0.11275654598268822
0.11341840888870035
0.11294848149659495
0.1126278673916411
0.11357078218295395
0.11370173200153555
0.113106237041706
0.113106237041706
0.113106237041706
0.11192079602057353
0.11301182294420221
0.11150470022521647
0.11150470022521647
0.11275805908887755
0.11313706904174577
0.11313706904174577
0.11313706904174577
0.11416811827770784
0.1146659535125324
0.113684255367852
0.11420765140287605
0.11349951928830994
0.11370923805138138
0.1135754514957838
0.11397564128217645
0.11496626313671823
0.11503004253826929
0.1144231955520817
0.11406300137693644
0.11421293256380262
0.11384038161061834
0.11384038161061834
0.11369061024811485
0.11348228957713961
0.11404741006844085
0.11284306775621898
0.11317819721149484
0.113655548461459
0.11324006586851151
0.11221121481023627
0.11185197243054414
0.11103561740445164
0.1120034115739361
0.11115108040284559
0.110974258379503
0.11048308872813184
0.11100505002811309
0.1113133639507101
0.11017848090319393
0.11001759607526788
0.11001759607526788
0.10997817397259088
0.11093683517949927
0.11046684350742601
0.11070974873788904
0.11101440234205023
0.11168790296948354
0.11168790296948354
0.11206797420587343
0.11206797420587343
0.1107936240563707
0.1107936240563707
0.11130457211856691
0.11081847570349787
0.11032411774450127
0.11042516453647744
0.11042516453647744
0.11045710736735165
0.11029852834112104
0.11040055258583335
0.1104557878590544
0.11114303667389953
0.11055513785844201
0.11096614457202397
0.10981764447814633
0.11133115783120157
0.11157229704788002
0.11173853827021768
0.11218191428795246
0.11273565415640478
0.11280448009642279
0.11157042965325074
0.11280118193301332
0.11083970104282867
0.11083970104282867
0.11005953620048199
0.11005953620048199
0.11005953620048199
0.10994458302062159
0.10994458302062159
0.11057974850571756
0.11079607459829524
0.11117073103278728
0.11117073103278728
0.11036971429403009
0.11079603898546848
0.11135485536445987
0.11115452805990522
0.11082955524391128
0.11031776354722508
0.11154385104289213
0.11050694532694559
0.11055914621459463
0.1119329606601208
0.11268935619599317
0.11328933324661138
0.11302246951214985
0.11216474667610411
0.11266011341651015
0.112303411962259
0.11163550204055511
0.11267747833817288
0.11187846289027796
0.11325375322781878
0.11416848370568884
0.11416848370568884
0.11378841947901065
0.11378841947901065
0.11378841947901065
0.11297538327395758
0.11129985555185218
0.11169791463524972
0.11169791463524972
0.11169791463524972
0.11245617031077694
0.11155925816055766
0.11151822451173142
0.11091770857633236
0.11176183440107963
0.11176183440107963
0.11176183440107963
0.11176183440107963
0.11136124523427118
0.11136124523427118
0.11136124523427118
0.11136124523427118
0.1129560176272496
0.11350924206370099
0.11350924206370099
0.11383087262191471
0.11368510256240148
0.11368510256240148
0.11307583056914627
0.11307583056914627
0.11307583056914627
0.11310939704662207
0.11333377638871396
0.11328482261668443
0.11179973443169869
0.11310886193200835
0.11298657700670577
0.11299800723043375
0.11342769771518123
0.11250296330487093
0.11288106426423557
0.11248012535547192
0.11258732836447244
0.11213536029346467
0.11213536029346467
0.1109989965602437
0.109246758551697
0.11012446088023345
0.11072590725514345
0.11020983895405335
0.11020983895405335
0.10972910938571562
0.11040979340629829
0.11049527084106459
0.10958811816228588
0.10958811816228588
0.10959027289062005
0.1108582376914228
0.1108582376914228
0.11136582671938794
0.11270083870390293
0.11237276309568058
0.11230834362199446
0.11206191790555893
0.11206191790555893
0.11234737992466333
0.11191311363682518
0.11292506152948636
0.11366864873904499
0.11367910647693233
0.11367910647693233
0.11196643230639862
0.11221429241682185
0.11246276717022505
0.11246276717022505
0.11149294134878932
0.1101423897077945
0.1100793892008749
0.11032877471811417
0.1098648481671572
0.10959318170289611
0.11007483559263782
0.11005624400419386
0.1096126711678455
0.11002482212024067
0.10920173383097823
0.10982168278243548
0.11031146666773099
0.11052995329586938
0.11101396312958545
0.11028428341969945
0.10853730249821333
0.10853730249821333
0.10912772622358978
0.10912772622358978
0.10900275236395696
0.10769256106060274
0.10769256106060274
0.10756119582664223
0.1081053386875297
0.1075398804187257
0.1081765156025414
0.1081765156025414
0.10742310272661583
0.10742310272661583
0.10576195764619883
0.10576195764619883
0.10576195764619883
0.10518006668532065
0.1054261173498218
0.1054261173498218
0.1054261173498218
0.10601170149470965
0.10559824412897117
0.10560354045364227
0.10621682160396437
0.10638981097945917
0.10700997801219653
0.1065797247332187
0.10666442069070207
0.10666442069070207
0.10612137638332535
0.10634569768690703
0.10635146683300968
0.10687400546131652
0.10611120072585686
0.10659204089983822
0.10668635517081088
0.10668635517081088
0.10706838656689724
0.10706838656689724
0.10753893318953157
0.10776546543233326
0.10817124799403507
0.10817124799403507
0.10691927062236428
0.1070206699259551
0.10811265924342374
0.10893668865120792
0.10931122174977596
0.10989395393285166
0.10989395393285166
0.10940196501066295
0.1094745929660983
0.10964953069812142
0.11127527741301094
0.11087775141861174
0.11207130662150512
0.11207130662150512
0.11331833499961969
0.11333471169829226
0.1124922777470172
0.1124922777470172
0.11178060269559909
0.11291525084967564
0.11322386509521548
0.11244470206342526
0.11288404128882908
0.11258376076340043
0.11258376076340043
0.11111758882484739
0.11002170289201631
0.10882425611557882
0.1088064383116394
0.10905195270524162
0.10940878184992356
0.11063269220245514
0.11056222597092867
0.10933846050127861
0.10933846050127861
0.10981329420096377
0.11044426586321758
0.11041977611538244
0.10968699451169527
0.10996062126076377
0.10919277145745865
0.10789918846070096
0.10866289508516341
0.10963310470223796
0.10958182476205602
0.10908094811219533
0.10908094811219533
0.10987950963474373
0.10987950963474373
0.110220380494381
0.10931273018958507
0.10912005892089789
0.10910220848240783
0.10781606648393574
0.10846011577308765
0.10786592677515325
0.10798971164801015
0.10846345769418544
0.10953352073900154
0.10942411247776335
0.10972767220378038
0.10980032871663088
0.10980032871663088
0.1082507782027151
0.10668726928010934
0.10613603186087206
0.1053086688435594
0.10465711252726861
0.10562018577556548
0.10562018577556548
0.10455398427422649
0.10623925513552594
0.10643605410367937
0.1064199270979281
0.10502810883987838
0.10520506641318418
0.10578483287921357
0.10582549634181228
0.10618259909807289
0.1071064978000492
0.10749572276369924
0.10632022870510185
0.10634055787700585
0.10634055787700585
0.10592375337993935
0.10631183433669862
0.10699306959292344
0.10699306959292344
0.10673823326248492
0.10701546512189222
0.10710541567623028
0.10678871759819995
0.10690819505009391
0.10780583192874606
0.10802183858882232
0.10867554343123353
0.10836371720021795
0.10873054209545115
0.10800331096692938
0.1077293941630135
0.10803622449658894
0.10803622449658894
0.10803622449658894
0.1087441397550242
0.10893207834017053
0.10976205482057715
0.10964351066777966
0.10964351066777966
0.10956243205364742
0.10956243205364742
0.10956243205364742
0.10956243205364742
0.10956243205364742
0.1093294946212799
0.1079054717514307
0.10735006335439541
0.10735006335439541
0.10554950529431324
0.10570024590432482
0.10677457678797142
0.10703595233802167
0.10703595233802167
0.10788373756525446
0.10842410078558995
0.1079308659875987
0.10856780911936342
0.10823468417959418
0.10823468417959418
0.10915671658809202
0.10987600504420802
0.10962678385887072
0.10849257577248346
0.107859629787473
0.107859629787473
0.11001359532916702
0.11001359532916702
0.11096647078698628
0.11096647078698628
0.1115478632752937
0.11074411848148757
0.1105506696459027
0.1105506696459027
0.1105506696459027
0.11076573489206347
0.11139985611586947
0.11130640980536179
0.11033150237411533
0.1096668716135776
0.10968303745743396
0.11034764569475378
0.11109866666216502
0.11301263169957025
0.11256579039637456
0.11266463347746637
0.11232879995367712
0.11232879995367712
0.11120847092546793
0.11112598482795126
0.11052055376736371
0.1106116342558835
0.11117812878255615
0.1122807654017454
0.1122807654017454
0.11302452182692131
0.11287788907869306
0.11298835334711796
0.11256074713836631
0.11287467645531347
0.11308551338123593
0.11285725753983565
0.11336324918141194
0.11258295833595365
0.11327824943986525
0.11293784926793607
0.11365147935472433
0.1127393375188892
0.1131029086405866
0.1131029086405866
0.11322940819637377
0.11326390682798437
0.11326390682798437
0.11326390682798437
0.1144243040378087
0.1144243040378087
0.1156797379410238
0.1156797379410238
0.11473552687480228
0.11473552687480228
0.1158872841284847
0.11531256412325973
0.11451831846940293
0.11488453276508359
0.11488453276508359
0.11520484018928656
0.11529635553959436
0.11443837187675066
0.11489096775042196
0.11452441869586046
0.11469827248843896
0.1152483783500868
0.1147729782395793
0.1147729782395793
0.1147729782395793
0.1149140818554922
0.11570093580967797
0.11570093580967797
0.1155245583053063
0.1155245583053063
0.11456431032372932
0.11390658984907882
0.11278019289635367
0.11273525318334882
0.11264071365163274
0.11348620881022972
0.11262838913154911
0.11262838913154911
0.11298177432605572
0.11298177432605572
0.11193744983504283
0.11239305190580637
0.11246392895411943
0.11246392895411943
0.11246392895411943
0.11249051524264732
0.11272749569698912
0.11170761892713899
0.11145418082169121
0.11142169964166868
0.11045146260936026
0.11095877042446593
0.11091323514347001
0.1102068671030456
0.11165666570063316
0.11057719657584374
0.11040518358410957
0.10947513214504463
0.10947513214504463
0.10947513214504463
0.10796561156781947
0.10886320210359306
0.10902894400598236
0.10902894400598236
0.10906873584678846
0.10891225547755148
0.10891225547755148
0.10901823648615881
0.1081094174536019
0.10824229629990219
0.1084475759404939
0.10826703345932534
0.10826703345932534
0.10970858451554061
0.10951716594830067
0.10985402202607795
0.11010178248039956
0.11006146133347888
0.11041964422316045
0.1108001999975503
0.11005808134629481
0.1103412434592622
0.11105968052341797
0.11105968052341797
0.11073900699158971
0.10904402732125953
0.10763939061113899
0.10751284523846757
0.10751284523846757
0.10815100655057672
0.10774249757727866
0.10774249757727866
0.10767440105215476
0.10767440105215476
0.10767440105215476
0.10792060968883026
0.10765788481717145
0.1083822972080377
0.1083822972080377
0.1083822972080377
0.1083822972080377
0.10688848474944024
0.10606293287900104
0.1072062579822338
0.10852171458576122
0.10866480959657769
0.10688401450180837
0.10688401450180837
0.10615157991805357
0.10670077785877996
0.1070614184729447
0.10834297948962207
0.10812970270670436
0.10849510356718291
0.10966822899068689
0.10952409382457289
0.10812375579747117
0.10812375579747117
0.1084142380361368
0.10817435739910558
0.10803229741321076
0.1082386901891366
0.1082386901891366
0.1082386901891366
0.10757657771715101
0.10822357032468069
0.1081261118951202
0.10841498986846666
0.10812140788764288
0.10794815456852902
0.10798219179507257
0.10785311455458475
0.10841341643512281
0.10841341643512281
0.10855659694643278
0.10808759806627578
0.10888526061926332
0.10801010968524649
0.10840243715796141
0.1088347045483999
0.10853567204801703
0.10853567204801703
0.10853567204801703
0.10885251443424682
0.10738080161494955
0.1074334925587843
0.1074334925587843
0.10757424673111929
0.10783821777029251
0.10775299318403302
0.10775299318403302
0.10768833919845335
0.10727894739529492
0.10656873744737325
0.10803312868963032
0.10865596805765636
0.10865596805765636
0.10865596805765636
0.10865145212129344
0.10838534191186475
0.10838534191186475
0.10838534191186475
0.10828646871321168
0.10833940080655757
0.10970038929665077
0.10902954741488266
0.10902954741488266
0.108657877296528
0.10889440032993036
0.10840208378892517
0.10840208378892517
0.10843581598570959
0.1079525008090681
0.10816859907003844
0.10756831949902348
0.10812751951054288
0.10718962050492767
0.10634734431804607
0.10695103861569069
0.1064448553751387
0.10719353625148212
0.10816979618360327
0.10816979618360327
0.10785408625289607
0.10696082524650055
0.10751986819427843
0.10751986819427843
0.10751986819427843
0.10751986819427843
0.10830875205271547
0.10830875205271547
0.10850389382930375
0.10927417414546318
0.10858252571115061
0.10784451578725138
0.10687237372895797
0.10684428003376369
0.10730680706250839
0.106514528776817
0.10644042396980713
0.10596129694218244
0.10702009181193664
0.10609591420148065
0.10685303396057542
0.1074733092645832
0.1074733092645832
0.10828249996845947
0.10809338410049064
0.10830994452996168
0.10830994452996168
0.10830318636079138
0.10830318636079138
0.10705168704930294
0.10705168704930294
0.10806159547691793
0.10806159547691793
0.10908520073777525
0.10938775570584003
0.110587965272129
0.11023351877630524
0.10999174800559736
0.10999174800559736
0.11102050954094145
0.11100666934474876
0.11061706678036101
0.11208490222628555
0.11088180464073435
0.11088180464073435
0.11120008764907365
0.1102297046357198
0.1102297046357198
0.1105537338411974
0.10954655338142183
0.10983837749589498
0.10852481028041235
0.1087433894378402
0.10859356000091133
0.10859356000091133
0.10883447851603702
0.10891159482762561
0.10927732124769358
0.10939453364669592
0.10953070916054607
0.10927717327249696
0.10927717327249696
0.10865153863073539
0.10865153863073539
0.10865153863073539
0.10886098109856475
0.10791856561794728
0.10807856625939043
0.10784378880121395
0.10825030747941095
0.10884520301405333
0.10907123434258854
0.10995530647754004
0.1098730742207301
0.10961675497941323
0.11057245432079615
0.11045449199012079
0.10961936948062674
0.10918787416440369
0.10918787416440369
0.1086316573854962
0.10774150811112146
0.1059291089703561
0.10627825737551473
0.10750456303497437
0.10705781866153487
0.10923394249421682
0.10923394249421682
0.10871491101421277
0.10952725156152475
0.10916436924619524
0.1101374611635208
0.1100340991940209
0.11144305559612788
0.11217937471752353
0.11346500916611768
0.11384924867811923
0.11488480496727965
0.11563402153267059
0.11524728900665225
0.11516801909222911
0.11516801909222911
0.11528651095342628
0.11578853218514405
0.1150515709744087
0.1150515709744087
0.11426060594543529
0.11426060594543529
0.11432379557037951
0.11443255773527829
0.11332558897123539
0.11383290280968578
0.1142461204776094
0.11364207065177195
0.1132767676379653
0.11240865066168236
0.11246803862456987
0.11159781465474519
0.11166223824786935
0.11091208768072082
0.11091208768072082
0.11098826337096974
0.11155767678094822
0.11158441296001072
0.11158441296001072
0.11158441296001072
0.11107381452836038
0.10997762394238211
0.10997762394238211
0.10997762394238211
0.10974383736660573
0.11009300810237749
0.1093845238527482
0.1093845238527482
0.11033731741251854
0.11033731741251854
0.11041033027108171
0.10912511566355444
0.1097354238315967
0.10901297408800203
0.10901297408800203
0.10975724375795969
0.10931535838335632
0.1086840505341615
0.10863980480591591
0.10872219359256526
0.10906636067953021
0.10882505850046735
0.10873911737321917
0.10825516755036872
0.10788387381893258
0.1082037823951525
0.10864400364035452
0.1081341953762579
0.1081341953762579
0.1081341953762579
0.1081341953762579
0.10751009495985844
0.10647979617898547
0.10647979617898547
0.10659282188291587
0.10659282188291587
0.10578119002140939
0.10578119002140939
0.10644728455946371
0.10691605066281655
0.10797500741985537
0.10717026271404795
0.10796627534458571
0.10720641199671686
0.10706421914908366
0.10674072607886065
0.10674072607886065
0.10682400492882471
0.10682400492882471
0.10682400492882471
0.10682400492882471
0.10692701993318035
0.10672786004783273
0.10533669313560139
0.10533669313560139
0.10512880525416543
0.10573780516210116
0.10578399793663315
0.10589964591200525
0.10544230343354347
0.10584737339335785
0.10601847261398048
0.107220556558725
0.1067900188008595
0.10733482065174565
0.10802868426975629
0.10802868426975629
0.1078561503201629
0.10745163897770617
0.10765880656440532
0.10765880656440532
0.10851171571840433
0.10945974606866801
0.10934896232755392
0.10934896232755392
0.10920790559220771
0.11067734812338591
0.1114796285910581
0.11089880811302064
0.11057712100972146
0.1105468567556084
0.1105468567556084
0.10976414344924888
0.10979808543993835
0.10930409493199421
0.10885369127131948
0.10878494290203743
0.10878975518233168
0.11017453948340436
0.11013501880772385
0.11013501880772385
0.11096262739453426
0.11096262739453426
0.11096262739453426
0.11045719704379103
0.11160049222932188
0.11086233990574837
0.11108279396039371
0.11175409743240802
0.11315513075613756
0.11310197585151008
0.11329304528120226
0.11376157992421627
0.11438166235377953
0.11557885940391043
0.11557885940391043
0.11530570353097855
0.11530570353097855
0.11530570353097855
0.11530570353097855
0.11530570353097855
0.11516500044088433
0.1142047560826133
0.11493122913172675
0.11493122913172675
0.1123658626513793
0.11178462057119082
0.11286809495906312
0.11228905564909275
0.11207467346937196
0.11169935894089492
0.11174824381295137
0.11164267260384571
0.11164267260384571
0.11088449110375602
0.11169859008095358
0.11123486754782579
0.11113963304015664
0.11136646367352941
0.11136646367352941
0.11141292863550195
0.11195036517681714
0.11195036517681714
0.11196048333053035
0.11206568725911259
0.11155264873812314
0.11135014229315189
0.11141999135824335
0.1123222631434672
0.11250566503255928
0.11269352839378809
0.1138195243878488
0.11349432310556884
0.11415661658306557
0.11362148420204013
0.11339877682306726
0.11310413719770254
0.11310413719770254
0.11310413719770254
0.11251320440243257
0.11269520361944044
0.1124359854361355
0.11247729962448236
0.11198404788356076
0.11158809848486531
0.11308437436201352
0.11196137927762438
0.11196137927762438
0.11238003907668462
0.1125987291650773
0.1125987291650773
0.11215799641241452
0.11177548876600397
0.11208770382473619
0.11208770382473619
0.11150927542056198
0.11150927542056198
0.11150927542056198
0.11271184123643126
0.11276567740195996
0.112185425821235
0.11283223158840265
0.11319411607972812
0.11454106525761967
0.11454106525761967
0.11454106525761967
0.11344284072575002
0.11431678711782652
0.11338975511289201
0.11282170993262895
0.11377098802810436
0.1125663189440105
0.1125663189440105
0.11276283575130618
0.11276283575130618
0.11276283575130618
0.11215942446779423
0.11092618230911647
0.1114392652671884
0.1114392652671884
0.10943370383311023
0.10908731178974763
0.1093512619091781
0.10963979826645746
0.10920284999808642
0.10920284999808642
0.10917592564108868
0.10962950848387838
0.10992872800935932
0.1105801135212747
0.11075894687113141
0.10948192488430276
0.10925027780957562
0.10925027780957562
0.10925027780957562
0.10857313817576869
0.10766070437812633
0.10750384486348032
0.10745257548671426
0.10779644385650072
0.10779644385650072
0.1075305722536069
0.10815225105719667
0.10815225105719667
0.10702720071111586
0.10723087266753138
0.10766090384405173
0.10770627838616198
0.10696723839317678
0.10696723839317678
0.10696723839317678
0.10707569431060954
0.10832862760465374
0.10765085790114388
0.10690120406303512
0.10675050801079305
0.1067824997118991
0.10608498649892416
0.10648803304763874
0.10648803304763874
0.10648803304763874
0.10593515732341079
0.10643383878168843
0.10694224035996994
0.10694224035996994
0.1071959942298445
0.1071959942298445
0.1071959942298445
0.108335945534249
0.108335945534249
0.10840167894989564
0.10840167894989564
0.1079909560447744
0.1079909560447744
0.10784911070275571
0.10784084374279221
0.1075538682619162
0.10798040719686132
0.10798040719686132
0.10798040719686132
0.10891727039682103
0.10891727039682103
0.10886094583582173
0.10952203896216835
0.10891489142238886
0.1099809776875107
0.11007862312990874
0.11007862312990874
0.11007862312990874
0.1101423760417713
0.10969359889412225
0.10952571346393125
0.10961884430390076
0.10988256344929545
0.11023235064750946
0.1089489076941589
0.1092945733231775
0.10979132095791812
0.109259464547921
0.109259464547921
0.10880642914053523
0.11057031103464181
0.11046778984299603
0.11022544748273654
0.11027817410065978
0.10899630025871848
0.10899630025871848
0.10899630025871848
0.10785823951755937
0.1077643007288978
0.10788152852942313
0.10788152852942313
0.10758223098254463
0.10734616090422322
0.10734616090422322
0.10716328079841225
0.10603229679869443
0.10598881916793332
0.10624179580121182
0.10770586907487316
0.10770586907487316
0.10775169690304241
0.10805119295776631
0.10696543297096436
0.10850907013154298
0.10850907013154298
0.10959416753774284
0.10908788296555012
0.10926501070557171
0.10958266716318689
0.10958266716318689
0.10920631747487922
0.10923070895959042
0.10770560704664632
0.10724240344198645
0.10599171489547594
0.10544188076434433
0.10494835998070268
0.10564364074972264
0.10649747541811183
0.10649747541811183
0.10649747541811183
0.10797044282618444
0.10797044282618444
0.10757034457537092
0.10757034457537092
0.10695030859497709
0.10721164983732585
0.10725921277122619
0.10707935785158719
0.10707935785158719
0.10684121042045752
0.10684121042045752
0.10684121042045752
0.1079774279115456
0.10809612494689118
0.10809612494689118
0.10704227018055962
0.10799821584919779
0.10785864390386836
0.10785864390386836
0.10772214422443761
0.10772214422443761
0.10743725379133524
0.10681939884262671
0.10723079829650423
0.10741398252782135
0.10741398252782135
0.10689422243309828
0.1064731644578268
0.10626270032364724
0.10626270032364724
0.10626270032364724
0.10671989406624784
0.10589407104413603
0.10574604955467788
0.10574604955467788
0.10559316984991911
0.10571818905623559
0.10580549797948113
0.10623528532947916
0.10691374506772308
0.10691374506772308
0.10703371259091958
0.10700028884826106
0.10728563189334632
0.10818147676856919
0.10918063724556834
0.10874246020559356
0.10895609398956399
0.10895609398956399
0.10928896864323198
0.10928896864323198
0.10908082282017645
0.10975471232305585
0.11110660195611248
0.11110660195611248
0.11110384626401269
0.11145285200267016
0.11175592031976822
0.11108076909367347
0.11128874727345875
0.11172021122602617
0.11211709564936534
0.11290816435254539
0.11290816435254539
0.11290816435254539
0.11290816435254539
0.11290816435254539
0.11309191297081796
0.11183949083887149
0.11044336060910108
0.11044336060910108
0.111007732904663
0.11161958745661107
0.11152864486557434
0.11120084498718098
0.11120084498718098
0.11012426752775376
0.10942842620262612
0.10812429497919786
0.10769187478022142
0.10938239914700798
0.11001729311467823
0.1106137060307955
0.11026275046153662
0.1103639307137335
0.10971926719364426
0.10946723535997409
0.10843875015457717
0.10843875015457717
0.10750317617495002
0.10716318699567486
0.10716318699567486
0.10766755590562055
0.10766755590562055
0.10815231746966965
0.10809306633350146
0.1088407752130083
0.10905480440156495
0.10860065282421964
0.10911092324952937
0.10754196263166169
0.10818570066064975
0.10682775158152627
0.10682775158152627
0.10911755325897395
0.11008219770932537
0.1090456319333558
0.10861975826483644
0.10929893315082989
0.10884423550361481
0.10887065245775286
0.11003565635257026
0.11001505640248578
0.11001505640248578
0.11073522541717937
0.11141791561223131
0.11056373146443256
0.11031312756220633
0.11031312756220633
0.11030299089117208
0.11040318197688259
0.11019312661307314
0.11015512588611777
0.10983961570750377
0.10801681917529579
0.10978569476881653
0.10986903742082232
0.10986903742082232
0.10880896959324744
0.10818473559593589
0.10937077421786756
0.10958418651578446
0.10998089837462402
0.10950761022746137
0.10950761022746137
0.10942438611797006
0.10988199440770617
0.10984495750603437
0.10984495750603437
0.10974437204683579
0.10974437204683579
0.10959510986435986
0.10986488194964351
0.10900862153144751
0.10792803259496313
0.10798125205907816
0.10833066541949807
0.10919386013322767
0.10880634934645154
0.10880634934645154
0.10880634934645154
0.10935086110877325
0.10890160975919425
0.109243682701615
0.10913437950868886
0.10960302286690572
0.11017833977597236
0.10925944302788416
0.10925944302788416
0.10860267745205707
0.109481495285673
0.10794796574256046
0.10782682674219032
0.10782682674219032
0.108151032076102
0.10851505665589563
0.10741929231583708
0.10741929231583708
0.10820577239939502
0.10732649742907925
0.10788192086332705
0.10800360109008833
0.10868335752321934
0.10808785273138215
0.10783359055943266
0.10690129419604372
0.10690129419604372
0.10615468825513558
0.10607967694960117
