0.9763793694875942
0.9763793694875942
0.9763793694875942
0.9763793694875942
0.9763793694875942
0.9763793694875942
0.9763793694875942
0.9763793694875942
0.9763793694875942
0.9763793694875942
0.9763793694875942
0.9763793694875942
0.9763793694875942
0.9763793694875942
0.9763793694875942
0.9763793694875942
0.9763793694875942
0.9763793694875942
0.9763793694875942
0.9763793694875942
0.9763793694875942
0.9763793694875942
0.9763793694875942
0.9763793694875942
0.9763793694875942
0.9763793694875942
0.9763793694875942
0.9763793694875942
0.9763793694875942
0.9763793694875942
0.9763793694875942
0.9763793694875942
0.9763793694875942
0.9763793694875942
0.9763793694875942
0.9763793694875942
0.9763793694875942
0.9763793694875942
0.9763793694875942
0.9763793694875942
0.9763793694875942
0.9763793694875942
0.9763793694875942
0.9763793694875942
0.9763793694875942
0.9763793694875942
0.9763793694875942
0.9763793694875942
0.9763793694875942
0.9763793694875942
0.9763793694875942
0.9763793694875942
0.9763793694875942
0.9763793694875942
0.9763793694875942
0.9763793694875942
0.9763793694875942
0.9763793694875942
0.9763793694875942
0.9763793694875942
0.9763793694875942
0.9763793694875942
0.9763793694875942
0.9763793694875942
0.9763793694875942
0.9763793694875942
0.9763793694875942
0.9763793694875942
0.9763793694875942
0.9763793694875942
0.9763793694875942
0.9763793694875942
0.9763793694875942
0.9763793694875942
0.9763793694875942
0.9763793694875942
0.9763793694875942
0.9763793694875942
0.9763793694875942
0.9763793694875942
0.9763793694875942
0.9763793694875942
0.9763793694875942
0.9763793694875942
0.9763793694875942
0.9763793694875942
0.9763793694875942
0.9763793694875942
0.9763793694875942
0.9763793694875942
0.9763793694875942
0.9763793694875942
0.9763793694875942
0.9763793694875942
0.9763793694875942
0.9763793694875942
0.9763793694875942
0.9763793694875942
0.9763793694875942
0.9763793694875942
0.9787509593255745
0.9799378819508147
0.9799378819508147
0.9806457467879444
0.981049588231267
0.9821755129214371
0.9821755129214371
0.9821755129214371
0.9821755129214371
0.988387464922263
0.988387464922263
0.987059864570219
0.987059864570219
0.987059864570219
0.987059864570219
0.987059864570219
0.9895355434078686
0.99113460179862
0.99113460179862
0.9914661903765564
0.994954230069708
0.994954230069708
0.994954230069708
0.9970251572359
0.9970251572359
0.9972184918615631
0.9972184918615631
0.9993305994392314
0.9993305994392314
1.0017508633442216
1.0017508633442216
1.0054220193005086
1.0083982356022685
1.0083982356022685
1.0106038748056343
1.0112309980133678
1.0105544710030328
1.0117661414175814
1.0127838789558072
1.0118869937683717
1.0153875292896162
1.0171287195667034
1.0183165602490947
1.0217973445919901
1.0217973445919901
1.0217973445919901
1.023526370168548
1.023526370168548
1.0238076463975117
1.023746924413392
1.023746924413392
1.025122223913824
1.025122223913824
1.025122223913824
1.0249515261623048
1.0249515261623048
1.0260382141438191
1.0260382141438191
1.0260113021382815
1.0260113021382815
1.0260113021382815
1.0260113021382815
1.0260113021382815
1.0260113021382815
1.0259303265072122
1.0253386727711464
1.0253386727711464
1.0270208169536807
1.0270208169536807
1.0270208169536807
1.0270208169536807
1.0283306114453508
1.0283306114453508
1.0304961731244384
1.0304961731244384
1.0304961731244384
1.0304961731244384
1.0304961731244384
1.0304961731244384
1.0304961731244384
1.0304961731244384
1.0298923725645286
1.0298923725645286
1.0298923725645286
1.0298923725645286
1.0278088901934068
1.029394765502786
1.029394765502786
1.029020293924727
1.029020293924727
1.0286036372994114
1.0286036372994114
1.0286036372994114
1.0286036372994114
1.0314173781200446
1.0314173781200446
1.0319559574440698
1.0319559574440698
1.0324034010943937
1.0324034010943937
1.0324034010943937
1.0326271186029463
1.0342197532230772
1.0339323154768718
1.0339323154768718
1.0339323154768718
1.0347790173445721
1.0347790173445721
1.0347790173445721
1.0347790173445721
1.0347790173445721
1.0347790173445721
1.03424190050244
1.03424190050244
1.0329450989859592
1.0329450989859592
1.0338383893701693
1.0338383893701693
1.0338383893701693
1.0369423028102929
1.037596417205008
1.0352914556610553
1.0331147325173393
1.0331147325173393
1.0331147325173393
1.034357210979347
1.034357210979347
1.034357210979347
1.034357210979347
1.031114726800457
1.031114726800457
1.031114726800457
1.031114726800457
1.0308774450686962
1.031163869415553
1.031163869415553
1.031163869415553
1.0328319235379975
1.0328319235379975
1.0328319235379975
1.0328319235379975
1.03239191228017
1.0328544688468662
1.0328544688468662
1.0328544688468662
1.0328544688468662
1.0328544688468662
1.0328544688468662
1.0346272837273935
1.0346272837273935
1.0346272837273935
1.0346792802246014
1.0346792802246014
1.0320514057043713
1.0317582648157138
1.0317582648157138
1.03202646182183
1.03202646182183
1.03202646182183
1.03202646182183
1.03202646182183
1.03202646182183
1.03202646182183
1.0301645441914347
1.032129383582525
1.032129383582525
1.032129383582525
1.032129383582525
1.032129383582525
1.0306806773267867
1.0311536864387163
1.0311536864387163
1.031149146709797
1.031149146709797
1.031149146709797
1.031149146709797
1.031149146709797
1.0291884216214182
1.0308938440195223
1.0308938440195223
1.0308938440195223
1.0308938440195223
1.0308938440195223
1.031337314096732
1.031337314096732
1.031337314096732
1.031337314096732
1.0309793035875736
1.0309793035875736
1.0309793035875736
1.0311922335365686
1.0311922335365686
1.0344279967970742
1.0313386529947601
1.0313386529947601
1.0313386529947601
1.0313386529947601
1.031276805797111
1.031276805797111
1.031276805797111
1.031276805797111
1.0322453878714977
1.0322453878714977
1.0322453878714977
1.0322453878714977
1.0322453878714977
1.0322453878714977
1.0325137789518712
1.0346432425731307
1.035641853328074
1.0351645517561228
1.0351645517561228
1.0362567067281148
1.03556223339222
1.03556223339222
1.0343474998779603
1.0360757448575304
1.035159351479336
1.035159351479336
1.035159351479336
1.0332161915060631
1.0327368278162878
1.0327368278162878
1.0327368278162878
1.0332068613607692
1.0332068613607692
1.0355846810211273
1.0355846810211273
1.0327179045918486
1.0327179045918486
1.0338570735878658
1.036056570344866
1.0355428771110333
1.0352313709031045
1.0345304544113363
1.0345304544113363
1.0330844697130055
1.0330844697130055
1.0330844697130055
1.0330844697130055
1.0330844697130055
1.0327488870648978
1.0327488870648978
1.0327488870648978
1.0327488870648978
1.0327488870648978
1.0327488870648978
1.0316856160278873
1.0316856160278873
1.0316856160278873
1.0316856160278873
1.0296409328792617
1.0296409328792617
1.031189388235656
1.031189388235656
1.031189388235656
1.031189388235656
1.031189388235656
1.029557768225645
1.029557768225645
1.029557768225645
1.0290586996991768
1.0290586996991768
1.0315043898954839
1.0315043898954839
1.0315043898954839
1.0315043898954839
1.0315043898954839
1.03013758764315
1.03013758764315
1.03013758764315
1.0309508996296417
1.0310333827001832
1.0310333827001832
1.0310333827001832
1.0327629481075091
1.0327629481075091
1.0317768613787484
1.0317768613787484
1.0317768613787484
1.031425866799289
1.0359498028009972
1.0359498028009972
1.0344336063443498
1.0344336063443498
1.0344336063443498
1.0325675013975573
1.0325675013975573
1.031657948346011
1.031657948346011
1.031657948346011
1.031657948346011
1.0305632199133274
1.0305632199133274
1.0309192050812719
1.0291692197396443
1.0291692197396443
1.029332496161672
1.028722479136221
1.028722479136221
1.028722479136221
1.0295553585671087
1.0290346800241736
1.0303483247686795
1.0303835167206472
1.0315265420284736
1.0317311838258745
1.0317311838258745
1.0317311838258745
1.0317311838258745
1.0317311838258745
1.0304908744809405
1.0304908744809405
1.0304908744809405
1.0304908744809405
1.0308973797996193
1.0308973797996193
1.0318196165775193
1.032147386289928
1.032147386289928
1.0314806581482212
1.0302265153539487
1.0302265153539487
1.0318359881418893
1.0312734285664273
1.032115410323836
1.032115410323836
1.0316993202871798
1.029445115708618
1.029445115708618
1.0285864993663154
1.0293407860469301
1.0293256855444497
1.0293256855444497
1.0266303818904334
1.030749932513261
1.0304359470778195
1.0304359470778195
1.0306234161838568
1.0306234161838568
1.0313168597999292
1.029581919193814
1.029581919193814
1.029581919193814
1.029581919193814
1.0310824386567146
1.030022476403849
1.030022476403849
1.030022476403849
1.030022476403849
1.0272005325096931
1.0272005325096931
1.0272005325096931
1.0272005325096931
1.0273987583570685
1.026730520013999
1.026730520013999
1.0295939427009946
1.0295939427009946
1.0295939427009946
1.0295939427009946
1.0285267992698834
1.0285267992698834
1.0253552474338314
1.0262733577950003
1.029766534677333
1.029766534677333
1.029766534677333
1.0316047207252044
1.0301124647648194
1.0301124647648194
1.0301124647648194
1.0301124647648194
1.0301124647648194
1.0301124647648194
1.0301124647648194
1.0266737649419633
1.029953957814978
1.0269575872744994
1.0269575872744994
1.0269575872744994
1.030438345682567
1.0301184525623455
1.0301184525623455
1.0255380193612906
1.0255380193612906
1.0255380193612906
1.0245933751212424
1.0241954445289545
1.028275479521094
1.028275479521094
1.0265396478694426
1.028742729246197
1.028742729246197
1.028742729246197
1.028742729246197
1.028742729246197
1.028742729246197
1.028742729246197
1.028742729246197
1.028742729246197
1.028742729246197
1.0283691387110356
1.027157397879144
1.0252969788301527
1.0253272564344236
1.0253272564344236
1.0253272564344236
1.025434877706621
1.0234122904160197
1.0234122904160197
1.0235799189855108
1.0235799189855108
1.0258333483230533
1.0258333483230533
1.0258333483230533
1.0261793650985345
1.0247678133812679
1.0247678133812679
1.0247678133812679
1.0247678133812679
1.0247678133812679
1.0247678133812679
1.0258316327366208
1.0249672847761253
1.0249672847761253
1.0249672847761253
1.0249672847761253
1.0255835919697744
1.027450838291073
1.027450838291073
1.027450838291073
1.0266187088637966
1.0267870111650221
1.0267870111650221
1.0267870111650221
1.0271464228443432
1.0244766719437022
1.0244766719437022
1.0250407129317023
1.0250407129317023
1.0251478604105229
1.0251478604105229
1.0251478604105229
1.0251478604105229
1.0245891326349283
1.0245891326349283
1.0262485927644107
1.0258601783032308
1.0258601783032308
1.0258601783032308
1.0269151306614617
1.0269151306614617
1.0269151306614617
1.0269151306614617
1.0272676651531205
1.0272676651531205
1.025575381098487
1.025575381098487
1.025575381098487
1.025575381098487
1.0272565364781492
1.02860444000211
1.029562318322425
1.029562318322425
1.029562318322425
1.0291383891470558
1.0269048972417218
1.0269048972417218
1.027078327424933
1.027078327424933
1.027078327424933
1.027078327424933
1.0269955890360658
1.0269955890360658
1.0269955890360658
1.0269955890360658
1.0250649932202782
1.0250649932202782
1.0250649932202782
1.0250649932202782
1.0250649932202782
1.0250649932202782
1.026161291041985
1.026161291041985
1.026161291041985
1.0223176894160548
1.0238592125779211
1.0245047672020218
1.0245047672020218
1.0245047672020218
1.0245047672020218
1.0245047672020218
1.0245047672020218
1.0253225648909403
1.0253225648909403
1.0253225648909403
1.0253416368114188
1.0253416368114188
1.026912534503642
1.026912534503642
1.0277818764111182
1.0257610038360243
1.0257610038360243
1.0257610038360243
1.0257610038360243
1.0257610038360243
1.026346514660764
1.0259228521357313
1.0269513115263607
1.0294002611707729
1.0294002611707729
1.0294002611707729
1.028296431921882
1.028296431921882
1.028296431921882
1.028296431921882
1.028296431921882
1.028296431921882
1.028296431921882
1.0294530305790512
1.0294983282948789
1.0286580844018953
1.0274635381112076
1.0274635381112076
1.0274635381112076
1.029238239634415
1.029238239634415
1.029238239634415
1.029238239634415
1.029238239634415
1.0319990991720533
1.0319990991720533
1.0316391122692365
1.0319590935757705
1.0311355652992784
1.0311355652992784
1.0299080809779504
1.0299080809779504
1.0299080809779504
1.0299080809779504
1.029798540483003
1.0293279390554502
1.028341098522711
1.028341098522711
1.028409588437849
1.028409588437849
1.0278474901221215
1.0278474901221215
1.0273378264536086
1.028621480480472
1.0275013843199239
1.0268348163229675
1.0268348163229675
1.0268348163229675
1.0268348163229675
1.026339416294808
1.026339416294808
1.027017174394598
1.027017174394598
1.027017174394598
1.027541406396
1.027541406396
1.027643279425276
1.0248210410089338
1.0269201112741115
1.0269201112741115
1.0269201112741115
1.0269201112741115
1.0272120841101846
1.0272120841101846
1.0272120841101846
1.0259794281449905
1.0259794281449905
1.0259794281449905
1.0259794281449905
1.0259794281449905
1.0259794281449905
1.0259794281449905
1.0259794281449905
1.0239387890316263
1.0239387890316263
1.0239387890316263
1.0239387890316263
1.0246530357207178
1.024482094178443
1.024482094178443
1.024482094178443
1.024482094178443
1.024482094178443
1.024467829962839
1.0244479244012539
1.0244479244012539
1.0244479244012539
1.0256185062593968
1.024315244386277
1.024315244386277
1.0277314847131311
1.0277314847131311
1.0277314847131311
1.0278793780436413
1.0278793780436413
1.0278691127420485
1.0278691127420485
1.0282184018237297
1.0282184018237297
1.0279066816999587
1.0275060101008469
1.0275060101008469
1.0267796379405532
1.0275965618077978
1.0275965618077978
1.0275965618077978
1.0300926711938923
1.0287872826925777
1.0329094355210062
1.0329094355210062
1.0287511272931416
1.0287511272931416
1.0287511272931416
1.027534871384394
1.0312680492725013
1.03307286751621
1.0313656182538915
1.0324781394340166
1.028500603328023
1.028500603328023
1.028500603328023
1.0302120186704575
1.0302120186704575
1.0302120186704575
1.0302120186704575
1.0302120186704575
1.0302120186704575
1.0302120186704575
1.0302120186704575
1.0302120186704575
1.0302120186704575
1.0302120186704575
1.029923359705352
1.029923359705352
1.029923359705352
1.028723633722702
1.028723633722702
1.028723633722702
1.028723633722702
1.028723633722702
1.028723633722702
1.029356306462586
1.029356306462586
1.0274350590207604
1.0274350590207604
1.0274350590207604
1.0274350590207604
1.0274350590207604
1.0299408975263613
1.0299408975263613
1.0299347954549791
1.0299347954549791
1.0311430981499037
1.030612752787806
1.030612752787806
1.030612752787806
1.0306691210969667
1.0306691210969667
1.0306691210969667
1.0306691210969667
1.0275898253632019
1.029807255457108
1.029807255457108
1.029807255457108
1.029807255457108
1.0312000632488145
1.032331055105089
1.0319066929343037
1.0319066929343037
1.0319066929343037
1.0319066929343037
1.0334723524472598
1.0334723524472598
1.0334723524472598
1.035610653862335
1.035610653862335
1.0360256218194932
1.0347851855610766
1.0347851855610766
1.0347851855610766
1.0310521551807383
1.0326943316529347
1.0326943316529347
1.0326943316529347
1.0326943316529347
1.032826566991372
1.032826566991372
1.0335473497107799
1.0335473497107799
1.0327346801778956
1.0327346801778956
1.0327346801778956
1.0300489758900178
1.0300489758900178
1.0300489758900178
1.032520006169434
1.0298927637369393
1.0298927637369393
1.0299502394449493
1.0299502394449493
1.0299502394449493
1.0299502394449493
1.0299502394449493
1.0299502394449493
1.0299502394449493
1.029714875433086
1.029714875433086
1.029714875433086
1.029714875433086
1.029714875433086
1.0310048939990615
1.0310048939990615
1.0310048939990615
1.0296226275484748
1.0296226275484748
1.0301831275365982
1.0301831275365982
1.0295314556733013
1.0295314556733013
1.0299370826001049
1.0317750992253718
1.0317750992253718
1.0317750992253718
1.0319067225032028
1.0327086646278552
1.0327086646278552
1.0359713960457047
1.0359713960457047
1.0359713960457047
1.0359713960457047
1.0343673233497397
1.0343673233497397
1.0343673233497397
1.0343673233497397
1.0343673233497397
1.0343673233497397
1.036086427075455
1.0353802503642184
1.0353802503642184
1.0353802503642184
1.0353802503642184
1.0358726354430183
1.0379713634959566
1.0338463110576062
1.0338463110576062
1.0338463110576062
1.0338463110576062
1.0338463110576062
1.0315050395856944
1.0336254609565072
1.0336254609565072
1.0336254609565072
1.0336254609565072
1.0336254609565072
1.0346729483845232
1.0347309101850977
1.0347309101850977
1.0347309101850977
1.0358786484194233
1.0358786484194233
1.035635836782043
1.035635836782043
1.0348638137272528
1.0340327111339906
1.0332463053593492
1.0319998773092058
1.0319147783097045
1.0319147783097045
1.0319147783097045
1.0319147783097045
1.0314541241452522
1.0310864528563297
1.0324367518833855
1.0324367518833855
1.0321224017153057
1.0321224017153057
1.0321224017153057
1.0321224017153057
1.0332658745043715
1.033341405869001
1.033341405869001
1.033341405869001
1.033341405869001
1.033341405869001
1.0312002603566768
1.0312002603566768
1.031577861945624
1.031577861945624
1.031577861945624
1.031577861945624
1.031577861945624
1.031577861945624
1.0329030102371424
1.0329030102371424
1.033236506722723
1.0315821965657517
1.0315821965657517
1.0315821965657517
1.0315821965657517
1.0309282230108632
1.0309282230108632
1.0299050675532775
1.0290862558863576
1.0293128137072576
1.0293128137072576
1.0293128137072576
1.028025393345313
1.028025393345313
1.028025393345313
1.0317096259190255
1.0327970263416624
1.0327970263416624
1.0319844400473799
1.0319844400473799
1.0326132223952185
1.03358668965339
1.0321002406903848
1.0321002406903848
1.0285975214566827
1.0285975214566827
1.0285975214566827
1.0312801799397626
1.0312801799397626
1.030716216640617
1.030716216640617
1.0310945471481892
1.0310945471481892
1.0310945471481892
1.0310945471481892
1.0310945471481892
1.0334879463458595
1.0334879463458595
1.0338819019091652
1.0342220921603578
1.0342220921603578
1.0342220921603578
1.0342220921603578
1.0342220921603578
1.0342220921603578
1.0342220921603578
1.0325456612412593
1.0325456612412593
1.0325456612412593
1.0325456612412593
1.0325456612412593
1.0306754860751375
1.0306754860751375
1.0306754860751375
1.0306754860751375
1.0306754860751375
1.032180253797022
1.032180253797022
1.032180253797022
1.032180253797022
1.0310414725699633
1.0323640577433253
1.0322197334368561
1.032476169816122
1.032476169816122
1.0329949920634258
1.0308800400317581
1.0308800400317581
1.0308800400317581
1.0308800400317581
1.0292164111872373
1.0292164111872373
1.0292164111872373
1.029465181979995
1.0295222843891538
1.0295222843891538
1.0297652295010171
1.0297652295010171
1.0297652295010171
1.0299799885020053
1.0299799885020053
1.029000359392958
1.029000359392958
1.029000359392958
1.029000359392958
1.029584458356376
1.0308979712929098
1.0308979712929098
1.031023686429411
1.031023686429411
1.031023686429411
1.0318869742780075
1.0318869742780075
1.0309192882488387
1.0303346749683475
1.0303346749683475
1.0303346749683475
1.0303346749683475
1.0303346749683475
1.028312663294565
1.0280086115160902
1.0280086115160902
1.0280086115160902
1.0280086115160902
1.0280086115160902
1.0280086115160902
1.0278883599300135
1.0312899458199654
1.0312899458199654
1.0312618421462516
1.0310110717810606
1.0310110717810606
1.0310110717810606
1.0308097648749837
1.0292849277333014
1.0271104085870204
1.027574357828263
1.027574357828263
1.027574357828263
1.027574357828263
1.027574357828263
1.027574357828263
1.0289708004336129
1.0289708004336129
1.0328219156185905
1.0328219156185905
1.0267686424743612
1.0260122458469756
1.029819637176035
1.0280556097388331
1.0280556097388331
1.0280556097388331
1.0280556097388331
1.0280556097388331
1.0293894234593342
1.0293894234593342
1.0293894234593342
1.0297164930003622
1.0297164930003622
1.0316909591783725
1.0325793240283698
1.0301352815589362
1.0301352815589362
1.0288550071845375
1.0288550071845375
1.0288550071845375
1.0281167155967186
1.0280919724192126
1.0280919724192126
1.0270133060473994
1.0270133060473994
1.0270133060473994
1.0270133060473994
1.0270133060473994
1.0270133060473994
1.0266925229766715
1.027638797223608
1.027638797223608
1.0282236749618112
1.0286095256269854
1.0286095256269854
1.0267513636783177
1.0267513636783177
1.0267513636783177
1.0267513636783177
1.0267513636783177
1.0267513636783177
1.0267513636783177
1.0273489910168085
1.0273489910168085
1.027523910312147
1.0258014631986743
1.0258014631986743
1.0251659229036039
1.0251659229036039
1.0251659229036039
1.0251659229036039
1.0251659229036039
1.0251659229036039
1.028695914941762
1.0288272659503614
1.0288272659503614
1.0288272659503614
1.0288272659503614
1.0288272659503614
1.0288272659503614
1.029056188840483
1.029056188840483
1.0294051692284016
1.0294051692284016
1.0294051692284016
1.0294051692284016
1.0294051692284016
1.0294051692284016
1.0294051692284016
1.0294051692284016
1.0294051692284016
1.0299144987476319
1.0299144987476319
1.030336934191887
1.030336934191887
1.030336934191887
1.030336934191887
1.030336934191887
1.030336934191887
1.0297265289155761
1.0297265289155761
1.0297265289155761
1.0322568332751154
1.032318915496155
1.032462426844223
1.032462426844223
1.0332497742152136
1.0328001021717428
1.0328001021717428
1.0335242309402095
1.0324673654232288
1.0324673654232288
1.0324673654232288
1.032394671904117
1.0308231981751321
1.0308231981751321
1.03263359839429
1.0313900383944878
1.0315064059619445
1.0315064059619445
1.0315064059619445
1.0303327799087143
1.0284776494053554
1.0294334735317012
1.0294334735317012
1.029957529624829
1.029957529624829
1.0287724465194135
1.0285120759171578
1.0285120759171578
1.0285120759171578
1.0285120759171578
1.0277005667299606
1.0305270527082142
1.0301924749969058
1.0300080768933764
1.0300080768933764
1.032878080997219
1.032878080997219
1.032878080997219
1.032878080997219
1.0323305062189891
1.0323305062189891
1.0314506171988436
1.0314506171988436
1.0314506171988436
1.0340756219099398
1.0333423159123802
1.0333423159123802
1.0343835185489454
1.0343835185489454
1.0343835185489454
1.0343835185489454
1.0363082948727198
1.0363082948727198
1.0363082948727198
1.033554354079563
1.033554354079563
1.033554354079563
1.030325330379669
1.030325330379669
1.03048910453296
1.03048910453296
1.03048910453296
1.03048910453296
1.0309268042513564
1.0309268042513564
1.0309268042513564
1.0309268042513564
1.0309268042513564
1.0309268042513564
1.0309812122442885
1.0309812122442885
1.030147904090291
1.0307594609550874
1.0341052086420908
1.0341052086420908
1.0342456440550183
1.0322449846896224
1.0342647909205211
1.0342647909205211
1.0345106647252043
1.0345106647252043
1.032928974338627
1.0333545966050202
1.0333545966050202
1.0333545966050202
1.0333545966050202
1.0333545966050202
1.033244109595033
1.0323172886219512
1.0342063821412064
1.0342063821412064
1.0342063821412064
1.0318382349733763
1.0326252733525274
1.0318867972079246
1.0318867972079246
1.0318867972079246
1.0353737319582124
1.0353737319582124
1.0353737319582124
1.0363551871982288
1.0363551871982288
1.0363551871982288
1.0345262051729687
1.0345262051729687
1.0365378317930813
1.0365378317930813
1.03504941567102
1.0335265523848227
1.0335265523848227
1.0310834688896728
1.0310834688896728
1.0310834688896728
1.031071007732936
1.0327785254856958
1.0327785254856958
1.0327785254856958
1.0327785254856958
1.0327785254856958
1.0327785254856958
1.0327785254856958
1.0322228389785144
1.0317022622733623
1.030538412610079
1.030538412610079
1.0332884108161067
1.0332884108161067
1.0332884108161067
1.0332884108161067
1.0335723516486317
1.0335723516486317
1.0335723516486317
1.0335723516486317
1.0358436590932998
1.0358436590932998
1.0358436590932998
1.0358436590932998
1.0358436590932998
1.0358436590932998
1.0358436590932998
1.0358436590932998
1.0358436590932998
1.0358436590932998
1.0358436590932998
1.032489515036217
1.032591832084792
1.032591832084792
1.0318564532999215
1.0318564532999215
1.0318564532999215
1.0318564532999215
1.0318564532999215
1.0318564532999215
1.031986006048511
1.031986006048511
1.0348754506489999
1.0348754506489999
1.0364983566361778
1.0364983566361778
1.0364983566361778
1.0377647437058228
1.0377647437058228
1.0377647437058228
1.036872943273949
1.036872943273949
1.0348883762064038
1.0349849112454923
1.0349849112454923
1.0330857366750752
1.0322984367814696
1.0322984367814696
1.0322984367814696
1.0322984367814696
1.0322984367814696
1.0322984367814696
1.0344112506665217
1.0344112506665217
1.0346036958085387
1.0389054066337537
1.0389054066337537
1.0389054066337537
1.0389054066337537
1.0389054066337537
1.0389054066337537
1.0389054066337537
1.0374096992722937
1.0374096992722937
1.0374096992722937
1.0374096992722937
1.039095609988169
1.0375561588556579
1.0375561588556579
1.0357135621209062
1.0357135621209062
1.0357135621209062
1.0357135621209062
1.0357135621209062
1.0357135621209062
1.0357135621209062
1.0357135621209062
1.0357135621209062
1.0357135621209062
1.0351723948537332
1.0385850605758582
1.0385850605758582
1.0369494706364129
1.034422906030895
1.0357095705894552
1.0357095705894552
1.0357095705894552
1.0357095705894552
1.0373692854812377
1.0357766453038522
1.0357766453038522
1.0334534185752122
1.0334534185752122
1.0335446531724626
1.0364538306919486
1.0352497995019638
1.0352497995019638
1.0352497995019638
1.0352497995019638
1.0352497995019638
1.0352497995019638
1.0352497995019638
1.0352497995019638
1.0352497995019638
1.0352497995019638
1.0352497995019638
1.0356329558463155
1.0346161894308725
1.0346161894308725
1.034406444132314
1.034406444132314
1.033328393840681
1.033328393840681
1.0317572431644608
1.03096124594977
1.03096124594977
1.03096124594977
1.03096124594977
1.0335602598303721
1.031871819637617
1.031871819637617
1.031871819637617
1.031871819637617
1.031120190248201
1.0310741394651193
1.0333513628149857
1.0339954244536158
1.0329083937388035
1.0329083937388035
1.0343947004644267
1.0343947004644267
1.0343947004644267
1.0343947004644267
1.0343947004644267
1.0333413943039194
1.0333413943039194
1.0333413943039194
1.0333413943039194
1.0333413943039194
1.0333413943039194
1.030036804793594
1.0307630496326843
1.0307630496326843
1.0307630496326843
1.0307630496326843
1.0307630496326843
1.03143162265691
1.0346950782265967
1.0363596342794221
1.036677514042471
1.036677514042471
1.036677514042471
1.0390835528471303
1.0390835528471303
1.036090463288229
1.034252841879907
1.034252841879907
1.0344430180219197
1.0344430180219197
1.036937483000817
1.036937483000817
1.036937483000817
1.0360956313544853
1.0360956313544853
1.0337614516305196
1.0335138437515616
1.0335138437515616
1.0335138437515616
1.032285978145001
1.032285978145001
1.0302121846314563
1.0302121846314563
1.0302121846314563
1.0310691529034008
1.031057626327328
1.031057626327328
1.0307719908964255
1.0327272619973553
1.0327272619973553
1.029383784162255
1.0304481082765728
1.0304481082765728
1.0304481082765728
1.0304481082765728
1.0304481082765728
1.0304481082765728
1.0314141405844885
1.0314141405844885
1.0314141405844885
1.030830353428485
1.0289468298989317
1.0308395699533446
1.0308395699533446
1.0308395699533446
1.0284966143929644
1.0303741736909737
1.0303741736909737
1.0303741736909737
1.0303741736909737
1.0306166330318014
1.0306166330318014
1.0299636253012763
1.0299636253012763
1.0299636253012763
1.0299636253012763
1.0299636253012763
1.030657037704904
1.030657037704904
1.0309966753497641
1.0309966753497641
1.0309319244855724
1.0309319244855724
1.0330118082154232
1.0330118082154232
1.0330118082154232
1.0330118082154232
1.0330118082154232
1.0330118082154232
1.033704148698219
1.033704148698219
1.0304622455988366
1.0304622455988366
1.0298031193483552
1.0298031193483552
1.0298031193483552
1.0298031193483552
1.0298031193483552
1.0298031193483552
1.0298031193483552
1.0298031193483552
1.0324126627697159
1.0322033580592982
1.030656153532013
1.0305293360062378
1.0305293360062378
1.0305293360062378
1.0305293360062378
1.0315115912252961
1.0315115912252961
1.0315115912252961
1.0315115912252961
1.0336319181538394
1.033693954461868
1.033693954461868
1.0331865521225982
1.028545795170173
1.027845203563147
1.027845203563147
1.027845203563147
1.0303998659243592
1.0303998659243592
1.0303998659243592
1.0303998659243592
1.0303998659243592
1.0303998659243592
1.0339370581644851
1.0339370581644851
1.0339370581644851
1.0363078653562314
1.0363078653562314
1.0358784864387278
1.0381166255893464
1.0381166255893464
1.0381166255893464
1.0375329361977195
1.0365552095471022
1.0365552095471022
1.0365552095471022
1.0365552095471022
1.0365552095471022
1.0365552095471022
1.0357365774488334
1.0357171214459064
1.0357171214459064
1.0357171214459064
1.0359589525932078
1.0341299982372791
1.0337787779066347
1.0337787779066347
1.0337787779066347
1.0323006627616942
1.0316399038385948
1.0321026341520605
1.0323120956755885
1.032295083753413
1.032295083753413
1.032295083753413
1.0312739200167262
1.0326179404054592
1.0326179404054592
1.0326179404054592
1.0326179404054592
1.0326179404054592
1.0338341310580266
1.0357574981220805
1.0355073071462162
1.0341857026430548
1.0341857026430548
1.0341857026430548
1.0341857026430548
1.0341857026430548
1.0341857026430548
1.0341857026430548
1.0341857026430548
1.0341857026430548
1.0341857026430548
1.0341857026430548
1.0341857026430548
1.0341857026430548
1.0341857026430548
1.0338811990574883
1.0338811990574883
1.0338811990574883
1.0374489070985544
1.0374489070985544
1.0345832811309834
1.03451432514969
1.03521486980838
1.03521486980838
1.03521486980838
1.03521486980838
1.0346898225774728
1.0346898225774728
1.0356792579609921
1.0356792579609921
1.0356792579609921
1.0356792579609921
1.0360676587119733
1.0360676587119733
1.0360676587119733
1.0360676587119733
1.0360676587119733
1.0360676587119733
1.0360676587119733
1.0360676587119733
1.0360676587119733
1.0360676587119733
1.0333571385892786
1.0333571385892786
1.033101575284642
1.0367027354435416
1.0367027354435416
1.0367027354435416
1.0367027354435416
1.0367027354435416
1.0367027354435416
1.0367027354435416
1.0367027354435416
1.0367027354435416
1.035338536287985
1.0348392447919235
1.0348392447919235
1.0348392447919235
1.0348392447919235
1.0348392447919235
1.0363944223794588
1.0363944223794588
1.0363944223794588
1.0363944223794588
1.0371955488510025
1.0371955488510025
1.0371955488510025
1.0371955488510025
1.0357669654561203
1.0346219262143947
1.034148988457975
1.035599400619374
1.035599400619374
1.0378412820323988
1.036314431545771
1.0354684096100026
1.0354684096100026
1.0354684096100026
1.034470226978816
1.034470226978816
1.0351557424370614
1.0376573272197824
1.0360937364374017
1.0360937364374017
1.0360937364374017
1.0360937364374017
1.0360937364374017
1.0360937364374017
1.0312564220802245
1.0314216592086602
1.0330579156866737
1.0330579156866737
1.0330579156866737
1.0338099614700276
1.0338099614700276
1.0336567123576308
1.0327316679156018
1.0327316679156018
1.0327316679156018
1.0323572109199723
1.0324942396475785
1.0324942396475785
1.0324942396475785
1.0336213650061827
1.0336213650061827
1.0316655362929594
1.0319653372179278
1.0323448759359657
1.0343498242228415
1.0343498242228415
1.0339018439463394
1.0324176883198024
1.0324176883198024
1.0329092740979795
1.0329092740979795
1.0329234257711906
1.0329234257711906
1.0329234257711906
1.0329234257711906
1.0329234257711906
1.0336160999870603
1.034176584840203
1.034176584840203
1.034176584840203
1.034176584840203
1.0335415388630014
1.0335415388630014
1.0318199298237833
1.0328892853492317
1.0318781953591585
1.0318781953591585
1.031839940424899
1.031839940424899
1.031839940424899
1.031839940424899
1.0337926977873941
1.035297547744877
1.0356297914848884
1.0356297914848884
1.0350775495586995
1.0323767862624207
1.0323767862624207
1.0305432192800907
1.0305432192800907
1.0305432192800907
1.0315112633437098
1.0312042962736563
1.0312042962736563
1.0312042962736563
1.032507508068157
1.032507508068157
1.0282415982150541
1.0282415982150541
1.0290495596765368
1.0290495596765368
1.0290495596765368
1.0290495596765368
1.031338203817628
1.0325386641954089
1.0307529758761784
1.0302493863750795
1.0302493863750795
1.0302493863750795
1.0277328986426635
1.0290568824002106
1.0311530533325948
1.0311530533325948
1.032095027178423
1.032095027178423
1.032095027178423
1.032095027178423
1.0314192287501507
1.03061127477193
1.03061127477193
1.0311345270993604
1.0311345270993604
1.0311345270993604
1.0304837116500682
1.0304837116500682
1.0296189167595797
1.0296189167595797
1.0296189167595797
1.0295368056359622
1.033737174726028
1.034863953273969
1.0325113507414376
1.0325113507414376
1.0277524631407584
1.0277524631407584
1.0277524631407584
1.0296184803347257
1.0290898606685817
1.0290898606685817
1.0277152627151633
1.0277152627151633
1.0277152627151633
1.0277152627151633
1.028711630944232
1.028711630944232
1.0263703876121295
1.0263703876121295
1.0233019032576094
1.022001754265175
1.022001754265175
1.022317113590911
1.024257338628262
1.0241512014191188
1.0258442306489448
1.0258442306489448
1.0235521325245867
1.0235521325245867
1.0235521325245867
1.0235521325245867
1.0235521325245867
1.0235521325245867
1.0235521325245867
1.0262332231441573
1.0244106463958131
1.0244106463958131
1.0254517834490053
1.0254517834490053
1.0233433003567762
1.0263052231414846
1.0263052231414846
1.0263052231414846
1.0263052231414846
1.0263052231414846
1.0263052231414846
1.023750233271242
1.023684225221295
1.023684225221295
1.0237183611251854
1.0237183611251854
1.0237183611251854
1.0237183611251854
1.024679107695462
1.024679107695462
1.0245811899483297
1.024090919548409
1.023211020653537
1.0240814504991789
1.0278418994080518
1.0278418994080518
1.0278418994080518
1.0278418994080518
1.0278418994080518
1.0274611909946352
1.0294879524456075
1.0294879524456075
1.0294879524456075
1.0294879524456075
1.0294879524456075
1.0291461378360043
1.0291461378360043
1.0302638071366383
1.0302638071366383
1.0302638071366383
1.0302638071366383
1.0302638071366383
1.0291306078017417
1.0291306078017417
1.0286095673296753
1.0286095673296753
1.0286095673296753
1.0286095673296753
1.0286095673296753
1.029906714697949
1.029906714697949
1.0298242044890873
1.0298242044890873
1.0315142022982762
1.030387998071391
1.0276487447484965
1.0276487447484965
1.0276487447484965
1.0282493366514254
1.030008496113586
1.030008496113586
1.030008496113586
1.0289655328710015
1.0298901312634459
1.02663683766395
1.0275467056213818
1.027181980273706
1.027181980273706
1.027181980273706
1.027181980273706
1.027181980273706
1.028627267801671
1.028627267801671
1.0286987818313158
1.0286987818313158
1.0286987818313158
1.0315514676573683
1.0315514676573683
1.0315514676573683
1.0315514676573683
1.0315514676573683
1.0318207352729754
1.0318207352729754
1.0318207352729754
1.0317794396145323
1.0317794396145323
1.0317794396145323
1.0317794396145323
1.0317794396145323
1.0317794396145323
1.0317794396145323
1.0317794396145323
1.0317794396145323
1.0317794396145323
1.0317794396145323
1.0317794396145323
1.0317794396145323
1.031624485041957
1.031624485041957
1.031624485041957
1.031624485041957
1.031624485041957
1.029407755174
1.0266819107166947
1.0281380059076068
1.0281380059076068
1.0270082791400263
1.0270082791400263
1.0270082791400263
1.0270082791400263
1.0270082791400263
1.0270082791400263
1.0270082791400263
1.0270082791400263
1.0270082791400263
1.0287918380489567
1.0288102639191992
1.0282768514721754
1.0301208919403282
1.0299394441369585
1.0299394441369585
1.0282660120830653
1.0298590888303603
1.0298590888303603
1.0295963035365887
1.0295963035365887
1.029120543013001
1.0315566832426792
1.0312192002463871
1.0290670289826092
1.0290670289826092
1.0290637048346671
1.0290637048346671
1.0297166324223288
1.0297166324223288
1.0313104216338347
1.030241029206383
1.0303216392026524
1.0303216392026524
1.0303216392026524
1.0303216392026524
1.0303216392026524
1.0287548628785712
1.0287548628785712
1.0287548628785712
1.0274265886843859
1.0274265886843859
1.025993655019391
1.0299086563390416
1.0302332416770483
1.0302332416770483
1.0302332416770483
1.0302332416770483
1.0302332416770483
1.0309692565821271
1.0304774959378546
1.0299422653714099
1.0269457076881556
1.0269457076881556
1.028590628691402
1.0306376643856847
1.0306376643856847
1.0306376643856847
1.031913972972741
1.029641308837871
1.029641308837871
1.029641308837871
1.029641308837871
1.029641308837871
1.029641308837871
1.029641308837871
1.029641308837871
1.029641308837871
1.030909189974487
1.030909189974487
1.030909189974487
1.0308123320361195
1.030243996372524
1.0317632686905802
1.0317632686905802
1.0317632686905802
1.0317632686905802
1.0309924832150659
1.0331532922938418
1.0331532922938418
1.0331532922938418
1.0316719683628703
1.0316719683628703
1.0316719683628703
1.0316719683628703
1.0316719683628703
1.0293652588308937
1.0293652588308937
1.0299074827451102
1.0318890351717667
1.0318890351717667
1.0318890351717667
1.0312246801269749
1.0312246801269749
1.0312246801269749
1.031109799095714
1.031109799095714
1.031109799095714
1.0322544237097473
1.0331850128706355
1.0331850128706355
1.0315450007067979
1.0301690591698627
1.0301690591698627
1.0301690591698627
1.0311901537378985
1.0317592388937313
1.0338344114059568
1.0338344114059568
1.0338344114059568
1.033439336659622
1.033439336659622
1.0339676123692536
1.0339676123692536
1.0344459249643732
1.034765577566195
1.034765577566195
1.0342790017641266
1.0342790017641266
1.0342790017641266
1.0339564765424216
1.0339564765424216
1.0339564765424216
1.0339564765424216
1.0339564765424216
1.0312455004374081
1.0312455004374081
1.0345021992185004
1.0345021992185004
1.0331395643219894
1.0332038233327294
1.034803761933432
1.034803761933432
1.036049495060306
1.036049495060306
1.036049495060306
1.036049495060306
1.036049495060306
1.036049495060306
1.036049495060306
1.0361141518097094
1.0361141518097094
1.0361141518097094
1.0361141518097094
1.0361141518097094
1.0361141518097094
1.0361141518097094
1.0361141518097094
1.0361141518097094
1.0361141518097094
1.0361141518097094
1.0356283402079318
1.0356283402079318
1.0356283402079318
1.0356283402079318
1.0354172157101573
1.034246069906938
1.034246069906938
1.0369611805119265
1.0380090079181732
1.0363577825265453
1.03680599441403
1.0380209888484235
1.0375803889238089
1.0375803889238089
1.0375803889238089
1.0375803889238089
1.0375803889238089
1.0375803889238089
1.0375803889238089
1.0375803889238089
1.0419536274027843
1.0419536274027843
1.0419536274027843
1.0419536274027843
1.0419536274027843
1.0419536274027843
1.0419536274027843
1.0419536274027843
1.0419536274027843
1.0419536274027843
1.0424888223930617
1.0424888223930617
1.0436982772711663
1.0425463135608923
1.0403336060088668
1.041218169335256
1.041218169335256
1.041218169335256
1.041218169335256
1.041218169335256
1.041218169335256
1.0389547528257521
1.0389547528257521
1.0389547528257521
1.0380506001011496
1.0380506001011496
1.0391974488394702
1.0374035291065766
1.0374035291065766
1.0374035291065766
1.0374035291065766
1.0375213045609613
1.0375213045609613
1.0375213045609613
1.0375213045609613
1.0375213045609613
1.0369988786273683
1.0369988786273683
1.035757803453802
1.034608666808421
1.034608666808421
1.034608666808421
1.034608666808421
1.034241776694234
1.034241776694234
1.034241776694234
1.034241776694234
1.0341898303380201
1.0341898303380201
1.0341898303380201
1.0359154300651003
1.0359154300651003
1.0359154300651003
1.0359154300651003
1.0359154300651003
1.034364388759159
1.034364388759159
1.0343270641436018
1.0353164089845723
1.0353164089845723
1.0326438615825984
1.0331853556471642
1.0300207577658302
1.0300207577658302
1.0300207577658302
1.0300207577658302
1.0300207577658302
1.0284728412971262
1.0283304704398735
1.02951141244749
1.02951141244749
1.0274287293337019
1.0274287293337019
1.0274287293337019
1.0266213922036398
1.0266213922036398
1.0266213922036398
1.0266213922036398
1.0266213922036398
1.0250526356064888
1.0250526356064888
1.0250526356064888
1.0250526356064888
1.0250526356064888
1.0250526356064888
1.0250526356064888
1.0250526356064888
1.0244115527921018
1.0244115527921018
1.0244115527921018
1.0244115527921018
1.0244115527921018
1.0244115527921018
1.0262358023319254
1.0262358023319254
1.0273973049154392
1.0273973049154392
1.0286787791979226
1.0286787791979226
1.0286787791979226
1.0286787791979226
1.0286787791979226
1.0288849599806464
1.0288849599806464
1.0288849599806464
1.0288849599806464
1.030924526647173
1.0299188148824787
1.031501560524968
1.0305756141073639
1.0305756141073639
1.0305756141073639
1.0305756141073639
1.0309075956634008
1.0309075956634008
1.0331830072487698
1.0331830072487698
1.0331830072487698
1.0331830072487698
1.0319165901465235
1.0319165901465235
1.0319165901465235
1.0340984810709188
1.0340984810709188
1.0340984810709188
1.0340984810709188
1.0311821276299555
1.0311821276299555
1.0311821276299555
1.0311821276299555
1.0317438551432632
1.0317438551432632
1.0317438551432632
1.0306855432085835
1.0306855432085835
1.0318766951016385
1.0318857762616656
1.0346560950206471
1.0346560950206471
1.0346560950206471
1.0318725399206938
1.0307923648160149
1.0307923648160149
1.0299688405933205
1.0294327642072394
1.0294327642072394
1.031013517394965
1.0306591463787116
1.0306591463787116
1.0306591463787116
1.0305624115846082
1.0305624115846082
1.0305624115846082
1.0305624115846082
1.0305624115846082
1.0305624115846082
1.028409334267615
1.028409334267615
1.028409334267615
1.0280682085704929
1.0280682085704929
1.031849103307447
1.031849103307447
1.031849103307447
1.033901336075259
1.033901336075259
1.033901336075259
1.0328479354648206
1.0328479354648206
1.0328479354648206
1.0328479354648206
1.0328479354648206
1.0328479354648206
1.0328479354648206
1.0328479354648206
1.0328479354648206
1.0328479354648206
1.0328479354648206
1.0328479354648206
1.0328479354648206
1.0315916893672714
1.0315916893672714
1.0310468406290112
1.0310468406290112
1.0310468406290112
1.0310468406290112
1.0310468406290112
1.0307589350562105
1.0301733293096296
1.0301733293096296
1.0301733293096296
1.0311253325453071
1.0311253325453071
1.0311253325453071
1.0311253325453071
1.0301787922945986
1.0305089358712385
1.0305089358712385
1.0305089358712385
1.0302730803647095
1.0302730803647095
1.0302730803647095
1.0302730803647095
1.0302730803647095
1.0302730803647095
1.029468354276211
1.0288400532948765
1.0288400532948765
1.0288400532948765
1.0288400532948765
1.0288400532948765
1.0288400532948765
1.0288400532948765
1.0288400532948765
1.0288400532948765
1.0288400532948765
1.0310229206825954
1.0310229206825954
1.0325438599340175
1.0325438599340175
1.0325438599340175
1.0325438599340175
1.0325438599340175
1.0286422680601572
1.0316332753434017
1.0316332753434017
1.0316332753434017
1.0325474480756414
1.0292775097625981
1.0292775097625981
1.0292775097625981
1.0292775097625981
1.0292775097625981
1.0292775097625981
1.0292775097625981
1.0292775097625981
1.0292775097625981
1.0292775097625981
1.0292775097625981
1.0292775097625981
1.0288855932635699
1.0288855932635699
1.0288855932635699
1.029747000996276
1.029747000996276
1.0297072772029028
1.0297072772029028
1.0297072772029028
1.0297072772029028
1.029156655768071
1.0240404958089904
1.0270670444558305
1.0270670444558305
1.0270670444558305
1.026166419814704
1.026166419814704
1.026166419814704
1.026166419814704
1.026166419814704
1.0263641872627696
1.0267414992393702
1.0271714476837444
1.0271714476837444
1.0271005557795807
1.0296710667665425
1.0296710667665425
1.0296710667665425
1.0296710667665425
1.029763946797192
1.029763946797192
1.029763946797192
1.029763946797192
1.029763946797192
1.0305763569907886
1.0305763569907886
1.0313635140959994
1.0313635140959994
1.0308803720877873
1.033583323015868
1.0341113252630094
1.0302445591268627
1.0302445591268627
1.0262120366283247
1.0262120366283247
1.0244019370326758
1.0244019370326758
1.0235496974462783
1.0246513945146247
1.0253297003221602
1.0253297003221602
1.0253297003221602
1.0253297003221602
1.0253297003221602
1.0253297003221602
1.027584411077104
1.0285174282276397
1.0285174282276397
1.0285174282276397
1.0292568200622376
1.0292568200622376
1.0323295411896187
1.0307596050655101
1.029878194764811
1.02990021328837
1.033125946493837
1.033125946493837
1.033125946493837
1.033125946493837
1.033125946493837
1.0324501238317096
1.0308032840653973
1.0308032840653973
1.0308032840653973
1.0308032840653973
1.0312489865822583
1.0312489865822583
1.0312489865822583
1.0323191143200015
1.0323191143200015
1.0323191143200015
1.0323191143200015
1.0323191143200015
1.0335119477240917
1.0327807097086024
1.0327807097086024
1.0327807097086024
1.0339652269946644
1.0339652269946644
1.0339652269946644
1.0339652269946644
1.0290020896982115
1.026248349950877
1.026248349950877
1.026439487096229
1.026439487096229
1.0284435150935012
1.0284435150935012
1.0286602797308533
1.0293851316179927
1.0293851316179927
1.0266155486117203
1.0266155486117203
1.0266155486117203
1.0266155486117203
1.0266155486117203
1.0266155486117203
1.0270671351505662
1.0270671351505662
1.0270671351505662
1.0270671351505662
1.0301430173085788
1.029738395990543
1.029738395990543
1.029738395990543
1.029738395990543
1.029738395990543
1.029738395990543
1.029738395990543
1.0299286044441496
1.0304343102047027
1.0304343102047027
1.0304343102047027
1.0318652718546444
1.0318652718546444
1.0318652718546444
1.0318652718546444
1.0318652718546444
1.0318652718546444
1.0318652718546444
1.0292913385675262
1.0292913385675262
1.0320615851954742
1.0320615851954742
1.0330566445140599
1.0330566445140599
1.0330566445140599
1.0330566445140599
1.0330566445140599
1.0330566445140599
1.0330566445140599
1.031235792444795
1.031235792444795
1.0301027211676614
1.0300605416473068
1.0300605416473068
1.0313782176244162
1.0313782176244162
1.0313782176244162
1.0313782176244162
1.0311429869971327
1.0311429869971327
1.0311429869971327
1.0311429869971327
1.0311429869971327
1.0288870788927131
1.0288870788927131
1.0289050560003106
1.0288982400651723
1.0288982400651723
1.0288982400651723
1.0288982400651723
1.0288982400651723
1.0288982400651723
1.0288982400651723
1.0287571400686026
1.0273626618857472
1.0312516228803887
1.0312516228803887
1.0312516228803887
1.0312516228803887
1.0309213590601352
1.0294097141291465
1.0300948972762125
1.0304595034048651
1.0304595034048651
1.0304595034048651
1.0304595034048651
1.033671328039825
1.033671328039825
1.032175852903886
1.032175852903886
1.0294143824003754
1.0292695192772678
1.0292695192772678
1.0303757918269718
1.0303757918269718
1.0299693781016332
1.0311805123447386
1.0346457618348255
1.0379413589618085
1.035378940856606
1.035378940856606
1.035378940856606
1.036061721380329
1.0353744903576074
1.037497920120103
1.0360100445057934
1.0360100445057934
1.0360100445057934
1.0339017749818258
1.0343118210012574
1.0343118210012574
1.0343118210012574
1.0343118210012574
1.0343118210012574
1.0361720474238019
1.0361720474238019
1.0336359118340388
1.0336359118340388
1.0330667674224054
1.0330667674224054
1.0330667674224054
1.0344814405650582
1.0344814405650582
1.0344814405650582
1.0344814405650582
1.0344814405650582
1.0343855452796837
1.0334967243939455
1.036906655361037
1.0343771073847179
1.0343771073847179
1.0343771073847179
1.035549091415845
1.035549091415845
1.035549091415845
1.0361131166188564
1.0361131166188564
1.0363006274099933
1.0363006274099933
1.0330350851326082
1.033619838681785
1.033619838681785
1.033619838681785
1.033619838681785
1.031788080796029
1.0327859189594377
1.0327859189594377
1.0327859189594377
1.0324248925676873
1.0324248925676873
1.0330848127908225
1.0330307746180885
1.0330307746180885
1.0330307746180885
1.0330908213697638
1.0340690145940439
1.0351276650720809
1.0351276650720809
1.0367389857583316
1.0367389857583316
1.0367389857583316
1.0385366169398342
1.0385366169398342
1.038991124273245
1.0341675642401278
1.0341675642401278
1.0341675642401278
1.0323069694675147
1.0323069694675147
1.0323069694675147
1.0323069694675147
1.0323069694675147
1.0323069694675147
1.0323069694675147
1.0323069694675147
1.0323069694675147
1.0323069694675147
1.030276390107175
1.030276390107175
1.030276390107175
1.030276390107175
1.030276390107175
1.030276390107175
1.030276390107175
1.030276390107175
1.0320015029171212
1.0316772200993831
1.0316772200993831
1.0312248994861104
1.0312248994861104
1.0322304342606907
1.0322304342606907
1.0322304342606907
1.031914996253523
1.031914996253523
1.031914996253523
1.031914996253523
1.0311921237118977
1.0311921237118977
1.0316849293333368
1.0316849293333368
1.0316849293333368
1.0316849293333368
1.0316849293333368
1.0316849293333368
1.0316849293333368
1.0316849293333368
1.0326141162898348
1.031674055366648
1.0315017121123646
1.0315017121123646
1.0315017121123646
1.0315017121123646
1.0315017121123646
1.03229246049753
1.0315624513805723
1.0315624513805723
1.0315624513805723
1.0315624513805723
1.0315624513805723
1.0315624513805723
1.0315624513805723
1.0315624513805723
1.0330285423421068
1.0309286403879248
1.0309286403879248
1.0309062785813166
1.0308591479223437
1.0308591479223437
1.0308591479223437
1.0308591479223437
1.0308591479223437
1.0308591479223437
1.0307981019728427
1.0298795625129955
1.0298795625129955
1.0302804749992673
1.0283332028544325
1.0309626949991255
1.0309626949991255
1.0309626949991255
1.0285560695695353
1.0283736701301363
1.0283736701301363
1.0283736701301363
1.0283736701301363
1.0290372333959081
1.0290372333959081
1.0290372333959081
1.0290372333959081
1.028272702458699
1.028272702458699
1.0278729017409196
1.0278729017409196
1.0278729017409196
1.0278729017409196
1.027519319476392
1.0316435702814994
1.0316435702814994
1.031269955252923
1.0313599490580023
1.0308866856707162
1.0308866856707162
1.0333387610169755
1.0327437945775988
1.0327437945775988
1.0286643905289845
1.0286643905289845
1.0286643905289845
1.0300822847938613
1.0300822847938613
1.0300822847938613
1.0300822847938613
1.029691475375386
1.029691475375386
1.031467119367293
1.0314174196444401
1.0314174196444401
1.0314174196444401
1.0315967650480982
1.0315967650480982
1.029775175631454
1.029775175631454
1.029775175631454
1.029775175631454
1.0295836302905759
1.0295836302905759
1.0304917182685827
1.0304917182685827
1.0304917182685827
1.0304917182685827
1.0304917182685827
1.0304917182685827
1.028957819717729
1.028957819717729
1.028957819717729
1.028957819717729
1.028957819717729
1.028957819717729
1.0282642874588859
1.0282642874588859
1.0297805800323636
1.0329444390941003
1.0306596760413413
1.0306596760413413
1.0306596760413413
1.0306596760413413
1.0306596760413413
1.0306596760413413
1.0306596760413413
1.0303640477909146
1.0303640477909146
1.0303640477909146
1.0303640477909146
1.0303640477909146
1.027194743521062
1.0290239339417433
1.0291910208303432
1.0240309666351337
1.0246127991757141
1.0246127991757141
1.0253016168480655
1.0253016168480655
1.0273999705980184
1.0273999705980184
1.0292738251463205
1.0292738251463205
1.0292738251463205
1.0292738251463205
1.0292738251463205
1.030170151968062
1.0294118503921736
1.0294118503921736
1.0294118503921736
1.0327026943443292
1.0327026943443292
1.033070218658792
1.033070218658792
1.0343143469225604
1.0346991274505677
1.0346991274505677
1.0346991274505677
1.0346991274505677
1.0346991274505677
1.035180247685476
1.035469860940226
1.0346036768578666
1.0346036768578666
1.0346036768578666
1.0346036768578666
1.0346036768578666
1.0353897047043537
1.0348363760692398
1.0348225177779022
1.0327544587393798
1.0327544587393798
1.0327544587393798
1.033827566406639
1.033827566406639
1.033827566406639
1.033827566406639
1.033827566406639
1.033827566406639
1.0338792827994623
1.0351926379281122
1.0351926379281122
1.0351926379281122
1.0351926379281122
1.0351926379281122
1.0351926379281122
1.0339277719160298
1.0339277719160298
1.0339277719160298
1.0339277719160298
1.0339277719160298
1.0334448272784904
1.0339707364138613
1.0339707364138613
1.0334123430692135
1.0334123430692135
1.0304918975717818
1.0304918975717818
1.0336239772400135
1.0331753424590682
1.0331753424590682
1.0331753424590682
1.0331753424590682
1.0331753424590682
1.0331753424590682
1.0331753424590682
1.0338178250033863
1.0334321777987654
1.0344760593206532
1.0356313478410646
1.0356313478410646
1.0356313478410646
1.0356313478410646
1.0356313478410646
1.0356313478410646
1.0356313478410646
1.0356313478410646
1.0356313478410646
1.0356313478410646
1.0356313478410646
1.0356313478410646
1.0337223851338526
1.034963622065185
1.034061006466659
1.034061006466659
1.034061006466659
1.034061006466659
1.034061006466659
1.034061006466659
1.0329521573498845
1.0337107290202934
1.0337107290202934
1.0337107290202934
1.0337107290202934
1.0337107290202934
1.034139439827522
1.0331013684960222
1.032904904258602
1.032904904258602
1.032904904258602
1.0334994983081116
1.0327232533264967
1.0327232533264967
1.034670384916106
1.034163144009161
1.034163144009161
1.034163144009161
1.0335233629616567
1.0335233629616567
1.0335233629616567
1.0335233629616567
1.0329571069622472
1.0329571069622472
1.0329571069622472
1.0329571069622472
1.0329571069622472
1.0329571069622472
1.0319955950954798
1.0328726913168675
1.0328726913168675
1.0328726913168675
1.0328726913168675
1.0328726913168675
1.0328726913168675
1.0328726913168675
1.0292011566405708
1.0319319828914497
1.0319319828914497
1.0319319828914497
1.03221914758173
1.03221914758173
1.03221914758173
1.03221914758173
1.03221914758173
1.0328995160605265
1.0328995160605265
1.0315296508229113
1.0322709089747726
1.0322709089747726
1.0322709089747726
1.0322709089747726
1.0322709089747726
1.033674552051408
1.0321491260470916
1.034180936655893
1.034180936655893
1.034180936655893
1.0340397668862122
1.0340397668862122
1.0340397668862122
1.0340397668862122
1.0340397668862122
1.0340397668862122
1.0340397668862122
1.0332547456063723
1.0328766502177529
1.0328766502177529
1.0328766502177529
1.0341186755298029
1.033499781140555
1.0312591116763874
1.0296141940743853
1.0296141940743853
1.0294938133957896
1.0294938133957896
1.0294938133957896
1.0294938133957896
1.0290407122042629
1.0290407122042629
1.0292807803335167
1.0283627161864446
1.0283627161864446
1.0304153110600494
1.0317382397876709
1.0317382397876709
1.032083325753122
1.032083325753122
1.032262669128778
1.0320375930904129
1.0320375930904129
1.0320375930904129
1.0320375930904129
1.0340541274354298
1.0340541274354298
1.0350631422289864
1.0350631422289864
1.0357051789453764
1.0331508547594077
1.0331508547594077
1.0331508547594077
1.0336260333361094
1.0336260333361094
1.0336260333361094
1.0339349409399772
1.0369228873908807
1.0370800831028628
1.0357826923781217
1.0356671634915462
1.0356671634915462
1.0355900580030732
1.0355900580030732
1.0355900580030732
1.0355900580030732
1.0351150369580058
1.0337373501336622
1.0337373501336622
1.0337373501336622
1.0337373501336622
1.0337373501336622
1.0337683066178431
1.0337683066178431
1.0347457256012094
1.0347457256012094
1.0347457256012094
1.0328785077431997
1.0328785077431997
1.0328785077431997
1.0315908752751528
1.0315908752751528
1.0315908752751528
1.0320232073964428
1.0320232073964428
1.032298461541637
1.032029064890356
1.032029064890356
1.0322840837777014
1.0323835636846623
1.0342784549433104
1.0342784549433104
1.0275668642012472
1.0280827887152744
1.029608259756912
1.0286314949280364
1.0286314949280364
1.0271275487977825
1.0290861723665872
1.0290861723665872
1.0294255296877504
1.0306421610612353
1.0306421610612353
1.0306421610612353
1.0306421610612353
1.0306421610612353
1.0306421610612353
1.0295361666078806
1.0295361666078806
1.0295361666078806
1.0293362513745048
1.0293362513745048
1.0302477360065163
1.0245983178871279
1.0250535882048837
1.0250535882048837
1.0276399960633549
1.0281157668254974
1.026342738767931
1.026342738767931
1.0283746931336202
1.0283746931336202
1.0283746931336202
1.0283746931336202
1.0283746931336202
1.0298074550933358
1.0298074550933358
1.0309508377365513
1.0293528991958052
1.029640140751965
1.029640140751965
1.0280174799656934
1.027912117819861
1.027912117819861
1.026158418903806
1.0257720319080779
1.0257720319080779
1.0257720319080779
1.0268120252666786
1.027776693965115
1.027776693965115
1.027776693965115
1.027677364470946
1.0261837083610843
1.0261837083610843
1.0290695235361775
1.0289918846269428
1.0289918846269428
1.0289918846269428
1.0289918846269428
1.0289918846269428
1.0289918846269428
1.0298608538599372
1.0298608538599372
1.0298608538599372
1.031486321690442
1.031486321690442
1.031486321690442
1.031486321690442
1.031486321690442
1.0311248115403633
1.0303484070498987
1.0303484070498987
1.0303484070498987
1.0303733097282912
1.0293080553608958
1.0309355152184778
1.0309355152184778
1.0309355152184778
1.0309355152184778
1.0309355152184778
1.0309355152184778
1.0309355152184778
1.0309355152184778
1.030796303604084
1.030420376523807
1.030420376523807
1.030420376523807
1.030420376523807
1.032346132183528
1.032346132183528
1.032346132183528
1.032695298617599
1.032695298617599
1.032695298617599
1.032695298617599
1.033601592058067
1.033601592058067
1.0338752658751298
1.0335356054994034
1.0335356054994034
1.0329633622918677
1.0320362842275101
1.0325444005368636
1.0325444005368636
1.0325444005368636
1.0318612847446527
1.0318612847446527
1.0318612847446527
1.0302189234691752
1.0331142479366398
1.0331142479366398
1.0331142479366398
1.0310284862644465
1.0310284862644465
1.0310284862644465
1.0310284862644465
1.0310284862644465
1.031088651919403
1.0290240870409886
1.0282342860939344
1.0308575024861895
1.0307366459053628
1.0307366459053628
1.0307366459053628
1.0307366459053628
1.0297806265887945
1.0297806265887945
1.028244820999483
1.0293042046275362
1.0293042046275362
1.0312970793513938
1.0312970793513938
1.0301703974772047
1.0312202274775055
1.0312202274775055
1.0309694657856685
1.0291724928445596
1.027301236967876
1.027301236967876
1.0307591524433
1.0307591524433
1.0286981790724887
1.0286981790724887
1.0285174743444014
1.0285174743444014
1.0285174743444014
1.0285174743444014
1.0285174743444014
1.0285174743444014
1.0285174743444014
1.0285174743444014
1.0285174743444014
1.029042634437321
1.029042634437321
1.029042634437321
1.0291555604329472
1.0291555604329472
1.0283587539103682
1.0283587539103682
1.0283587539103682
1.0283587539103682
1.0283587539103682
1.0301853878585132
1.0290444288676273
1.030335567559038
1.030335567559038
1.031080415088469
1.0300699768313215
1.029460949085811
1.0304775388096727
1.029812693386439
1.0328183510110203
1.0328183510110203
1.0328183510110203
1.0328183510110203
1.0335863956697786
1.0335863956697786
1.0335863956697786
1.0335863956697786
1.0335863956697786
1.0335863956697786
1.0335863956697786
1.032944206199428
1.032944206199428
1.03210903806404
1.03210903806404
1.0330666353977718
1.0330666353977718
1.0332825999129678
1.0332825999129678
1.0291265436363704
1.0291265436363704
1.028833618852991
1.028833618852991
1.028833618852991
1.032087806579731
1.032087806579731
1.032087806579731
1.032087806579731
1.032087806579731
1.032087806579731
1.0325416258170406
1.0325416258170406
1.0325416258170406
1.0325416258170406
1.0325416258170406
1.0348618436370887
1.0348753959937123
1.0348753959937123
1.0351718001543209
1.0351718001543209
1.035170303011875
1.0347360519758604
1.0335334529763764
1.0346343231738822
1.0345379339091532
1.0345379339091532
1.034024531790348
1.034024531790348
1.0344812837224704
1.0356523875753043
1.0356523875753043
1.0356523875753043
1.0330552519924665
1.034379715282884
1.034379715282884
1.034379715282884
1.0395754137753042
1.0386388210345137
1.0386388210345137
1.036532443634089
1.036532443634089
1.0359196260607775
1.0357166794359414
1.0368775172536455
1.0378823401424047
1.0378823401424047
1.0378823401424047
1.0367908856126664
1.0367908856126664
1.0367908856126664
1.0386426304812904
1.0386426304812904
1.0386426304812904
1.0386426304812904
1.0386426304812904
1.0393352053945284
1.0398982030303852
1.0398982030303852
1.0398982030303852
1.0398982030303852
1.0380744733783365
1.0380744733783365
1.0349016772537902
1.0349016772537902
1.0331806129649628
1.0331806129649628
1.0331806129649628
1.0332579057309912
1.0331826324790823
1.0337413498420365
1.0337413498420365
1.0337413498420365
1.0337413498420365
1.0341615533238981
1.0324409724424206
1.0324409724424206
1.0324409724424206
1.0324409724424206
1.02958327470701
1.02958327470701
1.030353194350964
1.030353194350964
1.030353194350964
1.030353194350964
1.030353194350964
1.034025507296756
1.034025507296756
1.0356415361249989
1.0356415361249989
1.0356415361249989
1.0342092005969208
1.0348560010082557
1.0348560010082557
1.0348560010082557
1.0353024313206074
1.0353024313206074
1.0353024313206074
1.0353024313206074
1.0353024313206074
1.0344120985116716
1.0344120985116716
1.0335953194147096
1.0335953194147096
1.035150097772828
1.0369426403404869
1.0369426403404869
1.0369426403404869
1.0357141587753331
1.0357141587753331
1.0357141587753331
1.0357141587753331
1.0357141587753331
1.037716208789022
1.037716208789022
1.037716208789022
1.037716208789022
1.037716208789022
1.037810363042006
1.037810363042006
1.0399999733114709
1.0399999733114709
1.0399999733114709
1.0385614713369367
1.0385614713369367
1.0385614713369367
1.0362232323476
1.0362232323476
1.0362232323476
1.0362232323476
1.036520668464631
1.032996952101242
1.032996952101242
1.032996952101242
1.0328965085538926
1.0328965085538926
1.0328965085538926
1.0328965085538926
1.0328429865296174
1.031569134828331
1.031569134828331
1.0301118824286049
1.0301118824286049
1.0301118824286049
1.0301118824286049
1.0301118824286049
1.0301118824286049
1.0336714561255982
1.0360834232350111
1.0361657748265616
1.0375267220735906
1.0375267220735906
1.0388368890656086
1.0388368890656086
1.0388368890656086
1.0388368890656086
1.0388368890656086
1.0347981449741384
1.0347981449741384
1.0346391110070647
1.0305613188652896
1.0305613188652896
1.0330613889411568
1.0337477550797558
1.0337477550797558
1.0349952215624751
1.0349952215624751
1.0340896554457661
1.0340896554457661
1.0340896554457661
1.0340896554457661
1.0340896554457661
1.0340896554457661
1.0340896554457661
1.0339037372608497
1.0339037372608497
1.0339037372608497
1.0339037372608497
1.0339037372608497
1.0339037372608497
1.0339037372608497
1.0340535348854618
1.0340535348854618
1.0340535348854618
1.0337587499218042
1.0307710404676904
1.036030107887913
1.036030107887913
1.0352732479163569
1.0333761674603061
1.0331961218506942
1.0331961218506942
1.0331961218506942
1.0331961218506942
1.0329969349979398
1.0329969349979398
1.0329969349979398
1.0329969349979398
1.0354304055567285
1.0354304055567285
1.0354304055567285
1.0354304055567285
1.0368947121757384
1.0368947121757384
1.0328811354703886
1.0328811354703886
1.0328811354703886
1.0349421704457613
1.0349421704457613
1.0349421704457613
1.034353377388358
1.034353377388358
1.034353377388358
1.034353377388358
1.0338804007428724
1.0338804007428724
1.032315994523232
1.0333315442553304
1.0333824799356384
1.0333824799356384
1.033499844928829
1.033499844928829
1.0322969630167216
1.0318205019790758
1.0318205019790758
1.0299853697020187
1.029772770296313
1.029772770296313
1.0288492088499137
1.0312504083928604
1.0338240845761295
1.0338240845761295
1.0338240845761295
1.031850496825467
1.031850496825467
1.031850496825467
1.031850496825467
1.031850496825467
1.031850496825467
1.031850496825467
1.031850496825467
1.031850496825467
1.0335301215588917
1.0362289694890918
1.0342148802022355
1.0359348473551928
1.0327499904518989
1.0357590295029135
1.0357590295029135
1.0357590295029135
1.0323723834140657
1.0323723834140657
1.0323723834140657
1.0351107630934926
1.0351107630934926
1.0351107630934926
1.0359987905447359
1.0359987905447359
1.0359987905447359
1.0359987905447359
1.0359987905447359
1.0336800839575595
1.0336800839575595
1.0345019380638747
1.0345019380638747
1.0345019380638747
1.0345019380638747
1.03108487761094
1.030378158888608
1.0322792053150704
1.0322792053150704
1.0322792053150704
1.0322792053150704
1.0322792053150704
1.0322792053150704
1.0307760172430842
1.0307760172430842
1.0307760172430842
1.0307760172430842
1.0298518268694041
1.0298518268694041
1.0298518268694041
1.0298518268694041
1.029215147025106
1.029215147025106
1.029215147025106
1.0296065309281046
1.0296065309281046
1.0296065309281046
1.0316559095886972
1.0316559095886972
1.0300731950501547
1.0300731950501547
1.0282588286547598
1.0282588286547598
1.0282588286547598
1.028711309310885
1.028711309310885
1.028711309310885
1.030688386240229
1.030688386240229
1.0311294712463028
1.0311086298241978
1.0311086298241978
1.0311086298241978
1.0307532648283513
1.0307532648283513
1.0307532648283513
1.0307532648283513
1.0307532648283513
1.0307532648283513
1.0284627147383911
1.030362224264852
1.0313692643131604
1.0301672641603448
1.0301672641603448
1.0308100501597337
1.0308100501597337
1.0308100501597337
1.0308100501597337
1.0308100501597337
1.031044790192975
1.0326001824510762
1.0326001824510762
1.0326001824510762
1.031615883513862
1.031615883513862
1.0351445888951405
1.0346426794718602
1.0346426794718602
1.0345179369025228
1.0345179369025228
1.0345179369025228
1.0345179369025228
1.0331512034458554
1.0331512034458554
1.0331512034458554
1.0361353668657274
1.0361353668657274
1.0361353668657274
1.0361353668657274
1.0361353668657274
1.0345715168285476
1.0357992490884855
1.0357992490884855
1.0357992490884855
1.0379727162940706
1.038680410102459
1.038680410102459
1.0388005704789742
1.0349444603234461
1.0349444603234461
1.0349444603234461
1.0346366829548739
1.035001005068811
1.035001005068811
1.035001005068811
1.037265003141169
1.038437223649708
1.038437223649708
1.0372882481150285
1.0372882481150285
1.0372882481150285
1.037465393253354
1.0364697582575486
1.0364697582575486
1.0364697582575486
1.036715849367378
1.036715849367378
1.036715849367378
1.0334378852875663
1.0339132856635602
1.0350059969354468
1.0350059969354468
1.0350059969354468
1.0350059969354468
1.0355179570791508
1.0355179570791508
1.0355179570791508
1.0335065517004183
1.0340454951694735
1.034113272513325
1.0365674541488026
1.0365674541488026
1.0365674541488026
1.0365192469518638
1.0365192469518638
1.0365192469518638
1.035202687312832
1.035994911316831
1.035994911316831
1.035994911316831
1.037298250103449
1.0357897382760166
1.0339044039138467
1.0339044039138467
1.0339044039138467
1.033924066827764
1.033924066827764
1.034011054439332
1.0336939441493227
1.0336939441493227
1.0336939441493227
1.0335336882046355
1.0335336882046355
1.0355289286369338
1.0355289286369338
1.0355289286369338
1.0365706141784825
1.0365706141784825
1.0347439226047916
1.0337593432860845
1.0337593432860845
1.0337593432860845
1.0346090066722746
1.0337321104008932
1.0337321104008932
1.0356075779289349
1.0356075779289349
1.0356075779289349
1.0356075779289349
1.0356075779289349
1.0333679691891449
1.0345315561467479
1.0354492867581775
1.0343642385261156
1.0348107732366332
1.0372120483966916
1.0359475704355934
1.0324380452615498
1.034024153893037
1.034024153893037
1.034024153893037
1.034024153893037
1.034024153893037
1.0330796137938898
1.0330796137938898
1.0325905529238881
1.0325905529238881
1.0325905529238881
1.0325905529238881
1.0325905529238881
1.0322725026945527
1.0329249589862224
1.0329249589862224
1.0345475303766145
1.0332463175533864
1.0332463175533864
1.0332463175533864
1.0334095083365435
1.0334095083365435
1.0334095083365435
1.0334863536629737
1.0334863536629737
1.0335750869032954
1.0335750869032954
1.033126404228619
1.033126404228619
1.033126404228619
1.0301259355211256
1.0301259355211256
1.0301259355211256
1.0301259355211256
1.0301259355211256
1.027847910517152
1.027847910517152
1.026288842894329
1.027384463659723
1.0278657523896453
1.0278657523896453
1.0263932799608437
1.0263932799608437
1.0263932799608437
1.026686232119814
1.0274738964941497
1.0274738964941497
1.027808238368848
1.027808238368848
1.027808238368848
1.027808238368848
1.0297737592633163
1.0297737592633163
1.0297737592633163
1.0297547015804382
1.0297547015804382
1.0297547015804382
1.0297547015804382
1.0275211748299944
1.0275211748299944
1.0278535487599814
1.0279139359586296
1.0279178135761138
1.0286740866272235
1.0286740866272235
1.0286740866272235
1.0279583625846072
1.0287948574516885
1.0287948574516885
1.0287948574516885
1.0287948574516885
1.030810068134736
1.030810068134736
1.031730346532353
1.031730346532353
1.031730346532353
1.031730346532353
1.0312018382123191
1.0312826659501035
1.031988083098875
1.031988083098875
1.031988083098875
1.031988083098875
1.031988083098875
1.031988083098875
1.031988083098875
1.0339463459831637
1.0339463459831637
1.0339463459831637
1.0339463459831637
1.0327797075042258
1.033700724712845
1.033700724712845
1.0303200298498083
1.0307491913324867
1.0309986356141603
1.0309986356141603
1.0327551806724078
1.0327551806724078
1.0338598374905559
1.0338598374905559
1.0338598374905559
1.0338598374905559
1.0338598374905559
1.0338598374905559
1.034510505464439
1.034510505464439
1.034510505464439
1.033241949662196
1.033241949662196
1.033241949662196
1.029600163250018
1.029600163250018
1.029600163250018
1.029600163250018
1.0297464317549034
1.0297464317549034
1.0297464317549034
1.0297464317549034
1.0297464317549034
1.0297464317549034
1.03030791980804
1.03030791980804
1.0309592782881367
1.0309592782881367
1.0309592782881367
1.0309592782881367
1.0309592782881367
1.0311399663119596
1.0296745623455479
1.0296745623455479
1.0308172357745755
1.0308172357745755
1.0308172357745755
1.0308172357745755
1.028599517576033
1.028599517576033
1.028599517576033
1.0293263339734284
1.0295354012384617
1.030156810091277
1.030156810091277
1.030156810091277
1.030156810091277
1.030156810091277
1.030156810091277
1.030156810091277
1.0313050526353698
1.0313050526353698
1.0313050526353698
1.0306478358106792
1.0339037289509099
1.0319816233237038
1.0319816233237038
1.0319816233237038
1.0319816233237038
1.0319816233237038
1.0319816233237038
1.0319816233237038
1.031969390247361
1.031969390247361
1.0322447406496555
1.0322447406496555
1.034047142954256
1.0341059912292125
1.0341059912292125
1.0325015921085519
1.0325015921085519
1.0341852358570347
1.0331309117495076
1.0336536277235395
1.0336536277235395
1.0336536277235395
1.0336536277235395
1.0336536277235395
1.0336536277235395
1.0336536277235395
1.0336536277235395
1.0336536277235395
1.0346618340425675
1.0346618340425675
1.0346618340425675
1.0346618340425675
1.0346618340425675
1.0321432928181449
1.0321432928181449
1.0321432928181449
1.0321432928181449
1.0317880880865533
1.0317880880865533
1.0340509940349119
1.0340509940349119
1.0340509940349119
1.0340509940349119
1.0352885623028458
1.0352885623028458
1.0352885623028458
1.0351888361865031
1.0351888361865031
1.0351888361865031
1.0351888361865031
1.0351888361865031
1.0351888361865031
1.0340430085435248
1.032090829018508
1.0331884179901034
1.0331884179901034
1.0322049378447875
1.0322049378447875
1.0312268912431592
1.031019671581741
1.0299126342972023
1.0299126342972023
1.0293915062163144
1.0293915062163144
1.0309674044311081
1.030130266539753
1.0301136750039943
1.032523575102867
1.031683639434882
1.031683639434882
1.0298299960297763
1.0295434431102173
1.0295434431102173
1.0322756270935483
1.0322756270935483
1.0322756270935483
1.0326431799724762
1.0326431799724762
1.0326431799724762
1.0330113730897479
1.0337824702296943
1.0362722353531575
1.0369022871397748
1.0369022871397748
1.0369022871397748
1.0369022871397748
1.0369022871397748
1.0369022871397748
1.0360481733320506
1.0360481733320506
1.0360481733320506
1.0378157237851733
1.0378157237851733
1.03801592275174
1.03801592275174
1.03801592275174
1.0355599647291684
1.036575253176971
1.037186178939432
1.037186178939432
1.0376708149092109
1.0379399140484957
1.0370407752169821
1.0368026456824397
1.035996586245979
1.0344673545479643
1.0344673545479643
1.0344673545479643
1.0344673545479643
1.0344673545479643
1.0344673545479643
1.0344673545479643
1.0345580666781986
1.034337084475055
1.035702760143663
1.035702760143663
1.035702760143663
1.035702760143663
1.035702760143663
1.0332416694501987
1.0332416694501987
1.0332416694501987
1.0332416694501987
1.0332416694501987
1.0333796937484532
1.0331026409737578
1.0331026409737578
1.0331026409737578
1.0341643702195562
1.0352053954987201
1.0352053954987201
1.036679622268139
1.0374662156251393
1.0374662156251393
1.0356411338087699
1.0358457952217073
1.0358457952217073
1.0353724558496675
1.0353724558496675
1.0353724558496675
1.0353724558496675
1.0341383053514248
1.0341383053514248
1.0343655012325723
1.0343655012325723
1.0350109375439567
1.0347474978854614
1.0347474978854614
1.0358283106896475
1.0358283106896475
1.0341447067581369
1.0331024163566624
1.0331024163566624
1.032487075559685
1.032487075559685
1.032487075559685
1.032487075559685
1.032487075559685
1.032487075559685
1.0324261431267683
1.0324261431267683
1.0324261431267683
1.031441181238753
1.031441181238753
1.031441181238753
1.031441181238753
1.031441181238753
1.0332265245191348
1.0332265245191348
1.0328919707166335
1.03232388413334
1.03232388413334
1.03232388413334
1.032624098471052
1.032624098471052
1.033052170226813
1.033052170226813
1.033052170226813
1.033052170226813
1.033052170226813
1.033052170226813
1.033052170226813
1.033052170226813
1.0345832946138909
1.0345832946138909
1.0345832946138909
1.030096060649126
1.030096060649126
1.030096060649126
1.030096060649126
1.030096060649126
1.0295317108036421
1.0295317108036421
1.0295317108036421
1.0312819251438257
1.032759054024446
1.0312121146797568
1.030225712125188
1.0291713511232516
1.0305141140071297
1.0305141140071297
1.0305141140071297
1.0305141140071297
1.0305141140071297
1.0292227939977305
1.0301974368948519
1.0308387515580857
1.0308387515580857
1.0295722950192536
1.0295722950192536
1.0295722950192536
1.0295722950192536
1.0295722950192536
1.0295722950192536
1.0295722950192536
1.0295722950192536
1.028869725029781
1.0303676215510327
1.0303676215510327
1.0306571308294983
1.0306571308294983
1.0321444001136333
1.029770476646984
1.0302941988783771
1.0303994606920917
1.0303994606920917
1.0303994606920917
1.0303994606920917
1.0307873587101761
1.0307873587101761
1.0307873587101761
1.027060740009172
1.027060740009172
1.027060740009172
1.027060740009172
1.026562113947026
1.026562113947026
1.0259174936663562
1.0279022585705704
1.0279022585705704
1.0279022585705704
1.0284219470031322
1.0284219470031322
1.0284219470031322
1.0284420785170056
1.0284420785170056
1.027245150700623
1.027245150700623
1.027245150700623
1.027245150700623
1.027245150700623
1.027245150700623
1.0272271515522622
1.0262886801308275
1.0291624468536216
1.0291624468536216
1.0293400796040608
1.0298026154754336
1.0298026154754336
1.0307016894534042
1.0308599547423587
1.032153140079871
1.0330018122185833
1.0326789062430004
1.0295806326249828
1.030619482071046
1.0323112174381164
1.0323112174381164
1.0323112174381164
1.034256801609204
1.034256801609204
1.034256801609204
1.0308704556857875
1.029201277191516
1.029649462213691
1.029649462213691
1.029649462213691
1.0317376234682092
1.0317376234682092
1.0317376234682092
1.0309254273170874
1.0301864243308252
1.0285329619192822
1.0285329619192822
1.0319132187941282
1.0319132187941282
1.0319132187941282
1.033444569656493
1.033444569656493
1.0330184213956946
1.0330184213956946
1.0330184213956946
1.0346253778035053
1.034826437322513
1.034826437322513
1.034826437322513
1.0321289586347642
1.0321289586347642
1.0321289586347642
1.0321289586347642
1.031097241759714
1.031097241759714
1.0319134779239498
1.0319134779239498
1.031678091859966
1.0320928561498968
1.0320928561498968
1.030514166631128
1.030514166631128
1.030514166631128
1.030514166631128
1.030514166631128
1.0332718646634884
1.0334113581962208
1.0316299135188514
1.0316299135188514
1.0324604786489215
1.0324604786489215
1.034052399535078
1.0349165067821569
1.0349165067821569
1.0315677368731002
1.0315677368731002
1.028881392666954
1.028881392666954
1.028881392666954
1.028881392666954
1.0281456723333164
1.0281456723333164
1.027882826653669
1.027882826653669
1.0308653929505314
1.0308653929505314
1.0308653929505314
1.0315351946636582
1.0315351946636582
1.0315351946636582
1.0325212430312225
1.0325212430312225
1.0328895944153758
1.0318802030862917
1.0318802030862917
1.0318802030862917
1.0318802030862917
1.0318802030862917
1.0318802030862917
1.0318802030862917
1.0318802030862917
1.0320673303761534
1.0353441803754606
1.032568761094729
1.032568761094729
1.0318490629578752
1.0318490629578752
1.0318490629578752
1.0318490629578752
1.0318490629578752
1.028362000473594
1.0292772808754338
1.0292772808754338
1.0292772808754338
1.029872930207793
1.02932125830085
1.030828456749168
1.031353462804503
1.0320374960648562
1.0320374960648562
1.0320374960648562
1.0320374960648562
1.0320374960648562
1.0315157466337521
1.0311587546778187
1.0328723283693024
1.0328723283693024
1.0328723283693024
1.0331428058605985
1.031171738972351
1.0305806194331695
1.0321971311022924
1.0308706248536008
1.0305927952606668
1.0318339428102161
1.0318339428102161
1.0314837594695887
1.0314837594695887
1.0337062901684957
1.0324254952017011
1.0324254952017011
1.0317662814227724
1.0317662814227724
1.0344241023947367
1.0337711995317462
1.0337711995317462
1.0337711995317462
1.0337711995317462
1.0336929678757614
1.0336929678757614
1.0336929678757614
1.0336929678757614
1.0336929678757614
1.0336929678757614
1.0351239166920063
1.0351239166920063
1.0351239166920063
1.0351239166920063
1.0341099178273705
1.0341099178273705
1.0341099178273705
1.0358515565091158
1.035507608917309
1.035507608917309
1.0344927644464903
1.0344927644464903
1.035589941382793
1.0328917548208363
1.0328917548208363
1.0328917548208363
1.0328917548208363
1.0328917548208363
1.0328917548208363
1.0328917548208363
1.0328917548208363
1.0338563919919104
1.0353107323850965
1.0357466621459346
1.0376532996163892
1.0376532996163892
1.0376532996163892
1.0376532996163892
1.0370552135111544
1.0370552135111544
1.0370552135111544
1.0373767742742679
1.0350697945290754
1.0371018729801444
1.0371018729801444
1.0371018729801444
1.0369999458504031
1.0369999458504031
1.0369999458504031
1.0369999458504031
1.0369999458504031
1.037523002768563
1.037523002768563
1.0376137932352205
1.0376137932352205
1.0376137932352205
1.0376137932352205
1.0376137932352205
1.0378360015122252
1.0378360015122252
1.0378360015122252
1.0378360015122252
1.0361267465861257
1.0361267465861257
1.0361267465861257
1.0361267465861257
1.035257244309781
1.035257244309781
1.035257244309781
1.0364268657091118
1.0364268657091118
1.0364268657091118
1.0364268657091118
1.0366128502950935
1.0366128502950935
1.0373012758482643
1.0373012758482643
1.0373012758482643
1.0376975719737456
1.0376975719737456
1.0394518679639233
1.0394518679639233
1.0394518679639233
1.0394518679639233
1.0394518679639233
1.038079960240268
1.038079960240268
1.038079960240268
1.0366093320379313
1.0366093320379313
1.0353901109461383
1.0353901109461383
1.0382817077612552
1.0382817077612552
1.0373044163966278
1.0373044163966278
1.0373044163966278
1.0353297581295937
1.0353297581295937
1.0363208993115223
1.0363208993115223
1.0363208993115223
1.0335245073107024
1.035501826075714
1.037031321839456
1.0336333157321556
1.0341041353742964
1.0341041353742964
1.0341041353742964
1.0318997436556
1.0318997436556
1.0334783179921567
1.0334783179921567
1.0353796727222624
1.0353796727222624
1.0353796727222624
1.0353796727222624
1.0353796727222624
1.0353796727222624
1.0353796727222624
1.0353796727222624
1.0353796727222624
1.0360272014795846
1.0360272014795846
1.0351847671810797
1.0355767752951028
1.0355767752951028
1.0347398960602436
1.0347398960602436
1.0347398960602436
1.0349248744903654
1.0341972158228927
1.0341972158228927
1.0362614329481288
1.0374657104419192
1.0378305521523663
1.0371122674715227
1.036679397168882
1.0357347923819369
1.0357347923819369
1.0367937823229052
1.0344782003501565
1.0332122719813788
1.033290898028708
1.033290898028708
1.033290898028708
1.033290898028708
1.033290898028708
1.033290898028708
1.033290898028708
1.033290898028708
1.033290898028708
1.033290898028708
1.0345270250092438
1.0316453141593271
1.0355486567676315
1.0355486567676315
1.0355486567676315
1.0355486567676315
1.0355486567676315
1.034807398981772
1.0345029208637566
1.0345029208637566
1.0345029208637566
1.0345029208637566
1.036815176585749
1.036815176585749
1.0377242405339508
1.0377242405339508
1.0377242405339508
1.036961935492155
1.036961935492155
1.036961935492155
1.036961935492155
1.0358359986445282
1.0358359986445282
1.0351752263230805
1.0351752263230805
1.0365164845186063
1.0365164845186063
1.0365164845186063
1.0398606471605782
1.0398606471605782
1.0398606471605782
1.0398606471605782
1.0369529022027062
1.0375209455025836
1.0343507797094924
1.0343507797094924
1.0343507797094924
1.0343507797094924
1.0343507797094924
1.0327515230445987
1.0321727996445913
1.0321727996445913
1.0321727996445913
1.031862057949801
1.031862057949801
1.0310523669512413
1.0310523669512413
1.0310523669512413
1.0310523669512413
1.0324941878863574
1.0324941878863574
1.0360048079094015
1.0360048079094015
1.0360048079094015
1.0360048079094015
1.0360048079094015
1.0355176699985724
1.0355176699985724
1.0363783543521619
1.0378073905102394
1.0330076899847143
1.0317669063391472
1.0344704945020382
1.0344704945020382
1.0356481362915733
1.035336476595333
1.035336476595333
1.035336476595333
1.0326374125512827
1.0326374125512827
1.0326374125512827
1.0326374125512827
1.0346348511834522
1.0369018060788717
1.0369018060788717
1.0387098115956859
1.0393619747914535
1.037744406378395
1.037744406378395
1.037744406378395
1.0402862034618694
1.041244525114864
1.041244525114864
1.041244525114864
1.0345316094569215
1.0358313697529067
1.0358313697529067
1.036212603360624
1.035623134069337
1.0346139229241942
1.0346139229241942
1.0346139229241942
1.0346139229241942
1.0345255719240305
1.0345255719240305
1.0345255719240305
1.0317309689875993
1.033361981398005
1.033361981398005
1.034844604471996
1.0329773219404976
1.0329773219404976
1.0329773219404976
1.0329773219404976
1.0329773219404976
1.03319423873804
1.03319423873804
1.03319423873804
1.0339406291891287
1.0339406291891287
1.0339406291891287
1.0339406291891287
1.0339406291891287
1.036512196287304
1.0335343216686155
1.0335343216686155
1.0335522795517162
1.0351039854469277
1.0351039854469277
1.0322807687725286
1.0322807687725286
1.0322807687725286
1.0322807687725286
1.0350487793603078
1.0351036186788134
1.0348434869861074
1.0348434869861074
1.0348434869861074
1.030181980515619
1.030181980515619
1.030181980515619
1.030181980515619
1.0320720091694164
1.0320720091694164
1.0349585034793278
1.033187234684583
1.0337247422664944
1.0338793998246147
1.0338793998246147
1.0338793998246147
1.0338793998246147
1.0346559482624715
1.0346559482624715
1.0346559482624715
1.0347164869749548
1.0319258419055042
1.0319258419055042
1.0319258419055042
1.0319258419055042
1.032971976509044
1.032971976509044
1.0324163437491047
1.0351280522100803
1.0344371552033453
1.0344371552033453
1.0344371552033453
1.0344371552033453
1.0344371552033453
1.0351979399490319
1.0351979399490319
1.0351979399490319
1.0351979399490319
1.0351979399490319
1.0359997237312863
1.0359226008166345
1.0365317669672034
1.0365317669672034
1.0378959636532386
1.0378959636532386
1.0378959636532386
1.0350687177493094
1.0350687177493094
1.0350415733915646
1.0350415733915646
1.0350415733915646
1.0350415733915646
1.0351227638542588
1.0351227638542588
1.0351227638542588
1.0376158950595202
1.0349921486040672
1.034278465564697
1.034278465564697
1.033515900786886
1.033515900786886
1.0339760504268445
1.0339760504268445
1.0339760504268445
1.035704561833579
1.035704561833579
1.0350641424451432
1.0350641424451432
1.0350641424451432
1.0350641424451432
1.0366056020751102
1.0366056020751102
1.0366056020751102
1.0366056020751102
1.0366102749142012
1.0338483560500222
1.0338483560500222
1.0338483560500222
1.033735217006651
1.0316704952221125
1.03197653347098
1.03197653347098
1.03197653347098
1.03197653347098
1.03197653347098
1.0319647132983392
1.0319647132983392
1.0319647132983392
1.0319647132983392
1.0319647132983392
1.03218900731559
1.03218900731559
1.03218900731559
1.03218900731559
1.034398825011889
1.034398825011889
1.0325209100981876
1.0304391957517915
1.0304391957517915
1.0306762372338856
1.0320546236708303
1.0335539684464417
1.0335539684464417
1.0335539684464417
1.0335539684464417
1.0335539684464417
1.0335539684464417
1.0335539684464417
1.0335539684464417
1.0335782754979919
1.03241947258739
1.03241947258739
1.03241947258739
1.0343890295559426
1.032052915369707
1.032052915369707
1.032052915369707
1.032052915369707
1.0309429758130422
1.0309429758130422
1.0309429758130422
1.0309429758130422
1.0288381973499356
1.0288381973499356
1.0288381973499356
1.028970241217912
1.028970241217912
1.0280098586908544
1.0289557302997725
1.0319647414661974
1.0319647414661974
1.0319647414661974
1.028396723072957
1.028396723072957
1.02937714724386
1.0298122460583234
1.0298122460583234
1.0298122460583234
1.0298122460583234
1.0298122460583234
1.0298122460583234
1.0298122460583234
1.028163836286826
1.028163836286826
1.0298244932466702
1.0308691854919385
1.0316751277035667
1.0316751277035667
1.0316751277035667
1.0323555469210342
1.0323555469210342
1.0323555469210342
1.0315415279625373
1.0315415279625373
1.0315415279625373
1.0315415279625373
1.0296213228726714
1.0296213228726714
1.0285812778852237
1.0284840274603728
1.030482689152188
1.0319799873354327
1.0319799873354327
1.0319799873354327
1.0319799873354327
1.0319799873354327
1.0329400991176023
1.0315933046400272
1.0315933046400272
1.0315933046400272
1.0315933046400272
1.0321295088864009
1.0323879766181592
1.0323879766181592
1.0323879766181592
1.0323879766181592
1.0311329632791009
1.031576136367303
1.031576136367303
1.0311535496099054
1.0295393334188556
1.0295393334188556
1.0295393334188556
1.0295393334188556
1.0298025247318159
1.0298025247318159
1.0298025247318159
1.027657223495778
1.027657223495778
1.0262598580138205
1.0261143961619346
1.0255851078250002
1.0255851078250002
1.0252023064917475
1.0279597613914957
1.0281376779281681
1.0281376779281681
1.0281376779281681
1.026578780103755
1.026578780103755
1.026578780103755
1.026578780103755
1.026578780103755
1.026578780103755
1.026578780103755
1.0284606313167821
1.0284606313167821
1.0284606313167821
1.0284606313167821
1.0284606313167821
1.0302219786167843
1.0302219786167843
1.0302219786167843
1.0302219786167843
1.0302219786167843
1.032776634800818
1.031953377094897
1.031953377094897
1.031953377094897
1.0331706029175531
1.0340849025447219
1.0314377140838022
1.0314377140838022
1.0314377140838022
1.0314377140838022
1.0314377140838022
1.0314377140838022
1.0314377140838022
1.031622119031833
1.031622119031833
1.031622119031833
1.031622119031833
1.03186234663309
1.03186234663309
1.03186234663309
1.03186234663309
1.03186234663309
1.03186234663309
1.03186234663309
1.03186234663309
1.0301726438656307
1.0286442091852173
1.0286442091852173
1.0286442091852173
1.0296864424560273
1.0317595765457974
1.0304626392727358
1.0304626392727358
1.0304782805528059
1.0312132643589962
1.0297569504160504
1.0300655115399886
1.0291101871659676
1.031323156233201
1.0310923742453337
1.0332054809109503
1.0332054809109503
1.0334055572799943
1.0334055572799943
1.0334055572799943
1.0334055572799943
1.0334055572799943
1.0334055572799943
1.0334055572799943
1.0334055572799943
1.0334055572799943
1.0340402483857511
1.0340402483857511
1.0340402483857511
1.0340402483857511
1.0340402483857511
1.0356868214722097
1.0349911342851699
1.0352900592923353
1.0352900592923353
1.0352900592923353
1.0352900592923353
1.0331752307052757
1.0333593753115715
1.0333593753115715
1.0321996426450457
1.0313802812973447
1.0313802812973447
1.0313802812973447
1.0313802812973447
1.030371233993539
1.030371233993539
1.030371233993539
1.030371233993539
1.030371233993539
1.0313656783551792
1.0313656783551792
1.0313656783551792
1.03293530521486
1.03293530521486
1.03293530521486
1.03293530521486
1.0328405681369326
1.0328405681369326
1.0328405681369326
1.0343040944835937
1.0343040944835937
1.033870184270545
1.033870184270545
1.0355137159548444
1.0355137159548444
1.0355137159548444
1.0355137159548444
1.0372075968011665
1.037209916141984
1.0368676766302127
1.036008564340383
1.036008564340383
1.036008564340383
1.0356074857724817
1.032690666308329
1.032690666308329
1.0332580693627005
1.0332580693627005
1.0308826930655026
1.0308826930655026
1.0308826930655026
1.0308826930655026
1.0323282219225782
1.0323282219225782
1.0323282219225782
1.0323282219225782
1.0323282219225782
1.0311057461231588
1.0311057461231588
1.0311057461231588
1.0311057461231588
1.031487729356514
1.0303797036230407
1.0303797036230407
1.033400129352002
1.03337165289382
1.03337165289382
1.0327587267922587
1.0327587267922587
1.0314738989584993
1.0314738989584993
1.0314738989584993
1.0314738989584993
1.0314738989584993
1.0314738989584993
1.0321777307977056
1.0308230027619105
1.0308230027619105
1.032337851316468
1.0343507939306313
1.0343507939306313
1.035664135645228
1.0358741793821937
1.0323588745596664
1.0344948565832714
1.0344948565832714
1.0319397926655074
1.0307300653409457
1.0307300653409457
1.0307300653409457
1.0307300653409457
1.0307300653409457
1.0307300653409457
1.0307300653409457
1.0298850031844058
1.0305809800436523
1.0307261165273596
1.0307261165273596
1.0307261165273596
1.0307261165273596
1.0307261165273596
1.0307261165273596
1.0307261165273596
1.0318045453961855
1.0318045453961855
1.031425254686377
1.031425254686377
1.031425254686377
1.031425254686377
1.031425254686377
1.0306346462406841
1.0315770197887892
1.0315770197887892
1.0315770197887892
1.0315770197887892
1.0288031242674862
1.0282413871747162
1.0282413871747162
1.0275480559378543
1.031643795092751
1.0290520993074646
1.0290520993074646
1.029256485923423
1.0307068221244708
1.029062741918746
1.029062741918746
1.029062741918746
1.029062741918746
1.029062741918746
1.028499446206206
1.0295740911520161
1.0295740911520161
1.030138190410531
1.030138190410531
1.0319219738100907
1.0319219738100907
1.0319219738100907
1.0319219738100907
1.0330204867295438
1.0314033148015875
1.0308757707701646
1.0308757707701646
1.0287467185597237
1.0287467185597237
1.0287467185597237
1.0287467185597237
1.0275793073457742
1.0275793073457742
1.0275793073457742
1.0275793073457742
1.0268162120142428
1.0268162120142428
1.025842009937421
1.0255811472853391
1.027379296559927
1.027379296559927
1.0264434600512944
1.0264434600512944
1.0264434600512944
1.0264434600512944
1.024282810655732
1.024282810655732
1.0255554358324739
1.0256806580093774
1.027227490471521
1.0254961238966704
1.0254961238966704
1.0254961238966704
1.0254961238966704
1.0262085388435414
1.0262085388435414
1.0262085388435414
1.0262085388435414
1.0262085388435414
1.0262085388435414
1.0256935674365855
1.0265414615839101
1.0262712959635587
1.0290635033508932
1.0283210162766039
1.0283210162766039
1.0283210162766039
1.0283210162766039
1.0295709167232852
1.0295709167232852
1.0295709167232852
1.0295709167232852
1.0305522161270786
1.0305522161270786
1.0305522161270786
1.0305522161270786
1.0305522161270786
1.033186479953887
1.033186479953887
1.033186479953887
1.033186479953887
1.033239852763175
1.0304515769693463
1.0304515769693463
1.0297126283366858
1.0283555863776737
1.0286207217136558
1.0286207217136558
1.0286207217136558
1.02820129548606
1.02820129548606
1.0302659443459907
1.0302659443459907
1.0302659443459907
1.0302659443459907
1.02924432801155
1.0278341864917653
1.0277712710761797
1.0263476856544214
1.0263476856544214
1.0263476856544214
1.02677883205987
1.0271396582081134
1.0271396582081134
1.0271396582081134
1.0271396582081134
1.0271396582081134
1.0271396582081134
1.0271396582081134
1.0294485227515626
1.0294485227515626
1.0298459110880425
1.0298459110880425
1.0298459110880425
1.0320177917800757
1.032924437492432
1.032924437492432
1.032924437492432
1.0345266216278381
1.0345266216278381
1.032863877580215
1.032863877580215
1.032863877580215
1.032863877580215
1.0373349488127361
1.0368690817207873
1.038819876663604
1.038819876663604
1.0362501452724167
1.0362501452724167
1.0362501452724167
1.0339969817216081
1.030050504846082
1.032053298772309
1.0340949885234891
1.0340949885234891
1.0340949885234891
1.038409514951921
1.038409514951921
1.0389178152680587
1.0389178152680587
1.0395029130966276
1.0395029130966276
1.0391185879606921
1.0391185879606921
1.0391185879606921
1.0391185879606921
1.0391185879606921
1.0366132756714213
1.0366852790107286
1.0366852790107286
1.0350013824652544
1.0350013824652544
1.0339915046055281
1.0339915046055281
1.0339915046055281
1.0339915046055281
1.0339915046055281
1.0306156067594
1.0306156067594
1.0325628733693966
1.0325628733693966
1.0329115021445965
1.0329115021445965
1.0329115021445965
1.0329115021445965
1.0336990600748999
1.0342623927703298
1.0342623927703298
1.0311719789575464
1.0341906050862755
1.0348475431294613
1.0348475431294613
1.0348475431294613
1.032763125360569
1.033212325210749
1.033212325210749
1.0343354675142562
1.0330027421628543
1.0330027421628543
1.0350574426470684
1.0363584966393204
1.0363584966393204
1.0362181057050297
1.0362181057050297
1.0362181057050297
1.0362181057050297
1.0362181057050297
1.0362181057050297
1.036887663017356
1.0356058726684787
1.032646968439353
1.0341332706839785
1.034038526679046
1.0327450825589235
1.0344307961922052
1.0344307961922052
1.032065827025796
1.032068326217427
1.032068326217427
1.031605120564731
1.031605120564731
1.031605120564731
1.0324761942261311
1.0337250127873627
1.0337250127873627
1.0337250127873627
1.0337250127873627
1.0337250127873627
1.0337250127873627
1.0337250127873627
1.034318352188026
1.034318352188026
1.0349832086151844
1.0372567089265887
1.0372567089265887
1.0372567089265887
1.0372567089265887
1.0363237603494941
1.0372241002536513
1.0372241002536513
1.0392766093797936
1.0392766093797936
1.0400905208984614
1.0400905208984614
1.038604971946224
1.038604971946224
1.0379444448768207
1.0379444448768207
1.0373250776021634
1.0350715052318105
1.0350715052318105
1.0352310235225184
1.0352310235225184
1.0346451907571774
1.0323644062577888
1.0323644062577888
1.032106761850063
1.032106761850063
1.032106761850063
1.032106761850063
1.0296439938033946
1.0325137805438616
1.0325137805438616
1.0325137805438616
1.0296922640745674
1.0296922640745674
1.0269433414755587
1.0277807554719616
1.02822548906844
1.02822548906844
1.02822548906844
1.02822548906844
1.02822548906844
1.02822548906844
1.02822548906844
1.02822548906844
1.02822548906844
1.02822548906844
1.02822548906844
1.0270167371433376
1.027917104217299
1.027917104217299
1.027917104217299
1.0308012254414995
1.031842087258321
1.031842087258321
1.031842087258321
1.0331614081603875
1.0331614081603875
1.0331614081603875
1.0331614081603875
1.0351759512694032
1.0351759512694032
1.0351759512694032
1.0343695181612687
1.0338878596489154
1.0343233006871853
1.0360572662116392
1.0360572662116392
1.0360572662116392
1.0360572662116392
1.0360572662116392
1.0360572662116392
1.0344733201481355
1.0344733201481355
1.0349759601953046
1.0349759601953046
1.035872261248122
1.035872261248122
1.035872261248122
1.035872261248122
1.035872261248122
1.035872261248122
1.035872261248122
1.0357067158915025
1.0357067158915025
1.0357067158915025
1.0357067158915025
1.0357067158915025
1.0357067158915025
1.0370538141639705
1.0370538141639705
1.0370538141639705
1.0370538141639705
1.0370538141639705
1.037602742474358
1.037602742474358
1.03680446561425
1.03680446561425
1.03680446561425
1.0365073769739426
1.0365073769739426
1.0365073769739426
1.0374000057058064
1.0374000057058064
1.0384466468382667
1.0384466468382667
1.0384466468382667
1.0384466468382667
1.0384466468382667
1.0381518637950435
1.0387766211741563
1.0387766211741563
1.0387766211741563
1.0387766211741563
1.0358077302187496
1.035968391245705
1.035968391245705
1.0365360683098257
1.0365360683098257
1.0377406468151917
1.0374191023363803
1.0368796151704567
1.0368796151704567
1.0373502855718948
1.0363425973226177
1.0350507932808533
1.0350507932808533
1.0334685341980447
1.0334685341980447
1.0334685341980447
1.0330406183638245
1.034956410797744
1.0365781608150542
1.0365781608150542
1.0365781608150542
1.0365781608150542
1.0354444791756356
1.0354444791756356
1.0354444791756356
1.0354444791756356
1.0354444791756356
1.0354444791756356
1.0354444791756356
1.0335478182468592
1.0335478182468592
1.035453326839381
1.035453326839381
1.0347380113632751
1.0347380113632751
1.0347380113632751
1.0347380113632751
1.0347380113632751
1.0368209747567283
1.0352305494924015
1.0352305494924015
1.0352305494924015
1.0345852461793896
1.034451081512966
1.034451081512966
1.034451081512966
1.034451081512966
1.034451081512966
1.0350038815524292
1.0350038815524292
1.0339851431387832
1.0328516555971663
1.031121920034316
1.031121920034316
1.031121920034316
1.032929898371533
1.0340037214966018
1.0340037214966018
1.033148981989356
1.029758231885265
1.032541308695221
1.032541308695221
1.032541308695221
1.0293357329494088
1.030621677642001
1.0292347786737162
1.0292534935379372
1.0292534935379372
1.0292534935379372
1.0292534935379372
1.0281797343854904
1.0283641992817387
1.0283641992817387
1.0294764116341106
1.0294764116341106
1.0294764116341106
1.0294764116341106
1.0294764116341106
1.0294764116341106
1.0294764116341106
1.0297973843569839
1.0297973843569839
1.0297973843569839
1.0297973843569839
1.029777225970975
1.029777225970975
1.029777225970975
1.0302371161236459
1.0302518166872354
1.0302518166872354
1.0302518166872354
1.0286159005316238
1.0286159005316238
1.0286159005316238
1.0286159005316238
1.027978806473549
1.027978806473549
1.0284252910494227
1.0284252910494227
1.0284252910494227
1.0284252910494227
1.0284252910494227
1.0284252910494227
1.0272509653644728
1.0272509653644728
1.0272509653644728
1.0272509653644728
1.0272509653644728
1.0272509653644728
1.0272509653644728
1.0282467910379587
1.0291847177123277
1.032383165728828
1.032024715870766
1.032024715870766
1.032024715870766
1.0304196129807393
1.0313140765163595
1.0313140765163595
1.036062113353064
1.035551777830895
1.035551777830895
1.035551777830895
1.035551777830895
1.033285952862833
1.033285952862833
1.032110930557763
1.032110930557763
1.032110930557763
1.0322187584520914
1.030569478680629
1.028003591254214
1.028003591254214
1.028003591254214
1.028003591254214
1.028003591254214
1.028003591254214
1.028003591254214
1.0288024778094953
1.029532569495425
1.029532569495425
1.0317188502515824
1.031488882395659
1.0323030071332457
1.0353392533409889
1.0353392533409889
1.0353392533409889
1.0335781094267869
1.0328551080121577
1.0323278753736516
1.0323278753736516
1.029813711000936
1.029813711000936
1.027759998579504
1.027759998579504
1.0284828456388453
1.0302906877563947
1.0302906877563947
1.0302906877563947
1.0314357717368752
1.0314357717368752
1.031323247822343
1.031323247822343
1.031323247822343
1.0317366655225793
1.0317366655225793
1.0317366655225793
1.0317366655225793
1.0317366655225793
1.0317366655225793
1.0317366655225793
1.0317366655225793
1.0329934041836843
1.0329934041836843
1.0332900277458656
1.0332900277458656
1.0303813298007776
1.0326551133900876
1.0326551133900876
1.0326551133900876
1.0316920099706137
1.0316920099706137
1.0316920099706137
1.0316920099706137
1.0316920099706137
1.0308418019409542
1.0308418019409542
1.0308418019409542
1.0321582151279098
1.0321582151279098
1.0321582151279098
1.0321582151279098
1.0327573950875766
1.0327573950875766
1.030085849015485
1.030477292892233
1.0300211704942426
1.0300211704942426
1.0300211704942426
1.0287626586787249
1.0287626586787249
1.0278416310411034
1.0293598960231234
1.0316076002703716
1.0334382650466214
1.0320537061392498
1.0336516681059
1.0309083587337171
1.0309083587337171
1.0309083587337171
1.0309083587337171
1.030534876896107
1.030534876896107
1.030566922408873
1.030325860003761
1.030325860003761
1.0311449759430513
1.0310924109047164
1.0310924109047164
1.0310924109047164
1.032426948526087
1.032426948526087
1.032426948526087
1.0323113087310751
1.0323113087310751
1.0311581727559602
1.0313246827182596
1.0313246827182596
1.0310022229117415
1.0310022229117415
1.0310022229117415
1.0310022229117415
1.030788598272034
1.030788598272034
1.030788598272034
1.0349498427294548
1.0349498427294548
1.0337181956209835
1.0337181956209835
1.0337181956209835
1.0337181956209835
1.0337181956209835
1.0319452612105033
1.0319452612105033
1.032970117118889
1.0349966480240942
1.0349966480240942
1.0335448496659865
1.0330714165713388
1.0330229035331215
1.0330229035331215
1.0317739648918143
1.0320590379110637
1.0313694833007798
1.0313694833007798
1.0310383959473088
1.031313094410431
1.031313094410431
1.031313094410431
1.031313094410431
1.0330267062574892
1.0326627911536383
1.0326627911536383
1.0352163464803157
1.0352163464803157
1.0338493793559775
1.032656197202727
1.0318256731968714
1.0318256731968714
1.03107270800397
1.0303747351503378
1.0303747351503378
1.0309399485251542
1.0309399485251542
1.028483083607546
1.0297653534249065
1.0297653534249065
1.0297653534249065
1.0297653534249065
1.0297653534249065
1.0320610685079552
1.0320236578374722
1.0320236578374722
1.0353634625291601
1.0353634625291601
1.034876272226031
1.034876272226031
1.034876272226031
1.034876272226031
1.0327408241203266
1.0326823354917212
1.0326823354917212
1.0336571080306016
1.0321020620865644
1.0336699908801632
1.0336699908801632
1.0336699908801632
1.0336699908801632
1.0330567606386174
1.0330567606386174
1.0330567606386174
1.0330567606386174
1.0330567606386174
1.0330567606386174
1.0330567606386174
1.032015358815438
1.0337079268375595
1.0337079268375595
1.0327419626137404
1.0318375531718644
1.0318375531718644
1.0318375531718644
1.0318375531718644
1.0322406723994353
1.0327603831814336
1.0328461641018878
1.0328461641018878
1.0368942632551805
1.0368942632551805
1.037356436285164
1.037356436285164
1.037356436285164
1.037356436285164
1.0340967454994268
1.0335402610702442
1.0333288296804437
1.0333288296804437
1.0333288296804437
1.0333288296804437
1.0338668571233127
1.0338668571233127
1.0338668571233127
1.0332907688529778
1.0332907688529778
1.0332907688529778
1.0338820029895053
1.032655032548309
1.032655032548309
1.032655032548309
1.032655032548309
1.033992965552009
1.0344091750788706
1.0344091750788706
1.032566162304732
1.032566162304732
1.0325875228228365
1.0325878070454724
1.0313017006783516
1.031655630665367
1.031655630665367
1.031655630665367
1.031655630665367
1.031655630665367
1.031655630665367
1.031655630665367
1.0317853624902174
1.0317853624902174
1.0317853624902174
1.0317853624902174
1.0317853624902174
1.0317853624902174
1.0317853624902174
1.0320147787131622
1.0313086982836202
1.028393507059331
1.028393507059331
1.028393507059331
1.028393507059331
1.028393507059331
1.028393507059331
1.028393507059331
1.0285053665524313
1.03314986613095
1.0292419345587365
1.0292419345587365
1.0292419345587365
1.0290457988081612
1.0290457988081612
1.0321218121273577
1.029451164500536
1.029451164500536
1.0296556792241567
1.0299012170855886
1.0299012170855886
1.0291729982289493
1.0303772825010213
1.0309592873149456
1.0309592873149456
1.0309592873149456
1.0309592873149456
1.0309592873149456
1.0318268389644485
1.0318268389644485
1.0311705766543653
1.0310553750613995
1.0310433070410463
1.031926425967499
1.0324840997370128
1.0321320397293718
1.0321320397293718
1.0321320397293718
1.0321320397293718
1.0324478513770934
1.0324478513770934
1.0324478513770934
1.0324478513770934
1.0324478513770934
1.0329412967280742
1.0335573790780344
1.0329221207026147
1.0329221207026147
1.0329221207026147
1.0329221207026147
1.0302091399344575
1.0302091399344575
1.0291142381141043
1.029910295748077
1.0302727101807267
1.0306344228931923
1.0313662172488323
1.0313662172488323
1.0313662172488323
1.0313662172488323
1.0313662172488323
1.0313662172488323
1.0313662172488323
1.0313662172488323
1.0313662172488323
1.0313662172488323
1.0294996975140145
1.031203791823456
1.031203791823456
1.031203791823456
1.031203791823456
1.031203791823456
1.031203791823456
1.031203791823456
1.0302456427151219
1.030577026600748
1.0289383632355829
1.0289383632355829
1.0289383632355829
1.0289383632355829
1.0289383632355829
1.030039739596897
1.030039739596897
1.0303721602266487
1.0342618353239184
1.0342618353239184
1.0351216233805232
1.0351216233805232
1.0336927714659876
1.032458233895758
1.0330464019158083
1.0330464019158083
1.0309301148875012
1.0309301148875012
1.0309301148875012
1.0309301148875012
1.0309301148875012
1.0296753454860268
1.0326476119491408
1.0326476119491408
1.0326476119491408
1.0326476119491408
1.0330221415763023
1.0330221415763023
1.0330221415763023
1.030485629407821
1.0298537462431352
1.0298537462431352
1.0298537462431352
1.0292410915985135
1.0292410915985135
1.0299600176628896
1.0299600176628896
1.0299600176628896
1.029541712276439
1.0304495226601718
1.0288802540986208
1.030106133916321
1.030106133916321
1.0298522050903942
1.0298522050903942
1.0269341580380076
1.0269341580380076
1.0269341580380076
1.0269341580380076
1.028582048496052
1.028582048496052
1.028582048496052
1.0291544836876476
1.030357173148401
1.030357173148401
1.0311826454354758
1.0311826454354758
1.0311826454354758
1.0311826454354758
1.0312848958755827
1.0312848958755827
1.0281446978203026
1.0281446978203026
1.0281826533935616
1.0281826533935616
1.0281826533935616
1.0281826533935616
1.0281826533935616
1.0281826533935616
1.026539979299898
1.026539979299898
1.026539979299898
1.0268592109529324
1.0268592109529324
1.0255405801919875
1.0247480856374147
1.0247480856374147
1.026363354571053
1.027852221750852
1.027852221750852
1.0292475933118466
1.0300940184715501
1.0282427898431976
1.0268459110578625
1.0282376202321162
1.0310874855327288
1.0310874855327288
1.032467098267643
1.032467098267643
1.032467098267643
1.0310618643633778
1.0310618643633778
1.0311162874972613
1.0319187576775792
1.0319187576775792
1.031116166449249
1.0298899708033398
1.0298899708033398
1.0299800044715097
1.0299800044715097
1.0299800044715097
1.0306144341673036
1.0306144341673036
1.0306144341673036
1.0306144341673036
1.0306144341673036
1.0306144341673036
1.0306144341673036
1.0308521314677042
1.0308521314677042
1.0308521314677042
1.0308521314677042
1.031552799759007
1.0335813880904157
1.0307604005969708
1.0307604005969708
1.0307604005969708
1.0315596573217343
1.0304548380480298
1.0304548380480298
1.0304548380480298
1.0315153379426585
1.0315153379426585
1.0315153379426585
1.0310561000732095
1.0310561000732095
1.031202055552849
1.031202055552849
1.031202055552849
1.0309763374992262
1.0309763374992262
1.0296936460598372
1.0296936460598372
1.03120332577278
1.03120332577278
1.0285110039598233
1.0285110039598233
1.028971449386856
1.028971449386856
1.0303666766871735
1.0314544334946916
1.0314685682030298
1.0316198765097975
1.0316198765097975
1.0316198765097975
1.0316198765097975
1.0316581949598171
1.0316455032838723
1.0309094978724829
1.0309094978724829
1.033141040163063
1.033141040163063
1.033141040163063
1.0317316670450627
1.0303464319746773
1.0299864325231922
1.0312623550486613
1.0310353520311832
1.033736782768913
1.033736782768913
1.0336225512794062
1.0336225512794062
1.0336225512794062
1.0336225512794062
1.0336225512794062
1.0326926227805893
1.0326926227805893
1.0328035679099334
1.0328035679099334
1.0310677369782721
1.031953592015516
1.031953592015516
1.031953592015516
1.031953592015516
1.031120823458435
1.0295218960083907
1.0295218960083907
1.0306899163193448
1.0306899163193448
1.0301794179657866
1.0289400975116263
1.0289400975116263
1.0289400975116263
1.0305572697473826
1.0305572697473826
1.0305572697473826
1.0302222556300267
1.0302222556300267
1.0295516542551113
1.0302813280564127
1.0291482822722056
1.0291482822722056
1.0294588517617413
1.029520499729712
1.029520499729712
1.029520499729712
1.029520499729712
1.029520499729712
1.029520499729712
1.029520499729712
1.029520499729712
1.029520499729712
1.029520499729712
1.029520499729712
1.029520499729712
1.0292272337473478
1.0292272337473478
1.0292272337473478
1.0319172232718343
1.0319172232718343
1.0319172232718343
1.0343805885372053
1.0343805885372053
1.0343805885372053
1.0343805885372053
1.0353920488675854
1.0353920488675854
1.0355783645860566
1.0348639158815658
1.0348722842738574
1.0348722842738574
1.0350916098469365
1.0347642621535418
1.033248629654645
1.0321136022367723
1.029869533526377
1.030989641605
1.030989641605
1.032460665772117
1.032460665772117
1.0300001576249183
1.0297868753824857
1.0297868753824857
1.0335276385097354
1.0326940296043725
1.035654936887466
1.035654936887466
1.035654936887466
1.035654936887466
1.035654936887466
1.035654936887466
1.035654936887466
1.035654936887466
1.0359750193340302
1.0315107290791068
1.0315107290791068
1.0315107290791068
1.0315107290791068
1.0315107290791068
1.0330544632121135
1.0330544632121135
1.032299441632853
1.032299441632853
1.0317893510323641
1.0317893510323641
1.0317893510323641
1.0317893510323641
1.0317893510323641
1.0317893510323641
1.0317893510323641
1.0317893510323641
1.0317893510323641
1.0317893510323641
1.0317893510323641
1.031738708134286
1.031738708134286
1.031738708134286
1.031738708134286
1.031738708134286
1.0361738321358753
1.0361738321358753
1.0361738321358753
1.0343518276991313
1.0343518276991313
1.0343518276991313
1.032170845692407
1.033214058862994
1.033214058862994
1.0316931418151343
1.0316931418151343
1.0316931418151343
1.0316931418151343
1.0297117029853353
1.0297117029853353
1.0297117029853353
1.0315761293904924
1.0315761293904924
1.0315761293904924
1.0289665072042122
1.0306980452637338
1.0318503715269143
1.029342509829641
1.029342509829641
1.029342509829641
1.029342509829641
1.0318569116486853
1.0318569116486853
1.031713288660575
1.031713288660575
1.031713288660575
1.031713288660575
1.0288989722718505
1.0288989722718505
1.0288989722718505
1.0288989722718505
1.0272791935065968
1.0272791935065968
1.026342595939511
1.026342595939511
1.0247856111528142
1.0247856111528142
1.0247856111528142
1.0247856111528142
1.0247856111528142
1.0247856111528142
1.0247856111528142
1.0247856111528142
1.0253016262543564
1.0253016262543564
1.0253016262543564
1.0255755839344278
1.0275715271970378
1.0275715271970378
1.0275715271970378
1.0285761599833068
1.0285761599833068
1.0285761599833068
1.0297550924399568
1.0297550924399568
1.02859672416608
1.02859672416608
1.02859672416608
1.02859672416608
1.02859672416608
1.02859672416608
1.02859672416608
1.02859672416608
1.0340821979682275
1.0339472846279054
1.0338215245507691
1.0338215245507691
1.0338215245507691
1.0338215245507691
1.0319313380528516
1.0319313380528516
1.0319313380528516
1.0319313380528516
1.0319313380528516
1.031295927786877
1.031295927786877
1.031295927786877
1.031295927786877
1.031295927786877
1.0320474395199715
1.0320474395199715
1.0320474395199715
1.0320474395199715
1.0320474395199715
1.0311217241624147
1.0311217241624147
1.0311217241624147
1.0350568115868901
1.0350568115868901
1.0330358813835803
1.034403293781726
1.0349601187284778
1.0335482016573794
1.0335482016573794
1.0335918027630744
1.0340537700336554
1.0340537700336554
1.0326343854100648
1.0323790654784406
1.0323790654784406
1.0328921357115632
1.0328921357115632
1.0330676346468834
1.0330676346468834
1.0325414522179808
1.0325414522179808
1.0325414522179808
1.0325414522179808
1.03472328774513
1.03472328774513
1.03472328774513
1.0337587231683742
1.0337587231683742
1.0337587231683742
1.0337587231683742
1.0337587231683742
1.0337587231683742
1.0333891443663246
1.0333891443663246
1.0333891443663246
1.0318282630842088
1.0318282630842088
1.0305467482124455
1.032163151288895
1.032163151288895
1.031159297311781
1.0313442840740843
1.032163278915779
1.032163278915779
1.032163278915779
1.032163278915779
1.0317012812566442
1.0315218565738544
1.0315218565738544
1.0315218565738544
1.0315218565738544
1.0330406570377968
1.0332511815588041
1.0332511815588041
1.0332511815588041
1.0332511815588041
1.0332511815588041
1.03306674157216
1.03306674157216
1.03306674157216
1.0340397292912233
1.0340397292912233
1.0340397292912233
1.0340397292912233
1.0340397292912233
1.0358260255442306
1.0358260255442306
1.0360463784050864
1.0341654156175155
1.0341654156175155
1.0310138075293245
1.0310138075293245
1.0310138075293245
1.0310138075293245
1.032407951710091
1.032407951710091
1.0348463764478268
1.0348463764478268
1.0348463764478268
1.0348463764478268
1.0346522246906193
1.0346522246906193
1.034599990133953
1.034599990133953
1.0343880127857688
1.0343880127857688
1.0344408710928825
1.0344408710928825
1.0351503907309114
1.036002238866014
1.036002238866014
1.0350675933831481
1.0350675933831481
1.0350675933831481
1.0350675933831481
1.0384564573255761
1.0384564573255761
1.0346408358184507
1.0346408358184507
1.0346408358184507
1.0346408358184507
1.0371985335381084
1.0364348548817055
1.0351669470160383
1.0352552293911255
1.0352552293911255
1.03740012120203
1.0365415662604924
1.0365415662604924
1.0365415662604924
1.0365415662604924
1.0367619017710357
1.0370660395141704
1.0360196411102758
1.0360196411102758
1.0360196411102758
1.0360196411102758
1.0360196411102758
1.0360196411102758
1.0360196411102758
1.0352973653770965
1.0352973653770965
1.03358394372352
1.038104723435604
1.038104723435604
1.038104723435604
1.038104723435604
1.040536282536926
1.040536282536926
1.0396677378931822
1.0384245971325692
1.0384245971325692
1.0367670565722655
1.0367670565722655
1.0367670565722655
1.0367670565722655
1.0367670565722655
1.0364086848027156
1.035520462508775
1.035520462508775
1.035520462508775
1.035520462508775
1.035520462508775
1.035520462508775
1.0327226518111645
1.0327226518111645
1.0327226518111645
1.0327226518111645
1.0328049824214067
