1.0982110293893246
1.0982110293893246
1.0982110293893246
1.0982110293893246
1.0982110293893246
1.0982110293893246
1.0982110293893246
1.0982110293893246
1.0982110293893246
1.0982110293893246
1.0982110293893246
1.0982110293893246
1.0982110293893246
1.0982110293893246
1.0982110293893246
1.0982110293893246
1.0982110293893246
1.0982110293893246
1.0982110293893246
1.0982110293893246
1.0982110293893246
1.0982110293893246
1.0982110293893246
1.0982110293893246
1.0982110293893246
1.0982110293893246
1.0982110293893246
1.0982110293893246
1.0982110293893246
1.0982110293893246
1.0982110293893246
1.0982110293893246
1.0982110293893246
1.0982110293893246
1.0982110293893246
1.0982110293893246
1.0982110293893246
1.0982110293893246
1.0982110293893246
1.0982110293893246
1.0982110293893246
1.0982110293893246
1.0982110293893246
1.0982110293893246
1.0982110293893246
1.0982110293893246
1.0982110293893246
1.0982110293893246
1.0982110293893246
1.0982110293893246
1.0982110293893246
1.0982110293893246
1.0982110293893246
1.0982110293893246
1.0982110293893246
1.0982110293893246
1.0982110293893246
1.0982110293893246
1.0982110293893246
1.0982110293893246
1.0982110293893246
1.0982110293893246
1.0982110293893246
1.0982110293893246
1.0982110293893246
1.0982110293893246
1.0982110293893246
1.0982110293893246
1.0982110293893246
1.0982110293893246
1.0982110293893246
1.0982110293893246
1.0982110293893246
1.0982110293893246
1.0982110293893246
1.0982110293893246
1.0982110293893246
1.0982110293893246
1.0982110293893246
1.0982110293893246
1.0982110293893246
1.0982110293893246
1.0982110293893246
1.0982110293893246
1.0982110293893246
1.0982110293893246
1.0982110293893246
1.0982110293893246
1.0982110293893246
1.0982110293893246
1.0982110293893246
1.0982110293893246
1.0982110293893246
1.0982110293893246
1.0982110293893246
1.0982110293893246
1.0982110293893246
1.0982110293893246
1.0982110293893246
1.104067335193464
1.1044793092590521
1.1044793092590521
1.1051505004406357
1.1046756426238198
1.1076014365679483
1.1055112334519046
1.1055112334519046
1.1081629809248699
1.1064988883520337
1.1066745206762947
1.1066745206762947
1.1028266952998806
1.097571279346528
1.0976565900411046
1.0971210055724725
1.0944508329064526
1.0944508329064526
1.0944508329064526
1.0953956320021139
1.0953956320021139
1.089109267504994
1.0888273248283915
1.0888273248283915
1.087641849028869
1.0892779153686305
1.0892779153686305
1.0881101444993282
1.0881101444993282
1.0866499496428035
1.0888086893764937
1.0888086893764937
1.0885221273753636
1.0861741213598464
1.0861741213598464
1.0819437905135187
1.0814789413553119
1.0814789413553119
1.0814789413553119
1.0814789413553119
1.0814789413553119
1.0819726234591895
1.0820894919456054
1.0820894919456054
1.0750974710101326
1.0750974710101326
1.0750974710101326
1.0744580935889183
1.0744580935889183
1.0728165315563916
1.0728165315563916
1.0746515145927191
1.0746515145927191
1.073545463251309
1.0716921356799203
1.0716921356799203
1.0666800888788848
1.0663389949613913
1.0665164215529168
1.0641940337941145
1.0641940337941145
1.0641940337941145
1.0641940337941145
1.0663310502798293
1.065343123934356
1.0613202771424677
1.0613202771424677
1.0585795782771588
1.0585795782771588
1.0576697306043719
1.0565371052224097
1.0554267681741258
1.0554267681741258
1.0554267681741258
1.0554267681741258
1.0554267681741258
1.0554267681741258
1.0597758505465065
1.0605794808562612
1.0601905693802183
1.0603681194049948
1.0548323778998736
1.0543045931709605
1.0543045931709605
1.053923904750836
1.0528930833741712
1.0528930833741712
1.0528930833741712
1.0523362452585914
1.0495087075381437
1.0495087075381437
1.0495087075381437
1.0467854226284998
1.047134228662046
1.047134228662046
1.0432686671271425
1.0410058143584906
1.0437471008493622
1.0409008328234317
1.0409008328234317
1.0409008328234317
1.0355504489833962
1.0383876845218498
1.0375293046680327
1.0375293046680327
1.037879199918622
1.037879199918622
1.037879199918622
1.039686632838285
1.039686632838285
1.039686632838285
1.039686632838285
1.0358738470624682
1.0358738470624682
1.0358738470624682
1.0358738470624682
1.0371304706355071
1.0373419748711386
1.0394444592804086
1.0394444592804086
1.0394444592804086
1.0394444592804086
1.0383396638352904
1.0347593146178928
1.0347593146178928
1.0378076898519786
1.0378076898519786
1.037818952978405
1.037818952978405
1.037818952978405
1.037818952978405
1.0356508967264006
1.0359073130641512
1.0359073130641512
1.0359073130641512
1.0359073130641512
1.0359073130641512
1.0359073130641512
1.0359073130641512
1.0364157930317117
1.0364157930317117
1.0348206580699972
1.0348206580699972
1.0348206580699972
1.0348206580699972
1.0348206580699972
1.0348206580699972
1.0348206580699972
1.0335603236780475
1.0335603236780475
1.0342979822569696
1.0342979822569696
1.0342979822569696
1.0342979822569696
1.0342979822569696
1.0342979822569696
1.0342979822569696
1.0342979822569696
1.0331181190930558
1.0331181190930558
1.0348997906559942
1.0348997906559942
1.0348997906559942
1.0348997906559942
1.0360449826583231
1.034779377940371
1.0389346041535028
1.0377355660381409
1.0377355660381409
1.0377355660381409
1.0387353324568875
1.0387353324568875
1.0387353324568875
1.0387353324568875
1.040529188037442
1.0383264904426526
1.0383264904426526
1.0400595030443813
1.0400595030443813
1.0400595030443813
1.0400595030443813
1.040397383779889
1.040397383779889
1.040397383779889
1.037652744909252
1.0368800715235178
1.0368800715235178
1.0368800715235178
1.0368800715235178
1.0368800715235178
1.0368800715235178
1.0368800715235178
1.0372359374931939
1.0372359374931939
1.039061309447522
1.0412212957460902
1.0420801502400552
1.0426230316103264
1.0426230316103264
1.0406850992451149
1.0406850992451149
1.0406850992451149
1.040493397352517
1.040493397352517
1.0400167527927349
1.0400167527927349
1.0386074883158583
1.0417316936716234
1.0405438779111589
1.0405438779111589
1.0405438779111589
1.0405438779111589
1.0412782740185833
1.0412782740185833
1.0412782740185833
1.0412782740185833
1.0384960760488535
1.038990520956088
1.038990520956088
1.038990520956088
1.038990520956088
1.0404263153837456
1.041504414459551
1.041504414459551
1.041504414459551
1.041504414459551
1.0401011773380273
1.039844206566354
1.0366411299065215
1.0366411299065215
1.0365981853283983
1.0365981853283983
1.0366037739521672
1.0366037739521672
1.0366037739521672
1.0349569951826316
1.0341995393860701
1.0341995393860701
1.0341995393860701
1.0341995393860701
1.034213507260002
1.034213507260002
1.034213507260002
1.0338961434767728
1.033750418409201
1.0369628779589846
1.037308185069108
1.0390803993035196
1.0390803993035196
1.0390803993035196
1.0390803993035196
1.0390803993035196
1.0390803993035196
1.0377947656747675
1.0375917805929102
1.0368371872549667
1.0368371872549667
1.0368371872549667
1.0355229876229415
1.0344304526437478
1.0344304526437478
1.0324503355933674
1.0324503355933674
1.0324503355933674
1.0324503355933674
1.0324503355933674
1.0324503355933674
1.0324503355933674
1.0318700223435247
1.0319865513526232
1.031225315599884
1.0298992425504752
1.0301551037734735
1.0301551037734735
1.0301551037734735
1.0301551037734735
1.0301551037734735
1.0279733709122703
1.0279733709122703
1.0279733709122703
1.0304150060551294
1.0281448020990325
1.0281448020990325
1.0281448020990325
1.031032312173342
1.0322831180543541
1.0315211057313125
1.028844898340543
1.0298976339963728
1.027042532738393
1.0285819174203952
1.0283060757684261
1.0283060757684261
1.029167314194693
1.029167314194693
1.029167314194693
1.029167314194693
1.0301406397474935
1.0286904055812052
1.0286904055812052
1.0286904055812052
1.0284481502059954
1.0284481502059954
1.0284481502059954
1.0284481502059954
1.0309971527863497
1.0294072489473982
1.0298163496874426
1.0298900900019479
1.0298900900019479
1.0298900900019479
1.0298900900019479
1.0295512477864297
1.0306566298247175
1.0306566298247175
1.0306566298247175
1.0306566298247175
1.0306566298247175
1.0306566298247175
1.026081833836991
1.028541623769291
1.029297977917834
1.0272936985972443
1.0272936985972443
1.0272936985972443
1.0277908177440396
1.0277908177440396
1.0286395688262038
1.0277028746538819
1.0277028746538819
1.0308191381304606
1.0287527822069014
1.0287527822069014
1.0284291028903372
1.0284291028903372
1.0303140729480722
1.031853643818973
1.0309191466707008
1.0312301881114212
1.0316805677739107
1.0316805677739107
1.0316805677739107
1.0316805677739107
1.0318946464433765
1.0324847777320854
1.0324847777320854
1.0324847777320854
1.0324847777320854
1.0326901835333908
1.0315052998066128
1.0315052998066128
1.0315052998066128
1.0315052998066128
1.0315052998066128
1.0315052998066128
1.0315052998066128
1.0293863362919113
1.0279312864019663
1.028566703622118
1.0293758699540556
1.0275083063077664
1.0275083063077664
1.0299002534446506
1.0299002534446506
1.0285367272480648
1.0285367272480648
1.0285367272480648
1.0285367272480648
1.0285367272480648
1.0292898730310163
1.031233880654727
1.031233880654727
1.031233880654727
1.031233880654727
1.0301103947279096
1.0301103947279096
1.0296169305350533
1.0296169305350533
1.0300248113905306
1.0300248113905306
1.0300248113905306
1.0300248113905306
1.0300248113905306
1.0300248113905306
1.0300248113905306
1.0309779618902168
1.0328491116501144
1.0328491116501144
1.0328491116501144
1.0328491116501144
1.034506563028866
1.034506563028866
1.033520266093332
1.033520266093332
1.033520266093332
1.0295607413426826
1.0295607413426826
1.0297323181959641
1.0289627299221664
1.0301564413376645
1.0301564413376645
1.0329282801617665
1.0320603032161195
1.0319927054307934
1.0319927054307934
1.0325144124797456
1.0325144124797456
1.0325144124797456
1.0344016677073866
1.0366166121666445
1.0366166121666445
1.0366166121666445
1.0343519888866533
1.0376601339644795
1.0376601339644795
1.0376601339644795
1.0387879688497086
1.0372379899222195
1.0372379899222195
1.0372379899222195
1.0372379899222195
1.0372379899222195
1.0372379899222195
1.0372379899222195
1.0372379899222195
1.0372379899222195
1.0372379899222195
1.0319519028115687
1.0319519028115687
1.0319519028115687
1.0319519028115687
1.0349982284670372
1.0342205614019784
1.0341161006632895
1.0348648864003034
1.0348648864003034
1.0348648864003034
1.0334665065165978
1.0350486637694196
1.0350486637694196
1.0332054819776384
1.0335829445482605
1.0335829445482605
1.0335829445482605
1.0335829445482605
1.0335829445482605
1.0335829445482605
1.0336758653938407
1.0329891122585864
1.0342896459109525
1.0338260881355197
1.0338260881355197
1.0342882498873598
1.0325049128356365
1.0295166770928177
1.029363962922745
1.029363962922745
1.031948135464215
1.031948135464215
1.0335200361017742
1.0335200361017742
1.0335200361017742
1.0326541046252735
1.0354893360853132
1.0332933142001717
1.0332933142001717
1.034825830237925
1.034825830237925
1.0360711123579445
1.0360711123579445
1.0360711123579445
1.0360711123579445
1.0360711123579445
1.0335490904351152
1.0335490904351152
1.0359380429437741
1.0359380429437741
1.0335115835287452
1.0335115835287452
1.0335115835287452
1.0335115835287452
1.0311221899785201
1.0327159767041125
1.0327159767041125
1.0327159767041125
1.0327159767041125
1.0327159767041125
1.0315730730110824
1.0315392326172899
1.0315392326172899
1.0315392326172899
1.0315392326172899
1.0315392326172899
1.032064153735082
1.0326895682138109
1.0326895682138109
1.0321504414157323
1.03160080018271
1.0312295742404558
1.0345114411722176
1.0322214247580161
1.0315519890566385
1.0301749693087727
1.0304764276673497
1.0304764276673497
1.0317272030520168
1.032515928553197
1.032515928553197
1.032515928553197
1.0333289281259102
1.0333289281259102
1.0320399979378778
1.0342651110556267
1.033919316556451
1.033919316556451
1.0342117687176893
1.0342117687176893
1.0342117687176893
1.0348636030018217
1.035840349009158
1.0352990316687622
1.0352990316687622
1.03252432735795
1.03252432735795
1.03252432735795
1.03252432735795
1.03252432735795
1.0324406144506133
1.0324406144506133
1.0324406144506133
1.0324406144506133
1.0324406144506133
1.0324406144506133
1.030341673644602
1.030341673644602
1.030341673644602
1.0278213574988293
1.0278213574988293
1.0278213574988293
1.0278213574988293
1.0278213574988293
1.0278213574988293
1.0278213574988293
1.0271546171047818
1.0271546171047818
1.0259697510914045
1.0259697510914045
1.026660604820503
1.026660604820503
1.026660604820503
1.029998571416534
1.0286800842756592
1.0286800842756592
1.0308966440697467
1.0308966440697467
1.0302451650357853
1.0280658828283291
1.0284971566699992
1.0275695855343052
1.0275695855343052
1.0275695855343052
1.0275695855343052
1.030663953473905
1.030663953473905
1.030663953473905
1.030663953473905
1.030663953473905
1.0319412166061301
1.0319412166061301
1.0319412166061301
1.0319412166061301
1.0323184181599476
1.0323184181599476
1.0323184181599476
1.0323184181599476
1.0323184181599476
1.0323184181599476
1.0323184181599476
1.0333698893317902
1.0333698893317902
1.0333698893317902
1.0333698893317902
1.0322356966885753
1.0284439284935483
1.0284439284935483
1.0284439284935483
1.0284439284935483
1.0284439284935483
1.0292057923591196
1.0292057923591196
1.0310718156778598
1.0310718156778598
1.0315854562565243
1.0315854562565243
1.0315854562565243
1.0315854562565243
1.030010868363612
1.0306295646726829
1.0321844147836647
1.0321844147836647
1.0321844147836647
1.0321844147836647
1.0322600069792354
1.0322600069792354
1.0322600069792354
1.031964479229897
1.031556712894103
1.031556712894103
1.031556712894103
1.031556712894103
1.031556712894103
1.031556712894103
1.031556712894103
1.0306633674605796
1.0311272737274486
1.0311272737274486
1.0311272737274486
1.0311272737274486
1.030541234420102
1.030541234420102
1.030541234420102
1.033131596636998
1.0347579261661932
1.0342820721341544
1.0342820721341544
1.0342820721341544
1.0342820721341544
1.0342820721341544
1.0342820721341544
1.0342820721341544
1.0342820721341544
1.0344780998271268
1.0344780998271268
1.0340298586286931
1.0340298586286931
1.0340298586286931
1.033961616064111
1.033961616064111
1.033838775224912
1.033838775224912
1.033857119131014
1.0303719881506441
1.0303719881506441
1.0327465089342212
1.0327465089342212
1.0327465089342212
1.0327465089342212
1.032613720925961
1.032613720925961
1.032613720925961
1.032613720925961
1.032613720925961
1.0296393254904659
1.0327540437303977
1.0317546972725717
1.0317546972725717
1.0317546972725717
1.0317546972725717
1.0317546972725717
1.0317546972725717
1.0317546972725717
1.0317546972725717
1.0317546972725717
1.0317546972725717
1.0317546972725717
1.0317546972725717
1.0303386032369328
1.0303386032369328
1.0292601277891689
1.0350217163085838
1.0350217163085838
1.033229696828315
1.032085124253658
1.032085124253658
1.0293679400138278
1.0293679400138278
1.0293679400138278
1.0293679400138278
1.0293679400138278
1.0293679400138278
1.0293679400138278
1.0293679400138278
1.0293679400138278
1.0287489249030126
1.0287489249030126
1.0276113364318964
1.0276113364318964
1.028063927640562
1.028063927640562
1.028063927640562
1.028063927640562
1.028063927640562
1.0277476599441113
1.0258440731373397
1.0258440731373397
1.0266913839378426
1.0263320894103742
1.0263320894103742
1.0252193746685574
1.0252193746685574
1.0244772759494383
1.0244772759494383
1.0228828651528432
1.0232813724924823
1.0232813724924823
1.0232813724924823
1.0232813724924823
1.0232607361559813
1.0232607361559813
1.0240294211891026
1.0240294211891026
1.0240294211891026
1.0240294211891026
1.0262146055001349
1.0262146055001349
1.0262146055001349
1.0262497852761008
1.0262497852761008
1.0261718685568788
1.0252138550677288
1.0252138550677288
1.0252138550677288
1.0252138550677288
1.0252138550677288
1.0252138550677288
1.0252138550677288
1.0259221282194555
1.0276542525777204
1.0276360071443322
1.0284945169072015
1.028367936463877
1.028367936463877
1.028367936463877
1.028367936463877
1.028367936463877
1.028530658600404
1.027174145158564
1.027174145158564
1.027174145158564
1.027174145158564
1.0265279194297872
1.0264645230675282
1.0289533421277175
1.0289533421277175
1.0289533421277175
1.0289533421277175
1.0293396563038946
1.0293396563038946
1.0293396563038946
1.0258348271302682
1.0258348271302682
1.027526854209761
1.027526854209761
1.027526854209761
1.027477442713716
1.027477442713716
1.027477442713716
1.0270753124570782
1.025911943505822
1.025911943505822
1.0246859177492478
1.0246859177492478
1.0278855358043466
1.0288371534909084
1.0287381511044298
1.029802438285604
1.029802438285604
1.0309363078869278
1.0315839350102538
1.0319489076465505
1.0319489076465505
1.0319489076465505
1.0319489076465505
1.0319489076465505
1.0310866070123998
1.0308099174430077
1.0308099174430077
1.0307492491747854
1.0305440528770686
1.0295609025991148
1.0295609025991148
1.0295609025991148
1.0288588301945834
1.0293303518606853
1.0293303518606853
1.0338364624301604
1.0338364624301604
1.0338364624301604
1.0338364624301604
1.0333533195416864
1.0318665235523707
1.0318665235523707
1.0312904372474112
1.0312904372474112
1.0312904372474112
1.028722976675991
1.028722976675991
1.028722976675991
1.0294854785076784
1.0294854785076784
1.0306889656231444
1.0306889656231444
1.0306889656231444
1.0306889656231444
1.0306889656231444
1.0306889656231444
1.0306889656231444
1.0306889656231444
1.0302322451654604
1.0331010281447635
1.0333056737989392
1.0333056737989392
1.0324722505910915
1.0324722505910915
1.0324722505910915
1.0324309348166347
1.0322566225799508
1.0322566225799508
1.0322566225799508
1.0322566225799508
1.0309053196662263
1.0309053196662263
1.0309053196662263
1.0309053196662263
1.0309053196662263
1.0309053196662263
1.02909562583128
1.02909562583128
1.02909562583128
1.0307100499947552
1.0324238474990604
1.0324238474990604
1.0324238474990604
1.0305318175190652
1.0334360009962762
1.0334360009962762
1.0313647104510797
1.030578036698383
1.029310397361004
1.029310397361004
1.029428278678259
1.0306363693793799
1.0306363693793799
1.0306363693793799
1.0269783595669475
1.0269783595669475
1.0269783595669475
1.0269783595669475
1.0269783595669475
1.0269783595669475
1.0267923022849264
1.0267923022849264
1.0277516763186927
1.0254461887812851
1.0254461887812851
1.0254461887812851
1.0254461887812851
1.0254461887812851
1.0263295976334021
1.0254181994913658
1.0271256995775402
1.0271256995775402
1.0288131822680233
1.0288131822680233
1.0288131822680233
1.0288131822680233
1.0288131822680233
1.0290038989811556
1.029562311481322
1.0296631495077222
1.0296631495077222
1.0296631495077222
1.0296631495077222
1.0296631495077222
1.0289561749128053
1.0289561749128053
1.025639721658438
1.0260334447852821
1.027610271846194
1.0276628005666129
1.0276628005666129
1.0276628005666129
1.0273021464838281
1.0273021464838281
1.0273021464838281
1.0263480630150943
1.0263480630150943
1.0266720206074784
1.0270109835574555
1.0271217967783468
1.0271217967783468
1.0263963432644647
1.0260597559860374
1.0254767715821347
1.0253279374921063
1.0253279374921063
1.0253279374921063
1.025555112772393
1.028755379397863
1.028755379397863
1.028755379397863
1.0294198145543338
1.0294198145543338
1.0294198145543338
1.0289093623906458
1.027019711459252
1.0255949614514843
1.0285254539993995
1.0284829587466366
1.0292705026004674
1.0292705026004674
1.0278183742648916
1.0278183742648916
1.0275263394361642
1.0275263394361642
1.0278642876875808
1.0278642876875808
1.0278642876875808
1.0273892187163742
1.0273892187163742
1.0273892187163742
1.0273892187163742
1.0268826863411256
1.0268826863411256
1.026220779477597
1.026220779477597
1.024852671977995
1.0245470402160692
1.0245470402160692
1.0245470402160692
1.025306498541645
1.025306498541645
1.025306498541645
1.0284259744162183
1.0284259744162183
1.0284259744162183
1.0277395514902954
1.029236685131263
1.029236685131263
1.0289195347753173
1.0317207326785438
1.0317207326785438
1.0317207326785438
1.032952647709912
1.0319744674855411
1.0319744674855411
1.0319744674855411
1.0319744674855411
1.0353830761758902
1.0346177377307906
1.0346177377307906
1.0346177377307906
1.0346177377307906
1.029908940279157
1.029908940279157
1.0306069238839477
1.028825495016812
1.028825495016812
1.028825495016812
1.028687092655658
1.0292151205161149
1.0292151205161149
1.0292151205161149
1.0292151205161149
1.0292151205161149
1.0290042270619497
1.0290042270619497
1.0307634455860242
1.0307634455860242
1.0325256442551685
1.0351331369913956
1.0351331369913956
1.0351331369913956
1.0351331369913956
1.0361924540137348
1.036663846811721
1.034640388383439
1.034640388383439
1.0341637809587492
1.0337482157858424
1.0312757590624806
1.0312757590624806
1.0317439602433012
1.033247289139935
1.0316002183980157
1.0316002183980157
1.0316002183980157
1.0317374020478043
1.0317374020478043
1.032444479489372
1.032444479489372
1.032444479489372
1.032444479489372
1.033025840965713
1.033025840965713
1.033025840965713
1.033025840965713
1.033025840965713
1.033025840965713
1.033025840965713
1.033025840965713
1.033025840965713
1.033025840965713
1.0334764637825329
1.031116622668863
1.0306836507852117
1.0306836507852117
1.0301092774575475
1.0301092774575475
1.0301092774575475
1.0301092774575475
1.0301092774575475
1.0319697410884965
1.0327309570835477
1.0327309570835477
1.0327309570835477
1.0327309570835477
1.0327309570835477
1.0327309570835477
1.0327309570835477
1.0327309570835477
1.0346175575193421
1.0344539991663955
1.0351123244212406
1.0351511758530323
1.0351511758530323
1.0351511758530323
1.0351511758530323
1.0351511758530323
1.0352635133569208
1.0352635133569208
1.0352635133569208
1.0352635133569208
1.0335044743628372
1.0341133204071082
1.034172276481947
1.034172276481947
1.034172276481947
1.0339046812507646
1.035542142491443
1.035542142491443
1.035542142491443
1.035542142491443
1.0373969013960256
1.0378301836613875
1.0389928098697578
1.0389928098697578
1.0389928098697578
1.0389928098697578
1.0380511280655729
1.0380511280655729
1.0380511280655729
1.0382604661957493
1.0382604661957493
1.0382604661957493
1.0382604661957493
1.0376411161049746
1.0381671969616635
1.0381671969616635
1.0381671969616635
1.0381671969616635
1.0381671969616635
1.0381671969616635
1.0381671969616635
1.0378632224256654
1.0378632224256654
1.0378632224256654
1.0372186666068042
1.0372186666068042
1.036964090356491
1.037249963465677
1.0373603955541884
1.0368622964472227
1.0356742101607146
1.0356742101607146
1.0356742101607146
1.0377570049139382
1.0377570049139382
1.0390141054011324
1.0353828673081757
1.0361647460948036
1.036401170321287
1.036401170321287
1.0369218235304873
1.0369218235304873
1.037235082765872
1.037235082765872
1.0349739481879254
1.0349739481879254
1.0352952605213428
1.0352952605213428
1.0363363758086275
1.0363363758086275
1.0363363758086275
1.0363363758086275
1.0363363758086275
1.0363363758086275
1.0362894752386365
1.0374562886857686
1.038439584315582
1.040997124962822
1.040997124962822
1.0443335622221364
1.044131137974864
1.0430377171567158
1.0413422866577946
1.0413422866577946
1.0401378022033132
1.0401378022033132
1.041155568280537
1.041155568280537
1.0367069669021318
1.0380316288541587
1.0380316288541587
1.0390186241621473
1.0390186241621473
1.0390186241621473
1.0390186241621473
1.038307043795083
1.038307043795083
1.038307043795083
1.037483916704031
1.037483916704031
1.037483916704031
1.0360028091431766
1.0337524433325567
1.0337524433325567
1.0350895375518847
1.0379086297230062
1.0379086297230062
1.0379086297230062
1.0355532202150444
1.0355532202150444
1.0355532202150444
1.0350192508818632
1.0350192508818632
1.0350192508818632
1.0350192508818632
1.0347705239535636
1.0347705239535636
1.0347705239535636
1.0335656024444326
1.0377176172195262
1.0377176172195262
1.0377176172195262
1.0372465794356773
1.0364016555768336
1.0380953844621292
1.0373324268505715
1.0373324268505715
1.0373324268505715
1.037947567122856
1.037947567122856
1.037947567122856
1.0366593402554436
1.0371164368934032
1.0371164368934032
1.0371164368934032
1.0358764121341513
1.0358764121341513
1.0337330454284057
1.0337330454284057
1.0337330454284057
1.0337330454284057
1.0337330454284057
1.034184207292686
1.0321468305058414
1.031900770015843
1.0329612212526966
1.0329612212526966
1.0329612212526966
1.0329612212526966
1.032340040593201
1.0305299860677641
1.0305299860677641
1.0314598673781028
1.0314598673781028
1.0314598673781028
1.03061571032535
1.03061571032535
1.0290299831577032
1.0297593687851212
1.0297593687851212
1.0299613454668914
1.0299613454668914
1.0294422528285299
1.0332549492095098
1.0332549492095098
1.0332549492095098
1.0341446192955075
1.0341446192955075
1.0341125419242148
1.0341125419242148
1.0341125419242148
1.0309348344699734
1.03035989413968
1.03035989413968
1.03035989413968
1.03035989413968
1.03035989413968
1.031915594583255
1.031915594583255
1.031915594583255
1.031915594583255
1.031915594583255
1.031915594583255
1.0332256816450565
1.0332256816450565
1.0332256816450565
1.0332256816450565
1.0332256816450565
1.0332256816450565
1.0332256816450565
1.0346888260904494
1.0358135584544739
1.0369880164831027
1.036033474641053
1.036033474641053
1.0341300827937132
1.0340001885463768
1.0340001885463768
1.0340001885463768
1.0340001885463768
1.0340001885463768
1.033865267774051
1.033865267774051
1.033865267774051
1.033541665894718
1.033541665894718
1.0333722447653795
1.0333722447653795
1.0333722447653795
1.0323809453714563
1.0323809453714563
1.0323809453714563
1.0323809453714563
1.0323809453714563
1.0323809453714563
1.030875698872436
1.0321898954316144
1.0323151570928248
1.0323213852335231
1.0323213852335231
1.0348849329999021
1.0348849329999021
1.0354117272373098
1.0354117272373098
1.0354117272373098
1.0331563887361652
1.0350575588489923
1.0350575588489923
1.0350575588489923
1.032633156512797
1.035851125421269
1.0365694826062009
1.0354485272342506
1.0353582555939804
1.0366179964360736
1.0366179964360736
1.0352154991449178
1.0352154991449178
1.0352154991449178
1.0341619322487885
1.0341619322487885
1.0340850905483894
1.0340850905483894
1.0340850905483894
1.033915533986705
1.033915533986705
1.033915533986705
1.033915533986705
1.033915533986705
1.033915533986705
1.03136101415267
1.0319447148460297
1.0318672554790047
1.030681347708298
1.0312435532758273
1.0312435532758273
1.0312435532758273
1.032045171810744
1.0296281701493604
1.0328840873633354
1.0328840873633354
1.0328840873633354
1.0328840873633354
1.0328840873633354
1.0328199898926829
1.0328199898926829
1.0328199898926829
1.0328199898926829
1.0328199898926829
1.0328199898926829
1.0316925184723762
1.0316925184723762
1.0313396014815446
1.0313396014815446
1.0292845374742832
1.0292845374742832
1.0310671726408431
1.0310671726408431
1.0310671726408431
1.0310671726408431
1.0313635433776545
1.0313635433776545
1.0313635433776545
1.0317719291354837
1.0317719291354837
1.0317719291354837
1.032507934750603
1.032507934750603
1.032507934750603
1.032507934750603
1.0335151267410332
1.0335151267410332
1.0335151267410332
1.031982133070514
1.0330924933205556
1.033388043234674
1.0332841123598784
1.0332841123598784
1.0332841123598784
1.033853418333361
1.033853418333361
1.032325790375474
1.0347082075339165
1.0347082075339165
1.0311515011685097
1.0311515011685097
1.0318155721152291
1.0318155721152291
1.0314875107169745
1.0307313248132595
1.0307313248132595
1.028893824665965
1.028893824665965
1.028893824665965
1.031404153672187
1.0302836470845236
1.0302836470845236
1.0328723924869692
1.031487776690523
1.031487776690523
1.031487776690523
1.0333355584958104
1.0333355584958104
1.030656353276888
1.0307858877821081
1.0307858877821081
1.0307858877821081
1.0307858877821081
1.0307858877821081
1.0307858877821081
1.0307858877821081
1.0307858877821081
1.0307858877821081
1.0307858877821081
1.0307858877821081
1.0307858877821081
1.0307858877821081
1.0307858877821081
1.0300863256085773
1.0300863256085773
1.0300863256085773
1.0304181452477938
1.0304181452477938
1.0304181452477938
1.0304181452477938
1.0293212636002478
1.0293212636002478
1.0293212636002478
1.0300321503174352
1.0293943325866783
1.0293943325866783
1.0293943325866783
1.0302970206516766
1.0302970206516766
1.0302970206516766
1.0302970206516766
1.031528149639367
1.031528149639367
1.031528149639367
1.031528149639367
1.031528149639367
1.0313989352408774
1.0313989352408774
1.0322922933250838
1.0322922933250838
1.0322922933250838
1.0322922933250838
1.0322922933250838
1.0322922933250838
1.0322922933250838
1.034480360282654
1.034480360282654
1.0342979969605641
1.036494891423074
1.036494891423074
1.036807123227083
1.036807123227083
1.036807123227083
1.0341599113722595
1.034294709733471
1.034294709733471
1.034294709733471
1.0339693252888231
1.0339693252888231
1.0332810279984646
1.0332810279984646
1.0332810279984646
1.0335993800606855
1.0335993800606855
1.0324549749074068
1.0324549749074068
1.0316851205454005
1.0307165962024616
1.0321951126894087
1.0321951126894087
1.0321951126894087
1.0351990648600728
1.03411098695593
1.03411098695593
1.0330257278523296
1.0350245087738066
1.0354835208545734
1.0354835208545734
1.0354835208545734
1.0356706145020884
1.0356706145020884
1.0354391681355626
1.037344601574087
1.0376651143105111
1.0376651143105111
1.0379004472155589
1.0379004472155589
1.03451795479378
1.03451795479378
1.03451795479378
1.0342911833952213
1.0342911833952213
1.0329065797568584
1.0329065797568584
1.0327950943116506
1.0327950943116506
1.0327950943116506
1.0327950943116506
1.030994030022186
1.030994030022186
1.0327156314362784
1.0327156314362784
1.0327156314362784
1.0327156314362784
1.0327156314362784
1.0322673998394192
1.0329903779987335
1.0329903779987335
1.0329903779987335
1.0329903779987335
1.034474926033632
1.0342153029781174
1.033065977402502
1.033065977402502
1.0318041059739675
1.0318041059739675
1.0341821426224826
1.0341821426224826
1.0332584597910042
1.0332584597910042
1.032720219569274
1.032720219569274
1.0329614931709872
1.0329614931709872
1.0329614931709872
1.0329614931709872
1.0329614931709872
1.0329614931709872
1.0342797785892937
1.0342797785892937
1.03487037131582
1.0380795467261676
1.0380795467261676
1.035378040635583
1.035378040635583
1.0338001308013844
1.0338001308013844
1.0338001308013844
1.0338001308013844
1.0338001308013844
1.0338001308013844
1.0338001308013844
1.0330422695802641
1.0336502218607901
1.036130070460899
1.0359652788018727
1.0359652788018727
1.0359652788018727
1.0359652788018727
1.0358080870021753
1.0358080870021753
1.0358080870021753
1.0345611919767923
1.0332966814459648
1.0332966814459648
1.0332966814459648
1.0332966814459648
1.0332966814459648
1.0314939286747096
1.027691554588809
1.027691554588809
1.027691554588809
1.0297912145515455
1.025933763715578
1.0261838625056945
1.0257075178780302
1.0254383090569255
1.0254383090569255
1.0256700962159764
1.0256213784590613
1.0256213784590613
1.0256213784590613
1.0267551506283565
1.024846583746173
1.024846583746173
1.0279284254918428
1.028935483160764
1.027091743307852
1.0289324599418146
1.0277243889161887
1.0277243889161887
1.0277243889161887
1.0284359348372476
1.0284359348372476
1.0284359348372476
1.0305590457202054
1.0293873658292954
1.0293873658292954
1.0293873658292954
1.0293873658292954
1.0323011602782413
1.0323011602782413
1.0323011602782413
1.0323011602782413
1.0328539606357259
1.0322009583552656
1.0322009583552656
1.0329130856284687
1.0329130856284687
1.033451794736162
1.033451794736162
1.0328560899554349
1.0328560899554349
1.0326826926885522
1.0345802600468637
1.0343554302123064
1.0343554302123064
1.0343554302123064
1.0343554302123064
1.0343554302123064
1.0329757495522593
1.0329757495522593
1.0329757495522593
1.0329757495522593
1.0329757495522593
1.0316105975029342
1.033676785452522
1.033676785452522
1.033448042969607
1.0326880739754678
1.0326880739754678
1.0326880739754678
1.033410139778222
1.0312885404607441
1.0312885404607441
1.028423219036739
1.0318456972861414
1.0318456972861414
1.0318456972861414
1.0318456972861414
1.0318456972861414
1.0353519182190876
1.0353519182190876
1.0353519182190876
1.0353519182190876
1.0353519182190876
1.0376830639330759
1.0364567298512233
1.0364567298512233
1.0356055654937084
1.0356055654937084
1.03403689295939
1.03403689295939
1.03403689295939
1.03403689295939
1.03403689295939
1.03403689295939
1.03403689295939
1.03403689295939
1.03403689295939
1.03403689295939
1.0327736747025862
1.0327736747025862
1.0327736747025862
1.0327736747025862
1.0327736747025862
1.0316608766741038
1.031694989784547
1.033248216118993
1.033248216118993
1.034253830680853
1.0351361204934695
1.031436969003124
1.031436969003124
1.031436969003124
1.031436969003124
1.031436969003124
1.0315840354081671
1.0315840354081671
1.0315840354081671
1.032762175024218
1.032762175024218
1.0339597827311309
1.0305440913830106
1.0296711932886589
1.0296711932886589
1.0296711932886589
1.028375892861352
1.028375892861352
1.028375892861352
1.028375892861352
1.028293342107093
1.028293342107093
1.0311289981349683
1.0311289981349683
1.0311289981349683
1.0311289981349683
1.0311289981349683
1.0341119313657139
1.0323925669491867
1.028891336789047
1.0307645837619053
1.0307645837619053
1.0306905873865897
1.0334479113462605
1.03264205314398
1.0316456315991296
1.0316456315991296
1.0316456315991296
1.0335674961684562
1.0335674961684562
1.0324431929828526
1.0324431929828526
1.0324431929828526
1.0324431929828526
1.031356773793225
1.0323620202208879
1.0328265981610276
1.0328265981610276
1.032864091737127
1.0340880014361906
1.0344461181574964
1.0344461181574964
1.0344461181574964
1.0344461181574964
1.0349186026000814
1.0318591929399623
1.0318591929399623
1.0318591929399623
1.0318591929399623
1.0318591929399623
1.030047960123315
1.030047960123315
1.0301672395727663
1.0301672395727663
1.0301672395727663
1.0334443271173799
1.0334443271173799
1.0321658934941558
1.0321658934941558
1.0321658934941558
1.0321658934941558
1.029994967158597
1.029994967158597
1.0337258239785247
1.0337258239785247
1.033663991923636
1.033663991923636
1.0338398017093997
1.0338398017093997
1.0341224875048356
1.0341224875048356
1.0341224875048356
1.0341224875048356
1.0359928650346173
1.0359928650346173
1.0365950440293612
1.0365950440293612
1.0365950440293612
1.0365950440293612
1.0365950440293612
1.0364767197892861
1.0364767197892861
1.0364767197892861
1.0370327260215122
1.0370327260215122
1.0360401372126018
1.0356206058084336
1.0383306320808026
1.0380672888823006
1.0380672888823006
1.0380672888823006
1.0368695617461556
1.0367227784003703
1.0367227784003703
1.0358563457960719
1.0377160239767709
1.039486217180453
1.0354742189835575
1.0354742189835575
1.0347567978725938
1.0347567978725938
1.034499264272209
1.034499264272209
1.034499264272209
1.034499264272209
1.034499264272209
1.034499264272209
1.034398451286151
1.0342424591569155
1.0338896166227405
1.0340916762734957
1.0326515950960327
1.0326515950960327
1.0322516506897648
1.0313249724706075
1.0313249724706075
1.031112865559687
1.031112865559687
1.031112865559687
1.031112865559687
1.031112865559687
1.031112865559687
1.0304291948477906
1.0305723883141988
1.0305723883141988
1.0299813215282856
1.0299813215282856
1.0299813215282856
1.0299813215282856
1.0292120106768856
1.0288444173346742
1.0288444173346742
1.0288444173346742
1.0288444173346742
1.0290523692028533
1.030247890459239
1.030247890459239
1.0323925331562458
1.0323925331562458
1.0320773561781498
1.0320773561781498
1.0320773561781498
1.0320773561781498
1.028682901967038
1.0302602944483576
1.032783497224789
1.032783497224789
1.032066136945571
1.032066136945571
1.0320849600783746
1.0320849600783746
1.0320849600783746
1.0309030764400067
1.0316375972513048
1.0316375972513048
1.0327890959375767
1.0313504641631541
1.0313504641631541
1.0313504641631541
1.0324364035695572
1.0324364035695572
1.0324364035695572
1.0324364035695572
1.0323402381818563
1.0323402381818563
1.0323402381818563
1.0323402381818563
1.0323402381818563
1.0323402381818563
1.0323402381818563
1.0315486917890804
1.0350688716513656
1.0333248508790376
1.0342173712655824
1.0342173712655824
1.0326157507821316
1.0326157507821316
1.0326157507821316
1.0326157507821316
1.0326157507821316
1.0315996329651484
1.0318795318205451
1.0318795318205451
1.0318795318205451
1.0313446140864198
1.0313446140864198
1.0300060623057112
1.0300060623057112
1.0300060623057112
1.0300060623057112
1.030264729596218
1.0310525437179763
1.0310525437179763
1.0310525437179763
1.0307158862590033
1.0307158862590033
1.0340609717206528
1.0340609717206528
1.0343849919366703
1.0334442282745293
1.0334442282745293
1.0334520228888597
1.0367748380944801
1.0377873504472672
1.0343670558508737
1.0343670558508737
1.0331636090182457
1.0331636090182457
1.0331636090182457
1.0331636090182457
1.0331636090182457
1.0322377811744932
1.0322377811744932
1.0322377811744932
1.0322377811744932
1.034503305238608
1.034503305238608
1.0346674797170339
1.0333652273952085
1.0333652273952085
1.0333652273952085
1.0333652273952085
1.033429719284414
1.0326757148442212
1.0333648923684657
1.0334690037867014
1.0334855799774723
1.034495803744507
1.034495803744507
1.034495803744507
1.034495803744507
1.034495803744507
1.034495803744507
1.034495803744507
1.034495803744507
1.034495803744507
1.0340805897290841
1.0334535846272332
1.0324069519994554
1.0324069519994554
1.0330655018361359
1.0328417290230976
1.0313216194958625
1.0313216194958625
1.0320079031763212
1.0315523477050197
1.0315523477050197
1.0315523477050197
1.0315523477050197
1.0313687023090954
1.0313687023090954
1.031775461503697
1.031775461503697
1.031624073093456
1.0323148819716195
1.0323148819716195
1.0340706473961456
1.0331479394754395
1.0331479394754395
1.03560648571019
1.03560648571019
1.0353547211725362
1.0353547211725362
1.0353547211725362
1.0353547211725362
1.0353547211725362
1.0353547211725362
1.0353547211725362
1.0353547211725362
1.0353547211725362
1.0353547211725362
1.0346784329002154
1.0346784329002154
1.0346784329002154
1.0342758240285264
1.034896915099696
1.034896915099696
1.0333719107046717
1.0335436188359826
1.0352569090996162
1.0352569090996162
1.0361852603181911
1.0361852603181911
1.035794543021305
1.035794543021305
1.035794543021305
1.035794543021305
1.035794543021305
1.03540107866204
1.03540107866204
1.0351107749588928
1.0351107749588928
1.0351107749588928
1.0351107749588928
1.0351107749588928
1.0351107749588928
1.0351107749588928
1.0349662788579157
1.0349662788579157
1.0349662788579157
1.0349662788579157
1.037342678654749
1.0347009385777752
1.0347009385777752
1.0357465129679504
1.0357465129679504
1.0349552363485255
1.0388709802428906
1.039146146022631
1.039146146022631
1.039146146022631
1.039146146022631
1.035899669310169
1.0350963797666322
1.0350963797666322
1.0350963797666322
1.0367376580875187
1.0367991372902123
1.0367991372902123
1.0357891586655112
1.0357891586655112
1.0357891586655112
1.0357891586655112
1.0359510558908875
1.035313296849407
1.035313296849407
1.03383446064883
1.03383446064883
1.03383446064883
1.03383446064883
1.03383446064883
1.03383446064883
1.03383446064883
1.0312089458964893
1.033691599235083
1.033691599235083
1.033691599235083
1.033691599235083
1.0337713208842343
1.0352433619763537
1.0352433619763537
1.0352433619763537
1.038068422450403
1.038068422450403
1.0401240271966303
1.0401240271966303
1.0386415549197563
1.0384515424661738
1.0384515424661738
1.0360822097819997
1.0353256655454093
1.0360313170984345
1.0360651101458402
1.0360651101458402
1.0360651101458402
1.0377580744561024
1.0354900420678343
1.0354900420678343
1.0354900420678343
1.0354900420678343
1.0354900420678343
1.0354900420678343
1.0340574404142582
1.0361785911261778
1.0360604089218315
1.0335063280923675
1.0346595932446396
1.0298674035390887
1.0298674035390887
1.031152502461062
1.031152502461062
1.0324532921541236
1.0324983685028808
1.0325830589103875
1.0325830589103875
1.0328197440085385
1.0327688704814975
1.0320877189956208
1.0316524466192118
1.0316524466192118
1.030568310430716
1.030568310430716
1.030568310430716
1.030568310430716
1.0301154173375562
1.0301154173375562
1.0301154173375562
1.0301154173375562
1.0301154173375562
1.0300584852050816
1.0300584852050816
1.0300584852050816
1.0300584852050816
1.0300584852050816
1.0316702596743594
1.0322619639236368
1.0322619639236368
1.0322619639236368
1.0326158652431732
1.0326158652431732
1.0326472437341572
1.0326472437341572
1.0307154949119963
1.028964630530878
1.028964630530878
1.028964630530878
1.028964630530878
1.028964630530878
1.031946025938837
1.031946025938837
1.0291202796641823
1.0291202796641823
1.0301012385002544
1.0289390944751888
1.0310882210566688
1.0317418969075607
1.0302786231160521
1.0324754623133574
1.0324754623133574
1.0324754623133574
1.0317530075418857
1.030515570471064
1.030515570471064
1.0310920332011646
1.0310920332011646
1.0310920332011646
1.0310920332011646
1.0306796172508998
1.0294625708072578
1.0300654430060887
1.0307367423929719
1.0307367423929719
1.0319788244285995
1.0319788244285995
1.0319788244285995
1.0319788244285995
1.0319788244285995
1.0325808290791045
1.0325808290791045
1.0314141851033571
1.0314141851033571
1.0314141851033571
1.0314141851033571
1.0314141851033571
1.0299521050865168
1.0299530684763794
1.0299530684763794
1.0309840493432565
1.0309840493432565
1.0322872816957243
1.0322872816957243
1.0322872816957243
1.0322872816957243
1.0322872816957243
1.0322872816957243
1.0336429790614248
1.033431768649222
1.031763858657851
1.031763858657851
1.031763858657851
1.0320966012033481
1.0320966012033481
1.0314277186602154
1.0334136252363904
1.0330111201204657
1.034128451143275
1.0335995938889224
1.0335995938889224
1.0351847314383151
1.0357444089691843
1.0357444089691843
1.0357444089691843
1.0357444089691843
1.0357444089691843
1.0357444089691843
1.0361175278164207
1.0361175278164207
1.0354698662131083
1.0354698662131083
1.0354698662131083
1.0351902311678245
1.0351902311678245
1.0351902311678245
1.0378394131173865
1.0378394131173865
1.0389732888848224
1.0389732888848224
1.0389732888848224
1.0389732888848224
1.0387394480900913
1.0387394480900913
1.0387394480900913
1.036857639203592
1.036857639203592
1.036857639203592
1.034390289547
1.034390289547
1.034390289547
1.034390289547
1.0343362130014206
1.0343362130014206
1.0359959306952546
1.0349339864942357
1.0349339864942357
1.0345237728104242
1.0318389079731078
1.0336468509500678
1.034696154186351
1.034696154186351
1.037232833815045
1.0363825274840743
1.0363825274840743
1.0356995253562498
1.0388162159058596
1.0388162159058596
1.0388162159058596
1.0388162159058596
1.0388162159058596
1.0388162159058596
1.0379401764364564
1.0379401764364564
1.0379401764364564
1.0379401764364564
1.0398207725252988
1.0398207725252988
1.0405633846864342
1.0405633846864342
1.0405633846864342
1.0411162275100339
1.0411162275100339
1.0413288548166721
1.0416174759735548
1.0416174759735548
1.040630353674837
1.0397791818982098
1.0397791818982098
1.0397791818982098
1.0388162266237533
1.0388162266237533
1.0388162266237533
1.0388162266237533
1.0363644591284318
1.0402381489504733
1.0402381489504733
1.0402381489504733
1.0402381489504733
1.040925117811991
1.0413407701832744
1.0413407701832744
1.0374813308672253
1.0374813308672253
1.0374813308672253
1.0379105491296576
1.0379105491296576
1.0365736469337807
1.0365736469337807
1.0355650349974883
1.0355650349974883
1.0355650349974883
1.0360362024242276
1.0368696845258294
1.0368696845258294
1.0368696845258294
1.0368696845258294
1.0359840995635663
1.0359840995635663
1.0359840995635663
1.0382860340579108
1.0382860340579108
1.034912808940635
1.0363951247102858
1.0389469328465823
1.034048989098206
1.036657909869691
1.036657909869691
1.036657909869691
1.036657909869691
1.036657909869691
1.036657909869691
1.036657909869691
1.0350036031402179
1.0334599378190417
1.0334599378190417
1.0334599378190417
1.0334599378190417
1.0334599378190417
1.0321134731206103
1.0321134731206103
1.0329856756297673
1.032212414261392
1.032212414261392
1.032212414261392
1.032212414261392
1.032212414261392
1.0343428566669013
1.0323415591533742
1.0323415591533742
1.0323415591533742
1.0323415591533742
1.0323415591533742
1.031892152052839
1.031892152052839
1.031892152052839
1.031892152052839
1.031892152052839
1.0349552937315118
1.0368825242702435
1.0368825242702435
1.0366205832015114
1.035375514892786
1.0370153954784411
1.0378253447583856
1.0378253447583856
1.0378253447583856
1.035719596662152
1.035719596662152
1.035719596662152
1.035719596662152
1.035719596662152
1.0362078417215217
1.0350502081600463
1.0369275825999233
1.0369275825999233
1.0391860124387162
1.0391860124387162
1.036428770653744
1.0371624039022531
1.0360607669566446
1.0360607669566446
1.0360607669566446
1.0360607669566446
1.0360607669566446
1.0347695461708872
1.0347695461708872
1.0347695461708872
1.0347695461708872
1.0347695461708872
1.0342027417339947
1.0329643421566053
1.0329643421566053
1.0325548045607098
1.0325548045607098
1.0325548045607098
1.0325548045607098
1.032633201590256
1.0348129381953581
1.0357423539338446
1.0357423539338446
1.0358017281766154
1.0349347164111644
1.0349299732333297
1.0349299732333297
1.0349299732333297
1.033253543111764
1.033253543111764
1.033253543111764
1.033253543111764
1.0339125571475718
1.0334329223637138
1.0327847536017323
1.035291926386111
1.0344997565247531
1.0344997565247531
1.0351113004924166
1.0351113004924166
1.0351113004924166
1.0351113004924166
1.0351113004924166
1.0351113004924166
1.0351113004924166
1.0351032554149082
1.0350631640829693
1.0350631640829693
1.0356233727493585
1.034539090715669
1.0328748926876123
1.0328748926876123
1.0328748926876123
1.0328748926876123
1.029724961813763
1.0297719379186376
1.0297719379186376
1.0302635677506895
1.0289088939595281
1.0279797051724764
1.0279037856602573
1.0279037856602573
1.026942059078185
1.029695573797758
1.029695573797758
1.029695573797758
1.031026903613642
1.031026903613642
1.030765230355955
1.0315711940360521
1.0315711940360521
1.0318420394764873
1.0298479938478242
1.0298479938478242
1.0298479938478242
1.0298479938478242
1.0274504833731704
1.0282753168818184
1.0297429125264266
1.0314114892615518
1.0314114892615518
1.0348181261883322
1.0348181261883322
1.0339195434847424
1.0340095633728557
1.0325845927180042
1.0325845927180042
1.0347397883873466
1.0336890055156347
1.0336890055156347
1.0336890055156347
1.0336890055156347
1.0334941757200409
1.0334941757200409
1.0338661955200588
1.0338661955200588
1.0338661955200588
1.0342316692218536
1.0342316692218536
1.0348672574613866
1.0348672574613866
1.0342949569459055
1.0342949569459055
1.0372544671004282
1.0326660795212723
1.0326660795212723
1.0326660795212723
1.031246190746235
1.031246190746235
1.0326180248734789
1.0324107441456876
1.032713318631698
1.032713318631698
1.032713318631698
1.032713318631698
1.032713318631698
1.032341000499726
1.032341000499726
1.033428700432817
1.033428700432817
1.0341954488906109
1.0341954488906109
1.0341954488906109
1.0321295528575396
1.0321295528575396
1.0321295528575396
1.0321295528575396
1.0321295528575396
1.0321295528575396
1.0321295528575396
1.031884981880957
1.031884981880957
1.029632099094814
1.029632099094814
1.0315786654276682
1.0315786654276682
1.0315786654276682
1.0315786654276682
1.0319092974735469
1.0309541565899927
1.0309541565899927
1.0339843974850245
1.0339843974850245
1.0339843974850245
1.034041000327863
1.034041000327863
1.0342988378720797
1.0336070983755687
1.0325358560854248
1.0325358560854248
1.0325358560854248
1.0343537567589638
1.0343537567589638
1.0343537567589638
1.032682235236457
1.032682235236457
1.032682235236457
1.030404308511213
1.030404308511213
1.030404308511213
1.030404308511213
1.030404308511213
1.030404308511213
1.030404308511213
1.030404308511213
1.03116188996629
1.03116188996629
1.03116188996629
1.031524837778246
1.0323118270150682
1.032380349329714
1.032380349329714
1.0295838110208868
1.0295838110208868
1.032181273157781
1.032181273157781
1.032181273157781
1.0320480796463993
1.0314047034633076
1.0314047034633076
1.0320041808590692
1.0320041808590692
1.0320041808590692
1.0320041808590692
1.0320041808590692
1.0320041808590692
1.0320041808590692
1.0320041808590692
1.0320041808590692
1.0311254018447014
1.0311254018447014
1.030451944169393
1.030451944169393
1.0303710217236917
1.0278298430661774
1.0278298430661774
1.0278298430661774
1.0278298430661774
1.0278298430661774
1.0278298430661774
1.026970120763339
1.026970120763339
1.026970120763339
1.026970120763339
1.026970120763339
1.026970120763339
1.026970120763339
1.026970120763339
1.026970120763339
1.0263027291102755
1.0266809092074523
1.026106209139213
1.0242141870990724
1.0242141870990724
1.0253454611021775
1.0253454611021775
1.0253454611021775
1.024410710935822
1.028796669852013
1.028796669852013
1.028708652564612
1.028708652564612
1.028708652564612
1.028708652564612
1.0290959907028243
1.0301457662191553
1.0301457662191553
1.0301508205137289
1.0301508205137289
1.0301508205137289
1.0301508205137289
1.0301508205137289
1.0301508205137289
1.0311002403001537
1.033048498222726
1.0349446695554836
1.0349446695554836
1.0349446695554836
1.034412894844622
1.034412894844622
1.034412894844622
1.0320655414393982
1.0320655414393982
1.0320655414393982
1.0320655414393982
1.0320655414393982
1.0320000268068155
1.0320000268068155
1.0327464045027717
1.0326761681780705
1.0341105583782786
1.0327565902279614
1.0327565902279614
1.0327565902279614
1.0327565902279614
1.0327565902279614
1.0327565902279614
1.0327565902279614
1.0327565902279614
1.0327565902279614
1.0327565902279614
1.0327565902279614
1.0327565902279614
1.0327565902279614
1.0344968708117213
1.0344968708117213
1.0348815961980082
1.0348815961980082
1.0327476377199307
1.0327476377199307
1.0313806973185622
1.0313806973185622
1.0302612662283965
1.0302612662283965
1.0302612662283965
1.0331180098417458
1.0337146890439706
1.0337146890439706
1.0335128627742634
1.0300073543292063
1.0300073543292063
1.0300073543292063
1.0303903498215263
1.0304424245755888
1.0304424245755888
1.0309997145409124
1.031926935377253
1.031926935377253
1.029576260262988
1.0297343683730067
1.0297343683730067
1.032765062110315
1.032765062110315
1.032765062110315
1.0344634932599843
1.0355819648994546
1.0355819648994546
1.0355819648994546
1.0355819648994546
1.0345907046417937
1.0345907046417937
1.0352319417719378
1.0339478327961813
1.0328438588734856
1.0328438588734856
1.0313650620881538
1.0313650620881538
1.0313650620881538
1.0313650620881538
1.0313650620881538
1.0318293346157517
1.0318293346157517
1.0318293346157517
1.0318293346157517
1.0318293346157517
1.0312455591019034
1.0312455591019034
1.0312455591019034
1.0312455591019034
1.0323448322918234
1.0337555298549341
1.0353776040169576
1.035559793239092
1.035559793239092
1.035559793239092
1.035055972346067
1.034809324568102
1.034809324568102
1.034809324568102
1.034809324568102
1.0378283045639172
1.0378283045639172
1.0386694276395452
1.0375054279843672
1.0377516183135091
1.0377516183135091
1.0399544673177392
1.0384618436650574
1.0384618436650574
1.0384618436650574
1.0385578569525467
1.0385578569525467
1.0385578569525467
1.0385578569525467
1.0394724785368616
1.0412475215853565
1.0367595790472433
1.0367595790472433
1.0367595790472433
1.0363633943029105
1.0363633943029105
1.0335711360664575
1.0335711360664575
1.0335711360664575
1.0335711360664575
1.0335711360664575
1.033669944337589
1.033669944337589
1.033669944337589
1.033669944337589
1.0337828808222496
1.0333810614814243
1.0333810614814243
1.0360004488448826
1.0360004488448826
1.0366027950969436
1.0369853428949467
1.038518855630394
1.038518855630394
1.0398873777651323
1.0408222822792739
1.0408222822792739
1.0387130187370235
1.0387130187370235
1.0387130187370235
1.0387130187370235
1.0388074142014994
1.0374021399832638
1.0374021399832638
1.0374021399832638
1.0374021399832638
1.0374021399832638
1.0401080120603488
1.0391890698750743
1.0377858957663075
1.0376701003182986
1.0376701003182986
1.0381321008103266
1.0381321008103266
1.0381321008103266
1.0381321008103266
1.0381321008103266
1.0357952894967681
1.0357952894967681
1.0381831663806214
1.0381831663806214
1.0381831663806214
1.0381831663806214
1.0381831663806214
1.03783368221843
1.0408181715882434
1.0408488273001129
1.0401043831379246
1.0401043831379246
1.0401043831379246
1.0406257463985165
1.0406257463985165
1.0406257463985165
1.040057814738172
1.0386347719461089
1.0386347719461089
1.0386347719461089
1.0386347719461089
1.0386347719461089
1.0375630979414623
1.0375630979414623
1.0375630979414623
1.0375630979414623
1.0375630979414623
1.0377623939271272
1.0377623939271272
1.0377623939271272
1.0377623939271272
1.0361959998791561
1.0361959998791561
1.0339405766855645
1.0339405766855645
1.0330592962510985
1.0330592962510985
1.0339557138345927
1.0339557138345927
1.0339557138345927
1.032053805693034
1.0301395440385634
1.0301395440385634
1.0300638395378985
1.030319099742089
1.030319099742089
1.030319099742089
1.030319099742089
1.030319099742089
1.030319099742089
1.030319099742089
1.030319099742089
1.0301629286363607
1.0301629286363607
1.0305113256546736
1.0305113256546736
1.0324152164365838
1.033068818393418
1.033068818393418
1.033068818393418
1.034190163273428
1.034190163273428
1.0334016431341122
1.0334016431341122
1.0330617901660812
1.0330617901660812
1.0324028268250485
1.0324028268250485
1.0324028268250485
1.0324028268250485
1.0324028268250485
1.0324028268250485
1.0324028268250485
1.033031895578536
1.033031895578536
1.033031895578536
1.033031895578536
1.033031895578536
1.033031895578536
1.033031895578536
1.033031895578536
1.033031895578536
1.033031895578536
1.0309143152172118
1.0309143152172118
1.0309143152172118
1.03034904717359
1.03034904717359
1.0292437707136712
1.0298670258455302
1.0298670258455302
1.028874226618208
1.0318783388084265
1.0324994825780354
1.0324994825780354
1.032286056945925
1.029089571183792
1.0291381569270868
1.0271029494248967
1.0271029494248967
1.0271029494248967
1.0271029494248967
1.0271029494248967
1.0271029494248967
1.0271029494248967
1.0257741148220398
1.0257741148220398
1.0257741148220398
1.0257741148220398
1.0320398012914929
1.0320398012914929
1.0320398012914929
1.0307170205623548
1.028544923386696
1.02958596082465
1.0310069430696973
1.0310069430696973
1.0310069430696973
1.0310069430696973
1.0282409667871948
1.0282409667871948
1.027740909701168
1.027740909701168
1.027740909701168
1.027740909701168
1.0279384906500226
1.026173370862145
1.026173370862145
1.0271790412040536
1.0271790412040536
1.0271790412040536
1.0271790412040536
1.0271790412040536
1.0257566777841969
1.0264059655712061
1.0264059655712061
1.0264059655712061
1.025791004217107
1.025791004217107
1.025791004217107
1.0266646386605276
1.0243586283746806
1.0243586283746806
1.0243586283746806
1.0243586283746806
1.0243586283746806
1.0243586283746806
1.0236489769251582
1.0253782622993757
1.0253782622993757
1.0253782622993757
1.0251945054618146
1.0227305948137528
1.022827149123755
1.022827149123755
1.022827149123755
1.022827149123755
1.022827149123755
1.022827149123755
1.022827149123755
1.0239367452991777
1.0239367452991777
1.026650756037249
1.026650756037249
1.026650756037249
1.0268943232012033
1.0268943232012033
1.0268943232012033
1.0268943232012033
1.0268943232012033
1.0287363775466545
1.0282667525143083
1.0282667525143083
1.0280641516752158
1.028618386194943
1.028618386194943
1.028618386194943
1.0263561143412012
1.023587984634884
1.0244909432045142
1.0244909432045142
1.0238888799815304
1.0238888799815304
1.0238888799815304
1.0223083368368073
1.0223083368368073
1.0223083368368073
1.0223083368368073
1.022251889041708
1.022251889041708
1.023092204550045
1.0215560920538187
1.0215560920538187
1.0229424993456862
1.0229424993456862
1.0229424993456862
1.0226668170970679
1.0226668170970679
1.0222773020123828
1.0230635096222385
1.022580265422996
1.0224674727128946
1.0206237678010839
1.023156855606882
1.027660240689547
1.027660240689547
1.0262380502958623
1.0262380502958623
1.02641986333174
1.02641986333174
1.02641986333174
1.0261530082398738
1.0261530082398738
1.0249588034951629
1.0249588034951629
1.0249588034951629
1.0238148005425278
1.0263156202779498
1.0263156202779498
1.0263156202779498
1.0263156202779498
1.0263156202779498
1.0263156202779498
1.0263156202779498
1.0263156202779498
1.0263156202779498
1.0263156202779498
1.0266094061504019
1.0266094061504019
1.0279737485827083
1.030369410339079
1.0289702984836473
1.0289702984836473
1.0289702984836473
1.0295925055576691
1.028293206395829
1.028293206395829
1.028293206395829
1.0329305473444756
1.0329305473444756
1.0329305473444756
1.031481354207746
1.031481354207746
1.031481354207746
1.0291594061971157
1.0291594061971157
1.0314873623809198
1.0301209838241538
1.0301209838241538
1.0301209838241538
1.0302642257945769
1.031786812828671
1.031786812828671
1.031786812828671
1.0337869193788318
1.0336934103264546
1.0336934103264546
1.0310491307932117
1.0310491307932117
1.0310491307932117
1.0300019732619194
1.032063549201376
1.032063549201376
1.03175603053785
1.0315007570196462
1.0318685677896302
1.0318685677896302
1.0318685677896302
1.0303736884854586
1.0303736884854586
1.0303736884854586
1.0287516045490714
1.0303974810838614
1.0303974810838614
1.0318372350193705
1.0306467789044718
1.0306467789044718
1.0296338349788097
1.0293507539324898
1.0293507539324898
1.0293507539324898
1.02739240291853
1.027120017439731
1.027721532188282
1.027883872909291
1.027883872909291
1.027883872909291
1.027883872909291
1.027883872909291
1.027883872909291
1.027883872909291
1.027883872909291
1.027883872909291
1.027883872909291
1.027883872909291
1.027883872909291
1.027883872909291
1.0284546497481584
1.029321973632846
1.0304959543054015
1.0281698135592032
1.0281698135592032
1.0264974889681149
1.023964985930597
1.023964985930597
1.023964985930597
1.021736492486007
1.021736492486007
1.021736492486007
1.021736492486007
1.0209641452861056
1.0209641452861056
1.0209039298477356
1.0209039298477356
1.0219056271278304
1.019985063316665
1.019985063316665
1.020815397718913
1.022065664388545
1.0224721402709476
1.0224721402709476
1.0231707361543805
1.021689592251092
1.021689592251092
1.0212195979016527
1.0212195979016527
1.0212195979016527
1.0212195979016527
1.0212195979016527
1.0207105989265333
1.0205436024927659
1.0218460662661966
1.0231714215006227
1.0231714215006227
1.0231714215006227
1.0231714215006227
1.028173986033269
1.026573719895288
1.026573719895288
1.0276633665933987
1.0312688287810527
1.031923954659233
1.031923954659233
1.031923954659233
1.0312409396295157
1.0312409396295157
1.0312409396295157
1.0312409396295157
1.0312409396295157
1.0312409396295157
1.0317147313139754
1.0317147313139754
1.0317147313139754
1.03331933774099
1.0293601542528727
1.0277982029851511
1.0277982029851511
1.0277982029851511
1.0277982029851511
1.0277982029851511
1.0277982029851511
1.028350213911526
1.0273569204554653
1.0273569204554653
1.0273569204554653
1.0273569204554653
1.0273278642284274
1.0279872766400482
1.028158130016286
1.028158130016286
1.028158130016286
1.028158130016286
1.028551809690768
1.029019071416073
1.029743356722907
1.029743356722907
1.029743356722907
1.029743356722907
1.0303315136774875
1.0303315136774875
1.0303315136774875
1.030382850295926
1.030382850295926
1.030382850295926
1.032165371109633
1.029828134074637
1.029828134074637
1.029828134074637
1.029828134074637
1.029804561855562
1.029804561855562
1.031996463802469
1.0321233976543354
1.0321233976543354
1.0336501143116372
1.0336501143116372
1.0336501143116372
1.03178807516641
1.0324989152407804
1.0324989152407804
1.0324989152407804
1.032983294687407
1.032983294687407
1.032983294687407
1.032983294687407
1.0329231056618253
1.0329231056618253
1.0331558676801091
1.0327358678727407
1.0327358678727407
1.0327358678727407
1.0325817894762541
1.0325817894762541
1.0325817894762541
1.0325817894762541
1.0310946960282539
1.0310946960282539
1.0339632220961585
1.034866153824046
1.0341353425948454
1.0341353425948454
1.033612518089245
1.033612518089245
1.032175212412868
1.0311896930229416
1.0311896930229416
1.0311896930229416
1.0311896930229416
1.0311896930229416
1.0311896930229416
1.0311896930229416
1.0311896930229416
1.0311896930229416
1.0323578221687264
1.0323578221687264
1.0323578221687264
1.0323578221687264
1.0323578221687264
1.0315574023459215
1.0315574023459215
1.0315574023459215
1.0315574023459215
1.0315574023459215
1.0315574023459215
1.0315574023459215
1.0340342036465775
1.0340342036465775
1.0318762222405886
1.030515310191665
1.030515310191665
1.030515310191665
1.033495105014863
1.033495105014863
1.033495105014863
1.0329974544571419
1.0325556719587081
1.03541707694874
1.035397676071946
1.035397676071946
1.035397676071946
1.033138849881283
1.033138849881283
1.033138849881283
1.033138849881283
1.030549377758518
1.0311243507776788
1.030725379963635
1.030725379963635
1.030725379963635
1.0308709049555278
1.0305228624568967
1.0306568121861361
1.0306568121861361
1.034981827428042
1.034981827428042
1.0359630847847843
1.0359630847847843
1.0371900978342616
1.0371900978342616
1.03714857380045
1.03714857380045
1.033536873208989
1.033536873208989
1.033536873208989
1.0337227282390635
1.0345193770009238
1.0345193770009238
1.0345193770009238
1.033366924745734
1.033366924745734
1.033366924745734
1.033366924745734
1.033366924745734
1.033366924745734
1.033366924745734
1.0329952005679433
1.0305789180597242
1.0311736815861758
1.0312549382930076
1.0300941786950915
1.0325122353793288
1.0305294716441755
1.0305294716441755
1.0293095164553518
1.0293095164553518
1.029787998454711
1.0311468542657467
1.0311468542657467
1.0315689798274315
1.0311823409719927
1.0311823409719927
1.0311823409719927
1.0311823409719927
1.0311823409719927
1.0300898887898409
1.0294422359464228
1.0294422359464228
1.0294422359464228
1.0294422359464228
1.0294422359464228
1.0290744162084868
1.0295494625891886
1.0308548469284664
1.0308548469284664
1.0308548469284664
1.0309132459313277
1.0309132459313277
1.0309132459313277
1.0309132459313277
1.0309132459313277
1.0309132459313277
1.0309132459313277
1.0309132459313277
1.0291356843004935
1.0265211757381199
1.0262749838139769
1.0274722318454808
1.0257338096687365
1.0247885701468167
1.0247885701468167
1.0240684349329785
1.0232974261782901
1.0232974261782901
1.0232974261782901
1.0232974261782901
1.0232974261782901
1.0232974261782901
1.0237486496856867
1.0237486496856867
1.0237486496856867
1.0229642764537628
1.0229642764537628
1.0229642764537628
1.025243231857864
1.0250996428899366
1.0267949178248925
1.0267949178248925
1.0257720243526636
1.0257720243526636
1.0257720243526636
1.0257720243526636
1.0257720243526636
1.0257720243526636
1.0257720243526636
1.0257720243526636
1.0257720243526636
1.0257720243526636
1.0257720243526636
1.0257720243526636
1.0257720243526636
1.0265165883733365
1.0265165883733365
1.0266535933192757
1.0269270669862836
1.0295555006774393
1.0295555006774393
1.0306664942633474
1.0323192370707446
1.032390271315899
1.032390271315899
1.0323578220522336
1.0323578220522336
1.0324863413739152
1.0324863413739152
1.0324863413739152
1.0324863413739152
1.0312253788701873
1.0323907053432342
1.0323907053432342
1.0323907053432342
1.0323907053432342
1.0286711251835563
1.0286711251835563
1.0287214993211398
1.0287214993211398
1.0287214993211398
1.0287214993211398
1.027936166036181
1.027936166036181
1.027936166036181
1.027936166036181
1.026384515911687
1.0239973394906983
1.0241661629757925
1.0241661629757925
1.0241661629757925
1.0241661629757925
1.0241661629757925
1.0241560076811418
1.0241560076811418
1.0241560076811418
1.0241560076811418
1.0245650651890532
1.025113296073967
1.0257739945851234
1.0257739945851234
1.0257739945851234
1.0257739945851234
1.0259093776821584
1.0289846927131419
1.0292914221191998
1.0292914221191998
1.0286873614704302
1.0296259631635643
1.0292754441565635
1.0292754441565635
1.0292754441565635
1.0292754441565635
1.0292754441565635
1.0292754441565635
1.0292754441565635
1.0292754441565635
1.030032370281938
1.030367516877223
1.0283496648370567
1.028910346952165
1.0273690174608705
1.027826495601668
1.028398299892443
1.028398299892443
1.028398299892443
1.028398299892443
1.028398299892443
1.028398299892443
1.027932470620359
1.027932470620359
1.0269015857075232
1.0249930863626107
1.0249930863626107
1.0254876413997918
1.0274147869941639
1.0243062123333266
1.0246508350983203
1.0246508350983203
1.0246508350983203
1.0246508350983203
1.0246508350983203
1.0279861668503196
1.026685200464824
1.026787049257124
1.0243032238664145
1.024417539917771
1.024417539917771
1.024417539917771
1.0263163318657482
1.0263163318657482
1.0263163318657482
1.0257100373821966
1.0284753576775425
1.0271560036007341
1.0271560036007341
1.0271560036007341
1.0277626126711965
1.0277626126711965
1.0276852962591492
1.0276852962591492
1.0274409394528807
1.0309452594704642
1.0323019048252235
1.0323019048252235
1.0323019048252235
1.0323019048252235
1.0323019048252235
1.0342052423928372
1.0308805713671911
1.0321095094494313
1.0321095094494313
1.0321095094494313
1.0321095094494313
1.0333169083535332
1.0294469400101567
1.0294469400101567
1.0294469400101567
1.0294469400101567
1.0270430359660996
1.0288512435121422
1.027527097197442
1.027527097197442
1.027527097197442
1.030630666657108
1.030630666657108
1.030630666657108
1.0291640135835347
1.0291640135835347
1.0277442944034516
1.0277442944034516
1.0277442944034516
1.0277442944034516
1.0277442944034516
1.0277442944034516
1.0277442944034516
1.0277442944034516
1.0277442944034516
1.0278177181862853
1.0278177181862853
1.0251551513248391
1.0251551513248391
1.0251551513248391
1.0251551513248391
1.023469673296804
1.0253548913077952
1.0253548913077952
1.0253548913077952
1.0253548913077952
1.026963365934599
1.026963365934599
1.0289524869066287
1.0297481466133687
1.0297481466133687
1.0297481466133687
1.0297481466133687
1.0297481466133687
1.0297481466133687
1.0276481184251036
1.0276481184251036
1.0278051959957317
1.0259007587174973
1.025986435620648
1.025986435620648
1.025986435620648
1.025986435620648
1.025986435620648
1.0260580362784755
1.0260580362784755
1.026801199624276
1.026801199624276
1.026801199624276
1.0250224771068708
1.0250224771068708
1.0259753974105263
1.0249269655325828
1.0263917256521753
1.0263917256521753
1.0263917256521753
1.0263917256521753
1.0271125258754255
1.0271125258754255
1.025698751973258
1.025698751973258
1.025698751973258
1.025698751973258
1.025698751973258
1.025698751973258
1.025698751973258
1.025698751973258
1.025698751973258
1.025169845095989
1.025169845095989
1.025169845095989
1.025169845095989
1.021653802953029
1.021653802953029
1.021653802953029
1.0239079426065831
1.0239079426065831
1.0239079426065831
1.0222927135090296
1.0251966932551853
1.0245347387092893
1.0245280977167726
1.0245280977167726
1.0245280977167726
1.024496761353102
1.0290904438112698
1.0290904438112698
1.0290904438112698
1.0306505204322673
1.0306505204322673
1.0304643705039216
1.030159242858211
1.030159242858211
1.030159242858211
1.030159242858211
1.030159242858211
1.0289636753540194
1.030482184916909
1.030482184916909
1.0297661104228106
1.0297661104228106
1.0297661104228106
1.0295941667480353
1.0295941667480353
1.0295941667480353
1.0301127010637199
1.0301127010637199
1.0301127010637199
1.028118691729245
1.029905850728857
1.029134431414932
1.029134431414932
1.0324372160274593
1.0324372160274593
1.0319988253227572
1.0319988253227572
1.0315455835578287
1.0315455835578287
1.0315455835578287
1.0315455835578287
1.0318912209123705
1.0318912209123705
1.0339429149412054
1.0324515766902533
1.0324515766902533
1.0324515766902533
1.0338003470905086
1.0338003470905086
1.0317312683276618
1.030344369567192
1.030344369567192
1.030344369567192
1.030344369567192
1.029880650874449
1.0301117807986648
1.028692172586456
1.028692172586456
1.028692172586456
1.028692172586456
1.028692172586456
1.0285286002683485
1.0285286002683485
1.0286509025448232
1.0281871210997082
1.0281871210997082
1.0248992596508655
1.0248992596508655
1.021545493271215
1.021545493271215
1.021545493271215
1.021545493271215
1.021545493271215
1.023029669213398
1.023029669213398
1.023029669213398
1.0237136416009915
1.0242976740126029
1.0242976740126029
1.0242976740126029
1.0242976740126029
1.0239076439830812
1.0239076439830812
1.0239076439830812
1.0239076439830812
1.0260614501434144
1.0260614501434144
1.0257872494725246
1.027341392293096
1.027341392293096
1.027944006083471
1.027202630814389
1.027202630814389
1.0268502868919565
1.0268502868919565
1.0248065409640055
1.0248065409640055
1.0248065409640055
1.0248065409640055
1.0248065409640055
1.0284265060777034
1.0284265060777034
1.0284265060777034
1.0258639077618572
1.024575027980011
1.024575027980011
1.024575027980011
1.024575027980011
1.024575027980011
1.024575027980011
1.0234018744875097
1.0262086673525792
1.027621281419992
1.026290068477122
1.024584399696473
1.024584399696473
1.0235823670349904
1.0235823670349904
1.0265754419026316
1.0265754419026316
1.0265754419026316
1.0265754419026316
1.0273630399161677
1.0273630399161677
1.0273396201933107
1.0273396201933107
1.0271676982747013
1.0278757636031237
1.0278757636031237
1.0267147967381474
1.0274459037929151
1.0277175800069407
1.0268130788435255
1.0268130788435255
1.0293384309990572
1.0293384309990572
1.0301755104483412
1.0331531502394236
1.0331531502394236
1.0331531502394236
1.0331531502394236
1.0331531502394236
1.032523382332066
1.032523382332066
1.0312439476468374
1.0312439476468374
1.0307070523903485
1.0307070523903485
1.0333853214442392
1.035525206516747
1.0343293673131977
1.0343293673131977
1.0349137730760636
1.0349137730760636
1.0349137730760636
1.0349137730760636
1.0309400630019718
1.0309400630019718
1.0314567217568378
1.0314567217568378
1.0317350946547033
1.03193251643417
1.03193251643417
1.03193251643417
1.03193251643417
1.0320796510902535
1.0320796510902535
1.0320796510902535
1.0320796510902535
1.0320796510902535
1.0320796510902535
1.0320796510902535
1.0320796510902535
1.0320796510902535
1.0320796510902535
1.0320796510902535
1.0320796510902535
1.0320796510902535
1.0320796510902535
1.0326956644927767
1.0326956644927767
1.0326956644927767
1.0334876320094917
1.0336996248149612
1.0336996248149612
1.0330739424412163
1.0330739424412163
1.0304273789247724
1.0304273789247724
1.030444610614352
1.0325177710085476
1.0338414050875917
1.0338414050875917
1.0352805417678435
1.0339143812842002
1.0339143812842002
1.0339143812842002
1.0337423591358226
1.033948641777485
1.0359574996326322
1.0332890982127045
1.032344949550777
1.032344949550777
1.0332968166885779
1.0332968166885779
1.0332968166885779
1.0310264162590526
1.0338749654492034
1.0338749654492034
1.0342792675398071
1.0342792675398071
1.0342792675398071
1.0342792675398071
1.0348874901685827
1.0348874901685827
1.0348874901685827
1.0364830248952308
1.0364830248952308
1.0364830248952308
1.0364830248952308
1.0364830248952308
1.0350013144700467
1.0350013144700467
1.0338084211357397
1.0316685018710237
1.0316685018710237
1.0316570160398681
1.0321273884779956
1.0321273884779956
1.032498099327449
1.032498099327449
1.0334021345370155
1.0334021345370155
1.0334021345370155
1.0334021345370155
1.0334021345370155
1.0334021345370155
1.0327706112264654
1.0318126515505248
1.0318126515505248
1.0318126515505248
1.0318126515505248
1.0318126515505248
1.0318126515505248
1.0318126515505248
1.0322944780158505
1.0322944780158505
1.029325941030718
1.029325941030718
1.0296510114920918
1.0296510114920918
1.0296510114920918
1.0296510114920918
1.0291861766010815
1.0291861766010815
1.0284651446739903
1.0284651446739903
1.0284651446739903
1.0284651446739903
1.028463831514898
1.028513337704667
1.0289481078176177
1.0289481078176177
1.02912212347554
1.02912212347554
1.02912212347554
1.0318442381292607
1.0318442381292607
1.0318442381292607
1.0293817220420323
1.0293817220420323
1.0293817220420323
1.03204906380396
1.0327895797828035
1.0337759793445243
1.0337759793445243
1.0322156080800766
1.0322156080800766
1.0322156080800766
1.0322156080800766
1.0322156080800766
1.0322156080800766
1.0323782914310502
1.0325245036147335
1.0338985892978843
1.0338985892978843
1.0339724390151181
1.0335169841291618
1.0323091202526482
1.0323091202526482
1.0323091202526482
1.0323091202526482
1.03541788112809
1.03541788112809
1.032386850157773
1.0357285115162438
1.0356518017610865
1.0356518017610865
1.0356518017610865
1.0356518017610865
1.0356518017610865
1.0341747283007092
1.034994386491149
1.0307029327149266
1.0307029327149266
1.0314499548734
1.0314499548734
1.0321411731205739
1.032774846026874
1.032774846026874
1.032774846026874
1.0348521370254022
1.0348521370254022
1.0348521370254022
1.0343598987244405
1.0343598987244405
1.032989719545624
1.032989719545624
1.0330930493177128
1.0330930493177128
1.034583778534944
1.0331499252934635
1.0331499252934635
1.0331499252934635
1.0331499252934635
1.0331499252934635
1.029494110670055
1.030243544223428
1.030243544223428
1.030243544223428
1.0289574991999397
1.027173242773774
1.027173242773774
1.027173242773774
1.0278263413113609
1.0293136964064191
1.0293136964064191
1.0314743386736356
1.0308782289408016
1.0310021595640109
1.0310021595640109
1.0310021595640109
1.0311272340664879
1.0314882972727208
1.0314882972727208
1.032589980414877
1.033459100944143
1.033459100944143
1.0377803143332764
1.0377803143332764
1.0376242012536363
1.0376242012536363
1.0376242012536363
1.0387836231523913
1.0387833787641352
1.0348113675786055
1.0353073945039044
1.0353073945039044
1.0367749811650209
1.0374103332864981
1.0374103332864981
1.0374103332864981
1.0374103332864981
1.0361503334663884
1.0360376647864313
1.0360376647864313
1.0360376647864313
1.0359672200667576
1.0359672200667576
1.0359672200667576
1.036131625148508
1.036131625148508
1.0345694268914327
1.0345694268914327
1.0368938660048017
1.034315079543693
1.034315079543693
1.033794540681462
1.033794540681462
1.033794540681462
1.0337767023509206
1.0329517033382822
1.0329517033382822
1.0341149919566133
1.0341149919566133
1.0340349771457091
1.0340761903257247
1.0340761903257247
1.0340761903257247
1.0340761903257247
1.0340761903257247
1.035058916260318
1.035058916260318
1.035058916260318
1.035058916260318
1.039158586382173
1.0382198154620874
1.0382833568000385
1.0405210861488088
1.039452827141431
1.039452827141431
1.039452827141431
1.038681654808748
1.038703951819205
1.038703951819205
1.038703951819205
1.038703951819205
1.038703951819205
1.038703951819205
1.038703951819205
1.038703951819205
1.038703951819205
1.0373769140318179
1.0373769140318179
1.0364992207059334
1.0364992207059334
1.0364992207059334
1.0370866062504842
1.0378008094688682
1.0373178985588198
1.0394171479305934
1.0394171479305934
1.035978506784615
1.035978506784615
1.0371502466156766
1.0371502466156766
1.0371502466156766
1.0371502466156766
1.0370010774248015
1.0370010774248015
1.0370010774248015
1.0370010774248015
1.03520206694058
1.0352483923025797
1.0352483923025797
1.0352483923025797
1.0365492770571467
1.0370662952200718
1.0362517110656164
1.0367491111302907
1.0367491111302907
1.0387002080018977
1.0411187864915445
1.0411187864915445
1.0411187864915445
1.0411187864915445
1.0417267823812177
1.0417267823812177
1.0417267823812177
1.0417267823812177
1.0417267823812177
1.0419512050426654
1.0419512050426654
1.0425459910120243
1.0416372583358477
1.036310424835778
1.036310424835778
1.036310424835778
1.036310424835778
1.036310424835778
1.036310424835778
1.03550734803845
1.03550734803845
1.03550734803845
1.0365967256540098
1.0365967256540098
1.0381457668564416
1.0381457668564416
1.0381457668564416
1.0380617872488398
1.0381654153049535
1.0381654153049535
1.0381654153049535
1.0381654153049535
1.036487026373717
1.036487026373717
1.0390383788090232
1.0390383788090232
1.038449476459489
1.0390403108556678
1.035266242478869
1.035266242478869
1.035266242478869
1.035266242478869
1.0356259228616533
1.0356259228616533
1.03320063624883
1.0330319157565306
1.0330319157565306
1.0337750991412618
1.0337750991412618
1.0337750991412618
1.0337750991412618
1.0337750991412618
1.0368485556365954
1.036307959880566
1.0353701399191777
1.0353701399191777
1.0353701399191777
1.0353701399191777
1.0377547646651035
1.0377547646651035
1.0377547646651035
1.0377547646651035
1.0377547646651035
1.0377547646651035
1.0377547646651035
1.0377547646651035
1.0377547646651035
1.0386417631476246
1.038595655910199
1.038595655910199
1.038595655910199
1.0384738706673393
1.0384738706673393
1.0390001446109267
1.0388175696314006
1.0388175696314006
1.0388175696314006
1.0388175696314006
1.0380704460428263
1.037933699464002
1.0353423448060166
1.034466103450383
1.0340233445336067
1.0329194426716959
1.0329194426716959
1.0329194426716959
1.0329194426716959
1.0344824902103853
1.0357518507630499
1.0357518507630499
1.0357518507630499
1.0357518507630499
1.0357518507630499
1.036739079402731
1.036739079402731
1.036739079402731
1.037174050389401
1.0357459568351668
1.0357459568351668
1.0357459568351668
1.0357459568351668
1.0357459568351668
1.0357459568351668
1.0373128631322217
1.0373128631322217
1.0359833472128026
1.0359833472128026
1.0359833472128026
1.0359833472128026
1.0341540751213358
1.0348650113431446
1.0348650113431446
1.0348650113431446
1.0359806877848765
1.0359806877848765
1.0354694339067911
1.035612352190373
1.0352670452465629
1.0352670452465629
1.0352670452465629
1.0352670452465629
1.0345526485093273
1.0345526485093273
1.0345526485093273
1.0345526485093273
1.0345526485093273
1.0333908728595356
1.0307328927696218
1.0302167250278638
1.0302167250278638
1.0302167250278638
1.03079399807062
1.0309710796932023
1.0309710796932023
1.0309775582072553
1.0333862103323443
1.0333862103323443
1.0333862103323443
1.0333862103323443
1.0333862103323443
1.0333862103323443
1.0345001427075808
1.033806312627429
1.033806312627429
1.033806312627429
1.033806312627429
1.033806312627429
1.0324134778766259
1.0340076683611445
1.031688238829982
1.0314259735695879
1.0330166884936245
1.0313312891942428
1.0305652606065947
1.0305652606065947
1.0294059802075444
1.0294059802075444
1.0294059802075444
1.0294059802075444
1.0294059802075444
1.0294059802075444
1.0289407295263124
1.028675902701136
1.0293473224392553
1.028526083828346
1.0284277147511083
1.028236349435598
1.028236349435598
1.028236349435598
1.028236349435598
1.028236349435598
1.028236349435598
1.028236349435598
1.028236349435598
1.027982763195063
1.027982763195063
1.0303358043922979
1.0304822916040466
1.0304822916040466
1.0304822916040466
1.0304822916040466
1.0304822916040466
1.0304822916040466
1.0304822916040466
1.032013336076117
1.032013336076117
1.0328024272771
1.0328024272771
1.0328024272771
1.034112212758459
1.034112212758459
1.0348180040869703
1.0348180040869703
1.0348180040869703
1.0331203421230937
1.0331203421230937
1.0302147519003304
1.0302147519003304
1.0313451534873124
1.029075104581834
1.0289298739047856
1.02954702963183
1.02954702963183
1.0280458546412687
1.0280458546412687
1.0280458546412687
1.0274091298964443
1.0264689144638168
1.0264689144638168
1.0264689144638168
1.0270886099846745
1.0270886099846745
1.026790514549817
1.026790514549817
1.0295373794632459
1.0314906684382332
1.0329543915866146
1.0329543915866146
1.0329543915866146
1.0329543915866146
1.0327887827418398
1.0327887827418398
1.0315003135675687
1.0315003135675687
1.0306126621154224
1.0306126621154224
1.03067688349322
1.0283703659729369
1.0296166510610805
1.031251949656528
1.031251949656528
1.031251949656528
1.031251949656528
1.0312963726821547
1.0312963726821547
1.0312963726821547
1.0289826362795245
1.03285844111722
1.03285844111722
1.0325432069995848
1.0325432069995848
1.032007408981023
1.0351287691857654
1.0351287691857654
1.0351287691857654
1.0348715774146797
1.0361667913442778
1.0388778635449747
1.0377688033398864
1.0377688033398864
1.0375366495032299
1.0375366495032299
1.0359472112550125
1.035431954157562
1.035431954157562
1.0366261051072343
1.0377579780079933
1.0377579780079933
1.0377579780079933
1.0412147545812005
1.0411030407943689
1.0411030407943689
1.04104920315802
1.0425982142110677
1.0425982142110677
1.0433277680055473
1.0433277680055473
1.0433277680055473
1.0433277680055473
1.0407191540180762
1.0407191540180762
1.0384436924108704
1.0384436924108704
1.0384436924108704
1.0381746060827277
1.0381746060827277
1.0408185755496964
1.0369054235965816
1.0369054235965816
1.0369054235965816
1.0369054235965816
1.0369054235965816
1.0369054235965816
1.0369054235965816
1.0369054235965816
1.0369054235965816
1.0378673462804684
1.0387563248366563
1.041118092236194
1.0391653142960404
1.0391653142960404
1.0391653142960404
1.0391653142960404
1.0418662490901403
1.0395526696805006
1.0395526696805006
1.0377067375601925
1.036734902987759
1.036734902987759
1.036734902987759
1.036734902987759
1.0369279782983372
1.0351213952703273
1.0351213952703273
1.0351213952703273
1.032009456246037
1.0313888653250565
1.0315688697338634
1.0296256265766868
1.0296256265766868
1.0296256265766868
1.0296256265766868
1.0296256265766868
1.0303692928466692
1.029855240620276
1.032197595119613
1.030269721514189
1.030269721514189
1.030269721514189
1.030828424229536
1.0308733474949758
1.0324596700618733
1.0303674450725822
1.0303674450725822
1.0317609039393103
1.0317609039393103
1.0317609039393103
1.0318034960420523
1.030985500931969
1.030985500931969
1.030985500931969
1.030985500931969
1.030985500931969
1.030985500931969
1.030985500931969
1.0338474959867616
1.0338921721505034
1.0340797753743276
1.028512478612634
1.0308105360243414
1.0308105360243414
1.0307581836850215
1.0307581836850215
1.0307581836850215
1.0307581836850215
1.0307581836850215
1.0304207297862162
1.0304207297862162
1.0304207297862162
1.0304207297862162
1.0318628926830742
1.0318628926830742
1.0318628926830742
1.0336121505360807
1.0333739496153864
1.0333739496153864
1.0333739496153864
1.0347365026390307
1.0341802558449782
1.03150125668935
1.03150125668935
1.03150125668935
1.03150125668935
1.0306138531947793
1.0269236959962436
1.0269236959962436
1.0269236959962436
1.0269236959962436
1.0269236959962436
1.0269236959962436
1.0269236959962436
1.0263716214518954
1.0251805624914963
1.0251805624914963
1.0251805624914963
1.0251805624914963
1.0268417964493202
1.0268417964493202
1.0283882964592619
1.0283882964592619
1.0283882964592619
1.0286887339255877
1.0286887339255877
1.0286887339255877
1.0282623724019595
1.0269510755105273
1.0269510755105273
1.0269510755105273
1.0269510755105273
1.0268521613354586
1.0268521613354586
1.0246383576213667
1.0306524338475427
1.0303302319509582
1.0303302319509582
1.0303302319509582
1.0317786330494438
1.033097264391973
1.033097264391973
1.032880880338041
1.0341178472158037
1.0341178472158037
1.0344334105275297
1.0344334105275297
1.0355445632040883
1.0355445632040883
1.0364024775618177
1.0371029588009648
1.0371029588009648
1.03651149903724
1.03651149903724
1.03651149903724
1.034083912654255
1.034083912654255
1.034083912654255
1.034083912654255
1.034083912654255
1.0364647159691283
1.0370997851396828
1.0370997851396828
1.0370997851396828
1.0370997851396828
1.035771437477257
1.0340399866816545
1.034461163226782
1.034461163226782
1.034461163226782
1.034461163226782
1.034652291468913
1.0367293329589757
1.0367293329589757
1.0362712025880538
1.0364239634318757
1.0364239634318757
1.0349446490004126
1.0349446490004126
1.0349446490004126
1.0344601502943367
1.0344601502943367
1.0339251513842842
1.031823062658773
1.034051522236449
1.034051522236449
1.034751606041926
1.034751606041926
1.0334099774691294
1.0327243416322047
1.0327243416322047
1.0345013572901058
1.0345013572901058
1.0345013572901058
1.033811422187905
1.033811422187905
1.033811422187905
1.033811422187905
1.0338355494414304
1.0338355494414304
1.033152832462386
1.03487303577691
1.03487303577691
1.03487303577691
1.03487303577691
1.03487303577691
1.03487303577691
1.0324952640042468
1.0314820298986345
1.0314820298986345
1.0310534448807684
1.0320441126383044
1.033300306915922
1.0330423712402945
1.0346284993161297
1.0346284993161297
1.0346284993161297
1.0345155071546166
1.035748841970629
1.035748841970629
1.035748841970629
1.035748841970629
1.035748841970629
1.0328020574974321
1.0310979411297165
1.0328370561535618
1.0328370561535618
1.0353489602900388
1.0312324164192186
1.0310608053060153
1.0310608053060153
1.0298472484732848
1.0298472484732848
1.0299353754403848
1.0282811640414493
1.0282811640414493
1.0282811640414493
1.0282811640414493
1.0282811640414493
1.029008177669317
1.029008177669317
1.0299020817762734
1.0276216232181834
1.0276216232181834
1.0276216232181834
1.0276216232181834
1.0273489040811161
1.0273489040811161
1.029860868670885
1.029860868670885
1.0281294068225904
1.026920757197686
1.026920757197686
1.0269738182179717
1.0267841227839412
1.0267841227839412
1.0253477569376976
1.024575197633798
1.024575197633798
1.024575197633798
1.0273527238610447
1.0272481866584575
1.0301186464033232
1.0301186464033232
1.0301186464033232
1.0301186464033232
1.0292856573025766
1.0292856573025766
1.0288755882607907
1.0288755882607907
1.029514545757559
1.029514545757559
1.029514545757559
1.029514545757559
1.029514545757559
1.0293960326761573
1.0293960326761573
1.0293960326761573
1.0293960326761573
1.0290966012758251
1.0290966012758251
1.0290966012758251
1.0290966012758251
1.0238162525777657
1.0282705801076577
1.0282705801076577
1.0282705801076577
1.0294346302819244
1.0294346302819244
1.0294346302819244
1.0294346302819244
1.0294346302819244
1.0292567124088097
1.0292567124088097
1.0311028663083328
1.0298421515229481
1.0298421515229481
1.0298421515229481
1.0296546409765168
1.0296546409765168
1.0296546409765168
1.0313706162643397
1.0312534515405825
1.0312534515405825
1.0312534515405825
1.0320291768596455
1.0320291768596455
1.0320291768596455
1.0310347866025036
1.0309262094228373
1.0309262094228373
1.0334722342445053
1.0334722342445053
1.0336006567743083
1.0336006567743083
1.0336006567743083
1.0336006567743083
1.0336006567743083
1.032507495219577
1.0327952983282918
1.0327952983282918
1.0328928646931972
1.0328928646931972
1.031619830173422
1.032508216417504
1.032508216417504
1.0363442940756316
1.0352234499411694
1.0352234499411694
1.0344076643081916
1.0337084811158275
1.0333385188615984
1.0333385188615984
1.0333385188615984
1.032452241524273
1.0356630385203243
1.0363277975165024
1.0359775780357334
1.0363061506458195
1.0346456342525367
1.034696694253727
1.0388522023060816
1.0390229546841159
1.0386463108876747
1.0386463108876747
1.0359035250550725
1.036990423146318
1.036990423146318
1.036990423146318
1.0354054977698393
1.0354054977698393
1.0354371942962632
1.0354371942962632
1.0354371942962632
1.0354371942962632
1.0344315419705685
1.0344315419705685
1.0351398822664921
1.0351398822664921
1.0351398822664921
1.0362293442750452
1.0362293442750452
1.0379994154894538
1.0379994154894538
1.0379994154894538
1.0379994154894538
1.0379994154894538
1.0354834229271732
1.0354834229271732
1.0354834229271732
1.0354834229271732
1.0354834229271732
1.0365932445347432
1.0365932445347432
1.0359399915248297
1.0359399915248297
1.0359399915248297
1.0359399915248297
1.0359399915248297
1.0366630258676475
1.0366630258676475
1.0366630258676475
1.0365032048767602
1.0365032048767602
1.0365032048767602
1.0365032048767602
1.0373716578803218
1.0373716578803218
1.0373716578803218
1.0380934727156592
1.0380934727156592
1.0380934727156592
1.0380934727156592
1.0391078563464098
1.0391078563464098
1.0377963874541218
1.0372329990797855
1.0372329990797855
1.03673888856304
1.0350026110879091
1.0389692401939123
1.0378146280338765
1.0368608841745144
1.0368608841745144
1.0368608841745144
1.0368608841745144
1.0368608841745144
1.0363896337290792
1.0375045933828848
1.0375045933828848
1.0375045933828848
1.0375045933828848
1.0359421167659473
1.0359421167659473
1.0358195541222608
1.0358195541222608
1.0358195541222608
1.0346650203752987
1.0346650203752987
1.0346650203752987
1.0323854850876608
1.0323854850876608
1.0323854850876608
1.0323854850876608
1.0323854850876608
1.0323854850876608
1.031421375726009
1.034267315421426
1.034267315421426
1.0314672461665761
1.0313486609804132
1.0309169119924655
1.0323347391371307
1.033329925191254
1.03239703909426
1.0343060907488344
1.034297860161276
1.034297860161276
1.034297860161276
1.0305262391386207
1.0291870638927745
1.0291870638927745
1.0291870638927745
1.0287029412185296
1.0287029412185296
1.0287029412185296
1.0287029412185296
1.0287029412185296
1.0287029412185296
1.029023705685833
1.0298420647454747
1.0298420647454747
1.0315964593672993
1.0318190895054133
1.0318190895054133
1.0318190895054133
1.033586352663591
1.0340979948932978
1.0334111152606713
1.0334111152606713
1.0334111152606713
1.0319555619857632
1.0315133860065953
1.0307192519416177
1.0302858891639304
1.0302858891639304
1.0302858891639304
1.0280136803252273
1.0285028556492901
1.0285028556492901
1.028725491702925
1.0280188135248214
1.0295228958837632
1.0295228958837632
1.0295228958837632
1.0310471095478906
1.0310471095478906
1.0322968995508763
1.0313827007154093
1.030266981779772
1.029926907999476
1.0303289131258775
1.0293861148721344
1.0293861148721344
1.03100488814581
1.03100488814581
1.0310261716168787
1.0310261716168787
1.0311175034681916
1.0311175034681916
1.0319180928541494
1.0319180928541494
1.0319180928541494
1.0319180928541494
1.0319180928541494
1.0319180928541494
1.0328365409792997
1.0328365409792997
1.0334917581511645
1.0334917581511645
1.0305669344515391
1.0298962097510904
1.0330470526059579
1.0352545088356047
1.0352545088356047
1.0354840378044599
1.039940103333979
1.0406191688831194
1.0406191688831194
1.0368506438351899
1.0368506438351899
1.0372727184091
1.0372727184091
1.0372251684901617
1.0345741180656074
1.0366677808325604
1.036914230837609
1.0383433643368685
1.0376705034346363
1.0376705034346363
1.0353644558243502
1.0301866643323276
1.0301866643323276
1.0301866643323276
1.0301866643323276
1.0301866643323276
1.0293554941913723
1.0293554941913723
1.0293554941913723
1.0279079624485299
1.0279079624485299
1.0279079624485299
1.0279079624485299
1.0279079624485299
1.031562341813862
1.031562341813862
1.031562341813862
1.0307174314753504
1.0290676198457944
1.0290676198457944
1.0293425052476741
1.0293425052476741
1.0293425052476741
1.0293425052476741
1.0293425052476741
1.0299846206246663
1.0299846206246663
1.0299755517845317
1.0299755517845317
1.029405092846875
1.029405092846875
1.029405092846875
1.0313829629769162
1.0313829629769162
1.0354327727415649
1.0354272978311214
1.033849477164052
1.0305466710715103
1.0305466710715103
1.0305466710715103
1.0318648670499748
1.0319545556205976
1.0329097211166711
1.0349267113429097
1.03178860087111
1.03178860087111
1.0316108944987288
1.0315596563325795
1.0315596563325795
1.0313130758134494
1.0313130758134494
1.0305916553282832
1.0305916553282832
1.0328494106647519
1.0322465705480535
1.0322465705480535
1.0322465705480535
1.0324009406201557
1.0281241033375954
1.0281241033375954
1.0281241033375954
1.0281241033375954
1.0268203467517278
1.0268203467517278
1.0268203467517278
1.0268203467517278
1.0268203467517278
1.0268203467517278
1.0257201043421005
1.0268376569131807
1.0264627762342855
1.0264627762342855
1.0264627762342855
1.026384557073748
1.026384557073748
1.026384557073748
1.026384557073748
1.0257460640737621
1.0257460640737621
1.0257460640737621
1.02484670253628
1.02484670253628
1.025484911497236
1.025484911497236
1.0244697688463325
1.0244697688463325
1.0237328671199333
1.0237328671199333
1.023352932085734
1.025615513510918
1.025615513510918
1.0281665861443334
1.0299593523821404
1.029512257300687
1.029512257300687
1.0309355243174554
1.03457485197728
1.0343213141859349
1.0328637646642973
1.0328754856411029
1.0328754856411029
1.0328754856411029
1.03208278630454
1.0335231236404026
1.0335072535997525
1.0317457000867185
1.0317457000867185
1.0317457000867185
1.0317457000867185
1.0317457000867185
1.0317457000867185
1.0337849119284073
1.0326760311860015
1.0317267587213874
1.0317267587213874
1.0317267587213874
1.03109846054567
1.0309469619109126
1.029811438970205
1.029811438970205
1.029811438970205
1.029811438970205
1.0288151205298144
1.0288151205298144
1.0287571312542483
1.0287571312542483
1.0287571312542483
1.0287571312542483
1.0287571312542483
1.0287571312542483
1.0287571312542483
1.0279103040145454
1.0279103040145454
1.0265409874573865
1.0265409874573865
1.0300924877130968
1.0300924877130968
1.0300924877130968
1.0318696356590913
1.0318696356590913
1.0344748027851167
1.0332125823551859
1.0332125823551859
1.0332125823551859
1.0332125823551859
1.0332125823551859
1.0332125823551859
1.029497723717912
1.029497723717912
1.029497723717912
1.029497723717912
1.029497723717912
1.0279704774943714
1.0279704774943714
1.0279704774943714
1.0279704774943714
1.0279704774943714
1.0289443802588976
1.026047054031059
1.0279742653806478
1.0279742653806478
1.0279742653806478
1.0279742653806478
1.0276979446438912
1.0283749860829858
1.0283749860829858
1.0283749860829858
1.0283749860829858
1.0285539161067756
1.0260701144771818
1.0260701144771818
1.0245799907501396
1.026825070643528
1.0274712342959376
1.0274712342959376
1.0274712342959376
1.0288909412200602
1.0288909412200602
1.0284779014981182
1.0284779014981182
1.0284779014981182
1.0284779014981182
1.0284779014981182
1.0284779014981182
1.0291826749551132
1.029804373311517
1.029804373311517
1.0282591355342208
1.0282591355342208
1.0286261002655823
1.0298282040617865
1.0288870525815614
1.0288870525815614
1.0288870525815614
1.027630251448432
1.0274430746284475
1.0273849298933733
1.0273849298933733
1.026569931498713
1.026569931498713
1.0249069762502245
1.0246841507562023
1.025821147711106
1.025821147711106
1.0261910497009756
1.0261910497009756
1.0261910497009756
1.0285672092281215
1.0285672092281215
1.026416837855036
1.0252213879989418
1.0252213879989418
1.0252213879989418
1.0249864503176724
1.0249864503176724
1.026923467545386
1.0284886105865283
1.0302962178307788
1.0302962178307788
1.0302962178307788
1.0319599561944044
1.0319599561944044
1.029390929435983
1.0340574341178048
1.0340574341178048
1.037369850421079
1.037369850421079
1.0334573803266722
1.0334573803266722
1.0334573803266722
1.0334573803266722
1.0334573803266722
1.0334573803266722
1.0334573803266722
1.0334573803266722
1.0358285065224522
1.0316208992359792
1.0316208992359792
1.0291794542087809
1.0269789120760195
1.0297732797829828
1.030417480447443
1.0314972476095967
1.0309982781025713
1.0309982781025713
1.0309982781025713
1.0309982781025713
1.0309982781025713
1.0309982781025713
1.0294974292526222
1.0294974292526222
1.0294974292526222
1.0294974292526222
1.0294974292526222
1.0294974292526222
1.0294974292526222
1.0297903383190132
1.0297903383190132
1.028322775542436
1.028322775542436
1.028322775542436
1.028322775542436
1.028322775542436
1.0280170334721608
1.0280170334721608
1.0280170334721608
1.0276960076994575
1.030891380870997
1.0302903500484295
1.0297072617156584
1.0297072617156584
1.0297072617156584
1.029977679363073
1.029977679363073
1.0283901772574064
1.0283901772574064
1.0283901772574064
1.0282858288599876
1.031520066066958
1.0287352719400602
1.0287352719400602
1.028662108621539
1.028662108621539
1.0329132298131296
1.032810648045058
1.0328089766674036
1.0311768033633457
1.0322726111534881
1.0352741282488789
1.0366565683439872
1.0366565683439872
1.0363901680738434
1.0363901680738434
1.0363901680738434
1.0347674296030775
1.0347674296030775
1.0341975600878401
1.0356267413293365
1.0356267413293365
1.0356267413293365
1.0356267413293365
1.0356267413293365
1.0356280439840944
1.0356280439840944
1.0356280439840944
1.036855040972278
1.0373568496264576
1.0371549075172406
1.03442698233963
1.03442698233963
1.0340036661310466
1.0340036661310466
1.0348873806066539
1.0324696549062349
1.0324696549062349
1.0324696549062349
1.0383619188863658
1.0362659253876951
1.0362659253876951
1.0362659253876951
1.0362659253876951
1.0369704649669673
1.0369704649669673
1.0369704649669673
1.0369704649669673
1.0371161565208453
1.037909373284578
1.037909373284578
1.037909373284578
1.037909373284578
1.0351130646964586
1.0351130646964586
1.0351130646964586
1.0351130646964586
1.0351130646964586
1.036260787497075
1.0335606539227153
1.0335606539227153
1.0335606539227153
1.0335606539227153
1.0328442812424579
1.0328442812424579
1.0332776024867005
1.0341036884374548
1.034878959167056
1.0345573959938685
1.0345573959938685
1.0345573959938685
1.0328433008123497
1.033585436306961
1.033585436306961
1.033585436306961
1.033585436306961
1.034197735679577
1.0337953701781968
1.0337953701781968
1.031868231339287
1.0332767277717498
1.0332767277717498
1.0332767277717498
1.0332767277717498
1.0332767277717498
1.0332767277717498
1.0332767277717498
1.0344999005818032
1.0344999005818032
1.0344999005818032
1.0344999005818032
1.0344999005818032
1.0319559327324352
1.030174637145646
1.0289070980618222
1.0315010496933055
1.0315010496933055
1.0315010496933055
1.0315010496933055
1.032245106240134
1.032245106240134
1.032245106240134
1.032245106240134
1.0316951562605003
1.0316951562605003
1.030803104520355
1.030803104520355
1.030803104520355
1.030803104520355
1.0270658016708716
1.0270658016708716
1.0270658016708716
1.0262712684980686
1.0262712684980686
1.0290201063397542
1.0290201063397542
1.0290201063397542
1.0290027928582903
1.0290984697688343
1.0290984697688343
1.0290984697688343
1.0297952796486272
1.0333310125562805
1.0333310125562805
1.034047535531668
1.034047535531668
1.034047535531668
1.034047535531668
1.034047535531668
1.034047535531668
1.034047535531668
1.0351980582085483
1.0351980582085483
1.0340180718011664
1.0351164692851098
1.0351164692851098
1.0351164692851098
1.0351164692851098
1.033598987613235
1.033598987613235
1.033598987613235
1.0341098814005567
1.0341098814005567
1.0341098814005567
1.0341054710101791
1.0341054710101791
1.0341054710101791
1.034028877411382
1.034028877411382
1.034028877411382
1.035032599498776
1.0331082452427405
1.0331082452427405
1.0331082452427405
1.0331082452427405
1.0331082452427405
1.0331082452427405
1.0331082452427405
1.031469160568289
1.0326137954904244
1.0326137954904244
1.0326137954904244
1.0309322231779365
1.0324790396427284
1.0324790396427284
1.0324860007409586
1.0324860007409586
1.0324860007409586
1.0324860007409586
1.0324860007409586
1.0322171386419494
1.030979892984501
1.030979892984501
1.030979892984501
1.030979892984501
1.030979892984501
1.0281324120277555
1.0281324120277555
1.0281324120277555
1.0281324120277555
1.0281324120277555
1.0281324120277555
1.0281324120277555
1.0281324120277555
1.0281324120277555
1.0281324120277555
1.029797565242949
1.0260540273926702
1.026069503614175
1.025603367000712
1.0273764228326598
1.0256905741888591
1.0256905741888591
1.0261979667843644
1.0261979667843644
1.025147186923459
1.025147186923459
1.025147186923459
1.0256733114803493
1.0256733114803493
1.025509455198471
1.0305136563038977
1.0305136563038977
1.0298405564775677
1.0298405564775677
1.0298405564775677
1.0298477771853298
1.0298477771853298
1.0306824868128308
1.0311563870055307
1.0311563870055307
1.0322722478763384
1.028598052192269
1.028598052192269
1.0291269400115353
1.0312518733027147
1.0312518733027147
1.030751275401367
1.030751275401367
1.0332614041603445
1.0332614041603445
1.0332614041603445
1.0349106281765312
1.0349106281765312
1.0349106281765312
1.0349106281765312
1.035086229413704
1.035086229413704
1.0332468469109317
1.0332468469109317
1.0332468469109317
1.0317914263493584
1.0317914263493584
1.0317914263493584
1.032798692764405
1.032798692764405
1.0307944754807306
1.028742135033781
1.028742135033781
1.0288179949005036
1.030400624815413
1.0313176568549773
1.0313176568549773
1.029795593528536
1.029795593528536
1.029795593528536
1.0294987351639873
1.0286947534656847
1.0286947534656847
1.0286947534656847
1.0278652473899048
1.0278652473899048
1.0278652473899048
1.03084788437792
1.0316439885102529
1.0316439885102529
1.0316439885102529
1.0316439885102529
1.031041582536397
1.031041582536397
1.031041582536397
1.031041582536397
1.031041582536397
1.0334265189787986
1.0348048481667387
1.0348048481667387
1.0348048481667387
1.0348048481667387
1.0348048481667387
1.0348048481667387
1.0348048481667387
1.037171930437722
1.037171930437722
1.037171930437722
1.0364249371817342
1.0364249371817342
1.0364249371817342
1.0360067897586007
1.0360067897586007
1.0360067897586007
1.0360067897586007
1.0360067897586007
1.0365232302176395
1.0365232302176395
1.0365232302176395
1.0365232302176395
1.0365232302176395
1.035492308880904
1.035492308880904
1.035492308880904
1.035492308880904
1.0338808011544243
1.0338808011544243
1.0299137625476926
1.0299137625476926
1.0299137625476926
1.0289647539600673
1.0289647539600673
1.0289647539600673
1.0317985622523804
1.0317985622523804
1.0317985622523804
1.031328626224232
1.031328626224232
1.031981361162666
1.031981361162666
1.0318160507714553
1.030853521396028
1.030853521396028
1.030853521396028
1.030853521396028
1.0283296195462739
1.0283296195462739
1.0283296195462739
1.0283296195462739
1.0283296195462739
1.0283263133050415
1.028116990670407
1.028116990670407
1.0319232726771628
1.0319232726771628
1.0319232726771628
1.031667958114605
1.031004278940802
1.031004278940802
1.0296932413354067
1.028995803669916
1.028995803669916
1.028995803669916
1.0310929458470366
1.0310929458470366
1.031255701407397
1.031255701407397
1.031255701407397
1.031255701407397
1.0302972928466836
1.030593348718295
1.0304373614420124
1.0324850303891653
1.0324850303891653
1.0315931691615836
1.0315931691615836
1.031959369057994
1.0315732904603256
1.0315732904603256
1.0315732904603256
1.0301199082637857
1.0283334974159235
1.0283334974159235
1.0283334974159235
1.0283334974159235
1.0283334974159235
1.0262255445000705
1.031660232961008
1.031660232961008
1.031660232961008
1.031660232961008
1.0325919614508148
1.0325919614508148
1.0331127286326907
1.0331127286326907
1.0316615411703156
1.0318502780299526
1.0318502780299526
1.0337667242568904
1.0322172603436301
1.0322172603436301
1.0328083235379077
1.0333608583653477
1.031988853722728
1.031988853722728
1.032463759932948
1.032463759932948
1.032463759932948
1.032463759932948
1.032463759932948
1.032463759932948
1.032463759932948
1.032303538653244
1.032303538653244
1.032303538653244
1.031121835699252
1.031121835699252
1.031121835699252
1.029336553841844
1.029336553841844
1.0306995931228828
1.0306995931228828
1.02943085930277
1.0297116393695183
1.030526702096624
1.030526702096624
1.030526702096624
1.030526702096624
1.0335481267941027
1.0335481267941027
1.0335481267941027
1.0335481267941027
1.0341428737049803
1.0350890601551
1.0343266779028126
1.0343266779028126
1.0343266779028126
1.0309784016229926
1.031127830193675
1.0316867377912065
1.0316867377912065
1.0346238482684063
1.033625755768891
1.0335771796427382
1.0348424154191644
1.0345748939862311
1.0345748939862311
1.0324210722666385
1.0324210722666385
1.0324210722666385
1.0317277086900507
1.0308433504146974
1.0327669666650812
1.0334657933972455
1.0337903972636135
1.0337903972636135
1.0337903972636135
1.0337903972636135
1.0345465491344574
1.0345465491344574
1.0345642779072897
1.0345642779072897
1.034223784083987
1.034223784083987
1.034223784083987
1.034223784083987
1.0324885783165674
1.0324885783165674
1.0324885783165674
1.0324885783165674
1.0316671744180523
1.0301054109719279
1.0301054109719279
1.0294972819732529
1.0289584800326008
1.0289584800326008
1.0289584800326008
1.0289584800326008
1.0289584800326008
1.0289584800326008
1.0289584800326008
1.0322564149189037
1.0311952523863652
1.0305887693482805
1.0333470947566343
1.0333470947566343
1.035435357123155
1.035435357123155
1.0343828007180604
1.0297409906719937
1.0320897932911817
1.0320897932911817
1.0320897932911817
1.0320897932911817
1.0320897932911817
1.0320897932911817
1.0320897932911817
1.0347318995843782
1.0347318995843782
1.0350720416568122
1.0319867137140841
1.0319867137140841
1.0319867137140841
1.0300659166636261
1.0300659166636261
1.0303305148387571
1.0303305148387571
1.0303305148387571
1.0303305148387571
1.0303305148387571
1.0303305148387571
1.0307970049144208
1.0275688419290774
1.0275688419290774
1.0275688419290774
1.0275688419290774
1.028319941849248
1.028319941849248
1.0277736456069462
1.0277736456069462
1.0277736456069462
1.0272077668648396
1.0272077668648396
1.0272077668648396
1.0272077668648396
1.0272077668648396
1.0285046704956275
1.0285046704956275
1.0294064263076492
1.0294064263076492
1.0316730191042776
1.0311642574869075
1.0315822494554687
1.0315822494554687
1.0315822494554687
1.0316770199751686
1.0316770199751686
1.0338430780079144
1.0338430780079144
1.0338430780079144
1.0338430780079144
1.0338430780079144
1.0338430780079144
1.0338430780079144
1.0294356625902639
1.0294356625902639
1.0290619764912752
1.0301338459900287
1.0301338459900287
1.0301338459900287
1.0289260165869727
1.0289260165869727
1.0289260165869727
1.0289260165869727
1.0277668400991442
1.0277668400991442
1.0266202523060162
1.0266202523060162
1.0290806120872082
1.0290806120872082
1.0290806120872082
1.0241555969095322
1.0250501354947013
1.0250501354947013
1.0236241595902242
1.0177279550040252
1.0177279550040252
1.0177279550040252
1.018289626961151
1.018289626961151
1.0184473506097163
1.0192935957599905
1.022156546369313
1.026504476557837
1.026504476557837
1.026504476557837
1.0268114483487711
1.0268114483487711
1.0268114483487711
1.0268114483487711
1.0289159682763473
1.0289159682763473
1.0289159682763473
1.0289159682763473
1.0289159682763473
1.0289159682763473
1.0289159682763473
1.0289159682763473
1.0289159682763473
1.0289159682763473
1.0289159682763473
1.0289159682763473
1.0289159682763473
1.0297593755067507
1.0306038131847626
1.0306038131847626
1.0299423071774376
1.0299423071774376
1.0299423071774376
1.0299423071774376
1.0299423071774376
1.0299423071774376
1.0299423071774376
1.0298404036994886
1.0298404036994886
1.0313888092011312
1.0313888092011312
1.0313888092011312
1.0313888092011312
1.0295067485336757
1.0295067485336757
1.0295067485336757
1.0294593407883705
1.0294593407883705
1.0303445422575193
1.0291877476586169
1.0291877476586169
1.0300071782639855
1.033718456888128
1.0341563006899803
1.0309207398206957
1.0309207398206957
1.032404769232462
1.032404769232462
1.034438457465205
1.034438457465205
1.034438457465205
1.034438457465205
1.0327263603370072
1.0327263603370072
1.0327263603370072
1.0327263603370072
1.0296747958201147
1.0296109688040267
1.0296109688040267
1.0292002586938487
1.0292002586938487
1.0304807100051696
1.0304807100051696
1.0308976029217722
1.0308976029217722
1.0308976029217722
1.0308976029217722
1.0306608119529277
1.0306608119529277
1.0306608119529277
1.0306608119529277
1.0306608119529277
1.0306608119529277
1.030443431195907
1.030443431195907
1.030443431195907
1.030443431195907
1.0313302070097468
1.0313302070097468
1.0305179416830599
1.0305179416830599
1.0305179416830599
1.0281758199412498
1.0281758199412498
1.0281758199412498
1.0250876196291396
1.0262016575501838
1.0259559853220845
1.0272581277371904
1.0272581277371904
1.0272581277371904
1.0272581277371904
1.0269626640786094
1.0274149909442742
1.0274149909442742
1.029100033008547
1.029100033008547
1.029100033008547
1.029100033008547
1.0309036239451614
1.0309036239451614
1.0309036239451614
1.0299660925992904
1.0306733790554596
1.0304187902634747
1.0304187902634747
1.0304187902634747
1.0304187902634747
1.0312770260064525
1.0312770260064525
1.0312770260064525
1.0312770260064525
1.0333802418039075
1.0333802418039075
1.0342335002108203
1.0342335002108203
1.03472638417871
1.035131483098759
1.035131483098759
1.035131483098759
1.034838482534939
1.034838482534939
1.0354082645515357
1.0354082645515357
1.0354082645515357
1.0354082645515357
1.0354082645515357
1.0354082645515357
1.036149313575482
1.0369104843707053
1.0369104843707053
1.0375585615619627
1.0360281269519762
1.0360841288703815
1.0360841288703815
1.0369474790137412
1.0376702821531734
1.0370218925038515
1.037849038021132
1.0376383450926938
1.0376383450926938
1.0376383450926938
1.0376383450926938
1.0376383450926938
1.0389216593730108
1.0389216593730108
1.0389216593730108
1.0382598698163432
1.0379558570376797
1.0375259568574646
1.037882662610795
1.037882662610795
1.0400046561192484
1.0400046561192484
1.0394764443452094
1.0394764443452094
1.0394764443452094
1.0394764443452094
1.0391109352022987
1.0391562596043369
1.0391562596043369
1.0391562596043369
1.0410220545574187
1.0410220545574187
1.0426629629475486
1.0426629629475486
1.0426629629475486
1.043578958129077
1.043578958129077
1.0369967216328382
1.0357230975178542
1.0357230975178542
1.0357230975178542
1.0357230975178542
1.0357230975178542
1.0357230975178542
1.036410602429424
1.0334309278077107
1.0334309278077107
1.0334309278077107
1.0334309278077107
1.0334309278077107
1.0329445859258173
1.0329445859258173
1.0337235465019903
1.0346060395005365
1.0346060395005365
1.0332077361317396
1.0324862032815614
1.0324862032815614
1.0324862032815614
1.0324862032815614
1.0328492077950562
1.0338096600605937
1.0338096600605937
1.0338096600605937
1.0338096600605937
1.0338096600605937
1.0338096600605937
1.0338096600605937
1.0338096600605937
1.0327764249371858
1.030099752892584
1.030099752892584
1.030099752892584
1.030099752892584
1.030099752892584
1.0271026805162342
1.0271026805162342
1.0282885069981993
1.0267898033972211
1.0267898033972211
1.0267898033972211
1.0282575001096856
1.0268367330795836
1.025465794635874
1.025465794635874
1.026083543423083
1.026083543423083
1.0228703955270653
1.025321598935169
1.026769479661001
1.0265181061598578
1.0265181061598578
1.026403145180294
1.026403145180294
1.0267009835544652
1.02331245420257
1.0232439757152856
1.0232439757152856
1.01983369637059
1.0203382876818312
1.0196843634941433
1.0196843634941433
1.0196843634941433
1.0246686643357865
1.0246686643357865
1.0246686643357865
1.0246686643357865
1.0246686643357865
1.0246686643357865
1.0246686643357865
1.0242078010840696
1.0242078010840696
1.024792960120736
1.0242381988864904
1.0256072650665322
1.0291746229373715
1.0291746229373715
1.0291746229373715
1.0274571643950519
1.0269884092010149
1.0269884092010149
1.0269884092010149
1.0269884092010149
1.0269884092010149
1.0269884092010149
1.0280621489674193
1.0280621489674193
1.0278828182963893
1.0278828182963893
1.027870235371965
1.0244955065349453
1.0244955065349453
1.0265515572475226
1.0265515572475226
1.0265515572475226
1.025675086735473
1.025675086735473
1.0266434630715522
1.0266434630715522
1.0297591500015557
1.0277508955939867
1.0277508955939867
1.0277508955939867
1.0281371000504729
1.0261603209313699
1.0268349130315495
1.026548833360527
1.0290791876218615
1.0308708515249982
1.030451396194182
1.030451396194182
1.0291513814294264
1.0291513814294264
1.0277468035098931
1.0279770294033497
1.0279770294033497
1.0279770294033497
1.0279770294033497
1.0279770294033497
1.0257953312123327
1.0257953312123327
1.0292177054621843
1.0295591662576205
1.029603525511484
1.029603525511484
1.029603525511484
1.029603525511484
1.029603525511484
1.030566490200069
1.0318399673536194
1.032173595321351
1.0315456579468338
1.0315941223530614
1.0315941223530614
1.032309441695931
1.032309441695931
1.032309441695931
1.032309441695931
1.032309441695931
1.0344680528681243
1.0344680528681243
1.033191508844837
1.033191508844837
1.033191508844837
1.033191508844837
1.033191508844837
1.0327237058554455
1.0298822433661823
1.0298822433661823
1.0298822433661823
1.0298822433661823
1.0298822433661823
1.0301221881202733
1.030338582180754
1.030338582180754
1.0318250784800505
1.0318250784800505
1.0312457556352406
1.0305897944311786
1.0305897944311786
1.0305897944311786
1.0305897944311786
1.0305897944311786
1.0305897944311786
1.0304744038942915
1.0304744038942915
1.0304744038942915
1.0304744038942915
1.0304744038942915
1.0304744038942915
1.0304744038942915
1.0304744038942915
1.0304524014781293
1.0304524014781293
1.0304524014781293
1.0304524014781293
1.032760259915127
1.0319684660140211
1.0315715986386753
1.0315715986386753
1.030907062233372
1.0306414522541325
1.030461070172548
1.0283237897055544
1.030400159848252
1.030699357015803
1.0307232957739358
1.0307232957739358
1.0307232957739358
1.0307232957739358
1.0307232957739358
1.0300568354118813
1.0300568354118813
1.0300568354118813
1.027965030720615
1.0279145212851517
1.0270418211809247
1.0270418211809247
1.0250658254073441
1.0222898540206669
1.0222898540206669
1.0222898540206669
1.0282755273096689
1.0282755273096689
1.0282755273096689
1.0282755273096689
1.028782277503547
1.028782277503547
1.028782277503547
1.027667055300458
1.0272077391635952
1.0272077391635952
1.02700991210023
1.02700991210023
1.02700991210023
1.026215043886308
1.026215043886308
1.026215043886308
1.026215043886308
1.0281533238312424
1.026885735963603
1.026885735963603
1.029337415531982
1.029337415531982
1.0266620872878254
1.0288628871518424
1.028498918153191
1.028498918153191
1.028498918153191
1.028498918153191
1.0273864639000285
1.0273864639000285
1.0269320066155907
1.0269320066155907
1.0269320066155907
1.0269320066155907
1.0283945633862286
1.0283945633862286
1.0266158399259098
1.0300907165509707
1.0284482737232317
1.0284482737232317
1.0284482737232317
1.0284482737232317
1.0284482737232317
1.0284482737232317
1.0334679911081837
1.0334679911081837
1.0335643481024965
1.0335643481024965
1.0335643481024965
1.0331188679333567
1.0330908014296696
1.0330908014296696
1.0330115068281591
1.0330115068281591
1.0330115068281591
1.0330115068281591
1.0330115068281591
1.0328489077198546
1.033114212531895
1.033114212531895
1.0317825974633803
1.0317825974633803
1.0317825974633803
1.0317825974633803
1.0317825974633803
1.0329981565105688
1.0329981565105688
1.0322613504425533
1.0316482361989954
1.0334640134041864
1.0334640134041864
1.0334640134041864
1.0334640134041864
1.0334640134041864
1.0334640134041864
1.0305317698738552
