0.9961109775078585
0.9961109775078585
0.9961109775078585
0.9961109775078585
0.9961109775078585
0.9961109775078585
0.9961109775078585
0.9961109775078585
0.9961109775078585
0.9961109775078585
0.9961109775078585
0.9961109775078585
0.9961109775078585
0.9961109775078585
0.9961109775078585
0.9961109775078585
0.9961109775078585
0.9961109775078585
0.9961109775078585
0.9961109775078585
0.9961109775078585
0.9961109775078585
0.9961109775078585
0.9961109775078585
0.9961109775078585
0.9961109775078585
0.9961109775078585
0.9961109775078585
0.9961109775078585
0.9961109775078585
0.9961109775078585
0.9961109775078585
0.9961109775078585
0.9961109775078585
0.9961109775078585
0.9961109775078585
0.9961109775078585
0.9961109775078585
0.9961109775078585
0.9961109775078585
0.9961109775078585
0.9961109775078585
0.9961109775078585
0.9961109775078585
0.9961109775078585
0.9961109775078585
0.9961109775078585
0.9961109775078585
0.9961109775078585
0.9961109775078585
0.9961109775078585
0.9961109775078585
0.9961109775078585
0.9961109775078585
0.9961109775078585
0.9961109775078585
0.9961109775078585
0.9961109775078585
0.9961109775078585
0.9961109775078585
0.9961109775078585
0.9961109775078585
0.9961109775078585
0.9961109775078585
0.9961109775078585
0.9961109775078585
0.9961109775078585
0.9961109775078585
0.9961109775078585
0.9961109775078585
0.9961109775078585
0.9961109775078585
0.9961109775078585
0.9961109775078585
0.9961109775078585
0.9961109775078585
0.9961109775078585
0.9961109775078585
0.9961109775078585
0.9961109775078585
0.9961109775078585
0.9961109775078585
0.9961109775078585
0.9961109775078585
0.9961109775078585
0.9961109775078585
0.9961109775078585
0.9961109775078585
0.9961109775078585
0.9961109775078585
0.9961109775078585
0.9961109775078585
0.9961109775078585
0.9961109775078585
0.9961109775078585
0.9961109775078585
0.9961109775078585
0.9961109775078585
0.9961109775078585
0.9961109775078585
0.994653511828294
0.9938324668404778
0.9938324668404778
0.9926579534435853
0.9908386264815522
0.989530388625609
0.987704668460231
0.987704668460231
0.987704668460231
0.987704668460231
0.9839006997445926
0.9812553997677385
0.9837744325229806
0.9828912623633937
0.9838013330456521
0.9838013330456521
0.9838013330456521
0.9838013330456521
0.9851079441372222
0.9851079441372222
0.9850173990514651
0.9850173990514651
0.9850173990514651
0.986980251021127
0.986980251021127
0.986980251021127
0.986980251021127
0.9939381992030639
0.9960683376489892
0.9978313066572605
0.999928982311359
0.999928982311359
1.0003363700334298
0.9965624305806438
0.9965624305806438
0.9963705031985673
0.9963705031985673
0.9963705031985673
0.9962798137343181
0.9962798137343181
0.9980216106364593
0.9980216106364593
1.004630053565565
1.0060222494538231
1.0050834372174189
1.0033843172439287
1.00412768769791
1.00412768769791
1.00412768769791
1.00412768769791
1.0100749577914414
1.0103457086869696
1.008994325467843
1.010084810522022
1.010084810522022
1.010084810522022
1.010084810522022
1.0151202303548483
1.018975341558944
1.018975341558944
1.018975341558944
1.018975341558944
1.0179293411240167
1.017071608982158
1.0192811354835902
1.0192811354835902
1.0192811354835902
1.0213799272804047
1.0239012620670933
1.0239012620670933
1.0222133285060238
1.0222133285060238
1.0222133285060238
1.0222133285060238
1.0218270572200985
1.0209033681166522
1.0209033681166522
1.0209033681166522
1.0238421634874546
1.0238421634874546
1.023441172506032
1.023441172506032
1.0240069369983211
1.0240069369983211
1.022346836666812
1.022524121849362
1.022524121849362
1.0227238339093376
1.0227238339093376
1.0227238339093376
1.0219167804129416
1.0209828484031607
1.0209828484031607
1.0216363327817017
1.0211591578415031
1.0211591578415031
1.0208068876321772
1.0208068876321772
1.026022869540684
1.026022869540684
1.0268691200049813
1.0265894091074637
1.0261543299543046
1.026517509205919
1.026517509205919
1.026517509205919
1.0270982890346259
1.0270982890346259
1.0257438040351383
1.0274911862787646
1.0305377384013519
1.0305377384013519
1.031948542938827
1.031948542938827
1.0332027853145223
1.0332027853145223
1.0332027853145223
1.0332027853145223
1.0332027853145223
1.0332027853145223
1.0332027853145223
1.0344471253577772
1.0344471253577772
1.0344471253577772
1.0344471253577772
1.0326421819935567
1.0356781415228222
1.0356781415228222
1.036482220847875
1.036482220847875
1.0369226535301261
1.0362160207256164
1.0362160207256164
1.0362160207256164
1.0362160207256164
1.0362160207256164
1.0363842192498651
1.0363842192498651
1.0363842192498651
1.035800655166553
1.035800655166553
1.0345447561351573
1.0345447561351573
1.0345447561351573
1.0339057520005461
1.0318737853438367
1.0307414810347986
1.0311790981755384
1.0311790981755384
1.0311790981755384
1.0311790981755384
1.0311790981755384
1.031737261616558
1.031737261616558
1.031737261616558
1.031737261616558
1.031737261616558
1.031737261616558
1.0298085734118256
1.0298085734118256
1.0298085734118256
1.0298085734118256
1.0298085734118256
1.030239317009574
1.030239317009574
1.030239317009574
1.030239317009574
1.030239317009574
1.030239317009574
1.030239317009574
1.030469345154567
1.0330515094631312
1.0330515094631312
1.0330515094631312
1.0339605073347917
1.0339605073347917
1.0339605073347917
1.0339605073347917
1.0339605073347917
1.0330260993716112
1.0330260993716112
1.0330260993716112
1.0350946402169772
1.0350946402169772
1.035771288019382
1.035771288019382
1.0365206940748408
1.0365206940748408
1.0365206940748408
1.0365206940748408
1.0364339293980818
1.0364339293980818
1.0364339293980818
1.0364339293980818
1.037513358608403
1.0360840561979383
1.0360840561979383
1.0371704813414004
1.0362129748903497
1.0362129748903497
1.0334256630487741
1.033794614648408
1.035549055915446
1.0336377614662224
1.0346556995984182
1.034480365192372
1.034480365192372
1.034480365192372
1.034099625381616
1.0331968664182538
1.032250916432333
1.0331656960708437
1.0331656960708437
1.0312400568099938
1.0312400568099938
1.0339128730849512
1.0351826171614782
1.0351826171614782
1.0337016163718014
1.0322762096337315
1.033264721535578
1.033264721535578
1.0326641647181614
1.0329686219839418
1.0329686219839418
1.0323065891654597
1.0323065891654597
1.0323065891654597
1.030741571708253
1.030741571708253
1.0293350703431114
1.030208605838445
1.030208605838445
1.0288040963622687
1.0278563251039858
1.0278563251039858
1.0277959785012056
1.0277959785012056
1.0277959785012056
1.0277959785012056
1.0267174930139948
1.0267174930139948
1.0295572487123827
1.0295572487123827
1.0295572487123827
1.0303851025074837
1.0303851025074837
1.0303851025074837
1.0301112900237062
1.029238755731172
1.029238755731172
1.0288585503787575
1.0288585503787575
1.0288585503787575
1.0288585503787575
1.0291247450751153
1.0284422015748131
1.0284422015748131
1.0298661339251223
1.0291487719718564
1.030080550866983
1.030080550866983
1.0305967953529116
1.0329056161276728
1.030462953590087
1.0304716453290774
1.0304716453290774
1.0304716453290774
1.0304716453290774
1.0304716453290774
1.0304716453290774
1.0316619453294422
1.0316619453294422
1.0314142657766476
1.0314142657766476
1.0309119237936777
1.0309119237936777
1.0304751729999266
1.0304751729999266
1.0291649971703836
1.0284350639564548
1.0284350639564548
1.0284350639564548
1.0284350639564548
1.0294543160791658
1.0294543160791658
1.028431331514088
1.029267550052296
1.029267550052296
1.029267550052296
1.029267550052296
1.029267550052296
1.029267550052296
1.0309057882268866
1.0294102595213501
1.028529419072688
1.027165367753874
1.027165367753874
1.0285422498977035
1.0291211335638746
1.0291211335638746
1.0291211335638746
1.0291211335638746
1.0291211335638746
1.0314168927226266
1.030010815881072
1.0269255603026064
1.0269255603026064
1.0300449275391534
1.0300449275391534
1.0300449275391534
1.0313120049918865
1.0313120049918865
1.0313120049918865
1.0313120049918865
1.0313120049918865
1.0313120049918865
1.0318518353502548
1.0300900473082408
1.0300900473082408
1.0297298828344792
1.0318282130942689
1.0318999761876095
1.0351786890088153
1.0351786890088153
1.0334570957193845
1.0334570957193845
1.0334570957193845
1.0334570957193845
1.0337507371294976
1.0337507371294976
1.0349436508823888
1.0323235028307842
1.030874189539871
1.031037111111849
1.031037111111849
1.031037111111849
1.031037111111849
1.032379513143882
1.032379513143882
1.032379513143882
1.032379513143882
1.0322797998326922
1.0312971640103479
1.0312971640103479
1.031522718867504
1.0327204937212278
1.0327204937212278
1.0327204937212278
1.0327204937212278
1.0327204937212278
1.0324940363047952
1.0324940363047952
1.0348932588636854
1.0348932588636854
1.032953379399612
1.032953379399612
1.032953379399612
1.032953379399612
1.032953379399612
1.0339597980619926
1.0336585707024908
1.0343618392674816
1.0343873642397978
1.036326316248169
1.036326316248169
1.036326316248169
1.036326316248169
1.036326316248169
1.0364814120059591
1.0364814120059591
1.0353639071597578
1.0353639071597578
1.035277881154059
1.035277881154059
1.0356007833015637
1.0359213275201136
1.0359213275201136
1.0352880560433673
1.0352880560433673
1.0352880560433673
1.0365082956794374
1.0385551002604805
1.0361044573634308
1.0361044573634308
1.0361044573634308
1.0349093645471248
1.0349093645471248
1.0349093645471248
1.0349093645471248
1.0355396081571338
1.0346733190915915
1.0349220709795517
1.034945685796544
1.034945685796544
1.034945685796544
1.0344589753333118
1.0344589753333118
1.0344589753333118
1.0353104426849469
1.0394024664986585
1.0394024664986585
1.0394024664986585
1.0394024664986585
1.0382715183298847
1.0382715183298847
1.0361640735784168
1.0361640735784168
1.0389970705439513
1.038363034491773
1.038363034491773
1.038363034491773
1.038363034491773
1.038363034491773
1.0384645731118156
1.0372941839718215
1.0372941839718215
1.0372941839718215
1.0372941839718215
1.0372941839718215
1.0372941839718215
1.0372941839718215
1.0372941839718215
1.0372941839718215
1.038470187308581
1.038470187308581
1.0390506572687908
1.0390506572687908
1.0417825333777242
1.0417825333777242
1.0417825333777242
1.0417825333777242
1.0437010833833842
1.0444486365801273
1.0444486365801273
1.0444486365801273
1.0444486365801273
1.0444486365801273
1.0444486365801273
1.0444486365801273
1.0444486365801273
1.0444486365801273
1.0446393262735394
1.0446393262735394
1.0446393262735394
1.0446393262735394
1.0446393262735394
1.0446393262735394
1.0447841349685698
1.042842866891116
1.042842866891116
1.042842866891116
1.0423942781782045
1.0423942781782045
1.0423942781782045
1.0423942781782045
1.0423942781782045
1.040580869683097
1.040580869683097
1.040580869683097
1.040580869683097
1.0402009603483242
1.0407389847767623
1.041121771284925
1.041121771284925
1.041121771284925
1.0402377596172594
1.0402377596172594
1.0373694496475874
1.0373122923572258
1.0373122923572258
1.0373122923572258
1.0373122923572258
1.0373122923572258
1.0381791469117894
1.0381791469117894
1.0379967912770662
1.0387532315382677
1.0387532315382677
1.0372700953533198
1.0372700953533198
1.0372700953533198
1.0367885184496337
1.0367885184496337
1.0367885184496337
1.0367885184496337
1.034132126370701
1.035247911155576
1.035247911155576
1.035247911155576
1.035247911155576
1.035247911155576
1.0353762577889285
1.0353762577889285
1.0353762577889285
1.0353762577889285
1.0388557523945974
1.0403064183371526
1.040270266963932
1.0400478087291178
1.0410236953675172
1.0410236953675172
1.0410236953675172
1.0419657278201149
1.041165635456824
1.0412720944193532
1.0408225830217985
1.0408225830217985
1.0408225830217985
1.0408225830217985
1.0397855803972222
1.0397855803972222
1.0397855803972222
1.0388000700098046
1.0388000700098046
1.0388000700098046
1.0386319542296694
1.0386319542296694
1.0386319542296694
1.0386319542296694
1.0391589406480188
1.0380421690596984
1.0380421690596984
1.0380421690596984
1.0368642481332273
1.0368642481332273
1.0368642481332273
1.0368642481332273
1.0368642481332273
1.0361673576989814
1.0361673576989814
1.0361673576989814
1.0364533717697786
1.0372606418814498
1.0372606418814498
1.0372606418814498
1.0372606418814498
1.0372606418814498
1.0372606418814498
1.0372606418814498
1.0372606418814498
1.0372606418814498
1.0371178862938157
1.03761772865924
1.03761772865924
1.0373154285628283
1.0373154285628283
1.0373154285628283
1.0373154285628283
1.0384000591264249
1.0384000591264249
1.0364931781109068
1.0327476059892218
1.0335916989885707
1.0361905638917097
1.0361905638917097
1.0361905638917097
1.0361905638917097
1.0361905638917097
1.0361905638917097
1.0361905638917097
1.0363585746706179
1.0357267751152512
1.0357267751152512
1.0357267751152512
1.0357267751152512
1.035304603550587
1.035304603550587
1.035304603550587
1.035304603550587
1.035304603550587
1.035304603550587
1.0364282326600665
1.0364282326600665
1.0358146840825244
1.0370722402819685
1.0366861901882376
1.0366861901882376
1.0358218905649936
1.0358218905649936
1.0358218905649936
1.0341332517693513
1.0341332517693513
1.0357890755810581
1.0357890755810581
1.0357890755810581
1.035970575045655
1.0349674254074037
1.0349674254074037
1.0349674254074037
1.0349674254074037
1.0343295529369785
1.0339499783393542
1.0339499783393542
1.0339499783393542
1.0339499783393542
1.0339499783393542
1.0339499783393542
1.0339499783393542
1.0339499783393542
1.0339499783393542
1.0370075709250892
1.0370075709250892
1.0354641675980216
1.0354641675980216
1.0354641675980216
1.0354641675980216
1.0354512360991681
1.032985657354724
1.032985657354724
1.032985657354724
1.032680001852011
1.032680001852011
1.032680001852011
1.0329582208257284
1.0329582208257284
1.0342014276365095
1.0377047302461324
1.0376714329977197
1.0375193194395465
1.036571360805682
1.0381358429933616
1.0381358429933616
1.0397134732475295
1.0397134732475295
1.0397134732475295
1.0391777022567033
1.0374455273286856
1.0374455273286856
1.0374455273286856
1.0367057506986355
1.034495387187368
1.0348348566372711
1.0348348566372711
1.0342342722645395
1.0342342722645395
1.0342342722645395
1.0319073898488507
1.0319073898488507
1.0298883259118132
1.0298883259118132
1.0327428855025071
1.0327428855025071
1.0327428855025071
1.0358243115403198
1.0358243115403198
1.0349008504481911
1.0350329642423173
1.0350329642423173
1.0350329642423173
1.0350329642423173
1.0350329642423173
1.035481070899094
1.035481070899094
1.0362662043385056
1.0374725186174918
1.0344016261369464
1.0344016261369464
1.0344016261369464
1.0344016261369464
1.0344016261369464
1.0350957906122598
1.035867269007402
1.035867269007402
1.035867269007402
1.0336892354428555
1.0336892354428555
1.0328376845597387
1.036212007274519
1.0381723246224328
1.0381723246224328
1.0381723246224328
1.0381723246224328
1.0381723246224328
1.036103346700597
1.036103346700597
1.0343128171785931
1.0346299737049054
1.0346299737049054
1.0360360614722666
1.0361471462090657
1.0361471462090657
1.0360952040981886
1.0344300142085514
1.0344300142085514
1.0344300142085514
1.0362803675848533
1.0362803675848533
1.0364958622004172
1.0364958622004172
1.0364958622004172
1.0374853810810656
1.0374853810810656
1.0374853810810656
1.038344225917141
1.0363190749265012
1.0388524240269545
1.0388524240269545
1.0409954862246664
1.0409954862246664
1.042111195402005
1.041401478565513
1.041401478565513
1.0418766766162293
1.0392651601581637
1.0408384337666277
1.0397841280459454
1.0395936111603248
1.0405026506761794
1.0400147276036946
1.0397222845907914
1.0389383812669672
1.0389383812669672
1.0389383812669672
1.0389383812669672
1.0381239964929396
1.0381239964929396
1.0381239964929396
1.0381239964929396
1.0381239964929396
1.033993827652158
1.0360173405065107
1.0360173405065107
1.0360173405065107
1.0360173405065107
1.032882601770464
1.0328787244146445
1.0328787244146445
1.0328787244146445
1.0359772098591742
1.0359772098591742
1.0359772098591742
1.0359772098591742
1.0355443321531939
1.0355443321531939
1.034297064890806
1.0326828692674672
1.0326828692674672
1.0326828692674672
1.0326828692674672
1.0327602318497182
1.0327602318497182
1.035567850821886
1.035567850821886
1.035567850821886
1.035567850821886
1.0329840549705351
1.0329840549705351
1.0342945986927166
1.033767702371608
1.033334735917371
1.033334735917371
1.0310934101001947
1.03173242414831
1.0323697938747936
1.0323697938747936
1.0323697938747936
1.0323697938747936
1.0323697938747936
1.0323697938747936
1.0341058973990405
1.0330971410577232
1.0330971410577232
1.0330971410577232
1.0330971410577232
1.0330971410577232
1.0319324842630082
1.034240377532392
1.034240377532392
1.0333849096207663
1.033726602171936
1.033726602171936
1.033726602171936
1.033726602171936
1.033726602171936
1.033726602171936
1.033726602171936
1.033726602171936
1.033726602171936
1.0335569746631332
1.0335569746631332
1.0335966100305638
1.0335966100305638
1.0331930921931876
1.0320127006273625
1.0296241608869416
1.0296241608869416
1.0287911708277324
1.0287911708277324
1.0293623649870665
1.0293623649870665
1.02850930269442
1.02850930269442
1.02850930269442
1.02850930269442
1.0247410395897552
1.0247410395897552
1.0247410395897552
1.0247410395897552
1.0247410395897552
1.0247410395897552
1.0247410395897552
1.0273794547739539
1.0273794547739539
1.0260878618131042
1.0282421035084675
1.0282421035084675
1.0282421035084675
1.0282421035084675
1.0282421035084675
1.0282421035084675
1.030260260112862
1.030260260112862
1.0310997963015123
1.0310997963015123
1.0310997963015123
1.0310997963015123
1.0321639750122586
1.0321639750122586
1.0321639750122586
1.0341850849179641
1.0341850849179641
1.0346406536417991
1.0346406536417991
1.0346406536417991
1.0346406536417991
1.0339695226594248
1.0339695226594248
1.0339695226594248
1.035232546607642
1.035232546607642
1.035232546607642
1.035232546607642
1.0357435046131047
1.035892707468348
1.0345621507806488
1.0345621507806488
1.0345621507806488
1.0345621507806488
1.0345621507806488
1.0345621507806488
1.0345621507806488
1.0345621507806488
1.0345621507806488
1.0344881893630367
1.0344881893630367
1.034023881413897
1.0338475887728342
1.0338475887728342
1.0324963210174778
1.0324963210174778
1.0316825280941817
1.0316825280941817
1.0316825280941817
1.0316825280941817
1.0316825280941817
1.0316825280941817
1.0313450695395185
1.0313450695395185
1.0312903794911585
1.0314959594174884
1.030591838053214
1.029867291152009
1.029469415594532
1.029469415594532
1.0307796429128733
1.0316269807283123
1.0319787960244318
1.0319787960244318
1.0323087065673655
1.0323087065673655
1.0328972458298307
1.034066179431271
1.034066179431271
1.0325351761495114
1.031834752265608
1.031834752265608
1.031834752265608
1.0323751887677335
1.0323751887677335
1.0323751887677335
1.0323751887677335
1.0316464015402835
1.0292741088667299
1.0310200048289744
1.0310200048289744
1.0310200048289744
1.0310200048289744
1.033345581022356
1.033345581022356
1.0334778450478272
1.0334778450478272
1.0334778450478272
1.0334778450478272
1.0334778450478272
1.0334778450478272
1.0334778450478272
1.0334778450478272
1.0334778450478272
1.0334778450478272
1.0334778450478272
1.033523849755397
1.0309520211590633
1.0309520211590633
1.0309520211590633
1.0309520211590633
1.0307814730513762
1.031052389379638
1.031052389379638
1.0300672104293616
1.0325981770867843
1.0325981770867843
1.0325981770867843
1.0325981770867843
1.0332661710657065
1.0332661710657065
1.0315522318882262
1.0315522318882262
1.0315522318882262
1.0315522318882262
1.030246402309832
1.0311986647482652
1.0311986647482652
1.0297604835557432
1.0297604835557432
1.0327916696589023
1.0327916696589023
1.0305364723410138
1.0305364723410138
1.0310977172131703
1.0310977172131703
1.0310977172131703
1.0310977172131703
1.0288218061546939
1.0292727583364243
1.0292727583364243
1.0292727583364243
1.0292727583364243
1.0292727583364243
1.0292727583364243
1.028170000622387
1.0269779868948432
1.0276789617447257
1.0286597968477733
1.028774427785497
1.028774427785497
1.028774427785497
1.028774427785497
1.0303345736463678
1.0303345736463678
1.0303345736463678
1.0299285286343847
1.0299285286343847
1.0308647667297521
1.0284569875556293
1.0278683085992537
1.0278683085992537
1.0278683085992537
1.0278683085992537
1.0278683085992537
1.0278683085992537
1.0278683085992537
1.0278683085992537
1.0298101120389074
1.0298101120389074
1.0298101120389074
1.0298101120389074
1.0306322020503595
1.0306322020503595
1.0306322020503595
1.0306322020503595
1.0306322020503595
1.0318981707542092
1.0318981707542092
1.0325188570024004
1.0331463963059149
1.0325155738210632
1.0325155738210632
1.033998391114368
1.033998391114368
1.033998391114368
1.032978064885136
1.032978064885136
1.032978064885136
1.032682456173504
1.034299107021636
1.034299107021636
1.034299107021636
1.031619708587517
1.031619708587517
1.031619708587517
1.031619708587517
1.0305066931299773
1.0306779160890682
1.0306779160890682
1.0306779160890682
1.0339906564899017
1.029899333119084
1.029899333119084
1.029899333119084
1.029899333119084
1.0281770089916196
1.0288391925017562
1.028888384365026
1.0284022704921447
1.0274187131935808
1.0274187131935808
1.0274187131935808
1.0274187131935808
1.0274187131935808
1.0272850338195483
1.0267955462021765
1.0267955462021765
1.0267955462021765
1.0267955462021765
1.0267955462021765
1.0282917311191822
1.0282917311191822
1.0282917311191822
1.0304780585015476
1.0294027160327976
1.0294027160327976
1.0323847617654842
1.0308331076675141
1.0308331076675141
1.0308331076675141
1.0311113219281496
1.028608297345476
1.0277225493256619
1.0290956859878972
1.0290956859878972
1.0282309486952428
1.0282309486952428
1.0282309486952428
1.0282309486952428
1.0282309486952428
1.025726763544232
1.026098260567427
1.0272407178421692
1.0272407178421692
1.0281089409734059
1.0280547043693635
1.0280547043693635
1.0280547043693635
1.0278081117679074
1.0278081117679074
1.027543806240449
1.027543806240449
1.027543806240449
1.027543806240449
1.027543806240449
1.0247933251354817
1.0247933251354817
1.0247933251354817
1.0247933251354817
1.0261079091685652
1.0261079091685652
1.0261079091685652
1.0261079091685652
1.0261079091685652
1.0261079091685652
1.0261079091685652
1.0283538980934637
1.0283538980934637
1.0283538980934637
1.0284601548603483
1.0274285278301891
1.0274285278301891
1.0299351703799882
1.0299351703799882
1.0299351703799882
1.0299351703799882
1.0299351703799882
1.029850043125015
1.029850043125015
1.029850043125015
1.029850043125015
1.029850043125015
1.029850043125015
1.029850043125015
1.0297569669862956
1.0277701220917084
1.0293108788665415
1.0293108788665415
1.0281162857519615
1.0281162857519615
1.0289294920662724
1.0289294920662724
1.0288690157871747
1.0288690157871747
1.0288690157871747
1.0296616120035784
1.0296616120035784
1.0292231194384638
1.0294238814056451
1.029572168257437
1.029572168257437
1.029572168257437
1.029572168257437
1.029572168257437
1.029572168257437
1.0307560850988808
1.028549011869042
1.028549011869042
1.028549011869042
1.028549011869042
1.0294530934487733
1.0294530934487733
1.0306514092978343
1.0314973511500722
1.0314973511500722
1.0314973511500722
1.0277991070406645
1.0272318436399654
1.0309654494742808
1.0309654494742808
1.0309654494742808
1.0309654494742808
1.0305336021429112
1.0305336021429112
1.0305336021429112
1.0305336021429112
1.0305336021429112
1.0299960390098566
1.0299960390098566
1.030385521715831
1.02859511583851
1.02859511583851
1.0283554845573684
1.0283554845573684
1.0283554845573684
1.0282157385579627
1.0282157385579627
1.028509824122758
1.028509824122758
1.028509824122758
1.028509824122758
1.0312117139445323
1.0293183354521769
1.0293183354521769
1.0293183354521769
1.0293183354521769
1.0293183354521769
1.0293183354521769
1.0293183354521769
1.0293183354521769
1.0293183354521769
1.0304722441352034
1.0304722441352034
1.029172229027489
1.0302967111306829
1.0302967111306829
1.0302967111306829
1.031971229278684
1.031971229278684
1.031971229278684
1.031971229278684
1.031502777212629
1.0315261159421496
1.0315261159421496
1.0327975852983036
1.0327975852983036
1.031809498686941
1.031809498686941
1.0316969502260447
1.0316969502260447
1.0316969502260447
1.031121505101732
1.028880201125217
1.0308004806393969
1.0308004806393969
1.0308004806393969
1.030407871709639
1.030407871709639
1.029127088180204
1.0296244296347454
1.0296244296347454
1.0296244296347454
1.0296244296347454
1.0296244296347454
1.0296244296347454
1.0296244296347454
1.029491272495016
1.0296357884301142
1.028828732390626
1.0290817611515153
1.0290817611515153
1.0290817611515153
1.0290817611515153
1.028620742040254
1.028620742040254
1.028620742040254
1.028620742040254
1.0285051902379758
1.0285051902379758
1.0276273564331317
1.0276273564331317
1.0276273564331317
1.0266949165570232
1.0248178443335287
1.0248178443335287
1.0248178443335287
1.0248178443335287
1.025224412259892
1.026239776528778
1.026239776528778
1.026239776528778
1.026239776528778
1.026764765162437
1.026764765162437
1.026764765162437
1.026327273888385
1.0232559238803378
1.0263470750409158
1.0255411427797574
1.0255411427797574
1.0266681825552006
1.0266681825552006
1.0266681825552006
1.0278424611635661
1.0278424611635661
1.0286329295405627
1.0286329295405627
1.0286329295405627
1.0301575118389865
1.0301575118389865
1.0301575118389865
1.0300663163379267
1.0300663163379267
1.0300663163379267
1.0300663163379267
1.0300663163379267
1.0300663163379267
1.0314525062751791
1.0316915723979265
1.0352408338889805
1.0352408338889805
1.0352408338889805
1.0352408338889805
1.0352408338889805
1.034455681661582
1.034455681661582
1.034019891150117
1.034019891150117
1.034019891150117
1.0327187888490326
1.0327187888490326
1.0327187888490326
1.0306400395575053
1.0311046055017115
1.0311046055017115
1.0311046055017115
1.0311046055017115
1.0311046055017115
1.0311046055017115
1.029638701629025
1.0309087925050022
1.0302913819887671
1.0310352077964116
1.0310352077964116
1.0310352077964116
1.0310352077964116
1.0311628705612241
1.0288885087535602
1.0288885087535602
1.0279130986423404
1.0279130986423404
1.0279130986423404
1.0304403145932095
1.0304403145932095
1.0304403145932095
1.0304403145932095
1.0308042359844494
1.0308042359844494
1.0307219667280518
1.0300138324223242
1.028188575350583
1.028188575350583
1.028523674316314
1.0305597712339423
1.0305597712339423
1.0303980683395806
1.0303980683395806
1.0303980683395806
1.0303980683395806
1.0303980683395806
1.0332322586241836
1.0332322586241836
1.0332322586241836
1.0332322586241836
1.0338965353051115
1.0338965353051115
1.0338965353051115
1.0331700161576152
1.0348014491173696
1.0348014491173696
1.0345141131964442
1.0334331030994246
1.0334331030994246
1.0334331030994246
1.0318303029990383
1.0318303029990383
1.0301716863666852
1.0301716863666852
1.0301716863666852
1.0274065343650676
1.0282331337355335
1.0282021600290832
1.028318673736206
1.028318673736206
1.028318673736206
1.028318673736206
1.028318673736206
1.028318673736206
1.028318673736206
1.027490208619686
1.0255602943884892
1.0255602943884892
1.0255569796006572
1.0255569796006572
1.0239562041803496
1.0239562041803496
1.0239562041803496
1.0220407349687128
1.0226700723040412
1.0226889339787981
1.0226889339787981
1.0226889339787981
1.0226889339787981
1.0226889339787981
1.0226889339787981
1.0242878547719927
1.0240327503525015
1.0240327503525015
1.0243696188124538
1.0243696188124538
1.0244146506527245
1.0226763263887244
1.0223268272314057
1.0284592868980076
1.0284592868980076
1.0293671807120766
1.0293671807120766
1.0293671807120766
1.0293671807120766
1.0293671807120766
1.030008644957448
1.030008644957448
1.030008644957448
1.030008644957448
1.0296422077549872
1.0296422077549872
1.0296422077549872
1.0296422077549872
1.0296422077549872
1.0296422077549872
1.0314897922919122
1.0290131314156372
1.0290131314156372
1.0290131314156372
1.0290131314156372
1.0303849293633032
1.0303849293633032
1.0303849293633032
1.0303849293633032
1.029756167809991
1.029756167809991
1.0284688797525048
1.0308747979017896
1.0311284883686407
1.0288546110484056
1.0299014017168788
1.029337567590913
1.0283086657380112
1.0283086657380112
1.0282388705975398
1.0301888629024927
1.0306824671006074
1.0317116809566784
1.0317116809566784
1.030912682039947
1.0321674424596212
1.0362817784550054
1.0362646423310784
1.0362646423310784
1.0350895104529423
1.0340016157262424
1.0340016157262424
1.0340016157262424
1.0340016157262424
1.0340016157262424
1.0340016157262424
1.0340016157262424
1.0340016157262424
1.033512664661568
1.033512664661568
1.033512664661568
1.033512664661568
1.033512664661568
1.0339410144168464
1.0339410144168464
1.0361348713197411
1.0361348713197411
1.0361348713197411
1.035219455486104
1.035219455486104
1.035219455486104
1.035219455486104
1.035219455486104
1.035219455486104
1.035219455486104
1.0332873206473652
1.0325362764415587
1.0327863539116862
1.0313981415314333
1.0324124095700282
1.0324124095700282
1.0324124095700282
1.0324124095700282
1.0324124095700282
1.0324124095700282
1.0324124095700282
1.0327033285271725
1.0313522620707025
1.0327388559146722
1.0327388559146722
1.0335598942932447
1.0343932923151038
1.0343932923151038
1.032713128420147
1.032880200709615
1.032880200709615
1.032880200709615
1.0352908677739787
1.0330981459587176
1.0321379717394747
1.0323799733411017
1.0323799733411017
1.0348208266807983
1.0348208266807983
1.0348208266807983
1.0348208266807983
1.0348208266807983
1.0348208266807983
1.0348208266807983
1.0348208266807983
1.0340277153509092
1.035121627112087
1.035121627112087
1.035121627112087
1.032662291676658
1.032662291676658
1.032662291676658
1.032662291676658
1.032662291676658
1.032662291676658
1.0326354623645997
1.0326354623645997
1.03243950288921
1.0330501432182522
1.0330501432182522
1.0330501432182522
1.0330501432182522
1.0322967900318214
1.0322967900318214
1.0341507257569171
1.0341507257569171
1.0339340759607771
1.0339340759607771
1.0339340759607771
1.0339340759607771
1.0324233408025372
1.0324233408025372
1.033623127508687
1.0341673920190724
1.0341673920190724
1.033202181070265
1.0342228395910638
1.0342228395910638
1.0315091679557735
1.0345195188884215
1.0345195188884215
1.0345195188884215
1.0339019169016337
1.0339019169016337
1.0326658078597513
1.0326658078597513
1.0326658078597513
1.032809646725368
1.032809646725368
1.0308917468539351
1.0311249564949447
1.0311249564949447
1.0311249564949447
1.0311249564949447
1.0311249564949447
1.0338073666243006
1.0338073666243006
1.0338073666243006
1.035195070689837
1.035195070689837
1.035195070689837
1.032561576554661
1.0334634599627126
1.0322051564079355
1.0348749142625364
1.0337034055074334
1.0337034055074334
1.0337034055074334
1.0337034055074334
1.0337034055074334
1.0342212359339733
1.032389749662567
1.032389749662567
1.0319294074929388
1.0314846275802507
1.0330942249199428
1.0330942249199428
1.033421906423455
1.033421906423455
1.033421906423455
1.033421906423455
1.033421906423455
1.0314978781716844
1.0314978781716844
1.0314978781716844
1.0314978781716844
1.0314978781716844
1.0323801729779172
1.0361456810342953
1.0361456810342953
1.036207702405391
1.036207702405391
1.036207702405391
1.0361538695077839
1.0362042897038695
1.0341299053759734
1.0355086926169053
1.0352155497418427
1.0352155497418427
1.0352155497418427
1.0351974200015073
1.0351974200015073
1.0351974200015073
1.0351974200015073
1.0310537257090582
1.0313231636024436
1.028759592833781
1.028759592833781
1.027182571497221
1.0290423954685934
1.0298990248021094
1.0307507469559416
1.029508214034529
1.0280922459381738
1.0280922459381738
1.0275359149228973
1.033458540390802
1.033458540390802
1.033458540390802
1.033458540390802
1.033458540390802
1.0351351824485275
1.0351351824485275
1.0351351824485275
1.0345028642227372
1.0345028642227372
1.0345028642227372
1.0345028642227372
1.0350552931872141
1.0350552931872141
1.0321271693721457
1.0321271693721457
1.0321271693721457
1.0305377246755896
1.0305377246755896
1.0305377246755896
1.0305377246755896
1.0305377246755896
1.0305377246755896
1.0312327950128064
1.0302440623555582
1.0339749441808859
1.0302725227842042
1.0302725227842042
1.0302725227842042
1.0316724195890523
1.0316724195890523
1.0332316766466074
1.0332316766466074
1.0341246061659415
1.0341246061659415
1.0325077395922304
1.0322137084971972
1.0322137084971972
1.0322137084971972
1.0326211069461089
1.0345464374360986
1.0345464374360986
1.0345464374360986
1.0355728923407344
1.0355728923407344
1.0352322014576503
1.0352322014576503
1.034332292674253
1.034332292674253
1.0332418810662447
1.0310636765452923
1.0310636765452923
1.0310636765452923
1.0310636765452923
1.031276812963337
1.031276812963337
1.0312859046678404
1.0312859046678404
1.0312859046678404
1.0312859046678404
1.0312757851308414
1.0312757851308414
1.0320114163575957
1.0320114163575957
1.0293184011258472
1.0293184011258472
1.0316664873190065
1.0316664873190065
1.0316664873190065
1.0318710939566689
1.028887693216095
1.028887693216095
1.0286286175133048
1.0286286175133048
1.0286286175133048
1.0286286175133048
1.0290923627055255
1.0293977197632989
1.0293977197632989
1.0293977197632989
1.0280158249737181
1.0280158249737181
1.0280158249737181
1.0272326271884689
1.0272326271884689
1.0274157862210183
1.0274157862210183
1.0265992774360135
1.0229467588245715
1.0229467588245715
1.0229467588245715
1.0229467588245715
1.0229467588245715
1.023994771291828
1.0259609815522177
1.0251309085769373
1.0284806518682124
1.0286712219851573
1.0309481696260212
1.0315528340983293
1.0315528340983293
1.0301887897573134
1.0301887897573134
1.0301887897573134
1.0301887897573134
1.0301887897573134
1.0301887897573134
1.0324444333972915
1.0324444333972915
1.0324444333972915
1.0334978841717086
1.0348003470230425
1.0349188858647003
1.0320806990295082
1.0320806990295082
1.0315761672903854
1.0315761672903854
1.0315761672903854
1.0315761672903854
1.0345872526447846
1.0345872526447846
1.0345872526447846
1.0345872526447846
1.0345872526447846
1.0345872526447846
1.0345872526447846
1.0345872526447846
1.0345872526447846
1.0345872526447846
1.0345872526447846
1.0335864186733008
1.0341261075941917
1.0341261075941917
1.0334650392095523
1.033816313857095
1.033816313857095
1.033816313857095
1.0322435376194872
1.0322435376194872
1.030920147424889
1.0317680445778303
1.0317680445778303
1.0317680445778303
1.0318223428455822
1.0318572782940045
1.0318572782940045
1.0318572782940045
1.0326684804912623
1.0312636489815845
1.0312636489815845
1.0312636489815845
1.031716355380447
1.031716355380447
1.0298333808771805
1.0298333808771805
1.0298333808771805
1.0298714324655112
1.0298714324655112
1.0277695774630144
1.0286280776304142
1.0286280776304142
1.0286280776304142
1.0286280776304142
1.0286280776304142
1.0286280776304142
1.028048329652261
1.028048329652261
1.028048329652261
1.028048329652261
1.028048329652261
1.0301960573622437
1.0301960573622437
1.0301960573622437
1.0311042310051899
1.032877484634935
1.032877484634935
1.032877484634935
1.032877484634935
1.032877484634935
1.036742411718013
1.0387044227617805
1.0387044227617805
1.0387044227617805
1.0387044227617805
1.0387044227617805
1.0387044227617805
1.0387044227617805
1.0387044227617805
1.0387044227617805
1.034931090944621
1.034931090944621
1.034931090944621
1.034931090944621
1.034931090944621
1.034931090944621
1.034931090944621
1.034931090944621
1.0355165863748652
1.0318172258845022
1.0318544036180073
1.0318544036180073
1.0318544036180073
1.0318544036180073
1.0318544036180073
1.0318544036180073
1.0318544036180073
1.0317889319534532
1.0327502899917405
1.0327502899917405
1.0311308976142994
1.0311308976142994
1.0332580165668908
1.0332580165668908
1.0332580165668908
1.0332580165668908
1.0340548602874746
1.0340548602874746
1.0340548602874746
1.0340548602874746
1.0340548602874746
1.0340548602874746
1.0340548602874746
1.03342501892125
1.0333799373785824
1.0336039023378063
1.0346848576854235
1.0346848576854235
1.0346848576854235
1.0346848576854235
1.0346848576854235
1.0346848576854235
1.0353758952445182
1.0353758952445182
1.0353758952445182
1.0359296918238323
1.0359296918238323
1.0349218245986513
1.0349218245986513
1.0349218245986513
1.0349218245986513
1.0349218245986513
1.0349218245986513
1.0349218245986513
1.0349218245986513
1.0347888498130924
1.0347888498130924
1.0347888498130924
1.0333025926151982
1.0333025926151982
1.0333025926151982
1.0333025926151982
1.0333025926151982
1.0328720878608941
1.0328720878608941
1.032733794726965
1.0318316165868149
1.0318316165868149
1.0315034285646039
1.0315034285646039
1.0310932640322026
1.0307669063952838
1.0320677506176978
1.0320677506176978
1.0316642029902707
1.0316642029902707
1.0316642029902707
1.0316642029902707
1.0287432694392478
1.0294557145367604
1.0294557145367604
1.0294557145367604
1.0323625417368738
1.031233747902282
1.031233747902282
1.031233747902282
1.031233747902282
1.031233747902282
1.031233747902282
1.031233747902282
1.030846264143402
1.030846264143402
1.030846264143402
1.030846264143402
1.031744238014099
1.0305210027755864
1.0305210027755864
1.030479946934272
1.030479946934272
1.030479946934272
1.030479946934272
1.030479946934272
1.030930535950181
1.0312932257576566
1.0315179372080343
1.0302329079574863
1.0311696653223124
1.0311696653223124
1.0311696653223124
1.0311696653223124
1.0311696653223124
1.0311696653223124
1.029065307987224
1.029065307987224
1.029065307987224
1.029065307987224
1.029065307987224
1.029065307987224
1.029065307987224
1.029065307987224
1.029190036070823
1.0302011178172128
1.032149115336241
1.032149115336241
1.032149115336241
1.032149115336241
1.032149115336241
1.032149115336241
1.032149115336241
1.0308071230576379
1.0308071230576379
1.0308621500084587
1.0323716367658222
1.0309137261750054
1.0315196420474761
1.030881239166943
1.030881239166943
1.0309196587665677
1.0309196587665677
1.0323247013647734
1.0306405767942297
1.0306405767942297
1.0300081298446195
1.0300081298446195
1.0300081298446195
1.0297072959613716
1.0297072959613716
1.0297072959613716
1.0297072959613716
1.0297072959613716
1.0317411924318378
1.0317411924318378
1.0312732270414502
1.0312732270414502
1.0330623154730225
1.0330926275332653
1.0330926275332653
1.0330926275332653
1.0333572850894255
1.0333572850894255
1.031197678914492
1.031197678914492
1.031197678914492
1.031197678914492
1.0310454603019654
1.0310454603019654
1.0310454603019654
1.0310454603019654
1.0310454603019654
1.0310454603019654
1.0310454603019654
1.0310454603019654
1.0313368432735175
1.0313368432735175
1.0313368432735175
1.029457163462892
1.0322520773527466
1.031633676654739
1.0303822911318559
1.0305032165536188
1.0305032165536188
1.0305032165536188
1.0292630451054143
1.0306150217678414
1.0306150217678414
1.0306150217678414
1.029994653266309
1.0306390015770182
1.0306390015770182
1.0300924801987303
1.0300924801987303
1.029707239778006
1.029707239778006
1.029707239778006
1.0281822898036526
1.0281822898036526
1.0261949149270273
1.0261949149270273
1.0261949149270273
1.0261949149270273
1.0273618436610652
1.0266882805613653
1.0266882805613653
1.0276225323691317
1.0293465825075692
1.0293465825075692
1.0293465825075692
1.0293465825075692
1.0293465825075692
1.0313656935899398
1.0313656935899398
1.0315415070957927
1.0315415070957927
1.0284666992161577
1.02667164979746
1.02667164979746
1.02667164979746
1.02667164979746
1.02667164979746
1.02667164979746
1.0301963457434955
1.0288379215853665
1.0288379215853665
1.0264140325645523
1.0259722059924357
1.0259722059924357
1.0259722059924357
1.0270966938396364
1.0272320452080568
1.028111142174896
1.0278716382727684
1.0278716382727684
1.0278716382727684
1.0278716382727684
1.0280099952583084
1.0280099952583084
1.0280099952583084
1.0280099952583084
1.0280099952583084
1.0280099952583084
1.0280099952583084
1.0280099952583084
1.0280099952583084
1.0259555581761914
1.0259555581761914
1.0259555581761914
1.0259555581761914
1.0279920927342376
1.0269263019698327
1.027401277545433
1.027401277545433
1.027401277545433
1.027401277545433
1.027401277545433
1.0279771731272047
1.0280973046611501
1.0289567463643108
1.0289567463643108
1.0289567463643108
1.0289567463643108
1.0289567463643108
1.0289567463643108
1.0289567463643108
1.0289567463643108
1.0263659392847078
1.0292671739198362
1.0292671739198362
1.0292671739198362
1.0292671739198362
1.0292671739198362
1.0273467231585456
1.0260429032719174
1.0260429032719174
1.0264564994853311
1.0264564994853311
1.0264564994853311
1.0264564994853311
1.0255657669940688
1.0252658236793022
1.0281015223455152
1.0281015223455152
1.029713732614943
1.029713732614943
1.0293471924496749
1.030231632225726
1.030231632225726
1.030231632225726
1.030231632225726
1.029293048152443
1.029293048152443
1.0269740396210627
1.027298266970858
1.027298266970858
1.027298266970858
1.027298266970858
1.027298266970858
1.027959815203314
1.0276589182841962
1.0276589182841962
1.0276589182841962
1.0276589182841962
1.0249597025790018
1.0249597025790018
1.0256323265513387
1.0256323265513387
1.0256323265513387
1.0256323265513387
1.0256323265513387
1.028032220293821
1.028032220293821
1.028032220293821
1.0266198184318278
1.0266198184318278
1.0266198184318278
1.0272949951773858
1.0272949951773858
1.0290284868734938
1.029444824276069
1.028244919679114
1.0257900515206262
1.0257900515206262
1.0257900515206262
1.0257900515206262
1.0277914956058647
1.0277914956058647
1.0239130943484593
1.0239130943484593
1.0239130943484593
1.0245433965094328
1.0245433965094328
1.0245433965094328
1.0245433965094328
1.0245433965094328
1.0245433965094328
1.0223828534185795
1.0223828534185795
1.024014570820801
1.024014570820801
1.022638366340242
1.022638366340242
1.02368567435782
1.02368567435782
1.0246446075512776
1.0244997088219643
1.0244997088219643
1.0244997088219643
1.0244997088219643
1.027693256894044
1.027693256894044
1.0234953979247783
1.0234953979247783
1.0234953979247783
1.0234953979247783
1.022186157941739
1.0214369154830658
1.0214369154830658
1.0214369154830658
1.0242767760984741
1.0242767760984741
1.0242767760984741
1.024751048828794
1.024751048828794
1.024751048828794
1.024751048828794
1.024751048828794
1.024751048828794
1.024751048828794
1.024751048828794
1.024751048828794
1.0259484944809447
1.0259484944809447
1.029679105515954
1.029679105515954
1.0305820038760831
1.0299799766324462
1.0294099066982318
1.0301304475447755
1.0301304475447755
1.0301304475447755
1.0301304475447755
1.0292040231602926
1.0292040231602926
1.0284628122006994
1.0300983060565234
1.0300983060565234
1.0300983060565234
1.0283445190213623
1.0307026783173219
1.0314391624252919
1.0303533293918234
1.0287168269644846
1.0287168269644846
1.0282678107652568
1.030035440652514
1.0283182895346816
1.0283182895346816
1.0277350724531893
1.0277350724531893
1.0277350724531893
1.0277350724531893
1.0280666330118893
1.0280666330118893
1.0280666330118893
1.0280666330118893
1.0280666330118893
1.0280666330118893
1.0280666330118893
1.0263234320237193
1.027002842596726
1.026424801030615
1.026424801030615
1.026424801030615
1.026424801030615
1.0293472244151853
1.0293472244151853
1.0293472244151853
1.027067883303264
1.0273638917475203
1.0273638917475203
1.0256195607599925
1.026764691664229
1.026764691664229
1.026764691664229
1.026764691664229
1.0279547040648933
1.027635992696502
1.027635992696502
1.0278506412564765
1.0278506412564765
1.0278506412564765
1.0278506412564765
1.0291729002094931
1.0291729002094931
1.0291729002094931
1.0307559888067541
1.0304278227486199
1.0309591911839635
1.030606537578902
1.0294444700309318
1.0294444700309318
1.0297130140028525
1.0297130140028525
1.0297130140028525
1.0297130140028525
1.0338944146032572
1.0338944146032572
1.0344198698674982
1.0344198698674982
1.0311911612486948
1.0311911612486948
1.0311911612486948
1.0319139980795065
1.0320345888403264
1.0304546069281966
1.0305049023777682
1.0305049023777682
1.0305049023777682
1.0305049023777682
1.0305049023777682
1.0305049023777682
1.0305049023777682
1.0305049023777682
1.0312926164021856
1.031869556143803
1.031869556143803
1.031869556143803
1.031869556143803
1.031869556143803
1.031869556143803
1.032118987423242
1.032118987423242
1.030437750074906
1.030437750074906
1.0307738157012951
1.0307738157012951
1.0307738157012951
1.0307738157012951
1.0307738157012951
1.0307738157012951
1.0307738157012951
1.0307738157012951
1.0307738157012951
1.0307738157012951
1.0307738157012951
1.0307738157012951
1.0299349610199886
1.0292752448446651
1.0292752448446651
1.0302133794705663
1.0302133794705663
1.0302133794705663
1.0302133794705663
1.0302133794705663
1.0302133794705663
1.030106070122226
1.0312276307194952
1.0312276307194952
1.0312276307194952
1.0294690462610492
1.0294690462610492
1.0294690462610492
1.0294690462610492
1.0294690462610492
1.0294690462610492
1.0294690462610492
1.0278369927627882
1.02492337384017
1.0223463400747161
1.0232105196808763
1.022881610095158
1.0219713644087165
1.0219713644087165
1.0229503172096035
1.0217768800880958
1.0217768800880958
1.0264625212558138
1.0264625212558138
1.0296519570079277
1.0292017572656802
1.0292017572656802
1.0292017572656802
1.0291972682232824
1.0289808368901434
1.0289808368901434
1.0281864266876133
1.0281864266876133
1.0276966625253905
1.0276966625253905
1.0276966625253905
1.0292553841813825
1.0292553841813825
1.0292553841813825
1.0285965205787198
1.0285965205787198
1.032182756440043
1.032182756440043
1.032182756440043
1.032182756440043
1.031748550169329
1.031748550169329
1.0312413754147052
1.0313466488376795
1.0336422243017058
1.0341144545791476
1.0341144545791476
1.0341144545791476
1.034352651224847
1.034352651224847
1.034352651224847
1.0326407446222925
1.0326407446222925
1.0319072913360312
1.0319072913360312
1.0319072913360312
1.0320179172765518
1.0320179172765518
1.0320179172765518
1.032715579308799
1.0345776258579997
1.0345776258579997
1.032382837704568
1.032382837704568
1.0319996182326328
1.0313732465962295
1.0313732465962295
1.0313732465962295
1.0313732465962295
1.0313732465962295
1.0313732465962295
1.0303060684612821
1.0303060684612821
1.0302474259173136
1.0302474259173136
1.0305244811638758
1.0305244811638758
1.0305244811638758
1.0305244811638758
1.0291089796790016
1.0274837772990286
1.0257958293032408
1.0257958293032408
1.030822294519695
1.0317838913901405
1.0317838913901405
1.0317838913901405
1.0317838913901405
1.0322875106612703
1.028528917323456
1.0257321219928868
1.025542761773969
1.025542761773969
1.0257716658901654
1.0257716658901654
1.0260463891097487
1.0230590450968629
1.0245758727326497
1.0245758727326497
1.0245758727326497
1.0245758727326497
1.0245758727326497
1.0245758727326497
1.0245758727326497
1.0265894795291037
1.0265894795291037
1.0270021590674572
1.0270021590674572
1.0270021590674572
1.0262944762112471
1.0265557649893922
1.0265557649893922
1.0265557649893922
1.027123127849541
1.0299521568799348
1.028847602977118
1.026493577869803
1.0266835938643912
1.0254031158748025
1.0260541124492384
1.0260541124492384
1.0260541124492384
1.0260541124492384
1.0260541124492384
1.0260541124492384
1.0260541124492384
1.0265647892844292
1.0279779350915668
1.0282948923976
1.0272557266718731
1.0273999860984169
1.0273999860984169
1.029985560621752
1.029985560621752
1.028520435131561
1.0310066667942417
1.0313648292233986
1.0313648292233986
1.0313648292233986
1.0298580872059584
1.0312672768878377
1.0321078757241653
1.0342529924113626
1.0342529924113626
1.0342529924113626
1.0341076074234445
1.0340730205041777
1.0331187255724028
1.0331187255724028
1.0361856217861793
1.0361856217861793
1.0361856217861793
1.0361856217861793
1.0361856217861793
1.0361856217861793
1.0361856217861793
1.0361856217861793
1.0361856217861793
1.0361856217861793
1.0373148477534355
1.0367419895098708
1.0367419895098708
1.0369528644631671
1.038020531249743
1.038020531249743
1.0389730722232922
1.0389730722232922
1.0413121160927552
1.0413121160927552
1.040350299579173
1.0405242581299203
1.0420248599648207
1.0404142239182883
1.0413294476290484
1.0413294476290484
1.0413294476290484
1.0413294476290484
1.0417380400523955
1.0417380400523955
1.0417380400523955
1.0417380400523955
1.0417380400523955
1.039716819586454
1.039716819586454
1.039716819586454
1.039716819586454
1.0382746313673172
1.036424564856409
1.036424564856409
1.036424564856409
1.0387366849267328
1.0400709245447615
1.0400709245447615
1.0400709245447615
1.0400709245447615
1.0405843881495986
1.0405843881495986
1.0400056885162905
1.0400056885162905
1.0411453373730173
1.0411453373730173
1.0411453373730173
1.0411453373730173
1.0411453373730173
1.040732852040169
1.0403296606445216
1.0395682372010384
1.0395682372010384
1.0395682372010384
1.0395682372010384
1.0375138231840888
1.0375138231840888
1.0375138231840888
1.0375138231840888
1.0375138231840888
1.0341329657630665
1.0341329657630665
1.0341329657630665
1.0350829719875065
1.0331140231454097
1.0331140231454097
1.0329268784348389
1.0329268784348389
1.0329268784348389
1.0336708237754595
1.0338263606967453
1.0330740964202798
1.0333059168960097
1.032933690711003
1.032933690711003
1.032933690711003
1.0319697039273314
1.0319697039273314
1.030505245506347
1.031223549564691
1.031223549564691
1.0304863934023518
1.0290618679172987
1.0290618679172987
1.0290618679172987
1.0290618679172987
1.0288585714588734
1.0288585714588734
1.0288585714588734
1.0288585714588734
1.0278121724875582
1.0284609067450756
1.0284609067450756
1.0284609067450756
1.0279551260485398
1.0278607682597027
1.0278607682597027
1.0272004441296123
1.0269761757535532
1.025392155393369
1.025392155393369
1.025392155393369
1.0250801428973084
1.0250801428973084
1.0250801428973084
1.0275623768824864
1.0259050986874514
1.0259050986874514
1.026343895094897
1.026343895094897
1.026343895094897
1.026343895094897
1.0262011612329083
1.0268402868576698
1.0268402868576698
1.0268402868576698
1.0268402868576698
1.0268402868576698
1.0268402868576698
1.030505918158906
1.0293350237378374
1.0293350237378374
1.0281274797339264
1.0269221106719961
1.0269221106719961
1.0269221106719961
1.0269221106719961
1.027746498050887
1.027746498050887
1.027746498050887
1.027746498050887
1.027746498050887
1.0285321394150353
1.0285321394150353
1.0285321394150353
1.0285321394150353
1.0285321394150353
1.0285321394150353
1.0274383810603416
1.0274383810603416
1.0288100982333377
1.0287097438516057
1.0287097438516057
1.029343462877912
1.029343462877912
1.0278515586041368
1.0289041044271907
1.0272851614439844
1.0272851614439844
1.0272851614439844
1.0272851614439844
1.0241204734004823
1.0249312485226953
1.0261082533642345
1.0261082533642345
1.0261082533642345
1.0261082533642345
1.0261082533642345
1.0261082533642345
1.0300073501034885
1.0300073501034885
1.0300073501034885
1.025623340063757
1.0280233290708811
1.0286323118922673
1.0282355381741284
1.0282355381741284
1.0282355381741284
1.0276690807723174
1.0276690807723174
1.0276690807723174
1.0277178856169153
1.0277178856169153
1.0282886484321945
1.0282886484321945
1.0275350681877815
1.0279715908121885
1.027669306166136
1.027669306166136
1.0273004792101859
1.0273004792101859
1.0294287317539277
1.0294287317539277
1.0315917077197578
1.0339500574516225
1.0298953219579245
1.0316930473820791
1.0316930473820791
1.0341817673274796
1.0341817673274796
1.032688763823477
1.032688763823477
1.032688763823477
1.0325166430745836
1.0325166430745836
1.0325166430745836
1.032784956336277
1.032784956336277
1.032784956336277
1.032784956336277
1.0327588321041095
1.034049849085276
1.034049849085276
1.0353939159309362
1.0353939159309362
1.0353939159309362
1.0353939159309362
1.0343644174617472
1.0343644174617472
1.0343644174617472
1.0343644174617472
1.0343644174617472
1.0343644174617472
1.0343644174617472
1.0343644174617472
1.0306404142184673
1.032421349100057
1.032421349100057
1.033756570280987
1.033756570280987
1.0332141438449718
1.0303428668497976
1.0295559205179088
1.0300460744255802
1.0300460744255802
1.0295634475830948
1.0305215692256502
1.0310835257325952
1.0310835257325952
1.0310835257325952
1.0285540666082462
1.0285540666082462
1.0291769882678725
1.0291769882678725
1.0298019981236524
1.0298019981236524
1.0298019981236524
1.031177534429451
1.031177534429451
1.0313826676371198
1.0313826676371198
1.0313826676371198
1.0313826676371198
1.0313826676371198
1.0313826676371198
1.030251123235827
1.030251123235827
1.030251123235827
1.030251123235827
1.030251123235827
1.030251123235827
1.030251123235827
1.030251123235827
1.0309021707881967
1.0281866005443703
1.0283837875510615
1.0283837875510615
1.0283837875510615
1.0283837875510615
1.0283837875510615
1.0278260125424588
1.0271556048621797
1.0271556048621797
1.0271556048621797
1.0271556048621797
1.0262834896261177
1.0278291420298171
1.0278291420298171
1.0278291420298171
1.0278291420298171
1.0278291420298171
1.029374888123034
1.029374888123034
1.0312158960515738
1.0312158960515738
1.0312158960515738
1.0306531355416468
1.0316679747559354
1.0316679747559354
1.0316679747559354
1.0316679747559354
1.0316679747559354
1.0294321404750781
1.0294321404750781
1.0294321404750781
1.0294321404750781
1.0313356843960158
1.0294470250895533
1.0294470250895533
1.0294470250895533
1.0294470250895533
1.0294470250895533
1.030256945626995
1.0311695128176284
1.0311695128176284
1.0311695128176284
1.0315913964496426
1.0315913964496426
1.0288481961202898
1.0288481961202898
1.0282672772275783
1.0282672772275783
1.0314393284183823
1.0314393284183823
1.0314393284183823
1.0314393284183823
1.0300295374752326
1.031903559027268
1.031903559027268
1.0335949957608397
1.0335949957608397
1.0338197337098416
1.0331594823545054
1.0331594823545054
1.0311064838832051
1.0336001907661605
1.0336001907661605
1.0334544065010163
1.0334544065010163
1.0334544065010163
1.0330226401322478
1.0323501906883528
1.0315926904833561
1.0315926904833561
1.030112100840977
1.030112100840977
1.030112100840977
1.0265146785307628
1.0265146785307628
1.0272186479847276
1.0272186479847276
1.0272186479847276
1.0272186479847276
1.0272186479847276
1.0290093845881325
1.0290093845881325
1.028586684622389
1.028586684622389
1.028586684622389
1.028586684622389
1.028586684622389
1.0296208688750597
1.0347205349048765
1.0347205349048765
1.0347205349048765
1.0347205349048765
1.0325047097241193
1.0325047097241193
1.0325047097241193
1.0318089384298945
1.0318089384298945
1.0292713453547857
1.0292713453547857
1.0292713453547857
1.0289475964570889
1.0270568053409106
1.028892748765693
1.028892748765693
1.028892748765693
1.028892748765693
1.028892748765693
1.028892748765693
1.028892748765693
1.028892748765693
1.0281238213917654
1.0281238213917654
1.0277365350104244
1.0277365350104244
1.0284981305194891
1.0284981305194891
1.0287547213391806
1.0297153166721909
1.0297153166721909
1.0296696193727606
1.0296696193727606
1.0296696193727606
1.0301497188397917
1.03018455254642
1.03018455254642
1.03018455254642
1.03018455254642
1.029376234143674
1.031353292754869
1.0322506624122
1.0308825541563342
1.0308825541563342
1.0311546328405443
1.0311546328405443
1.0311546328405443
1.030050463732039
1.030319227580174
1.030319227580174
1.0323744747491137
1.0315853721780768
1.0315853721780768
1.0315853721780768
1.0315853721780768
1.0315853721780768
1.0315853721780768
1.0311555813174462
1.0311555813174462
1.0311555813174462
1.0292120698676437
1.0324319915500282
1.0324319915500282
1.0324319915500282
1.0324319915500282
1.0324319915500282
1.0324319915500282
1.0326663956996514
1.0326663956996514
1.0326663956996514
1.0314454891427278
1.031033113192428
1.030193292460641
1.030193292460641
1.030193292460641
1.0301188382172177
1.0287587856415255
1.0287587856415255
1.0264690933806122
1.0272518878924375
1.03051693081475
1.0292858760994956
1.0292858760994956
1.029080514500143
1.029080514500143
1.0294645645748848
1.027986164323268
1.027986164323268
1.0280928478270477
1.0272176195737017
1.0272176195737017
1.027612317771915
1.027612317771915
1.027612317771915
1.027612317771915
1.027612317771915
1.027612317771915
1.0278858181792863
1.0278858181792863
1.0278858181792863
1.0273751611597
1.0273751611597
1.0273751611597
1.0281499365172215
1.0290600775500036
1.0290600775500036
1.0290600775500036
1.0290600775500036
1.0290600775500036
1.0290600775500036
1.0328647130744955
1.0328647130744955
1.0328647130744955
1.0328647130744955
1.033400168518096
1.033400168518096
1.033400168518096
1.033400168518096
1.0318599116083997
1.0318599116083997
1.0318599116083997
1.0318599116083997
1.0318599116083997
1.0318599116083997
1.0317735006244824
1.0317735006244824
1.032192619269019
1.0350871135735025
1.032632242540115
1.032632242540115
1.032632242540115
1.0315817288336273
1.0315817288336273
1.0315817288336273
1.0315817288336273
1.0339687188313365
1.0341678206703826
1.0341678206703826
1.0338908949813355
1.0338908949813355
1.0347226542149413
1.03431185517866
1.0341230383791484
1.033934132337496
1.0337458480650656
1.0337458480650656
1.0337458480650656
1.0349102469726887
1.0349102469726887
1.0336761826386989
1.0336761826386989
1.0302245217041446
1.0291072422887715
1.0313036019378095
1.0313036019378095
1.0313036019378095
1.0313036019378095
1.0313036019378095
1.0326116713000093
1.0274686202888743
1.0274686202888743
1.0274686202888743
1.0274686202888743
1.0274686202888743
1.0274686202888743
1.0274686202888743
1.029420019285495
1.029420019285495
1.029420019285495
1.0296658208208946
1.0296658208208946
1.0295517450997749
1.0295517450997749
1.0295517450997749
1.0295517450997749
1.0295517450997749
1.0300039596775998
1.0300039596775998
1.0300039596775998
1.0337107468808309
1.032222392680705
1.0303037149841063
1.0303037149841063
1.0303037149841063
1.0313286805289057
1.0313286805289057
1.03053229154957
1.03053229154957
1.03053229154957
1.03053229154957
1.0292413886126655
1.0292413886126655
1.0292413886126655
1.0292413886126655
1.0294187589322665
1.0294187589322665
1.0294883323964363
1.0314925204802594
1.0314925204802594
1.0314925204802594
1.0314925204802594
1.0313062293442345
1.0320531394505943
1.0320531394505943
1.032788655195225
1.032788655195225
1.032788655195225
1.0350433939048762
1.0350433939048762
1.0345546176548888
1.0345546176548888
1.0345546176548888
1.0343083867643907
1.0343083867643907
1.0343083867643907
1.0343083867643907
1.0343083867643907
1.0330225098005748
1.0321045069666643
1.0304828162302475
1.0302092359108872
1.0308663332600527
1.0311053190086434
1.0311053190086434
1.0311053190086434
1.0287534513957195
1.0287534513957195
1.0287534513957195
1.0296210832639396
1.0299688485292529
1.0267813352145636
1.0267813352145636
1.0299076924604784
1.0287719919546108
1.0295538218787603
1.0280666565582426
1.0280666565582426
1.0258083808394436
1.025787728039288
1.0263840488626383
1.0263840488626383
1.0263840488626383
1.0245113043277199
1.0253696546211344
1.0253696546211344
1.0253696546211344
1.0253696546211344
1.0253204509443548
1.026761928943573
1.026761928943573
1.026553960003278
1.026553960003278
1.026553960003278
1.026553960003278
1.0263461601556356
1.0263461601556356
1.0249814289334582
1.025242019859396
1.025242019859396
1.025242019859396
1.0261228098390627
1.0261228098390627
1.0246082877455776
1.0257339168577415
1.0257339168577415
1.0223447618407515
1.0223447618407515
1.020811003907265
1.020811003907265
1.0192214478459376
1.0192214478459376
1.0190588241820333
1.0190588241820333
1.0190588241820333
1.0190588241820333
1.0190588241820333
1.0190588241820333
1.0192997246503128
1.0206342263941641
1.0197950972200802
1.0212142069428418
1.0213557144071803
1.0213557144071803
1.0235239629788555
1.0235239629788555
1.0222450765903042
1.0205556009088756
1.0205556009088756
1.020461919202859
1.024148323294751
1.022146398848524
1.022146398848524
1.022146398848524
1.022146398848524
1.0233160655057296
1.0233160655057296
1.0233160655057296
1.0268234893543207
1.0268234893543207
1.0278494253096904
1.026777163932822
1.0291772686198193
1.0300573353211664
1.0294512971384868
1.0294512971384868
1.0299986861865957
1.0285830876714719
1.0285830876714719
1.0283084756573084
1.0283084756573084
1.0283084756573084
1.0285516362482057
1.0285516362482057
1.0285516362482057
1.0295977130266725
1.0295977130266725
1.0295977130266725
1.0272883851244703
1.0272883851244703
1.0274617463454443
1.0274617463454443
1.0274617463454443
1.0284259461439829
1.0284259461439829
1.0284259461439829
1.0312741635496894
1.0312741635496894
1.0312741635496894
1.0312741635496894
1.0306709562504974
1.0306709562504974
1.0306709562504974
1.0280940109925816
1.0285497157808867
1.0285497157808867
1.025612090796534
1.025612090796534
1.025612090796534
1.025612090796534
1.025612090796534
1.025612090796534
1.025612090796534
1.0257459199048635
1.0257459199048635
1.0257459199048635
1.0257459199048635
1.0257459199048635
1.0269470210798197
1.0269470210798197
1.0269470210798197
1.0277811322149675
1.0277811322149675
1.024789498309328
1.0262309975812742
1.0275484181992696
1.0261864463819284
1.0261864463819284
1.0261864463819284
1.0258557231262064
1.0258557231262064
1.0281050503643505
1.0278522500982321
1.0254527313136177
1.0254527313136177
1.0254527313136177
1.0254527313136177
1.0254527313136177
1.0254527313136177
1.0264146320319194
1.0264146320319194
1.0251676141539106
1.0264691634635028
1.0264691634635028
1.0264691634635028
1.0264691634635028
1.025304007789122
1.025304007789122
1.025304007789122
1.025304007789122
1.025304007789122
1.025304007789122
1.0262607071585435
1.0282658655716286
1.0282658655716286
1.0282658655716286
1.027035000734845
1.027035000734845
1.0264912374391357
1.027023385118343
1.027023385118343
1.0258861538254294
1.0268326160562806
1.0268326160562806
1.0268326160562806
1.0268326160562806
1.0273661340850664
1.0273661340850664
1.0255789011630825
1.0255789011630825
1.0255789011630825
1.0254228032442305
1.0274760958384297
1.0274760958384297
1.0274760958384297
1.0274760958384297
1.028026274846011
1.0294080617764194
1.0294080617764194
1.027766166820541
1.028090992520433
1.028090992520433
1.0255068406665377
1.0255068406665377
1.0255068406665377
1.0281438036459192
1.0281438036459192
1.0281438036459192
1.0294595964960185
1.0294595964960185
1.0294595964960185
1.0287053894184548
1.0287053894184548
1.0294467671081753
1.0294467671081753
1.0308926135759175
1.0308926135759175
1.0292660177010675
1.025555966834877
1.025555966834877
1.025555966834877
1.023485122241521
1.0251868611677402
1.0251868611677402
1.0251000768846426
1.023872625009421
1.0254455865106566
1.0234178200405812
1.0234178200405812
1.0234178200405812
1.0234178200405812
1.0230477448264124
1.0230477448264124
1.0272320979174683
1.0261361981464567
1.0272706657630821
1.0271440138430212
1.0271440138430212
1.0271440138430212
1.0271440138430212
1.0271440138430212
1.0288675197728474
1.0282313828673286
1.0282313828673286
1.0282313828673286
1.0282163952998458
1.0282163952998458
1.0282163952998458
1.0282163952998458
1.028000466694663
1.028000466694663
1.028000466694663
1.0264198687964432
1.0264198687964432
1.0267976233714742
1.0267976233714742
1.0267976233714742
1.0287211172367396
1.026056349203885
1.0277770283089414
1.027110645137479
1.027110645137479
1.027110645137479
1.0295054108072021
1.0263789679570785
1.0263789679570785
1.0263789679570785
1.0269632360001226
1.0269449502189871
1.0269449502189871
1.0276085036776323
1.0276085036776323
1.0258890741326838
1.0258890741326838
1.0264132970753022
1.0264132970753022
1.0252471106292524
1.0262001713428266
1.0262001713428266
1.026925869545871
1.026925869545871
1.0260863691922446
1.0260863691922446
1.0261051888073853
1.0250246348559375
1.0250246348559375
1.0250246348559375
1.0250246348559375
1.0250246348559375
1.0250246348559375
1.028343591294516
1.0294892950335286
1.0294892950335286
1.0294892950335286
1.0283791519626833
1.0283791519626833
1.0283791519626833
1.0283791519626833
1.028215897977696
1.028215897977696
1.028215897977696
1.028215897977696
1.028215897977696
1.0286217679808314
1.0286217679808314
1.0295587500614942
1.0295587500614942
1.0295587500614942
1.0295587500614942
1.0295587500614942
1.0254638813596497
1.0281875083371337
1.0281875083371337
1.0281875083371337
1.0283635251104934
1.0302935425449888
1.0302935425449888
1.0302935425449888
1.031089331248893
1.031089331248893
1.031089331248893
1.031089331248893
1.031089331248893
1.031089331248893
1.031089331248893
1.0320960360804212
1.0296696058192123
1.0296696058192123
1.0296696058192123
1.0296696058192123
1.0285862210513044
1.0323592805511892
1.0323592805511892
1.0289389399046263
1.0289389399046263
1.0289389399046263
1.0289389399046263
1.0289389399046263
1.0290811668839603
1.029658925254273
1.0305886037116447
1.0305886037116447
1.0287748064201563
1.0287879328766893
1.0287879328766893
1.0287879328766893
1.0284657791305911
1.0284657791305911
1.024440360720293
1.025011718800583
1.0256631911871976
1.025736827611623
1.025736827611623
1.025736827611623
1.0256522058782875
1.0256522058782875
1.0274646480567295
1.0311772311249148
1.0296352678973022
1.0296352678973022
1.0296352678973022
1.0296352678973022
1.0296352678973022
1.0296352678973022
1.0296352678973022
1.030568115805313
1.030568115805313
1.029692580714643
1.029692580714643
1.029692580714643
1.029692580714643
1.0318653118771985
1.0318653118771985
1.0348488735503627
1.0325724848634368
1.0340133478569538
1.0366265277776614
1.0366265277776614
1.0366265277776614
1.0343030502884827
1.0343030502884827
1.0343030502884827
1.0333635926471465
1.0333635926471465
1.0341711422988258
1.0345076510209366
1.0345076510209366
1.0345076510209366
1.0345076510209366
1.0345076510209366
1.0345076510209366
1.0345076510209366
1.0345076510209366
1.0340360320945168
1.0332633596664578
1.0311654733669382
1.0311654733669382
1.0311654733669382
1.0311654733669382
1.0311654733669382
1.0316339295730217
1.030085592289825
1.030085592289825
1.030085592289825
1.030085592289825
1.0268221642345434
1.0273693993762176
1.0273693993762176
1.0275473205928216
1.0275702077482725
1.030611374820569
1.03129391471798
1.0310668664640539
1.0310668664640539
1.0310668664640539
1.0310668664640539
1.031160005592007
1.0308703376830088
1.0308652032334433
1.0308652032334433
1.0308652032334433
1.0316047464716338
1.0327118630169807
1.0327118630169807
1.0294871683083902
1.0309348684552637
1.0309348684552637
1.030751177495325
1.030751177495325
1.030751177495325
1.029607691723003
1.029607691723003
1.029607691723003
1.0312105815248607
1.0312105815248607
1.0312105815248607
1.0295715377938615
1.0295715377938615
1.0295715377938615
1.0291717850450655
1.0291717850450655
1.0291717850450655
1.0291717850450655
1.029586255255519
1.0300701058619621
1.0306916564741002
1.0306916564741002
1.0306916564741002
1.0307773559767541
1.033705495718996
1.033705495718996
1.0349371316093816
1.032115272833327
1.032115272833327
1.032115272833327
1.032115272833327
1.032115272833327
1.032115272833327
1.033534850861309
1.0324574167236786
1.0335102821217348
1.031688438221468
1.0313655179463188
1.0350149876191492
1.0350149876191492
1.0350149876191492
1.0329031490326623
1.0329031490326623
1.0340514890130112
1.0327952694894147
1.0327952694894147
1.0327952694894147
1.037577387005643
1.036828945923191
1.037793207368421
1.037793207368421
1.037793207368421
1.037793207368421
1.0371411333574028
1.0406138557700741
1.0389887347421123
1.038802868210878
1.038802868210878
1.0369817233906025
1.0342015894314767
1.0342015894314767
1.0342015894314767
1.0339774177366738
1.0339774177366738
1.0314555533319574
1.0314555533319574
1.029091953249755
1.029091953249755
1.029091953249755
1.0283578576057728
1.0283578576057728
1.0254368841496255
1.0254368841496255
1.0254368841496255
1.0247223789961744
1.0247223789961744
1.025537275147457
1.0281602359732476
1.0281602359732476
1.0281602359732476
1.0281602359732476
1.0281602359732476
1.0281602359732476
1.0269642780767545
1.0274970386893354
1.0274970386893354
1.0274970386893354
1.0276871943282075
1.0276871943282075
1.0276871943282075
1.0276871943282075
1.0276871943282075
1.0276871943282075
1.0271123810954652
1.0271123810954652
1.0271123810954652
1.0271123810954652
1.025966695223872
1.0298865140982518
1.0283492810614432
1.0285534802147187
1.0270390579680113
1.02713039311495
1.02713039311495
1.02713039311495
1.0280187428769887
1.0280187428769887
1.0280187428769887
1.0280187428769887
1.027912833426317
1.028556060919267
1.0309809495248297
1.0309809495248297
1.0309809495248297
1.0307620519778018
1.0307620519778018
1.0307620519778018
1.0313506523902332
1.0305067135756714
1.0305067135756714
1.0305067135756714
1.0304456760010097
1.0297197713568655
1.0297197713568655
1.0280700753935017
1.0303020170241297
1.0303020170241297
1.0303020170241297
1.03181427656259
1.0311513980686813
1.0311513980686813
1.0311513980686813
1.0311513980686813
1.028046020120216
1.028046020120216
1.028046020120216
1.0282693934205465
1.0282693934205465
1.0282693934205465
1.0282693934205465
1.0277906199690237
1.0277906199690237
1.0277906199690237
1.0270994387105894
1.0270994387105894
1.0270994387105894
1.026393260873601
1.026393260873601
1.0267166467689886
1.0267166467689886
1.0267166467689886
1.0267166467689886
1.0267166467689886
1.0311174894903028
1.0319878068340091
1.0319878068340091
1.0303589604962957
1.0303589604962957
1.030726268435895
1.0321791062657486
1.0321791062657486
1.0321791062657486
1.0321791062657486
1.0324323172437024
1.0324323172437024
1.0324323172437024
1.0324323172437024
1.0324323172437024
1.0328090957295235
1.0320955859160001
1.0320955859160001
1.0316278634153178
1.0316278634153178
1.0302836108472553
1.0305737542599378
1.0314666393339322
1.0334579747254056
1.0334579747254056
1.0324583828299032
1.0324583828299032
1.0301831387314933
1.0301831387314933
1.0301831387314933
1.0301831387314933
1.0301831387314933
1.0315747586003639
1.0326057145053236
1.0326057145053236
1.0326057145053236
1.0326057145053236
1.0303300749264683
1.0303300749264683
1.0332387597946155
1.0332387597946155
1.0332748690712705
1.0332748690712705
1.0332748690712705
1.0332748690712705
1.0332748690712705
1.0325887814468253
1.0325887814468253
1.0325887814468253
1.0325887814468253
1.0307651089783607
1.0365928201011156
1.0365928201011156
1.0365928201011156
1.0365928201011156
1.0356873122884458
1.0361245644969135
1.0361245644969135
1.0334133435092152
1.0334133435092152
1.0354717426809055
1.0354717426809055
1.0339079358728365
1.0332440177024904
1.0332440177024904
1.0332440177024904
1.0332440177024904
1.0332440177024904
1.030851375573802
1.0313956667784367
1.0313956667784367
1.0304359406990076
1.0328944597353575
1.0321135253442848
1.0317705675381754
1.0304360876528063
1.0306136678068643
1.0327784539677263
1.0345795181984172
1.0349589069587466
1.0349589069587466
1.0349589069587466
1.0349589069587466
1.0349589069587466
1.0314522445756473
1.0314522445756473
1.0314522445756473
1.0314522445756473
1.0314522445756473
1.0352954400748908
1.0352954400748908
1.0335636152519072
1.0335636152519072
1.035297718436753
1.035297718436753
1.035297718436753
1.035297718436753
1.0347355520367802
1.0347355520367802
1.0347355520367802
1.0347355520367802
1.0345519028996808
1.0363059786739206
1.0363059786739206
1.036519494116192
1.0372863282163345
1.0372863282163345
1.0372863282163345
1.0372863282163345
1.036642846510945
1.0355266689113052
1.035065252795053
1.035065252795053
1.035065252795053
1.035065252795053
1.035065252795053
1.035065252795053
1.0372631782737736
1.0378503052888983
1.0387972960575944
1.040102401093191
1.040102401093191
1.040102401093191
1.040102401093191
1.0357540869720312
1.0370283368897413
1.037929010367342
1.0396311732712875
1.0396311732712875
1.0396311732712875
1.0396311732712875
1.0396311732712875
1.043436812202487
1.0426230844749333
1.0426230844749333
1.0426230844749333
1.0426230844749333
1.0426230844749333
1.0409772216057906
1.0406721737924878
1.0387029576272295
1.0387029576272295
1.0385450771506295
1.0378405125094772
1.0378405125094772
1.0356514936520127
1.0356514936520127
1.0356514936520127
1.0356514936520127
1.03719543786626
1.0369484732045557
1.036772684555919
1.036772684555919
1.036772684555919
1.0357861041297372
1.0360696913628413
1.036787022190298
1.036787022190298
1.036787022190298
1.036787022190298
1.036787022190298
1.036787022190298
1.036787022190298
1.0339120218269622
1.03435610718207
1.0362901236437063
1.0362901236437063
1.0350017288134368
1.034889994487816
1.033908322946163
1.033908322946163
1.0351245390815107
1.0348313096681983
1.0353398575816275
1.0353398575816275
1.0353398575816275
1.0353398575816275
1.0353398575816275
1.0353398575816275
1.0353398575816275
1.033899441666869
1.033899441666869
1.0346065902586792
1.0346065902586792
1.0344871209155702
1.0344871209155702
1.0344871209155702
1.0345001509002891
1.0345001509002891
1.0355145107629962
1.0354548754625112
1.0367033704663349
1.033530902400197
1.033530902400197
1.033530902400197
1.0344571630387187
1.0329256539621485
1.0329256539621485
1.0329256539621485
1.0327692628188365
1.0318243374286795
1.0318243374286795
1.0318243374286795
1.032822879739432
1.032822879739432
1.032822879739432
1.0353215215875826
1.0353215215875826
1.0353215215875826
1.0337488514234243
1.0337488514234243
1.0337488514234243
1.0337488514234243
1.0337488514234243
1.0324151592546806
1.0334283835921787
1.0334283835921787
1.0331395972448085
1.0331395972448085
1.0331395972448085
1.0325634771426186
1.0325634771426186
1.0344260036793078
1.0344260036793078
1.0326623429147948
1.032234835888367
1.032234835888367
1.0337025029244464
1.0337025029244464
1.0325858160157457
1.0320181696395994
1.0320181696395994
1.0320181696395994
1.0320181696395994
1.0345595344629095
1.0324874851743837
1.0324874851743837
1.0326746187423936
1.0326746187423936
1.0326746187423936
1.0307824123156373
1.0307824123156373
1.0329612549341076
1.0329612549341076
1.0329612549341076
1.0329612549341076
1.0329612549341076
1.0329612549341076
1.0308845216079485
1.0308845216079485
1.0346800877592772
1.0346800877592772
1.0346800877592772
1.033324229861053
1.031874172135689
1.031874172135689
1.0304129268642888
1.0329199580760422
1.0329199580760422
1.0329199580760422
1.0329199580760422
1.0329199580760422
1.033648960335317
1.033648960335317
1.0332289108202501
1.0296931330882966
1.0296931330882966
1.0293411352805613
1.0293411352805613
1.0293411352805613
1.030587090341292
1.0305930549998403
1.0305930549998403
1.030827160057801
1.030827160057801
1.030827160057801
1.030827160057801
1.030827160057801
1.0275222691727999
1.0288512477902334
1.0245805782947406
1.0245805782947406
1.0245805782947406
1.0245805782947406
1.0245805782947406
1.0265098974186149
1.0265098974186149
1.0265098974186149
1.0277971897557263
1.0272844388077909
1.0272844388077909
1.0272844388077909
1.0272844388077909
1.0275913543641182
1.0275913543641182
1.0275642779942713
1.0275642779942713
1.0275642779942713
1.0255684622779915
1.0255684622779915
1.0260486972337555
1.0260486972337555
1.0284485918340671
1.0284485918340671
1.0284485918340671
1.0275210011016895
1.0275210011016895
1.0261440498472931
1.0261440498472931
1.0261440498472931
1.0261440498472931
1.0263959588288591
1.0263959588288591
1.0263959588288591
1.0263959588288591
1.0247393089528058
1.0247393089528058
1.0247393089528058
1.0247393089528058
1.0247393089528058
1.0247393089528058
1.020539583815795
1.020539583815795
1.0199465949865507
1.0199465949865507
1.0199465949865507
1.0213336864174252
1.0213336864174252
1.0213336864174252
1.0213336864174252
1.024487498538404
1.024487498538404
1.024487498538404
1.0256521114634445
1.0241107157342324
1.0241107157342324
1.0241107157342324
1.0241107157342324
1.0231267876703956
1.0231267876703956
1.0231267876703956
1.0240929506921024
1.0240929506921024
1.0240929506921024
1.0240929506921024
1.0240929506921024
1.0240929506921024
1.0240929506921024
1.0249846312913777
1.0249846312913777
1.02365997532199
1.0244420962486114
1.0237074274225544
1.0237074274225544
1.0257386774003534
1.0236341153665085
1.0236341153665085
1.021919585410511
1.0225408412941561
1.0225408412941561
1.024172379239021
1.0248115501217694
1.0247037718951353
1.026587941733832
1.0303106683783465
1.0303106683783465
1.032433336868935
1.032433336868935
1.0328990461900462
1.0328990461900462
1.0331960491156393
1.0315993403536687
1.0315993403536687
1.0304348358524034
1.0310094121172593
1.0290146683768437
1.0290146683768437
1.0293991435344962
1.0293991435344962
1.0293991435344962
1.0293991435344962
1.0293991435344962
1.0293991435344962
1.0293991435344962
1.0293991435344962
1.0293991435344962
1.0305389681038355
1.0307105948727007
1.0307105948727007
1.0326142195027215
1.0336169952570957
1.0336169952570957
1.0336169952570957
1.0336169952570957
1.0325102768533003
1.0318003179762267
1.0318003179762267
1.0306912050119796
1.0305325945156816
1.029619392312251
1.029619392312251
1.029619392312251
1.0296862005642893
1.0296862005642893
1.0296862005642893
1.030528295124608
1.030528295124608
1.030528295124608
1.030528295124608
1.031046679519624
1.031046679519624
1.031046679519624
1.031046679519624
1.031046679519624
1.0334127155392705
1.0332814005028121
1.0324359985847475
1.0324359985847475
1.0365956245729262
1.0365956245729262
1.0365956245729262
1.0365956245729262
1.0365956245729262
1.0365956245729262
1.0358317766894316
1.0359372810248713
1.0359372810248713
1.0359372810248713
1.0359372810248713
1.0359372810248713
1.0366350766613481
1.0366686898591526
1.0366686898591526
1.036605882666056
1.036605882666056
1.036605882666056
1.036605882666056
1.036605882666056
1.0330984435308426
1.0330984435308426
1.0330984435308426
1.0330984435308426
1.0332781459607914
1.0332781459607914
1.0332781459607914
1.0332781459607914
1.0332781459607914
1.033405274189404
1.0349946476818894
1.0349946476818894
1.0364486515792175
1.0364486515792175
1.0364486515792175
1.0401587986694976
1.0401587986694976
1.0401587986694976
1.0401587986694976
1.0374253643777436
1.036555472405794
1.036555472405794
1.036555472405794
1.036555472405794
1.036555472405794
1.0346036233172562
1.0354183031756992
1.0354183031756992
1.0354183031756992
1.0354506415939662
1.0344582645273166
1.0335816731893799
1.0335816731893799
1.0335816731893799
1.0345228855067061
1.0345228855067061
1.0340953464493559
1.0342730977434096
1.035540049005741
1.035540049005741
1.0351432818616055
1.0351432818616055
1.0351432818616055
1.0326992208532388
1.035353896656241
1.0352166434849572
1.035738614553711
1.035738614553711
1.0375635157888472
1.0375635157888472
1.040934138960436
1.040934138960436
1.040934138960436
1.042456207599262
1.0419707778721414
1.0419707778721414
1.0408618296817342
1.0381921268363055
1.0381921268363055
1.0381921268363055
1.0381921268363055
1.0375110492990631
1.0367454536260678
1.036744662994223
1.0331517546077484
1.0331517546077484
1.030596304091633
1.030596304091633
1.0311523471485526
1.0311523471485526
1.0311523471485526
1.03079189577237
1.0300176572059714
1.0300176572059714
1.0300176572059714
1.0300176572059714
1.0296345168953989
1.028957312336485
1.028957312336485
1.0289114627613372
1.0286208255064295
1.0286208255064295
1.0312717385964592
1.0312717385964592
1.0312717385964592
1.029391507193896
1.029391507193896
1.029391507193896
1.029391507193896
1.0295719901870934
1.0295719901870934
1.028983094827756
1.0312412615139415
1.0315954003477594
1.0315954003477594
1.0315954003477594
1.0315954003477594
1.0320991098804813
1.03260604108791
1.03260604108791
1.03260604108791
1.0355567127004095
1.0342387001701023
1.0342387001701023
1.0342387001701023
1.0342387001701023
1.0342387001701023
1.0315736585237774
1.0315736585237774
1.0315736585237774
1.0315736585237774
1.032121331441378
1.032121331441378
1.032121331441378
1.032121331441378
1.032121331441378
1.032121331441378
1.032121331441378
1.032121331441378
1.032121331441378
1.0282297011132995
1.0282297011132995
1.0302120571275248
1.0302120571275248
1.0288426503320054
1.0288426503320054
1.0288426503320054
1.0288426503320054
1.0317211251919622
1.0317211251919622
1.0330179032369855
1.0329214797589938
1.0329214797589938
1.0329214797589938
1.0312160521177411
1.0310770640630353
1.0310770640630353
1.0333497594808545
1.0343467735220746
1.0336374841327942
1.0336374841327942
1.0328858285398634
1.0328858285398634
1.0328858285398634
1.0328858285398634
1.0328858285398634
1.0328858285398634
1.0328858285398634
1.0328858285398634
1.0303017169987194
1.0303017169987194
1.0303017169987194
1.0298600633662862
1.0298600633662862
1.0298600633662862
1.030413377833871
1.030413377833871
1.030172669942421
1.030172669942421
1.030172669942421
1.030172669942421
1.0302981241410383
1.0302981241410383
1.0302981241410383
1.0302981241410383
1.0302981241410383
1.0302981241410383
1.0302981241410383
1.0302981241410383
1.0300194348682117
1.0300194348682117
1.0300194348682117
1.0300194348682117
1.0300194348682117
1.0300194348682117
1.0300194348682117
1.0300194348682117
1.032497468887092
1.028031639293832
1.028031639293832
1.028031639293832
1.028031639293832
1.028031639293832
1.028031639293832
1.028031639293832
1.028031639293832
1.028031639293832
1.028031639293832
1.028031639293832
1.028031639293832
1.0235173809470033
1.0242998046041103
1.026476126374841
1.026476126374841
1.026476126374841
1.026476126374841
1.0264340813979005
1.0264340813979005
1.026094586067568
1.0266477816884634
1.0259381288424347
1.0259381288424347
1.026771929882532
1.026771929882532
1.0272260610376418
1.0272260610376418
1.0272260610376418
1.0272253140859244
1.026592971040879
1.030537761630192
1.0321095436449734
1.0318507860184467
1.0299634423833393
1.0299634423833393
1.0292982316904338
1.0292982316904338
1.0308614988812597
1.0308614988812597
1.0308614988812597
1.0304548428983167
1.0289732300854393
1.0289732300854393
1.0289732300854393
1.0289732300854393
1.0289732300854393
1.0319920983107138
1.033243940545143
1.033243940545143
1.033243940545143
1.033243940545143
1.033243940545143
1.0297951704045918
1.0297951704045918
1.0297951704045918
1.0302421963818134
1.0306983586125036
1.0306983586125036
1.0302005310986273
1.0306362790228416
1.0306362790228416
1.0299106151252513
1.0299106151252513
1.0299106151252513
1.0299106151252513
1.0306965366292475
1.0301101945840805
1.0301101945840805
1.0327723277896976
1.0327723277896976
1.0327723277896976
1.0336721089966283
1.0336721089966283
1.0336721089966283
1.0336721089966283
1.0336721089966283
1.0336721089966283
1.0336721089966283
1.0325548817727097
1.0325548817727097
1.0319236935143463
1.031672804341853
1.031672804341853
1.0298491470719515
1.0298491470719515
1.0298491470719515
1.0298491470719515
1.0305738612337485
1.030164586988097
1.0285554054668558
1.0300897420590254
1.0313946537244962
1.0313946537244962
1.0313946537244962
1.0313946537244962
1.0313946537244962
1.0313946537244962
1.0323179165616985
1.0323179165616985
1.0323179165616985
1.0323179165616985
1.0323179165616985
1.0323179165616985
1.0343873958888636
1.0328510858524043
1.0325670837078549
1.0325670837078549
1.0325670837078549
1.0325670837078549
1.03338789439024
1.03338789439024
1.03338789439024
1.0337162933207213
1.0351108618890312
1.0319099962100509
1.0319099962100509
1.0319099962100509
1.0331348545896
1.0331348545896
1.0331348545896
1.0331348545896
1.0331348545896
1.0312308233880294
1.0322505757861566
1.0322505757861566
1.0322505757861566
1.0334063281514976
1.0334063281514976
1.0319608459987182
1.0319608459987182
1.0319608459987182
1.030879764116271
1.0302521884411724
1.0341687955905476
1.0323844070720665
1.0323844070720665
1.0323844070720665
1.0323844070720665
1.0323844070720665
1.0323844070720665
1.0334167396638623
1.0335028653758813
1.0343339585636524
1.0343339585636524
1.0343339585636524
1.0343339585636524
1.0343339585636524
1.0343339585636524
1.0329997005026583
1.0329997005026583
1.0329997005026583
1.0329997005026583
1.0329997005026583
1.0341127393354006
1.033928243232521
1.033928243232521
1.033928243232521
1.0354458660816304
1.0354458660816304
1.0334168467783078
1.0334168467783078
1.0334168467783078
1.0320530902332645
1.0320530902332645
1.0320530902332645
1.0320530902332645
1.0320530902332645
1.0320530902332645
1.0320530902332645
1.0320530902332645
1.0320530902332645
1.031520540082657
1.031520540082657
1.031520540082657
1.0315688923755924
1.0315688923755924
1.0315688923755924
1.0327148262888888
1.0327148262888888
1.033313279472732
1.033313279472732
1.0334478592477454
1.0334478592477454
1.0334478592477454
1.0306835932620932
1.0315162034258885
1.0319387573665362
1.0319387573665362
1.0319387573665362
1.0318768497612
1.031852251939044
1.031852251939044
1.0303704078881089
1.0303704078881089
1.030726026479162
1.0303500974946318
1.0303500974946318
1.0299806951524952
1.0299806951524952
1.0313922821480832
1.0297281610729487
1.0297281610729487
1.0307399561172597
1.0307399561172597
1.031115103309064
1.03075171268849
1.03075171268849
1.0310471017634026
1.0332025357372066
1.0332025357372066
1.0332025357372066
1.0330053046735175
1.0330053046735175
1.0330053046735175
1.0322480144127726
1.0322480144127726
1.0306788449969968
1.0329687614772076
1.0329687614772076
1.034253834425529
1.034253834425529
1.034253834425529
1.0313149519797633
1.0328216079914772
1.0328744190962598
1.031604116859983
1.0342440235871144
1.0342440235871144
1.0304176137569245
1.0304176137569245
1.0304176137569245
1.031486138023018
1.0299647754527392
1.0299647754527392
1.029940703682602
1.029639797704257
1.029639797704257
1.029639797704257
1.029639797704257
1.029639797704257
1.0303769713349271
1.0303769713349271
1.0310035685526486
1.0322696950524204
1.0322696950524204
1.03421365911814
1.0330611097358628
1.0330611097358628
1.0330611097358628
1.0330611097358628
1.0330611097358628
1.032960392695698
1.032960392695698
1.032960392695698
1.032960392695698
1.032960392695698
1.0336173350306315
1.0336173350306315
1.0336173350306315
1.0336405037168603
1.0336405037168603
1.0312098452678795
1.0312098452678795
1.0312098452678795
1.0337603577804941
1.0333472934399366
1.0320799540709409
1.0320799540709409
1.033984823570111
1.03386470460722
1.03386470460722
1.0326625060203536
1.0326625060203536
1.0318727125002776
1.0318727125002776
1.0318727125002776
1.0318727125002776
1.0318727125002776
1.0318727125002776
1.0318727125002776
1.0318727125002776
1.0318727125002776
1.0318727125002776
1.0318727125002776
1.0318727125002776
1.0318727125002776
1.0318727125002776
1.0307195932371604
1.0307195932371604
1.0289780890941909
1.0289780890941909
1.0293085316461184
1.0293085316461184
1.0293085316461184
1.0293085316461184
1.0293085316461184
1.0277368915769411
1.0277368915769411
1.0320408687583622
1.0320408687583622
1.0331572536623548
1.0326181072749219
1.0298952089309097
1.0330258129678453
1.0317997389838365
1.0317997389838365
1.0317997389838365
1.0332647814260951
1.0335860974793343
1.0335860974793343
1.0333454176542693
1.0322142708195583
1.0322142708195583
1.0322142708195583
1.0322142708195583
1.0312473612408677
1.0312473612408677
1.0341630495542657
1.0338814755772185
1.0338814755772185
1.0324815731802472
1.0312283164605685
1.0300054301399704
1.0335378473267793
1.0335378473267793
1.0334847737370083
1.0344426628368244
1.0327635607469752
1.0327635607469752
1.0327635607469752
1.0327635607469752
1.0327635607469752
1.034007359907623
1.0353076607890535
1.0353076607890535
1.0356230453344577
1.0356230453344577
1.035734904663873
1.035734904663873
1.033691221669574
1.0323501029587139
1.0333395901588929
1.0333395901588929
1.0333395901588929
1.0325482386850493
1.0332310355170065
1.0332310355170065
1.0339645462626843
1.0339645462626843
1.0315697636278502
1.0315697636278502
1.0331458418392645
1.0331458418392645
1.0331458418392645
1.0331458418392645
1.0331458418392645
1.0331458418392645
1.0331458418392645
1.0332102415980324
1.0332102415980324
1.0304283949792987
1.0304283949792987
1.0304283949792987
1.0328389696129858
1.0328389696129858
1.0328389696129858
1.0328389696129858
1.0299275950132816
1.0289977687488867
1.0321244378119707
1.0321244378119707
1.0321244378119707
1.0321244378119707
1.0323463839895353
1.032370181366442
1.032370181366442
1.032370181366442
1.032370181366442
1.02824745710815
1.0320454644662458
1.0320454644662458
1.0320454644662458
1.0320454644662458
1.0320454644662458
1.0320454644662458
1.0320454644662458
1.0320454644662458
1.0320454644662458
1.031559449133265
1.031559449133265
1.031559449133265
1.031559449133265
1.0360345845776446
1.0353497145055472
1.0353497145055472
1.0353497145055472
1.0353497145055472
1.0353497145055472
1.0378716767892409
1.0375885063600685
1.0399200302988336
1.0399200302988336
1.0424664777189305
1.0424664777189305
1.0424664777189305
1.0424664777189305
1.0417755205522845
1.0417755205522845
1.0417755205522845
1.0411666514455142
1.0394536061397908
1.0394536061397908
1.0394536061397908
1.037931884275107
1.037931884275107
1.037931884275107
1.037931884275107
1.0384057718691613
1.0366460024317707
1.0365055183460226
1.0365055183460226
1.0370436454999568
1.0370436454999568
1.0376490300747705
1.0363986251885877
1.034772445731497
1.0375644858059323
1.0375644858059323
1.0361141942010026
1.035137138896752
1.035137138896752
1.035137138896752
1.035137138896752
1.035137138896752
1.0342762040028175
1.0342762040028175
1.0342762040028175
1.0369972791811986
1.0369972791811986
1.0369972791811986
1.037020810089222
1.037020810089222
1.037020810089222
1.037020810089222
1.037020810089222
1.037020810089222
1.0368937994970018
1.0368937994970018
1.0372547057982504
1.0322606285083018
1.0322606285083018
1.0317950897017956
1.0318157629798692
1.0308283823912459
1.0303788983292521
1.0283920602553225
1.0283920602553225
1.0283920602553225
1.0283920602553225
1.0283920602553225
1.0283920602553225
1.0283021212780408
1.0283021212780408
1.0283021212780408
1.0289944894622516
1.0246729161800276
1.0246729161800276
1.0246729161800276
1.0282808489042894
1.0282808489042894
1.0259421630899497
1.025993024973491
1.0252281532951553
1.0252281532951553
1.0252281532951553
1.0252225538649924
1.0252225538649924
1.0252225538649924
1.0284410689642525
1.0284410689642525
1.0284410689642525
1.0284410689642525
1.0284410689642525
1.028793327655768
1.0275585494094526
1.0275585494094526
1.0275585494094526
1.0275585494094526
1.0275585494094526
1.0275585494094526
1.0275585494094526
1.0273929736896024
1.028293241213296
1.028293241213296
1.028293241213296
1.028293241213296
1.028293241213296
1.0268386693094835
1.0268386693094835
1.0260908364756993
1.0260908364756993
1.0276422515202117
1.0276422515202117
1.0276422515202117
1.0276422515202117
1.0276422515202117
1.0276422515202117
1.0276422515202117
1.0276422515202117
1.0276422515202117
1.0276422515202117
1.0276422515202117
1.0264352368523628
1.0265576745535796
1.0272869626972903
1.0287208196683781
1.0257910836403097
1.0257910836403097
1.0261523201436742
1.0257872630116336
1.0257872630116336
1.0274346716357263
1.0265033666332293
1.0245245288098506
1.0245245288098506
1.0245245288098506
1.0245245288098506
1.0240464193716148
1.0233308187554129
1.0233308187554129
1.0264923160866362
1.0264923160866362
1.0264923160866362
1.0264923160866362
1.0264923160866362
1.0302865654505786
1.0270606619900187
1.028266582794601
1.0260580045721268
1.0260580045721268
1.0266211931559017
1.0266211931559017
1.0266211931559017
1.0253029631730768
1.0260201769778985
1.0260201769778985
1.0260201769778985
1.0270184369506716
1.0273316231842913
1.0267334210354189
1.025114797877448
1.025114797877448
1.0271106688995544
1.0278038453655138
1.0279450199766
1.0284347699160088
1.029095695912588
1.029095695912588
1.029095695912588
1.029095695912588
1.029095695912588
1.029095695912588
1.029095695912588
1.0280319768394852
1.0306750997078995
1.0306750997078995
1.0306750997078995
1.0262346370406346
1.024358731266056
1.024358731266056
1.024358731266056
1.024358731266056
1.025822883413655
1.0266461000276905
1.0266461000276905
1.0266461000276905
1.0257165372178554
1.0257165372178554
1.0240536247760708
1.026494260085759
1.026494260085759
1.026494260085759
1.026494260085759
1.026494260085759
1.0286041983584855
1.0286041983584855
1.0314118754611035
1.0286554912174852
1.0296121885058087
1.0296121885058087
1.0293050171293745
1.0293050171293745
1.0290764375760975
1.0289583541847835
1.0291275605017445
1.0291275605017445
1.0294497779745755
1.0325435805881433
1.0317571684500528
1.0317571684500528
1.0298578956345459
1.0298578956345459
1.0298578956345459
1.0313904725953371
1.0313904725953371
1.0311294008157927
1.0311294008157927
1.0311294008157927
1.0311294008157927
1.030852843544108
1.030852843544108
1.0312473376340385
1.0239857421058045
1.0251056353445371
1.0256832579373076
1.0256832579373076
1.0256832579373076
1.0256832579373076
1.0256832579373076
1.0277003519949057
1.0298520292832982
1.0298520292832982
1.0298520292832982
1.0298520292832982
1.0316373007413606
1.0316373007413606
1.0316563575501854
1.0326317909719511
1.0314854958564352
1.0314854958564352
1.0314854958564352
1.029951253239475
1.029951253239475
1.0283415666497917
1.0283415666497917
1.0287196526757523
1.0283002800999899
1.0310702008857302
1.0310702008857302
1.0306881003449162
1.0311754887869182
1.0311754887869182
1.0311754887869182
1.0311754887869182
1.0306439768165725
1.0306439768165725
1.03220221723734
1.033171543139563
1.033171543139563
1.0318978090834436
1.0318978090834436
1.0305518645130556
1.0305518645130556
1.0301837301468597
1.031527522024406
1.031527522024406
1.031527522024406
1.030494106744121
1.0306222017996718
1.0306222017996718
1.0299458313088452
1.0274109587249756
1.0274109587249756
1.0274109587249756
1.0274109587249756
1.0285565820279168
1.0287757291103294
1.0287757291103294
1.0287757291103294
1.0287757291103294
1.0272692752087271
1.0272692752087271
1.0272692752087271
1.0279810968157872
1.0279810968157872
1.0279810968157872
1.028254619194105
1.0283373233558963
1.0283373233558963
1.0283373233558963
1.027314881660914
1.027314881660914
1.0259955446809739
1.0260218984901388
1.0253506390725864
1.0271290530667954
1.0271290530667954
1.0271290530667954
1.0271290530667954
1.026562725064533
1.0237808411149856
1.0237808411149856
1.0237808411149856
1.0250168692032064
1.0251271317327397
1.0228758091226289
1.0228758091226289
1.0228758091226289
1.0228758091226289
1.0228758091226289
1.0246934911591044
1.025017357661078
1.0244532095990406
1.0244532095990406
1.0228965787255861
1.022701287605465
1.022701287605465
1.0224982799736821
1.0224982799736821
1.0224982799736821
1.0224982799736821
1.0211695109205268
1.0211695109205268
1.0232764334907336
1.0245819619450431
1.0245819619450431
1.025200296376169
1.025200296376169
1.025200296376169
1.0234547880896723
1.0234547880896723
1.026238784887796
1.0253002213003883
1.0250207990188192
1.0250207990188192
1.0250207990188192
1.028898862147445
1.029491201556229
1.029491201556229
1.0296330852013402
1.029122962449504
1.029122962449504
1.029122962449504
1.029122962449504
1.026517876741417
1.026517876741417
1.026517876741417
1.026517876741417
1.026517876741417
1.026625664797435
1.0240322719210748
1.0240322719210748
1.0240322719210748
1.0240322719210748
1.0258108095851177
1.0258108095851177
1.0258108095851177
1.0258108095851177
1.027265905896502
1.0259217398250378
1.0259217398250378
1.0259217398250378
1.0259217398250378
1.0259217398250378
1.0259217398250378
1.0272561525905124
1.0261562597518554
1.0261562597518554
1.026280293748735
1.026280293748735
1.0246383656209836
1.0239147486079094
1.0251850491484633
1.027651708053468
1.0285408803606253
1.0285408803606253
1.0285408803606253
1.029541432998182
1.029541432998182
1.029541432998182
1.0289919412380217
1.0289919412380217
1.0302822275446493
1.0285846021760925
1.026629561700225
1.030579382546367
1.030579382546367
1.0285824132824866
1.0265442677791672
1.0265442677791672
1.0265442677791672
1.0265442677791672
1.0265442677791672
1.0265442677791672
1.0265442677791672
1.0262846220924637
1.0279277031898655
1.0279277031898655
1.0279277031898655
1.0279277031898655
1.0279277031898655
1.0313916955660785
1.0313916955660785
1.0313916955660785
1.032526101383935
1.0324031282572756
1.0324031282572756
1.0320654329201568
1.0320654329201568
1.0316515598546105
1.0331488183268465
1.0331488183268465
1.0331488183268465
1.0331488183268465
1.0331488183268465
1.0331488183268465
1.0338123555357044
1.033150668690187
1.033150668690187
1.0331576040265933
1.033725489719726
1.033725489719726
1.033725489719726
1.032985721762241
1.032985721762241
1.032985721762241
1.0318492213679944
1.0318492213679944
1.0318492213679944
1.0318492213679944
1.0331718814631874
1.0331718814631874
1.0331718814631874
1.0331718814631874
1.0325928067802352
1.0327552738048618
1.0327512038372453
1.0327512038372453
1.0327512038372453
1.0327512038372453
1.0327512038372453
1.0327512038372453
1.0327512038372453
1.0327512038372453
1.0327512038372453
1.0328671432158065
1.0328671432158065
1.0334323493447193
1.0334323493447193
1.0334323493447193
1.033457887187242
1.033457887187242
1.0345290684260304
1.0345290684260304
1.03406209794206
1.03406209794206
1.03406209794206
1.0351717108275438
1.0342431647195127
1.0342431647195127
1.0331766765956711
1.033282497747999
1.033282497747999
1.033282497747999
1.033282497747999
1.033282497747999
1.033282497747999
1.033282497747999
1.033282497747999
1.033282497747999
1.033282497747999
1.033282497747999
1.033282497747999
1.033282497747999
1.033282497747999
1.0329905845742402
1.0329905845742402
1.029929965663141
1.029929965663141
1.031688173361568
1.0340967757171493
1.0340967757171493
1.0340967757171493
1.0340967757171493
1.0308790680276427
1.0332157905829735
1.0322351902448479
1.0322351902448479
1.0322351902448479
1.0322351902448479
1.0322351902448479
1.0322351902448479
1.0330447084286059
1.0353884449656932
1.0353884449656932
1.0353884449656932
1.0353884449656932
1.0353884449656932
1.0305361456745847
1.0305361456745847
1.0305361456745847
1.0319772471786604
1.0319772471786604
1.0319275892149082
1.0322285476744248
1.0322285476744248
1.0335021689903305
1.0335021689903305
1.0326887852514843
1.0294449238598133
1.0323202205123632
1.0323202205123632
1.0323202205123632
1.0317738588541265
1.0317738588541265
1.0321387335646672
1.0305421962852646
1.0308689245746636
1.0287682001004046
1.0293382378540759
1.0275864700351776
1.0269293450281125
1.0269293450281125
1.029541386890035
1.030903764755448
1.031586653520146
1.0298462997245161
1.0298462997245161
1.0295451931028055
1.0320978204440343
1.0320978204440343
1.0320978204440343
1.0320978204440343
1.0320978204440343
1.0320978204440343
1.0320978204440343
1.0320978204440343
1.0320128348999515
1.032405930140662
1.0309729249505708
1.0309729249505708
1.0309729249505708
1.0309729249505708
1.0309729249505708
1.0309729249505708
1.0285121882034287
1.027642871506113
1.029942799283216
1.029942799283216
1.030760902945476
1.030760902945476
1.030760902945476
1.030760902945476
1.030760902945476
1.030760902945476
1.030760902945476
1.0295902951692033
1.033045711960107
1.033045711960107
1.033045711960107
1.033045711960107
1.031363672055078
1.031363672055078
1.031363672055078
1.031363672055078
1.031363672055078
1.0314048449663167
1.0315065722004817
1.0316821513017354
1.0316821513017354
1.0328803057877707
1.0328803057877707
1.030872213227672
1.0308624182007624
1.0296105913645175
1.0296105913645175
1.0296105913645175
1.0296105913645175
1.0309875121671213
1.0327097413983115
1.0340468284138855
1.0340468284138855
1.0340468284138855
1.0305715444850072
1.0305715444850072
1.0299827095313066
1.0299827095313066
1.0299827095313066
1.0314799154659178
1.0314799154659178
1.0328485242216625
1.0328485242216625
1.0328485242216625
1.0328485242216625
1.0328485242216625
1.0330349599109732
1.0330349599109732
1.0330349599109732
1.0330349599109732
1.0322732801875254
1.0322732801875254
1.0322732801875254
1.0322732801875254
1.0322732801875254
1.0322732801875254
1.0334288703660965
1.0334288703660965
1.0334288703660965
1.0334288703660965
1.0316173260438282
1.0316120780879108
1.0327782631554887
1.0350128196081934
1.0339227574974093
1.0339227574974093
1.0339227574974093
1.0339227574974093
1.0339227574974093
1.0339227574974093
1.0332881335408237
1.0335965605685768
1.0335965605685768
1.0335965605685768
1.0325927875520409
1.0325927875520409
1.0341212975345289
1.0341212975345289
1.0363589795803052
1.0363589795803052
1.0373040370258957
1.0373040370258957
1.0373040370258957
1.0373040370258957
1.0340841557553644
1.0340841557553644
1.0339137031355041
1.0339137031355041
1.0323257189476829
1.0323257189476829
1.0323257189476829
1.0348368876152494
1.0339484200230813
1.0339484200230813
1.0339484200230813
1.0300912171805543
1.0300912171805543
1.0300912171805543
1.0300912171805543
1.0300912171805543
1.0300912171805543
1.0284921370122193
1.0318176128940881
1.034190280869164
1.035871431547862
1.035871431547862
1.035871431547862
1.035871431547862
1.0358850434357951
1.0351094917320063
1.0339079898321863
1.0339079898321863
1.0339079898321863
1.033109799753594
1.033109799753594
1.033109799753594
1.033109799753594
1.03183220590386
1.0329310797074804
1.0329310797074804
1.0331739246448823
1.0374379964482343
1.0377229431416917
1.0373666045452792
1.0399389449594352
1.0399389449594352
1.0398288525742385
1.0398288525742385
1.0398288525742385
1.0398288525742385
1.0398288525742385
1.0397231013161001
1.0397231013161001
1.0397231013161001
1.0410389471338235
1.0405083941816493
1.0397791576924147
1.0397791576924147
1.0397791576924147
1.0402911166467437
1.0413797088957597
1.0413797088957597
1.0390451568761547
1.0390451568761547
1.0390451568761547
1.0397246416635204
1.038177181000038
1.0349961586584961
1.0352099180277936
1.0361829262668727
1.0361829262668727
1.034166700108942
1.034166700108942
1.0341508792560117
1.0341508792560117
1.034745663734775
1.034745663734775
1.0348219211428558
1.0342683082815278
1.0342683082815278
1.0342683082815278
1.0342683082815278
1.0342683082815278
1.0367819752247822
1.0340123961726015
1.0343561543635542
1.0326024215550487
1.0326024215550487
1.0341573019982857
1.0341573019982857
1.0341573019982857
1.0341573019982857
1.0341573019982857
1.0341573019982857
1.0341573019982857
1.0347041674856057
1.0347041674856057
1.0347041674856057
1.0331564439258063
1.0353174293040883
1.0353174293040883
1.0352673015813556
1.036646447736059
1.036646447736059
1.0369253701838739
1.0375544767749898
1.0375544767749898
1.0375544767749898
1.0374215159134499
1.0374215159134499
1.0374215159134499
1.0374215159134499
1.0374215159134499
1.0374215159134499
1.0379839598164637
1.0359563529048936
1.0404013528010196
1.0407339430952407
1.0397581045354134
1.0397581045354134
1.0397581045354134
1.0397581045354134
1.0397581045354134
1.0397581045354134
1.0373751004498917
1.0399815160181363
1.0399815160181363
1.0399815160181363
1.0399815160181363
1.0399815160181363
1.040528677775577
1.040528677775577
1.040528677775577
1.040528677775577
1.040528677775577
1.040528677775577
1.0406686353729844
1.0402577831236803
1.03820911723793
1.03820911723793
1.0385592456129609
1.0385592456129609
1.0385592456129609
1.0385592456129609
1.037557153822154
1.037557153822154
1.037228904112055
1.037228904112055
1.037228904112055
1.0351498189050163
1.0351498189050163
1.034681755148641
1.034681755148641
1.034681755148641
1.034681755148641
1.0362277819840442
1.0350128265152316
1.0346486999925588
1.0346486999925588
1.0346486999925588
1.0346486999925588
1.0365455767304812
1.0375258338278883
1.0375258338278883
1.0359243774215425
1.0359243774215425
1.0359243774215425
1.0359243774215425
1.0378215139345655
1.0378215139345655
1.035798726906036
1.035798726906036
1.035798726906036
1.035798726906036
1.035798726906036
1.035798726906036
1.035132571767023
1.0362242094039706
1.0362242094039706
1.037793971684233
1.0374313173122227
1.0374313173122227
1.0365832513507478
1.0365832513507478
1.0365832513507478
1.0359864000367869
1.0359864000367869
1.0329101593489751
1.0329101593489751
1.034506785020434
1.034506785020434
1.0328966285165257
1.0335452999120753
1.0320004190542702
1.0320004190542702
1.0330819132692106
1.03422675342257
1.03422675342257
1.0335593617984802
1.0335593617984802
1.0335593617984802
1.0332086891977788
1.0332086891977788
1.0332086891977788
1.0332086891977788
1.0332086891977788
1.0340261395308874
1.0340261395308874
1.0354796588751305
1.0355189726637595
1.0348223891834776
1.0348223891834776
1.0354615950319304
1.0333430919763094
1.0333430919763094
1.0326873821183864
1.0326873821183864
1.0326873821183864
1.0326873821183864
1.030698110779998
1.030698110779998
1.030698110779998
1.030698110779998
1.0309451152276443
1.0309451152276443
1.0309451152276443
1.0309451152276443
1.0309451152276443
1.0309451152276443
1.0309451152276443
1.031501382638909
1.031501382638909
1.031501382638909
1.0307653328001738
1.031777989362871
1.031777989362871
1.0326003931431167
1.0316334651146442
1.0297398846988748
1.0296749099638844
1.0296749099638844
1.0309408295439542
1.029603426793216
1.029603426793216
1.029603426793216
1.029603426793216
1.029603426793216
1.0276494246808947
1.0276494246808947
1.0276494246808947
1.0272927370170915
1.0292875524906264
1.0318407460570396
1.0318407460570396
1.0319468215648173
1.0319468215648173
1.0319468215648173
1.0319468215648173
1.0319468215648173
1.0320638471446202
1.0289261518982482
1.0278742231057891
1.0325823769207454
1.0325823769207454
1.0324274932433644
1.0333470335211647
1.0333470335211647
1.0333470335211647
1.0323679140472157
1.0323679140472157
1.0323679140472157
1.0326762263873428
1.0327697748713156
1.0327697748713156
1.0327697748713156
1.0341410601064833
1.0341410601064833
1.0341410601064833
1.0341410601064833
1.0341410601064833
1.0346167153204044
1.0336243151725322
1.0336243151725322
1.0336243151725322
1.0362905295451688
1.0362905295451688
1.0362905295451688
1.0362905295451688
1.0344017622083101
1.0344017622083101
1.0327991490585513
1.0333648727581162
1.0333648727581162
1.0333648727581162
1.0345855555912171
1.0342778835793758
1.0342778835793758
1.0342778835793758
1.0337140404225187
1.0339826935059198
1.0339826935059198
1.0339826935059198
1.0339826935059198
1.0339826935059198
1.0346985020878139
1.0361712035232613
1.0361712035232613
1.0374476492107443
1.0342787106033786
1.0342593045499853
1.035202715542082
1.035202715542082
1.035202715542082
1.035202715542082
1.0355861676757208
1.0355861676757208
1.0343627363526176
1.0343627363526176
1.034396686878837
1.0338681178453826
1.0348253089048136
1.0348056571547588
1.0348056571547588
1.0348056571547588
1.0368177779163406
1.0368177779163406
1.0368177779163406
1.0368177779163406
1.0359531512018547
1.033414533609353
1.0324203360619926
1.0329561017817142
1.035065674397867
1.0347916625045952
1.0347916625045952
1.03499091729596
1.033075191561738
1.0323446047928748
1.0323446047928748
1.031194147526869
1.0313631016094484
1.0313631016094484
1.0319555950633283
1.031848500021053
1.031848500021053
1.031848500021053
1.031848500021053
1.0301597359280585
1.0288321822300193
1.0303504811930753
1.0303504811930753
1.0301287436152051
1.0306133941050828
1.0330853571564624
1.0330853571564624
1.0330853571564624
1.0330853571564624
1.0330853571564624
1.0318408272156372
1.0331338071542209
1.0322345964653155
1.0322345964653155
1.032493330398034
1.032756370166918
1.032756370166918
1.032756370166918
1.0339430166031058
1.0343753560515403
1.0343753560515403
1.0343753560515403
1.032605883520916
1.0338240458245505
1.0345572745502487
1.035397046583568
1.035397046583568
1.035397046583568
1.0364008937115121
1.0364008937115121
1.0364008937115121
1.0370192457857534
1.0373326842150794
1.0373326842150794
1.0373326842150794
1.0350356156841818
1.0350356156841818
1.0368836273101454
1.0368836273101454
1.0362642921110892
1.0362642921110892
1.0362642921110892
1.0357688739639532
1.0358041063040528
1.0358041063040528
1.034665335325149
1.032582586813794
1.0314497112717897
1.0314497112717897
1.0314497112717897
1.0314497112717897
1.0314497112717897
1.0314497112717897
1.0314497112717897
1.030050353348033
1.030050353348033
1.0283014626516456
1.0283014626516456
1.0283014626516456
1.0283014626516456
1.030807227311922
1.030807227311922
1.0312932000447699
1.0312932000447699
1.0312932000447699
1.0312932000447699
1.0326240952182113
1.032214875300809
1.032214875300809
1.0338940420180118
1.0347908141451392
1.0347908141451392
1.0347908141451392
1.0347908141451392
1.0347908141451392
1.0347908141451392
1.0362848989746216
1.031881316237527
1.031881316237527
1.031881316237527
1.0320023388865156
1.034089451831944
1.0317056831534517
1.0330976222181607
1.0329746188489977
1.032161146282992
1.0319905004147771
1.0314392075220318
1.0314392075220318
1.0314392075220318
1.030017980617532
1.0307141595987306
1.0307141595987306
1.0301200565535147
1.0301200565535147
1.0301200565535147
1.0301200565535147
1.0301200565535147
1.0301200565535147
1.030583416955612
1.030583416955612
1.030583416955612
1.030583416955612
1.030583416955612
1.028833984972957
1.028833984972957
1.028833984972957
1.028833984972957
1.028833984972957
1.028833984972957
1.0259178149055135
1.0259178149055135
1.0271747047521522
1.0271747047521522
1.0271747047521522
1.0271747047521522
1.0293604731348907
1.0293604731348907
1.02956325779105
1.0303708413292194
1.0307198182690447
1.0294657626340373
1.0306227644222563
1.0284268537425127
1.0284268537425127
1.0284268537425127
1.0301619115543457
1.0301619115543457
1.0301619115543457
1.0316052510096578
1.0316052510096578
1.0316052510096578
1.031376605135061
1.0301922823455523
1.0311024201691386
1.0311024201691386
1.0311024201691386
1.0311024201691386
1.0311024201691386
1.028994049912309
1.0285346878372739
1.0285346878372739
1.0285346878372739
1.0301101275968991
1.0301101275968991
1.0301101275968991
1.0310320279265066
1.0337318140617067
1.0286318204744698
1.0283124614465533
1.0283124614465533
1.0281276204843401
1.0283908921266707
1.0283908921266707
1.0269352416560036
1.0253868693935098
1.0253868693935098
1.0296960864303804
1.0296960864303804
1.0296960864303804
1.0284133042511328
1.0284133042511328
1.0284133042511328
1.0295718785709183
1.0283179023638567
1.0283179023638567
1.0283179023638567
1.0285667749792353
1.0303742458604501
1.0303742458604501
1.0303742458604501
1.0303742458604501
1.030664563791817
1.030664563791817
1.030664563791817
1.030664563791817
1.030664563791817
1.030664563791817
1.030664563791817
1.028526635248024
1.028526635248024
1.0284191225333688
1.0284191225333688
1.0269209367813608
1.0269209367813608
1.0269209367813608
1.0289612293442352
1.0289612293442352
1.0294063560268134
1.0294063560268134
1.031484271183453
1.031484271183453
1.031484271183453
1.031484271183453
1.031484271183453
1.031484271183453
1.0329708357740004
1.0329708357740004
1.03249245467581
1.032697719678903
1.0317547130272366
1.0317547130272366
1.0317547130272366
1.0317547130272366
1.032662555228666
1.0329535458639636
1.0330341784939965
1.0330341784939965
1.0330341784939965
1.0338745473916906
1.0339206093825704
1.0339206093825704
1.032873469621946
1.034106389872286
1.034106389872286
1.034106389872286
1.0340576040515286
1.0340576040515286
1.0340576040515286
1.0340576040515286
1.0340576040515286
1.0340576040515286
1.0354470563393157
1.0319009854030041
1.0319009854030041
1.0296098555848483
1.0278188590220292
1.0278188590220292
1.0278188590220292
1.0278188590220292
1.0278188590220292
1.0259360589592967
1.0259360589592967
1.0259360589592967
1.0259360589592967
1.0240542531684993
1.0243990231491553
1.0243990231491553
1.0219619308561656
1.0242453514377663
1.0248350943845177
1.0248350943845177
1.0248350943845177
1.0259382369789052
1.0259382369789052
1.0259382369789052
1.0281369142814907
1.0301569362128549
1.029705006070988
1.0295967505264398
1.0295967505264398
1.0295967505264398
1.030099806575139
1.0290357272548645
1.0290357272548645
1.0290357272548645
1.0294992317471672
1.0340871230238569
1.0340871230238569
1.0340871230238569
1.0335321030498872
1.0339170702802098
1.0339170702802098
1.0321239392452466
1.0321239392452466
1.0321239392452466
1.0323899458334962
1.0323899458334962
1.0323899458334962
1.0323899458334962
1.0306310239658125
1.0306310239658125
1.0306310239658125
1.0306310239658125
1.031188741989816
1.032903992497843
1.03037129092731
1.03037129092731
1.03037129092731
1.03037129092731
1.0303209574128849
1.0303209574128849
1.0304557168875172
1.0310259508511448
1.030967361101412
1.030967361101412
1.0309783056970108
1.0300380674312934
1.0300380674312934
1.0300380674312934
1.0300380674312934
1.0300380674312934
1.0300133516146333
1.0306294680298838
1.0306294680298838
1.0306294680298838
1.0306294680298838
1.0306294680298838
1.0306294680298838
1.0310066820314074
1.0283531378784967
1.0283531378784967
1.0283531378784967
1.0283531378784967
1.0283531378784967
1.0283531378784967
1.027846790942394
1.0288984357515116
1.0288984357515116
1.0286338202420682
1.0286338202420682
1.0286338202420682
1.0286338202420682
1.0286338202420682
1.0286338202420682
1.0286338202420682
1.0292586407750095
1.0292586407750095
1.0292586407750095
1.02732700079513
1.02732700079513
1.026900984906568
1.0277559268326752
1.0277559268326752
1.0277559268326752
1.026108812167046
1.026108812167046
1.026108812167046
1.026108812167046
1.027515006426122
1.027515006426122
1.027515006426122
1.0268966119297325
1.025402222491941
1.025402222491941
1.0240838826403549
1.0240838826403549
1.0240838826403549
1.026758392820344
1.0271568528811394
1.0277772036411204
1.025340890394891
1.0278912046078907
1.0278912046078907
1.0278912046078907
1.0259565344799597
1.0266358752785418
1.0266358752785418
1.0266358752785418
1.0282976060795361
1.0290531012639272
1.0290531012639272
1.0290531012639272
1.0290531012639272
1.0305112521208415
1.0301561104791674
1.0301561104791674
1.0329766341358044
1.0329766341358044
1.030686366654479
1.0303284997986202
1.0303284997986202
1.0315870233629778
1.0301594320143992
1.0301594320143992
1.0305167151386168
1.0305167151386168
1.0305167151386168
1.0299702074490262
1.0299702074490262
1.031343845965079
1.0293765200768406
1.0312315741842064
1.0312315741842064
1.029884095075111
1.0289883539261757
1.0289883539261757
1.0289883539261757
1.0289883539261757
1.0289883539261757
1.0278320649043315
1.0260972137124351
1.0264981632373942
1.0264981632373942
1.026439629943092
1.026710609361603
1.027558889871158
1.027558889871158
