1.0045442304757837
1.0045442304757837
1.0045442304757837
1.0045442304757837
1.0045442304757837
1.0045442304757837
1.0045442304757837
1.0045442304757837
1.0045442304757837
1.0045442304757837
1.0045442304757837
1.0045442304757837
1.0045442304757837
1.0045442304757837
1.0045442304757837
1.0045442304757837
1.0045442304757837
1.0045442304757837
1.0045442304757837
1.0045442304757837
1.0045442304757837
1.0045442304757837
1.0045442304757837
1.0045442304757837
1.0045442304757837
1.0045442304757837
1.0045442304757837
1.0045442304757837
1.0045442304757837
1.0045442304757837
1.0045442304757837
1.0045442304757837
1.0045442304757837
1.0045442304757837
1.0045442304757837
1.0045442304757837
1.0045442304757837
1.0045442304757837
1.0045442304757837
1.0045442304757837
1.0045442304757837
1.0045442304757837
1.0045442304757837
1.0045442304757837
1.0045442304757837
1.0045442304757837
1.0045442304757837
1.0045442304757837
1.0045442304757837
1.0045442304757837
1.0045442304757837
1.0045442304757837
1.0045442304757837
1.0045442304757837
1.0045442304757837
1.0045442304757837
1.0045442304757837
1.0045442304757837
1.0045442304757837
1.0045442304757837
1.0045442304757837
1.0045442304757837
1.0045442304757837
1.0045442304757837
1.0045442304757837
1.0045442304757837
1.0045442304757837
1.0045442304757837
1.0045442304757837
1.0045442304757837
1.0045442304757837
1.0045442304757837
1.0045442304757837
1.0045442304757837
1.0045442304757837
1.0045442304757837
1.0045442304757837
1.0045442304757837
1.0045442304757837
1.0045442304757837
1.0045442304757837
1.0045442304757837
1.0045442304757837
1.0045442304757837
1.0045442304757837
1.0045442304757837
1.0045442304757837
1.0045442304757837
1.0045442304757837
1.0045442304757837
1.0045442304757837
1.0045442304757837
1.0045442304757837
1.0045442304757837
1.0045442304757837
1.0045442304757837
1.0045442304757837
1.0045442304757837
1.0045442304757837
1.0045442304757837
1.0117773413602762
1.012447489240525
1.012447489240525
1.012447489240525
1.012447489240525
1.012447489240525
1.012447489240525
1.012447489240525
1.012447489240525
1.0173320526612748
1.0240598877430171
1.0271024205754689
1.0271024205754689
1.0298705938941057
1.0298705938941057
1.0298705938941057
1.0298705938941057
1.0298705938941057
1.0298705938941057
1.0332950276970856
1.0332950276970856
1.0325612272709945
1.0325612272709945
1.0345680793741177
1.0345680793741177
1.0345680793741177
1.0337587313048446
1.0337587313048446
1.0337587313048446
1.0337587313048446
1.034592789073316
1.034592789073316
1.0354136976748993
1.0354136976748993
1.03496351624573
1.035447086828378
1.035447086828378
1.035447086828378
1.035447086828378
1.0352864212955382
1.0352864212955382
1.0352864212955382
1.0343029009922604
1.0340815463195356
1.033324789789095
1.0339491806162104
1.0339491806162104
1.0351816319063034
1.0337038954341866
1.0348533526502726
1.0355568185744006
1.0355477628645102
1.0355477628645102
1.0355477628645102
1.0355477628645102
1.0359358327560155
1.0362082479194077
1.0362082479194077
1.038418843353999
1.0365404937209126
1.0365404937209126
1.0368930136438113
1.0368930136438113
1.033940349914135
1.036167633909657
1.036167633909657
1.036167633909657
1.036167633909657
1.036167633909657
1.033720654119129
1.033720654119129
1.0348612325114008
1.0382470773010766
1.0382470773010766
1.0349972070907367
1.0349972070907367
1.0349972070907367
1.0349972070907367
1.0349972070907367
1.0349972070907367
1.0349972070907367
1.0349972070907367
1.0349972070907367
1.0376171600177242
1.0376171600177242
1.0376171600177242
1.040575797603342
1.0396475938768526
1.0384981459417226
1.0373398311054773
1.0373398311054773
1.038203985726515
1.0403875203381414
1.0403875203381414
1.0403875203381414
1.0403875203381414
1.0413828883126595
1.0413828883126595
1.0427638663677623
1.0427638663677623
1.041883903199041
1.0389797660441975
1.0389797660441975
1.0364421327348623
1.0365794343217558
1.0365794343217558
1.0365794343217558
1.0365794343217558
1.0365794343217558
1.0365794343217558
1.0365794343217558
1.0359285415285906
1.0374208720905036
1.0395201326712415
1.0395201326712415
1.0395201326712415
1.0395201326712415
1.0380852018906177
1.0380852018906177
1.0386202100186104
1.0386202100186104
1.0388011114430657
1.0388011114430657
1.0388011114430657
1.0388011114430657
1.0402553275245097
1.0402553275245097
1.0402553275245097
1.0402553275245097
1.0402553275245097
1.0402553275245097
1.0402553275245097
1.0402553275245097
1.038052880361359
1.0403670654826676
1.039286333390525
1.0395882501250135
1.04126399342726
1.04126399342726
1.04126399342726
1.0420726691394397
1.0414951505531584
1.0414951505531584
1.0414951505531584
1.0414951505531584
1.0414951505531584
1.0414951505531584
1.0379626947389364
1.0379626947389364
1.0379626947389364
1.0379626947389364
1.0389252750361833
1.0392489653779604
1.0381804243792336
1.0381804243792336
1.0381804243792336
1.0365461136956353
1.0365461136956353
1.0365461136956353
1.0365461136956353
1.0375779620264842
1.0375779620264842
1.0371538995799154
1.0371538995799154
1.0379795535888439
1.0379795535888439
1.0379795535888439
1.0351449236745183
1.0354332676852118
1.0365379301788689
1.0365379301788689
1.0365379301788689
1.0367794837514002
1.035620658371956
1.035620658371956
1.0339164868622739
1.0339164868622739
1.0339164868622739
1.0339164868622739
1.035189994592555
1.035189994592555
1.035189994592555
1.035189994592555
1.035189994592555
1.0334460470838307
1.0334460470838307
1.0339526948410889
1.0339526948410889
1.0311213019200791
1.0311213019200791
1.0311213019200791
1.031371434068757
1.031371434068757
1.0337331184383591
1.0318043087881132
1.0316820539833838
1.0316820539833838
1.0307910866978458
1.0307910866978458
1.0307910866978458
1.0307910866978458
1.0281525619128147
1.0301655941434984
1.0353509713170284
1.0353509713170284
1.0353509713170284
1.0353509713170284
1.035180751068867
1.0352338744675917
1.0352338744675917
1.0352338744675917
1.031884754138104
1.031452726932963
1.031452726932963
1.0332012093636052
1.0333275728141782
1.0333275728141782
1.0333275728141782
1.0344577699679285
1.0344577699679285
1.0344577699679285
1.0358399628608514
1.0375671572728182
1.0375671572728182
1.0365932159625446
1.0365932159625446
1.0365228514370055
1.0365228514370055
1.0365228514370055
1.0365228514370055
1.0349724321179923
1.0343036775031886
1.0397036398360666
1.0397036398360666
1.0360218561931824
1.0360218561931824
1.0360218561931824
1.0360218561931824
1.0360218561931824
1.0360218561931824
1.0360218561931824
1.0366116295601218
1.033335923615339
1.0367021181196976
1.0367021181196976
1.0367021181196976
1.0367021181196976
1.0373696577243856
1.0373696577243856
1.0373696577243856
1.0373696577243856
1.0373696577243856
1.034102695875411
1.0358876048957621
1.0358876048957621
1.0340554649635498
1.0340554649635498
1.0340554649635498
1.0340554649635498
1.0338885344092434
1.0338885344092434
1.0338885344092434
1.0338885344092434
1.0338885344092434
1.0338885344092434
1.0336033535700833
1.0336033535700833
1.0327052681809048
1.0327052681809048
1.0327052681809048
1.0319247003306051
1.0319247003306051
1.0287993645165425
1.0261853644827867
1.0261853644827867
1.0261853644827867
1.0261853644827867
1.0285525277097198
1.0297627785006502
1.0287250488657764
1.0287250488657764
1.0287250488657764
1.0293042604070028
1.0293042604070028
1.0293042604070028
1.0293042604070028
1.0293042604070028
1.0293042604070028
1.0293042604070028
1.0293042604070028
1.0292424042172545
1.0292424042172545
1.0284923244197626
1.0284923244197626
1.030060580121791
1.031994005301017
1.031994005301017
1.031994005301017
1.031994005301017
1.0322627478759334
1.0322627478759334
1.031948894624171
1.031948894624171
1.031948894624171
1.031948894624171
1.031948894624171
1.031948894624171
1.0318865495684502
1.0318865495684502
1.0318865495684502
1.0318865495684502
1.0318865495684502
1.0318865495684502
1.0316009472240077
1.031605676814633
1.031605676814633
1.0322023177602817
1.0322023177602817
1.0322023177602817
1.0322023177602817
1.0326484240183254
1.030798331414132
1.030798331414132
1.0322209654074121
1.0322209654074121
1.0320391033502259
1.0310370189611067
1.0310370189611067
1.0310370189611067
1.0310370189611067
1.0310370189611067
1.0322100185471315
1.0315036081129125
1.0315036081129125
1.0325448757594702
1.0325448757594702
1.0325448757594702
1.0325448757594702
1.0311138330107192
1.0311138330107192
1.0324732455479781
1.0341161909261258
1.0333565114670524
1.0333565114670524
1.0333565114670524
1.0333565114670524
1.0333565114670524
1.0339482705087872
1.0339482705087872
1.0339482705087872
1.0337355638434127
1.0334612476109075
1.0334612476109075
1.0349083273290907
1.0336401785052902
1.0336401785052902
1.0336401785052902
1.0336401785052902
1.0330168468875511
1.0346460881894086
1.0353841583880339
1.0353841583880339
1.0353841583880339
1.0355388173476012
1.0355388173476012
1.0355388173476012
1.0364092347928482
1.034710960275971
1.034710960275971
1.034710960275971
1.034710960275971
1.034710960275971
1.034710960275971
1.034710960275971
1.034710960275971
1.0344867560993596
1.0351679868047396
1.0326883045283493
1.0318511665136143
1.0318511665136143
1.0318500492558955
1.0316544756963368
1.0354956648544902
1.0354956648544902
1.0354956648544902
1.0354956648544902
1.0339276757216398
1.032473229505831
1.032473229505831
1.032473229505831
1.032473229505831
1.0322222993248114
1.0325131235021061
1.0325131235021061
1.0325131235021061
1.0325131235021061
1.0355415932324277
1.0354528281537525
1.0359563491023134
1.0359563491023134
1.0359563491023134
1.0359563491023134
1.0348621004286915
1.0345995162360075
1.0352544369128636
1.0352544369128636
1.0352544369128636
1.0344544155842528
1.0348421484067667
1.0328834659985238
1.0327592775310743
1.0327592775310743
1.0329490144277225
1.0329490144277225
1.0329490144277225
1.0329490144277225
1.0329490144277225
1.0342738862948937
1.0342738862948937
1.0342085490883097
1.0342085490883097
1.0342085490883097
1.0342085490883097
1.0342085490883097
1.0342085490883097
1.0332672990911032
1.0332672990911032
1.0332672990911032
1.032603534289915
1.032603534289915
1.03384226210936
1.03384226210936
1.033946273767243
1.033946273767243
1.0326711990878974
1.0327901742831713
1.0317479417760296
1.0330302006538863
1.0312751534723854
1.0312751534723854
1.0312751534723854
1.0307373705589742
1.0307373705589742
1.0339144557806015
1.0344276608850744
1.0344276608850744
1.0344276608850744
1.0344276608850744
1.0336420750519997
1.0336420750519997
1.0339133912809395
1.0339133912809395
1.0322256387470314
1.0313128079884841
1.0313128079884841
1.0332657586081047
1.0332657586081047
1.0332657586081047
1.0332657586081047
1.0337100945290785
1.0337193918741818
1.0337193918741818
1.033681002698963
1.033681002698963
1.033681002698963
1.0338769214296128
1.0332827296696887
1.0332827296696887
1.0343252502730598
1.0343252502730598
1.0335550990825102
1.0335550990825102
1.0335550990825102
1.0335550990825102
1.0335550990825102
1.0335550990825102
1.032993278496143
1.032993278496143
1.032993278496143
1.0297397866979017
1.0308560949809364
1.0308560949809364
1.0324950205025798
1.0321551306531704
1.0321551306531704
1.0321551306531704
1.032696578007341
1.0309075507220482
1.0290402945073909
1.0282764197562997
1.0282764197562997
1.0282764197562997
1.0282764197562997
1.0257569293638698
1.024827219717802
1.0261782189019253
1.0275905885872738
1.026999294787126
1.0306667827065812
1.0306667827065812
1.0306667827065812
1.0314648111118432
1.0294627515258987
1.0315248989149968
1.0309376979074665
1.0309376979074665
1.0331495397371155
1.0331495397371155
1.0331495397371155
1.0331495397371155
1.0350704631305878
1.0350704631305878
1.0333300794332507
1.032403496801802
1.0324649545598341
1.0342162859079762
1.0342162859079762
1.0342162859079762
1.0342162859079762
1.0342162859079762
1.0342162859079762
1.0342162859079762
1.0342162859079762
1.0342162859079762
1.0342162859079762
1.0353541201688248
1.0353541201688248
1.0353541201688248
1.0353541201688248
1.0353541201688248
1.0353541201688248
1.0361999971244433
1.0353222459307518
1.03643067370852
1.0345170129589398
1.0364182195107714
1.0364182195107714
1.0364182195107714
1.0364182195107714
1.0364182195107714
1.0348727123760961
1.0348727123760961
1.0323904827111694
1.0323904827111694
1.0323904827111694
1.032115867272156
1.032115867272156
1.032115867272156
1.033349101183985
1.033349101183985
1.0327661064399059
1.0327661064399059
1.0327661064399059
1.0324130783317182
1.0324130783317182
1.0351898642581931
1.0351898642581931
1.0351898642581931
1.0351898642581931
1.0347081320765392
1.0347081320765392
1.0347081320765392
1.0347081320765392
1.0347081320765392
1.0347081320765392
1.0347081320765392
1.0347081320765392
1.0347081320765392
1.0347081320765392
1.0347081320765392
1.0351075990285328
1.0351075990285328
1.0378369819189959
1.037906874458561
1.037906874458561
1.03963346990237
1.03963346990237
1.03963346990237
1.03963346990237
1.03963346990237
1.039905665193092
1.0397350197624151
1.0397350197624151
1.0365959310959614
1.038189488743892
1.038189488743892
1.0386184621062642
1.0386184621062642
1.0346640482365634
1.0385168833022027
1.0385168833022027
1.0385168833022027
1.0378992821676152
1.0394327699267445
1.0405301837349645
1.0405301837349645
1.0405301837349645
1.041208868125525
1.041208868125525
1.0426428472499603
1.0396847561804594
1.0396847561804594
1.0368188450617997
1.0356447140880305
1.0356447140880305
1.0356447140880305
1.0307934326250394
1.0307934326250394
1.0306666566132818
1.0318352663356596
1.0317194846088151
1.0317194846088151
1.0323308047097906
1.0323308047097906
1.0323308047097906
1.032034871921483
1.0333202128504049
1.0333202128504049
1.0333202128504049
1.0339624797657558
1.0337258986157662
1.0337258986157662
1.0337258986157662
1.0346569329191304
1.0346569329191304
1.0374297993115782
1.0344363799289782
1.0344363799289782
1.0344363799289782
1.0344363799289782
1.0383689286469975
1.0383689286469975
1.0365994856874667
1.0338871689615357
1.0338871689615357
1.0338871689615357
1.037678398984956
1.037678398984956
1.037678398984956
1.037678398984956
1.037678398984956
1.037678398984956
1.037678398984956
1.037678398984956
1.037678398984956
1.0377218779168447
1.0377218779168447
1.0377218779168447
1.0377218779168447
1.0377218779168447
1.0377218779168447
1.0377218779168447
1.0384530904878664
1.0384530904878664
1.0384530904878664
1.0384530904878664
1.0384530904878664
1.0385321542445658
1.0394736756179317
1.0394736756179317
1.0394736756179317
1.0394736756179317
1.0394736756179317
1.0400096527432425
1.0386426005796163
1.0392950726522505
1.0392950726522505
1.0394925968620805
1.0394925968620805
1.0394925968620805
1.037115849401333
1.037115849401333
1.0354979476844148
1.0372136087405928
1.0372136087405928
1.0399203252238112
1.0405790374653185
1.0405790374653185
1.0395922645691293
1.0395922645691293
1.0395332238990307
1.039264116724702
1.039264116724702
1.039264116724702
1.0423324676583474
1.0423324676583474
1.0413568191871811
1.0413568191871811
1.0413568191871811
1.0424083718817023
1.0425669347456976
1.0425669347456976
1.0410280830502165
1.0407686191190835
1.0409118168157523
1.0388786979346476
1.0388786979346476
1.0390481435958667
1.0384285986647777
1.0381889088448246
1.0381889088448246
1.0381889088448246
1.0357361873696505
1.0357361873696505
1.0355037602590904
1.0364255323781337
1.0364255323781337
1.0353641804404192
1.0353641804404192
1.0353641804404192
1.0352116484166154
1.0352116484166154
1.0345029688414
1.0327700389040309
1.0347552546506227
1.0347552546506227
1.0347552546506227
1.0347552546506227
1.0347552546506227
1.0347552546506227
1.0347552546506227
1.0347552546506227
1.0355054836832012
1.0355054836832012
1.0355054836832012
1.0340664578525456
1.0340664578525456
1.0377595454342536
1.0377595454342536
1.0352082816463146
1.034532721394178
1.034532721394178
1.0324376023839819
1.0324376023839819
1.0324376023839819
1.0324376023839819
1.032190513788592
1.032190513788592
1.032190513788592
1.032190513788592
1.0320391367068311
1.0320391367068311
1.0320391367068311
1.034163400481362
1.034163400481362
1.0321874210748647
1.0331930077759166
1.0331930077759166
1.0373395159771963
1.0373395159771963
1.037507860503033
1.037507860503033
1.0386882108591868
1.0367664596735013
1.0367664596735013
1.0367664596735013
1.0367664596735013
1.0367664596735013
1.0367664596735013
1.0367664596735013
1.036978600241062
1.0359548526361089
1.0353039462743043
1.0343276306648355
1.0343276306648355
1.0343276306648355
1.0364402490693045
1.0321105544931886
1.0323097194034967
1.0323097194034967
1.0362200653649019
1.0362200653649019
1.0362200653649019
1.0362200653649019
1.0362200653649019
1.0362200653649019
1.0360730577751969
1.0360730577751969
1.034613852487291
1.034613852487291
1.0314478492278885
1.0314478492278885
1.0319401731483289
1.0319401731483289
1.0350947171306413
1.0350947171306413
1.0350947171306413
1.0350947171306413
1.033358350327088
1.037136933520593
1.037136933520593
1.037136933520593
1.0369562185928964
1.0369562185928964
1.0381281680087455
1.0381281680087455
1.0381281680087455
1.0381281680087455
1.0381281680087455
1.0372832601200184
1.0372832601200184
1.0360525141097128
1.0360525141097128
1.036324538604989
1.036324538604989
1.036324538604989
1.036324538604989
1.036324538604989
1.0354083613505645
1.0354083613505645
1.0366089769248796
1.0366089769248796
1.0370365853568484
1.036090264864919
1.036090264864919
1.036090264864919
1.036090264864919
1.0355811772267707
1.0355811772267707
1.0355811772267707
1.0341873107890955
1.0341873107890955
1.0336173155711965
1.0334622889966352
1.0334622889966352
1.0334622889966352
1.0334622889966352
1.0334622889966352
1.0334622889966352
1.0338970742526463
1.035027002408681
1.0327134749148341
1.0327134749148341
1.0327134749148341
1.0327134749148341
1.0326098643051271
1.0337546893773473
1.0337546893773473
1.0329270674481401
1.0315814307614688
1.0315410062184192
1.0318215889046791
1.0318215889046791
1.0318215889046791
1.0318215889046791
1.031629002378227
1.031629002378227
1.031629002378227
1.0309052451561966
1.030089012509783
1.030089012509783
1.03284888523369
1.03284888523369
1.03284888523369
1.03284888523369
1.0347352856276584
1.0347352856276584
1.0347352856276584
1.0364982183175728
1.0364982183175728
1.0364982183175728
1.0364982183175728
1.0364982183175728
1.0335908327612495
1.034870182174713
1.034870182174713
1.034870182174713
1.0370106146641578
1.0370106146641578
1.0389661830210004
1.0389661830210004
1.0374054146297882
1.0374054146297882
1.0363136557426498
1.0389208401662922
1.0389208401662922
1.0385245045931006
1.0407067917512345
1.0407067917512345
1.0398123676516824
1.039003731809101
1.0374021534248494
1.0362926987564667
1.035134258133657
1.035134258133657
1.0365556983161432
1.0365556983161432
1.0365556983161432
1.0365556983161432
1.0356079126051647
1.0356079126051647
1.0356079126051647
1.0356079126051647
1.0356079126051647
1.0356079126051647
1.0360624105154272
1.0360624105154272
1.0377244906231977
1.0377244906231977
1.0373606106750957
1.0373606106750957
1.0373606106750957
1.0373606106750957
1.0373606106750957
1.0373606106750957
1.0392215994731617
1.0392215994731617
1.0392215994731617
1.0392215994731617
1.0383108098766165
1.0383108098766165
1.0383108098766165
1.0383108098766165
1.0383108098766165
1.0383108098766165
1.0383108098766165
1.0383108098766165
1.0383108098766165
1.039198497868426
1.039198497868426
1.039198497868426
1.039198497868426
1.0373681907534313
1.0373873379688263
1.0351867978448257
1.0347646544773612
1.0343160299903642
1.0343160299903642
1.0343160299903642
1.0381715554690265
1.0381715554690265
1.0355407408535602
1.0355407408535602
1.0356646069703548
1.0356646069703548
1.0369938813974677
1.0369938813974677
1.0379817230320265
1.0379817230320265
1.0379817230320265
1.0379817230320265
1.0379817230320265
1.0379817230320265
1.0379817230320265
1.0369742945975187
1.0369742945975187
1.0369742945975187
1.0369742945975187
1.0369742945975187
1.0385626960038121
1.0385626960038121
1.0384767932422392
1.0384767932422392
1.0413242254631345
1.0413242254631345
1.0407735847332387
1.0407735847332387
1.0407735847332387
1.0380471193232577
1.035943712524326
1.036942091851383
1.0366584110895378
1.0366584110895378
1.0366584110895378
1.0355818514281168
1.036740192952853
1.036740192952853
1.036740192952853
1.036740192952853
1.036149554915922
1.036149554915922
1.036149554915922
1.037025310089949
1.037025310089949
1.0372812619896938
1.0372812619896938
1.0372812619896938
1.0372812619896938
1.0368442153173347
1.0368442153173347
1.0368442153173347
1.0368442153173347
1.0368442153173347
1.035120759391213
1.035120759391213
1.036269314384331
1.036269314384331
1.036269314384331
1.036269314384331
1.036269314384331
1.036269314384331
1.0347621798284459
1.0347621798284459
1.0348365949132778
1.0344473005299828
1.0344473005299828
1.033967497229733
1.0321426106948106
1.033771346867776
1.0328212565369428
1.0328212565369428
1.0320713902822167
1.0320713902822167
1.033160211641046
1.0356055801281805
1.037025677980062
1.037025677980062
1.037025677980062
1.03382043046554
1.03382043046554
1.03382043046554
1.03382043046554
1.03382043046554
1.03382043046554
1.03382043046554
1.0338441935401987
1.0338441935401987
1.0338441935401987
1.0338441935401987
1.0338441935401987
1.0338441935401987
1.0350821544025581
1.0350821544025581
1.0350821544025581
1.0350821544025581
1.0363208088080713
1.0354053150411546
1.0338566062128325
1.0338566062128325
1.0338566062128325
1.0338566062128325
1.0338566062128325
1.0330024919448388
1.0330024919448388
1.0346462621230341
1.0346462621230341
1.0346462621230341
1.0345913786252898
1.0345913786252898
1.035306903259819
1.035306903259819
1.035306903259819
1.035306903259819
1.0328818358172223
1.0339025373891977
1.0339025373891977
1.0339025373891977
1.0339025373891977
1.0339025373891977
1.0339025373891977
1.0339025373891977
1.0339025373891977
1.02938590152837
1.02938590152837
1.0309525967091517
1.0325470562406498
1.0325470562406498
1.0325470562406498
1.0325470562406498
1.0331145777596427
1.0331145777596427
1.0335743196639904
1.0326847144154785
1.0349706119773696
1.0376354806871184
1.0336749984957414
1.0336749984957414
1.0336749984957414
1.037523432568088
1.0371747730864995
1.037030723411926
1.0364136112521956
1.0364136112521956
1.0364136112521956
1.0397329512029885
1.0419122086622676
1.0419122086622676
1.0419122086622676
1.040391285228893
1.0388543816896523
1.0388543816896523
1.039132732455221
1.039132732455221
1.039132732455221
1.039132732455221
1.039132732455221
1.039132732455221
1.039132732455221
1.039132732455221
1.0403023677634806
1.0372705039914005
1.0372705039914005
1.0372705039914005
1.0372786230258746
1.0372786230258746
1.0372786230258746
1.0372786230258746
1.0376555641717227
1.0376555641717227
1.0376555641717227
1.0376555641717227
1.0376555641717227
1.0410539603356272
1.0410539603356272
1.0410539603356272
1.0410699150089704
1.0410699150089704
1.040629312459544
1.0395773570965077
1.0395773570965077
1.0395773570965077
1.037156630065292
1.0357039933684018
1.0357039933684018
1.0357039933684018
1.0357039933684018
1.0357039933684018
1.0342401477331324
1.0351957691895077
1.0376472725359247
1.0376472725359247
1.0376472725359247
1.0382113254612546
1.0385241832727001
1.0385241832727001
1.037934134148795
1.037924510987928
1.037924510987928
1.037924510987928
1.037924510987928
1.0349378505086835
1.0349378505086835
1.0349378505086835
1.0349378505086835
1.0347063160797572
1.0347063160797572
1.0330675517610584
1.0323050266028841
1.0323050266028841
1.0327612817414011
1.0327612817414011
1.0327612817414011
1.0327612817414011
1.0343344237421443
1.0343344237421443
1.0343344237421443
1.0358146231129033
1.0358146231129033
1.0358146231129033
1.0353403330267776
1.0353403330267776
1.0353403330267776
1.0305215024529826
1.0330159873573304
1.0338575455191665
1.0351700040888776
1.0351700040888776
1.0351700040888776
1.0352796489384681
1.0356983682720857
1.0366398454150578
1.0370834507196145
1.0370834507196145
1.0370834507196145
1.0355901699358694
1.0351902355451608
1.036105445420957
1.036105445420957
1.0357922892503282
1.0357922892503282
1.0357922892503282
1.0408979622290113
1.0408979622290113
1.0408979622290113
1.0418878593839782
1.04129306394824
1.0410133205200984
1.041617055755561
1.041039165368178
1.041039165368178
1.041039165368178
1.0409889360334001
1.0412024252497707
1.0412024252497707
1.041521408359628
1.041521408359628
1.041521408359628
1.0420975206772454
1.0412489667946663
1.0412489667946663
1.0412489667946663
1.0401454805538242
1.0401454805538242
1.0403315104311548
1.0403315104311548
1.0392432976077686
1.0392432976077686
1.037290586258192
1.037290586258192
1.037290586258192
1.0393208067459168
1.0370835248334764
1.0370835248334764
1.0370835248334764
1.0370835248334764
1.0370835248334764
1.0370835248334764
1.0370835248334764
1.038871585881886
1.038871585881886
1.03876159604924
1.0374097743339108
1.0374097743339108
1.03825173656614
1.0392058317847397
1.0392058317847397
1.0392058317847397
1.0401328320897465
1.0388767613924779
1.0388767613924779
1.0388767613924779
1.0388767613924779
1.0388767613924779
1.039474500133835
1.039474500133835
1.039474500133835
1.0409393990968014
1.0409393990968014
1.0412549535400788
1.043109480994019
1.0421842584183207
1.0421842584183207
1.044120739011392
1.042635324565004
1.044731714740764
1.0444257491737816
1.0444257491737816
1.0444257491737816
1.0445237125586035
1.0445237125586035
1.0445237125586035
1.0438686129442043
1.0399974155132727
1.0395682917707485
1.0407006766049889
1.0407006766049889
1.0407006766049889
1.0385739581471347
1.0385739581471347
1.0402137480798417
1.0402137480798417
1.0402137480798417
1.0403936482980058
1.0403936482980058
1.0403936482980058
1.0403936482980058
1.0403936482980058
1.0403936482980058
1.0402226247004003
1.04059259079407
1.04059259079407
1.037941889560876
1.037941889560876
1.037941889560876
1.037941889560876
1.037941889560876
1.037941889560876
1.037941889560876
1.0372500124918511
1.0372500124918511
1.036430648923937
1.0356569637451212
1.0356569637451212
1.0356569637451212
1.0356569637451212
1.0356569637451212
1.0356569637451212
1.0356569637451212
1.0356569637451212
1.034127135546904
1.0359683015766052
1.03502023365778
1.03502023365778
1.03502023365778
1.03502023365778
1.03502023365778
1.03502023365778
1.03502023365778
1.037988174041421
1.037988174041421
1.037988174041421
1.03702817500462
1.03702817500462
1.0367998926151643
1.0366340756429993
1.0366340756429993
1.0366340756429993
1.0366340756429993
1.0366340756429993
1.0366340756429993
1.0366340756429993
1.0366340756429993
1.0366340756429993
1.0366340756429993
1.0334532099081732
1.0334532099081732
1.0334532099081732
1.0334532099081732
1.0321154089590796
1.0314871739732774
1.0310024960477755
1.0310024960477755
1.0339807803490184
1.0339807803490184
1.0350273030124295
1.0350273030124295
1.0350937751716882
1.0350937751716882
1.033956059711097
1.033956059711097
1.033956059711097
1.0349603904962423
1.0315371536044815
1.0321675653677091
1.0321675653677091
1.0337971040949117
1.0337971040949117
1.0337971040949117
1.031777702708309
1.0308415486872073
1.027051758806213
1.0275019850257345
1.0275019850257345
1.0280091484890401
1.0280091484890401
1.0280091484890401
1.0280091484890401
1.0280091484890401
1.0280091484890401
1.0280091484890401
1.0280091484890401
1.0280091484890401
1.0280091484890401
1.0280091484890401
1.0280091484890401
1.0280091484890401
1.0274836373853746
1.0274836373853746
1.0282080477690694
1.0284666975762085
1.0298285976778057
1.0298285976778057
1.0293953267057332
1.0293953267057332
1.0293953267057332
1.0293953267057332
1.0293953267057332
1.0288315544321314
1.0288315544321314
1.0288315544321314
1.0288315544321314
1.02988772111506
1.0305159380823232
1.0305159380823232
1.0305159380823232
1.0305159380823232
1.0306503031123342
1.0306503031123342
1.0322764075415554
1.0316404862537318
1.0316404862537318
1.0316404862537318
1.0316404862537318
1.0316404862537318
1.0316404862537318
1.0316404862537318
1.0316404862537318
1.0312917367033223
1.0312917367033223
1.0312917367033223
1.0312917367033223
1.0309938688828495
1.0309938688828495
1.0320635947931123
1.0320635947931123
1.0325016134659837
1.0317844014367379
1.0331681605786562
1.0331681605786562
1.0331681605786562
1.0331681605786562
1.0331681605786562
1.031701019346618
1.031701019346618
1.0324151180793244
1.0324151180793244
1.0324151180793244
1.0320349040443575
1.0320349040443575
1.0320349040443575
1.0320349040443575
1.0320349040443575
1.0320349040443575
1.0320349040443575
1.0331155210757548
1.0331155210757548
1.0331155210757548
1.0310534167762357
1.0321526379531278
1.0321526379531278
1.032317465688208
1.032317465688208
1.032317465688208
1.032317465688208
1.032317465688208
1.032317465688208
1.0345267806089036
1.0318905178374853
1.0318905178374853
1.0318905178374853
1.031777156882373
1.0323246057744164
1.0323246057744164
1.0323246057744164
1.0327666691634978
1.031292127595128
1.031292127595128
1.030481431966738
1.030481431966738
1.030481431966738
1.0305395081126687
1.0305395081126687
1.0305395081126687
1.0298509872078097
1.030999938555331
1.0314470351934573
1.031032712579482
1.031032712579482
1.0326046295262572
1.0325059841593878
1.0325059841593878
1.0325059841593878
1.0325059841593878
1.0346059495865536
1.0346059495865536
1.0346059495865536
1.0346059495865536
1.0346059495865536
1.0338216136535656
1.0338216136535656
1.0338216136535656
1.0338216136535656
1.0338216136535656
1.0338216136535656
1.0326152474431123
1.0320522192620747
1.0320522192620747
1.0320522192620747
1.0320522192620747
1.033339021371725
1.0315173434046836
1.0315173434046836
1.0315173434046836
1.03210349769086
1.030753202213081
1.030753202213081
1.030753202213081
1.030753202213081
1.0336565005900478
1.0336565005900478
1.035916978280717
1.0366339763693837
1.0366339763693837
1.0370742768503765
1.0370742768503765
1.0388306891502568
1.0397996984780449
1.0362561326581012
1.0366704790769512
1.0395487356980362
1.0395487356980362
1.0395487356980362
1.0380911094426746
1.0380911094426746
1.0380911094426746
1.0387882676529367
1.0357257250111707
1.0371578347153747
1.0371578347153747
1.0371578347153747
1.0371578347153747
1.0358090646238716
1.0397561807642257
1.0393377348738349
1.0402704614900469
1.0383374923143696
1.0362047343843348
1.0362047343843348
1.0362047343843348
1.0362047343843348
1.0362047343843348
1.0366614096437916
1.0347232606035195
1.0331307050340186
1.0331307050340186
1.0331307050340186
1.0327056234712813
1.0333316546091051
1.0333316546091051
1.0333316546091051
1.0333316546091051
1.0333316546091051
1.0332934580145372
1.0361128813521512
1.0343818452222804
1.0355200912504372
1.0355200912504372
1.0355200912504372
1.0361876084653425
1.0361876084653425
1.0361876084653425
1.0342157917604833
1.0342157917604833
1.0342157917604833
1.0342157917604833
1.0342157917604833
1.0308622395985907
1.031626903112974
1.0345261634343326
1.0345261634343326
1.0345261634343326
1.0350459948949589
1.0350459948949589
1.0350459948949589
1.0350459948949589
1.0350459948949589
1.0360862056557063
1.037865493540071
1.03626728134578
1.0359861948315108
1.037534328456732
1.037534328456732
1.037534328456732
1.0382461579366153
1.0382461579366153
1.0377464071258975
1.0371622231418778
1.036093507346174
1.036093507346174
1.0378283850294565
1.0364312190092946
1.0364312190092946
1.0349339272636071
1.0341547519094612
1.0327938308941345
1.0332564291117239
1.0332564291117239
1.032529811722532
1.032529811722532
1.0310645257430742
1.031436223522098
1.031030235694175
1.031030235694175
1.031030235694175
1.0314909749430696
1.0314909749430696
1.0314909749430696
1.0314909749430696
1.0303773755256205
1.0294286048940287
1.0308439327867054
1.0308439327867054
1.0308439327867054
1.0308439327867054
1.0301015243422562
1.0324588092722808
1.034563195606823
1.034563195606823
1.0316278296676507
1.032213850838148
1.032213850838148
1.0321387352594975
1.0306133212737107
1.029834736673218
1.028272431605787
1.028272431605787
1.0289522102304651
1.0324006683147167
1.0321398891347602
1.0321398891347602
1.0338290921319797
1.0368254028083128
1.0368254028083128
1.0383525288264561
1.039729950969222
1.039729950969222
1.039729950969222
1.0378681878752796
1.0378681878752796
1.0378681878752796
1.036772513244054
1.036772513244054
1.036772513244054
1.036748793563741
1.036748793563741
1.036748793563741
1.036748793563741
1.036748793563741
1.036748793563741
1.0371096313096504
1.0371096313096504
1.0371096313096504
1.0386278999366436
1.0386278999366436
1.0386278999366436
1.0371028969043319
1.0371028969043319
1.0371028969043319
1.0371028969043319
1.0371028969043319
1.0371028969043319
1.0371028969043319
1.0371028969043319
1.0371028969043319
1.037347346811122
1.037347346811122
1.037298940529958
1.0366627566026532
1.0355066306136047
1.0355066306136047
1.0355066306136047
1.0355066306136047
1.034230424785888
1.034230424785888
1.0376538391486911
1.0363921760489538
1.039708976499034
1.039708976499034
1.039708976499034
1.039708976499034
1.039708976499034
1.039708976499034
1.039708976499034
1.0372476678994504
1.0369914537155234
1.0369914537155234
1.0381061575507942
1.0395592616137983
1.0395592616137983
1.0395592616137983
1.0395592616137983
1.0395592616137983
1.0416815048261268
1.0416815048261268
1.0417938826883655
1.038223428797939
1.0404563266776572
1.0400931183556423
1.0390933683190435
1.0390933683190435
1.0390933683190435
1.0390933683190435
1.0372991767073776
1.0372991767073776
1.0368331104784596
1.0371490093973272
1.0388314324932268
1.0388314324932268
1.039541601703785
1.0432233974893186
1.0432233974893186
1.0432233974893186
1.0431542825376126
1.0430087365296914
1.0430087365296914
1.0430087365296914
1.0430087365296914
1.0425489527837601
1.0417458551113215
1.0418098021697448
1.0379975164342543
1.0379975164342543
1.0378387012826047
1.0378387012826047
1.0378387012826047
1.0378387012826047
1.0368471722782897
1.0366056775807415
1.0366056775807415
1.0366056775807415
1.0366056775807415
1.0325729097586025
1.0325729097586025
1.0325729097586025
1.0327418499168455
1.0332289085524362
1.035133225644493
1.035133225644493
1.0345893643280244
1.0345893643280244
1.0339918720716337
1.0339918720716337
1.0348206534368263
1.0332656504131599
1.0332656504131599
1.0297444599493453
1.0297444599493453
1.0288318268944718
1.0288318268944718
1.0288318268944718
1.0313397668520161
1.0313397668520161
1.0313397668520161
1.0304281184646225
1.0304281184646225
1.0304281184646225
1.0304281184646225
1.0304281184646225
1.0304281184646225
1.0304281184646225
1.0304281184646225
1.0304281184646225
1.0308219140129604
1.0335600447888496
1.0330225127231176
1.0330225127231176
1.0374268962715147
1.0374268962715147
1.0391290678039602
1.0391290678039602
1.0391290678039602
1.0391290678039602
1.0386591584934892
1.0371735131950226
1.037044496505624
1.037044496505624
1.037044496505624
1.037044496505624
1.037044496505624
1.037044496505624
1.037044496505624
1.03883642905628
1.03883642905628
1.0374535867829475
1.0374535867829475
1.0374535867829475
1.0374535867829475
1.0360836886323848
1.0359648806858615
1.0359648806858615
1.0359648806858615
1.037136852186165
1.037389237311206
1.037389237311206
1.037389237311206
1.037389237311206
1.0373550663103663
1.035782387148785
1.035622699810356
1.0357121045063997
1.0338134598800452
1.0338134598800452
1.0338134598800452
1.0378763404698397
1.0374866776685696
1.0366099166061922
1.0366099166061922
1.0366099166061922
1.0366099166061922
1.0350691807037613
1.0350691807037613
1.0350691807037613
1.0350691807037613
1.036484679777211
1.0369812417552629
1.0358269144573193
1.036046405603526
1.0378633744881538
1.0378633744881538
1.0378633744881538
1.0374182620206738
1.0374182620206738
1.0390789237447988
1.0390789237447988
1.0383274981088302
1.0383274981088302
1.0394031501974357
1.0394031501974357
1.0409631904281016
1.0393714855911738
1.0401674318056804
1.0401674318056804
1.0402207326829542
1.0402207326829542
1.0402207326829542
1.0399798656952735
1.037472128124988
1.037472128124988
1.037472128124988
1.037472128124988
1.037472128124988
1.037472128124988
1.037472128124988
1.037472128124988
1.037472128124988
1.0397551100130482
1.0401346341926934
1.0384946295942439
1.0384946295942439
1.0384946295942439
1.0384946295942439
1.0384946295942439
1.0391346312166319
1.0391346312166319
1.0391346312166319
1.0408813345208412
1.0408813345208412
1.0408813345208412
1.0408813345208412
1.0400090175526977
1.0402160978554538
1.0399130209467555
1.040043082503816
1.040043082503816
1.0406873371653171
1.0406873371653171
1.0406873371653171
1.0406873371653171
1.0406873371653171
1.0381474986441235
1.039369565328419
1.0383216579789107
1.0383216579789107
1.0383216579789107
1.0370875214340514
1.0367293132561222
1.0367293132561222
1.0386662075627877
1.0386662075627877
1.0381054368779077
1.0381054368779077
1.0381054368779077
1.0372863592252577
1.0372863592252577
1.0372863592252577
1.0372863592252577
1.0372863592252577
1.0372863592252577
1.0369023447669252
1.0349876690111592
1.0349876690111592
1.0349876690111592
1.0349876690111592
1.0349876690111592
1.035929597397213
1.035929597397213
1.035929597397213
1.035929597397213
1.035929597397213
1.035929597397213
1.035929597397213
1.0341567871676005
1.0339792280794777
1.0350690109458986
1.0354304800955831
1.0354304800955831
1.0382506153084377
1.0382506153084377
1.038523834631432
1.038523834631432
1.0353233116638632
1.0353233116638632
1.0345453167216128
1.0336113649437473
1.0326153562767597
1.0311280177263533
1.0311280177263533
1.0311280177263533
1.0311280177263533
1.0314170751098073
1.0301889232688275
1.0301889232688275
1.0301889232688275
1.0301889232688275
1.0308926229307078
1.0308926229307078
1.0337036818534
1.0336947899507805
1.035095661584675
1.035095661584675
1.0328992315047005
1.0322505411495762
1.0322505411495762
1.0322505411495762
1.0329086947694455
1.032920176740405
1.0356696966970704
1.0337281299187824
1.0341715475322029
1.0341715475322029
1.0341715475322029
1.0341715475322029
1.0345836555872852
1.0345836555872852
1.0339078635155072
1.0339078635155072
1.0337461425392007
1.0337461425392007
1.032783374612244
1.032783374612244
1.032783374612244
1.032783374612244
1.0306167652221478
1.0306167652221478
1.0306167652221478
1.0306167652221478
1.0306167652221478
1.0306167652221478
1.0306167652221478
1.0330752182400176
1.0330752182400176
1.0330752182400176
1.0330752182400176
1.0309036365657938
1.032409242196973
1.032409242196973
1.0323358261963589
1.0323358261963589
1.0323358261963589
1.031863912290624
1.0314298860850342
1.0314298860850342
1.0314298860850342
1.0295525033029471
1.0311806699872312
1.0311806699872312
1.0311806699872312
1.033617515687611
1.0343215182095937
1.0343215182095937
1.0343215182095937
1.0326687159085723
1.0336350284916944
1.0336350284916944
1.0336350284916944
1.0336350284916944
1.0323897398555997
1.0323897398555997
1.0323897398555997
1.033851019213305
1.034156770301065
1.034156770301065
1.034156770301065
1.0352673567087205
1.0352673567087205
1.0352673567087205
1.0352673567087205
1.0352673567087205
1.035387392964566
1.0374094870500774
1.0393130870180265
1.0369282959731234
1.0369282959731234
1.0369282959731234
1.0388230421622684
1.0381631644054077
1.0381631644054077
1.0372340769473472
1.0378654377199683
1.0388859118774565
1.0388859118774565
1.0388859118774565
1.0392684517038326
1.04013924331237
1.0392693689449783
1.0392693689449783
1.039079307463098
1.0404330117219447
1.0410483597644762
1.0410483597644762
1.0410483597644762
1.0410483597644762
1.0433465336116545
1.0433465336116545
1.0445016794851072
1.0445016794851072
1.0430836221453648
1.0430836221453648
1.0431885544848376
1.0431885544848376
1.043159741205463
1.0448272582974194
1.0448272582974194
1.0448272582974194
1.0448272582974194
1.0446258094970504
1.0446258094970504
1.0446258094970504
1.0418309542307593
1.0409797461063701
1.0411266472827732
1.042019299943847
1.042019299943847
1.0428202900011725
1.0430176117960088
1.0430176117960088
1.0430176117960088
1.0430875400993793
1.0430875400993793
1.0389805263992513
1.0389696369733
1.041889921853397
1.0427196840307194
1.0403508855609913
1.0403508855609913
1.0403508855609913
1.040310878867838
1.040310878867838
1.040310878867838
1.040310878867838
1.0396048241470468
1.0397388972445012
1.0400251653704269
1.0400251653704269
1.0400251653704269
1.0400251653704269
1.0400251653704269
1.0400251653704269
1.0377670014195632
1.0377670014195632
1.0377670014195632
1.0376369235686267
1.037734558643522
1.0373050744729004
1.0398856721040821
1.0398856721040821
1.035860778607802
1.03858835026108
1.03858835026108
1.0379826753357553
1.0379826753357553
1.0367000036454743
1.0367000036454743
1.0362094280984326
1.0362094280984326
1.0362094280984326
1.0362094280984326
1.0362094280984326
1.035344804125346
1.0387980595856519
1.0380629814920228
1.0389655005952299
1.0401307710597802
1.0386134977740382
1.0386134977740382
1.0378140059497836
1.0378140059497836
1.0378140059497836
1.0375661114108243
1.0375661114108243
1.036587578076282
1.036587578076282
1.036587578076282
1.0361830358875568
1.0347761504530564
1.034307767801942
1.0348934320933652
1.0348934320933652
1.0348934320933652
1.0348934320933652
1.0348934320933652
1.0348934320933652
1.0348934320933652
1.0348934320933652
1.0348934320933652
1.0334821966556211
1.034529941617495
1.034529941617495
1.034529941617495
1.035713033380716
1.035713033380716
1.037004555818607
1.037004555818607
1.037004555818607
1.0326893572904317
1.0347516944826674
1.0374324081907822
1.0358232695688334
1.0358232695688334
1.0358232695688334
1.0358232695688334
1.0358232695688334
1.0360257347475779
1.0360257347475779
1.0360257347475779
1.0360257347475779
1.0360257347475779
1.0352372717289717
1.0352372717289717
1.033916590344292
1.0344791790650936
1.0364922758437525
1.0361302092778808
1.0377895031332551
1.0352406662318172
1.0352406662318172
1.0352406662318172
1.0352856882618033
1.0350035947979013
1.035025908597227
1.035025908597227
1.035025908597227
1.035025908597227
1.0376422481477223
1.0376422481477223
1.03653651482543
1.03653651482543
1.0363491204870674
1.0352023077505226
1.0353002961598075
1.0353002961598075
1.0353002961598075
1.0353002961598075
1.0353002961598075
1.0409482785340352
1.0411205697985069
1.0411205697985069
1.0424847645939836
1.043228412504869
1.0439140197986208
1.0439140197986208
1.0449993139815903
1.0449993139815903
1.0430038322842454
1.0430038322842454
1.0437731635652658
1.0445136493372618
1.0445136493372618
1.0396935342982767
1.0348968558497638
1.0350078938035459
1.0350078938035459
1.0350078938035459
1.0350078938035459
1.0357688185994138
1.0366778468289233
1.0366778468289233
1.0366778468289233
1.0407413535003622
1.0408073667212492
1.0408073667212492
1.0392120729989551
1.0387955762754808
1.0387955762754808
1.0387955762754808
1.0387955762754808
1.0387955762754808
1.0387955762754808
1.0368578183264592
1.0368578183264592
1.0368578183264592
1.0368578183264592
1.0373315456467382
1.037199555892608
1.0373007992293983
1.0373007992293983
1.0373007992293983
1.0373007992293983
1.0345343511161358
1.0352667719246609
1.0352667719246609
1.0362859622845908
1.0373896744797741
1.0373896744797741
1.0373896744797741
1.0373896744797741
1.0373896744797741
1.0373896744797741
1.0373896744797741
1.0373896744797741
1.0362083348758893
1.0362083348758893
1.0361993863451364
1.037115309740896
1.0372481040327266
1.0378436212492095
1.0378436212492095
1.0372822998505633
1.0372822998505633
1.0358416730076434
1.0358416730076434
1.0358416730076434
1.0374887816306
1.0374887816306
1.0374887816306
1.0400966806474918
1.040858762039818
1.040858762039818
1.041781813782791
1.041781813782791
1.041781813782791
1.0417348324472306
1.0417348324472306
1.0398050403080636
1.0408094281051137
1.0408094281051137
1.0408094281051137
1.0408094281051137
1.036385706069324
1.036385706069324
1.036385706069324
1.036385706069324
1.0370368533803123
1.035373177181316
1.0357606938616342
1.0357606938616342
1.0357606938616342
1.0357606938616342
1.0369907027000467
1.0369907027000467
1.0369907027000467
1.0369907027000467
1.0369907027000467
1.0361395240330307
1.037583634046701
1.0388876136216103
1.0388876136216103
1.0388876136216103
1.0384750534776874
1.0387034254012795
1.0389118374747481
1.0389118374747481
1.0389118374747481
1.038816417304445
1.038816417304445
1.0341568451288325
1.0334946856475382
1.0334946856475382
1.0334946856475382
1.033561086238976
1.033561086238976
1.0344139580251723
1.0344139580251723
1.0344139580251723
1.0338205505173268
1.0338205505173268
1.0341598365779712
1.0341598365779712
1.0341598365779712
1.0355246379565282
1.0360429033247442
1.0360429033247442
1.0360429033247442
1.0360429033247442
1.0360429033247442
1.0360429033247442
1.0361483187931886
1.036485219919889
1.036485219919889
1.0322182391563028
1.0322182391563028
1.0322182391563028
1.032306673023123
1.0327735873366157
1.0327735873366157
1.0327735873366157
1.0297499257016884
1.0297499257016884
1.030803077110263
1.030092980894688
1.0301562291141746
1.0301562291141746
1.0301562291141746
1.0315331970933532
1.0315331970933532
1.0317490373668199
1.0317490373668199
1.0317490373668199
1.0304728867009543
1.0304728867009543
1.0311482869650006
1.0313395809433752
1.0313848145266158
1.0313848145266158
1.0327434299077007
1.0327434299077007
1.0327434299077007
1.0342338033466776
1.0342338033466776
1.0342338033466776
1.0342338033466776
1.0337931942380487
1.0337931942380487
1.0337931942380487
1.0337931942380487
1.0337931942380487
1.0325489602654556
1.0325489602654556
1.0325489602654556
1.0346100328264447
1.0346100328264447
1.0350645484733836
1.0351757628539349
1.0374019751150747
1.0374019751150747
1.0374019751150747
1.0374019751150747
1.0368006288276947
1.0368006288276947
1.0322714792144072
1.0321007549046035
1.0327303075550107
1.0327303075550107
1.034323825802788
1.0311385498827503
1.0297403779871972
1.0297403779871972
1.029834844522801
1.0311354839524967
1.0304070789154394
1.0299136991763078
1.0299136991763078
1.0299136991763078
1.0286126617334437
1.0286126617334437
1.0296067145879182
1.0294624561185224
1.0318455902950632
1.0321000561562617
1.0323016896113877
1.0323016896113877
1.0323016896113877
1.0323016896113877
1.0323016896113877
1.0327814221896146
1.0298739419097636
1.0298739419097636
1.0298739419097636
1.0298739419097636
1.0298739419097636
1.0298739419097636
1.0309774391458577
1.0309774391458577
1.0309774391458577
1.0309774391458577
1.0309774391458577
1.0309774391458577
1.0309774391458577
1.0309774391458577
1.0309774391458577
1.0309774391458577
1.0309774391458577
1.0309774391458577
1.0302588606307304
1.0302588606307304
1.033072629105079
1.033072629105079
1.033072629105079
1.033072629105079
1.0326784135187264
1.0326784135187264
1.0326784135187264
1.0326784135187264
1.0326702783367145
1.0326702783367145
1.0326702783367145
1.0340847098374317
1.034481137015042
1.036824217022743
1.036824217022743
1.036824217022743
1.033798091618992
1.033798091618992
1.033798091618992
1.033798091618992
1.033798091618992
1.033798091618992
1.033798091618992
1.0341885276519156
1.03574923155656
1.03574923155656
1.03574923155656
1.03574923155656
1.03574923155656
1.03574923155656
1.0364418289281532
1.0364418289281532
1.0364418289281532
1.0364418289281532
1.0384748842253777
1.0384748842253777
1.0380879306248698
1.0355610020972663
1.0355610020972663
1.0352768296193737
1.0352768296193737
1.0352768296193737
1.0360420860383786
1.0364908843391738
1.0353569263233904
1.0353569263233904
1.0353569263233904
1.0353569263233904
1.0346474327442845
1.035480588817366
1.0348681357821181
1.0348681357821181
1.0348681357821181
1.03574734983995
1.03574734983995
1.03574734983995
1.0345600532363335
1.0337854833684317
1.0337854833684317
1.030392797874154
1.030392797874154
1.0323801907303007
1.0333891292124768
1.031337671892389
1.031337671892389
1.031337671892389
1.0322084084126264
1.0340877634593821
1.0340877634593821
1.0340877634593821
1.0340291710821445
1.0350886914370723
1.0350886914370723
1.0350886914370723
1.0350886914370723
1.0350886914370723
1.0350886914370723
1.0343568802341978
1.0341587707784725
1.0349113597644566
1.0349113597644566
1.035266025260529
1.035266025260529
1.035266025260529
1.035266025260529
1.035266025260529
1.0368470109183592
1.0367902326634533
1.038312774007952
1.0373470509660798
1.0367465305644161
1.0367465305644161
1.0380797364271028
1.0370128822416593
1.0370128822416593
1.0339907691060521
1.0339907691060521
1.0339907691060521
1.0344558095475507
1.0344558095475507
1.0344558095475507
1.033097164421637
1.033097164421637
1.033097164421637
1.0345151636817764
1.0345151636817764
1.0345151636817764
1.032598654025683
1.032598654025683
1.0331091344308765
1.0331091344308765
1.0331091344308765
1.0331359599767658
1.0323454947718584
1.0310094968654284
1.0310094968654284
1.0331016541938696
1.0331016541938696
1.0331016541938696
1.0331016541938696
1.0338541997650401
1.0328182889807294
1.0333470063153025
1.0333470063153025
1.0333470063153025
1.0342440696110906
1.0340323072217743
1.0340323072217743
1.0335008411634343
1.0335008411634343
1.0335008411634343
1.0335008411634343
1.0335008411634343
1.0311537172889362
1.0311537172889362
1.0311537172889362
1.0316621601597054
1.0313600020570959
1.0313600020570959
1.0313600020570959
1.0313600020570959
1.0313600020570959
1.0303306078409968
1.0303306078409968
1.0303306078409968
1.0295804401258002
1.0295804401258002
1.0329080308379877
1.0329080308379877
1.0329080308379877
1.031901807322209
1.031901807322209
1.0325573877220504
1.0331423183437498
1.0303303056544824
1.0303303056544824
1.0303303056544824
1.0325735704143255
1.0325735704143255
1.0325735704143255
1.0325735704143255
1.0338483470829112
1.0335668879262307
1.0335668879262307
1.0335668879262307
1.0347603960971798
1.0347603960971798
1.0347603960971798
1.0347603960971798
1.0325914386754924
1.0329103682620533
1.0329103682620533
1.0329103682620533
1.0329103682620533
1.0333635603820124
1.0308997514732086
1.0308997514732086
1.0308997514732086
1.0334012073309222
1.0338058899990268
1.0324818386879513
1.0324818386879513
1.0324818386879513
1.0324818386879513
1.0335188129172592
1.0335188129172592
1.0335188129172592
1.0335188129172592
1.0335188129172592
1.0335188129172592
1.0335188129172592
1.0335188129172592
1.0335188129172592
1.0364733710164529
1.0363323854774344
1.0363323854774344
1.0358503250522022
1.0366521245599167
1.0366521245599167
1.0362844458864944
1.0362844458864944
1.0362844458864944
1.0362844458864944
1.0372045016734763
1.0352023025621457
1.0352023025621457
1.0368057041804575
1.0368057041804575
1.0355074280628582
1.0377916854096896
1.0374036810955811
1.0374036810955811
1.0374036810955811
1.0374036810955811
1.0374036810955811
1.0384182692529522
1.0384182692529522
1.0384182692529522
1.0408525943634033
1.0434933218329152
1.0434933218329152
1.0434933218329152
1.0434933218329152
1.0434933218329152
1.0434933218329152
1.0434933218329152
1.0434933218329152
1.043110628234349
1.0417729378654468
1.0423099813512202
1.0412817218914463
1.0412817218914463
1.0396270028010925
1.0396270028010925
1.0396270028010925
1.0396270028010925
1.0396270028010925
1.0396270028010925
1.0358444701112524
1.0367325088798263
1.0388472229058032
1.0351897424280951
1.0351897424280951
1.0351897424280951
1.0351814143433578
1.0354295071825181
1.0354295071825181
1.0362366065246817
1.035843043591868
1.035843043591868
1.035843043591868
1.0368071699477952
1.0368071699477952
1.0368071699477952
1.0368071699477952
1.0368071699477952
1.035297229925525
1.0340073545286221
1.0340073545286221
1.0358142745858747
1.037184511667697
1.037184511667697
1.038154250286027
1.038154250286027
1.0382328156712803
1.0382328156712803
1.0376894699582717
1.0376894699582717
1.0376894699582717
1.0368782075503804
1.0369035770815438
1.0369035770815438
1.0369035770815438
1.0371663390495565
1.0371663390495565
1.0371663390495565
1.036189617157985
1.036189617157985
1.036189617157985
1.036414750369873
1.036414750369873
1.036414750369873
1.0363028751408228
1.0363028751408228
1.0366245980860431
1.0389061818819538
1.0393859626411284
1.0393533180906258
1.0392318979561848
1.0392318979561848
1.0392318979561848
1.0392318979561848
1.0392318979561848
1.0392318979561848
1.0392318979561848
1.0392318979561848
1.0392318979561848
1.0392318979561848
1.0408610053231107
1.0408610053231107
1.0404540599004897
1.0420546275677562
1.040552433058655
1.040552433058655
1.040552433058655
1.0387755943255597
1.0387755943255597
1.0387755943255597
1.0387755943255597
1.0388250993718806
1.039928694016451
1.03976229070224
1.03976229070224
1.0414807406182907
1.0414807406182907
1.0414807406182907
1.040709984031527
1.0402079915962894
1.0402079915962894
1.0402079915962894
1.0402079915962894
1.0402079915962894
1.0402079915962894
1.037291611841463
1.037291611841463
1.0388434755363183
1.0388434755363183
1.0404054754016574
1.0392366523555585
1.0392366523555585
1.0392366523555585
1.0396903136204938
1.040052879294211
1.040052879294211
1.0383101190877684
1.0383101190877684
1.0399636052784542
1.0408413417773579
1.0408413417773579
1.0443503288331253
1.0432440244471881
1.0420506124471582
1.0420506124471582
1.0420506124471582
1.041397186849119
1.041397186849119
1.0406624024041977
1.0413250677761667
1.0422963112653356
1.0422963112653356
1.0422963112653356
1.0422963112653356
1.0422963112653356
1.0422963112653356
1.0413967730458138
1.0413967730458138
1.0413967730458138
1.0406857575654733
1.0405948066783535
1.041003367774424
1.041003367774424
1.041003367774424
1.0401085798080592
1.0401085798080592
1.0401085798080592
1.0401085798080592
1.0409978000070346
1.0399735804585704
1.0399735804585704
1.0399735804585704
1.0365423587734197
1.0365423587734197
1.0365423587734197
1.0365423587734197
1.0365423587734197
1.0365423587734197
1.036625798748576
1.036625798748576
1.036625798748576
1.036625798748576
1.0387462691039646
1.0387462691039646
1.0387462691039646
1.0387462691039646
1.0409546684152735
1.0409546684152735
1.0409546684152735
1.041596744107959
1.041596744107959
1.0408524167540085
1.0401657904035824
1.0401657904035824
1.0401657904035824
1.0401657904035824
1.0401657904035824
1.0416817929473636
1.0416817929473636
1.0416817929473636
1.0425899956551656
1.0425899956551656
1.0425899956551656
1.0398931214231621
1.0398931214231621
1.0398931214231621
1.0391396430872066
1.0391396430872066
1.0391396430872066
1.0391396430872066
1.0391396430872066
1.0391396430872066
1.0403160089107055
1.0403160089107055
1.0403160089107055
1.0403160089107055
1.0403160089107055
1.0403160089107055
1.0406886279139846
1.0406886279139846
1.0406886279139846
1.0406886279139846
1.0406886279139846
1.0422774002205806
1.0424394127808747
1.0410441015233503
1.0410441015233503
1.0405415561870592
1.0399247962583524
1.0399247962583524
1.0392174901391789
1.0371201915144201
1.0357274692479888
1.0357274692479888
1.0357274692479888
1.0357274692479888
1.0357274692479888
1.035439168069899
1.035439168069899
1.0339633381965476
1.0339633381965476
1.0339633381965476
1.0339633381965476
1.034106612055599
1.0324758983326467
1.0348833275920424
1.0348833275920424
1.0345180155426672
1.0345180155426672
1.0345180155426672
1.033115256851288
1.033115256851288
1.033115256851288
1.033115256851288
1.033115256851288
1.033115256851288
1.033115256851288
1.033115256851288
1.033115256851288
1.033115256851288
1.033115256851288
1.0317030723727556
1.0333428520042895
1.0333428520042895
1.0333428520042895
1.033118981497711
1.033118981497711
1.033118981497711
1.0317693628104212
1.0314937817981038
1.0314937817981038
1.0314937817981038
1.0332644833745308
1.0332644833745308
1.0332644833745308
1.0332644833745308
1.0320755499992607
1.030355370621386
1.0283171368301554
1.0283171368301554
1.0283171368301554
1.0283171368301554
1.0283171368301554
1.0283171368301554
1.0283171368301554
1.0293785569190272
1.0316544221119768
1.0316544221119768
1.0316544221119768
1.0316544221119768
1.029413529362934
1.0304638975595808
1.0304638975595808
1.029842526017919
1.0298902881767362
1.0298902881767362
1.0327854044870495
1.0327854044870495
1.0327854044870495
1.0327854044870495
1.0327854044870495
1.0327854044870495
1.0327854044870495
1.0342313985046507
1.0339315607464048
1.0344756077422679
1.0344410853872266
1.0333489696698268
1.034873277304738
1.0363187051897431
1.0363187051897431
1.0365354069488437
1.0365354069488437
1.0365354069488437
1.0365354069488437
1.0389500519396848
1.0389500519396848
1.0389500519396848
1.0389500519396848
1.0374204604375927
1.0374204604375927
1.0361608648451517
1.0374083346311493
1.0374083346311493
1.0359975627733844
1.0359975627733844
1.0395319968843324
1.0395319968843324
1.0395319968843324
1.0364102430614477
1.0364102430614477
1.0376813359093155
1.0370791673212998
1.0370791673212998
1.0370312326065054
1.0375584279719052
1.0375584279719052
1.0375584279719052
1.0375584279719052
1.0375584279719052
1.035753313683837
1.035753313683837
1.0348339624969527
1.0348339624969527
1.035863777710838
1.0387901295390194
1.036784709239788
1.0367697828800755
1.0356979767465324
1.0356979767465324
1.0356979767465324
1.036143851528024
1.036143851528024
1.0374106230272793
1.0342689545560795
1.034068141818177
1.034068141818177
1.0341551603340953
1.0336658122507567
1.0336658122507567
1.0354083316070908
1.0354083316070908
1.0344399680902854
1.0344399680902854
1.0344399680902854
1.0344399680902854
1.0344399680902854
1.0344399680902854
1.0347202937244926
1.0345576666866103
1.0345576666866103
1.0345576666866103
1.0345576666866103
1.0345576666866103
1.0345576666866103
1.0349584457977072
1.0349584457977072
1.03602568204127
1.0372096479968655
1.0372096479968655
1.0369264991581273
1.037083267625959
1.0354006017523982
1.0354006017523982
1.0354006017523982
1.0354006017523982
1.0354006017523982
1.0357141988293226
1.0357141988293226
1.034775651536824
1.0351558525574378
1.034646277503762
1.034646277503762
1.034646277503762
1.036030029415961
1.0323658785479681
1.0330744664019424
1.0330744664019424
1.0349273374978347
1.0338843331127825
1.0338843331127825
1.0338843331127825
1.0338843331127825
1.0338843331127825
1.0338843331127825
1.0338843331127825
1.034829657566407
1.0349366501929813
1.0358884741529086
1.0360353080559284
1.0360353080559284
1.0360353080559284
1.0361456892882952
1.0351310113881418
1.0354024668385027
1.0361123008877917
1.0363615640322148
1.0363615640322148
1.0363615640322148
1.0340154134630697
1.0368780834110767
1.0368780834110767
1.0368780834110767
1.0368780834110767
1.0368780834110767
1.0355000885182362
1.0355000885182362
1.0355000885182362
1.0355000885182362
1.0355000885182362
1.0355000885182362
1.0385273686417418
1.0383923488322118
1.0387127653986659
1.041166925024121
1.041166925024121
1.041166925024121
1.0392348642582874
1.0391197976218962
1.0360666892589505
1.037180856843167
1.037180856843167
1.03726556111893
1.0374435058984341
1.0374435058984341
1.0374435058984341
1.0365631010671053
1.0365631010671053
1.0365631010671053
1.040254448585242
1.040254448585242
1.040254448585242
1.040254448585242
1.0395646721618417
1.0395646721618417
1.0395646721618417
1.0395646721618417
1.0382881127321875
1.0364536955508417
1.0364536955508417
1.0356860080877843
1.0356860080877843
1.0360016917117034
1.0360016917117034
1.0360016917117034
1.0360016917117034
1.0360016917117034
1.0360016917117034
1.0352178599252817
1.0352178599252817
1.0352178599252817
1.035685477694009
1.035685477694009
1.0360260883139918
1.0360260883139918
1.03600874221072
1.0351142425043023
1.0327901912021011
1.0358978424656233
1.0359107662401437
1.0339513875656514
1.0316697928661238
1.0316697928661238
1.0316697928661238
1.0325932567904734
1.0348333416401787
1.0341485281687908
1.0341485281687908
1.0338561717358985
1.0338561717358985
1.0338561717358985
1.0338561717358985
1.0352929235363708
1.0352929235363708
1.0352929235363708
1.0352929235363708
1.0352929235363708
1.0352929235363708
1.0352929235363708
1.0352929235363708
1.0352929235363708
1.0344695764163063
1.0344695764163063
1.0360611160027615
1.0360611160027615
1.0360611160027615
1.0360611160027615
1.0352135292858855
1.0352135292858855
1.0352135292858855
1.0336298431621815
1.0336298431621815
1.0336298431621815
1.0348249487998773
1.0342108430673715
1.0342108430673715
1.0342108430673715
1.0342108430673715
1.0342108430673715
1.0330201689504293
1.0330201689504293
1.0330201689504293
1.0330201689504293
1.033218363803155
1.0346176052647984
1.0346176052647984
1.0346176052647984
1.0346176052647984
1.0346176052647984
1.0353879795921017
1.0353879795921017
1.034683098413446
1.034683098413446
1.034683098413446
1.034683098413446
1.034683098413446
1.034683098413446
1.0332474046730082
1.0332474046730082
1.0332474046730082
1.0324111791162203
1.0349785489930639
1.0349785489930639
1.0349785489930639
1.0348587875993978
1.0367393181841262
1.0367393181841262
1.0367393181841262
1.0367393181841262
1.0367393181841262
1.0367393181841262
1.0367393181841262
1.03591576043434
1.035743317500952
1.035743317500952
1.035743317500952
1.035743317500952
1.0346996092272516
1.0346996092272516
1.0357142568123832
1.0357142568123832
1.0349485080945713
1.0343729464295972
1.0343729464295972
1.0326069663140678
1.0326069663140678
1.0326069663140678
1.0326069663140678
1.0321467273399112
1.0288139938811198
1.030728741903973
1.0310185856889214
1.0310185856889214
1.0310185856889214
1.0310185856889214
1.0310185856889214
1.0310185856889214
1.0314204367866493
1.0309774080650058
1.0306320706348453
1.0306320706348453
1.0306320706348453
1.0306320706348453
1.0290371276849601
1.0292597515181394
1.0292597515181394
1.0286952994362715
1.0286952994362715
1.0277289527450866
1.0294679300894312
1.0294679300894312
1.030611214786862
1.030611214786862
1.030611214786862
1.02934552806894
1.02934552806894
1.02934552806894
1.02934552806894
1.0304240896660908
1.0304240896660908
1.0317352996576066
1.0317352996576066
1.0296305551445997
1.0296305551445997
1.0296305551445997
1.0296305551445997
1.0300380147355175
1.0300614392183283
1.0318297006423136
1.0318297006423136
1.0318297006423136
1.0318297006423136
1.0318297006423136
1.0325798961478607
1.0325079309752891
1.032545961103013
1.032545961103013
1.032545961103013
1.0329303119731303
1.0334045227355908
1.0334045227355908
1.0334045227355908
1.0334045227355908
1.0340333074140642
1.0340333074140642
1.0340333074140642
1.0340333074140642
1.0340333074140642
1.0340333074140642
1.0340333074140642
1.0340333074140642
1.0340333074140642
1.0324612324411153
1.0324612324411153
1.0324612324411153
1.0324612324411153
1.0324612324411153
1.0324612324411153
1.0324612324411153
1.0324612324411153
1.0324612324411153
1.0324612324411153
1.0277251080311416
1.0277251080311416
1.027680276267589
1.027680276267589
1.027680276267589
1.027680276267589
1.0283524949436142
1.028822463547581
1.0291449188763842
1.0301678696182526
1.0303912828225439
1.0303912828225439
1.0303912828225439
1.0312077478414619
1.028771531532143
1.0277505397727849
1.0277505397727849
1.02903464502879
1.02903464502879
1.02903464502879
1.0298342752941734
1.0298342752941734
1.0298342752941734
1.0297583976258067
1.0297583976258067
1.0293394151402573
1.0293394151402573
1.0299335558637994
1.0304555276768586
1.0312185125164859
1.0312185125164859
1.0312185125164859
1.0312185125164859
1.0318661286623
1.0318661286623
1.032936131541643
1.032936131541643
1.032936131541643
1.0334197542542607
1.0334197542542607
1.0351178896514612
1.0326537701750231
1.0326537701750231
1.0326537701750231
1.0321017689887135
1.0321017689887135
1.0307923431630814
1.0308716353207508
1.0278324667846765
1.0291880091425776
1.0291880091425776
1.0291880091425776
1.0291880091425776
1.0291880091425776
1.0291880091425776
1.0291880091425776
1.0291880091425776
1.0291880091425776
1.0323867041242254
1.026639124508257
1.0268397467035941
1.0275422299294468
1.0275422299294468
1.0275422299294468
1.02640999233155
1.0291833032233833
1.0291833032233833
1.0313547663553344
1.0313547663553344
1.0313547663553344
1.0313547663553344
1.031467402908249
1.031467402908249
1.031467402908249
1.0302585026889766
1.0302585026889766
1.0302585026889766
1.0304903506671785
1.0320217896188177
1.0318813693324063
1.0318813693324063
1.0318813693324063
1.0318813693324063
1.0318813693324063
1.0318813693324063
1.0318813693324063
1.0318813693324063
1.0318813693324063
1.0318813693324063
1.0318813693324063
1.030957205783273
1.0304646734769942
1.0306988845683438
1.0320245034002133
1.029324216585642
1.029324216585642
1.029324216585642
1.0279352965556199
1.0279352965556199
1.0279352965556199
1.0279352965556199
1.0279352965556199
1.0279352965556199
1.0294786781355487
1.03065618398826
1.03065618398826
1.03065618398826
1.03065618398826
1.031467152706176
1.031467152706176
1.031467152706176
1.0314204455455276
1.0314204455455276
1.0314204455455276
1.0314204455455276
1.0314204455455276
1.0314204455455276
1.0314151942053165
1.030637667206215
1.030637667206215
1.030637667206215
1.030637667206215
1.030637667206215
1.0299049627772086
1.0299049627772086
1.030067415674025
1.030067415674025
1.030067415674025
1.030067415674025
1.030067415674025
1.0299982923701625
1.0299982923701625
1.0299982923701625
1.0299982923701625
1.0299982923701625
1.031636058115374
1.0280348908800483
1.0280348908800483
1.0280348908800483
1.0291621036846836
1.0291621036846836
1.0307848224146403
1.0307848224146403
1.031434406184194
1.031434406184194
1.031434406184194
1.0321640358042037
1.0320983054110069
1.0320983054110069
1.0320983054110069
1.0320983054110069
1.0326546491358446
1.0326546491358446
1.0326546491358446
1.032304070831976
1.032304070831976
1.032304070831976
1.032304070831976
1.032304070831976
1.0311578365602603
1.0311578365602603
1.0311072185259984
1.0311072185259984
1.029190295580187
1.0313872712850976
1.0313872712850976
1.0313872712850976
1.0304710041002334
1.030357042531392
1.0292497711546327
1.0292497711546327
1.0317701917178679
1.0317701917178679
1.0314104870535787
1.0314104870535787
1.0314104870535787
1.0314104870535787
1.0314104870535787
1.0343306133110912
1.0343306133110912
1.0316581341460955
1.034591403161946
1.034591403161946
1.034591403161946
1.032400508253135
1.032731907186536
1.0336136670227218
1.0336136670227218
1.0328053358736304
1.0328053358736304
1.0328053358736304
1.03240482190088
1.03240482190088
1.0316171175455282
1.0316171175455282
1.0316171175455282
1.0316171175455282
1.0316171175455282
1.0316171175455282
1.0316171175455282
1.0312134640181387
1.0319481739494103
1.0339058928172473
1.0331670279954974
1.0331670279954974
1.0310162066760575
1.0310162066760575
1.032921778068438
1.031919530092422
1.0323999851110683
1.0323999851110683
1.0323999851110683
1.0336333445758814
1.034375357453858
1.0322653549402707
1.032440904414488
1.032440904414488
1.032440904414488
1.032440904414488
1.0308329547036283
1.0308329547036283
1.0308329547036283
1.0308329547036283
1.0308329547036283
1.0308329547036283
1.0308329547036283
1.0308329547036283
1.0307814134514286
1.0309244630096372
1.0309244630096372
1.0309244630096372
1.0309244630096372
1.0309244630096372
1.0306832664292649
1.0303060535725883
1.0303060535725883
1.0303060535725883
1.0303060535725883
1.028066967125951
1.0307229386447203
1.0307229386447203
1.0332466102316944
1.0332466102316944
1.0332466102316944
1.0328584382737194
1.0328584382737194
1.033125965059857
1.033125965059857
1.0323137121388417
1.0325905272430436
1.0325905272430436
1.0325905272430436
1.0309537051158513
1.0309537051158513
1.0309537051158513
1.0309537051158513
1.0309537051158513
1.0309537051158513
1.0309537051158513
1.0309537051158513
1.0309537051158513
1.0309537051158513
1.0312411461323026
1.0312411461323026
1.0312411461323026
1.0288247904284524
1.0288247904284524
1.0288247904284524
1.0288247904284524
1.0288247904284524
1.0288247904284524
1.0288247904284524
1.0288247904284524
1.0290454103220639
1.0296120301876557
1.0296120301876557
1.0296120301876557
1.0296120301876557
1.0306639284605563
1.0318692806993868
1.0318692806993868
1.0318692806993868
1.0318692806993868
1.0318692806993868
1.0318692806993868
1.02968351879811
1.0299904386684906
1.0299904386684906
1.0299904386684906
1.0299904386684906
1.0303782462308906
1.0303782462308906
1.0303782462308906
1.0303782462308906
1.0303782462308906
1.0303782462308906
1.027612219365654
1.027612219365654
1.0261089001900188
1.0261089001900188
1.0261089001900188
1.0262747636644136
1.024713027937355
1.0253835201336583
1.0253835201336583
1.0270907753872887
1.0270907753872887
1.0285734682246446
1.0282096873578197
1.0294249042838477
1.0294249042838477
1.0285571174877906
1.030904335751686
1.0294848338455445
1.0294848338455445
1.0279898029983414
1.029306096874714
1.030023530253278
1.030023530253278
1.030023530253278
1.0312741739946047
1.0312741739946047
1.0312741739946047
1.0321170538836402
1.0321170538836402
1.0321170538836402
1.0321170538836402
1.0321170538836402
1.0321170538836402
1.0321170538836402
1.033205359174887
1.033205359174887
1.0348508772153333
1.0361364834181603
1.0361364834181603
1.0361364834181603
1.0384141635611046
1.0384141635611046
1.0374351994199453
1.0374351994199453
1.0367779561257437
1.038134174205194
1.0360988543133574
1.0356189949101309
1.0386620132730187
1.0386620132730187
1.0386620132730187
1.0386620132730187
1.0386620132730187
1.0391190458349022
1.0391190458349022
1.0370270222121853
1.036717660009358
1.036717660009358
1.0351856588717174
1.036672278126318
1.0365965482444126
1.0384934068891691
1.0384934068891691
1.0344295030990602
1.0344295030990602
1.0344295030990602
1.0344295030990602
1.0344295030990602
1.0344295030990602
1.0344295030990602
1.0344295030990602
1.0341506953119535
1.0341506953119535
1.0341506953119535
1.0341506953119535
1.0327223490292832
1.0327223490292832
1.0327223490292832
1.0327223490292832
1.032478629065059
1.032478629065059
1.0338875093364226
1.0338875093364226
1.0338875093364226
1.0340344456291692
1.0340344456291692
1.0336432358842398
1.0336432358842398
1.0336432358842398
1.0336432358842398
1.0347239826596328
1.0347239826596328
1.0325629315111087
1.0325629315111087
1.0305271647972374
1.0305271647972374
1.0323206574765484
1.0299073173445088
1.0299073173445088
1.0299073173445088
1.0299073173445088
1.0322568535064793
1.0322568535064793
1.0322568535064793
1.0322568535064793
1.0313905208492278
1.0313905208492278
1.0313905208492278
1.0313905208492278
1.0315828761759447
1.0315828761759447
1.0307666909322672
1.0307666909322672
1.0307666909322672
1.0307666909322672
1.0307666909322672
1.031132889252769
1.0309918408905037
1.0333087292640217
1.0337912652615089
1.0337912652615089
1.0334525180153937
1.0334525180153937
1.0334525180153937
1.0334525180153937
1.0334525180153937
1.0334525180153937
1.0334525180153937
1.0334525180153937
1.0328690054075524
1.029806892625286
1.0287664742255556
1.027814073964122
1.028219713597979
1.0287710437102928
1.0287710437102928
1.0287710437102928
1.0287488978542003
1.034040148706532
1.0330431136393763
1.0330431136393763
1.0330431136393763
1.0326946311791076
1.0326946311791076
1.0326946311791076
1.0343350443799497
1.0343350443799497
1.0343350443799497
1.0346773316098088
1.0365721356165092
1.0365721356165092
1.0365721356165092
1.0365721356165092
1.0365721356165092
1.037258618698104
1.037258618698104
1.037258618698104
1.037258618698104
1.037258618698104
1.037258618698104
1.037258618698104
1.0373350925241438
1.036898459817198
1.036898459817198
1.036898459817198
1.036898459817198
1.036898459817198
1.034324655798979
1.0349083595502553
1.0349083595502553
1.0349083595502553
1.033309052035455
1.033309052035455
1.0342206733589
1.0358743405427273
1.0358743405427273
1.0364917573456525
1.0364917573456525
1.0364917573456525
1.035806562911523
1.0339281582908906
1.0347140897223568
1.0311453097884027
1.0311146952189838
1.0311146952189838
1.0311146952189838
1.031455726043584
1.031455726043584
1.031455726043584
1.031455726043584
1.031455726043584
1.0318981476317006
1.0318981476317006
1.030612787940652
1.0304518799656277
1.0304518799656277
1.0325564088669394
1.0325564088669394
1.0325564088669394
1.0329175084153204
1.0329175084153204
1.0329175084153204
1.0329175084153204
1.0329175084153204
1.0336377785976676
1.0336377785976676
1.0336377785976676
1.0336377785976676
1.0336377785976676
1.0336377785976676
1.036064596130327
1.036064596130327
1.036064596130327
1.036064596130327
1.036064596130327
1.036064596130327
1.037395070684056
1.037395070684056
1.037395070684056
1.037395070684056
1.037395070684056
1.037395070684056
1.037395070684056
1.0338484023242298
1.0338484023242298
1.0338484023242298
1.0345836504694483
1.0345836504694483
1.0345836504694483
1.0345836504694483
1.0345836504694483
1.0320929520345201
1.0320929520345201
1.0320929520345201
1.0338120421800963
1.0338120421800963
1.0338120421800963
1.0338120421800963
1.0338120421800963
1.033185274119311
1.033185274119311
1.033185274119311
1.033318577298076
1.033318577298076
1.0361979308292257
1.0361979308292257
1.0346483690958805
1.0346483690958805
1.0346483690958805
1.0346483690958805
1.0346483690958805
1.0334102930947346
1.0335761828528198
1.0335761828528198
1.0335761828528198
1.034565717804668
1.034565717804668
1.0334556487154742
1.0334556487154742
1.0334556487154742
1.0323484845002266
1.0323484845002266
1.0323484845002266
1.0323484845002266
1.0319153835848742
1.0319153835848742
1.0319153835848742
1.0319153835848742
1.0319153835848742
1.0319153835848742
1.0319153835848742
1.032456065400388
1.031399430674599
1.031399430674599
1.031399430674599
1.032197089209205
1.0308213952948888
1.0298947977470108
1.0298947977470108
1.0304587475325944
1.029455787085904
1.029455787085904
1.028802693105013
1.02757362183395
1.02757362183395
1.02757362183395
1.0301121419874018
1.0301121419874018
1.030165248879161
1.0313393530455544
1.0294731950983311
1.028102569978595
1.0286268911318373
1.028555528514177
1.0288181971239276
1.0288181971239276
1.0307007177174183
1.0307007177174183
1.0302739398832534
1.0308834261475577
1.0308834261475577
1.0308834261475577
1.0316227490995526
1.0346341758509148
1.0368841337946726
1.0334066848803243
1.0333582694220997
1.0328662881535466
1.0328662881535466
1.0328662881535466
1.0328662881535466
1.0328662881535466
1.0328662881535466
1.0316560638368242
1.0296741083086858
1.0291012922929856
1.0291012922929856
1.0291012922929856
1.0291012922929856
1.0309279711719008
1.031711831440404
1.032374918481221
1.032374918481221
1.0345857394089528
1.0345857394089528
1.0349882743214853
1.0345690806085301
1.0351136592989096
1.0349373998956344
1.0315962748657528
1.0330485684172401
1.0339503719492773
1.0339503719492773
1.0339503719492773
1.0339503719492773
1.0344066692246061
1.033751489857507
1.034384787804049
1.034384787804049
1.0358446444161358
1.0358446444161358
1.0362322297504218
1.0362322297504218
1.0362322297504218
1.0362322297504218
1.0362322297504218
1.0362322297504218
1.0362322297504218
1.037340015677372
1.037340015677372
1.037340015677372
1.037340015677372
1.037340015677372
1.037340015677372
1.037340015677372
1.0352599612780635
1.0352599612780635
1.0368843958176757
1.0368843958176757
1.0368843958176757
1.0368843958176757
1.0368843958176757
1.0356486352398206
1.0356486352398206
1.0356486352398206
1.0356486352398206
1.0356486352398206
1.0352490476930472
1.0352490476930472
1.0341795842737695
1.0341795842737695
1.0341795842737695
1.0377705797336798
1.0392967040252423
1.0392967040252423
1.0392967040252423
1.0392967040252423
1.0388811575571304
1.0388811575571304
1.0388811575571304
1.0388811575571304
1.0388811575571304
1.039036268650847
1.039036268650847
1.039036268650847
1.039036268650847
1.039036268650847
1.039036268650847
1.039036268650847
1.0398452226279966
1.0406053815996041
1.0406053815996041
1.0400677037841946
1.0400677037841946
1.0418693770493108
1.0417928587685334
1.0417928587685334
1.0417928587685334
1.0417928587685334
1.0415929323526847
1.0415929323526847
1.0415929323526847
1.0415929323526847
1.0415929323526847
1.0415929323526847
1.0421014036189469
1.0421014036189469
1.0421014036189469
1.0409053386325289
1.0409053386325289
1.0391653134414534
1.0391653134414534
1.0391653134414534
1.0409060149918683
1.0395116319098188
1.0395116319098188
1.0395867180933291
1.0395867180933291
1.0386297653006022
1.0387588012742934
1.0375686219688847
1.035934817928678
1.0367624658731065
1.0372392134833983
1.0359820118879306
1.0359820118879306
1.0359820118879306
1.0359820118879306
1.0335161811991955
1.0335161811991955
1.0335161811991955
1.0317458705631435
1.0317458705631435
1.0317458705631435
1.0317458705631435
1.0300557773497059
1.0300557773497059
1.0301865826472443
1.0271589178021954
1.027584096044395
1.0291784587511228
1.0291784587511228
1.0291784587511228
1.0313737588197969
1.0313737588197969
1.0313737588197969
1.0313737588197969
1.0313737588197969
1.0313393521705083
1.0313393521705083
1.0313393521705083
1.0331096738125405
1.0331096738125405
1.0331096738125405
1.034764661783927
1.034764661783927
1.0354421394431226
1.0321478897098906
1.0301607958950953
1.0315981523342765
1.0315981523342765
1.0331630305739412
1.0331630305739412
1.030082582010363
1.030082582010363
1.032742278615586
1.032086123781753
1.032086123781753
1.032086123781753
1.0317315660860853
1.0317315660860853
1.0318302317817698
1.0314045973898869
1.0314045973898869
1.0311063689237419
1.0311063689237419
1.0307500913145655
1.0307500913145655
1.0311103378161506
1.0311103378161506
1.0311103378161506
1.0311103378161506
1.0311103378161506
1.034451035733688
1.033132964297227
1.033132964297227
1.033132964297227
1.033132964297227
1.033132964297227
1.033132964297227
1.0298725760244922
1.0298725760244922
1.0298725760244922
1.0316042229611229
1.0316042229611229
1.032091475231918
1.032091475231918
1.032091475231918
1.032091475231918
1.032091475231918
1.032091475231918
1.032091475231918
1.032091475231918
1.0319769547980233
1.0319769547980233
1.035478234214432
1.0387891710519115
1.0374230817472383
1.0374230817472383
1.0367987879064786
1.0381164995668
1.0374993672281645
1.0374993672281645
1.0374993672281645
1.0374993672281645
1.0374993672281645
1.0372718996118506
1.0372322284899727
1.0356349772752764
1.0356349772752764
1.0356349772752764
1.0355902132797559
1.0371464974140148
1.035079815561535
1.0334435762000265
1.0334435762000265
1.0334435762000265
1.0334435762000265
1.0323737849374806
1.0324438731661156
1.0324523550159412
1.0356599504931148
1.0356599504931148
1.0356599504931148
1.0356599504931148
1.0365707640851887
1.0365707640851887
1.041159463313736
1.041159463313736
1.0413333292011708
1.0413333292011708
1.0413333292011708
1.0408063037515116
1.0413577277524289
1.0413577277524289
1.0413577277524289
1.0413577277524289
1.0413577277524289
1.0399392291969112
1.0399392291969112
1.0384503443722155
1.036972664665354
1.036972664665354
1.036972664665354
1.036972664665354
1.0362703839612295
1.0368145108294837
1.0368145108294837
1.0368145108294837
1.0368145108294837
1.0368145108294837
1.0368145108294837
1.0368145108294837
1.0368145108294837
1.0368145108294837
1.0365520156406078
1.0365520156406078
1.0375785594826845
1.0392170843875952
1.0392170843875952
1.040292438846428
1.040292438846428
1.040292438846428
1.0360354629976323
1.0360354629976323
1.0360354629976323
1.0360354629976323
1.0353742300821498
1.0353742300821498
1.0357536127599964
1.0347873520150248
1.0318115931546992
1.0318115931546992
1.0318115931546992
1.0318115931546992
1.0318115931546992
1.0318115931546992
1.0318115931546992
1.0318115931546992
1.031532834341738
1.031532834341738
1.032598940954164
1.032598940954164
1.032598940954164
1.034177487990255
1.034177487990255
1.034177487990255
1.034177487990255
1.034177487990255
1.034177487990255
1.0352099018713479
1.0352099018713479
1.035109592751857
1.0346255545241472
1.0340354235814146
1.034777368108977
1.034777368108977
1.034777368108977
1.034777368108977
1.034777368108977
1.0343504177624019
1.0343504177624019
1.0339122214302436
1.0339122214302436
1.03325191100186
1.0336560812797029
1.0338457172873372
1.0338457172873372
1.0338457172873372
1.0338457172873372
1.0338457172873372
1.0338457172873372
1.0338457172873372
1.0338457172873372
1.0348367287947622
1.0342949656372038
1.0342949656372038
1.0342949656372038
1.0342949656372038
1.0342949656372038
1.0342949656372038
1.0342949656372038
1.033852774206549
1.0327588650864328
1.0327588650864328
1.0327588650864328
1.0327588650864328
1.0327588650864328
1.0356007568477918
1.0356007568477918
1.0335841025773729
1.0336518854261876
1.0339547065361685
1.0339547065361685
1.0324579405760745
1.0335292632158635
1.0335292632158635
1.0335292632158635
1.0327180725637408
1.0327180725637408
1.0322779855800217
1.0322779855800217
1.0322779855800217
1.0322779855800217
1.0353565645030567
1.0347668253109445
1.0347668253109445
1.0335601180232605
1.0340675342497978
1.0340675342497978
1.0340675342497978
1.0340675342497978
1.03492023994316
1.0340924379014385
1.0340924379014385
1.0362465055694905
1.0362465055694905
1.0362465055694905
1.0353849463963776
1.034086429623267
1.034086429623267
1.034086429623267
1.034086429623267
1.034086429623267
1.034086429623267
1.0345899173925321
1.0355776363723643
1.0355152064450581
1.0355152064450581
1.0355152064450581
1.0359320301034254
1.0359320301034254
1.0359320301034254
1.0349074800050675
1.0349074800050675
1.03223715356289
1.033147770933951
1.0351327832486872
1.0335228213359566
1.0331019621947606
1.0342575885286154
1.0342575885286154
1.0342575885286154
1.0342575885286154
1.0336667865306592
1.0336667865306592
1.0336667865306592
1.0353192636459636
1.0348781975966772
1.03572296256973
1.03572296256973
1.03572296256973
1.03572296256973
1.03572296256973
1.035508873613903
1.037896384652258
1.037896384652258
1.037896384652258
1.035215447047023
1.0338277307319639
1.0357970950326705
1.0357970950326705
1.0324650835819815
1.0324650835819815
1.034838019472466
1.034838019472466
1.0363907565164794
1.0357455038351895
1.0357455038351895
1.0357455038351895
1.0357455038351895
1.0357455038351895
1.0353663901862038
1.0353663901862038
1.0353663901862038
1.0353663901862038
1.0324784062607586
1.0324784062607586
1.0324784062607586
1.0324784062607586
1.0324784062607586
1.0324784062607586
1.0324784062607586
1.0317677065831545
1.0317677065831545
1.0317677065831545
1.0317677065831545
1.0320793690891934
1.034247045181045
1.0346002583470497
1.0346002583470497
1.0354878332799535
1.0363986305063027
1.0334650092604825
1.0334169342977253
1.0334169342977253
1.0334169342977253
1.0300649252055052
1.0300649252055052
1.0300649252055052
1.0300649252055052
1.03271764159003
1.0321914733978736
1.0327989347889568
1.0336528894602468
1.0318321828764179
1.0318321828764179
1.0337716987558572
1.0337716987558572
1.0337716987558572
1.0345026095519374
1.0345026095519374
1.0345026095519374
1.0345026095519374
1.0345026095519374
1.034844342601688
1.034844342601688
1.034844342601688
1.034844342601688
1.034844342601688
1.034844342601688
1.034844342601688
1.034844342601688
1.035689857850715
1.0320120965323838
1.0320120965323838
1.0320120965323838
1.0320120965323838
1.0320120965323838
1.0320120965323838
1.0320120965323838
1.0329121484429866
1.031250347018821
1.031250347018821
1.0316293044267901
1.0346947841802474
1.0346947841802474
1.0358952468805396
1.0349988080561245
1.0349988080561245
1.0317989451261373
1.0317989451261373
1.0324300056877722
1.030886689577937
1.030886689577937
1.030886689577937
1.030886689577937
1.030886689577937
1.030886689577937
1.0292795474456842
1.0292795474456842
1.0292795474456842
1.0292795474456842
1.0292795474456842
1.0292795474456842
1.0292795474456842
1.0256365771412321
1.0254467953908661
1.0254467953908661
1.0267090450358987
1.0267090450358987
1.0259039882052343
1.0259039882052343
1.0259039882052343
1.0259039882052343
1.0259039882052343
1.0259039882052343
1.0285083938903965
1.0285083938903965
1.028458320409889
1.028458320409889
1.0278806292317777
1.0278806292317777
1.0278806292317777
1.0278806292317777
1.0278806292317777
1.0278806292317777
1.0286323335198764
1.0286323335198764
1.0306206304222474
1.0306206304222474
1.0306206304222474
1.0306206304222474
1.0308439659475204
1.0306472226239394
1.0314549371703834
1.030021944920761
1.030021944920761
1.028885353660648
1.0274539570909904
1.0279165322410149
1.0279165322410149
1.027421121113982
1.027421121113982
1.027421121113982
1.0276475629270196
1.0276475629270196
1.0276475629270196
1.0296171910198704
1.0318639459101229
1.0318639459101229
1.0318639459101229
1.031970835044509
1.0302086631779284
1.0303030524176437
1.030153915399317
1.030153915399317
1.030870511229118
1.030870511229118
1.030870511229118
1.0299366680466058
1.0299366680466058
1.0301695312416155
1.0285339071568431
1.0285339071568431
1.0308534702134384
1.0307742256088597
1.0307742256088597
1.0305801421634517
1.0305801421634517
1.0286694954271605
1.0309536483023787
1.032059039926568
1.0301008753718934
1.0301008753718934
1.0310068962593857
1.0310068962593857
1.0310068962593857
1.03238107562909
1.03238107562909
1.03238107562909
1.0334113798138251
1.0334113798138251
1.0334113798138251
1.0322205156194526
1.0320664527221337
1.0309222671335436
1.0332371122536865
1.0332371122536865
1.0332371122536865
1.0332371122536865
1.032042190451272
1.0321726100338429
1.0321726100338429
1.0322556627511768
1.0322556627511768
1.0334002764131947
1.0334002764131947
1.0334002764131947
1.033243786087238
1.033243786087238
1.0331782273849743
1.0328451431120431
1.0324463860077537
1.0324463860077537
1.0324463860077537
1.0324463860077537
1.0331268597899776
1.0331268597899776
1.0342729234531134
1.033936064481238
1.0333997549206781
1.0326101033868804
1.031554714039769
1.0310916870750273
1.0310916870750273
1.0345827279857471
1.0345827279857471
1.0345827279857471
1.031549902544511
1.031549902544511
1.031549902544511
1.031549902544511
1.0316347572404556
1.031988265525228
1.031988265525228
1.0299489834674895
1.0299847215270126
1.0299847215270126
1.031359889672631
1.031359889672631
1.031359889672631
1.031359889672631
1.032754847567055
1.0331170595144739
1.0331977368478213
1.0331977368478213
1.0331977368478213
1.0342734841804446
1.0342734841804446
1.0342734841804446
1.0342734841804446
1.0349753646947144
1.035773026184108
1.0347921977872796
1.0361118645841572
1.0371794015146905
1.0382162789880398
1.0382162789880398
1.0382162789880398
1.0382162789880398
1.0382162789880398
1.0371051400011895
1.0371051400011895
1.0371051400011895
1.0371051400011895
1.0371051400011895
1.0371051400011895
1.0371051400011895
1.0382054393580913
1.0397121104027724
1.038590432441003
1.0374118410726456
1.0349429695791639
1.0349429695791639
1.0349429695791639
1.036235491513221
1.036235491513221
1.036235491513221
1.036235491513221
1.0355226432359785
1.0355226432359785
1.0355226432359785
1.0355226432359785
1.0355226432359785
1.0355226432359785
1.0339732102313934
1.0339732102313934
1.0339732102313934
1.0339732102313934
1.0339732102313934
1.0363071428916284
1.0363071428916284
1.0363071428916284
1.034569883724348
1.034569883724348
1.034569883724348
1.0348352416533544
1.0348352416533544
1.0343317141365824
1.0353729828929872
1.0353880656328631
1.0353880656328631
1.0353880656328631
1.0353880656328631
1.0353880656328631
1.0344345204615066
1.0349248645208617
1.0349248645208617
1.0349248645208617
1.0349248645208617
1.0349248645208617
1.0349248645208617
1.0368842572808812
1.0360196393782337
1.0360196393782337
1.036837956167832
1.036837956167832
1.036837956167832
1.0370342094480653
1.0370342094480653
1.0376775989904894
1.0376775989904894
1.0389248963113535
1.0350542778069511
1.0354734713732308
1.0354734713732308
1.0354734713732308
1.035600201897012
1.035600201897012
1.0354206912425992
1.0354206912425992
1.0354206912425992
1.0354206912425992
1.0354206912425992
1.0354206912425992
1.0380951852857254
1.0367961125007648
1.0367961125007648
1.0380870120240493
1.0380870120240493
1.0380870120240493
1.0380870120240493
1.0372156313808134
1.0372156313808134
1.0372156313808134
1.0372156313808134
1.0372156313808134
1.0357484635380987
1.0373085774103283
1.0344207937218055
1.0344207937218055
1.0344207937218055
1.0344207937218055
1.0344207937218055
1.0344207937218055
1.0344207937218055
1.0344207937218055
1.0344207937218055
1.0344207937218055
1.0357113122588901
1.0357113122588901
1.0356429824513618
1.0356429824513618
1.0356429824513618
1.035752285573209
1.0335601217545471
1.0335601217545471
1.0335601217545471
1.0335601217545471
1.0336999458237024
1.0334779980370865
1.0334779980370865
1.0334779980370865
1.0349586979748704
1.0325307945293274
1.0325307945293274
1.0325307945293274
1.0307103739067822
1.0307103739067822
1.0312952745867792
1.0312952745867792
1.0335270592624821
1.0335270592624821
1.0335270592624821
1.0332313733915177
1.0332313733915177
1.0332313733915177
1.0332313733915177
1.0332313733915177
1.0332313733915177
1.0332313733915177
1.031297777120577
1.031297777120577
1.0331279747991415
1.0331279747991415
1.0310031282716832
1.0310031282716832
1.0303364235491828
1.0324109161095305
1.0320800465093602
1.0320800465093602
1.0326578199409733
1.0326578199409733
1.0309850500502482
1.0309850500502482
1.0309850500502482
1.0322390042666165
1.0322390042666165
1.0322390042666165
1.0349931768728031
1.0339807243098027
1.0339807243098027
1.0339807243098027
1.033715401671352
1.033583961103761
1.0341229151256257
1.0330520951830278
1.0330520951830278
1.0330520951830278
1.0330520951830278
1.0323786383059055
1.0338119959060574
1.0327510425431312
1.0326559622001017
1.0326559622001017
1.0326559622001017
1.0326559622001017
1.0361642765556065
1.0359371130019301
1.0353165814030143
1.0349411565584805
1.0349411565584805
1.0344397961144551
1.0344397961144551
1.0344397961144551
1.0335151928511985
1.0335151928511985
1.0332804383120269
1.0332804383120269
1.0332804383120269
1.0329116978022905
1.0329116978022905
1.0315586837471524
1.0315586837471524
1.0314043254127578
1.0314043254127578
1.0307504612924012
1.0307504612924012
1.0305622803550263
1.0289051397508422
1.0289051397508422
1.0298279420589724
1.0298279420589724
1.0298279420589724
1.0298279420589724
1.0298279420589724
1.029788769203332
1.029788769203332
1.029788769203332
1.0306300035985727
1.0296550919098433
1.02986842219243
1.02986842219243
1.02986842219243
1.02986842219243
1.0332658469073641
1.0332658469073641
1.0332658469073641
1.0332658469073641
1.0332658469073641
1.030199536280955
1.0293609424781236
1.0293609424781236
1.0293609424781236
1.0293609424781236
1.0281286006899015
1.0281286006899015
1.0281286006899015
1.0281286006899015
1.0281286006899015
1.026715911265555
1.0281803016769377
1.0269212291445555
1.0269212291445555
1.0269212291445555
1.0253752151323616
1.0253752151323616
1.0253752151323616
1.0264938544302344
1.0264938544302344
1.0264938544302344
1.0264938544302344
1.0264938544302344
1.0295854535980482
1.0295854535980482
1.0295854535980482
1.0295854535980482
1.0295854535980482
1.0295854535980482
1.0293078668331919
1.0293078668331919
1.0293078668331919
1.0293078668331919
1.0293494986003466
1.0293494986003466
1.0293494986003466
1.0293494986003466
1.0331541749519775
1.0331541749519775
1.0323150384653461
1.0323150384653461
1.0323246718827372
1.0323246718827372
1.0323246718827372
1.031465956407211
1.0294466030519889
1.0294466030519889
1.0279416811420512
1.0301545225970086
1.0300760220440166
1.032896930018849
1.032896930018849
1.032896930018849
1.032896930018849
1.032896930018849
1.031892212379674
1.031892212379674
1.031439830144151
1.0312154104178555
1.0322723753510363
1.0322723753510363
1.0297571588191763
1.0297571588191763
1.0297571588191763
1.0297571588191763
1.0295244071625889
1.0295244071625889
1.029561891117718
1.029561891117718
1.029561891117718
1.0301553247199546
1.0301553247199546
1.0301553247199546
1.0313481815390864
1.0311784435406888
1.0309981228448624
1.0309981228448624
1.0314597543515478
1.0314597543515478
1.034052448682725
1.033942170388253
1.0327580883711205
1.0358425693997144
1.0358425693997144
1.0358425693997144
1.0358425693997144
1.0360959185109009
1.0360959185109009
1.0333641153457485
1.0319991736676686
1.0319991736676686
1.0319991736676686
1.0337599742302481
1.0337599742302481
1.0337599742302481
1.0337599742302481
1.0337599742302481
1.0337599742302481
1.0337599742302481
1.0337599742302481
1.0366566033510698
1.0366566033510698
1.0366566033510698
1.0367491499518882
1.0367491499518882
1.0355181419320356
1.0355181419320356
1.0355181419320356
1.035075391408954
1.0339878988610993
1.0339878988610993
1.0339878988610993
1.0339878988610993
1.0339878988610993
1.0339878988610993
1.0339878988610993
1.0339878988610993
1.0339878988610993
1.034754254608396
1.0328295140696226
1.0334088727557238
1.0334088727557238
1.0347873428047847
1.0360403936754465
1.0360403936754465
1.0360403936754465
1.0356097748066846
1.0356097748066846
1.0364655594626355
1.0364655594626355
1.0384992198561223
1.0381768461945917
1.036624752307106
1.0381538174656884
1.0381538174656884
1.0381538174656884
1.0375938341027588
1.0375938341027588
1.0375938341027588
1.0375938341027588
1.0380991224055403
1.0375607704633172
1.0372316217527529
1.0373793232875324
1.0373793232875324
1.0373793232875324
1.0374575574368203
1.0372481337299637
1.0372481337299637
1.0358791453346128
1.0358791453346128
1.0358791453346128
1.0352192328291363
1.0343225302631078
1.0343225302631078
1.0343225302631078
1.0343225302631078
1.035535323949822
1.035535323949822
1.0351541750719295
1.0351541750719295
1.034639137168778
1.0341567057134133
1.0334962418395026
1.0334962418395026
1.0334962418395026
1.0334962418395026
1.0334962418395026
1.0320698166902371
1.0300176035158013
1.0300176035158013
1.0300176035158013
1.0300176035158013
1.03053692844254
1.03053692844254
1.0310501465954647
1.031189303737166
1.031189303737166
1.031189303737166
1.0312303610448463
1.0312303610448463
1.0312303610448463
1.0312303610448463
1.0310814634210175
1.0313804026149926
1.0333470458455516
1.0333470458455516
1.0333470458455516
1.0333470458455516
1.0339220281703962
1.0339220281703962
1.0339220281703962
1.034329481193477
1.034329481193477
1.031692237255251
1.0380569414675207
1.0380569414675207
1.0383215810664048
1.0383215810664048
1.0383215810664048
1.0383215810664048
1.0377407493299253
1.0377407493299253
1.0377407493299253
1.0377407493299253
1.0377407493299253
1.037536136991862
1.0377842179043417
1.0377842179043417
1.0389336255606076
1.0389336255606076
1.0389336255606076
1.0374553092732188
1.036535482738979
1.0369585768583338
1.03782564913145
1.03782564913145
1.03782564913145
1.0358286828014434
1.0334830238514323
1.0299036092675862
1.0299036092675862
1.0299036092675862
1.0312493196643648
1.0312493196643648
1.0312493196643648
1.0312493196643648
1.031947182249376
1.031947182249376
1.031947182249376
1.031947182249376
1.0350524668071839
1.0350524668071839
1.0334868322029949
1.0370735819529981
1.0391622896429016
1.039206324053067
1.0389552552396617
1.0370484937666964
1.0393895400202182
1.0393895400202182
1.0393895400202182
1.0393895400202182
1.0393895400202182
1.0393895400202182
1.0393895400202182
1.0408581106549306
1.0408581106549306
1.0408435141780603
1.0408435141780603
1.0408435141780603
1.0395493307002552
1.0384469997425017
1.0384469997425017
1.0380819161993353
1.0380819161993353
1.0380819161993353
1.0389593253117657
1.0389593253117657
1.0389593253117657
1.0389593253117657
1.0382934679688962
1.0390052339677596
1.0390052339677596
1.0390052339677596
1.0390052339677596
1.0390052339677596
1.0390052339677596
1.0390052339677596
1.0390052339677596
1.0387542278614577
1.0387542278614577
1.0387542278614577
1.0387542278614577
1.0387542278614577
1.0387542278614577
1.0394079591397345
1.0394079591397345
1.040465961783491
1.040465961783491
1.040465961783491
1.0382575847841937
1.0357883995103176
1.0357883995103176
1.0357883995103176
1.0357883995103176
1.0357883995103176
1.0357883995103176
1.0335111228435976
1.0335111228435976
1.0334568181649326
1.0309783209775323
1.0309783209775323
1.0309783209775323
1.0306968606388405
1.0306968606388405
1.0306968606388405
1.0306968606388405
1.0304368666283419
1.0296546742486936
1.0296546742486936
1.0312939414392523
1.0312939414392523
1.0312939414392523
1.0312939414392523
1.0304283226586208
1.0324703976215883
1.0326897816490437
1.0338510429841812
1.033727870998707
1.033727870998707
1.0339936372273077
1.0339936372273077
1.0354646671899748
1.0354646671899748
1.0359941731087814
1.0359941731087814
1.033077885810172
1.033077885810172
1.033077885810172
1.033077885810172
1.033077885810172
1.0358388812563195
1.0321880687745912
1.0336081525460168
1.033887900105082
1.033887900105082
1.033643384602192
1.033643384602192
1.0340378045756593
1.0340378045756593
1.0340378045756593
1.0340378045756593
1.0331593160988115
1.0331593160988115
1.0331593160988115
1.0337028905643795
1.0337028905643795
1.0337028905643795
1.0337028905643795
1.0337028905643795
1.0337028905643795
1.0351227211765859
1.0363328935786793
1.0353214251784948
1.0353214251784948
1.0353214251784948
1.0353214251784948
1.0353214251784948
1.0353214251784948
1.03334992182868
1.034883216340288
1.0338328011230726
1.0338328011230726
1.0318141544077968
1.0318141544077968
1.0318141544077968
1.0318141544077968
1.0313651676143394
1.0313651676143394
1.0313651676143394
1.0313651676143394
1.0326664119415956
1.0326664119415956
1.033250098473794
1.033250098473794
1.033250098473794
1.033250098473794
1.033250098473794
1.030804635162872
1.0317817888083964
1.0317817888083964
1.0330103744623758
1.0330103744623758
1.034248119033342
1.034248119033342
1.034248119033342
1.034248119033342
1.034979632412967
1.034979632412967
1.034979632412967
1.034979632412967
1.034979632412967
1.034979632412967
1.034979632412967
1.034979632412967
1.0359834838491655
1.0342614101488194
1.0328800950706178
1.0328800950706178
1.0328800950706178
1.0343768133361104
1.0335973148383308
1.033429568083427
1.0343132599409612
1.0343132599409612
1.0329659018304804
1.0351033747631486
1.0351033747631486
1.0351033747631486
1.0351033747631486
1.0351033747631486
1.0360427435935413
1.0360427435935413
1.036366305665143
1.0344126494061723
1.0361966624254182
1.0362716541856565
1.0355665166546077
1.0355665166546077
1.0355665166546077
1.0343258539298372
1.0342696835957863
1.0326214099385747
1.03394673313867
1.03394673313867
1.0352102538163603
1.0332399456935528
1.0332399456935528
1.032086849619389
1.0333824789453956
1.0333824789453956
1.0332190520030788
1.0340813325753901
1.0340813325753901
1.0334911795698039
1.0334911795698039
1.0334911795698039
1.0378124423965072
1.0378124423965072
1.036479412121214
1.036479412121214
1.036479412121214
1.036479412121214
1.036479412121214
1.036479412121214
1.0376343087072346
1.0400365283084
1.0382872726846153
1.0385261469738876
1.0391105721391574
1.039272516965769
1.0406281264639343
1.0380374759024673
1.0389856874685934
1.0366304340072574
1.0347782220170623
1.0347782220170623
1.0347782220170623
1.0347782220170623
1.0347782220170623
1.0342776043901785
1.0358965290191693
1.0358965290191693
1.0358965290191693
1.0358965290191693
1.0358965290191693
1.0344078593882573
1.0344078593882573
1.0344078593882573
1.0344078593882573
1.0344078593882573
1.0341365131290365
1.0341365131290365
1.0345667434234953
1.0345667434234953
1.0325364437722069
1.0305313357064427
1.0310931082627683
1.0310931082627683
1.0310931082627683
1.0329811085765235
1.0329811085765235
1.0329811085765235
1.0329811085765235
1.0337777642609423
1.032448275455672
1.032448275455672
1.032448275455672
1.032448275455672
1.032448275455672
1.032448275455672
1.0318834601460065
1.0318834601460065
1.0316220526083262
1.0316220526083262
1.0319843121683283
1.0317939862625631
1.0317939862625631
1.0302915397178096
1.0302771542686475
1.0302771542686475
1.0307391791259173
1.0307391791259173
1.0307391791259173
1.0307391791259173
1.0288435022594558
1.0288435022594558
1.0288435022594558
1.0281508547504368
1.0281508547504368
1.0281508547504368
1.0281508547504368
1.0281508547504368
1.0281508547504368
1.0281508547504368
1.0274949205562813
1.0274949205562813
1.0274949205562813
1.0274949205562813
1.0274949205562813
1.0274949205562813
1.0298189730710117
1.0298189730710117
1.0298189730710117
1.0298189730710117
1.0298189730710117
1.0298189730710117
1.0298189730710117
1.0298189730710117
1.0298189730710117
1.0316116191981375
1.0316116191981375
1.0316116191981375
1.0321304683388717
1.0321304683388717
1.0343393928279083
1.0344756995259237
1.0344756995259237
1.033892707458574
1.0370174186451027
1.0370174186451027
1.0370174186451027
1.0370174186451027
1.0370174186451027
1.0370174186451027
1.0370174186451027
1.040935293205521
1.040935293205521
1.040935293205521
1.040935293205521
1.0382813916568616
1.0382813916568616
1.0382813916568616
1.0382813916568616
1.0384424273328121
1.0384424273328121
1.0370930990538447
1.0370930990538447
1.037671791990438
1.035612535836555
1.035612535836555
1.0356913061745827
1.0352360029257304
1.0334295934417046
1.0334295934417046
1.0334295934417046
1.0334295934417046
1.0334295934417046
1.0334295934417046
1.0334295934417046
1.0334295934417046
1.0334295934417046
1.0306012566091416
1.0300495821625346
1.0314868036627987
1.0314868036627987
1.0314868036627987
1.0322381280174842
1.0327860623371241
1.0327860623371241
1.0327860623371241
1.0327860623371241
1.0303070946681232
1.0312532776103154
1.0323973670376732
1.0324090892482793
1.0338796188173824
1.0331943067761837
1.0331943067761837
1.0331943067761837
1.033004558415966
1.0330308273646085
1.0330308273646085
1.0330308273646085
1.0330308273646085
1.0330308273646085
1.029847983983922
1.031175439162372
1.031175439162372
1.031175439162372
1.0324567665542257
1.0350891475376218
1.035281107210066
1.035281107210066
1.035281107210066
1.0322408347134118
1.0322408347134118
1.0322408347134118
1.0322408347134118
1.0349808713567592
1.0349808713567592
1.0349808713567592
1.0349808713567592
1.0349808713567592
1.0359391917411975
1.0344858632561098
1.0350984348024
1.0350984348024
1.0350984348024
1.0350984348024
1.0350984348024
1.0350984348024
1.0350984348024
1.0345913650862086
1.0356019094087872
1.0368677653932765
1.0368677653932765
1.0371188966766305
1.0371188966766305
1.0371188966766305
1.0358589427040616
1.0358589427040616
1.0370398685190532
1.0370398685190532
1.0369946276722102
1.0369946276722102
1.0366490647669235
1.0372126873626202
1.0380914655280549
1.0388085978620059
1.040155734720795
1.040155734720795
1.0410417555429483
1.0410004935080315
1.0410004935080315
1.0372314972654342
1.0372314972654342
1.0372314972654342
1.0372314972654342
1.0401167812822045
1.038690990406818
1.038104155322415
1.038104155322415
1.0370727736095375
1.0370727736095375
1.035316243851464
1.035316243851464
1.035316243851464
1.035316243851464
1.035316243851464
1.036501076513231
1.036501076513231
1.036501076513231
1.036501076513231
1.036501076513231
1.036501076513231
1.036501076513231
1.036501076513231
1.036501076513231
1.036501076513231
1.036975357785793
1.0364024081447
1.0375640740999956
1.0378958283122532
1.0383423315475628
1.0388262557247303
1.0388262557247303
1.040194377926352
1.04259207300074
1.04259207300074
1.0416967774133794
1.0416967774133794
1.0430884424871683
1.0405819798826654
1.0405819798826654
1.0405819798826654
1.0405819798826654
1.0388165184773364
1.0388165184773364
1.0355345871636048
1.0355345871636048
1.0357142761740328
1.0357142761740328
1.0357142761740328
1.0357142761740328
1.0371004481009578
1.0371004481009578
1.0371004481009578
1.0362537579454085
1.0362537579454085
1.0362537579454085
1.0347502962007713
1.0349970957303842
1.0349970957303842
1.0349970957303842
1.0349970957303842
1.0334460219481965
1.0334460219481965
1.0349762472672255
1.0341878906337476
1.0341878906337476
1.0341878906337476
1.0352596208965974
1.0352596208965974
1.0353077477701842
1.0353077477701842
1.0336479401983925
1.035677829493768
1.0383446638214182
1.0383446638214182
1.0383446638214182
1.0383446638214182
1.0370393432930487
1.0370393432930487
1.0368702961422438
1.0365218751174254
1.0365218751174254
1.0365218751174254
1.037282604292755
1.037072332520354
1.0355215959723378
1.0366700534994957
1.0366700534994957
1.0356559592141115
1.0344630838188205
1.0344630838188205
1.0344630838188205
1.0375773419334318
1.0375773419334318
1.0375773419334318
1.0375773419334318
1.0375773419334318
1.0375773419334318
1.0377569652574417
1.0377569652574417
1.0377569652574417
1.034680837720876
1.034680837720876
1.034680837720876
1.0324544814653747
1.0324544814653747
1.0324544814653747
1.0324544814653747
1.0324544814653747
1.032078335442049
1.032078335442049
1.031896805261708
1.031896805261708
1.0305355348490923
1.0305355348490923
1.0305355348490923
1.030970419295761
1.030970419295761
1.0320714618478524
1.0332851600381936
1.0332851600381936
1.0338982745852596
1.0338982745852596
1.0338982745852596
1.0341274417963697
1.0332148051707961
1.0333527455143785
1.0333527455143785
1.0338512234731136
1.0331058306746967
1.0331058306746967
1.0331058306746967
1.0331058306746967
1.0323892208337009
1.0323892208337009
1.0323892208337009
1.0330024547123238
1.0321671074342342
1.0293649692096445
1.0294260568135796
1.0294260568135796
1.0294260568135796
1.0294260568135796
1.0294260568135796
1.0323462319209367
1.03258103675477
1.03258103675477
1.0354769786779026
1.035796732370089
1.035796732370089
1.035796732370089
1.0360761681208555
1.0360761681208555
1.0360761681208555
1.0360761681208555
1.0360761681208555
1.0362309209363236
1.0362309209363236
1.0374072148983353
1.0374072148983353
1.0372572879006374
1.0357719259310623
1.0356095117065067
1.034447057329285
1.034447057329285
1.034447057329285
1.0335135904410189
1.0335135904410189
1.031099830949761
1.031099830949761
1.031099830949761
1.031099830949761
1.030067855226923
1.030067855226923
1.0355925113419757
1.0345453722864857
1.0327238469895994
1.0349429849086325
1.0299247581797772
1.0299247581797772
1.0299247581797772
1.02876345240267
1.028179610632992
1.028179610632992
1.028179610632992
1.028179610632992
1.027996941373361
1.027996941373361
1.027996941373361
1.027996941373361
1.0247146894580532
1.0247146894580532
1.0247146894580532
1.0247146894580532
1.026679174629235
1.0288668125918508
1.0287410501559244
1.0287410501559244
1.0287410501559244
1.030063634794387
1.0290782943346226
1.0290782943346226
1.0290782943346226
1.0286247198482101
1.0286247198482101
1.0286247198482101
1.0302679184319186
1.0302679184319186
1.0324365967973312
1.0324365967973312
1.0324365967973312
1.0324365967973312
1.0324365967973312
1.0316048378333584
1.0316048378333584
1.0316048378333584
1.0316048378333584
1.0309793811826236
1.0320573921314269
1.031828798194945
1.031828798194945
1.031828798194945
1.030235400714954
1.0290432039019037
1.0309628593676825
1.0291551599600002
1.0291551599600002
1.0291551599600002
1.0293103566242043
1.0261059841595812
1.0261059841595812
1.0266693428289688
1.0266693428289688
1.0266693428289688
1.0266693428289688
1.027485658873892
1.0278120890533378
1.028525065621023
1.0294117049566593
1.030362340088091
1.0300371591264408
1.0300371591264408
1.028706080637841
1.028706080637841
1.028706080637841
1.0314315829660043
1.030243257816101
1.0301297547042854
1.0301297547042854
1.0301297547042854
1.0301297547042854
1.0271627510998007
1.0271627510998007
1.0268396616113284
1.028390294140569
1.028390294140569
1.0298645053104771
1.0295797071130286
1.0288724568193992
1.0288724568193992
1.0288724568193992
1.0288724568193992
1.0290333406438066
1.0289798722573946
1.0289798722573946
1.027789672396236
1.027789672396236
1.027789672396236
1.0264075813111595
1.0264075813111595
1.0264075813111595
1.0276710212177818
1.0271830340662451
1.0270219413238977
1.0270219413238977
1.0270219413238977
1.0270219413238977
1.0270219413238977
1.0265684779947137
1.0265684779947137
1.0267342624525082
1.0267342624525082
1.0267342624525082
1.0267342624525082
1.0267342624525082
1.0274151342388966
1.0261407726286613
1.0261407726286613
1.0247086899053124
1.0247086899053124
1.0245100303592147
1.0246320919540648
1.0246320919540648
1.0242033064610556
1.0242033064610556
1.0242033064610556
1.02426472108615
1.02426472108615
1.0285559677756217
1.0285559677756217
1.0285559677756217
1.0285559677756217
1.0302291818002738
1.0302291818002738
1.0307117481731272
1.0288355820413797
1.0288355820413797
1.0318784604592033
1.029179783789158
1.029179783789158
1.0269972908093792
1.0294318267351956
1.0278087717057567
1.0278087717057567
1.0278087717057567
1.0278087717057567
1.0278087717057567
1.0278087717057567
1.0278087717057567
1.0278087717057567
1.0278087717057567
1.029551118029455
1.029551118029455
1.029551118029455
1.032648128061602
1.032648128061602
1.032648128061602
1.032648128061602
1.032648128061602
1.0332176507978248
1.0332176507978248
1.0312398799297788
1.0331422854223868
1.0331422854223868
1.0349200907417275
1.0349200907417275
1.032975225946399
1.0349909281079337
1.0349909281079337
1.036034922685553
1.0371559787759848
1.0371559787759848
1.03584056940941
1.03584056940941
1.0357315413119095
1.0357315413119095
1.0349007775044328
1.0351674406141145
1.0351674406141145
1.0351674406141145
1.0351674406141145
1.0385541311697555
1.0385541311697555
1.0341077082963122
1.0341077082963122
1.03613350714502
1.037000066251316
1.037000066251316
1.036152765227537
1.036152765227537
1.036152765227537
1.036152765227537
1.0362748364044778
1.0360683968278657
1.0360683968278657
1.0360683968278657
1.0360683968278657
1.0362337679682503
1.0362337679682503
1.0357174683634147
1.0374202683602998
1.0374202683602998
1.0374202683602998
1.038014746675107
1.038014746675107
1.038014746675107
1.0366765857813296
1.0366765857813296
1.0366765857813296
1.03771216649005
1.03771216649005
1.03771216649005
1.0376176996832827
1.0352377293366393
1.0340984599888758
1.0343335070534743
1.0332655282068537
1.0344604609467303
1.036333070517666
1.0367127505616587
1.0367127505616587
1.0367127505616587
1.0367127505616587
1.0367127505616587
1.0367127505616587
1.0367127505616587
1.0367127505616587
1.0367127505616587
1.0373169635013635
1.0373169635013635
1.0341715083772114
1.0326994238103755
1.0326994238103755
1.033155690806678
1.033155690806678
1.033155690806678
1.0327229638631055
1.0327229638631055
1.0327229638631055
1.0329726562204737
1.0329726562204737
1.0329726562204737
1.0329726562204737
1.0329726562204737
1.0320242345257273
1.0320242345257273
1.0320242345257273
1.0320242345257273
1.0320242345257273
1.0311075654963808
1.0311075654963808
1.0311075654963808
1.0302461298428127
1.0302461298428127
1.0324191662804059
1.0324191662804059
1.0317352414147662
1.0311550128689009
1.0326029305737467
1.0328293092994068
1.0328293092994068
1.0328293092994068
1.035297162855485
1.0354896349552325
1.0337289868829733
1.0337289868829733
1.0337289868829733
1.0346021629686344
1.034996497650032
1.0336699495911121
1.0336699495911121
1.032521512504861
1.032521512504861
1.032521512504861
1.0316309890276891
1.0360166420748564
1.0360166420748564
1.0355850993455586
1.0355850993455586
1.0366368320494517
1.0366368320494517
1.0366368320494517
1.0328530039625874
1.0328530039625874
1.0357404982072802
1.0357404982072802
1.0357404982072802
1.0357404982072802
1.0365380834521352
1.0365380834521352
1.0304813996989102
1.0336794904412065
1.0341653335614343
1.0341653335614343
1.0341653335614343
1.0338782177329096
1.0342972865306337
1.0342972865306337
1.0330461935180282
1.0330461935180282
1.0341078611155432
1.0341078611155432
1.0341078611155432
1.0341078611155432
1.0353493799636502
1.0353493799636502
1.0353493799636502
1.0347557142692874
1.0347557142692874
1.0347557142692874
1.0347557142692874
1.0345923008037872
1.0378668724931601
1.0378668724931601
1.0378668724931601
1.0378668724931601
1.0378668724931601
1.03895827975722
1.0378927618301406
1.0361859436218572
1.0360323527895134
1.0360323527895134
1.0360323527895134
1.0360323527895134
1.032253913254769
1.0318471909056033
1.0318471909056033
1.0334876901836103
1.030363578165221
1.030363578165221
1.0309944637018509
1.0309944637018509
1.0309944637018509
1.0309014163269874
1.0310518345319246
1.0282950493058345
1.0282950493058345
1.0300081227724287
1.0300081227724287
1.0303534670992451
1.0278112061188331
1.0298097357756577
1.0298097357756577
1.0293088307033345
1.0287584455728036
1.0287584455728036
1.032247041445663
1.032247041445663
1.032247041445663
1.033488359737771
1.033488359737771
1.0334878048017078
1.0334878048017078
1.0333140235128908
1.0321490657083936
1.0312804479076967
1.0310191344275867
1.0310191344275867
1.0319542117486808
1.0319542117486808
1.0308598374736353
1.0319509320623483
1.0319509320623483
1.0319509320623483
1.0318212444128847
1.0318212444128847
1.0318212444128847
1.0318212444128847
1.0318212444128847
1.0304765694196165
1.0304765694196165
1.0304765694196165
1.0313694219429534
1.0313694219429534
1.0316665108590364
1.0316665108590364
1.0316665108590364
1.0302764091567438
1.0282344875447347
1.0282344875447347
1.029021149027892
1.029021149027892
1.029021149027892
1.029021149027892
1.029021149027892
1.029021149027892
1.029021149027892
1.029021149027892
1.029021149027892
1.029021149027892
1.029021149027892
1.0298409657243348
1.0298306407276356
1.0298306407276356
1.0245768205976682
1.0270698440946644
1.0270698440946644
1.0270698440946644
1.0270698440946644
1.0270698440946644
1.026979950646947
1.026979950646947
1.026979950646947
1.0256049628621462
1.0256049628621462
1.027799867448649
1.027803236152157
1.027803236152157
1.027803236152157
1.025390059953564
1.0292908929451297
1.0292908929451297
1.0339616301805608
1.0296177139280744
1.0342417995245
1.0342417995245
1.0343484271286612
1.0343484271286612
1.035223140049245
1.0343728526618543
1.0343728526618543
1.0351418828387422
1.0351418828387422
1.0351418828387422
1.0351418828387422
1.036025483718568
1.0394323379676593
1.0394323379676593
1.0394323379676593
1.0394323379676593
1.0394323379676593
1.0386668309160252
1.0375455840746055
1.0373864028775084
1.0373864028775084
1.0371342171751776
1.0371342171751776
1.035117325540934
1.0331789539517264
1.0331789539517264
1.0354791074428495
1.0363686397256067
