0.9389839533677176
0.9389839533677176
0.9389839533677176
0.9389839533677176
0.9389839533677176
0.9389839533677176
0.9389839533677176
0.9389839533677176
0.9389839533677176
0.9389839533677176
0.9389839533677176
0.9389839533677176
0.9389839533677176
0.9389839533677176
0.9389839533677176
0.9389839533677176
0.9389839533677176
0.9389839533677176
0.9389839533677176
0.9389839533677176
0.9389839533677176
0.9389839533677176
0.9389839533677176
0.9389839533677176
0.9389839533677176
0.9389839533677176
0.9389839533677176
0.9389839533677176
0.9389839533677176
0.9389839533677176
0.9389839533677176
0.9389839533677176
0.9389839533677176
0.9389839533677176
0.9389839533677176
0.9389839533677176
0.9389839533677176
0.9389839533677176
0.9389839533677176
0.9389839533677176
0.9389839533677176
0.9389839533677176
0.9389839533677176
0.9389839533677176
0.9389839533677176
0.9389839533677176
0.9389839533677176
0.9389839533677176
0.9389839533677176
0.9389839533677176
0.9389839533677176
0.9389839533677176
0.9389839533677176
0.9389839533677176
0.9389839533677176
0.9389839533677176
0.9389839533677176
0.9389839533677176
0.9389839533677176
0.9389839533677176
0.9389839533677176
0.9389839533677176
0.9389839533677176
0.9389839533677176
0.9389839533677176
0.9389839533677176
0.9389839533677176
0.9389839533677176
0.9389839533677176
0.9389839533677176
0.9389839533677176
0.9389839533677176
0.9389839533677176
0.9389839533677176
0.9389839533677176
0.9389839533677176
0.9389839533677176
0.9389839533677176
0.9389839533677176
0.9389839533677176
0.9389839533677176
0.9389839533677176
0.9389839533677176
0.9389839533677176
0.9389839533677176
0.9389839533677176
0.9389839533677176
0.9389839533677176
0.9389839533677176
0.9389839533677176
0.9389839533677176
0.9389839533677176
0.9389839533677176
0.9389839533677176
0.9389839533677176
0.9389839533677176
0.9389839533677176
0.9389839533677176
0.9389839533677176
0.9391940333594376
0.9391940333594376
0.9404787565906586
0.9441072681154697
0.9441072681154697
0.9441072681154697
0.9447913923630806
0.9518412957456232
0.952846055658091
0.9553976444585104
0.9567271452798947
0.9567271452798947
0.9567271452798947
0.9623683584071975
0.9655865414836624
0.9655865414836624
0.9655865414836624
0.9655865414836624
0.9655865414836624
0.9655865414836624
0.9655865414836624
0.9690901204251553
0.9700829264822748
0.9767503409164311
0.9767503409164311
0.9767503409164311
0.9767503409164311
0.978964732561475
0.978964732561475
0.978964732561475
0.978964732561475
0.9841060431832486
0.9896285191708973
0.9896285191708973
0.9896285191708973
0.9925386029834429
0.9959708329980879
0.9959708329980879
0.9959708329980879
1.0003203179037352
1.0003203179037352
1.0056917854324547
1.008586272547587
1.0081515540342048
1.0081515540342048
1.0154090021266753
1.0154090021266753
1.0168086336387867
1.020603527608864
1.020603527608864
1.0220483016395654
1.0220483016395654
1.0198636654872195
1.0181855837997034
1.0197035266284808
1.0197035266284808
1.0191411815513651
1.0191411815513651
1.0201588491677276
1.0194980285675448
1.0194980285675448
1.0194980285675448
1.0200172924234092
1.0200172924234092
1.0209812605482518
1.020168207839863
1.0214905308478164
1.0189978515925344
1.0189978515925344
1.020585177574379
1.020585177574379
1.022261525268
1.022261525268
1.023767249337272
1.023767249337272
1.023767249337272
1.023767249337272
1.023561900969487
1.023561900969487
1.023561900969487
1.023330368105564
1.023330368105564
1.023330368105564
1.023330368105564
1.0219613405034258
1.017714501270825
1.017714501270825
1.017714501270825
1.017714501270825
1.0170996249094606
1.0170996249094606
1.0170996249094606
1.0169284462642507
1.0138443372305892
1.0166567058058569
1.0181741952405292
1.0185836102011672
1.0185836102011672
1.0185836102011672
1.0185836102011672
1.0185836102011672
1.0185836102011672
1.0185836102011672
1.0203087124209542
1.0203087124209542
1.0218999453729507
1.0252946527383142
1.0246550751542658
1.0247494168968811
1.0235237444243919
1.0229549637859998
1.024304502900334
1.024304502900334
1.024304502900334
1.0209839559665759
1.0204024298884748
1.0205439086832382
1.0240223968518354
1.0259451538362316
1.0259451538362316
1.025540119386401
1.025540119386401
1.025540119386401
1.025540119386401
1.0270631539627666
1.026310567520194
1.026310567520194
1.0247908563906758
1.0247908563906758
1.0247908563906758
1.0298046200800284
1.0298046200800284
1.0298046200800284
1.0288714287524754
1.0288714287524754
1.027684014193394
1.0266404623942724
1.0267435830866767
1.025954339870882
1.0280856874313964
1.0280856874313964
1.0280856874313964
1.0274658348652759
1.0253307704019285
1.0253307704019285
1.0233515912394973
1.0233515912394973
1.0233515912394973
1.0279323213173777
1.0262274782771281
1.0242152908409183
1.0242152908409183
1.0250779500381852
1.024105113064966
1.024105113064966
1.0255035095935474
1.0242358480345195
1.0242358480345195
1.02547695990613
1.02547695990613
1.0257759491008442
1.0257759491008442
1.0257759491008442
1.0257759491008442
1.0257759491008442
1.0257759491008442
1.027154543660941
1.027154543660941
1.027154543660941
1.0244424247713992
1.0243415667400941
1.023100050255409
1.023100050255409
1.023100050255409
1.0233863642444594
1.0233863642444594
1.0233863642444594
1.023328542229423
1.0271056733943493
1.0266287848357478
1.0282242807335487
1.0282242807335487
1.0282242807335487
1.0292029079218676
1.0292029079218676
1.0292029079218676
1.0292029079218676
1.0292029079218676
1.0292029079218676
1.0292029079218676
1.0292029079218676
1.0292029079218676
1.0292029079218676
1.0292029079218676
1.0291105144808022
1.0297098338902944
1.0297098338902944
1.0314540578705491
1.0286064943366435
1.0286286401035
1.0257528418153914
1.0282363471131692
1.0282363471131692
1.0282363471131692
1.0282363471131692
1.0282363471131692
1.0282363471131692
1.0282363471131692
1.0282363471131692
1.0313444151778883
1.0313444151778883
1.0316379167292282
1.0320235043375159
1.0330171647687099
1.0330171647687099
1.0289408171959322
1.0304373661502981
1.0304373661502981
1.0322881917309155
1.0293913163753414
1.0293913163753414
1.0293913163753414
1.0293913163753414
1.0293913163753414
1.0294900508930058
1.0294900508930058
1.0294900508930058
1.0294900508930058
1.0294900508930058
1.0294620395638767
1.0298880018383292
1.0298880018383292
1.0293533749445989
1.0293533749445989
1.0278315240465359
1.026897207384829
1.0298915519224667
1.0298915519224667
1.0298915519224667
1.0298915519224667
1.0316147424899424
1.0316147424899424
1.0316147424899424
1.0316147424899424
1.0316147424899424
1.0289114677662154
1.031511490268438
1.0276826637958456
1.02904217077465
1.02904217077465
1.02904217077465
1.0288046233930317
1.0288046233930317
1.0288046233930317
1.0325383448414176
1.0325680971106082
1.0325680971106082
1.0325680971106082
1.0321778521795029
1.0321778521795029
1.0321778521795029
1.0321778521795029
1.0321778521795029
1.0321778521795029
1.0321778521795029
1.0321778521795029
1.0316074094362784
1.0316074094362784
1.0316074094362784
1.0316074094362784
1.0316074094362784
1.0307962576687757
1.0307962576687757
1.0307962576687757
1.0319881616327424
1.0319881616327424
1.0334446416471643
1.0334446416471643
1.034624387068916
1.0315473655643503
1.0331677736810334
1.0331677736810334
1.0331677736810334
1.0331677736810334
1.0331677736810334
1.0331677736810334
1.0336134337108915
1.0336134337108915
1.0336134337108915
1.0332750072113224
1.0323686301597679
1.0323675160260575
1.032891742175164
1.032891742175164
1.032891742175164
1.032891742175164
1.032891742175164
1.032891742175164
1.032891742175164
1.032891742175164
1.032891742175164
1.032891742175164
1.0327262845600773
1.0327262845600773
1.0327262845600773
1.0327262845600773
1.0327262845600773
1.0334251926244717
1.0334251926244717
1.0334251926244717
1.0335258180227298
1.0335258180227298
1.030870851049948
1.030870851049948
1.030870851049948
1.030870851049948
1.030870851049948
1.030586458883338
1.030586458883338
1.030586458883338
1.0318686278437232
1.0318686278437232
1.0318686278437232
1.0318686278437232
1.0343597910845868
1.0343597910845868
1.0340388176724455
1.0340388176724455
1.0340388176724455
1.0340388176724455
1.0340388176724455
1.033617442614761
1.033617442614761
1.033617442614761
1.0332575892843971
1.0332575892843971
1.0332575892843971
1.032709010558322
1.032709010558322
1.032709010558322
1.032709010558322
1.0334019838306834
1.0333500036571794
1.0333500036571794
1.0341832289607116
1.0341832289607116
1.0341832289607116
1.0341832289607116
1.0341832289607116
1.0341832289607116
1.0355761583561267
1.0358669235906701
1.0358669235906701
1.0358669235906701
1.0361269163911218
1.0342393375140333
1.0352759144138566
1.0351666193883218
1.0351666193883218
1.0349467468447415
1.0349467468447415
1.0349467468447415
1.0349467468447415
1.034097929925067
1.034097929925067
1.0325951903899717
1.035182074092954
1.0343702908973105
1.0343702908973105
1.0343702908973105
1.0343702908973105
1.0343702908973105
1.0322011871307923
1.0322011871307923
1.0322011871307923
1.0322011871307923
1.0322011871307923
1.0322011871307923
1.0313036008594452
1.0333500717446047
1.0333500717446047
1.0335279385992442
1.0302199211169267
1.0302199211169267
1.0302199211169267
1.031839907102277
1.0275490760622672
1.0297456709013386
1.0297456709013386
1.0296022303306562
1.0296022303306562
1.0293955617936494
1.0293955617936494
1.0316952169017573
1.030833380970749
1.0295021558929822
1.0295021558929822
1.0295021558929822
1.0295021558929822
1.0295021558929822
1.0295021558929822
1.0311045159338343
1.0333342011601596
1.0333342011601596
1.0324238657407576
1.0321385978064808
1.0321385978064808
1.0321385978064808
1.0321385978064808
1.0321385978064808
1.0309503521201044
1.0309503521201044
1.0309503521201044
1.0321116121426648
1.0321116121426648
1.0327574416205716
1.0328963748804179
1.0313434600891684
1.0313434600891684
1.0313434600891684
1.0313434600891684
1.0313434600891684
1.0313434600891684
1.0305354319051363
1.0295189340465585
1.0295189340465585
1.0295189340465585
1.0295189340465585
1.0295189340465585
1.0302920521943364
1.0302920521943364
1.0304816398902477
1.030311860828054
1.030311860828054
1.030311860828054
1.030311860828054
1.030311860828054
1.030311860828054
1.030311860828054
1.030311860828054
1.030311860828054
1.030311860828054
1.030311860828054
1.030311860828054
1.030311860828054
1.0316909952939406
1.0316909952939406
1.0353606639203519
1.0353606639203519
1.034223767216526
1.0335355046964634
1.0335715809775778
1.0328953701806742
1.0328953701806742
1.0341475936369648
1.0341475936369648
1.0341475936369648
1.0343702393365535
1.033355637381331
1.0323144503347357
1.0294944739482403
1.0307479140263676
1.0307479140263676
1.031388281577832
1.033113501506259
1.033113501506259
1.0330640256011852
1.0330640256011852
1.0330640256011852
1.0330640256011852
1.0330640256011852
1.0330640256011852
1.0344940689253488
1.0344940689253488
1.0344940689253488
1.0344940689253488
1.0344940689253488
1.0344940689253488
1.0344940689253488
1.0344940689253488
1.0330491057885145
1.0330491057885145
1.0330491057885145
1.0330491057885145
1.0330491057885145
1.0330491057885145
1.0330491057885145
1.0330491057885145
1.0339077712045839
1.032068463332106
1.032068463332106
1.032068463332106
1.0344069217979326
1.0350637494559467
1.0312291438873022
1.0344476389222317
1.0344476389222317
1.0344476389222317
1.0344476389222317
1.0340257177014234
1.0340257177014234
1.0294428728097587
1.029961960698437
1.0308425579387803
1.0295519853740684
1.0306520945671422
1.0306520945671422
1.0306929184356748
1.0306929184356748
1.0306929184356748
1.0306929184356748
1.0306929184356748
1.0306929184356748
1.0306929184356748
1.0324191045514373
1.0324191045514373
1.0329341400135514
1.0329341400135514
1.0329341400135514
1.0326111273840903
1.0326111273840903
1.03402773110372
1.03402773110372
1.03402773110372
1.03402773110372
1.03402773110372
1.03402773110372
1.03402773110372
1.03402773110372
1.0326621434845438
1.0355313081060549
1.0355313081060549
1.035472600989123
1.035472600989123
1.035472600989123
1.035472600989123
1.035472600989123
1.030440739176318
1.032070267343101
1.0333610949645533
1.0333610949645533
1.0364005070065623
1.0364005070065623
1.0387905830248776
1.0387905830248776
1.0383024391977003
1.0373770726053753
1.0373770726053753
1.0394561913027416
1.0380264214375023
1.0379462960314245
1.0379462960314245
1.0379462960314245
1.0379462960314245
1.0385061023496867
1.0385061023496867
1.0379029277824117
1.0379029277824117
1.0384815139408834
1.0372173699239442
1.0372173699239442
1.0372173699239442
1.0361640813248303
1.0361640813248303
1.0361640813248303
1.0361640813248303
1.0361640813248303
1.0358229558717604
1.0335360694652478
1.0335360694652478
1.0351018257388231
1.0351018257388231
1.0351018257388231
1.0338694185367185
1.0338694185367185
1.0338694185367185
1.0325933080320415
1.0325933080320415
1.031162877945762
1.031162877945762
1.031162877945762
1.0333311393346845
1.034097407904677
1.034097407904677
1.034097407904677
1.034097407904677
1.0350487022687882
1.0350487022687882
1.0350487022687882
1.0364878508407678
1.0360336335389013
1.0360336335389013
1.0361747807361505
1.0361747807361505
1.037231407442738
1.037231407442738
1.0373048083344352
1.0373048083344352
1.0369523195548387
1.035517194322012
1.0332733998677741
1.0361292385883358
1.0361292385883358
1.0357307627141386
1.0357307627141386
1.0357307627141386
1.0357307627141386
1.0344980050522041
1.0345421976512459
1.03516049746269
1.03516049746269
1.03516049746269
1.0347343006753928
1.0348222981563986
1.0316978955736207
1.0316978955736207
1.0316978955736207
1.0316978955736207
1.0316978955736207
1.031286675965083
1.031286675965083
1.031286675965083
1.0305249116342643
1.0319242230957688
1.0319242230957688
1.0319242230957688
1.0319242230957688
1.0307944351673561
1.0311062934017947
1.0311062934017947
1.0303227271134308
1.0322761148770971
1.0322761148770971
1.0322761148770971
1.0322761148770971
1.0294532744465765
1.0294532744465765
1.0294532744465765
1.030321475043442
1.030321475043442
1.030321475043442
1.030321475043442
1.0306888926363438
1.032218659424086
1.032218659424086
1.0339088573642814
1.0339088573642814
1.0325645923594196
1.0331616850461163
1.0331616850461163
1.0331616850461163
1.0331616850461163
1.0331616850461163
1.0346693184519966
1.0347178349865638
1.0347178349865638
1.0347178349865638
1.0347178349865638
1.0347178349865638
1.0347178349865638
1.0338801755451594
1.0328146926369388
1.0314906422287753
1.0314906422287753
1.0338113198119396
1.03077577973535
1.03077577973535
1.0307285209683117
1.0302201828380222
1.0302201828380222
1.0326636463367076
1.0317531706942684
1.0317531706942684
1.0317531706942684
1.0318705425975796
1.0318705425975796
1.0354652519245333
1.0380783965928384
1.0380783965928384
1.0380783965928384
1.0380783965928384
1.035168440293531
1.035168440293531
1.0343863130740623
1.0336939475936509
1.0336939475936509
1.0336939475936509
1.0351481441587653
1.0374306836125071
1.0374306836125071
1.0386539194883198
1.0370344675220282
1.0370344675220282
1.0370344675220282
1.0393343589051067
1.0393343589051067
1.0388325052136556
1.0388325052136556
1.0386057626182577
1.0401431674535824
1.0402937769904412
1.0402937769904412
1.0402937769904412
1.040035161231062
1.0415034937751542
1.0415034937751542
1.0415034937751542
1.0385001604595465
1.036489173488575
1.036489173488575
1.036489173488575
1.0361515211684589
1.0361515211684589
1.0361515211684589
1.0361515211684589
1.0361515211684589
1.0336453036735849
1.0336453036735849
1.03444854537125
1.0361551707500518
1.0348276175072293
1.0354799985961678
1.0354799985961678
1.0354799985961678
1.0354799985961678
1.0354799985961678
1.034918245313966
1.0361767883797286
1.03465705412077
1.03465705412077
1.03465705412077
1.036924553197624
1.0354401243883944
1.038795181990844
1.0387914338752642
1.0387914338752642
1.03549411396849
1.0356340650195894
1.0360904665417638
1.0367748827410488
1.035881281436156
1.035881281436156
1.035881281436156
1.035881281436156
1.035881281436156
1.035881281436156
1.035881281436156
1.035307494115314
1.035307494115314
1.035307494115314
1.035307494115314
1.0349773466327465
1.0349773466327465
1.034353981047598
1.034353981047598
1.034353981047598
1.034353981047598
1.034353981047598
1.034353981047598
1.034353981047598
1.0360105149711094
1.0360105149711094
1.0360105149711094
1.0360105149711094
1.0345292236261705
1.0346586258800705
1.0335298920259273
1.0335298920259273
1.0335298920259273
1.0335298920259273
1.032257073084385
1.032257073084385
1.032257073084385
1.032257073084385
1.032257073084385
1.032257073084385
1.032257073084385
1.032257073084385
1.0301550360091358
1.0301550360091358
1.0301550360091358
1.0302666414819992
1.0302666414819992
1.0291554343598528
1.0291554343598528
1.0291554343598528
1.029433918766665
1.0292755800986786
1.0292755800986786
1.0292755800986786
1.0295317842494558
1.0295317842494558
1.0295317842494558
1.0295317842494558
1.0295317842494558
1.0295317842494558
1.0295317842494558
1.0295317842494558
1.0295317842494558
1.0295317842494558
1.0279693589095034
1.0275035299558164
1.0275035299558164
1.0294906996719215
1.029055195833164
1.029055195833164
1.0290647493960132
1.0309011497587743
1.0309011497587743
1.0309102185152348
1.0309102185152348
1.0309811557230488
1.0310492319828315
1.0322820138367887
1.0322820138367887
1.0322820138367887
1.0296178555354132
1.0286740147483728
1.0320619591366582
1.0320619591366582
1.0320619591366582
1.0320289369714843
1.0342200689091146
1.0342200689091146
1.0342200689091146
1.0342200689091146
1.0342200689091146
1.0342200689091146
1.0342200689091146
1.0342200689091146
1.0342200689091146
1.0331541354357856
1.0331541354357856
1.0331541354357856
1.0343046054359493
1.0347629031045376
1.0347629031045376
1.0347629031045376
1.0347629031045376
1.0347629031045376
1.0347629031045376
1.0347629031045376
1.0342638489325038
1.0352023339121748
1.0336517818684527
1.032683214920356
1.032683214920356
1.0331917623163775
1.0331917623163775
1.0331917623163775
1.0331917623163775
1.0331917623163775
1.0331917623163775
1.0331917623163775
1.0331917623163775
1.0331917623163775
1.030629400071002
1.030629400071002
1.030629400071002
1.030629400071002
1.030629400071002
1.030629400071002
1.0306075108385078
1.0316906855528094
1.0316906855528094
1.0316906855528094
1.0316906855528094
1.0316906855528094
1.0316906855528094
1.0316906855528094
1.0316906855528094
1.0291513336431402
1.031164698925674
1.0323969017431949
1.030647707563219
1.030647707563219
1.030647707563219
1.0344391641889266
1.0343940356425598
1.0345013893935806
1.0328283922010912
1.0328283922010912
1.0328283922010912
1.0328283922010912
1.0330380668809853
1.0330380668809853
1.0330380668809853
1.0330380668809853
1.0330380668809853
1.031565243331478
1.0332660777750944
1.0332660777750944
1.0332660777750944
1.0332660777750944
1.0332660777750944
1.031453203711053
1.031453203711053
1.0344337986815317
1.0344337986815317
1.0316633125177606
1.0319709981086556
1.0332301278911613
1.0332301278911613
1.0332301278911613
1.0332301278911613
1.0332301278911613
1.0332301278911613
1.0366513293667778
1.0366513293667778
1.0358851968292135
1.0358851968292135
1.0358851968292135
1.0358851968292135
1.0358851968292135
1.0358851968292135
1.036676034229147
1.0356969549973407
1.0356969549973407
1.0356969549973407
1.0356969549973407
1.0356969549973407
1.034356877148668
1.034356877148668
1.034356877148668
1.034356877148668
1.0350651781231448
1.0350651781231448
1.0341380534689537
1.0341380534689537
1.033005267883233
1.033005267883233
1.031963861084197
1.0327991633187596
1.0344381477184232
1.0344381477184232
1.037558653724652
1.037558653724652
1.037558653724652
1.037558653724652
1.037558653724652
1.037558653724652
1.037558653724652
1.037558653724652
1.037558653724652
1.0360083975124759
1.0335727732067117
1.0322843086733438
1.0322843086733438
1.0322843086733438
1.0335841093594444
1.0335841093594444
1.0335167921741863
1.0335167921741863
1.0335167921741863
1.0333476223451261
1.0381195420151839
1.0381195420151839
1.0381195420151839
1.0381195420151839
1.0381195420151839
1.0381195420151839
1.0381195420151839
1.0381195420151839
1.0381195420151839
1.0381195420151839
1.0381195420151839
1.0381195420151839
1.0381195420151839
1.0378733716333497
1.0372815814543617
1.0373110614024863
1.0369666325344198
1.0369666325344198
1.0369666325344198
1.0369666325344198
1.0379104433794242
1.0368546528761304
1.0368546528761304
1.0351098928890006
1.0351098928890006
1.0351098928890006
1.0351098928890006
1.0334672700375602
1.033816119765146
1.0333358290966184
1.0324741603468515
1.0324741603468515
1.030073438506866
1.030073438506866
1.0325820526473113
1.0311837944479478
1.0311837944479478
1.0317824313504447
1.0317824313504447
1.0317824313504447
1.0317824313504447
1.029914571456944
1.0319890247013943
1.0319890247013943
1.0319890247013943
1.0319890247013943
1.029616992859016
1.0319618807018023
1.0313024635574914
1.0313024635574914
1.0336283808431976
1.0336283808431976
1.0336283808431976
1.0336283808431976
1.0330661976499655
1.0330661976499655
1.0330661976499655
1.0330661976499655
1.0330661976499655
1.0330661976499655
1.0330661976499655
1.0327727218436424
1.0327727218436424
1.0327727218436424
1.0327727218436424
1.0327727218436424
1.0327727218436424
1.0327727218436424
1.031621282422539
1.031621282422539
1.031621282422539
1.0309904081193053
1.0309904081193053
1.0309904081193053
1.0309904081193053
1.0309904081193053
1.0309904081193053
1.0309904081193053
1.0309904081193053
1.0309904081193053
1.0309904081193053
1.031452989319963
1.0321961635528762
1.0313490779918884
1.0313490779918884
1.0313490779918884
1.0313490779918884
1.0313490779918884
1.0313490779918884
1.0313490779918884
1.0313490779918884
1.0313490779918884
1.0322369772304494
1.03048350226102
1.03048350226102
1.03048350226102
1.0293813122876572
1.0287453297465459
1.0287453297465459
1.0300254933976176
1.0300254933976176
1.0300254933976176
1.0278666931674814
1.0278666931674814
1.0286669942176971
1.0304210513015066
1.0300780216612835
1.0300780216612835
1.0300780216612835
1.029921016069253
1.029921016069253
1.029921016069253
1.029921016069253
1.029921016069253
1.0297724725618307
1.0289012014373144
1.0281144490426763
1.0281144490426763
1.027374730221478
1.027374730221478
1.027374730221478
1.027374730221478
1.0285865960086984
1.0285865960086984
1.0285865960086984
1.0300011723327736
1.0300011723327736
1.02814203851149
1.02814203851149
1.0292486657904913
1.0292486657904913
1.0292486657904913
1.0292486657904913
1.0292486657904913
1.0292486657904913
1.0292486657904913
1.0282559056655234
1.028666615337137
1.03039801707016
1.0322203762725457
1.0342793802650072
1.0342793802650072
1.033411358456346
1.0317286897486704
1.0317286897486704
1.0305625301825154
1.0305625301825154
1.0305625301825154
1.0305625301825154
1.0289661047846717
1.0290617030996736
1.0290617030996736
1.0295884666238122
1.0295884666238122
1.0298023419170796
1.0298023419170796
1.0298023419170796
1.0298023419170796
1.0314290271237916
1.0314290271237916
1.0321035811274315
1.0321035811274315
1.0321035811274315
1.0321035811274315
1.0321035811274315
1.0321035811274315
1.0321035811274315
1.0321035811274315
1.0315827542127236
1.0327789789687272
1.0327789789687272
1.0327789789687272
1.0327789789687272
1.0327789789687272
1.0327789789687272
1.0319716258594076
1.0319716258594076
1.0319716258594076
1.0315021788903176
1.0315021788903176
1.0301376256908386
1.0301376256908386
1.0298936142535513
1.0299289501406816
1.029743247553182
1.0300805364025418
1.0300805364025418
1.0293835163184006
1.0293835163184006
1.0293835163184006
1.0271860551969747
1.0271860551969747
1.026279789134656
1.0276544620271975
1.0276544620271975
1.0276544620271975
1.0276544620271975
1.0300863752648022
1.0300863752648022
1.0300863752648022
1.0300863752648022
1.0300863752648022
1.0295040798268027
1.0295040798268027
1.0295723996968391
1.0294614268242965
1.0294614268242965
1.0294614268242965
1.0294614268242965
1.0329031115482563
1.0308693720235156
1.0318061137003203
1.0315064556465832
1.0309484416497348
1.0301036203229297
1.0301036203229297
1.0328050722391016
1.0328050722391016
1.0328050722391016
1.0332625105111852
1.0331784377472808
1.0331784377472808
1.032370349415589
1.0355911521251986
1.0355911521251986
1.0312836046418246
1.0293380724560064
1.0302868432824361
1.0302868432824361
1.0302868432824361
1.0302868432824361
1.0302868432824361
1.0302868432824361
1.0302868432824361
1.0302868432824361
1.0317903760154603
1.0317903760154603
1.0317903760154603
1.0317903760154603
1.0317903760154603
1.0317903760154603
1.0322433991838857
1.0322433991838857
1.0322433991838857
1.0322433991838857
1.0322433991838857
1.0322433991838857
1.0322433991838857
1.0322433991838857
1.0326727052685432
1.0326727052685432
1.0326727052685432
1.0320185963876354
1.0320185963876354
1.0339810932488673
1.0326300488081261
1.0312028383255996
1.0312028383255996
1.0312028383255996
1.0327085114891683
1.0327085114891683
1.0331095966234038
1.0327616534875523
1.0327616534875523
1.0327616534875523
1.0338984884115094
1.034020926643344
1.034020926643344
1.034020926643344
1.0344178093837
1.032143460143216
1.031115732144763
1.033059193390541
1.0335195501907606
1.0335195501907606
1.0335195501907606
1.0315314597462228
1.0315314597462228
1.0315314597462228
1.0315314597462228
1.0315314597462228
1.0315314597462228
1.0315314597462228
1.03056277002202
1.0315546543667153
1.033857965485478
1.033857965485478
1.033857965485478
1.0343744569241953
1.032883990953205
1.032883990953205
1.032883990953205
1.032883990953205
1.0311030834584058
1.0311030834584058
1.0311030834584058
1.0311653380832282
1.0311653380832282
1.0313398259328852
1.0313398259328852
1.0313398259328852
1.0336300123864985
1.0336300123864985
1.0336300123864985
1.0336300123864985
1.0344544368614401
1.0336755700572793
1.0336755700572793
1.0336755700572793
1.0336191390567442
1.0336191390567442
1.0353125464476094
1.0353125464476094
1.0362206897791233
1.0340550327217748
1.0340550327217748
1.0340550327217748
1.0316772208151266
1.0316772208151266
1.0316772208151266
1.0316772208151266
1.0316772208151266
1.0316772208151266
1.0323834393618456
1.0308917622323732
1.0309324275219676
1.0309324275219676
1.0309324275219676
1.0304458905919833
1.0297665680300399
1.0297665680300399
1.0297665680300399
1.0330443824668119
1.0311112616042821
1.0311112616042821
1.0311112616042821
1.0302520247304878
1.0302520247304878
1.0302520247304878
1.0314886661480196
1.0314886661480196
1.0301993603828208
1.0301993603828208
1.0294482313069158
1.030117707167965
1.030117707167965
1.030117707167965
1.0312384479831629
1.0312384479831629
1.031775022438592
1.031775022438592
1.0339645786305132
1.0340774844443898
1.0332810334445708
1.030567260794454
1.030567260794454
1.0318106105807705
1.032709139410987
1.032709139410987
1.0306766890477628
1.0306766890477628
1.0304827305039306
1.0275324453158534
1.0275324453158534
1.0275324453158534
1.0275324453158534
1.0316408666842911
1.0316408666842911
1.0316408666842911
1.030017338296405
1.0316712510300194
1.0312320657338163
1.0311860113693272
1.030605373121688
1.030605373121688
1.030605373121688
1.0327271309419914
1.0327271309419914
1.0327271309419914
1.0327271309419914
1.0327271309419914
1.0311892206348325
1.0308025911348022
1.0339192259633725
1.0339192259633725
1.0339192259633725
1.0339192259633725
1.0339192259633725
1.034748730186365
1.0352350836209763
1.0352350836209763
1.0352350836209763
1.0352350836209763
1.0352350836209763
1.035190440395705
1.035190440395705
1.035190440395705
1.035190440395705
1.0342341633476078
1.0342341633476078
1.0342341633476078
1.0341418570368248
1.0332951930058023
1.0332951930058023
1.0332951930058023
1.0332951930058023
1.0323595113073447
1.0323595113073447
1.0301358961175189
1.0339602565349915
1.0337944507317616
1.0343259293158955
1.0343259293158955
1.0353503216389217
1.0353503216389217
1.0353503216389217
1.0353503216389217
1.0353503216389217
1.032353715334879
1.032353715334879
1.0355728778316557
1.0355728778316557
1.0355728778316557
1.0355728778316557
1.0355728778316557
1.0343827686328797
1.0343827686328797
1.0329911278478148
1.0329911278478148
1.0336766809640079
1.0336766809640079
1.0336766809640079
1.0336766809640079
1.0339557076386594
1.0339557076386594
1.0339557076386594
1.0339557076386594
1.0339557076386594
1.0311806065182612
1.0311806065182612
1.0311806065182612
1.0311806065182612
1.0311806065182612
1.0302578832846723
1.0302578832846723
1.0355364947457157
1.0366910689057873
1.0366910689057873
1.0366910689057873
1.0350489321314982
1.0350489321314982
1.0346426329232907
1.0329910215555893
1.0329910215555893
1.0329910215555893
1.0339606920730093
1.0339606920730093
1.03198018809957
1.0296001367403664
1.0296001367403664
1.0295427427552182
1.0295427427552182
1.0295427427552182
1.0295427427552182
1.0295427427552182
1.0321516253366494
1.0321516253366494
1.0321586585980975
1.0311349944495567
1.0311349944495567
1.0311349944495567
1.0314572066856758
1.0314572066856758
1.0311142546775076
1.0307820650815505
1.0307820650815505
1.0322557280062803
1.0322557280062803
1.0322557280062803
1.0336273772170428
1.032451876826555
1.032451876826555
1.032451876826555
1.0327120104252605
1.031773594775918
1.031773594775918
1.031773594775918
1.0313004010266635
1.0313004010266635
1.0357209841394397
1.0357209841394397
1.034624287267107
1.034624287267107
1.034624287267107
1.034624287267107
1.0345466844272044
1.0345466844272044
1.0341859583645419
1.0341859583645419
1.0345265343154075
1.0345265343154075
1.0345265343154075
1.0342494424260098
1.0342494424260098
1.035814274702602
1.035814274702602
1.035814274702602
1.035814274702602
1.035814274702602
1.0347347424075195
1.0347347424075195
1.0347347424075195
1.034841623904195
1.034841623904195
1.0354557628116008
1.0354557628116008
1.0354811087576175
1.0352507507238615
1.033203785583557
1.0337968712030086
1.0337968712030086
1.0326019427960529
1.0326019427960529
1.0326019427960529
1.0343391131098678
1.0351697135783056
1.034335388530077
1.034335388530077
1.034335388530077
1.034335388530077
1.0340328908353973
1.0340328908353973
1.0340328908353973
1.0345074765429059
1.0345074765429059
1.0345074765429059
1.0345074765429059
1.0321610071520617
1.033635378584665
1.0340917994976908
1.0340917994976908
1.0340917994976908
1.0344676709604237
1.0346291141246606
1.0346291141246606
1.0346291141246606
1.0346291141246606
1.0346291141246606
1.0332744230575293
1.0332744230575293
1.0332744230575293
1.0332744230575293
1.0332180487407407
1.0371138886711877
1.0371138886711877
1.037573254208314
1.037573254208314
1.037573254208314
1.0353878165613315
1.0335803296833648
1.0323256014417517
1.0323256014417517
1.0318257559622406
1.0318257559622406
1.0332398581967484
1.0332398581967484
1.0322647628839525
1.0322647628839525
1.0321352113317828
1.0342217222053283
1.0342217222053283
1.0342217222053283
1.0342217222053283
1.0344106458792222
1.0344106458792222
1.0344106458792222
1.0367109002445238
1.0367109002445238
1.0336885345791376
1.0330216293537253
1.0308727548381527
1.034087881094788
1.0318260493354272
1.0310154822916897
1.0310154822916897
1.0310154822916897
1.0310154822916897
1.0310154822916897
1.0304832636174903
1.0330392426240593
1.0330392426240593
1.0323768550473584
1.0345732114978516
1.0323755268333399
1.0333667364812231
1.0346566828321366
1.0346566828321366
1.0346566828321366
1.0349536654430012
1.0349536654430012
1.0349536654430012
1.0349536654430012
1.0349536654430012
1.0349536654430012
1.0341263165342074
1.0341263165342074
1.0341263165342074
1.0341263165342074
1.0341263165342074
1.0347437536284383
1.0352593276451858
1.0352593276451858
1.0352593276451858
1.0352593276451858
1.0352593276451858
1.0352593276451858
1.0341732804825787
1.0322872981553828
1.0322872981553828
1.0317150587637987
1.0317150587637987
1.0317150587637987
1.0318395642818627
1.0325890268823736
1.0325890268823736
1.0318716451538352
1.0318716451538352
1.0318716451538352
1.0318716451538352
1.0318716451538352
1.0357589081779883
1.0357589081779883
1.0365896290740357
1.0385345115863356
1.0385345115863356
1.0385345115863356
1.0376177288561583
1.0358799896541229
1.0358799896541229
1.0376139121249777
1.0376139121249777
1.0376139121249777
1.0373412996678844
1.0367316366550061
1.0367316366550061
1.0367316366550061
1.0367316366550061
1.0345208834751956
1.0345208834751956
1.0349172722661226
1.033701745691321
1.033701745691321
1.033701745691321
1.034130749759098
1.034130749759098
1.034130749759098
1.034130749759098
1.034130749759098
1.034130749759098
1.034130749759098
1.034130749759098
1.0350527992161453
1.0350527992161453
1.0343439664849967
1.0349406250318152
1.0349406250318152
1.0331581457308157
1.033807424895463
1.033942746312764
1.03504611635812
1.03504611635812
1.03504611635812
1.03504611635812
1.0342333403487347
1.034376798039789
1.034376798039789
1.0348130502738362
1.0348653871758138
1.0348653871758138
1.0368939547544975
1.0351591696961193
1.0351591696961193
1.0371056479060632
1.037130888559246
1.0378594476669154
1.0378594476669154
1.0378594476669154
1.0378594476669154
1.0378594476669154
1.0378594476669154
1.0378594476669154
1.0398489996055245
1.0398489996055245
1.0387061358154641
1.0372626955946609
1.0386997881007585
1.0386997881007585
1.0386997881007585
1.0386997881007585
1.0386997881007585
1.0377094186493925
1.0357467873927553
1.0357467873927553
1.0357467873927553
1.0362730628379484
1.0362730628379484
1.0362730628379484
1.0318906475109435
1.033046373256087
1.035332839348295
1.035332839348295
1.035332839348295
1.035332839348295
1.035332839348295
1.035332839348295
1.034122673192169
1.034122673192169
1.034122673192169
1.034122673192169
1.034122673192169
1.034122673192169
1.034122673192169
1.0347814057297695
1.0342339415285022
1.0342339415285022
1.0342339415285022
1.0342339415285022
1.0320155774422008
1.0320155774422008
1.0335073524088196
1.0335073524088196
1.0335073524088196
1.0335073524088196
1.0335073524088196
1.0335340585918675
1.032521354397988
1.032521354397988
1.0348796127740028
1.0348796127740028
1.0348796127740028
1.0307863102194934
1.031460795851544
1.0323595390743052
1.0323595390743052
1.0323595390743052
1.0323595390743052
1.0336048773857194
1.0336048773857194
1.0333075385991046
1.0333075385991046
1.0333075385991046
1.0333075385991046
1.0318185856685436
1.0318185856685436
1.0318185856685436
1.0318185856685436
1.0318185856685436
1.0318185856685436
1.0318980978009986
1.0346197187089916
1.034496818195005
1.0321846802259662
1.0326314958769414
1.0326314958769414
1.0349352093693922
1.0349352093693922
1.0349352093693922
1.0349352093693922
1.035957309352482
1.035957309352482
1.0325528819696879
1.0315168257678156
1.0315168257678156
1.036068683487089
1.0333086549288524
1.0333086549288524
1.0333086549288524
1.0333086549288524
1.0311914207335626
1.0311914207335626
1.0311914207335626
1.0305881667135046
1.0305680368721546
1.0305680368721546
1.0305680368721546
1.0305680368721546
1.0312285044665035
1.0312285044665035
1.0341393995652532
1.0341393995652532
1.0341393995652532
1.0341393995652532
1.0318066131100168
1.0318066131100168
1.0318066131100168
1.0318066131100168
1.0318066131100168
1.0318066131100168
1.0318066131100168
1.0333468209430126
1.0333468209430126
1.0332945629568902
1.0332945629568902
1.0309220152872425
1.0316255798922462
1.0316255798922462
1.032257684008218
1.031088442582352
1.031088442582352
1.030904100143084
1.0341192431992696
1.0341192431992696
1.031531873160461
1.0315684638313334
1.0315684638313334
1.0329943824617205
1.0329943824617205
1.0313645726899867
1.0313645726899867
1.0332809372241962
1.0332809372241962
1.0332809372241962
1.0313257735562462
1.0314500584883706
1.0334853041560994
1.0357435914075128
1.0357435914075128
1.0357435914075128
1.0357435914075128
1.0353030381374257
1.0340803067114743
1.0340803067114743
1.03277032428511
1.0341442614636065
1.0348419177582513
1.0348419177582513
1.0348419177582513
1.0348419177582513
1.033786495889784
1.0339906095736715
1.0331211697977711
1.0341780752170135
1.0346415567311236
1.0346415567311236
1.0330534941824328
1.0330534941824328
1.0334393557257229
1.0324511016617823
1.0380845346104381
1.0368602389895931
1.0379556944173625
1.0379556944173625
1.0379556944173625
1.0379556944173625
1.0379556944173625
1.0405306588590262
1.0395298490826395
1.0395298490826395
1.0395298490826395
1.0395298490826395
1.0395298490826395
1.0392534005382064
1.0392534005382064
1.0401176588759065
1.0392343288512145
1.0353430839719755
1.0353430839719755
1.037117466902502
1.037117466902502
1.0326672895834637
1.0326672895834637
1.0326672895834637
1.0326672895834637
1.0326672895834637
1.0326672895834637
1.0326672895834637
1.0352388843228886
1.0346203593507193
1.0346203593507193
1.035533243008937
1.035533243008937
1.0377781773444221
1.0377781773444221
1.0382564313679405
1.0382564313679405
1.0382564313679405
1.0382564313679405
1.0382564313679405
1.0382564313679405
1.0382564313679405
1.0364682591798917
1.0364682591798917
1.0345487404571252
1.0346304214948294
1.0346304214948294
1.0346304214948294
1.0346304214948294
1.0346304214948294
1.0381808857836505
1.0345326677863045
1.0345326677863045
1.0328443102860023
1.0334419312963432
1.0334419312963432
1.034660692096277
1.032507920923342
1.032507920923342
1.033467808322005
1.033467808322005
1.034537434379602
1.035898172616346
1.0353994493343213
1.0353994493343213
1.0353994493343213
1.0358315740867834
1.0337854491748106
1.0353379088731747
1.0353379088731747
1.0340808710080704
1.0340808710080704
1.0340808710080704
1.0340808710080704
1.0340808710080704
1.0340808710080704
1.0340808710080704
1.0356075902030926
1.0356075902030926
1.0346853441724888
1.0372283659109662
1.0358570076373332
1.0358570076373332
1.0358570076373332
1.0374787278716555
1.0374787278716555
1.0387439736169084
1.0387439736169084
1.0387439736169084
1.0387439736169084
1.0387439736169084
1.0387439736169084
1.0387439736169084
1.0362449399688716
1.0345637808721957
1.0343289676737673
1.0343289676737673
1.0343289676737673
1.0343289676737673
1.0343505781516211
1.0343505781516211
1.0343505781516211
1.036225099846529
1.0346863120051923
1.0346863120051923
1.0346863120051923
1.0346863120051923
1.0338055394492427
1.0346921977908106
1.034845369691208
1.0325785097771871
1.0325785097771871
1.0325785097771871
1.032852487210363
1.0333079234206524
1.033661009190446
1.034617825710997
1.034617825710997
1.0366098632612193
1.0356411676392907
1.0342422493373942
1.0342422493373942
1.0342422493373942
1.0342422493373942
1.0342422493373942
1.0342422493373942
1.035733713229992
1.035451535407173
1.0355482955912836
1.0355482955912836
1.0355482955912836
1.0364301263864306
1.035480802401427
1.0362072400753175
1.0362072400753175
1.0361855312141188
1.0361855312141188
1.0396102114783885
1.0377519984151549
1.0377519984151549
1.0377519984151549
1.0377519984151549
1.0377519984151549
1.0377519984151549
1.0374026816766735
1.0374993819181664
1.0374993819181664
1.0386448842090128
1.0386448842090128
1.0404683796709262
1.037788508177828
1.037788508177828
1.037788508177828
1.0374324624883617
1.034332100647573
1.0348756034712767
1.0348756034712767
1.0348756034712767
1.0327399957959236
1.0327318606145957
1.0327318606145957
1.0316686807239381
1.0316686807239381
1.0316686807239381
1.0316686807239381
1.0316686807239381
1.0316686807239381
1.0316686807239381
1.0316686807239381
1.0316686807239381
1.0331192468277894
1.0322153496234436
1.0322153496234436
1.0322153496234436
1.0322153496234436
1.0322153496234436
1.0322153496234436
1.0322153496234436
1.0322153496234436
1.0337162773290502
1.0337162773290502
1.0337162773290502
1.0338341382849108
1.0338341382849108
1.0341180435240076
1.0341180435240076
1.0335081278382618
1.0331781772951067
1.0331781772951067
1.0331781772951067
1.0344170733226201
1.033818517371714
1.0330607640392662
1.0330607640392662
1.0330607640392662
1.0330607640392662
1.0330607640392662
1.0329887273921015
1.0329887273921015
1.030200892613108
1.030200892613108
1.030125431385479
1.030125431385479
1.030125431385479
1.030125431385479
1.030125431385479
1.0305340350666663
1.0305340350666663
1.0305876562360345
1.0305876562360345
1.0308811055096063
1.0303287165946537
1.0303287165946537
1.0303287165946537
1.0303287165946537
1.0303287165946537
1.0303287165946537
1.0303287165946537
1.0303287165946537
1.0303287165946537
1.0303287165946537
1.0303287165946537
1.0303287165946537
1.0303287165946537
1.0303287165946537
1.0317185523110262
1.0317185523110262
1.0317185523110262
1.0329623474916567
1.0332635306306346
1.0327820441552336
1.0327820441552336
1.0339582677925498
1.0330428624780774
1.0330428624780774
1.0330218088515166
1.0330218088515166
1.0330218088515166
1.0330218088515166
1.0330218088515166
1.0325969380115498
1.0326551246931688
1.0341652623106696
1.0341652623106696
1.0320418552253101
1.0320418552253101
1.0307222059465866
1.0307222059465866
1.0307222059465866
1.0307222059465866
1.031321519839275
1.031321519839275
1.0309808180503446
1.0319607317317978
1.0319607317317978
1.0319607317317978
1.0319607317317978
1.032223938077106
1.0320691564797695
1.0320691564797695
1.0320691564797695
1.0320691564797695
1.031016164238492
1.031016164238492
1.031016164238492
1.031016164238492
1.031016164238492
1.031016164238492
1.031016164238492
1.031016164238492
1.0302038084054634
1.0302038084054634
1.0302038084054634
1.0279606514123922
1.030459206043382
1.0307821954452614
1.0317840654264627
1.0317840654264627
1.032470824698442
1.032470824698442
1.032870172986891
1.0336021290242334
1.0336021290242334
1.0329714691902285
1.0329714691902285
1.0335286681130662
1.0335286681130662
1.0327621755959453
1.0327621755959453
1.0324349516444544
1.0324349516444544
1.0324349516444544
1.0324349516444544
1.032722182443116
1.032722182443116
1.0321423211647438
1.0321423211647438
1.0333363007172625
1.0333363007172625
1.0312391628178648
1.0320405333633387
1.0313016579371954
1.0298472000823433
1.0293204481875056
1.0268546266747351
1.0291772364347633
1.0291772364347633
1.0298362397799092
1.0298362397799092
1.0317226233471897
1.0317226233471897
1.0329750300328837
1.0291470105745284
1.0291470105745284
1.0295076569892432
1.0293892608161248
1.0293892608161248
1.0293892608161248
1.0293892608161248
1.0293892608161248
1.0293892608161248
1.0293892608161248
1.0306807942643468
1.0278036961253216
1.0278036961253216
1.0278036961253216
1.0278036961253216
1.0278036961253216
1.0278036961253216
1.0278036961253216
1.029197503579718
1.0294153517039417
1.0294153517039417
1.0295736492521559
1.0295736492521559
1.0295736492521559
1.0295736492521559
1.0295736492521559
1.0295736492521559
1.0295736492521559
1.0270797082403742
1.0270797082403742
1.0266905779972568
1.0266905779972568
1.0266905779972568
1.026719360940913
1.026719360940913
1.0263411462295646
1.0263411462295646
1.025094960715618
1.0248905309355603
1.0246022646105903
1.0242763289494494
1.0242763289494494
1.0242763289494494
1.0264749104896373
1.0267664939916967
1.0298888381950304
1.0298888381950304
1.030810767960552
1.0347772019010817
1.035452928388101
1.035452928388101
1.0343396275556231
1.0343396275556231
1.0343396275556231
1.0343396275556231
1.0327916860459945
1.0350445846144343
1.0350445846144343
1.031831756977867
1.0319550968311557
1.0335354919728033
1.0335354919728033
1.0333714995475718
1.0333714995475718
1.0333714995475718
1.0333714995475718
1.0336489995286258
1.0332456585581995
1.0332456585581995
1.032704830284761
1.0330758840777605
1.0341076859602973
1.0341076859602973
1.0341076859602973
1.0341076859602973
1.0356728194748175
1.0356728194748175
1.037136767140243
1.037136767140243
1.037136767140243
1.0342389602087596
1.035855001213171
1.0362706917640852
1.0342312331659549
1.0342312331659549
1.0342312331659549
1.0319867790961066
1.0327120050726353
1.0327120050726353
1.0327120050726353
1.0327120050726353
1.0327120050726353
1.0331805159468157
1.0331805159468157
1.0335382260894805
1.0335382260894805
1.0335382260894805
1.0339500970959166
1.0339500970959166
1.0325454672046706
1.0325454672046706
1.0325454672046706
1.0341462904589531
1.0357535041921346
1.0359246146365226
1.0339218396554224
1.0335605591774846
1.0335605591774846
1.0335605591774846
1.0335605591774846
1.0340333358334863
1.0340333358334863
1.0340333358334863
1.0341303347009425
1.0341303347009425
1.0348208896502455
1.0348208896502455
1.0340714809674167
1.036272418323784
1.0357511722009953
1.0363375351237343
1.0378982221209208
1.0387854055883567
1.0374292724298102
1.0374292724298102
1.0343927934595638
1.0343927934595638
1.0374725208428206
1.0374725208428206
1.0373812760412464
1.0373812760412464
1.0373812760412464
1.0373812760412464
1.0373812760412464
1.0365924971871834
1.0384138736513726
1.0384138736513726
1.0384138736513726
1.0384138736513726
1.0374043729910514
1.038412269017985
1.0361651968257823
1.0364794233350259
1.0364794233350259
1.0387705004444667
1.039005492253408
1.039005492253408
1.039005492253408
1.0384020081216279
1.0384020081216279
1.0380249616518993
1.0381696436040218
1.0381696436040218
1.0395711992545646
1.0395711992545646
1.038718058945958
1.0382208545412175
1.0393183647175497
1.0393183647175497
1.037545533919281
1.034505265898716
1.034505265898716
1.0333129310103524
1.0333129310103524
1.0333129310103524
1.0333129310103524
1.0333129310103524
1.0333129310103524
1.0324281604109469
1.0324281604109469
1.0324281604109469
1.0324281604109469
1.0317658523256386
1.0309417701241788
1.0309417701241788
1.0309417701241788
1.0288599570017447
1.0284535858571753
1.0288491984482255
1.0313705896687282
1.0319385186598444
1.0329849718008635
1.032812443262828
1.032812443262828
1.032812443262828
1.0315386486898774
1.0315386486898774
1.0315386486898774
1.0315386486898774
1.0315386486898774
1.0311173525602997
1.0311173525602997
1.0311173525602997
1.0311173525602997
1.0311173525602997
1.0311173525602997
1.0311173525602997
1.0311803513340965
1.0311803513340965
1.0304747796429286
1.0294494167906492
1.0294494167906492
1.0294494167906492
1.0316155473574018
1.0316155473574018
1.0316155473574018
1.0327698815226936
1.0327698815226936
1.0327698815226936
1.0327698815226936
1.032120570770107
1.0312339526225378
1.0312339526225378
1.0312339526225378
1.034522612257658
1.0331498910711283
1.0331498910711283
1.0326070288825777
1.0326070288825777
1.0326070288825777
1.030965429816198
1.0312121671253989
1.0312121671253989
1.0320836152946797
1.032552059533835
1.032552059533835
1.0329095372320138
1.0329095372320138
1.035504375776824
1.0360738834039254
1.0360738834039254
1.0360738834039254
1.036602438192202
1.036367308248314
1.0353625422002168
1.0353625422002168
1.0353625422002168
1.0355381338675405
1.0353957939979745
1.035008657774019
1.0344371991044867
1.0344371991044867
1.0344371991044867
1.0344371991044867
1.0344371991044867
1.0344399779764792
1.0344399779764792
1.0344399779764792
1.0344399779764792
1.0349642057503021
1.0350412588749234
1.0350412588749234
1.0350412588749234
1.0350412588749234
1.0350412588749234
1.0310966497916427
1.0310966497916427
1.0324793997737267
1.0325629433410375
1.0325629433410375
1.0325629433410375
1.0325629433410375
1.0314351915809221
1.0318837537974024
1.0313731274893398
1.0313731274893398
1.032720217135574
1.032720217135574
1.032720217135574
1.0323211303177209
1.0323211303177209
1.032865342606626
1.0325336088405794
1.0302046756276237
1.0302046756276237
1.0307330348217862
1.0308902069352726
1.0308902069352726
1.0308902069352726
1.0308902069352726
1.0278155278696646
1.0278155278696646
1.0278155278696646
1.0278155278696646
1.0304299309236513
1.0304299309236513
1.0304299309236513
1.0304299309236513
1.0304299309236513
1.0286710123829703
1.0319614939708817
1.031343505448213
1.031343505448213
1.031343505448213
1.0335044711014634
1.0351515376864773
1.0357792231745004
1.0367477410344357
1.0367477410344357
1.037406091720085
1.037406091720085
1.0374227973355146
1.0374227973355146
1.0374227973355146
1.0374227973355146
1.0369852463192526
1.0369852463192526
1.0357812761836507
1.0357812761836507
1.0350420956774486
1.0350420956774486
1.0350420956774486
1.0338244686388616
1.0340446029230712
1.0340446029230712
1.0340446029230712
1.0340446029230712
1.0342499324668277
1.0342499324668277
1.0342499324668277
1.034898498994297
1.034898498994297
1.0347092004069791
1.0347092004069791
1.032654948578177
1.032654948578177
1.032654948578177
1.0320983587581414
1.0320983587581414
1.0320983587581414
1.0320983587581414
1.0323821636520512
1.0323821636520512
1.0321837480010791
1.032180285114191
1.032180285114191
1.032180285114191
1.032180285114191
1.032180285114191
1.0357069362470446
1.0357069362470446
1.0312599027771099
1.0312599027771099
1.0312599027771099
1.0317602385790754
1.031792451019386
1.0320101147928848
1.0308982062427117
1.0308982062427117
1.0357873589163804
1.0349022811170345
1.0349022811170345
1.0351640670159572
1.0351640670159572
1.0351640670159572
1.0333878414405555
1.0333878414405555
1.0333878414405555
1.0333062950002085
1.0333062950002085
1.0337941586333084
1.0337941586333084
1.0317491809608537
1.0317491809608537
1.0317491809608537
1.0317092366219076
1.0317092366219076
1.0317092366219076
1.0304362784511587
1.030570511826919
1.0306732092639947
1.0301263377303682
1.031841705394626
1.031841705394626
1.031841705394626
1.031841705394626
1.0327618450681988
1.0327618450681988
1.0327618450681988
1.0327618450681988
1.0327618450681988
1.0325326853091215
1.034610700498698
1.0310029116975012
1.0310029116975012
1.0310029116975012
1.032393623773483
1.032393623773483
1.031973247555991
1.031973247555991
1.0320087354268528
1.0320087354268528
1.0320087354268528
1.0320087354268528
1.0320087354268528
1.0313082803046354
1.0313082803046354
1.0309323802755666
1.0309323802755666
1.0309323802755666
1.0318382022401318
1.0330272025433263
1.0330272025433263
1.0330272025433263
1.0324083273299691
1.0342975145118731
1.0343966003723075
1.0343966003723075
1.0343966003723075
1.0343966003723075
1.0346216168918705
1.0351416220118437
1.0354393407529128
1.0354393407529128
1.036339846941629
1.036339846941629
1.036339846941629
1.036339846941629
1.03665172785427
1.03665172785427
1.0373081125976618
1.037124639254757
1.03809368332711
1.03809368332711
1.03809368332711
1.0387925165116902
1.03668248016423
1.03668248016423
1.036679900830904
1.036679900830904
1.0389231145794162
1.0389231145794162
1.0389231145794162
1.0389231145794162
1.0389231145794162
1.0389231145794162
1.0389231145794162
1.0389231145794162
1.0389231145794162
1.0389231145794162
1.0389231145794162
1.0389231145794162
1.0380773819940758
1.0402957364231549
1.040577747930993
1.040577747930993
1.0427797616977579
1.0408350839057599
1.0408350839057599
1.0402207284889846
1.0404080835361076
1.0404080835361076
1.0387583263695936
1.0387583263695936
1.0387583263695936
1.0376923114629175
1.0383028124299867
1.0383028124299867
1.0383028124299867
1.0383028124299867
1.0383028124299867
1.0350928310557659
1.0350928310557659
1.0357045139812346
1.0357045139812346
1.0351218022780406
1.0357893192472707
1.0352924946177318
1.0352924946177318
1.0352924946177318
1.0352924946177318
1.0352924946177318
1.0352924946177318
1.0352924946177318
1.0352924946177318
1.037339925516382
1.0339656065358953
1.0353257846874169
1.0364300281082013
1.0385475563585462
1.0385475563585462
1.0377560330734028
1.0377560330734028
1.0356881221460466
1.0356881221460466
1.0356881221460466
1.035326184089161
1.0350069141220484
1.0314431228743242
1.0314431228743242
1.0314431228743242
1.0316760733364947
1.0316760733364947
1.0291920419316505
1.0291175253149436
1.0298445616577927
1.0311082713868853
1.0294001414902059
1.028914007779016
1.028914007779016
1.028914007779016
1.028914007779016
1.028914007779016
1.0296252891178788
1.0296252891178788
1.0285009115485062
1.0285009115485062
1.0277884919151523
1.0277884919151523
1.0306455754461126
1.0306455754461126
1.0306455754461126
1.0306455754461126
1.0306455754461126
1.0306455754461126
1.0306455754461126
1.0306455754461126
1.0306455754461126
1.0306455754461126
1.0305021585681977
1.0305021585681977
1.0323257878358452
1.0323578263829911
1.0323578263829911
1.0303302944801127
1.0303302944801127
1.0303302944801127
1.0303302944801127
1.0303302944801127
1.0328068418298357
1.0328068418298357
1.0328068418298357
1.0323619814932758
1.0323619814932758
1.0323619814932758
1.0323619814932758
1.0351501101232776
1.0351501101232776
1.0332701286795223
1.0315994834614473
1.0315994834614473
1.0350373992466368
1.0350373992466368
1.0350373992466368
1.0346403598494518
1.0368477570774033
1.0368477570774033
1.0368477570774033
1.0368477570774033
1.0368477570774033
1.0368477570774033
1.0368477570774033
1.0368477570774033
1.0368477570774033
1.0368477570774033
1.0368477570774033
1.0368477570774033
1.037815060902003
1.037815060902003
1.0372267284422574
1.0364474423712335
1.0364474423712335
1.0363036365886835
1.0362114745391215
1.0373214446614918
1.0338980477658233
1.0338980477658233
1.0346131304941482
1.033924500198894
1.033924500198894
1.033924500198894
1.032993393064946
1.032993393064946
1.032993393064946
1.032993393064946
1.0329558516088209
1.0328566022677397
1.0328566022677397
1.0337116349754576
1.0312741709212694
1.0312741709212694
1.0312741709212694
1.0314765074937189
1.0322177841534954
1.0322177841534954
1.0322177841534954
1.0322177841534954
1.0313801712075357
1.0324768526654937
1.0324768526654937
1.0324768526654937
1.0324768526654937
1.0324768526654937
1.0324768526654937
1.0324768526654937
1.0324768526654937
1.0324768526654937
1.0324768526654937
1.0324768526654937
1.0336320234202194
1.0336320234202194
1.0336320234202194
1.0336320234202194
1.0336320234202194
1.0336320234202194
1.0336320234202194
1.0336320234202194
1.0336320234202194
1.0313076633694813
1.0313076633694813
1.0313076633694813
1.0313076633694813
1.0313076633694813
1.0313076633694813
1.0313076633694813
1.0301702132158308
1.0313960986156538
1.030255130430175
1.030255130430175
1.030255130430175
1.028339847451595
1.028339847451595
1.028339847451595
1.028339847451595
1.0305397339262337
1.0299110589784137
1.0299110589784137
1.0299110589784137
1.0299110589784137
1.0299110589784137
1.0291338007230495
1.0291338007230495
1.0308093470663926
1.0261465199634638
1.0261465199634638
1.0261465199634638
1.0289847567466688
1.0289847567466688
1.0289847567466688
1.0289847567466688
1.0289847567466688
1.0302767754709787
1.0302767754709787
1.0296400940369541
1.0293337942611962
1.0267621886616998
1.0278243691205522
1.0278243691205522
1.0290501338699778
1.0290501338699778
1.0290501338699778
1.0290501338699778
1.0290501338699778
1.030711355448262
1.0299445475458155
1.0299445475458155
1.0299445475458155
1.0299445475458155
1.0299445475458155
1.0299445475458155
1.0299445475458155
1.0299445475458155
1.0299445475458155
1.0299445475458155
1.0299445475458155
1.0299445475458155
1.0300948482944465
1.0300948482944465
1.0300948482944465
1.0300948482944465
1.0300948482944465
1.0311816251052002
1.0318700887923966
1.0322277391160357
1.0322277391160357
1.0306377188521136
1.0325765444034207
1.0331595090254235
1.0331595090254235
1.0331595090254235
1.0331595090254235
1.0319904832602413
1.0325231782572133
1.0325231782572133
1.0344998609556963
1.0303643765719768
1.0303643765719768
1.0303643765719768
1.0303643765719768
1.0303643765719768
1.0303643765719768
1.0303643765719768
1.0303643765719768
1.0303643765719768
1.0303643765719768
1.031243603323758
1.0304363090900788
1.0318112727495565
1.031885359503269
1.031885359503269
1.031885359503269
1.031885359503269
1.031885359503269
1.031885359503269
1.031885359503269
1.03053676478513
1.03053676478513
1.0296710201632588
1.0296710201632588
1.0296710201632588
1.0296710201632588
1.0307064940849446
1.029989672046653
1.029989672046653
1.0333961650934347
1.0333961650934347
1.0333961650934347
1.0333961650934347
1.0333961650934347
1.0330414737550668
1.0330414737550668
1.0322914243055155
1.0322914243055155
1.0322914243055155
1.031127505563961
1.031127505563961
1.0306535851514622
1.0306535851514622
1.0306535851514622
1.0306535851514622
1.0302238330886686
1.0321313663500555
1.0321313663500555
1.0321313663500555
1.0321313663500555
1.0321313663500555
1.0321313663500555
1.0321313663500555
1.0321313663500555
1.0329629390133357
1.0329629390133357
1.0329629390133357
1.0329629390133357
1.0329629390133357
1.033030118834059
1.033030118834059
1.033030118834059
1.0305348363166902
1.0299819649368744
1.0299819649368744
1.032077068088578
1.032077068088578
1.0284913433427785
1.0284913433427785
1.0284913433427785
1.0296690769141585
1.0296402670380045
1.0296402670380045
1.0296402670380045
1.027097299791265
1.028108898392079
1.028108898392079
1.028108898392079
1.028108898392079
1.0291139721595879
1.0291139721595879
1.0291031122210603
1.0294877705631882
1.0312405262532611
1.0312405262532611
1.0291040026918725
1.029322045865698
1.029322045865698
1.029322045865698
1.030129443913115
1.030129443913115
1.0306926344360394
1.0306926344360394
1.0306926344360394
1.0328082576378186
1.032217239263043
1.0307866256864064
1.0324240683545671
1.0311492582379949
1.0311492582379949
1.0311492582379949
1.0311492582379949
1.0308576836980998
1.0308576836980998
1.0308576836980998
1.0308576836980998
1.0335635546440525
1.0324266748932929
1.0324266748932929
1.0324266748932929
1.0320145486467622
1.0320145486467622
1.0320145486467622
1.0320145486467622
1.0320145486467622
1.0320145486467622
1.0320145486467622
1.0320145486467622
1.033277848220512
1.0318979702096225
1.0318979702096225
1.0318979702096225
1.0318979702096225
1.0323447880229268
1.0348251711939824
1.0348251711939824
1.0342263271465468
1.0342263271465468
1.0342263271465468
1.0342263271465468
1.0342263271465468
1.0342263271465468
1.0339357004312606
1.035047041172149
1.035047041172149
1.0350734318831687
1.0350734318831687
1.0362388090178092
1.0362388090178092
1.0362388090178092
1.0362099891034138
1.0362099891034138
1.0365651391150772
1.0365651391150772
1.0376865238472137
1.034421348949725
1.034421348949725
1.034421348949725
1.034421348949725
1.034421348949725
1.035122979122064
1.035122979122064
1.035122979122064
1.035122979122064
1.0338830859684163
1.0338830859684163
1.033240495656836
1.033240495656836
1.033240495656836
1.0337533058280184
1.031670315840538
1.031670315840538
1.0317647326244663
1.0317647326244663
1.0317647326244663
1.0328819697361566
1.0333498502409346
1.0352699779834056
1.0352699779834056
1.0330508611637332
1.0328291364481446
1.0328291364481446
1.0328291364481446
1.0328291364481446
1.0328291364481446
1.0328291364481446
1.0343644150128752
1.03555947388456
1.03555947388456
1.03555947388456
1.0361653355714735
1.0361653355714735
1.0361653355714735
1.0361653355714735
1.0361653355714735
1.0361653355714735
1.0361653355714735
1.036299858879705
1.036299858879705
1.036299858879705
1.036299858879705
1.036299858879705
1.036273880749177
1.0337580478385773
1.0337580478385773
1.0317885303401149
1.0317885303401149
1.0317885303401149
1.0317885303401149
1.0317885303401149
1.0317885303401149
1.031051110056124
1.0301613378079584
1.0301613378079584
1.0301613378079584
1.0301613378079584
1.0297442385582287
1.0297442385582287
1.0298276822165877
1.0298276822165877
1.0298276822165877
1.0289173081143461
1.0289173081143461
1.0289173081143461
1.0289173081143461
1.0289173081143461
1.029964612772312
1.030817357131427
1.030165383431662
1.030501706716317
1.0287501883715182
1.0287501883715182
1.0287501883715182
1.0287501883715182
1.0287501883715182
1.029818191763901
1.0287046282935137
1.0287046282935137
1.0287046282935137
1.030775081786794
1.0319079020982351
1.0319079020982351
1.0319079020982351
1.0319079020982351
1.0319079020982351
1.0319079020982351
1.0319079020982351
1.0302967233178502
1.0338618785702165
1.0338618785702165
1.0338618785702165
1.0338618785702165
1.0338618785702165
1.0338618785702165
1.0338618785702165
1.0338618785702165
1.0338618785702165
1.032921389409117
1.035020477560472
1.035020477560472
1.0315917890429815
1.0309612801830845
1.0308435093175299
1.0308435093175299
1.0305924041180798
1.0301045891962162
1.0301045891962162
1.0314442131295651
1.0313337859148035
1.0313337859148035
1.0313337859148035
1.0313337859148035
1.0335762860148567
1.0327363778131158
1.0327363778131158
1.0327681832798954
1.0331670337601335
1.0307491295193065
1.0305175274174594
1.0305148738954653
1.0305148738954653
1.0305148738954653
1.0305148738954653
1.0305148738954653
1.0305148738954653
1.0299555503966449
1.0299555503966449
1.0300810697041494
1.0300810697041494
1.0300810697041494
1.0300810697041494
1.0300810697041494
1.0300810697041494
1.0290415801253219
1.0290415801253219
1.0290415801253219
1.0302912807361697
1.0302912807361697
1.0292368394147304
1.031568215261223
1.0308003495852205
1.0322968413978841
1.0286249784800396
1.0286249784800396
1.0309183630640608
1.0318905002276242
1.0318905002276242
1.0318905002276242
1.0303904329719504
1.0303904329719504
1.0303904329719504
1.0317820491905054
1.0317820491905054
1.0317820491905054
1.0317820491905054
1.0315214667099348
1.0315214667099348
1.0315214667099348
1.0315214667099348
1.0315214667099348
1.029231875427468
1.029231875427468
1.029231875427468
1.0324859033476426
1.0355218218253524
1.0355218218253524
1.0355218218253524
1.0355218218253524
1.0355218218253524
1.036233247435666
1.036233247435666
1.0376735339199736
1.0376735339199736
1.0376735339199736
1.0376735339199736
1.0376735339199736
1.0377978606229907
1.0377978606229907
1.0377978606229907
1.0392910439770633
1.0392910439770633
1.0392910439770633
1.0392910439770633
1.0403380479391984
1.0403380479391984
1.037357041809745
1.0374601721948966
1.0356646499772983
1.0356646499772983
1.0356646499772983
1.034650654720852
1.033183428289272
1.033183428289272
1.0324749383031007
1.0324749383031007
1.0324749383031007
1.0324749383031007
1.0348290621076552
1.0348290621076552
1.0348290621076552
1.0348290621076552
1.0346782718554541
1.0346782718554541
1.0346782718554541
1.0346782718554541
1.037445406590961
1.037445406590961
1.037445406590961
1.037445406590961
1.0373087148301505
1.0377988563396978
1.0361742736007735
1.0361742736007735
1.0357491717370344
1.0357491717370344
1.0357491717370344
1.0357491717370344
1.0357491717370344
1.0345988336744874
1.0345988336744874
1.0307078869391955
1.0307078869391955
1.0326827766682896
1.0326827766682896
1.0326827766682896
1.0326827766682896
1.0326827766682896
1.0326827766682896
1.0303471304520266
1.030527893165938
1.0332451578415178
1.0343558676766995
1.034822840889441
1.0348997417230865
1.0348997417230865
1.0359299105567132
1.0349117149823257
1.0342472857323328
1.0340380324342178
1.0342351356188915
1.0342351356188915
1.0342351356188915
1.0342351356188915
1.0342351356188915
1.0342351356188915
1.0336880736530307
1.0336880736530307
1.0325872569414498
1.0336510606984757
1.0336510606984757
1.0336510606984757
1.0336510606984757
1.03285029305484
1.03285029305484
1.03285029305484
1.03285029305484
1.0302594022526714
1.0317336840643323
1.031536397982625
1.031536397982625
1.031536397982625
1.031536397982625
1.031536397982625
1.031536397982625
1.031536397982625
1.031536397982625
1.031841927806637
1.031841927806637
1.0324417555722567
1.0324417555722567
1.0324417555722567
1.0324417555722567
1.0324417555722567
1.0317257806035947
1.0317257806035947
1.0319421609856645
1.0319421609856645
1.0319421609856645
1.0319421609856645
1.0319421609856645
1.0319421609856645
1.0319421609856645
1.0339480434214323
1.0339480434214323
1.032682206457791
1.032682206457791
1.032682206457791
1.032682206457791
1.0327674200304613
1.0344779012279186
1.0361895781693509
1.0334814126983753
1.0334814126983753
1.0334814126983753
1.035965765049573
1.0359986703098834
1.0359986703098834
1.0380027803351521
1.0371362116482148
1.0371362116482148
1.036824798913146
1.036824798913146
1.0360171216472291
1.0360171216472291
1.0360171216472291
1.0360171216472291
1.0360171216472291
1.0349921583591102
1.0349921583591102
1.0349921583591102
1.033333907793135
1.0340597196402792
1.0331413084993808
1.0331413084993808
1.0331413084993808
1.0369022399018082
1.0369022399018082
1.0369022399018082
1.0369022399018082
1.0369022399018082
1.0355134390681162
1.0355134390681162
1.0355134390681162
1.0355134390681162
1.0349721092278135
1.0360082134120372
1.0360082134120372
1.036614783773872
1.036614783773872
1.0356241901382262
1.0356241901382262
1.0356241901382262
1.0345657461952398
1.0325591826844278
1.0340165274159343
1.0340165274159343
1.0340165274159343
1.0340165274159343
1.0330402606156357
1.0330402606156357
1.0330402606156357
1.0330402606156357
1.0308098462430588
1.0308098462430588
1.0308098462430588
1.0308098462430588
1.0308098462430588
1.0308098462430588
1.0308098462430588
1.0308098462430588
1.0308098462430588
1.0298449251073625
1.029945446426597
1.029945446426597
1.0293028076065276
1.0293028076065276
1.029993239340498
1.0299726598350853
1.0299726598350853
1.0299726598350853
1.0299726598350853
1.0299726598350853
1.0299726598350853
1.0299726598350853
1.0299726598350853
1.0312304433138102
1.0310178270738632
1.0305392063334475
1.0305392063334475
1.0292776928102443
1.0292776928102443
1.0292776928102443
1.0292776928102443
1.0313450780082971
1.0314589641969092
1.0314589641969092
1.0314589641969092
1.0314589641969092
1.0314589641969092
1.0312373527534178
1.030055485100804
1.030055485100804
1.0313139973943863
1.0313139973943863
1.0313139973943863
1.0313139973943863
1.0331307883203236
1.0331307883203236
1.0331307883203236
1.0331307883203236
1.0324413709875202
1.031983784433592
1.0317095643321965
1.0320343418961073
1.0320343418961073
1.0320343418961073
1.0320343418961073
1.0311236976994735
1.0311236976994735
1.0311236976994735
1.0311236976994735
1.0311236976994735
1.0311236976994735
1.0311236976994735
1.0311236976994735
1.032327362780183
1.032327362780183
1.0334028740693804
1.0334028740693804
1.0326448747056758
1.0331426276617022
1.0331426276617022
1.0331426276617022
1.0331426276617022
1.0339392218109131
1.0339392218109131
1.0351220212090064
1.0351220212090064
1.034257438813243
1.0332346326023087
1.0332346326023087
1.0332346326023087
1.028328117469541
1.028786376162663
1.028786376162663
1.0304482426516408
1.0304482426516408
1.0304482426516408
1.0293624511151291
1.0287598093539405
1.0287598093539405
1.0299975430902777
1.0299975430902777
1.0302617255039874
1.0299209904609048
1.0299209904609048
1.0299209904609048
1.0309433287861003
1.0315704310106715
1.031612810768682
1.0330884840555437
1.0330884840555437
1.0330884840555437
1.0330884840555437
1.0330884840555437
1.0319093343756076
1.0324051382701593
1.0324051382701593
1.032596290924666
1.032596290924666
1.032596290924666
1.0336952994131738
1.0336952994131738
1.0336952994131738
1.0336952994131738
1.0348394047393659
1.0348394047393659
1.0348394047393659
1.0348394047393659
1.0348394047393659
1.031245309327247
1.030465406991502
1.030465406991502
1.030465406991502
1.0310416967173754
1.0309734282944105
1.0292049965772805
1.0292049965772805
1.0292049965772805
1.029428887665666
1.0289245572879442
1.0289245572879442
1.0319946909274926
1.0319946909274926
1.031797084115992
1.0325774423780298
1.031604448544214
1.0308718364213427
1.0308718364213427
1.0323933967147663
1.0323933967147663
1.0323933967147663
1.0323933967147663
1.0333936852298047
1.035596624039601
1.0350916777716495
1.0350916777716495
1.0350916777716495
1.0350916777716495
1.0350916777716495
1.0350916777716495
1.0360439839396443
1.0360439839396443
1.0360439839396443
1.0360439839396443
1.0348432560486
1.0348432560486
1.035431440730489
1.035431440730489
1.0339139095904561
1.0339139095904561
1.0339139095904561
1.0339139095904561
1.0339139095904561
1.0339139095904561
1.0339139095904561
1.0339139095904561
1.0339139095904561
1.0339517225657713
1.0319794224182577
1.031675683965413
1.0324118742935635
1.0328231165463047
1.0328231165463047
1.0314437431005772
1.030659819525636
1.030659819525636
1.0330912880334462
1.0327389598831893
1.031845092767726
1.031845092767726
1.031845092767726
1.0353911552592767
1.0353911552592767
1.0353911552592767
1.0330280409409442
1.0330280409409442
1.03349885598382
1.03349885598382
1.03349885598382
1.03349885598382
1.03349885598382
1.03349885598382
1.03349885598382
1.03349885598382
1.03349885598382
1.0328592960156255
1.0329987485628405
1.0329987485628405
1.0329987485628405
1.0329987485628405
1.0320322912080016
1.0320322912080016
1.0336850463264726
1.035089872199016
1.0346803840139938
1.0346803840139938
1.0346803840139938
1.0346803840139938
1.0346803840139938
1.0366784720214837
1.0366784720214837
1.0366784720214837
1.03613592251048
1.03613592251048
1.0349412936787847
1.0349412936787847
1.035359606629548
1.035359606629548
1.035359606629548
1.035359606629548
1.035359606629548
1.035359606629548
1.035359606629548
1.035359606629548
1.0353794530067921
1.0353794530067921
1.0340394400467998
1.0340394400467998
1.0340394400467998
1.0348371916751304
1.0329260414276136
1.0329260414276136
1.0329260414276136
1.0329260414276136
1.0329260414276136
1.0329260414276136
1.0329260414276136
1.032398755804447
1.032398755804447
1.032398755804447
1.032398755804447
1.0335139440862267
1.0319988770896393
1.034750251471154
1.034750251471154
1.032873310804743
1.031338826938662
1.031338826938662
1.031338826938662
1.0305331363088035
1.0305331363088035
1.0307829683745953
1.0307829683745953
1.0320936681850328
1.0320936681850328
1.0320936681850328
1.0308700014456873
1.0308700014456873
1.034330427689795
1.0330833081825859
1.0330833081825859
1.0330833081825859
1.0330833081825859
1.0333366254638374
1.0333366254638374
1.0333366254638374
1.0333366254638374
1.0333366254638374
1.0330038536320223
1.0331022508396024
1.0331022508396024
1.034629682328578
1.034629682328578
1.034629682328578
1.033047554639929
1.0307129579186896
1.0307129579186896
1.0307129579186896
1.0307129579186896
1.030384809297678
1.030384809297678
1.0307283717074978
1.0307283717074978
1.0307283717074978
1.0314378949270666
1.0331878616470342
1.0331878616470342
1.0326937639226106
1.0326937639226106
1.0324474373423174
1.0324474373423174
1.0324474373423174
1.0324474373423174
1.031360209461542
1.0322502526407984
1.0322502526407984
1.0322502526407984
1.0331374042234247
1.0331374042234247
1.0308733745665268
1.0310985888810937
1.0310985888810937
1.0301405468621014
1.0301405468621014
1.0301405468621014
1.0286164652986516
1.0286164652986516
1.029544235245593
1.029544235245593
1.032567263651478
1.0321695002896583
1.0321695002896583
1.032407775779894
1.032407775779894
1.0320835280025136
1.0329891895294934
1.0317691202593275
1.0321109470549796
1.0316503197136262
1.0310107321679445
1.0310107321679445
1.0310107321679445
1.0310107321679445
1.032661401861951
1.0334408325281226
1.0334408325281226
1.0334408325281226
1.0334408325281226
1.0334408325281226
1.0318554510055538
1.0318554510055538
1.030630444551922
1.0306234938376342
1.0300812617108244
1.0321863905165451
1.0321863905165451
1.0310164516177003
1.0310164516177003
1.0310164516177003
1.0310164516177003
1.0310164516177003
1.0310164516177003
1.0310164516177003
1.0310164516177003
1.029610241604878
1.029610241604878
1.029610241604878
1.0342398800760135
1.0342398800760135
1.0333708357859281
1.0329264056698433
1.0332269295920744
1.0338118193071677
1.0323651269154321
1.0323651269154321
1.0334013692766193
1.0334013692766193
1.0358048422412938
1.036552459137741
1.0362271474142757
1.0340918328095239
1.034439237655991
1.0333738157467758
1.0317982422191694
1.0326476649319862
1.0326476649319862
1.031970436805552
1.0323343844245283
1.03054181576447
1.03054181576447
1.032352235868901
1.0324991819601166
1.0310832763195517
1.0310832763195517
1.0315991483790556
1.0315991483790556
1.0322042875268027
1.0322042875268027
1.0322211555474212
1.0301674117494952
1.0307206082387774
1.0307206082387774
1.0307206082387774
1.0311372421371758
1.032077031051549
1.032077031051549
1.0315208100405286
1.0315208100405286
1.0315208100405286
1.0315208100405286
1.0315208100405286
1.0330411498763186
1.0336639162793115
1.0350317857639575
1.0350317857639575
1.0350155896415745
1.0350155896415745
1.033093066617939
1.033093066617939
1.0349459929441909
1.0349459929441909
1.0349459929441909
1.0349459929441909
1.0349459929441909
1.0349459929441909
1.0360240234526978
1.0360240234526978
1.0354820744111248
1.0368524095736655
1.0368524095736655
1.0368524095736655
1.0368524095736655
1.0362341976242022
1.0372299132413088
1.035679242309937
1.0321797266333017
1.0321797266333017
1.0338795604873703
1.0390764479140298
1.0378934289314463
1.0372158257111401
1.0372158257111401
1.039365616539559
1.040272102766072
1.040272102766072
1.040887316313145
1.0415596615972467
1.0415596615972467
1.0394218745590489
1.0394218745590489
1.0402678548491582
1.0402678548491582
1.0402678548491582
1.0397674213594692
1.0397674213594692
1.0374766367013155
1.0374766367013155
1.0374766367013155
1.0374766367013155
1.0360784829771161
1.0360784829771161
1.0347213714364936
1.0333954742655869
1.0333954742655869
1.0341592620406725
1.0341592620406725
1.0356662906400556
1.0290450047542088
1.0292451956576323
1.0292451956576323
1.0292451956576323
1.0292451956576323
1.0292451956576323
1.0294075198098416
1.0291394720780538
1.0314603673154559
1.0304883372708669
1.0304883372708669
1.0304883372708669
1.0312800202263848
1.0312800202263848
1.03037086014257
1.03037086014257
1.03037086014257
1.03037086014257
1.0307426386100735
1.028363764532632
1.0299869546634675
1.0299869546634675
1.031399858892574
1.031399858892574
1.0304620466213967
1.0303202531459044
1.0303202531459044
1.029204976967638
1.029204976967638
1.0305503849359852
1.0305503849359852
1.0305503849359852
1.030449337185561
1.030449337185561
1.030449337185561
1.0306397620773178
1.0316371866541834
1.0316371866541834
1.0332525608279781
1.034532229605015
1.034532229605015
1.034532229605015
1.034532229605015
1.0334276825459021
1.0315602975825393
1.0328677721369053
1.0328677721369053
1.0325066317236917
1.0325066317236917
1.03354968703971
1.0350683739624285
1.0350683739624285
1.0350567888853117
1.0350567888853117
1.0348946750343446
1.0348946750343446
1.0321335646187748
1.0321335646187748
1.0321335646187748
1.0321335646187748
1.0321404942934413
1.0321404942934413
1.030134106219443
1.030134106219443
1.0315162242177407
1.0315162242177407
1.0315162242177407
1.0315162242177407
1.0315162242177407
1.032255434821261
1.0327100496250374
1.0327100496250374
1.0327100496250374
1.0327100496250374
1.0327100496250374
1.0327100496250374
1.0327100496250374
1.0327100496250374
1.03453250177485
1.03453250177485
1.03453250177485
1.0349388050187944
1.0324894571402072
1.033574942001909
1.034621848884718
1.034621848884718
1.034621848884718
1.0341823838753792
1.0328538455371752
1.0325478293038548
1.034844219925934
1.0329174537191177
1.0329174537191177
1.0367611267329029
1.0367611267329029
1.0367611267329029
1.0367611267329029
1.0354207842817398
1.0354207842817398
1.0354207842817398
1.0354207842817398
1.0349620325121773
1.034465441038582
1.034465441038582
1.0334899569622569
1.0334899569622569
1.03252461422802
1.03252461422802
1.0324482699744384
1.0324482699744384
1.0324482699744384
1.0324482699744384
1.0324482699744384
1.0324482699744384
1.0338354505761242
1.0338354505761242
1.0338354505761242
1.0338354505761242
1.0330729172090607
1.0330729172090607
1.0330729172090607
1.0341272682997331
1.0328037499693203
1.0328037499693203
1.0336306886956241
1.0345914964879557
1.0328558195528714
1.0328558195528714
1.0335852733346866
1.0322223411659865
1.0321968985527483
1.0321968985527483
1.0321968985527483
1.0321968985527483
1.0321968985527483
1.0316783596153112
1.0316783596153112
1.0316783596153112
1.0316783596153112
1.0316783596153112
1.0317581652724388
1.0303190260589619
1.0295578914039407
1.0315183141375779
1.0340770216916673
1.0340770216916673
1.0340770216916673
1.0340770216916673
1.0363307148180032
1.0363307148180032
1.0363307148180032
1.0363307148180032
1.0363307148180032
1.0327119984560253
1.0327119984560253
1.0326352686642883
1.0350047028795089
1.0350047028795089
1.0331106948204114
1.0331106948204114
1.030323338053992
1.0308222762124095
1.0304396695276834
1.0313810344288303
1.0313810344288303
1.0313810344288303
1.0313810344288303
1.029358385163361
1.029358385163361
1.029358385163361
1.030665448423987
1.030665448423987
1.030665448423987
1.030665448423987
1.0305918964042389
1.0305918964042389
1.0305918964042389
1.0305918964042389
1.0305918964042389
1.0305918964042389
1.030204418957111
1.0292541296023205
1.0292541296023205
1.0269379029903891
1.028353283512092
1.0287286989598328
1.0287286989598328
1.0287286989598328
1.0286056338018472
1.0272119467429102
1.0272119467429102
1.0272119467429102
1.02488678575133
1.0246681627255674
1.0241430915976362
1.0241430915976362
1.0241430915976362
1.0241430915976362
1.0241430915976362
1.0241430915976362
1.0241430915976362
1.0241430915976362
1.0241430915976362
1.0251349298361647
1.0251349298361647
1.0245751251924544
1.0245751251924544
1.0245751251924544
1.0245751251924544
1.0251822871302767
1.024276228572418
1.024276228572418
1.024276228572418
1.024708949455463
1.025031947722938
1.0247716501466853
1.0258326955057808
1.0258326955057808
1.0269439319488087
1.025255075834779
1.025255075834779
1.025255075834779
1.025255075834779
1.025255075834779
1.025255075834779
1.025255075834779
1.0270080990576125
1.0265465581928317
1.0265465581928317
1.0269548432343296
1.025434033242405
1.025434033242405
1.0232214030872393
1.0275970389077809
1.0275970389077809
1.0283105978869527
1.0277616927937707
1.0277616927937707
1.0278095994520167
1.0291581093797628
1.0291581093797628
1.0291581093797628
1.0291581093797628
1.0291581093797628
1.0291581093797628
1.0291581093797628
1.0291581093797628
1.0291581093797628
1.0246996487805462
1.0246996487805462
1.0296234163691418
1.0296234163691418
1.0296234163691418
1.029924955816558
1.029924955816558
1.0292880396868562
1.0292880396868562
1.0292880396868562
1.0274143467684953
1.0274143467684953
1.0274143467684953
1.0274143467684953
1.0274143467684953
1.025920622506133
1.0259555803292444
1.0259555803292444
1.0259555803292444
1.0264530369777394
1.0275847929936288
1.0275847929936288
1.0275847929936288
1.0275847929936288
1.0282142265904541
1.0282142265904541
1.0282142265904541
1.0282142265904541
1.0282142265904541
1.032062337747006
1.0301505044612007
1.0301505044612007
1.0292567337886234
1.0292567337886234
1.026656057092891
1.026656057092891
1.026656057092891
1.0275462191796674
1.0274662851516436
1.0264217794242037
1.0284128406159039
1.0284128406159039
1.0299200420665484
1.0299830666168166
1.0299830666168166
1.0299830666168166
1.0299830666168166
1.0299830666168166
1.0299830666168166
1.0289560654268097
1.0289560654268097
1.0289560654268097
1.0289560654268097
1.0289560654268097
1.0289051812592345
1.0289051812592345
1.0289051812592345
1.0302186664149762
1.0302186664149762
1.0304861025055188
1.0304861025055188
1.0304861025055188
1.0304861025055188
1.0304861025055188
1.0304861025055188
1.0304861025055188
1.0304861025055188
1.0304861025055188
1.0304861025055188
1.0304861025055188
1.0303494540449376
1.0303494540449376
1.0303494540449376
1.0288473158560074
1.0288473158560074
1.029694419062778
1.0305328274076013
1.0305328274076013
1.0305328274076013
1.0275509278376251
1.0275509278376251
1.0275509278376251
1.0277972727575564
1.0296423497546143
1.0296423497546143
1.0296423497546143
1.0294361820851192
1.0295148995798362
1.030970822735318
1.030970822735318
1.030970822735318
1.0320359922323286
1.0320359922323286
1.0320359922323286
1.0320359922323286
1.0320359922323286
1.0312360777454053
1.0307682658121293
1.0307682658121293
1.0307682658121293
1.0308503107470417
1.0308503107470417
1.0308503107470417
1.0308503107470417
1.0308503107470417
1.0308503107470417
1.0299071022102664
1.0299071022102664
1.0303426704101324
1.030427043652903
1.030427043652903
1.030427043652903
1.0298851565022544
1.0298851565022544
1.0298851565022544
1.0298851565022544
1.0298851565022544
1.0317478329049796
1.0317478329049796
1.0317478329049796
1.0317478329049796
1.0322341390462686
1.0322341390462686
1.0322341390462686
1.0322341390462686
1.0311025030286929
1.0311025030286929
1.0311025030286929
1.0311025030286929
1.0333088755868933
1.0338226309448069
1.0338226309448069
1.0318516134452103
1.0329369449103254
1.032468895706992
1.0330620918822282
1.0321984244086644
1.0327259769050392
1.0352783889364845
1.0348073151659716
1.0348073151659716
1.0348073151659716
1.0352675278839543
1.0352675278839543
1.0352675278839543
1.0352675278839543
1.0352675278839543
1.0352675278839543
1.0353982657100533
1.0353982657100533
1.0353982657100533
1.0353982657100533
1.0353982657100533
1.0353982657100533
1.034166627093731
1.0329034342575314
1.0328216274755306
1.0328216274755306
1.0342385132876124
1.032588954068764
1.032588954068764
1.032588954068764
1.032588954068764
1.032588954068764
1.032588954068764
1.032588954068764
1.034283054470258
1.0331790015355815
1.034416734596925
1.0323315855903326
1.0322203871774491
1.0322203871774491
1.0319035769563896
1.0351992493824789
1.0351992493824789
1.0351992493824789
1.0351992493824789
1.0330974405168798
1.0330974405168798
1.0330974405168798
1.0330974405168798
1.0328896654902633
1.031835085569152
1.0323476577782227
1.0323476577782227
1.0317502858073255
1.0316182992498668
1.0316657575270851
1.0316657575270851
1.0316657575270851
1.0330998924098689
1.0330998924098689
1.0330998924098689
1.0320442774747105
1.0320442774747105
1.0287850041632935
1.0287850041632935
1.0287850041632935
1.0287850041632935
1.0310852528887953
1.0310852528887953
1.0307242330471682
1.0307242330471682
1.0307242330471682
1.0307242330471682
1.031654800969829
1.0310870073918408
1.0310870073918408
1.0310870073918408
1.0310870073918408
1.0310870073918408
1.0304061298551686
1.0304061298551686
1.0301110877858999
1.0301110877858999
1.0301110877858999
1.0301110877858999
1.0280659794957476
1.030520336274788
1.030520336274788
1.030520336274788
1.031448860947627
1.031448860947627
1.032679391642881
1.032679391642881
1.0298397960955727
1.0298397960955727
1.0298397960955727
1.0298397960955727
1.029284396669567
1.029284396669567
1.029284396669567
1.0293409566939593
1.0293409566939593
1.033249292976206
1.033249292976206
1.033249292976206
1.033249292976206
1.0321159892763336
1.0321159892763336
1.0293856098635417
1.0297507958195822
1.0297507958195822
1.0289385815628664
1.0289385815628664
1.0289385815628664
1.0286546155170326
1.0286546155170326
1.0293963501027708
1.0308601292004376
1.0308601292004376
1.0292799279172988
1.0316104696975763
1.0312224512643717
1.029257200993027
1.029257200993027
1.029257200993027
1.029257200993027
1.029257200993027
1.0247700607666668
1.0262536853298418
1.0262536853298418
1.0262536853298418
1.0262536853298418
1.0262536853298418
1.0262536853298418
1.0262536853298418
1.0262536853298418
1.0262536853298418
1.0262536853298418
1.0260632012270796
1.0241260603668298
1.0261846756747546
1.0261846756747546
1.0261846756747546
1.0261846756747546
1.0264012489195988
1.0264012489195988
1.0264012489195988
1.0264012489195988
1.0264012489195988
1.0264012489195988
1.0264012489195988
1.0264012489195988
1.0264012489195988
1.0258324162700698
1.0258324162700698
1.0255345344895088
1.0255345344895088
1.0256641768691244
1.0256531643368894
1.0256531643368894
1.0256531643368894
1.0256531643368894
1.0274952423167252
1.0274952423167252
1.0274952423167252
1.026842909064382
1.02771046266106
1.028258303199112
1.028258303199112
1.028258303199112
1.028258303199112
1.028258303199112
1.028258303199112
1.028258303199112
1.0274187920345066
1.0279800368243168
1.0279800368243168
1.0279800368243168
1.0279800368243168
1.0281345060780214
1.0281345060780214
1.0285439598501853
1.0285439598501853
1.0285439598501853
1.0295654384561228
1.0295654384561228
1.0295654384561228
1.0287262823496242
1.0285680539469768
1.0285680539469768
1.0285680539469768
1.0285680539469768
1.0285680539469768
1.027317266089906
1.027317266089906
1.027317266089906
1.027317266089906
1.027317266089906
1.027317266089906
1.027317266089906
1.027317266089906
1.027317266089906
1.0288762325759193
1.0283960697468777
1.0284010954948566
1.0284010954948566
1.0284010954948566
1.027943852629171
1.0282209924313654
1.0282209924313654
1.0282209924313654
1.0282209924313654
1.0282209924313654
1.0293568615915094
1.0293568615915094
1.0318650105174403
1.0318650105174403
1.0318650105174403
1.0319090857702675
1.0299694871056433
1.0299694871056433
1.0299694871056433
1.0299694871056433
1.028903391433751
1.028903391433751
1.028903391433751
1.028903391433751
1.030433901355681
1.0327717004920811
1.0327717004920811
1.0331953770308044
1.0331953770308044
1.0331953770308044
1.0336889702474623
1.0336889702474623
1.0322270721525415
1.0322270721525415
1.0344745519739222
1.0320139030339563
1.0320139030339563
1.0320139030339563
1.0320139030339563
1.0320139030339563
1.031259971398164
1.031259971398164
1.031259971398164
1.031259971398164
1.031259971398164
1.031259971398164
1.033150482031685
1.033150482031685
1.033150482031685
1.0340301672890408
1.0327197208782355
1.0327197208782355
1.0342864708095199
1.0342864708095199
1.0342864708095199
1.0342864708095199
1.0350613329378793
1.0350613329378793
1.0350613329378793
1.0350613329378793
1.0350613329378793
1.0346976733433475
1.0346976733433475
1.0346976733433475
1.0346976733433475
1.0346976733433475
1.0346976733433475
1.0344363302429376
1.0323506197658432
1.0323506197658432
1.0323506197658432
1.0321597979738488
1.0321597979738488
1.0321597979738488
1.0318715710453543
1.033455982543099
1.031336256923918
1.031336256923918
1.031336256923918
1.031336256923918
1.031336256923918
1.0316367129268997
1.0316367129268997
1.0316367129268997
1.0316367129268997
1.030966187107572
1.029632558158992
1.029526519669406
1.029526519669406
1.03021866759621
1.0312245612145787
1.032717243927283
1.0344732915588644
1.0324258628046803
1.0324258628046803
1.0324258628046803
1.0324258628046803
1.0324258628046803
1.0322344576955196
1.0322344576955196
1.0322344576955196
1.0322344576955196
1.0305548053897606
1.0311437180580894
1.034165185625517
1.034165185625517
1.034165185625517
1.0331495958897259
1.0326826841165984
1.0326826841165984
1.0326826841165984
1.0334025383408472
1.0334025383408472
1.0303514473958497
1.0303514473958497
1.0336314723190123
1.0336314723190123
1.033316547574678
1.033316547574678
1.0333572356704213
1.0353671675842075
1.0336422687948037
1.0336422687948037
1.0336422687948037
1.0336422687948037
1.0336422687948037
1.0338138906065402
1.035075277980006
1.033143041049469
1.033143041049469
1.034046865825773
1.034046865825773
1.034046865825773
1.0365074414814683
1.0365074414814683
1.0365074414814683
1.0365074414814683
1.0370289686310519
1.0363738502372721
1.0327455292427554
1.0337391047571693
1.0324155158800483
1.0324155158800483
1.0324155158800483
1.0328655452050133
1.0328975211608984
1.0328975211608984
1.0308347666721764
1.0300539237629398
1.0300539237629398
1.0300539237629398
1.0300539237629398
1.0305893096097583
1.030465426164033
1.030465426164033
1.0317509068973212
1.0317509068973212
1.032146262897167
1.032146262897167
1.030189269947966
1.0281975973195239
1.0336358719118603
1.0316821684342516
1.0310528229112084
1.031293476678657
1.0340052387173326
1.0340052387173326
1.0325917092843837
1.0332193811100288
1.0332193811100288
1.0332193811100288
1.0332193811100288
1.0332193811100288
1.0326677707087206
1.03519033858458
1.0377198489400659
1.0352530947843157
1.0352530947843157
1.0352530947843157
1.0352530947843157
1.0352530947843157
1.0352530947843157
1.0364561666593117
1.0364561666593117
1.035510909170957
1.036472912770783
1.0364175681391612
1.0364175681391612
1.037153233127096
1.037153233127096
1.0363032380981667
1.0340808362912965
1.0340808362912965
1.0340808362912965
1.0340808362912965
1.0340808362912965
1.0320875994004493
1.0315187106498007
1.0323559311105353
1.032730006593178
1.032730006593178
1.0309863205867351
1.0309863205867351
1.0292544316190246
1.031100398794407
1.031100398794407
1.031100398794407
1.031100398794407
1.0315373416680118
1.0315373416680118
1.0299668059466132
1.0299668059466132
1.0295804066619227
1.0295804066619227
1.0295804066619227
1.0295804066619227
1.0295804066619227
1.0297229481138412
1.0297229481138412
1.0297229481138412
1.0310969255875957
1.0315341989531512
1.0315341989531512
1.030917738716743
1.0329094577272335
1.0329094577272335
1.0329094577272335
1.0329094577272335
1.0329094577272335
1.0333207324990892
1.0333207324990892
1.0323224749243622
1.0323224749243622
1.0314641005914793
1.0314641005914793
1.0314641005914793
1.0314641005914793
1.0325861491448594
1.0325861491448594
1.0316400062205637
1.0316400062205637
1.0291508102930675
1.0297831536100164
1.0297831536100164
1.0297831536100164
1.0297831536100164
1.0297831536100164
1.0297831536100164
1.0297831536100164
1.0297831536100164
1.0288759150804254
1.0288759150804254
1.0288759150804254
1.0297158929478198
1.0297158929478198
1.0297158929478198
1.0297158929478198
1.0289733872445506
1.0289733872445506
1.0289733872445506
1.027913315458927
1.027913315458927
1.0282948313157654
1.0282948313157654
1.0282948313157654
1.0282948313157654
1.0282948313157654
1.0273701791494358
1.0277762139759399
1.0277762139759399
1.0289064767888518
1.029458784518252
1.0280436135403563
1.0280436135403563
1.0310873812346566
1.0305456953619265
1.0305456953619265
1.0282475627979177
1.0282475627979177
1.0282475627979177
1.0282475627979177
1.0282475627979177
1.0301328866243982
1.0301328866243982
1.0301328866243982
1.0301328866243982
1.0309329538263408
1.0309329538263408
1.0324195153541482
1.0323371594330013
1.0323371594330013
1.0311823173911483
1.0311823173911483
1.0311823173911483
1.0311823173911483
1.029129906931126
1.029129906931126
1.0303470274986917
1.031224760998669
1.031224760998669
1.031224760998669
1.031224760998669
1.031224760998669
1.0311613930619168
1.0323882934519677
1.0325578349755504
1.0312703659029292
1.0312703659029292
1.0312703659029292
1.0312703659029292
1.0312703659029292
1.0312703659029292
1.0323321456195576
1.0323321456195576
1.0323321456195576
1.0323321456195576
1.0323321456195576
1.0323321456195576
1.0323321456195576
1.0312446199247385
1.0328348888776167
1.0328348888776167
1.0328348888776167
1.0309627456023363
1.0309627456023363
1.0312767932443658
1.030052598975636
1.030052598975636
1.0326000354670688
1.029753521589373
1.029753521589373
1.029753521589373
1.029753521589373
1.0304660858792258
1.0293473372468522
1.0299123251012903
1.0299123251012903
1.0300343513655472
1.0300343513655472
1.0300343513655472
1.0300343513655472
1.0300343513655472
1.0300343513655472
1.031042467689019
1.0309576859772773
1.0309576859772773
1.0321248770315472
1.0321248770315472
1.0321248770315472
1.0337307409967338
1.0337307409967338
1.0348334547840528
1.0348334547840528
1.0348334547840528
1.0348334547840528
1.0348334547840528
1.0352830170854055
1.0349376256648013
1.0348046850734747
1.0352582868328235
1.0352582868328235
1.0352582868328235
1.0341875467538582
1.0335835893982006
1.0329799770152137
1.0310553187070426
1.0321169702521655
1.0321169702521655
1.0321169702521655
1.0321169702521655
1.0321169702521655
1.0321169702521655
1.032152637303718
1.032152637303718
1.032152637303718
1.032152637303718
1.032152637303718
1.032152637303718
1.032152637303718
1.032152637303718
1.032152637303718
1.030485760930029
1.030485760930029
1.030485760930029
1.030485760930029
1.030485760930029
1.0298970696946554
1.0296261381078309
1.0296261381078309
1.0296261381078309
1.0295481366453307
1.0296156797411307
1.0296156797411307
1.0296156797411307
1.0297568915306767
1.0297568915306767
1.0297853239243786
1.0324354076119568
1.0324354076119568
1.035219909274416
1.0355243078144307
1.0355243078144307
1.0355243078144307
1.0355243078144307
1.0355243078144307
1.0357796157858012
1.0320471416890848
1.032784556888441
1.032784556888441
1.032784556888441
1.032784556888441
1.032784556888441
1.032784556888441
1.035481347925084
1.035481347925084
1.0345900019570404
1.0347190681961147
1.0347190681961147
1.0347190681961147
1.0347190681961147
1.0347190681961147
1.0328598768250985
1.0327904721658216
1.0328679833523233
1.0328679833523233
1.0328679833523233
1.0328679833523233
1.0328679833523233
1.0328679833523233
1.0328679833523233
1.0328679833523233
1.0316466828980706
1.0316466828980706
1.0316466828980706
1.03430293616505
1.0340886391578905
1.0340886391578905
1.0327504156887408
1.0327504156887408
1.0328996471104352
1.0328996471104352
1.0328996471104352
1.0355577571232464
1.0355577571232464
1.0355577571232464
1.0355577571232464
1.0355577571232464
1.0355577571232464
1.0355577571232464
1.0355577571232464
1.0329711736073557
1.0329711736073557
1.0329711736073557
1.033576124212236
1.033576124212236
1.033576124212236
1.0338273052127027
1.0338273052127027
1.0338273052127027
1.0338273052127027
1.03262807952952
1.03262807952952
1.0336753514366068
1.034031791212055
1.034031791212055
1.0343647435350265
1.0341090319146562
1.0341090319146562
1.0341090319146562
1.0342458451350622
1.0338732684123415
1.0338732684123415
1.0338732684123415
1.0338732684123415
1.0338732684123415
1.0338732684123415
1.0338732684123415
1.0338732684123415
1.0338732684123415
1.0338732684123415
1.0338732684123415
1.0356503411289377
1.0356503411289377
1.0356503411289377
1.0356503411289377
1.03516030757427
1.03516030757427
1.0348866746605254
1.0359320121412592
1.0352503170320446
1.0352503170320446
1.0352503170320446
1.0352941401120708
1.0352941401120708
1.0329066688902082
1.0326092286844064
1.0326092286844064
1.0326092286844064
1.0326092286844064
1.031864174262788
1.031864174262788
1.031864174262788
1.031864174262788
1.031864174262788
1.0327334900628493
1.0317038571216757
1.0334555123834288
1.0336522812021733
1.0312157075199144
1.0308539081967183
1.0308539081967183
1.0302651225303041
1.0302651225303041
1.0302651225303041
1.0302651225303041
1.028678831678838
1.028678831678838
1.0291416701219747
1.0289375907475524
1.0298931062348962
1.0298931062348962
1.0274143109172111
1.0274143109172111
1.0274143109172111
1.0274143109172111
1.0284406253871148
1.0284406253871148
1.0325223327536837
1.0318088685432174
1.0318088685432174
1.0318088685432174
1.033548585555044
1.0320267918756338
1.0334061541773676
1.0334061541773676
1.0334061541773676
1.0314600104075085
1.032850774894351
1.0359208115366154
1.0353046896772324
1.0353046896772324
1.0329012461063976
1.0361942543465614
1.0361942543465614
1.0361942543465614
1.0337897877419493
1.034299715037881
1.034299715037881
1.034299715037881
1.0354340143348486
1.0362663957495315
1.0351121724579617
1.0351121724579617
1.0329520579483447
1.0329520579483447
1.0329520579483447
1.0329520579483447
1.0329520579483447
1.0329520579483447
1.033016481955474
1.033016481955474
1.033016481955474
1.032308219365499
1.032308219365499
1.0306138198124988
1.0330562529919955
1.0324941498774618
1.0324941498774618
1.0324941498774618
1.0296886798097233
1.0300972311629082
1.0300972311629082
1.0300972311629082
1.0300972311629082
1.0300972311629082
1.0307541765622603
1.0307541765622603
1.0307541765622603
1.0323898501563806
1.0333142035945158
1.0333142035945158
1.0333142035945158
1.0331517024684134
1.0331517024684134
1.0331517024684134
1.0331517024684134
1.0331517024684134
1.0331517024684134
1.0331517024684134
1.0331517024684134
1.0331517024684134
1.03279832554219
1.0331577797042473
1.0328655766434804
1.036487612953068
1.0356285603251794
1.0357643760590072
1.0357643760590072
1.0356710952709227
1.0356710952709227
1.0356710952709227
1.0356710952709227
1.0356710952709227
1.0362286536709309
1.0362286536709309
1.0362286536709309
1.033521226176575
1.033521226176575
1.033521226176575
1.0338605942312287
1.0338605942312287
1.0316795264862926
1.0313158048530497
1.0313158048530497
1.0313158048530497
1.0313158048530497
1.0313158048530497
1.0309803548281702
1.029654441683646
1.029654441683646
1.029780225527601
1.0287818671000293
1.0287818671000293
1.0287818671000293
1.0305740028697983
1.0305740028697983
1.030950356504843
1.0323513173447227
1.0323513173447227
1.0321802201410384
1.0321802201410384
1.0321802201410384
1.0321802201410384
1.0323510609920803
1.0323510609920803
1.0323653515564744
1.0323653515564744
1.0323653515564744
1.0323653515564744
1.032963563427893
1.032963563427893
1.032963563427893
1.032963563427893
1.0331474010019548
1.0331474010019548
1.0331474010019548
1.0330184236349218
1.0330184236349218
1.0330184236349218
1.0330184236349218
1.0310506625566782
1.0310506625566782
1.0316759570836482
1.0326936378925575
1.0308050414206225
1.0308050414206225
1.03055655664902
1.03055655664902
1.03055655664902
1.0298237321808967
1.0298237321808967
1.0310857777798192
1.0306095440492191
1.0306095440492191
1.0306095440492191
1.0307856559118151
1.0286711472911507
1.031384079710668
1.0296085393256003
1.0296085393256003
1.033907699135332
1.033907699135332
1.033907699135332
1.0340720897089875
1.0340503200990534
1.0345616020913997
1.0345616020913997
1.0345616020913997
1.0345616020913997
1.0345616020913997
1.0345616020913997
1.0345616020913997
1.0345616020913997
1.0345616020913997
1.0345616020913997
1.0339875164685697
1.0339875164685697
1.0339875164685697
1.0339875164685697
1.0336776198860387
1.0336776198860387
1.0336776198860387
1.0336776198860387
1.0336776198860387
1.0336776198860387
1.0336776198860387
1.031496930424506
1.031496930424506
1.0350770831604177
1.0350770831604177
1.0350770831604177
1.0350770831604177
1.0350770831604177
1.0350770831604177
1.0350770831604177
1.0350770831604177
1.0349477484520135
1.0349477484520135
1.0349477484520135
1.0349477484520135
1.0364236378380953
1.0345061861231224
1.0362446642723504
1.0348334195824254
1.0348334195824254
1.032745444001776
1.033954771581224
1.035995986862761
1.035995986862761
1.035995986862761
1.0341812366007497
1.0341812366007497
1.0341812366007497
1.0341812366007497
1.0344421957430068
1.0344421957430068
1.0344421957430068
1.0349913003605273
1.0349913003605273
1.0349913003605273
1.0349913003605273
1.0321893892271934
1.0321893892271934
1.0321893892271934
1.0321893892271934
1.0326807040328057
1.033944265434824
1.0350374331563839
1.0350374331563839
1.034067412300137
1.0335392339061629
1.0335392339061629
1.035862269595517
1.0350193340610485
1.0350193340610485
1.0350193340610485
1.0350193340610485
1.0350193340610485
1.0350193340610485
1.0350193340610485
1.0350193340610485
1.0363822611342515
1.0363822611342515
1.0338818471975213
1.0338818471975213
1.0359120452783488
1.0359120452783488
1.0357246332688572
1.0357246332688572
1.0318773744518954
1.0320609738431734
1.0320609738431734
1.0320609738431734
1.0323602904015137
1.0340619358253436
1.0327846803331817
1.0327846803331817
1.0319706628806204
1.0319706628806204
1.0319706628806204
1.0319706628806204
1.0365084235763464
1.0344788466001438
1.0344788466001438
1.0344788466001438
1.0341913349292764
1.0341913349292764
1.0316608216743086
1.0315037831074403
1.0315037831074403
1.031252888241656
1.031252888241656
1.031252888241656
1.0315994951766272
1.0315994951766272
1.031882601553091
1.0311688380197521
1.0311688380197521
1.030244988056607
1.030244988056607
1.030244988056607
1.030244988056607
1.030244988056607
1.030244988056607
1.030244988056607
1.0291137951833416
1.0296926684327308
1.0296926684327308
1.0296926684327308
1.030348133622543
1.030348133622543
1.030320950857425
1.030320950857425
1.0319246390374202
1.030262045828782
1.030262045828782
1.0282679125673442
1.0282679125673442
1.029140095869929
1.0302090636252021
1.0302090636252021
1.0302090636252021
1.0302090636252021
1.0317361998985346
1.0317361998985346
1.0317361998985346
1.0317879856527952
1.0317879856527952
1.0317597075274056
1.0327494192323188
1.0327494192323188
1.0325108363410485
1.0325108363410485
1.0325108363410485
1.0297924145579826
1.0295123218429607
1.0295123218429607
1.0295123218429607
1.0295123218429607
1.0295123218429607
1.0311402258655864
1.0311402258655864
1.0311402258655864
1.0311402258655864
1.0312717840048873
1.0312717840048873
1.0312717840048873
1.0325113043142071
1.0325113043142071
1.0325113043142071
1.0325113043142071
1.0334124038132884
1.0334124038132884
1.0334124038132884
1.0334124038132884
1.0334124038132884
1.0335214983156047
1.03329033254088
1.0330409201831567
1.0330409201831567
1.0330409201831567
1.034344364117205
1.0321823388488
1.0321823388488
1.0321823388488
1.0323682772740703
1.0323682772740703
1.0323682772740703
1.0365127455282754
1.033714814283665
1.0336827316726422
1.0337341017910773
1.0337341017910773
1.0309538221267376
1.0309538221267376
1.0324918070240805
1.032078456356748
1.033530893307157
1.033530893307157
1.0337773347618746
1.0338387450826192
1.0332476579662768
1.0332476579662768
1.0372436219674679
1.0372436219674679
1.0372436219674679
1.0372436219674679
1.0372436219674679
1.0390461516008318
1.038261838071878
1.038261838071878
1.037107400010656
1.0351041954300126
1.0336437982508049
1.0336437982508049
1.033764488818749
1.0330341441283377
1.0330341441283377
1.0330341441283377
1.0314304828241645
1.0314304828241645
1.0314304828241645
1.0314304828241645
1.0314304828241645
1.0314304828241645
1.03122329563458
1.03122329563458
1.0309042120906085
1.0303802851899582
1.0312762614026671
1.0312762614026671
1.0312762614026671
1.0312762614026671
1.0334375136752143
1.0351348339729105
1.0372600300000951
1.0372600300000951
1.0363104084129002
1.0363104084129002
1.0346904997608843
1.0346904997608843
1.0346904997608843
1.0346904997608843
1.0346904997608843
1.0351683831937228
1.036446790604176
1.0369850019262232
1.0369850019262232
1.0362404778032208
1.035762739254545
1.035762739254545
1.035762739254545
1.0389716626771925
1.0377059096707324
1.0377059096707324
1.0376181381250043
1.0376181381250043
1.0376181381250043
1.0376181381250043
1.0376181381250043
1.0376181381250043
1.0376181381250043
1.0376181381250043
1.0376181381250043
1.0376181381250043
1.0376181381250043
1.0359145090216084
1.0339876616354169
1.0339876616354169
1.0339876616354169
1.0352981719796377
1.038607306279055
1.038607306279055
1.037128789048984
1.037128789048984
1.0367254532364876
1.0367254532364876
1.036287435181221
1.036287435181221
1.0349758167148437
1.0349758167148437
1.0349625067595587
1.0361303025280182
1.0361303025280182
1.0361303025280182
1.0361303025280182
1.0364448384742329
1.0359137013198314
1.0359137013198314
1.0359137013198314
1.0351853493593342
1.0360004720345728
1.0379442911616803
1.0379442911616803
1.0379442911616803
1.0417928568718644
1.0417928568718644
1.0411838740208799
1.0419043266452033
1.0419043266452033
1.0419043266452033
1.0382619757477363
1.0382619757477363
1.0382619757477363
1.0382619757477363
1.0387726746488382
1.0387726746488382
1.0387726746488382
1.0387035092367578
1.0387035092367578
1.0387035092367578
1.0387035092367578
1.0387035092367578
1.0416346260300806
1.0401321505124819
1.0401321505124819
1.0401321505124819
1.039635939805527
1.039635939805527
1.039635939805527
1.0373766060340464
1.0395858870273826
1.0395858870273826
1.0362718911566424
1.0364763515941802
1.0364763515941802
1.035160737995984
1.0346294376449023
1.0346294376449023
1.0346294376449023
1.032340974262773
1.032340974262773
1.032340974262773
1.032340974262773
1.032340974262773
1.032340974262773
1.032340974262773
1.032340974262773
1.032340974262773
1.0317414359670607
1.0339458398542036
1.0339458398542036
1.0336056142086532
1.0336056142086532
1.0333351146723282
1.0333351146723282
1.0343565568995323
1.0352072905705951
1.0363827298277164
1.0363827298277164
1.03459879090917
1.0349116403352658
1.0345073421177782
1.0345073421177782
1.0308352225901627
1.0305940239889646
1.0303646774737738
1.03012105011464
1.03012105011464
1.032819194099719
1.0365184882886525
1.0365184882886525
1.0365184882886525
1.0365184882886525
1.0365184882886525
1.0355558438385553
1.0324405519753108
1.0324405519753108
1.0324405519753108
1.031112129989011
1.0304558253830176
1.0304140222569285
1.0304140222569285
1.0304140222569285
1.0304140222569285
1.0285002398234497
1.0285002398234497
1.0290941043250486
1.0290941043250486
1.0298885165894134
1.0298885165894134
1.0302701582160478
1.0302701582160478
1.0297899232445753
1.0297899232445753
1.0297899232445753
1.0297899232445753
1.0297899232445753
1.0318252916468924
1.0326135754542558
1.0327942022706633
1.0327942022706633
1.0327942022706633
1.0355416564058726
1.0355416564058726
1.0355416564058726
1.0361942743310975
1.0361942743310975
1.0361942743310975
1.0385970179842317
1.0385970179842317
1.0385970179842317
1.0385970179842317
1.0394259018846799
1.0381760291117876
1.0381760291117876
1.0381760291117876
1.0381760291117876
1.0381760291117876
1.0381760291117876
1.0370838274916
1.0345973394281234
1.0345973394281234
1.0345973394281234
1.034236181364964
1.0342701330703705
1.0342701330703705
1.0342701330703705
1.0342701330703705
1.0342701330703705
1.0342701330703705
1.0335341326739464
1.0353960234965858
1.0353960234965858
1.0353960234965858
1.0353960234965858
1.0367846330601416
1.0349940676447855
1.0349940676447855
1.0349940676447855
1.0349940676447855
1.0348100510337115
1.0364109521369969
1.034344573547114
1.031427921998832
1.0326339419889599
1.0330035444626038
1.0330035444626038
1.0330035444626038
1.0330035444626038
1.0330035444626038
1.0330035444626038
1.0330035444626038
1.0330035444626038
1.0330035444626038
1.0330035444626038
1.0330035444626038
1.033141268896587
1.033141268896587
1.033141268896587
1.033141268896587
1.033141268896587
1.0351336707341712
1.0364909125503512
1.0364909125503512
1.0364909125503512
1.0364909125503512
1.035876547178821
1.035876547178821
1.035876547178821
1.037012795886375
1.037012795886375
1.037012795886375
1.03365676446577
1.03383384000612
1.03383384000612
1.03383384000612
1.03383384000612
1.0335908927531547
1.0335908927531547
1.0304721472140272
1.0346612214796953
1.0346612214796953
1.034752676409616
1.0344672889578215
1.0344672889578215
1.0344672889578215
1.0344672889578215
1.0350097867198378
1.0350097867198378
1.0350097867198378
1.0350097867198378
1.0343934751879167
1.0343934751879167
1.0343934751879167
1.0343934751879167
1.0343934751879167
1.033143963068929
1.033143963068929
1.033143963068929
1.0316029140441159
1.0316797413831365
1.0316797413831365
1.0316797413831365
1.0316797413831365
1.032206622076632
1.0343982021155018
1.0343982021155018
1.0349623179754837
1.03316324739968
1.03316324739968
1.0323043390502138
1.0332799682183762
1.0332799682183762
1.0332799682183762
1.0332799682183762
1.0327276413771151
1.0327276413771151
1.0327276413771151
1.0327276413771151
1.0327276413771151
1.0327276413771151
1.0327276413771151
1.0365003944819902
1.0351095640581518
1.0351095640581518
1.0371929259861785
1.0355857037435827
1.0357734434207568
1.0357734434207568
1.0357734434207568
1.0355618156294684
1.0373025485886407
1.0371989000744644
1.0371989000744644
1.0371989000744644
1.0371989000744644
1.0371989000744644
1.0371989000744644
1.0363710186023884
1.0369534414698691
1.0369534414698691
1.0386914362110233
1.0376853584020296
1.0376853584020296
1.0333633763703673
1.0375546588623492
1.0372037411341155
1.0372037411341155
1.038029842601784
1.038029842601784
1.038029842601784
1.038029842601784
1.038029842601784
1.038029842601784
1.038029842601784
1.038029842601784
1.0368535766533276
1.0344761643821394
1.0344761643821394
1.0354198980992986
1.0354198980992986
1.036017373533411
1.036017373533411
1.0363403383559053
1.0363403383559053
1.0363403383559053
1.0340268680813174
1.033087540539526
1.033087540539526
1.0371572833391596
1.0371572833391596
1.03480626379738
1.03480626379738
1.0362344918471527
1.0362344918471527
1.0362898886593181
1.0362898886593181
1.0362898886593181
1.0362898886593181
1.033199393351148
1.033527684156889
1.033527684156889
1.032490874411535
1.032490874411535
1.032490874411535
1.032490874411535
1.032490874411535
1.032490874411535
1.032490874411535
1.032490874411535
1.032490874411535
1.0329075035788808
1.0329075035788808
1.0329075035788808
1.0329075035788808
1.0329075035788808
1.0329075035788808
1.0329075035788808
1.0329075035788808
1.034749256310378
1.0350529596315916
1.0350529596315916
1.0350529596315916
1.0353229197471645
1.036066261738441
1.036066261738441
1.036066261738441
1.036066261738441
1.0356396322324641
1.0356396322324641
1.0356396322324641
1.0356396322324641
1.0356396322324641
1.0361261586485986
1.035767930209782
1.035767930209782
1.0351829074906005
1.0351829074906005
1.0351829074906005
1.0351829074906005
1.0351829074906005
1.0351189064209363
1.0351189064209363
1.0351189064209363
1.0334149081365855
1.0334149081365855
1.030534647569254
1.030534647569254
1.030534647569254
1.030534647569254
1.030534647569254
1.0295819674213
1.0341113593682814
1.0348206594018907
1.0348206594018907
1.0340071830446835
1.0358891890017643
1.035121958308034
1.036295142055133
1.036295142055133
1.0364302981572708
1.0364302981572708
1.0364302981572708
1.0364302981572708
1.0364302981572708
1.0364302981572708
1.0364302981572708
1.0383404672696914
1.0393871582752312
1.036274897191732
1.0358896994709856
1.0347326444939242
1.0348866198683093
1.0348866198683093
1.0348866198683093
1.0348866198683093
1.0352513872036075
1.0352513872036075
1.0382526178107778
1.0382526178107778
1.0382526178107778
1.0386352238690602
1.0386352238690602
1.0379461337218596
1.0389542977346216
1.0389542977346216
1.0383065306097654
1.0378269035773355
1.0378269035773355
1.0378269035773355
1.0378269035773355
1.0378269035773355
1.0378269035773355
1.0378269035773355
1.036953894897948
1.036953894897948
1.036953894897948
1.036953894897948
1.036953894897948
1.036953894897948
1.036953894897948
1.0366912425923316
1.0347654429189013
1.035625509859763
1.03534019842034
1.03534019842034
1.03486368507319
1.03486368507319
1.03486368507319
1.03486368507319
1.03486368507319
1.03486368507319
1.0357682167239657
1.0357682167239657
1.0340010949659155
1.0336090997864291
1.0336090997864291
1.0336090997864291
1.0336090997864291
1.0336090997864291
1.0343193578864232
1.0344518911441516
1.0344518911441516
1.0361011037007926
1.035624211513386
1.035624211513386
1.035624211513386
1.0353815491141949
1.034769337709234
1.034769337709234
1.034769337709234
1.034769337709234
1.034769337709234
1.035293125664643
1.033695062413281
1.034786836524808
1.034786836524808
1.034786836524808
1.034786836524808
1.034786836524808
1.0326070712067128
1.0326070712067128
1.0326070712067128
1.0326070712067128
1.0327747921493906
1.0327747921493906
1.0327747921493906
1.0327747921493906
1.030107086601303
1.030107086601303
1.030107086601303
1.0300764700623886
1.033624169706328
1.032005824211601
1.033186756396195
1.033186756396195
1.0360070504800574
1.0331990576158931
1.0331990576158931
1.033068005169083
1.0335003306007196
1.0322524925179455
1.0322524925179455
1.032780862989592
1.0352633737351948
1.0344716549971695
1.0344716549971695
1.0344716549971695
1.0344716549971695
1.0344716549971695
1.0344372915742042
1.0344372915742042
1.0360037147021706
1.0360037147021706
1.0360037147021706
1.0360037147021706
1.0390778173174255
1.0383477697997259
1.0358360175293961
1.0358360175293961
1.0358360175293961
1.0358360175293961
1.0357623127886872
1.0340688209731366
1.0338717793304741
1.0338717793304741
1.0340485094537983
1.0340485094537983
1.0357251826433358
1.0331542013755397
1.0331542013755397
1.0331542013755397
1.0331542013755397
1.0331542013755397
1.0331542013755397
1.0334175414037015
1.0323076111004976
1.0323076111004976
1.0367508876502445
1.0355048659609312
1.03543070513573
1.0350985020535612
1.0351541750698763
1.0319860249588522
1.0319860249588522
1.0319860249588522
1.0319860249588522
1.0319860249588522
1.0308960981092714
1.0308960981092714
1.0309182175429303
1.0309182175429303
1.0321417789440581
1.0321417789440581
1.033454482819081
1.0326554488765658
1.032857128658142
1.0342584357926063
1.0342584357926063
1.0341511350902968
1.0353345918563102
1.0362962330283045
1.0366828151664091
1.0366828151664091
1.0366828151664091
1.0366828151664091
1.0366828151664091
1.0366828151664091
1.0366828151664091
1.0364142935830138
1.0364142935830138
1.0364142935830138
1.0370965012480238
1.0370965012480238
1.0370537571033873
1.0370537571033873
1.0382097697640413
1.0382097697640413
1.0382097697640413
1.0382097697640413
1.0382097697640413
1.0382097697640413
1.0382097697640413
1.0372778181484674
1.0372778181484674
1.0372778181484674
1.0372778181484674
1.0372778181484674
1.0372778181484674
1.0361040518384481
1.0361040518384481
1.0361040518384481
1.0361040518384481
1.0361040518384481
1.0361040518384481
1.0365536773003945
1.0334076416595743
1.0334076416595743
1.0357077158454808
1.0357077158454808
1.0357077158454808
1.0361493193135762
1.0350615764980633
1.0322410445549146
1.0322410445549146
1.0322410445549146
1.0322410445549146
1.0322410445549146
1.0322410445549146
1.0319658747123848
1.0319658747123848
1.0333916901591502
1.0333916901591502
1.032885888284146
1.032885888284146
1.032885888284146
1.032885888284146
1.032885888284146
1.032885888284146
1.033805791580799
1.0338899644582937
1.0338090181076565
1.0338090181076565
1.0338090181076565
1.0326873221373505
1.0326873221373505
1.0342167539308016
1.0342167539308016
1.0342167539308016
1.0327703324978321
1.0327703324978321
1.03745954405383
1.03745954405383
1.03745954405383
1.0375723861473563
1.0386917954767785
1.0383017386695306
1.0383017386695306
1.0383017386695306
1.0394804956971475
1.0394804956971475
1.0394804956971475
1.0377164415191897
1.0377164415191897
1.0377164415191897
1.0381818713168947
1.0381818713168947
1.0375626139776564
1.0375626139776564
1.0416343599399387
1.0410515038375892
1.0397752516559668
1.0397386474096924
1.0397386474096924
1.0367545314963866
1.0367545314963866
1.0367545314963866
1.0367545314963866
1.0371767135600778
1.0385096973942565
1.039183551688742
1.039183551688742
1.039183551688742
1.039183551688742
1.039183551688742
1.039183551688742
1.039183551688742
1.039183551688742
1.0380583896129871
1.0380583896129871
1.0372289546810802
1.0372289546810802
1.0372289546810802
1.0375814078067334
1.0375814078067334
1.036909491007628
1.036909491007628
1.036909491007628
1.0372475421186456
