1.0733909482100894
1.0733909482100894
1.0733909482100894
1.0733909482100894
1.0733909482100894
1.0733909482100894
1.0733909482100894
1.0733909482100894
1.0733909482100894
1.0733909482100894
1.0733909482100894
1.0733909482100894
1.0733909482100894
1.0733909482100894
1.0733909482100894
1.0733909482100894
1.0733909482100894
1.0733909482100894
1.0733909482100894
1.0733909482100894
1.0733909482100894
1.0733909482100894
1.0733909482100894
1.0733909482100894
1.0733909482100894
1.0733909482100894
1.0733909482100894
1.0733909482100894
1.0733909482100894
1.0733909482100894
1.0733909482100894
1.0733909482100894
1.0733909482100894
1.0733909482100894
1.0733909482100894
1.0733909482100894
1.0733909482100894
1.0733909482100894
1.0733909482100894
1.0733909482100894
1.0733909482100894
1.0733909482100894
1.0733909482100894
1.0733909482100894
1.0733909482100894
1.0733909482100894
1.0733909482100894
1.0733909482100894
1.0733909482100894
1.0733909482100894
1.0733909482100894
1.0733909482100894
1.0733909482100894
1.0733909482100894
1.0733909482100894
1.0733909482100894
1.0733909482100894
1.0733909482100894
1.0733909482100894
1.0733909482100894
1.0733909482100894
1.0733909482100894
1.0733909482100894
1.0733909482100894
1.0733909482100894
1.0733909482100894
1.0733909482100894
1.0733909482100894
1.0733909482100894
1.0733909482100894
1.0733909482100894
1.0733909482100894
1.0733909482100894
1.0733909482100894
1.0733909482100894
1.0733909482100894
1.0733909482100894
1.0733909482100894
1.0733909482100894
1.0733909482100894
1.0733909482100894
1.0733909482100894
1.0733909482100894
1.0733909482100894
1.0733909482100894
1.0733909482100894
1.0733909482100894
1.0733909482100894
1.0733909482100894
1.0733909482100894
1.0733909482100894
1.0733909482100894
1.0733909482100894
1.0733909482100894
1.0733909482100894
1.0733909482100894
1.0733909482100894
1.0733909482100894
1.0733909482100894
1.0733909482100894
1.0733909482100894
1.0733909482100894
1.0716486075289056
1.0716486075289056
1.0716486075289056
1.0705378276664705
1.0705378276664705
1.0666398632222949
1.0619222325153812
1.056154076076535
1.056154076076535
1.0551105393704885
1.0529377658369683
1.0512559677071334
1.0512559677071334
1.0507841592962708
1.0507841592962708
1.0507841592962708
1.0509654881253612
1.0509654881253612
1.0509654881253612
1.0509654881253612
1.045660370936476
1.045660370936476
1.042667031353
1.042667031353
1.0405528780640085
1.0395918889311657
1.0391747388218606
1.0391747388218606
1.0391747388218606
1.0359169654675104
1.0354068532848169
1.0354068532848169
1.0354068532848169
1.0354068532848169
1.0354068532848169
1.031863805700683
1.031863805700683
1.0320172882820136
1.0318116593804776
1.0318116593804776
1.0330621723176512
1.0318360800579247
1.0318360800579247
1.0338927761158399
1.035892261130992
1.033031890751789
1.0329825281836569
1.0329825281836569
1.0329825281836569
1.0329825281836569
1.031118734776155
1.031118734776155
1.031118734776155
1.031118734776155
1.0312658753916328
1.0312658753916328
1.0312658753916328
1.0312658753916328
1.0312658753916328
1.0312658753916328
1.0312658753916328
1.0312658753916328
1.0312658753916328
1.0287344979494464
1.0279874416513857
1.0279874416513857
1.0279874416513857
1.0279874416513857
1.0279874416513857
1.0279874416513857
1.0279874416513857
1.0294957697655385
1.0306439187472052
1.0306439187472052
1.0306439187472052
1.0306439187472052
1.0309985933026888
1.0309985933026888
1.028485907254451
1.0292211595902554
1.0310355855611577
1.0310355855611577
1.0310355855611577
1.0310355855611577
1.032742150895531
1.031956735457215
1.031956735457215
1.031956735457215
1.031956735457215
1.0317371500909698
1.0317371500909698
1.0317371500909698
1.030985752265349
1.030985752265349
1.030985752265349
1.030985752265349
1.030985752265349
1.03191282904109
1.0316775773369382
1.0288908647991422
1.0295236930228353
1.0295236930228353
1.0295236930228353
1.0280149734292339
1.0280149734292339
1.028762772574538
1.0315775524196997
1.0315775524196997
1.0315775524196997
1.0315775524196997
1.0315775524196997
1.031874549315309
1.031874549315309
1.0314643655070368
1.0314643655070368
1.030549949458973
1.0287272168640502
1.0283415854681845
1.030937770951799
1.030937770951799
1.030937770951799
1.0310199938222007
1.0310199938222007
1.0346536790505783
1.0365099386797492
1.0365099386797492
1.0365099386797492
1.0365099386797492
1.0312316181372092
1.0312316181372092
1.032110561320148
1.032110561320148
1.032110561320148
1.032110561320148
1.032110561320148
1.032110561320148
1.032110561320148
1.032110561320148
1.032110561320148
1.032110561320148
1.0317193091269417
1.0310801337496087
1.0310801337496087
1.0310801337496087
1.0312627162873615
1.0312627162873615
1.0325955013770247
1.0324843385830644
1.0324843385830644
1.0324843385830644
1.031009077551739
1.031009077551739
1.0328667934104303
1.036799219026899
1.036799219026899
1.0353728168545795
1.0353728168545795
1.0353728168545795
1.0353728168545795
1.0340743740228606
1.0340743740228606
1.0340743740228606
1.0340743740228606
1.0326830244611251
1.0326830244611251
1.03314240092362
1.0322329491763818
1.0322329491763818
1.0322329491763818
1.0322329491763818
1.0322329491763818
1.0322329491763818
1.0322329491763818
1.0303050889167802
1.0303050889167802
1.029681091494935
1.029681091494935
1.029681091494935
1.029681091494935
1.029681091494935
1.0284779063087874
1.0284779063087874
1.0284976540976454
1.0295298566104425
1.0295298566104425
1.0291433078745869
1.0291433078745869
1.0291433078745869
1.029714113651948
1.029714113651948
1.029714113651948
1.029714113651948
1.029714113651948
1.029714113651948
1.029714113651948
1.029714113651948
1.0293153865844558
1.0293153865844558
1.031592844701145
1.031592844701145
1.031592844701145
1.031592844701145
1.0311815435516345
1.0311815435516345
1.0311815435516345
1.0311815435516345
1.0317838197880094
1.0317838197880094
1.0262670458924792
1.0262670458924792
1.0255611121226316
1.0255611121226316
1.0255611121226316
1.027241417389984
1.027241417389984
1.027241417389984
1.028399221923826
1.028399221923826
1.0280034530146047
1.0264727593544947
1.0264727593544947
1.0291151141008292
1.0291151141008292
1.028724193174318
1.0264539670794648
1.0264539670794648
1.0284231817229428
1.0284231817229428
1.0290260254805559
1.0290260254805559
1.0290260254805559
1.0290260254805559
1.0290260254805559
1.0280959515370502
1.0280959515370502
1.0271313212796558
1.0271313212796558
1.0272968564603853
1.0284482133067845
1.0284482133067845
1.0275724191284743
1.0275724191284743
1.0262363713543656
1.0275771437625154
1.0275771437625154
1.0275771437625154
1.0271674991790116
1.028825748913788
1.028825748913788
1.028825748913788
1.0296925043002758
1.0296925043002758
1.0297756400248896
1.0297756400248896
1.0297756400248896
1.0297756400248896
1.0297756400248896
1.0297756400248896
1.0297756400248896
1.0293239053214758
1.0293239053214758
1.0286527176876517
1.030672171113379
1.030672171113379
1.030672171113379
1.030672171113379
1.030793439735551
1.030793439735551
1.030793439735551
1.0286011425547408
1.0286011425547408
1.0286011425547408
1.0286011425547408
1.0286011425547408
1.0286011425547408
1.0285564279116182
1.029752752426878
1.029752752426878
1.029752752426878
1.0306725528022382
1.0306725528022382
1.029298985703132
1.029298985703132
1.024034702863984
1.024034702863984
1.024034702863984
1.024034702863984
1.024034702863984
1.0240829478629132
1.0240829478629132
1.0238415165950316
1.0238415165950316
1.024113511346481
1.024113511346481
1.0242016405588517
1.0242016405588517
1.026238533059042
1.025418466661435
1.025418466661435
1.0280107412513795
1.0280107412513795
1.0281876007704545
1.0285968102216292
1.0252458709952892
1.0261881858448008
1.0261881858448008
1.0243357522621026
1.0243357522621026
1.0235203230684655
1.0230335685716763
1.0230335685716763
1.0230335685716763
1.0230335685716763
1.0249079904362246
1.0238799735566835
1.0235314246406881
1.0244508911925232
1.025541813177569
1.0299361959175433
1.028747396113168
1.0297907235733823
1.0297907235733823
1.0295907885115032
1.0295907885115032
1.0295907885115032
1.0304111103900524
1.0304111103900524
1.0304111103900524
1.0304111103900524
1.0304111103900524
1.0304111103900524
1.0299091126428759
1.029660975893126
1.029660975893126
1.029660975893126
1.029660975893126
1.029660975893126
1.027670352057007
1.0283878144108634
1.0284717579570621
1.027609545104254
1.027609545104254
1.026288497213152
1.026288497213152
1.026288497213152
1.026288497213152
1.0255851662768147
1.0255851662768147
1.0255851662768147
1.0271044058559127
1.026162274495056
1.026162274495056
1.024947716000032
1.024947716000032
1.024947716000032
1.0236509558511109
1.0236509558511109
1.0223608657183345
1.0223608657183345
1.0223608657183345
1.0223608657183345
1.02190090245468
1.0216969085229601
1.0216969085229601
1.0216969085229601
1.0216969085229601
1.020808251673437
1.020808251673437
1.020808251673437
1.0216737948127201
1.0216737948127201
1.022023585136238
1.0208080181483665
1.0200783947844443
1.0200783947844443
1.0177702177678718
1.0177702177678718
1.0177702177678718
1.0181311485396074
1.0184957365160938
1.0184957365160938
1.0186229476932078
1.0211973127397662
1.0231641572629664
1.0221922848081393
1.0212321565724736
1.0195031842854536
1.023002356700996
1.0236500022340393
1.0254213124293805
1.0207597949342373
1.0207597949342373
1.0215207344786108
1.0226298872046513
1.0226298872046513
1.0226298872046513
1.0242918103452476
1.0242918103452476
1.0242918103452476
1.0242918103452476
1.0242918103452476
1.0242918103452476
1.0242918103452476
1.0242918103452476
1.0242918103452476
1.0227616820679353
1.0227616820679353
1.0242293422865538
1.0242293422865538
1.0218822537459695
1.0218822537459695
1.0218822537459695
1.0218822537459695
1.020182700423654
1.020182700423654
1.020182700423654
1.020182700423654
1.021375067988093
1.021375067988093
1.021375067988093
1.021375067988093
1.021375067988093
1.021375067988093
1.021375067988093
1.02071782956498
1.019403075304427
1.0204343136013116
1.0195630404457525
1.0194202707660882
1.0194202707660882
1.019047348803864
1.021334148843952
1.021334148843952
1.021334148843952
1.0205835387581197
1.0205835387581197
1.0248831250169774
1.0248831250169774
1.0248831250169774
1.0248831250169774
1.0251709638777704
1.0248657945469588
1.022995942602231
1.0251980656901272
1.0251980656901272
1.0251980656901272
1.0231458420763795
1.0231458420763795
1.0231458420763795
1.0231458420763795
1.0245505245045463
1.0236165490845008
1.0240843488572717
1.0245321743627558
1.0245321743627558
1.0245321743627558
1.0245321743627558
1.0229724086745984
1.024381462304646
1.024664090221234
1.024664090221234
1.024341545054179
1.0237198828094993
1.0237198828094993
1.0246709937243146
1.0246709937243146
1.0247417300619523
1.0247417300619523
1.0247417300619523
1.0247417300619523
1.0247492197809673
1.0247492197809673
1.0247492197809673
1.0247492197809673
1.0247492197809673
1.0250174380204782
1.0250174380204782
1.028082235953447
1.028082235953447
1.028082235953447
1.0277049324401701
1.0274700431967583
1.0273757210518548
1.0273757210518548
1.0273757210518548
1.0273757210518548
1.0281533304284856
1.0273599725900828
1.026669370201917
1.0273745328026762
1.0277504202691141
1.0277504202691141
1.0277504202691141
1.0277504202691141
1.0258660219753628
1.025409423456076
1.0262706634354908
1.0262706634354908
1.0262706634354908
1.0262706634354908
1.02646872222123
1.02646872222123
1.0289902086934128
1.0289902086934128
1.0293234187658225
1.0317878378772838
1.0317878378772838
1.0311074267968867
1.0311074267968867
1.0297779095495614
1.0279163308043935
1.0279163308043935
1.0279163308043935
1.0279163308043935
1.0279163308043935
1.0279163308043935
1.0279163308043935
1.0279163308043935
1.0279163308043935
1.0288172923249288
1.0288172923249288
1.0288172923249288
1.0288172923249288
1.0287098923064977
1.0287098923064977
1.0287098923064977
1.0287098923064977
1.0287098923064977
1.0287098923064977
1.0287098923064977
1.0273037417550492
1.0273037417550492
1.0273037417550492
1.0303317375998478
1.0303317375998478
1.02985440337546
1.0318723948209207
1.0318723948209207
1.0300090983190127
1.0300090983190127
1.0284705728456753
1.0268871508667186
1.0268871508667186
1.0268871508667186
1.0268871508667186
1.0288445071013488
1.0288445071013488
1.0288445071013488
1.0304626192561799
1.0297956400909751
1.0303161846445847
1.0303161846445847
1.0312775198725679
1.0312775198725679
1.0312775198725679
1.0312775198725679
1.0312775198725679
1.0294704362932634
1.0294704362932634
1.0299901711408932
1.0299901711408932
1.0299901711408932
1.0299901711408932
1.0293098553726039
1.0293098553726039
1.0293098553726039
1.0293098553726039
1.0293098553726039
1.031772659316661
1.0312398199421173
1.0312398199421173
1.0312398199421173
1.0322713963251156
1.0322713963251156
1.0322713963251156
1.0322713963251156
1.0315421664016349
1.032155212621834
1.032155212621834
1.032155212621834
1.0288903791209836
1.031434212815355
1.0308585694304073
1.0319925176127192
1.0319925176127192
1.0319925176127192
1.0315403372476404
1.0315403372476404
1.030099405905441
1.0303788511750576
1.0303788511750576
1.0303788511750576
1.0281865588142927
1.0272779493696993
1.0272779493696993
1.0272779493696993
1.0267894739062315
1.0292653023401466
1.0288300885167367
1.0288300885167367
1.0299267685944542
1.0299267685944542
1.0299267685944542
1.0299267685944542
1.0301399753857505
1.0301399753857505
1.029466368607665
1.0291305817118483
1.0291305817118483
1.0275405813569176
1.0275405813569176
1.0251365411741493
1.0247711108989275
1.0247711108989275
1.0247711108989275
1.0247711108989275
1.0247711108989275
1.0247711108989275
1.0253309282840222
1.0254170131349685
1.0254170131349685
1.0252097157254583
1.0252097157254583
1.0224489538253632
1.0256292983879438
1.0273095328902402
1.0273095328902402
1.0273095328902402
1.0275749466151027
1.0275749466151027
1.0275749466151027
1.0275749466151027
1.0275749466151027
1.02627318213739
1.024850413117007
1.024850413117007
1.024850413117007
1.0261013918574635
1.0269089691370283
1.0269089691370283
1.0253475537826684
1.0253475537826684
1.0268124620163706
1.0268124620163706
1.0256353145851826
1.0257811626209297
1.0267884647457801
1.0267884647457801
1.0298553367076952
1.0298553367076952
1.0298553367076952
1.0278087043961868
1.0278087043961868
1.0257785482416657
1.0257785482416657
1.0277335247211339
1.0277335247211339
1.0290656613982878
1.0314324230267846
1.0314324230267846
1.0280956848936533
1.0291866785571175
1.0291866785571175
1.0297933968886772
1.0297933968886772
1.028979806548573
1.0302084836066043
1.0302084836066043
1.0302084836066043
1.0302084836066043
1.0287763082376802
1.0287763082376802
1.0287763082376802
1.0302143555465437
1.0302143555465437
1.031506098345825
1.031506098345825
1.031506098345825
1.031751669679959
1.0287765382851592
1.0274876005404912
1.0274876005404912
1.0277054641541807
1.0263906767431892
1.025667149474372
1.0210547276291968
1.0227874921536702
1.0234601845455131
1.0234601845455131
1.02796701343486
1.0265163940346822
1.0290111685239802
1.0305220744481847
1.0260585711488128
1.0260585711488128
1.0270582662851897
1.0270582662851897
1.0270582662851897
1.0270582662851897
1.0270582662851897
1.0281312289002695
1.0281312289002695
1.0281312289002695
1.0281312289002695
1.0265764155292565
1.0270465135749438
1.0270465135749438
1.0270465135749438
1.0270465135749438
1.0270465135749438
1.0270465135749438
1.0270465135749438
1.0270465135749438
1.0266454793082782
1.030850061221624
1.030850061221624
1.0297660874825711
1.0297660874825711
1.0297660874825711
1.0297660874825711
1.0297660874825711
1.0301968501482839
1.0301968501482839
1.0301968501482839
1.0301968501482839
1.0310830826729855
1.0310830826729855
1.0267766292113483
1.0267766292113483
1.0265708467296573
1.0278078942802027
1.0278078942802027
1.0278078942802027
1.0278078942802027
1.0278078942802027
1.0240218483726042
1.0240218483726042
1.0240218483726042
1.0283280573027662
1.0283280573027662
1.0274002798283741
1.0274002798283741
1.0274002798283741
1.0275775467511632
1.0275775467511632
1.0275775467511632
1.0275775467511632
1.0280702148628673
1.0280702148628673
1.0280702148628673
1.0280702148628673
1.0280702148628673
1.0280702148628673
1.0291218363724797
1.0278304302774137
1.0278304302774137
1.0278304302774137
1.0278304302774137
1.0278304302774137
1.0250485296309582
1.0250485296309582
1.0264889631841974
1.0264889631841974
1.028322325406766
1.028322325406766
1.028322325406766
1.028322325406766
1.0275923499988517
1.0267885873510518
1.0267885873510518
1.0250447456262897
1.0250447456262897
1.0265830855179572
1.0265830855179572
1.0265830855179572
1.0265830855179572
1.0265830855179572
1.027239172362849
1.027239172362849
1.027239172362849
1.0255177110067575
1.0255177110067575
1.0248871332235356
1.0248871332235356
1.0248871332235356
1.0248871332235356
1.0248871332235356
1.0259423184850867
1.0259423184850867
1.0284011943596547
1.0284011943596547
1.0284011943596547
1.0262698723694925
1.0235012840893531
1.02636609513411
1.0291212073454834
1.0291212073454834
1.0289966381725766
1.0289966381725766
1.030895636739191
1.0294318504231528
1.0294318504231528
1.0294318504231528
1.0294318504231528
1.0294318504231528
1.0301442621533086
1.032007933063862
1.032007933063862
1.0287416944886991
1.0283838537470193
1.0283838537470193
1.0283838537470193
1.0283838537470193
1.0318319490602457
1.0318319490602457
1.0313248104818928
1.0313248104818928
1.0307363628832564
1.0299425843679275
1.0300218355695399
1.0305424599883606
1.0305424599883606
1.0305424599883606
1.0308426575799101
1.0308426575799101
1.0322860441308208
1.031612335446509
1.031612335446509
1.031612335446509
1.031612335446509
1.0314758330881044
1.0337340578449081
1.0311109394850297
1.0311109394850297
1.0293019343761765
1.0293019343761765
1.0295134108823119
1.0280620360134805
1.0280620360134805
1.0268791184811883
1.0268142723788496
1.0268142723788496
1.0268142723788496
1.0268142723788496
1.0268142723788496
1.0268142723788496
1.0268142723788496
1.0267970775742743
1.0267970775742743
1.0263655308814954
1.027132382750287
1.027992142738722
1.027992142738722
1.029024327694169
1.029024327694169
1.0308698334547775
1.0308698334547775
1.0314201787217778
1.0314201787217778
1.0302438613294909
1.0303727191274308
1.0303727191274308
1.0307480395824038
1.0299266793915272
1.0282482403017528
1.0282482403017528
1.0296402154762885
1.0287882216431379
1.0287882216431379
1.0287882216431379
1.0280617128342309
1.0290854196933468
1.0290854196933468
1.0284084351181424
1.0284084351181424
1.030242171656053
1.0315303475091941
1.0315303475091941
1.0315303475091941
1.0305515482982608
1.0305515482982608
1.0305515482982608
1.0315351429354596
1.0315351429354596
1.0312801958732891
1.0330369787033489
1.0325043681917643
1.0325043681917643
1.0325043681917643
1.0325043681917643
1.0295294585825943
1.0279730471536168
1.0289409259607405
1.0306366194349579
1.0306366194349579
1.0306366194349579
1.0306366194349579
1.0312674428968553
1.0312674428968553
1.0312674428968553
1.0312674428968553
1.0312674428968553
1.0312674428968553
1.0318687245881293
1.0318687245881293
1.0318687245881293
1.0318687245881293
1.0318687245881293
1.0318687245881293
1.0318687245881293
1.0304272604673754
1.0304272604673754
1.0304272604673754
1.0304272604673754
1.0312620671565276
1.0312620671565276
1.0312620671565276
1.0312620671565276
1.03092336805799
1.03092336805799
1.0286393782696637
1.0286393782696637
1.0286393782696637
1.0283569730696285
1.028925781662456
1.0273913925572313
1.0273913925572313
1.0287542716171343
1.029137709345879
1.029137709345879
1.029137709345879
1.0287373481796604
1.0283762825944085
1.029038577831931
1.029038577831931
1.0299908573133727
1.0299908573133727
1.0299908573133727
1.0293366999457993
1.0293366999457993
1.0293366999457993
1.0293366999457993
1.0293366999457993
1.0293366999457993
1.0293366999457993
1.0296075052325937
1.0296075052325937
1.0290825102852632
1.0290825102852632
1.0302855268452957
1.029101904939214
1.029101904939214
1.029101904939214
1.0291296318367236
1.0261073874514022
1.0261073874514022
1.0261073874514022
1.0261073874514022
1.0261073874514022
1.0232746214171504
1.0232746214171504
1.0226348002951209
1.024300706528367
1.023777386917929
1.023777386917929
1.023777386917929
1.023777386917929
1.0235903947272267
1.024746508918991
1.024746508918991
1.024746508918991
1.0238660833898672
1.0238660833898672
1.0219617162557784
1.0219617162557784
1.0233223611154614
1.0233223611154614
1.0233223611154614
1.0233223611154614
1.0233223611154614
1.0233223611154614
1.0233223611154614
1.020673994045634
1.020673994045634
1.020673994045634
1.020673994045634
1.020159523847712
1.020159523847712
1.020159523847712
1.0197440633550072
1.0221835405738646
1.0221835405738646
1.0243951486633316
1.0243951486633316
1.0223874636988413
1.0223874636988413
1.0223874636988413
1.0223874636988413
1.0223874636988413
1.0223874636988413
1.025941445355236
1.0253472375117827
1.0253472375117827
1.026199706628948
1.0267256334616486
1.0271120612115365
1.0271120612115365
1.0271120612115365
1.0271120612115365
1.0275354234775156
1.0275354234775156
1.028944471581979
1.028944471581979
1.028944471581979
1.028944471581979
1.028944471581979
1.0284844645340414
1.0264633547703286
1.0244082054434482
1.0244082054434482
1.0244082054434482
1.0247487955873353
1.0247487955873353
1.0247487955873353
1.0242231922478409
1.0223253729756894
1.0247066026326435
1.0247066026326435
1.022387780545075
1.022387780545075
1.022387780545075
1.0251248801580626
1.0251248801580626
1.0255677325785344
1.0255677325785344
1.0255677325785344
1.027585133292924
1.027585133292924
1.027585133292924
1.027585133292924
1.027585133292924
1.027585133292924
1.0263306650180735
1.0256411809938089
1.0248413828536822
1.0248413828536822
1.024001816890915
1.024001816890915
1.024001816890915
1.022808022686045
1.0247645573470252
1.0250561433118184
1.0250561433118184
1.0250561433118184
1.0250561433118184
1.0250561433118184
1.02472319161062
1.0249355429728644
1.0249355429728644
1.0249355429728644
1.0210310902009916
1.0210310902009916
1.0210310902009916
1.0210310902009916
1.0210310902009916
1.0224258335352994
1.0231193332096593
1.0231193332096593
1.0231193332096593
1.0231193332096593
1.0231193332096593
1.0231193332096593
1.0231193332096593
1.0249920740876386
1.0248039454401758
1.0248039454401758
1.0248039454401758
1.0259835671928117
1.0259835671928117
1.0259835671928117
1.0259835671928117
1.0259835671928117
1.0259835671928117
1.0259835671928117
1.0272704429334412
1.0272704429334412
1.0272704429334412
1.0260904445513057
1.0260904445513057
1.0276514288107037
1.0276514288107037
1.0244243381399993
1.0244243381399993
1.0228851609585625
1.0228783481263093
1.0228783481263093
1.0215910516510198
1.0215910516510198
1.0228323348774433
1.024316279556572
1.0212246960127371
1.0212246960127371
1.0212246960127371
1.0212246960127371
1.021698011625931
1.020626765665727
1.018129565706079
1.0190263398297212
1.0190263398297212
1.0190263398297212
1.0190263398297212
1.0216626003211988
1.0216626003211988
1.0216626003211988
1.0216626003211988
1.0216626003211988
1.0212844667323449
1.025367248602572
1.025367248602572
1.0226790486452983
1.0278907671641968
1.0278907671641968
1.0278907671641968
1.0278907671641968
1.0265073591900515
1.0265473206022797
1.0265473206022797
1.027236230779821
1.0281732898006706
1.0281732898006706
1.0286592641385701
1.0299232802793177
1.0299232802793177
1.0299232802793177
1.0299232802793177
1.0299232802793177
1.0299232802793177
1.0299232802793177
1.0299232802793177
1.0299232802793177
1.0299232802793177
1.0299232802793177
1.028779387857138
1.028238169984339
1.028238169984339
1.028238169984339
1.0268739710196562
1.0268739710196562
1.0268739710196562
1.0256310151229677
1.0286249574793913
1.0286249574793913
1.0286249574793913
1.02763311764818
1.02763311764818
1.0272168862024338
1.0281355621779318
1.0267907085028571
1.0267907085028571
1.0246546121273206
1.025053568251684
1.0245214145069974
1.0245214145069974
1.0245214145069974
1.0245214145069974
1.0239297702436003
1.0261153987115526
1.029123588180335
1.029123588180335
1.029123588180335
1.0295870380358405
1.0295870380358405
1.0295870380358405
1.0295870380358405
1.0295870380358405
1.0295870380358405
1.0295870380358405
1.0295870380358405
1.0295870380358405
1.025905426161478
1.0251642027941679
1.0254726417556503
1.0254726417556503
1.0254726417556503
1.0254726417556503
1.025433583966326
1.025433583966326
1.025433583966326
1.0237400684600801
1.0237400684600801
1.02404014482198
1.02404014482198
1.0246289177942312
1.0246289177942312
1.0247603749389087
1.0258512344658417
1.0247784818393264
1.0247784818393264
1.0247784818393264
1.0247784818393264
1.0275568362816039
1.0275568362816039
1.0275568362816039
1.0275568362816039
1.0275568362816039
1.0275568362816039
1.0275568362816039
1.0275568362816039
1.0275568362816039
1.0268189580141582
1.0268189580141582
1.0268189580141582
1.0267194174322452
1.0267194174322452
1.0269944631781618
1.0292792437702443
1.0283410206638024
1.0296238050396413
1.0296238050396413
1.027296417339881
1.0258332226497116
1.0258332226497116
1.0240723172160942
1.0240723172160942
1.0240723172160942
1.0240723172160942
1.025512600643788
1.025512600643788
1.0257135477417976
1.025307655746733
1.025307655746733
1.0223342180807002
1.0255975249789562
1.022248435335667
1.0237747835646396
1.0233210238767658
1.0215001250425524
1.020976683182763
1.018952397094242
1.018952397094242
1.022102429404527
1.0222101781675146
1.0222101781675146
1.0222101781675146
1.0222101781675146
1.0223937249619308
1.0225457192724063
1.0226291793954072
1.0224116909400196
1.0224116909400196
1.0224116909400196
1.022728908077738
1.022728908077738
1.022728908077738
1.022728908077738
1.022728908077738
1.0214715886558317
1.0214715886558317
1.0214715886558317
1.0209675301011039
1.0209675301011039
1.0209675301011039
1.0209675301011039
1.0209675301011039
1.0186140458798063
1.0228809869221676
1.022298998535082
1.022298998535082
1.022298998535082
1.022298998535082
1.022298998535082
1.0210536401231578
1.0210536401231578
1.0210536401231578
1.0210536401231578
1.0210536401231578
1.0206395421851262
1.0210214233026715
1.022642277145529
1.0209863137888677
1.0209863137888677
1.02142334222265
1.02142334222265
1.0228355506594744
1.0228355506594744
1.0228355506594744
1.0228355506594744
1.0228355506594744
1.0232729056229448
1.0217482646698128
1.0219046054354548
1.0222908615424044
1.022682160222457
1.022682160222457
1.023693880306832
1.025079262500714
1.0266554921563793
1.0266554921563793
1.0273030463682247
1.0283935397671071
1.0283935397671071
1.0283935397671071
1.0283935397671071
1.0278610137814554
1.0278610137814554
1.0274176076730286
1.026339788515719
1.025676401818106
1.025676401818106
1.0259350599252939
1.0259350599252939
1.0259350599252939
1.0258849293216736
1.0258849293216736
1.0267034853174635
1.0267034853174635
1.0267034853174635
1.0279451374088098
1.0279451374088098
1.0265816246149715
1.028964831937592
1.0276111514685597
1.0276111514685597
1.0276111514685597
1.0276111514685597
1.0276111514685597
1.0276111514685597
1.0277850088263412
1.0277850088263412
1.0277850088263412
1.0277850088263412
1.0285347419604827
1.0285347419604827
1.0285347419604827
1.0249543012452254
1.0258318795357784
1.0258318795357784
1.026523069353638
1.0248046770504222
1.0248046770504222
1.024648416734065
1.0211579697246431
1.0211579697246431
1.0185005710442323
1.0185005710442323
1.0185005710442323
1.0205206078187365
1.0205206078187365
1.0201318874042347
1.0233770210996624
1.0233770210996624
1.0243911507315835
1.022073191439744
1.0227574268444228
1.0229609203166214
1.0229609203166214
1.0229609203166214
1.0229609203166214
1.0229609203166214
1.0209885743013771
1.0202531768335497
1.019345061332372
1.0188153461306924
1.0183346172508765
1.0167669884988746
1.0140763137678332
1.015873627108841
1.020261239523089
1.0197873778737059
1.0197873778737059
1.0167102188501587
1.021360581485598
1.0233348683355306
1.0224054755596443
1.0224054755596443
1.022247494576778
1.0214131175871901
1.0209216387518458
1.0202759163398722
1.0234686281322516
1.0234686281322516
1.0234686281322516
1.0234686281322516
1.0234686281322516
1.0234686281322516
1.0234686281322516
1.0234686281322516
1.0214541380415516
1.0233753585869612
1.0233753585869612
1.0242067094466125
1.0242067094466125
1.0232951470595075
1.0223321319608125
1.0223321319608125
1.0223321319608125
1.0223321319608125
1.020767470334521
1.0251183249570557
1.0249843663575986
1.0249843663575986
1.0233160152218517
1.0233160152218517
1.0194978737266343
1.0194978737266343
1.0213015871962996
1.0213719856433037
1.0213719856433037
1.0233859589030863
1.0233859589030863
1.0233859589030863
1.02338194772378
1.0241810357766636
1.0241810357766636
1.0249345719869818
1.0252552925436842
1.0281615337176857
1.0281615337176857
1.0281615337176857
1.0284120713041143
1.0245767614910832
1.0245767614910832
1.0245767614910832
1.0238597875806932
1.0238597875806932
1.023538824827748
1.023538824827748
1.023538824827748
1.023538824827748
1.0225955860038352
1.0230373401505988
1.0230373401505988
1.0230373401505988
1.0230373401505988
1.0230373401505988
1.0230373401505988
1.0230373401505988
1.0228915364751248
1.0228915364751248
1.0228915364751248
1.0204979103926568
1.0182926341145306
1.0227442860813654
1.022187330009237
1.022187330009237
1.022187330009237
1.022187330009237
1.022187330009237
1.0204314493398563
1.0204314493398563
1.0204314493398563
1.0212682929381935
1.0193692352104469
1.0193692352104469
1.0188401309329576
1.0203859032384297
1.0222767051790764
1.0209637694592766
1.0209637694592766
1.0209637694592766
1.0198411349041188
1.023199897286686
1.0209913674249784
1.0230036231277062
1.0230036231277062
1.020159707072221
1.0191156314513494
1.0191156314513494
1.0187403443672007
1.0190204219976626
1.0198999244033282
1.0198999244033282
1.0198999244033282
1.0184314853789203
1.0201963771103513
1.0209103700555437
1.0209103700555437
1.0232272541394052
1.0232272541394052
1.0215522927152536
1.0215522927152536
1.0215522927152536
1.0215522927152536
1.0209370798053703
1.0206858428620935
1.0212380810758828
1.0212733245908276
1.0229565073358928
1.0226353798787995
1.0221552597847818
1.0221552597847818
1.0206595403015835
1.0230123959273536
1.0230123959273536
1.0230387329196973
1.0230387329196973
1.0230387329196973
1.0218118914925243
1.0229368754520798
1.022150256359432
1.0219702496634404
1.0219702496634404
1.0210521435293611
1.0244042886210751
1.0244042886210751
1.0244042886210751
1.0244042886210751
1.0238595946398301
1.0238595946398301
1.0238595946398301
1.0238595946398301
1.0238595946398301
1.0238595946398301
1.0237091303597574
1.0237091303597574
1.0225415333138328
1.0239747428162014
1.0220930569109268
1.020266361360953
1.0224615046916508
1.0224615046916508
1.0224615046916508
1.0224615046916508
1.0224615046916508
1.0224615046916508
1.0224615046916508
1.0254957330686032
1.0246702807683856
1.0246702807683856
1.025392173985537
1.025392173985537
1.0248964252434354
1.0248964252434354
1.0248964252434354
1.0254781425134714
1.0232684001913939
1.0232684001913939
1.0232684001913939
1.0232684001913939
1.0263036931014993
1.0244937750901162
1.0244937750901162
1.0244937750901162
1.0244937750901162
1.0244937750901162
1.0244937750901162
1.0244937750901162
1.0244937750901162
1.0234833457675871
1.0256836435991548
1.0256836435991548
1.0256836435991548
1.0256836435991548
1.0256836435991548
1.0256836435991548
1.0284429350377997
1.0287761324835687
1.0291383199516146
1.0291383199516146
1.0277301246389388
1.0277301246389388
1.029424039228645
1.029424039228645
1.0257438606784135
1.0257438606784135
1.0257438606784135
1.0257438606784135
1.0259942518443195
1.0259942518443195
1.0259942518443195
1.0264082742689538
1.0239998846172516
1.0239998846172516
1.0239998846172516
1.0239998846172516
1.0249042158741561
1.0254008424317833
1.0252293763727356
1.0252293763727356
1.0275930565547235
1.0275930565547235
1.0275930565547235
1.02642204538726
1.027917923010717
1.0237931339396806
1.0245530560185567
1.0245530560185567
1.0249529487502116
1.0249529487502116
1.0249529487502116
1.0228933360001555
1.0228933360001555
1.0197339681437763
1.0197339681437763
1.0197339681437763
1.0197339681437763
1.0197339681437763
1.020208733217632
1.020208733217632
1.0214078232377732
1.0214078232377732
1.021852322289112
1.021852322289112
1.0250879199598233
1.0257501250604093
1.0257501250604093
1.0257501250604093
1.0257501250604093
1.0257501250604093
1.0271006506871625
1.0248225623208425
1.0248225623208425
1.0248225623208425
1.0248225623208425
1.0248225623208425
1.0248225623208425
1.0248225623208425
1.0248225623208425
1.0248225623208425
1.0248225623208425
1.0248225623208425
1.0248655094267782
1.0263670254840054
1.0263670254840054
1.0253044488587006
1.0266043272468401
1.0281595223170699
1.0278265260277446
1.0278265260277446
1.0294761014875833
1.0294761014875833
1.032070629764474
1.0317066120682719
1.0317066120682719
1.0317066120682719
1.0318432325923332
1.0318432325923332
1.0318432325923332
1.0318432325923332
1.031385039893955
1.031385039893955
1.031385039893955
1.0323740283292329
1.0323740283292329
1.0319828574680288
1.0306433166183246
1.0306433166183246
1.0295165385346408
1.0295165385346408
1.0295165385346408
1.0295165385346408
1.0295165385346408
1.0286779627724918
1.0268578263991432
1.0268578263991432
1.0268578263991432
1.0268578263991432
1.0268578263991432
1.0268578263991432
1.0260155453873978
1.0260155453873978
1.0280483756366674
1.0258406165916896
1.0233249323900986
1.0238042648083485
1.0238042648083485
1.0238042648083485
1.026022895423331
1.026022895423331
1.02619365188465
1.028656159211659
1.0290258624877358
1.0290258624877358
1.0290258624877358
1.0300475205644066
1.0300475205644066
1.0300475205644066
1.0283628857404647
1.0288593300997648
1.0288593300997648
1.0288593300997648
1.030132816119423
1.0287267194660128
1.0289335828105555
1.0289335828105555
1.0289335828105555
1.0289335828105555
1.0289335828105555
1.026508333438051
1.026508333438051
1.026602741395484
1.026602741395484
1.026602741395484
1.026602741395484
1.0259765145052044
1.0257322813311713
1.024456276426352
1.0240471971349578
1.024801707252046
1.0234124169243228
1.0234124169243228
1.0234124169243228
1.0234124169243228
1.0257934868164174
1.0257934868164174
1.0257934868164174
1.0255728575369163
1.0255728575369163
1.0255728575369163
1.0255728575369163
1.0249859674847153
1.0254413101774495
1.0258495153656115
1.0258495153656115
1.0258495153656115
1.0233775295736567
1.0233775295736567
1.0193794219272725
1.0224245838756598
1.0242252065489847
1.0241585512231854
1.027106080995992
1.027106080995992
1.0249208366559583
1.0249208366559583
1.0249208366559583
1.025057491916012
1.025057491916012
1.025057491916012
1.025057491916012
1.025057491916012
1.0246741934762014
1.0232119941796098
1.023185968854207
1.023331780157865
1.023331780157865
1.023787526467623
1.023787526467623
1.023787526467623
1.022588772066308
1.0230598418547814
1.0230598418547814
1.025112247543077
1.025112247543077
1.025112247543077
1.025112247543077
1.025112247543077
1.025112247543077
1.025112247543077
1.025112247543077
1.025112247543077
1.025112247543077
1.025112247543077
1.025112247543077
1.025112247543077
1.025112247543077
1.025112247543077
1.025112247543077
1.025112247543077
1.0269380471887437
1.0269380471887437
1.0269380471887437
1.0269380471887437
1.0275909989983236
1.026296493555554
1.026296493555554
1.0250040874299857
1.0250040874299857
1.0250040874299857
1.0236257333168164
1.0236257333168164
1.0236257333168164
1.023069333082438
1.0236905927804802
1.0239378694606562
1.0239378694606562
1.025968881565637
1.025968881565637
1.025968881565637
1.0257870122663657
1.0241677795438524
1.0241677795438524
1.0181268479019352
1.0181470314054406
1.0181470314054406
1.0181470314054406
1.0181470314054406
1.0175448656703279
1.0177983774064352
1.0177350539932601
1.0168018625046382
1.0169864619030686
1.0169864619030686
1.0169864619030686
1.0224512651593483
1.0216896398241548
1.0216896398241548
1.0216896398241548
1.0199801325929467
1.0231039228444585
1.0231039228444585
1.0237209526127624
1.0235962736096738
1.0235962736096738
1.0235962736096738
1.0235962736096738
1.0215669540836987
1.0215669540836987
1.0215669540836987
1.0221388339326298
1.0223476490416548
1.0223476490416548
1.0223476490416548
1.0233893877897902
1.024605587882775
1.0223427388012507
1.0231343421638284
1.022073032222338
1.022073032222338
1.022073032222338
1.022073032222338
1.022073032222338
1.0229584915999492
1.0203362665222186
1.0203362665222186
1.0203362665222186
1.021184395713566
1.0229792669801467
1.0259300236889792
1.023964190572258
1.023964190572258
1.023964190572258
1.023964190572258
1.023964190572258
1.0212774986538036
1.0213739855584514
1.0244206197319736
1.026449329616158
1.026449329616158
1.026449329616158
1.026449329616158
1.026449329616158
1.026449329616158
1.026449329616158
1.0264956299182568
1.0264956299182568
1.0264956299182568
1.0262451602093625
1.0262451602093625
1.0265504495015942
1.0302143631310994
1.0290918864264833
1.0300248982507414
1.030310173731024
1.0321226158241876
1.0321226158241876
1.0321226158241876
1.0335164765884126
1.0335164765884126
1.0335164765884126
1.0311395847122578
1.0326030409506584
1.0326030409506584
1.0326030409506584
1.0326030409506584
1.0326030409506584
1.0326030409506584
1.0326030409506584
1.030826786059822
1.030616828720605
1.030616828720605
1.030616828720605
1.0296583190616382
1.0300594829817693
1.0300594829817693
1.0283579866424486
1.026987899849519
1.026987899849519
1.026987899849519
1.026987899849519
1.0254913846384741
1.0268877014246551
1.0268877014246551
1.0268877014246551
1.0268877014246551
1.0268877014246551
1.0285464704431881
1.0285464704431881
1.0293719952610092
1.0317192760795766
1.0308622095061282
1.0308622095061282
1.0281987006331528
1.0284424444115867
1.0304816153611691
1.0304816153611691
1.029213606645969
1.029213606645969
1.029213606645969
1.0294924357328028
1.0294924357328028
1.0305706634786012
1.0305706634786012
1.0339420636404784
1.0339420636404784
1.0299787868190573
1.032168482473514
1.0293384606233786
1.0293384606233786
1.0293384606233786
1.0262931456302553
1.0260395980428016
1.0229672244550578
1.0205769197405665
1.0205769197405665
1.0180624281559838
1.0180624281559838
1.0165946307784168
1.0180732849506917
1.0180732849506917
1.0184213808363833
1.020722871424136
1.020722871424136
1.020722871424136
1.020722871424136
1.0194336014030059
1.0230157806505868
1.0230157806505868
1.0230157806505868
1.0214089090948117
1.0265894376028013
1.0265894376028013
1.0258308344430027
1.0258308344430027
1.0263283724302785
1.0264730330680891
1.0264730330680891
1.0264730330680891
1.0264730330680891
1.0295348848784374
1.0275261312434636
1.0288147751454124
1.0288147751454124
1.0301933262487237
1.0301933262487237
1.0301933262487237
1.0278959194435513
1.0286108594105328
1.0286108594105328
1.0286108594105328
1.0286108594105328
1.0297330969859966
1.0297330969859966
1.0297330969859966
1.0297330969859966
1.0297330969859966
1.0297330969859966
1.0293687245378274
1.0293479298502777
1.0293479298502777
1.0293479298502777
1.0312870879296188
1.0312870879296188
1.0313903147618297
1.0313903147618297
1.0313903147618297
1.0313903147618297
1.0314737609589295
1.0314737609589295
1.0314737609589295
1.0300616393244137
1.0298112570714724
1.0298112570714724
1.028061352613984
1.028061352613984
1.0285945946412665
1.0298342400652731
1.0298342400652731
1.0298342400652731
1.0293924517267716
1.0293924517267716
1.0293924517267716
1.0293924517267716
1.0280041161785298
1.0287255133118711
1.0287255133118711
1.0290139992396379
1.028585319102721
1.0319155807100036
1.0319155807100036
1.0319155807100036
1.0319155807100036
1.0319155807100036
1.0319155807100036
1.0319155807100036
1.0324557875807365
1.0324557875807365
1.0339766183093275
1.0339766183093275
1.0339766183093275
1.0339766183093275
1.0339766183093275
1.0343548007463967
1.032927130241929
1.032927130241929
1.032927130241929
1.032927130241929
1.0322453559684817
1.033411489256138
1.033411489256138
1.033411489256138
1.0331905545675037
1.0323609153500575
1.0323609153500575
1.0323609153500575
1.0323609153500575
1.0323609153500575
1.0323609153500575
1.0323609153500575
1.0323609153500575
1.0323609153500575
1.032244233359443
1.032244233359443
1.0320770070804333
1.0320770070804333
1.0320770070804333
1.0347384595582407
1.0318075570116279
1.0318075570116279
1.0318075570116279
1.0318075570116279
1.0318849048844991
1.0318849048844991
1.0318849048844991
1.0318849048844991
1.0318849048844991
1.0318849048844991
1.0318849048844991
1.0314605520318616
1.0314605520318616
1.0317450604604956
1.0313541683347542
1.0313541683347542
1.0313541683347542
1.02946008069014
1.02946008069014
1.0272243390157658
1.0272243390157658
1.0291254190155672
1.0291254190155672
1.0291254190155672
1.0288102520257196
1.0288102520257196
1.0288102520257196
1.027916826467139
1.0303770356294832
1.0303770356294832
1.0303770356294832
1.0303770356294832
1.0303770356294832
1.0303770356294832
1.0303770356294832
1.0312763743386935
1.0331758782212985
1.0331758782212985
1.0344896834180959
1.0344896834180959
1.0350121819122617
1.0354807085710407
1.0346447790174678
1.0346447790174678
1.0346674583640478
1.0344622454081485
1.0330027466501002
1.0330027466501002
1.0316843281853039
1.0316843281853039
1.0316843281853039
1.0299505673300557
1.0299505673300557
1.0304753614932567
1.0302736936357946
1.0288840791637974
1.0273494347736767
1.0273494347736767
1.0294229358943947
1.0294229358943947
1.0294229358943947
1.0294229358943947
1.0292550200657786
1.0292550200657786
1.0286764780752917
1.0286764780752917
1.0286764780752917
1.0286764780752917
1.0286764780752917
1.0300279365211478
1.0300279365211478
1.0310491515566735
1.0322142727445391
1.0305167282839915
1.030120672218097
1.0293366657489533
1.0306773386977295
1.027540015060467
1.027540015060467
1.027540015060467
1.027540015060467
1.027540015060467
1.027540015060467
1.027540015060467
1.0286694863644688
1.0286694863644688
1.0286694863644688
1.0302434351277687
1.0293256144810783
1.029132513078184
1.029132513078184
1.029132513078184
1.031203287227109
1.029424948220189
1.0297989736739168
1.0297989736739168
1.0297989736739168
1.0297989736739168
1.0297989736739168
1.0297989736739168
1.0254173993727094
1.0259026375513467
1.0217581142871042
1.0217581142871042
1.022957029852608
1.0246235545393525
1.0231187519094556
1.0231187519094556
1.0232262899154903
1.0240934475647412
1.0264630666575507
1.0264630666575507
1.024774974429645
1.024251728165906
1.024251728165906
1.024251728165906
1.024251728165906
1.024251728165906
1.0247396367991828
1.0247396367991828
1.0247396367991828
1.027099398300119
1.027099398300119
1.027099398300119
1.027412271157397
1.027412271157397
1.026296549001503
1.027246787970443
1.0262176482021548
1.025399415765134
1.025399415765134
1.025399415765134
1.025399415765134
1.026452674298726
1.026452674298726
1.026405934102016
1.026405934102016
1.026405934102016
1.026405934102016
1.026405934102016
1.0270883759942395
1.0270883759942395
1.0270883759942395
1.0270883759942395
1.0270883759942395
1.0270883759942395
1.0265963366680781
1.0265963366680781
1.0251299727520349
1.0266727121069537
1.0266727121069537
1.0266727121069537
1.0266727121069537
1.0266727121069537
1.0277212490985066
1.026091800861922
1.026091800861922
1.025844591295604
1.025844591295604
1.0267743634135904
1.0267743634135904
1.0267743634135904
1.0267743634135904
1.0267743634135904
1.0267743634135904
1.0267743634135904
1.0267743634135904
1.027173706280732
1.0267912284803637
1.0267912284803637
1.0267912284803637
1.0267912284803637
1.0267912284803637
1.0227477041488229
1.0227477041488229
1.0246438750890612
1.0246438750890612
1.0248452430938406
1.0248452430938406
1.0248452430938406
1.0248452430938406
1.0248452430938406
1.0244774518873
1.0244774518873
1.0244774518873
1.0235999883381304
1.0237953422162938
1.0237953422162938
1.0237953422162938
1.0237953422162938
1.0237953422162938
1.024832715874681
1.024832715874681
1.0237143941569224
1.0237143941569224
1.0237143941569224
1.0237143941569224
1.0237143941569224
1.0237143941569224
1.0237143941569224
1.0237143941569224
1.0237143941569224
1.0257974896331599
1.0257974896331599
1.0259857548551505
1.0260078614453687
1.0260078614453687
1.0260078614453687
1.027234911965882
1.027234911965882
1.027234911965882
1.027234911965882
1.0286330116888778
1.0286330116888778
1.0256471612245068
1.0256471612245068
1.028194227960984
1.027812639312984
1.0298183865066284
1.0298183865066284
1.0298183865066284
1.0305397096126816
1.0277656997374665
1.0277656997374665
1.0277656997374665
1.0277656997374665
1.0274114886147432
1.0274114886147432
1.0274114886147432
1.0274114886147432
1.0269992284749414
1.0282640838975985
1.0287832483283497
1.0295423580537555
1.029494161762811
1.029494161762811
1.0287217440094498
1.0302721369349006
1.0302721369349006
1.0302721369349006
1.0277556518946358
1.025932335119389
1.0276122118177682
1.0278388805243064
1.0278388805243064
1.0278388805243064
1.0278388805243064
1.0302132764088712
1.0302132764088712
1.0302132764088712
1.029746329608315
1.0304860221572119
1.032479774335227
1.032479774335227
1.032479774335227
1.032479774335227
1.029786113715025
1.029786113715025
1.029786113715025
1.029786113715025
1.029786113715025
1.0320126430295296
1.0320126430295296
1.031805648370242
1.031805648370242
1.031805648370242
1.031805648370242
1.0328697301431657
1.0308433573738023
1.0304871202767605
1.0304871202767605
1.0304871202767605
1.0277364778767435
1.0271841084249351
1.0271841084249351
1.028391726541455
1.028708262823093
1.029759590368182
1.029759590368182
1.0306895277611865
1.0306895277611865
1.0297301878682528
1.029312212311036
1.024017681132596
1.024017681132596
1.024156928931573
1.0243111476543287
1.0243111476543287
1.0243111476543287
1.0264315540254008
1.0246217915321636
1.0245847464724036
1.0245847464724036
1.0251308355385966
1.0251308355385966
1.0251308355385966
1.0251308355385966
1.0251308355385966
1.0251308355385966
1.0254889177877493
1.0254889177877493
1.0254889177877493
1.0254889177877493
1.0262222619365626
1.0262222619365626
1.0272633000854052
1.0272633000854052
1.0282455578088998
1.030927731107684
1.030927731107684
1.030927731107684
1.030927731107684
1.0301635801711395
1.0301635801711395
1.0290602039401318
1.029281032059801
1.0296347242638664
1.028481969543532
1.0295671501098804
1.0295671501098804
1.0298018481135311
1.0298018481135311
1.0297386640668027
1.0297062325568398
1.0301923922803056
1.0301923922803056
1.0293663863629268
1.0293663863629268
1.0293663863629268
1.0293663863629268
1.0293663863629268
1.0293699860326233
1.0293699860326233
1.0254648939471547
1.0273767917177086
1.0273767917177086
1.0273767917177086
1.0275953986529287
1.0269000400527368
1.0269000400527368
1.031242193698399
1.0290162959429214
1.0292492336836452
1.0292492336836452
1.0272768014708842
1.0272768014708842
1.0297289323394718
1.0302995840956324
1.0302995840956324
1.0302995840956324
1.0302995840956324
1.0288494186530952
1.0283722298708788
1.0282092636295874
1.0312658422068735
1.0312658422068735
1.0335419421221368
1.0295439249764964
1.027362813268136
1.027362813268136
1.027362813268136
1.027362813268136
1.027362813268136
1.027362813268136
1.027362813268136
1.02820089921782
1.02820089921782
1.02820089921782
1.02820089921782
1.0303386498829425
1.0303386498829425
1.0276541482509407
1.0276541482509407
1.0276541482509407
1.0276541482509407
1.0248644378790233
1.025355929171775
1.025355929171775
1.025355929171775
1.0255029495405785
1.0255711788285529
1.0254336369590646
1.0254336369590646
1.0254336369590646
1.0254336369590646
1.0254336369590646
1.0250375447483961
1.0271129417359952
1.0263305656405466
1.0263305656405466
1.0256234408672502
1.0256234408672502
1.0256234408672502
1.0256234408672502
1.0264358521873918
1.0264358521873918
1.0281532061186247
1.0277973214267502
1.0250210025431352
1.0250210025431352
1.0250210025431352
1.0250210025431352
1.0250210025431352
1.0250210025431352
1.0250210025431352
1.0250210025431352
1.0250210025431352
1.0250210025431352
1.0249815941424152
1.0249815941424152
1.0249815941424152
1.0227070195346708
1.0237459266197528
1.0237459266197528
1.0237459266197528
1.0237459266197528
1.0222361107319482
1.0224629005821826
1.0224629005821826
1.0224629005821826
1.0205673234546093
1.0215189145829233
1.0215189145829233
1.0215189145829233
1.020299054469414
1.0197936571101125
1.0197936571101125
1.0184717704419597
1.0184717704419597
1.0194257071059503
1.018234510059919
1.0185811515271157
1.0185811515271157
1.0238738963263483
1.0243633835461965
1.0243633835461965
1.0243633835461965
1.02327796022039
1.023033810317136
1.023033810317136
1.0253630209291755
1.0253630209291755
1.0253630209291755
1.0270563354126496
1.0270563354126496
1.027082212964789
1.027082212964789
1.0271118018296033
1.0271118018296033
1.0271118018296033
1.0253205579907871
1.0253205579907871
1.0253205579907871
1.0253205579907871
1.0253205579907871
1.0253205579907871
1.02562680575363
1.02562680575363
1.0248447252662243
1.0248447252662243
1.0248447252662243
1.0248447252662243
1.0248447252662243
1.0248447252662243
1.0248447252662243
1.0246288608727443
1.0253153372397752
1.0253153372397752
1.0232319240249683
1.0237114997784045
1.0237114997784045
1.0237114997784045
1.0237114997784045
1.024023870029234
1.024023870029234
1.024023870029234
1.024023870029234
1.024023870029234
1.024023870029234
1.024023870029234
1.024023870029234
1.024023870029234
1.024023870029234
1.024023870029234
1.024023870029234
1.024023870029234
1.024023870029234
1.024023870029234
1.0270024648476423
1.0270024648476423
1.0254406699092282
1.0254362594305098
1.0254362594305098
1.0254362594305098
1.0254362594305098
1.0254362594305098
1.027894345892388
1.027894345892388
1.028695169325493
1.0261086733070885
1.0261086733070885
1.0266495833718237
1.0242477698425176
1.0250642407223851
1.0250642407223851
1.0246351558759483
1.0246351558759483
1.024975884205324
1.026500457137812
1.026500457137812
1.0281784737602737
1.0283487171279369
1.0284292484721498
1.0232914861326572
1.0232914861326572
1.0264263702196403
1.0264263702196403
1.0264263702196403
1.0264263702196403
1.0264263702196403
1.0264263702196403
1.0264263702196403
1.024628116590568
1.0232214476309336
1.0255649524112298
1.0252464608705403
1.0247790078989223
1.0247790078989223
1.0247790078989223
1.0247790078989223
1.023704316472672
1.023704316472672
1.023704316472672
1.023704316472672
1.0240300308748858
1.0240300308748858
1.0250608564058523
1.0250518948628717
1.0267908116249846
1.0267908116249846
1.0250099457033806
1.0254648124941697
1.0254648124941697
1.0254648124941697
1.0243484948757176
1.0243484948757176
1.0243484948757176
1.0243484948757176
1.025201666294208
1.026754346006856
1.0247848573885927
1.0247848573885927
1.0247848573885927
1.0247848573885927
1.0247848573885927
1.0247848573885927
1.0260456491419412
1.0260456491419412
1.0255650831894219
1.0268651140307916
1.0268651140307916
1.0268651140307916
1.0264142332634374
1.0264142332634374
1.02889604512669
1.0291930719962181
1.0291930719962181
1.0253411048116663
1.0253411048116663
1.024555505736308
1.024555505736308
1.024555505736308
1.0255912855784473
1.0224742847012158
1.0224742847012158
1.0208826134491757
1.0219331067491138
1.0219331067491138
1.0219331067491138
1.0219331067491138
1.0219331067491138
1.0219331067491138
1.0219331067491138
1.0205189859341979
1.0208907797919942
1.0232145789347142
1.0232145789347142
1.0232145789347142
1.0232145789347142
1.0232145789347142
1.0248179386324814
1.0257550435379152
1.0257550435379152
1.0257550435379152
1.0244904403438668
1.0252452836066421
1.0252452836066421
1.0256787006701904
1.0251391625848079
1.0251391625848079
1.0251391625848079
1.0272160587822274
1.0272160587822274
1.0241845432886885
1.0241845432886885
1.0241845432886885
1.0275951304996025
1.0281458272089654
1.0280498614395333
1.0280498614395333
1.0257006270329518
1.0257006270329518
1.0257006270329518
1.0257006270329518
1.0257006270329518
1.0257006270329518
1.0257006270329518
1.0257006270329518
1.0257006270329518
1.027944586479991
1.0265960401602368
1.0269030575536269
1.027324464313213
1.027165776780559
1.024093292964114
1.023895414692188
1.023895414692188
1.0262506999781815
1.0262506999781815
1.0262506999781815
1.0265534078368441
1.0265534078368441
1.0265534078368441
1.0298971953170972
1.0263530732725832
1.0263344453180614
1.0263344453180614
1.0263344453180614
1.0263344453180614
1.0263344453180614
1.027411511919223
1.027411511919223
1.0261699827056625
1.0261699827056625
1.0261699827056625
1.025554686378704
1.025554686378704
1.025422264923041
1.025422264923041
1.025422264923041
1.025422264923041
1.025422264923041
1.025422264923041
1.025536174927833
1.025536174927833
1.025620051560136
1.025620051560136
1.0247121513686017
1.0241653001094098
1.0254161221398943
1.026264031762014
1.026264031762014
1.026264031762014
1.0261144110963025
1.0282030560390967
1.0282030560390967
1.0282030560390967
1.0282030560390967
1.0282030560390967
1.0286091519737508
1.0286091519737508
1.0281506110986822
1.0281506110986822
1.028439283370017
1.028439283370017
1.028439283370017
1.028439283370017
1.028439283370017
1.028439283370017
1.0273886887388024
1.0273886887388024
1.0254623674566246
1.0254623674566246
1.0254623674566246
1.0254623674566246
1.0254623674566246
1.024687421480617
1.023819722185569
1.0218762975648161
1.0218762975648161
1.0218762975648161
1.022761870811519
1.0229540992567847
1.0229540992567847
1.0229540992567847
1.0229540992567847
1.021611574576586
1.021611574576586
1.021611574576586
1.0214761040358002
1.0214761040358002
1.0214761040358002
1.0214761040358002
1.0214761040358002
1.0214761040358002
1.021752465118272
1.0206795148639873
1.0206795148639873
1.0185261856435222
1.0185261856435222
1.0185261856435222
1.0226752961494576
1.0226752961494576
1.0226752961494576
1.0226752961494576
1.0240281454219597
1.0240281454219597
1.024818951714521
1.024818951714521
1.0247018327876545
1.0247018327876545
1.0247018327876545
1.0247018327876545
1.0244174967522486
1.0244174967522486
1.0244174967522486
1.024849774670248
1.025240958649761
1.025240958649761
1.025240958649761
1.025240958649761
1.025240958649761
1.0254177622471763
1.0254177622471763
1.0256706069937978
1.0246137508431108
1.0246137508431108
1.0246137508431108
1.0246137508431108
1.0246137508431108
1.0246137508431108
1.0246137508431108
1.0246137508431108
1.024731637208417
1.024731637208417
1.0246573891042157
1.0246573891042157
1.0246573891042157
1.0246573891042157
1.0239549781809052
1.0239549781809052
1.0239549781809052
1.0239549781809052
1.0244024039268675
1.0242080548883923
1.0242080548883923
1.0242080548883923
1.0263505630170968
1.0258341919295186
1.0258341919295186
1.0273704370387888
1.0273704370387888
1.0262265174393188
1.0262265174393188
1.0265519199247009
1.0265519199247009
1.0262658643434435
1.024992351099848
1.024992351099848
1.024992351099848
1.024866927342045
1.024866927342045
1.024866927342045
1.0242387414062224
1.0242387414062224
1.0212543700555632
1.023030435668483
1.0222363187751173
1.0234680600845303
1.0224428887673047
1.0224428887673047
1.0224428887673047
1.0224428887673047
1.0224428887673047
1.0242490301009426
1.0242490301009426
1.0242490301009426
1.0242490301009426
1.0242490301009426
1.0222743634298024
1.0214036407242448
1.0214036407242448
1.0214036407242448
1.0214036407242448
1.0235870092898944
1.021576346268758
1.021576346268758
1.0222057890526466
1.0222057890526466
1.0222057890526466
1.0222057890526466
1.0222057890526466
1.0222057890526466
1.0222169685813272
1.0222169685813272
1.0222169685813272
1.0222169685813272
1.023329007887363
1.023329007887363
1.024581045906293
1.024581045906293
1.0250932270951794
1.0250932270951794
1.0251111178446466
1.0265996220260931
1.0265996220260931
1.0265996220260931
1.0292848553545264
1.0292848553545264
1.0283209514259242
1.0283209514259242
1.0283209514259242
1.0281619242232236
1.0282269211426283
1.0285160357380476
1.0257196011205056
1.0276817391388737
1.027870543697311
1.0276849131019743
1.0276849131019743
1.0276849131019743
1.0276004532953946
1.0276004532953946
1.0244087092993843
1.0239710687425618
1.0239710687425618
1.0266775039618041
1.0275385291396801
1.0275385291396801
1.0275385291396801
1.0275385291396801
1.0275385291396801
1.0275385291396801
1.0289374841980636
1.0290162485906436
1.0290162485906436
1.0294773655321316
1.029542479932697
1.029542479932697
1.0292396133432962
1.0292396133432962
1.0292396133432962
1.0262181425561732
1.0264847718607601
1.0264847718607601
1.0264847718607601
1.0281712910468586
1.0281712910468586
1.0281712910468586
1.0246774418288023
1.0246774418288023
1.0246774418288023
1.0246774418288023
1.02402703456155
1.02402703456155
1.0264029931794074
1.0246388420456036
1.0253285046582945
1.0268130334976144
1.0268130334976144
1.0268130334976144
1.0268130334976144
1.0263013423183631
1.029642110279891
1.029642110279891
1.0289714396580145
1.0289714396580145
1.0289714396580145
1.0289714396580145
1.030212161791977
1.0296121889097827
1.0268780979348564
1.0261098267047837
1.0245778131730046
1.0255497931800497
1.025586166734908
1.025586166734908
1.025586166734908
1.025586166734908
1.025586166734908
1.0263760221997988
1.0257624011231958
1.0284315498097525
1.0284315498097525
1.0284315498097525
1.0284315498097525
1.0284315498097525
1.028264505796832
1.028264505796832
1.028264505796832
1.028264505796832
1.028264505796832
1.028264505796832
1.028264505796832
1.028408581530231
1.028408581530231
1.028408581530231
1.028408581530231
1.028408581530231
1.0263090407057298
1.0263090407057298
1.0263090407057298
1.0263090407057298
1.0263090407057298
1.0263090407057298
1.0289338796921892
1.0289338796921892
1.0281196828808776
1.0281196828808776
1.0279873999227354
1.0299061454596428
1.0291006183651428
1.0291006183651428
1.0291006183651428
1.0287037272908046
1.0284655778020797
1.0289122734737097
1.0289122734737097
1.0301746127324716
1.0301746127324716
1.0289921417800478
1.029042285015528
1.029042285015528
1.0273658076394991
1.0273658076394991
1.0273658076394991
1.028467103436544
1.0296636047296697
1.0300280835085
1.0295589481271301
1.031421839817258
1.0309262225847864
1.0321006032804738
1.0321006032804738
1.0321006032804738
1.0334881164795702
1.0296594199301383
1.0296594199301383
1.0294508324088434
1.0294508324088434
1.0294508324088434
1.0294508324088434
1.0294508324088434
1.0294508324088434
1.0285933650074184
1.0291062778572
1.0291062778572
1.0295847162522485
1.0295847162522485
1.0308848326871327
1.0300431710111686
1.0300431710111686
1.0300431710111686
1.0300431710111686
1.0300431710111686
1.0299061144453703
1.0285642791445873
1.0314892323326292
1.0314892323326292
1.0287145368890456
1.0251507798314756
1.0249097728698902
1.0247729214883847
1.0247729214883847
1.0247729214883847
1.0247729214883847
1.02388652159329
1.025047455868429
1.0223782735293432
1.0223782735293432
1.0236335174129152
1.0236335174129152
1.0236335174129152
1.0229635982010323
1.0224372916020485
1.0224372916020485
1.0224372916020485
1.0224372916020485
1.0213669217485308
1.0233391452067484
1.0229517986765264
1.0229517986765264
1.0229517986765264
1.025559506379895
1.0238621736548699
1.0246258242715391
1.0246258242715391
1.0246258242715391
1.026628031386628
1.026628031386628
1.026628031386628
1.026628031386628
1.026628031386628
1.026628031386628
1.027396509520146
1.027396509520146
1.027396509520146
1.028509238089083
1.0271566074402878
1.0271566074402878
1.0271566074402878
1.0271566074402878
1.0302940295242362
1.0302940295242362
1.0307808678046733
1.031684659515852
1.0315185012523047
1.0293439321392626
1.0312152894640811
1.0312152894640811
1.0312152894640811
1.02996513217918
1.02996513217918
1.0289383999596569
1.0289383999596569
1.0289383999596569
1.0289383999596569
1.0313276266463667
1.0313276266463667
1.0313276266463667
1.0313276266463667
1.0313276266463667
1.0313276266463667
1.0313276266463667
1.0310671607553983
1.0310671607553983
1.0310671607553983
1.0310671607553983
1.0292131420138264
1.0292131420138264
1.0296280380805665
1.028957759123528
1.0292949554707838
1.0292949554707838
1.0290280073285751
1.0290280073285751
1.0242735404648438
1.0242735404648438
1.0242735404648438
1.0242735404648438
1.0242735404648438
1.0242735404648438
1.0242735404648438
1.0242735404648438
1.0242735404648438
1.0242735404648438
1.0242735404648438
1.0242735404648438
1.0242735404648438
1.0242735404648438
1.0250213581143044
1.0267610553764543
1.0264044739573066
1.025817949787462
1.028392850540153
1.028392850540153
1.0270051692329383
1.0270051692329383
1.0270051692329383
1.030233206022239
1.032738600052808
1.033564926424332
1.0335269516977381
1.0335269516977381
1.0335269516977381
1.0335269516977381
1.0335269516977381
1.0335269516977381
1.0325709754032
1.0325709754032
1.0341341596645355
1.0341341596645355
1.0341341596645355
1.0312345207403157
1.0312345207403157
1.0312345207403157
1.0312345207403157
1.0312345207403157
1.0312345207403157
1.0312345207403157
1.0312345207403157
1.0312345207403157
1.0312345207403157
1.0312345207403157
1.030441797903134
1.030441797903134
1.030441797903134
1.030441797903134
1.030441797903134
1.030441797903134
1.030441797903134
1.0255331244086214
1.0255331244086214
1.0255331244086214
1.0255331244086214
1.0255331244086214
1.022970201858373
1.022970201858373
1.022970201858373
1.022970201858373
1.022970201858373
1.022970201858373
1.0245576515186532
1.0245576515186532
1.0245576515186532
1.0250405890884233
1.0250405890884233
1.0250405890884233
1.0250405890884233
1.0271535576209234
1.0266977359323277
1.027870015643035
1.027870015643035
1.027870015643035
1.027870015643035
1.0249316681324336
1.0249316681324336
1.0249316681324336
1.0249316681324336
1.0249316681324336
1.0249316681324336
1.0239378021664
1.0239378021664
1.0246862303458895
1.0252414092569488
1.0258896386366378
1.0258896386366378
1.0258896386366378
1.0258896386366378
1.0258896386366378
1.0249126562653361
1.0249126562653361
1.0249126562653361
1.0249126562653361
1.0240396549578215
1.0240396549578215
1.0240396549578215
1.0226988234589434
1.0226988234589434
1.0226988234589434
1.0226988234589434
1.0226988234589434
1.02242846840465
1.0227279288952966
1.0227279288952966
1.0227279288952966
1.02564082310847
1.02564082310847
1.0245006713179576
1.0228509697261463
1.0228509697261463
1.0235102023705995
1.0245213218517168
1.0240291031897093
1.0240291031897093
1.0240291031897093
1.0240291031897093
1.027036005520438
1.0282021840245026
1.0279489440624485
1.0279489440624485
1.0282358517616321
1.0282358517616321
1.0282358517616321
1.026793614494839
1.026793614494839
1.027929842330008
1.0266367177171107
1.0264042271343585
1.0264444940261068
1.0264444940261068
1.0264444940261068
1.0264444940261068
1.0264444940261068
1.0264444940261068
1.0264444940261068
1.0279902697828363
1.0276548088766804
1.0276548088766804
1.0276548088766804
1.0273831079654248
1.0273831079654248
1.0273831079654248
1.029678880441133
1.029678880441133
1.029678880441133
1.0282700431149987
1.0278275107156671
1.0284036771855858
1.0284036771855858
1.0284036771855858
1.027378658548549
1.027378658548549
1.027378658548549
1.0264552467426316
1.0264552467426316
1.0264552467426316
1.0293891902408265
1.0293891902408265
1.0293891902408265
1.0293891902408265
1.0295375524126673
1.0295375524126673
1.0295375524126673
1.0295375524126673
1.0295375524126673
1.0276074928808747
1.0264136758393045
1.0264136758393045
1.0264136758393045
1.0264136758393045
1.0264136758393045
1.0270655226650478
1.0270655226650478
1.0254322601319512
1.0254322601319512
1.0226902255046062
1.0228867159793091
1.0244974113612206
1.0244974113612206
1.0244974113612206
1.0244974113612206
1.0252287755483664
1.0252287755483664
1.0249460372772157
1.022534351734924
1.022986353025531
1.0232934934317475
1.0276161408610651
1.0276161408610651
1.0276161408610651
1.028200518967616
1.028200518967616
1.028200518967616
1.0282494857971456
1.0282494857971456
1.0282494857971456
1.0282494857971456
1.0282494857971456
1.0282494857971456
1.0282494857971456
1.0285054787438634
1.0285054787438634
1.0285054787438634
1.0285054787438634
1.0285054787438634
1.0285054787438634
1.0285054787438634
1.0285054787438634
1.0285054787438634
1.0274960281017138
1.0274960281017138
1.0274960281017138
1.0274960281017138
1.0274960281017138
1.0274960281017138
1.0274960281017138
1.028169778892298
1.0249135970665968
1.0249135970665968
1.024718899323323
1.0247652184800098
1.0247652184800098
1.0247663106933158
1.0247663106933158
1.0247663106933158
1.0272646196790658
1.0272646196790658
1.0300267811560146
1.0250825262612144
1.0250825262612144
1.0245571379996419
1.0248267889160132
1.0248267889160132
1.0231040349349363
1.0231040349349363
1.0208378714372133
1.0208378714372133
1.0208378714372133
1.024154596367606
1.024154596367606
1.0219246667865507
1.0219246667865507
1.0219246667865507
1.0219246667865507
1.0219246667865507
1.0219246667865507
1.023752634840424
1.023752634840424
1.023752634840424
1.023752634840424
1.023752634840424
1.023986827452287
1.023986827452287
1.0233766763852001
1.0233766763852001
1.0233766763852001
1.0233766763852001
1.0238587895411977
1.022317809522548
1.024513394617961
1.024513394617961
1.024513394617961
1.024513394617961
1.024513394617961
1.0267041487299131
1.0267041487299131
1.0267041487299131
1.0267041487299131
1.0267041487299131
1.0267041487299131
1.027625430713285
1.027625430713285
1.027625430713285
1.027625430713285
1.027625430713285
1.027625430713285
1.027625430713285
1.027625430713285
1.027625430713285
1.026549108926313
1.026549108926313
1.026549108926313
1.0256518042057452
1.0254823441905554
1.0254823441905554
1.0254823441905554
1.0254823441905554
1.0270165786489205
1.0296836311939275
1.0296836311939275
1.0320284114320366
1.0320284114320366
1.0320284114320366
1.0320284114320366
1.0320284114320366
1.0320284114320366
1.0329785399627114
1.0338801895056682
1.031762672217608
1.0311722821493157
1.0311722821493157
1.033169219090697
1.0329149636041692
1.0329149636041692
1.0329149636041692
1.0319285522899169
1.0319285522899169
1.0325394508535377
1.0328941583841942
1.0328941583841942
1.0328941583841942
1.0328941583841942
1.0328941583841942
1.0328941583841942
1.0328941583841942
1.0328941583841942
1.029592328240048
1.0292433151440252
1.0292433151440252
1.030265251719193
1.0306593619979283
1.0286046308926935
1.025026035218397
1.025026035218397
1.0251584107128675
1.0283019729996048
1.0283019729996048
1.0249315791532905
1.0250617047564727
1.0250617047564727
1.0249274909869952
1.0227827757309285
1.0234855736803594
1.0234855736803594
1.0246394361719648
1.0248449347270754
1.0248449347270754
1.026427726578857
1.026427726578857
1.027502352757986
1.028299921679089
1.028299921679089
1.028299921679089
1.026243521708297
1.0284350305549388
1.029200233372644
1.0272492682309586
1.0272492682309586
1.0263632268497211
1.0263632268497211
1.0263632268497211
1.0263632268497211
1.0263632268497211
1.0290497777285588
1.0290497777285588
1.0290497777285588
1.0303835066763776
1.0303835066763776
1.0284493320648187
1.028701964472595
1.028701964472595
1.0277721324167226
1.0277721324167226
1.0277721324167226
1.025836748877999
1.0282713287441017
1.0282713287441017
1.027972351430234
1.027972351430234
1.0278350648286245
1.0266333154628142
1.0269311301763973
1.0269311301763973
1.0269311301763973
1.0269311301763973
1.025213289759718
1.025213289759718
1.0256880135630804
1.0256880135630804
1.026242152962935
1.026242152962935
1.026242152962935
1.026242152962935
1.026242152962935
1.026242152962935
1.026242152962935
1.026242152962935
1.026242152962935
1.026242152962935
1.026242152962935
1.026242152962935
1.026242152962935
1.026242152962935
1.0267032415562156
1.0267032415562156
1.0286177025170866
1.0286177025170866
1.0266039480298559
1.0266039480298559
1.0286134664889082
1.0286134664889082
1.0286134664889082
1.0286134664889082
1.0289456462412359
1.0289456462412359
1.0289456462412359
1.0289456462412359
1.0289456462412359
1.0289456462412359
1.0293704669662669
1.0293704669662669
1.0293704669662669
1.027963149330812
1.028057538596521
1.028057538596521
1.028057538596521
1.0293941681000174
1.0284225992971567
1.0284225992971567
1.0287070259248652
1.0290205068978484
1.0287978592915559
1.031225563115932
1.031225563115932
1.031225563115932
1.031225563115932
1.031225563115932
1.0318005083322441
1.0318005083322441
1.032081902904389
1.032081902904389
1.032081902904389
1.0326398846227962
1.0325792657675699
1.0307663169628913
1.0265553830112193
1.0265553830112193
1.0277965903674087
1.0284062837911883
1.0284062837911883
1.0284062837911883
1.0284062837911883
1.0284062837911883
1.0265638381533453
1.0265638381533453
1.0246608557584234
1.0246608557584234
1.026119595410983
1.026119595410983
1.026119595410983
1.026119595410983
1.0284743094736524
1.0277210094726479
1.0265805031569828
1.0262296755450584
1.0263988840580407
1.0263988840580407
1.0263988840580407
1.0239462454527786
1.0251504063863182
1.026271521190551
1.026271521190551
1.026271521190551
1.0221573286450352
1.0231697572355853
1.0231697572355853
1.0225412324815273
1.0225412324815273
1.0223198323599332
1.0223198323599332
1.0223198323599332
1.02676444227168
1.02676444227168
1.02676444227168
1.02676444227168
1.02676444227168
1.02676444227168
1.02676444227168
1.02676444227168
1.026383430216236
1.026383430216236
1.026383430216236
1.026383430216236
1.0271142270328741
1.0271142270328741
1.0270138422366337
1.0270138422366337
1.0270138422366337
1.0286562199570684
1.0286562199570684
1.0286562199570684
1.0286562199570684
1.0284383779153783
1.0263090052621016
1.0269328816166328
1.02710565640225
1.02710565640225
1.02710565640225
1.02710565640225
1.02710565640225
1.0254648058593943
1.0251377937640052
1.0251377937640052
1.0257887964795278
1.0257887964795278
1.0270778313591933
1.0262844490753824
1.030227255639947
1.0303073977428614
1.0291894651122686
1.0297537241302197
1.0297537241302197
1.0302098831981172
1.0302098831981172
1.029149473776942
1.0285966635671306
1.0292090272591956
1.027443090245185
1.027443090245185
1.0283639520835268
1.0284636532600435
1.0284636532600435
1.0284636532600435
1.0284636532600435
1.0278333016900874
1.0278333016900874
1.0278333016900874
1.0290267678987217
1.0292018803694793
1.0295226185265782
1.0290286555224026
1.0290286555224026
1.0286228342220138
1.0286228342220138
1.0286228342220138
1.0317589132603973
1.0316376158161045
1.0303883387033257
1.0303883387033257
1.0289544254168534
1.0289544254168534
1.0289544254168534
1.0289544254168534
1.0289544254168534
1.0283144829203714
1.0251799493842637
1.0278693903277822
1.0278693903277822
1.0278693903277822
1.0278693903277822
1.0258828788800507
1.0258828788800507
1.0258828788800507
1.0258828788800507
1.0258828788800507
1.0258828788800507
1.027615982127712
1.027615982127712
1.027615982127712
1.027615982127712
1.0289533686814514
1.0289533686814514
1.0255792823874235
1.0247075075908203
1.0247075075908203
1.0247075075908203
1.0247075075908203
1.0247075075908203
1.0247075075908203
1.0247075075908203
1.0247075075908203
1.0247075075908203
1.023875149473127
1.022255831523737
1.022255831523737
1.022255831523737
1.0238015053485696
1.0249694147315653
1.0249694147315653
1.023887007347456
1.0222546364125766
1.0250938106612013
1.0252659774941124
1.0247752693110463
1.0282696884641298
1.0282696884641298
1.0250725775028815
1.0250725775028815
1.0250725775028815
1.0250725775028815
1.0250725775028815
1.0245340424030738
1.0256003422218392
1.0256003422218392
1.0312030571821107
1.0319248624009865
1.0319248624009865
1.0319248624009865
1.0319248624009865
1.0319248624009865
1.0328785193583385
1.0328785193583385
1.0323200820184684
1.0323200820184684
1.028928588031128
1.028928588031128
1.028928588031128
1.0268445752355213
1.0262512651460325
1.0272821350258838
1.0272821350258838
1.0272821350258838
1.0277866368826005
1.0252759074069946
1.0252759074069946
1.0254234956760777
1.025728754086456
1.025728754086456
1.0262880836366792
1.0262880836366792
1.0258381590399603
1.0258381590399603
1.0316707686732618
1.0320790059039997
1.0320790059039997
1.030715099401054
1.030715099401054
1.030715099401054
1.030715099401054
1.030715099401054
1.0318973216198386
1.0318973216198386
1.0318973216198386
1.0318973216198386
1.0318973216198386
1.0318973216198386
1.0327783653024292
1.0327783653024292
1.0327783653024292
1.0335160839286932
1.0335160839286932
1.0335160839286932
1.0335160839286932
1.0335160839286932
1.0346463985857064
1.0346463985857064
1.0329238091347035
1.0329546952603543
1.0314111841307196
1.0314111841307196
1.0314111841307196
1.0303436589328294
1.0303436589328294
1.031798110375479
1.0313076393933398
1.0315362605584546
1.0342563812863745
1.0342077959620608
1.0350482902967004
1.0350482902967004
1.0350482902967004
1.0350482902967004
1.0350482902967004
1.0350482902967004
1.035860477338364
1.035860477338364
1.035860477338364
1.0361143495076464
1.033731224931518
1.033731224931518
1.033731224931518
1.033731224931518
1.0332621570839222
1.0332621570839222
1.0332621570839222
1.0332621570839222
1.0332621570839222
1.0350257207233529
1.0350257207233529
1.0350257207233529
1.0350257207233529
1.0372277135749044
1.0339920018464726
1.0391959871534453
1.0391959871534453
1.0391959871534453
1.0391959871534453
1.0394298303036973
1.0394298303036973
1.0392523860658456
1.038642189659041
1.0379962313954054
1.0379962313954054
1.0379962313954054
1.0383533121504775
1.0383533121504775
1.0394239829065361
1.0394239829065361
1.0394239829065361
1.0394239829065361
1.0394239829065361
1.0400469624316202
1.0400469624316202
1.0386060879915588
1.036393153576772
1.036393153576772
1.036393153576772
1.036393153576772
1.036393153576772
1.036719419338089
1.0311678826634305
1.0311678826634305
1.0267047978308492
1.026393378568426
1.026393378568426
1.0267783063739424
1.0267783063739424
1.0269688139424373
1.0294289787052964
1.0294289787052964
1.0294289787052964
1.0294289787052964
1.0280652975410807
1.0280652975410807
1.0268338514111062
1.0268338514111062
1.026042199055671
1.0274189911177067
1.0270298992566183
1.0270298992566183
1.0270298992566183
1.0270298992566183
1.0270298992566183
1.0270298992566183
1.0281325787988742
1.0281325787988742
1.0281325787988742
1.0272583665501387
1.0272583665501387
1.0272583665501387
1.0272583665501387
1.0261280214566622
1.0288007392124352
1.0299591250754312
1.0299321997847704
1.0288806204665357
1.0288806204665357
1.0306122885210145
1.0306122885210145
1.0306122885210145
1.0296696214448673
1.0290021230998232
1.0290021230998232
1.0290021230998232
1.0290021230998232
1.0290021230998232
1.0290021230998232
1.027925584981366
1.0266798984061691
1.027592623364104
1.027592623364104
1.027592623364104
1.027592623364104
1.0275328435340507
1.0268276761821231
1.0268276761821231
1.0258601228906092
1.0258601228906092
1.0258601228906092
1.0258601228906092
1.0261824849127454
1.0261824849127454
1.0261824849127454
1.0261824849127454
1.0261824849127454
1.0252479650768855
1.0241758304442627
1.0241758304442627
1.0243377132659282
1.0243377132659282
1.0243377132659282
1.0243377132659282
1.0243377132659282
1.0243377132659282
1.0259302977004923
1.0237264406519402
1.0237264406519402
1.021143949929823
1.021143949929823
1.0219467183651259
1.0219467183651259
1.0219467183651259
1.0219467183651259
1.0219467183651259
1.0219467183651259
1.0230244508158257
1.0230244508158257
1.0218621054055705
1.0222418948217065
1.0231674298792657
1.0239868949411375
1.021520572539583
1.021520572539583
1.021520572539583
1.024614344669769
1.025655362321111
1.0247812902135212
1.0247812902135212
1.0247812902135212
1.0247812902135212
1.0247812902135212
1.0239368454148314
1.0239368454148314
1.0239368454148314
1.02637730551286
1.02637730551286
1.02637730551286
1.0250668591036307
1.025143722873882
1.0257334282778134
1.0267712004665688
1.0267712004665688
1.0267712004665688
1.0267712004665688
1.0238840228982609
1.0238679153087726
1.0238679153087726
1.0238679153087726
1.0257080252846167
1.0257080252846167
1.0257080252846167
1.0257080252846167
1.0257080252846167
1.0257080252846167
1.0257941334608973
1.0257941334608973
1.0262213173602286
1.0262213173602286
1.0237067943223248
1.0223545111059396
1.0227882028154578
1.0227882028154578
1.023235103899979
1.0225598111395704
1.0244672759981175
1.026300290255949
1.026300290255949
1.026300290255949
1.026300290255949
1.026300290255949
1.026300290255949
1.026300290255949
1.026300290255949
1.026300290255949
1.026300290255949
1.026300290255949
1.026300290255949
1.026947402947556
1.026947402947556
1.0284236063172678
1.0284236063172678
1.0283753074689443
1.0283753074689443
1.0283753074689443
1.0283753074689443
1.0276844789376578
1.0286599850861071
1.0286599850861071
1.0286599850861071
1.026787123706977
1.026787123706977
1.0261557443815823
1.0252617465544083
1.0252617465544083
1.0275495973105246
1.029768481242504
1.029768481242504
1.0274162627803445
1.0295762755288798
1.0295762755288798
1.0311049649630986
1.0311049649630986
1.0311049649630986
1.032289630079051
1.032289630079051
1.032289630079051
1.032289630079051
1.032289630079051
1.0322298745339815
1.0322298745339815
1.0299279488184756
1.0299279488184756
1.0273901070407423
1.0273901070407423
1.0273901070407423
1.0275919236878441
1.0275919236878441
1.0275919236878441
1.0275919236878441
1.0275919236878441
1.0275919236878441
1.0274896342068893
1.0277181294368
1.0277181294368
1.0277181294368
1.0277181294368
1.027049006866277
1.0264110224982799
1.0251920390855753
1.0250941506945972
1.022743446706756
1.022743446706756
1.0224356560885983
1.0256848883105325
1.0255498014353537
1.0255498014353537
1.0255498014353537
1.0244931024574873
1.0244931024574873
1.0244931024574873
1.0244956238182636
1.0244956238182636
1.0244956238182636
1.0244956238182636
1.0233646441458113
1.0233646441458113
1.0233646441458113
1.0245040852622516
1.0245040852622516
1.0245040852622516
1.0251434997601991
1.0273961770460687
1.0282397893603807
1.0282397893603807
1.0257077300917545
1.0257077300917545
1.027099449750643
1.027099449750643
1.027099449750643
1.027099449750643
1.027099449750643
1.027099449750643
1.0270859919380226
1.0270859919380226
1.0270859919380226
1.0270859919380226
1.0253954945399801
1.0278782556945032
1.0278782556945032
1.0278782556945032
1.0278782556945032
1.0278782556945032
1.0262595058048398
1.0262595058048398
1.0260508395134398
1.0260508395134398
1.0239373609890534
1.0233862706176053
1.0220425075499728
1.026143440670194
1.026143440670194
1.026143440670194
1.026143440670194
1.0261882645069433
1.0261882645069433
1.0261882645069433
1.0261882645069433
1.0261882645069433
1.0261882645069433
1.028689243351154
1.028689243351154
1.028689243351154
1.028689243351154
1.028689243351154
1.0303277735117409
1.0303277735117409
1.0303277735117409
1.029739362328181
1.0292334632590723
1.031112694192152
1.031112694192152
1.0305207905554314
1.0305207905554314
1.031993499685228
1.030227923119956
1.030227923119956
1.030227923119956
1.030227923119956
1.030227923119956
1.0295711960148484
1.0295711960148484
1.0295711960148484
1.0295711960148484
1.0295711960148484
1.0295711960148484
1.0278464758761692
1.0278464758761692
1.0271325486349812
1.0246107184650741
1.0241420557592529
1.0217487450727454
1.02395841030647
1.0276948099484595
1.0276948099484595
1.0276948099484595
1.0273946606713595
1.0273946606713595
1.0273946606713595
1.0273946606713595
1.0277033282137558
1.0277033282137558
1.0254367538165325
1.0254367538165325
1.0254367538165325
1.0254367538165325
1.0254367538165325
1.0254367538165325
1.0254367538165325
1.0254367538165325
1.024733245711251
1.024733245711251
1.024733245711251
1.024733245711251
1.024733245711251
1.024733245711251
1.0246526983298059
1.0246526983298059
1.0245107337880968
1.0303072200211396
1.0303072200211396
1.0303072200211396
1.0303072200211396
1.0322550545026052
1.032196860897827
1.0310952179451025
1.0310952179451025
1.031042422523609
1.0310644450992035
1.0310644450992035
1.0310644450992035
1.0281811576396362
1.0281811576396362
1.024748541067657
1.024748541067657
1.024748541067657
1.024748541067657
1.0264367410993962
1.0261922029167265
1.0241997203617086
1.0241997203617086
1.022211542013895
1.022211542013895
1.022211542013895
1.0222495140879326
1.0222495140879326
1.0222495140879326
1.0222495140879326
1.0222495140879326
1.0234207938842648
1.0234207938842648
1.0234207938842648
1.0234207938842648
1.0234207938842648
1.0234207938842648
1.0234207938842648
1.0233756196003936
1.0233756196003936
1.022224234657959
1.022224234657959
1.0256494545724455
1.0256494545724455
1.0256494545724455
1.0256494545724455
1.0256494545724455
1.0250292405570216
1.0250292405570216
1.0261007558744057
1.0274187043424532
1.0274187043424532
1.0274187043424532
1.0274187043424532
1.0274187043424532
1.0274187043424532
1.0274187043424532
1.0260285146335624
1.023890012233746
1.023890012233746
1.023890012233746
1.023890012233746
1.023890012233746
1.023890012233746
1.023890012233746
1.023890012233746
1.0226281419035903
1.0226281419035903
1.0226281419035903
1.0226281419035903
1.0212143205370614
1.0224807870749624
1.0222883663530902
1.0222883663530902
1.0230230423291846
1.024121001620452
1.024121001620452
1.0226691364428315
1.0226691364428315
1.0252092446952268
1.0252092446952268
1.0252092446952268
1.0252092446952268
1.0252092446952268
1.0252092446952268
1.0252092446952268
1.0252092446952268
1.0253962981362752
1.0253962981362752
1.0234981637656124
1.0229245353186223
1.0237590372217384
1.0237590372217384
1.0237590372217384
1.0237590372217384
1.0237590372217384
1.0237590372217384
1.0233368995265646
1.0233368995265646
1.0222680351622264
1.0222680351622264
1.0214987110074532
1.0214987110074532
1.0230160488081435
1.0230160488081435
1.0214841548541347
1.0180331725870577
1.0180331725870577
1.0180331725870577
1.0215023999409822
1.0215023999409822
1.0215023999409822
1.019374303773743
1.017739624718268
1.017739624718268
1.017739624718268
1.019270104385774
1.0220421578348196
1.022940902977815
1.022940902977815
1.022940902977815
1.0258580446647503
1.0258580446647503
1.0266597347399256
1.0268933682928547
1.0241163001074678
1.023928538074716
1.0236632114340376
1.0210674351255278
1.0196473227504148
1.0196473227504148
1.0196473227504148
1.0185627563888033
1.0177742687728095
1.0177742687728095
1.0177742687728095
1.020100076731856
1.020100076731856
1.019341633635146
1.019341633635146
1.0179246783108653
1.019575837459385
1.0213691789149624
1.0213691789149624
1.0213691789149624
1.0213691789149624
1.0204816546551259
1.0204816546551259
1.0204816546551259
1.0204816546551259
1.023538987442614
1.0203198488644984
1.0205024970358476
1.0234020906379042
1.0234020906379042
1.0234020906379042
1.0244605522530417
1.0244605522530417
1.0236503756521174
1.0249030422281553
1.0249030422281553
1.025046880154733
1.025046880154733
1.025046880154733
1.0231146744945117
1.0231146744945117
1.0231146744945117
1.0231146744945117
1.0231146744945117
1.0231146744945117
1.0231146744945117
1.0231146744945117
1.0241663553449412
1.0241663553449412
1.0244222999529111
1.0244222999529111
1.0244222999529111
1.0244222999529111
1.0251092612504398
1.0215152917346075
1.0241119145997686
1.0241119145997686
1.0241119145997686
1.0241119145997686
1.0228552485922198
1.0228552485922198
1.0219036597200954
1.0220153004246348
1.0220153004246348
1.0248841628432301
1.026270655880454
1.026270655880454
1.0275768823467122
1.0263156818249466
1.026776677842834
1.026776677842834
1.026776677842834
1.026776677842834
1.026776677842834
1.026776677842834
1.026776677842834
1.024538395431783
1.024538395431783
1.024538395431783
1.024538395431783
1.0245888573282607
1.024191776859779
1.024191776859779
1.024191776859779
1.024191776859779
1.022076106716497
1.025518566455333
1.025518566455333
1.025518566455333
1.0233421459589496
1.0233421459589496
1.0193593474758844
1.0250511279235115
1.0257688784996186
1.0257688784996186
1.0257688784996186
1.0257688784996186
1.0257688784996186
1.0257688784996186
1.0253212487399035
1.0253212487399035
1.026125279098362
1.026125279098362
1.026125279098362
1.0249880147503996
1.0246298969280137
1.0232352890454812
1.0232352890454812
1.0220308666167006
1.0207916859118658
1.0207916859118658
1.0212214832736928
1.0238062721863452
1.0238062721863452
1.0238062721863452
1.0238062721863452
1.0238062721863452
1.0238062721863452
1.0234463124835882
1.0234463124835882
1.0234463124835882
1.0234482526560693
1.0234482526560693
1.0234482526560693
1.0230263070122154
1.0230263070122154
1.0227639078909385
1.0227639078909385
1.0227639078909385
1.0244380879413513
1.0244380879413513
1.0244380879413513
1.0244380879413513
1.0238372291018505
1.0238372291018505
1.0238372291018505
1.0238372291018505
1.0238372291018505
1.0231445703787154
1.0231445703787154
1.0231445703787154
1.0262149841174266
1.0262149841174266
1.023631445955296
1.0265536037582168
1.0275234430007487
1.0243742047904607
1.0281365987612354
1.029248963544611
1.029248963544611
1.029248963544611
1.029248963544611
1.0304343717078261
1.029010101623149
1.029010101623149
1.0289685862554454
1.0289685862554454
1.0281883753752716
1.0281883753752716
1.0281883753752716
1.027720665627193
1.0315197923571007
1.0315197923571007
1.0315197923571007
1.0320188421594103
1.0331142838915466
1.0327473690823246
1.0320477228881493
1.0320477228881493
1.0310094219569077
1.0294087425358172
1.0293786164801855
1.0293786164801855
1.0293786164801855
1.0305395822289476
1.0305395822289476
1.0305395822289476
1.0305395822289476
1.0305395822289476
1.0305395822289476
1.0305395822289476
1.0305395822289476
1.0327828103699785
1.0327828103699785
1.02874558066871
1.02874558066871
1.0288431254516257
1.0288431254516257
1.0288431254516257
1.0288431254516257
1.0288431254516257
1.0288431254516257
1.028544147745394
1.028544147745394
1.028544147745394
1.0313188590408076
1.0313188590408076
1.0313188590408076
1.0313188590408076
1.0322716493888413
1.0322716493888413
1.0322716493888413
1.0303989499437176
1.0303989499437176
1.0303989499437176
1.0303989499437176
1.0299624283785618
1.0299624283785618
1.0298488715343541
1.0298488715343541
1.0298488715343541
1.028214140110857
1.028214140110857
1.0317234319091813
1.0317234319091813
1.0326799253076049
1.032096159331277
1.032382580111659
1.0314606528419408
1.0314606528419408
1.0314606528419408
1.0312535601126462
1.0312535601126462
1.0312535601126462
1.0312535601126462
1.0312535601126462
1.0312535601126462
1.0312535601126462
1.0312535601126462
1.0285301652437102
1.0285301652437102
1.0285301652437102
1.0285301652437102
1.0285301652437102
1.0285301652437102
1.0285301652437102
1.0285301652437102
1.0285301652437102
1.0285301652437102
1.0285301652437102
1.0285301652437102
1.0285301652437102
1.0285301652437102
1.0285301652437102
1.0287210586792324
1.0287210586792324
1.0287210586792324
1.0285096396741835
1.0275499783127697
1.0282034048282978
1.0282034048282978
1.0282034048282978
1.0282034048282978
1.0282034048282978
1.0282034048282978
1.0282034048282978
1.0299884837157836
1.0299884837157836
1.0299884837157836
1.0284578138085203
1.0276401467116159
1.0276401467116159
1.0276401467116159
1.0276401467116159
1.0273404507005817
1.0258795621035868
1.025704371651232
1.025704371651232
1.025704371651232
1.025704371651232
1.025704371651232
1.0261684865590612
1.0266882363562702
1.0266882363562702
1.026660541196695
1.026660541196695
1.028712997028193
1.028712997028193
1.028712997028193
1.0284491285012338
1.0284491285012338
1.027782510002252
1.027782510002252
1.0253180988319668
1.0253180988319668
1.0253608711363191
1.0259696304208914
1.0259696304208914
1.0250486915244403
1.0250486915244403
1.0250486915244403
1.0268567387644487
1.0251096182290045
1.0251096182290045
1.0264988607457475
1.0250062762014454
1.0262623718759794
1.0277901479546288
1.0271808343755808
1.027590438133292
1.0282921879696376
1.0270487871227507
1.0266887257576434
1.0266887257576434
1.0266887257576434
1.0266887257576434
1.0266887257576434
1.0247700683246324
1.0265786330042508
1.0265786330042508
1.0274470886395326
1.0274470886395326
1.0274470886395326
1.028731633088123
1.0254148383427848
1.0254148383427848
1.0254148383427848
1.024629922411013
1.024629922411013
1.024629922411013
1.024629922411013
1.024629922411013
1.024629922411013
1.024629922411013
1.0260749197725305
1.026195888103238
1.0291016639955073
1.0291016639955073
1.0282190482711222
1.0282190482711222
1.027050482033124
1.0278710064897385
1.0304216637774206
1.0311647086404407
1.0303451306648228
1.0336869570783545
1.0336869570783545
1.0336869570783545
1.027756650366516
1.0249128977272561
1.024519554478229
1.024519554478229
1.024519554478229
1.0263752589971717
1.0263752589971717
1.0263752589971717
1.031289420486982
1.031289420486982
1.031289420486982
1.031289420486982
1.031289420486982
1.0280996638647653
1.0280996638647653
1.0277350743384037
1.0269294997303142
1.0265666702268124
1.0265666702268124
1.0265666702268124
1.0245795813682126
1.0245795813682126
1.0245795813682126
1.0251503601785037
1.0251503601785037
1.0265819896700268
1.0265819896700268
1.0265819896700268
1.0232044671783522
1.0232025776387652
1.0259545507289438
1.0259545507289438
1.0259545507289438
1.0259545507289438
1.0259545507289438
1.0259545507289438
1.0259545507289438
1.0259545507289438
1.0259545507289438
1.0259545507289438
1.027722483518544
1.0280506466071957
1.0231710276765773
1.0289896112765713
1.0276587867015416
1.0269224582072083
1.0269224582072083
1.0269224582072083
1.0244532646772446
1.0244366912916223
1.027271894874604
1.027271894874604
1.0289324581317312
1.0289324581317312
1.0289324581317312
1.0289324581317312
1.0289324581317312
1.0259344655521516
1.0260907555163443
1.0260907555163443
1.0288762152466142
1.0282328038173572
1.0282328038173572
1.0291166655830306
1.0291166655830306
1.0291166655830306
1.0275836382783516
1.0275836382783516
1.0275836382783516
1.0248258855477768
1.0248258855477768
1.0248258855477768
1.0248258855477768
1.0248258855477768
1.0279370575559115
1.0279370575559115
1.0279370575559115
1.0288956679148835
1.0288956679148835
1.0288956679148835
1.030426804534506
1.0285908593608595
1.0285908593608595
1.0285908593608595
1.0269873205410613
1.0293296074433587
1.02761858625077
1.02761858625077
1.0288360507184222
1.029090798023626
1.0305725269555854
1.0305725269555854
1.0305725269555854
1.0287370004053975
1.0275143943175256
1.0275143943175256
1.027883973944563
1.027883973944563
1.0268325824159463
1.0268325824159463
1.0268325824159463
1.02566119908522
1.025916409882293
1.0257913326470283
1.0257913326470283
1.0253449258334724
1.0253449258334724
1.0253449258334724
1.0253068959173988
1.0253068959173988
1.0275979878941948
1.0275979878941948
1.0296233667301025
1.0285982876606783
1.0285982876606783
1.0287653967436308
1.0261522662922926
1.0261522662922926
1.0261522662922926
1.0264282599020595
1.0264282599020595
1.0264282599020595
1.0264282599020595
1.0265317304252601
1.0265317304252601
1.0265317304252601
1.0247501303039546
1.0247633964621163
1.0247633964621163
1.0247633964621163
1.0223099570411376
1.0257860092001119
1.0257860092001119
1.0261394088905413
1.026462362321508
1.0240132894778788
1.0261919630814562
1.0261919630814562
1.0261919630814562
1.0250561880895328
1.0250561880895328
1.0250561880895328
1.0251392904209808
1.0251392904209808
1.0227542612726654
1.0227542612726654
1.0227542612726654
1.0227542612726654
1.0243280326369004
1.0243280326369004
1.0243280326369004
1.0240062940553591
1.0240062940553591
1.0223801701400046
1.0223801701400046
1.0223985923093517
1.0223985923093517
1.0223985923093517
1.0223985923093517
1.0223985923093517
1.021332815178183
1.021332815178183
1.0209665593609136
1.0202548172555104
1.0223917998945116
1.0223917998945116
1.0281626705480267
1.0281626705480267
1.0278561371479342
1.0278561371479342
1.0284999799481542
1.0284999799481542
1.0284999799481542
1.0284999799481542
1.0284999799481542
1.0284999799481542
1.029232957483659
1.029232957483659
1.029232957483659
1.028114469596382
1.0294308237617875
1.0294308237617875
1.0294308237617875
1.0294308237617875
1.0294308237617875
1.0294308237617875
1.0294308237617875
1.0294308237617875
1.0294308237617875
1.0306733854567125
1.0306733854567125
1.032529757282598
1.032529757282598
1.0311990854297246
1.0311990854297246
1.0311990854297246
1.0311990854297246
1.0311990854297246
1.0311990854297246
1.0311990854297246
1.0311990854297246
1.0311990854297246
1.0317412106701755
1.0317412106701755
1.0317412106701755
1.0317412106701755
1.0319783825964144
1.0298669624229713
1.0298669624229713
1.0306083410462987
1.0306083410462987
1.0306083410462987
1.030314661416303
1.030314661416303
1.0321997466131978
1.0321997466131978
1.0321997466131978
1.0321997466131978
1.0321997466131978
1.0321997466131978
1.0319060228598111
1.0328574688236278
1.0328574688236278
1.0328574688236278
1.0328574688236278
1.0328574688236278
1.0328574688236278
1.0323822422722264
1.0312187402805333
1.0312187402805333
1.0278539780207518
1.0266629154399363
1.028257860944845
1.028257860944845
1.0296284678387873
1.0296284678387873
1.0296284678387873
1.0296284678387873
1.0294071010130776
1.0294071010130776
1.0294071010130776
1.0294071010130776
1.0294071010130776
1.0294071010130776
1.0294071010130776
1.0294071010130776
1.0301087773072506
1.031068873988337
1.031068873988337
1.0308864090518353
1.0308864090518353
1.029034784901539
1.029034784901539
1.02808760357425
1.0289894021554897
1.031639873073657
1.031639873073657
1.0322737804174529
1.029896719030171
1.029896719030171
1.029896719030171
1.029896719030171
1.029896719030171
1.029896719030171
1.029896719030171
1.029896719030171
1.029896719030171
1.0281794787484588
1.0281794787484588
1.0281794787484588
1.0281794787484588
1.0273855512419694
1.0273855512419694
1.028085277539059
1.028085277539059
1.028085277539059
1.027415275874595
1.027415275874595
1.027415275874595
1.0291554503721236
1.0291554503721236
1.0291554503721236
1.0291554503721236
1.0293487771648289
1.0279850917856435
1.0279850917856435
1.0279850917856435
1.0276113124132118
1.0276113124132118
1.0276113124132118
1.0276113124132118
1.0276113124132118
1.026128716606405
1.026128716606405
1.026128716606405
1.026128716606405
1.0258757036537829
1.0264631543013434
1.0264631543013434
1.0264631543013434
1.0267626640501375
1.0256425542248784
1.0256425542248784
1.0269424821800466
1.0269424821800466
1.0269424821800466
1.0269424821800466
1.0264787627490795
1.0256886440047057
1.0259126061971182
1.0259126061971182
1.0259126061971182
1.0263900975807572
1.0263900975807572
1.0247955709766134
1.0247955709766134
1.024811229277494
1.0246023859949038
1.0275983043939707
1.0275983043939707
1.0270854797303928
1.0271834491868046
1.0287756836649027
1.0287756836649027
1.0287756836649027
1.0287756836649027
1.0287756836649027
1.0287756836649027
1.0281237086530552
1.0281237086530552
1.0281237086530552
1.0281237086530552
1.0289245370597238
1.0316063156608468
1.0316063156608468
1.0316063156608468
1.0316063156608468
1.032368916759624
1.031192882131151
1.031192882131151
1.031192882131151
1.031192882131151
1.031192882131151
1.031755648039027
1.0304846043062326
1.0304846043062326
1.0304846043062326
1.0304846043062326
1.0304846043062326
1.0290959504529242
1.0276625438468001
1.026188214608597
1.026188214608597
1.026188214608597
1.026188214608597
1.0262052872588026
1.0262052872588026
1.0292098758706123
1.0292098758706123
1.0292098758706123
1.0297570942216552
1.0297570942216552
1.0297570942216552
1.0297570942216552
1.029172605820335
1.029172605820335
1.029172605820335
1.027551181285593
1.0280004355619252
1.0273866989753806
1.0273866989753806
1.0273866989753806
1.02679778317521
1.0274795171015425
1.0278617421823335
1.0331702035748733
1.0331702035748733
1.032947282549634
1.032947282549634
1.033217616252869
1.033217616252869
1.0322243740221568
1.0322243740221568
1.0322243740221568
1.0314395012265385
1.0314395012265385
1.0313057694980075
1.0313057694980075
1.029526308667555
1.0288473415729344
1.0288473415729344
1.0288473415729344
1.0288473415729344
1.0289389319083053
1.0299925001236983
1.0306000051336677
1.0306000051336677
1.0306000051336677
1.0306689105537348
1.0306689105537348
1.0333595216093043
1.032843462702844
1.032843462702844
1.032843462702844
1.0303863669212963
1.0290481888843834
1.0290481888843834
1.0290481888843834
1.0290481888843834
1.0276471097662274
1.0276471097662274
1.0276471097662274
1.0276471097662274
1.0266742222311551
1.0266742222311551
1.0266742222311551
1.024847802597461
1.025461775820129
1.025461775820129
1.0237276682821697
1.0237276682821697
1.0237276682821697
1.024138829791074
1.0226302068703716
1.0226302068703716
1.0224622393913874
1.0206388500633707
1.024800534483655
1.025568690132667
1.025568690132667
1.0244720144220567
1.0244720144220567
1.0247782475211673
1.0232259238809418
1.0232259238809418
1.0232259238809418
1.0232259238809418
1.0232259238809418
1.0232259238809418
1.0232961609435822
1.0232961609435822
1.0232961609435822
1.0232961609435822
1.0233378393904407
1.0266782297798123
1.0266782297798123
1.0266782297798123
1.0266782297798123
1.0266782297798123
1.0266782297798123
1.0266782297798123
1.0261291790781832
1.0261291790781832
1.0238630576231529
1.0238630576231529
1.0238630576231529
1.0238630576231529
1.0238630576231529
1.0238630576231529
1.0238630576231529
1.0238630576231529
1.0267244073094435
1.0245752025668047
1.0219762732971645
1.0219762732971645
1.0219762732971645
1.0231810614549466
1.0231810614549466
1.0231810614549466
1.0243912469193506
1.0243912469193506
1.021638495341875
1.0231971759595475
1.0231971759595475
1.0238180857587358
1.0238180857587358
1.02507913392744
1.0260550952043168
1.0260550952043168
1.0260190985917583
1.0236659868806335
1.023276935564774
1.023276935564774
1.023276935564774
1.023276935564774
1.0231025158798768
1.0231025158798768
1.0231025158798768
1.0252776340154433
1.0290007169351185
1.0267082749755585
1.0267082749755585
1.026938152066974
1.026938152066974
1.026938152066974
1.026938152066974
1.026938152066974
1.026938152066974
1.0277884822877954
1.0277601600674247
1.0277601600674247
1.0277601600674247
1.0277601600674247
1.0250980996713543
1.0250980996713543
1.0237782488051164
1.025563592650269
1.0244906791414967
1.0244906791414967
1.0256083460856926
1.0239804739044565
1.021855175024252
1.0220430458806402
1.0220430458806402
1.0216240681922404
1.0221224914082727
1.0221432098436034
1.0221432098436034
1.0221432098436034
1.0237755811360465
1.02511986963001
1.02511986963001
1.02511986963001
1.02511986963001
1.02511986963001
1.024567745814122
1.0240755084096906
1.0240755084096906
1.0195813368746518
1.0182644898723046
1.017620487004757
1.0173107833626402
1.01809170303802
1.0184729229335128
1.0184902990060731
1.0247184044933138
1.0247184044933138
1.0247184044933138
1.0247184044933138
1.0228641401383425
1.0230973746070116
1.0230973746070116
1.0230973746070116
1.02413093199212
1.02413093199212
1.02413093199212
1.02413093199212
1.0251350549729117
1.0251350549729117
1.0258162544034675
1.0248746381324776
1.0248746381324776
1.0248746381324776
1.0248746381324776
1.0248746381324776
1.0248746381324776
1.0248746381324776
1.0227186091063847
1.0227186091063847
1.0244790897102238
1.0244790897102238
1.0243176368540858
1.0243176368540858
1.0243176368540858
1.0231674652702232
1.0231674652702232
1.0211638802499678
1.022609389956913
1.022609389956913
1.022609389956913
1.021872236603635
1.0232581042396967
1.0232581042396967
1.0232581042396967
1.0239445711299286
1.0239445711299286
1.0239445711299286
1.0239445711299286
1.0239445711299286
1.0239445711299286
1.0265187550563313
1.0265187550563313
1.0272140910711116
1.0272140910711116
1.0269202845909968
1.0269202845909968
1.0269202845909968
1.0269202845909968
1.0269202845909968
1.0269202845909968
1.0271292468587914
1.0271292468587914
1.0271292468587914
1.0271292468587914
1.0271292468587914
1.023744418989928
1.0222542000885753
1.0238153297188473
1.0238153297188473
1.0238153297188473
1.0238153297188473
1.0238153297188473
1.0219370392928953
1.0250790193540333
1.0250790193540333
1.0242039521061823
1.0230357481354073
1.021819716196721
1.0222213592942861
1.0222213592942861
1.0222213592942861
1.0226417074166474
1.0239875325080092
1.0239875325080092
1.0235286590877095
1.0235286590877095
1.0235286590877095
1.0235286590877095
1.0271152374780352
1.0271152374780352
1.0277656757340436
1.028640234090607
1.028117738849724
1.0263705508498813
1.0257970580714468
1.0257970580714468
1.0246193116071685
1.0246193116071685
1.0266809083307693
1.0265875957500332
1.0293723283462084
1.0278944142848876
1.0277617211225802
1.0277617211225802
1.0277617211225802
1.0277617211225802
1.0277617211225802
1.0245830903391053
1.0246035056225928
1.0246035056225928
1.0246035056225928
1.0246035056225928
1.0247790797277552
1.0247790797277552
1.025223685494687
1.025223685494687
1.025223685494687
1.024411885757933
1.024411885757933
1.024411885757933
1.024272862486359
1.024272862486359
1.0242680149680154
1.0242680149680154
1.0243223066450933
1.0244259524254795
1.02323703318038
1.0228789281739041
1.0242423168942336
1.0242423168942336
1.0253260520433634
1.0253260520433634
1.025254378547222
1.025254378547222
1.0245838895225212
1.0243502132652798
1.0243502132652798
1.0243502132652798
1.0243502132652798
1.0211851551694553
1.0211851551694553
1.0211851551694553
1.0204063486647306
1.0204063486647306
1.0204063486647306
1.0228942523777989
1.0228942523777989
1.0208455279875965
1.0208455279875965
1.0237160910824201
1.0265685182230297
1.0265685182230297
1.0265685182230297
1.0265685182230297
1.0268143762718305
1.0268143762718305
1.0268143762718305
1.0268143762718305
1.0262172565275922
1.0262172565275922
1.0247008847039893
1.0244693376227179
1.0244693376227179
1.0223544768084203
1.0223544768084203
1.0239724036637021
1.025573031279071
1.0252207617293623
1.0252207617293623
1.0254784248570687
1.0254784248570687
1.024835813693252
1.0225630611174958
1.0225630611174958
1.0225630611174958
1.021051856120478
1.0225583201165813
1.022346689554654
1.023642443683097
1.023642443683097
1.023642443683097
1.023642443683097
1.0243829789967833
1.0243829789967833
1.023707051865481
1.022719491308079
1.022719491308079
1.022719491308079
1.022719491308079
1.022719491308079
1.0239725016058057
1.0239725016058057
1.0239725016058057
1.0276438432527912
1.0276438432527912
1.028944780318809
1.028944780318809
1.0266596485665915
1.0266596485665915
1.0266596485665915
1.0266596485665915
1.0277739924884997
1.0296208912715343
1.0296208912715343
1.0296208912715343
1.0296208912715343
1.0296208912715343
1.0291820937684308
1.027375324358405
1.027375324358405
1.027375324358405
1.027375324358405
1.0274209830287881
1.0281245186589896
1.029600209215923
1.0286815877532365
1.029472263987182
1.0292897012872264
1.0291625081180213
1.0291625081180213
1.0289988488752948
1.0294284638427758
1.0294284638427758
1.0294284638427758
1.0294284638427758
1.0294894967644876
1.0294894967644876
1.0294894967644876
1.0295891452640076
1.0295891452640076
1.0300212009923175
1.0300212009923175
1.0300212009923175
1.0306446272838978
1.0323474842995497
1.0323474842995497
1.0323474842995497
1.031220789499814
1.0256244785288267
1.0262424301838364
1.0279632399478824
1.0286599547543511
1.0300426100457092
1.0300426100457092
1.0300426100457092
1.0300426100457092
1.0300426100457092
1.0310863778896657
1.0310863778896657
1.0310863778896657
1.0310863778896657
1.0292027594738469
1.0292027594738469
1.0295929771378531
1.0295929771378531
1.0315438915813346
1.0315438915813346
1.0299468015956577
1.0303056149259182
1.0303056149259182
1.0303056149259182
1.0303056149259182
1.0293198559254957
1.0293198559254957
1.032484053203917
1.032484053203917
1.0329149102540403
1.0329149102540403
1.0297786111780785
1.0298284101245683
1.0298284101245683
1.0298284101245683
1.0298284101245683
1.0298284101245683
1.0298284101245683
1.0298284101245683
1.0298284101245683
1.0275832228263042
1.0275832228263042
1.0275832228263042
1.0300041942997649
1.0300041942997649
1.0300041942997649
1.0300041942997649
1.0300041942997649
1.0269937697666742
1.0269937697666742
1.0269937697666742
1.0269937697666742
1.0269937697666742
1.0269937697666742
1.0269937697666742
1.0269937697666742
1.0269937697666742
1.0269937697666742
1.0269937697666742
1.0276030711271138
1.0276030711271138
1.0276030711271138
1.0276030711271138
1.0276030711271138
1.0291054274672986
1.0291054274672986
1.027925517732483
1.027925517732483
1.027925517732483
1.027925517732483
1.027925517732483
1.027925517732483
1.027925517732483
1.027925517732483
1.0275747360385095
1.0279374254785698
1.0279374254785698
1.0279374254785698
1.0279374254785698
1.0279374254785698
1.0279374254785698
1.0276637751145623
1.0276637751145623
1.028090475684675
1.028090475684675
1.0266168958301447
1.0266168958301447
1.0266168958301447
1.0253473561505102
1.0253473561505102
1.0253473561505102
1.0253473561505102
1.0253000557437382
1.0254139912033824
1.0254139912033824
1.0260744452802408
1.0260744452802408
1.027206133420933
1.027206133420933
1.0231375139295968
1.0232519213282214
1.0232519213282214
1.0232519213282214
1.0232151309549777
1.0232151309549777
1.0232151309549777
1.0247524407051114
1.0258694122391385
1.0243560580228843
1.0213325159941211
1.0236381488139674
1.0269313190627243
1.0269313190627243
1.028263193620875
1.028263193620875
1.0280692918048817
1.027830287493017
1.0275995727025289
1.0275995727025289
1.0275995727025289
1.0275995727025289
1.0275995727025289
1.0275995727025289
1.027451906483337
1.0271483534950985
1.0271483534950985
1.0256330266444948
1.0256330266444948
1.0256330266444948
1.0256330266444948
1.0222107627468429
1.0219601974986632
1.0219601974986632
1.0219601974986632
1.0219601974986632
1.0219601974986632
1.0219601974986632
1.0219601974986632
1.0213727814566245
1.0213378886159623
1.0206649971351995
1.0201999494079328
1.0201336237921828
1.0201336237921828
1.0201336237921828
1.0201336237921828
1.0182095541353664
1.0182095541353664
1.01907904824296
1.0203758538372873
1.0212026397274203
1.023612486201119
1.023612486201119
1.023612486201119
1.023612486201119
1.023612486201119
1.023612486201119
1.023612486201119
1.023612486201119
1.0226552531788615
1.0226552531788615
1.0210993754224469
1.0210993754224469
1.0221185273925626
1.0225239971438014
1.0225239971438014
1.0225239971438014
1.0225239971438014
1.0225239971438014
1.0223033022850474
1.0246246151798486
1.0246246151798486
1.0246246151798486
1.0246246151798486
1.0246246151798486
1.024460787800062
1.024460787800062
1.022780453386363
1.022780453386363
1.022780453386363
1.0238095737176687
1.0238095737176687
1.0238095737176687
1.0238095737176687
1.0238095737176687
1.0238095737176687
1.0251401349360683
1.0293219593088885
1.0293219593088885
1.0297611198280028
1.0297611198280028
1.0297611198280028
1.0297611198280028
1.0297611198280028
1.0297611198280028
1.0280818429983134
1.025009942424346
1.0230199651482241
1.0230199651482241
1.0247419444768184
1.0247419444768184
1.0247419444768184
1.0266410771209737
1.0253794759224433
1.0253794759224433
1.0253794759224433
1.0243130086037484
1.0234418973158608
1.0220038517072179
1.023252143510488
1.023252143510488
1.023252143510488
1.021173635815758
1.021173635815758
1.0232210423657961
1.026450514781519
1.026450514781519
1.026450514781519
1.026450514781519
1.026450514781519
1.026450514781519
1.026450514781519
1.0265433146130027
1.0264967230856314
1.0264967230856314
1.02520931725235
1.0265740346710652
1.0265740346710652
1.0265740346710652
1.0265740346710652
1.0265740346710652
1.0282327454853104
1.0289596197651583
1.0289596197651583
1.0259993103014624
1.0259993103014624
1.0259993103014624
1.0259993103014624
1.0259993103014624
1.025055449742854
1.025055449742854
1.025055449742854
1.025055449742854
1.025055449742854
1.0193435498373176
1.0209563698610518
1.018904093642685
1.0202998712110471
1.0202998712110471
1.0238140151426043
1.0261796932960996
1.0261796932960996
1.0261796932960996
1.0261796932960996
1.0261796932960996
1.0261796932960996
1.0246291678773636
1.0246291678773636
1.0251271642380158
1.0251271642380158
1.0258705050761994
1.0258705050761994
1.0258705050761994
1.0258705050761994
1.0258705050761994
1.0258705050761994
1.0258436272208193
1.0258436272208193
1.0257498796555895
1.0257498796555895
1.0236478356672076
1.0235003154038993
1.024349480359996
1.024349480359996
1.0221380916537004
1.0221380916537004
1.0244832957017287
1.0231128829278815
1.0231128829278815
1.0211172295378521
1.0239212328740839
1.0239212328740839
1.0231792769611057
1.0254819741338135
1.0255378488630098
1.0255378488630098
1.0244945631691618
1.023221925948131
1.023221925948131
1.021733751878908
1.0220840616077116
1.0220840616077116
1.0220840616077116
1.0220840616077116
1.0220840616077116
1.0222713789632258
1.0222713789632258
1.0222713789632258
1.0222713789632258
1.0223396618184117
1.0223396618184117
1.0223396618184117
1.0233685798348158
1.0233920894003743
1.0233920894003743
1.0233920894003743
1.0233920894003743
1.0233920894003743
1.023606937563933
1.023606937563933
1.023606937563933
1.023606937563933
1.0226026171654896
1.0226026171654896
1.0252842132309439
1.0252842132309439
1.0252842132309439
1.0252842132309439
1.0262069662278979
1.0265703520376401
1.0281099996079222
1.0268928132330994
1.0268928132330994
1.0254791949234734
1.0241558998513733
1.0246897253011273
1.0246897253011273
1.0246897253011273
1.02575741771966
1.0246327812519878
1.0241387600902947
1.0233444432697205
1.0233444432697205
1.024705042745248
1.024705042745248
1.024705042745248
1.0261765852283404
1.0261765852283404
1.0238311701122556
1.0238311701122556
1.024175625368238
1.0247991662044524
1.025537040549719
1.025537040549719
1.027074666189649
1.027074666189649
1.027074666189649
1.027074666189649
1.027074666189649
1.027074666189649
1.028614633911973
1.0267830203097141
1.0267830203097141
1.0267830203097141
1.0273538829410815
1.0273538829410815
1.0273538829410815
1.0273538829410815
1.0268397974092858
1.0268397974092858
1.0268397974092858
1.024422304091851
1.024422304091851
1.024422304091851
1.024469490315383
1.0230306749374567
1.0230306749374567
1.0230306749374567
1.0219702490325546
1.0200881061182703
1.0231367001150569
1.0231367001150569
1.0215471229664
1.0215471229664
1.0215471229664
1.0215471229664
1.0215471229664
1.0229184187751568
1.0229184187751568
1.0229184187751568
1.0229184187751568
1.0229184187751568
1.0229184187751568
1.0229184187751568
1.0247678063505223
1.0247678063505223
1.0267451386286917
1.0267451386286917
1.0267451386286917
1.0254037053306522
1.0254037053306522
1.0254037053306522
1.025426888276324
1.0262119856851304
1.0260660464384628
1.026354917120894
1.026354917120894
1.0242559021302398
1.0242559021302398
1.0242559021302398
1.0242559021302398
1.024763693758166
1.0244733881266528
1.0244733881266528
1.0244733881266528
1.0244733881266528
1.0244733881266528
1.0245633982595876
1.0245633982595876
1.024993628869814
1.024993628869814
1.024993628869814
1.0228880024933966
1.0209855457328507
1.0209855457328507
1.0209855457328507
1.024705020128203
1.024705020128203
1.024705020128203
1.0272587187816429
1.0272587187816429
1.0272587187816429
1.0280835768350585
1.0280835768350585
1.0280835768350585
1.0280835768350585
1.0269934059628134
1.0283303068651601
1.029266856080231
1.029266856080231
1.0289627984530447
1.0280498092651604
1.0237785587632469
1.0214709741978334
1.0245608897894527
1.0245608897894527
1.0276991472028676
1.024401012149643
1.024401012149643
1.024401012149643
1.0250574332141518
1.0261338198553684
1.0243818548477772
1.0243818548477772
1.0244674157414657
1.0255742644993984
1.0240544095770898
1.0234861542509495
1.0234861542509495
1.0234861542509495
1.0234118429961836
1.02243049920206
1.02243049920206
1.0227108746858469
1.023527462835851
1.0243280203119844
1.0230362331135345
1.0230362331135345
1.0230362331135345
1.0217717003238993
1.0222995455829984
1.0242005789508997
1.0225682764407467
1.0256107532786787
1.0256107532786787
1.0248853358994607
1.0242187200047668
1.0242187200047668
1.0242187200047668
1.0242187200047668
1.0244063373607797
1.0244063373607797
1.0221522992763101
1.0221522992763101
1.0221522992763101
1.0221522992763101
1.0231810969154496
1.0231810969154496
1.0231810969154496
1.0231810969154496
1.024555546210013
1.024555546210013
1.024555546210013
1.024555546210013
1.0231237931138928
1.024231182604667
1.0253522801314008
1.0222883451750397
1.0213781146794296
1.023636111462133
1.0222841747417704
1.0227237119220416
1.0227237119220416
1.0241128492449871
1.0227362776795965
1.0227362776795965
1.0227362776795965
1.0227362776795965
1.0227362776795965
1.0227362776795965
1.0263868175304163
1.0276276587958575
1.0276276587958575
1.0276276587958575
1.0277792238014107
1.0277792238014107
1.0277792238014107
1.0277792238014107
1.0249468627555987
1.026553116141642
1.026553116141642
1.026553116141642
1.026553116141642
1.026895042017377
1.0255679304157714
1.0252770532764426
1.0252770532764426
1.0252770532764426
1.0252770532764426
1.028891187746036
1.0278554773814963
1.0278554773814963
1.0295019616747616
1.0286507096390625
1.0286507096390625
1.0272661854471423
1.0282742826371356
1.0282742826371356
1.0285667139731691
1.027510931997463
1.027510931997463
1.027510931997463
1.027510931997463
1.027510931997463
1.027214875848942
1.0290394540358676
1.0281438660261673
1.029322737762923
1.029322737762923
1.029322737762923
1.029322737762923
1.029322737762923
1.029322737762923
1.029322737762923
1.0283334141197342
1.0283334141197342
1.0283334141197342
1.0283334141197342
1.030935444042403
1.030935444042403
1.027597900419656
1.027597900419656
1.0274574715007518
1.0278549322358437
1.0278549322358437
1.0278549322358437
1.0278549322358437
1.0278549322358437
1.0278549322358437
1.0278549322358437
1.0278549322358437
1.0274509989800018
1.0274509989800018
