0.9522010193182165
0.9522010193182165
0.9522010193182165
0.9522010193182165
0.9522010193182165
0.9522010193182165
0.9522010193182165
0.9522010193182165
0.9522010193182165
0.9522010193182165
0.9522010193182165
0.9522010193182165
0.9522010193182165
0.9522010193182165
0.9522010193182165
0.9522010193182165
0.9522010193182165
0.9522010193182165
0.9522010193182165
0.9522010193182165
0.9522010193182165
0.9522010193182165
0.9522010193182165
0.9522010193182165
0.9522010193182165
0.9522010193182165
0.9522010193182165
0.9522010193182165
0.9522010193182165
0.9522010193182165
0.9522010193182165
0.9522010193182165
0.9522010193182165
0.9522010193182165
0.9522010193182165
0.9522010193182165
0.9522010193182165
0.9522010193182165
0.9522010193182165
0.9522010193182165
0.9522010193182165
0.9522010193182165
0.9522010193182165
0.9522010193182165
0.9522010193182165
0.9522010193182165
0.9522010193182165
0.9522010193182165
0.9522010193182165
0.9522010193182165
0.9522010193182165
0.9522010193182165
0.9522010193182165
0.9522010193182165
0.9522010193182165
0.9522010193182165
0.9522010193182165
0.9522010193182165
0.9522010193182165
0.9522010193182165
0.9522010193182165
0.9522010193182165
0.9522010193182165
0.9522010193182165
0.9522010193182165
0.9522010193182165
0.9522010193182165
0.9522010193182165
0.9522010193182165
0.9522010193182165
0.9522010193182165
0.9522010193182165
0.9522010193182165
0.9522010193182165
0.9522010193182165
0.9522010193182165
0.9522010193182165
0.9522010193182165
0.9522010193182165
0.9522010193182165
0.9522010193182165
0.9522010193182165
0.9522010193182165
0.9522010193182165
0.9522010193182165
0.9522010193182165
0.9522010193182165
0.9522010193182165
0.9522010193182165
0.9522010193182165
0.9522010193182165
0.9522010193182165
0.9522010193182165
0.9522010193182165
0.9522010193182165
0.9522010193182165
0.9522010193182165
0.9522010193182165
0.9522010193182165
0.9522010193182165
0.9522010193182165
0.9522010193182165
0.9522010193182165
0.9522010193182165
0.9543401138448594
0.9543401138448594
0.9543401138448594
0.9543401138448594
0.9543401138448594
0.9573657233107566
0.9573657233107566
0.9573657233107566
0.9573657233107566
0.9589173546537051
0.9615557740248317
0.9615557740248317
0.9615557740248317
0.9615557740248317
0.9625552442412354
0.9662325404068438
0.967622449321284
0.9675697023291504
0.9675697023291504
0.9735938297210341
0.9735938297210341
0.9735938297210341
0.9789530863009746
0.9789530863009746
0.9810067050378616
0.9810067050378616
0.9886336427243148
0.9895519467044303
0.9914896690820919
0.9927608645596994
1.0031045129743585
1.0066533243118654
1.0066533243118654
1.009860058928088
1.01231870690013
1.0084547913245465
1.0107572950341306
1.0120046075735207
1.0169841176411665
1.0167705712779413
1.0167705712779413
1.0167705712779413
1.0167705712779413
1.0182149877469975
1.018244408441422
1.021307998024138
1.021307998024138
1.021307998024138
1.021307998024138
1.021307998024138
1.021307998024138
1.0204348355839443
1.0227081565238942
1.0227081565238942
1.0247002519964652
1.0245442283695223
1.0245442283695223
1.0245442283695223
1.0245442283695223
1.0245442283695223
1.0245442283695223
1.0245442283695223
1.0245442283695223
1.0253453899872742
1.0273893233072648
1.0273893233072648
1.0275056342095688
1.0275056342095688
1.0284355463450399
1.0284355463450399
1.0284355463450399
1.0265128596460633
1.0257415445149336
1.0257415445149336
1.027863274046497
1.0263070122367202
1.02928340829965
1.02928340829965
1.0268525739126082
1.0298254795625619
1.0296625534306063
1.0296625534306063
1.0296625534306063
1.0284935004538684
1.027680604551908
1.027680604551908
1.028419655649152
1.028419655649152
1.0283658423882334
1.029021522667009
1.031739995468138
1.0321160971109216
1.0318749392341173
1.0318749392341173
1.031790414819101
1.031790414819101
1.0315086498306905
1.0325087000966253
1.0300311321555882
1.0300311321555882
1.0300311321555882
1.0300311321555882
1.0300311321555882
1.0297529309143676
1.0302203152140812
1.0302203152140812
1.0302203152140812
1.0310687618327916
1.0310687618327916
1.0298874661280821
1.0348897478531258
1.0318120276580232
1.0325880716746278
1.0325880716746278
1.0325880716746278
1.0325880716746278
1.0325880716746278
1.0325880716746278
1.0325880716746278
1.0325880716746278
1.0325880716746278
1.0325880716746278
1.0325880716746278
1.0327857508955207
1.0327857508955207
1.0327857508955207
1.0327857508955207
1.03247401477097
1.03262195898326
1.03262195898326
1.03262195898326
1.03262195898326
1.0308239955677054
1.0308239955677054
1.0308239955677054
1.02920272515295
1.02920272515295
1.02920272515295
1.02920272515295
1.02920272515295
1.02920272515295
1.0309172980884511
1.027568725937802
1.027568725937802
1.0270609348368884
1.0306716870970023
1.0306735742509388
1.0297091496718915
1.0297091496718915
1.0297091496718915
1.0297091496718915
1.0297091496718915
1.0304263555131306
1.0304263555131306
1.0303696642015667
1.0303696642015667
1.0303696642015667
1.031074522273475
1.0325879256218342
1.0320277137713458
1.0320277137713458
1.0320277137713458
1.0320277137713458
1.0290210529855872
1.0294797013746253
1.0294797013746253
1.0294797013746253
1.0294797013746253
1.0295215287868118
1.0295215287868118
1.0295215287868118
1.0293049556457126
1.0301208705905067
1.0301208705905067
1.0320623411792313
1.0320623411792313
1.0313235853761267
1.0343027695314924
1.0343027695314924
1.0307899035502763
1.0307899035502763
1.0307899035502763
1.0307899035502763
1.0280100430451673
1.0268888364899993
1.0268888364899993
1.0268888364899993
1.0291391833211523
1.0297534250634022
1.0297534250634022
1.0280919933806116
1.0280919933806116
1.0280919933806116
1.0271978192937783
1.028669735120675
1.028669735120675
1.0250024964389524
1.025194837795757
1.0257633041825513
1.0257633041825513
1.0238061769784252
1.0238061769784252
1.0253602600463192
1.0253602600463192
1.0253602600463192
1.027553074489619
1.027553074489619
1.027553074489619
1.0271952044320394
1.0271952044320394
1.0262458663981988
1.026370986940978
1.027305858851506
1.0258386996973705
1.0258386996973705
1.0246692579910268
1.0240255289773301
1.0240255289773301
1.0249714351290062
1.0249714351290062
1.0242316656213775
1.0242316656213775
1.0267701427745648
1.0267701427745648
1.026827472229785
1.026827472229785
1.026827472229785
1.0255501231180018
1.0255501231180018
1.0250457846040837
1.0252291599428478
1.0252777766500003
1.0252777766500003
1.027184209481094
1.027184209481094
1.0257499075896073
1.0257499075896073
1.0257499075896073
1.0257499075896073
1.0257499075896073
1.026805700393309
1.026805700393309
1.0281077452753418
1.0294159536576648
1.0294159536576648
1.0294159536576648
1.0337172006559965
1.032643888341577
1.032643888341577
1.032643888341577
1.0310601675323208
1.0310601675323208
1.0310601675323208
1.0309092407738296
1.0309092407738296
1.0309092407738296
1.0303514441730242
1.0303514441730242
1.0303514441730242
1.0276228920400348
1.0284817115049165
1.0284817115049165
1.0284817115049165
1.0284817115049165
1.0290316806254243
1.0290316806254243
1.0290316806254243
1.0290316806254243
1.0290316806254243
1.0292178565110566
1.026691933141292
1.0308881409733144
1.0308881409733144
1.0308881409733144
1.0317676844186636
1.029418044875469
1.029418044875469
1.0289737158549233
1.0289737158549233
1.0289737158549233
1.0289737158549233
1.0289737158549233
1.0289737158549233
1.0298506800570493
1.0298506800570493
1.0298506800570493
1.0283617462249488
1.029191342297626
1.029191342297626
1.0288609473872883
1.028553900736175
1.028553900736175
1.028553900736175
1.0277043422448573
1.0277043422448573
1.0282738772287106
1.0286844017127643
1.0295072804967988
1.030248223979454
1.030248223979454
1.030248223979454
1.030248223979454
1.030248223979454
1.0323602703028405
1.0323602703028405
1.030100866744713
1.030100866744713
1.030100866744713
1.030100866744713
1.030100866744713
1.0282293875322412
1.0282293875322412
1.0282293875322412
1.0282293875322412
1.0282293875322412
1.029208102885655
1.029357538259232
1.0288025035000774
1.0288025035000774
1.0287638469389786
1.0289335649944953
1.0300865781635555
1.0300865781635555
1.0300865781635555
1.0300865781635555
1.0297529006056099
1.029994521260536
1.0313264920041767
1.0313264920041767
1.0313264920041767
1.0313264920041767
1.0313264920041767
1.0313264920041767
1.0313264920041767
1.0313264920041767
1.0313264920041767
1.0313264920041767
1.0313264920041767
1.030236406219286
1.0299787225859922
1.0299787225859922
1.0308578076175767
1.0321876347911203
1.034261891211183
1.034261891211183
1.034261891211183
1.0332915749567084
1.0314643468569857
1.0314643468569857
1.0314643468569857
1.0314643468569857
1.0314643468569857
1.0314643468569857
1.0314643468569857
1.0314643468569857
1.0305057246708165
1.0305057246708165
1.028456354979706
1.0279849792291078
1.0267670590224216
1.0267670590224216
1.0274507973459686
1.026254893971739
1.0290405297821341
1.0290405297821341
1.0290405297821341
1.0295070987625952
1.0295070987625952
1.028779265168641
1.028779265168641
1.0296663355514912
1.0296663355514912
1.0289588518081172
1.0289588518081172
1.025835362162095
1.025858984195125
1.027381589641435
1.027381589641435
1.027381589641435
1.0269807919782912
1.0269807919782912
1.0269807919782912
1.0269807919782912
1.0269807919782912
1.0270070663205402
1.0270070663205402
1.0270070663205402
1.0250351530857216
1.0280564087762885
1.0280564087762885
1.0271061723971981
1.0253781867806004
1.0262809241454713
1.0262252750603011
1.0262252750603011
1.0262252750603011
1.0262252750603011
1.0250950336032238
1.0250950336032238
1.0284708857547336
1.0304054582765338
1.0307985965824855
1.0265189177500007
1.0256376661333855
1.0267042010781036
1.0267042010781036
1.0267042010781036
1.0267042010781036
1.0267042010781036
1.026656570205778
1.026656570205778
1.026656570205778
1.026656570205778
1.027137414784975
1.0249689453413304
1.0249689453413304
1.0247208050118082
1.0247208050118082
1.0254883705177764
1.0254883705177764
1.0254883705177764
1.0254883705177764
1.0247566544009161
1.0291333188698975
1.0322786411573004
1.0295346541301234
1.0266018774285999
1.0230292902401914
1.0230292902401914
1.0230292902401914
1.0230292902401914
1.0230292902401914
1.0234535529411826
1.0234535529411826
1.0234535529411826
1.0234535529411826
1.0234535529411826
1.0234535529411826
1.0222458307032967
1.0222458307032967
1.0236449395853433
1.0236449395853433
1.0236449395853433
1.0236449395853433
1.0236449395853433
1.0253214285472414
1.0260509761645846
1.0251692111518276
1.0251692111518276
1.0251692111518276
1.0250279160160507
1.0237348948457166
1.0237348948457166
1.0226233380854675
1.0232937151924428
1.0260162201996434
1.0260524568731664
1.0287219746227354
1.0287219746227354
1.0306384980793895
1.0306384980793895
1.0306384980793895
1.03222796473885
1.03222796473885
1.03222796473885
1.03222796473885
1.033707399107054
1.033707399107054
1.033707399107054
1.0330418887431705
1.0330418887431705
1.0330418887431705
1.0330418887431705
1.0330418887431705
1.03210703991208
1.03210703991208
1.0348366555130866
1.0350018123150984
1.033898818562425
1.033898818562425
1.033898818562425
1.033898818562425
1.033898818562425
1.0342100706856112
1.0342100706856112
1.0342100706856112
1.0344570239447697
1.0349198178803412
1.0349198178803412
1.0349198178803412
1.0346501066016651
1.034233643247574
1.034233643247574
1.034233643247574
1.0366337686190152
1.0366337686190152
1.0348016249932586
1.0340354664422686
1.0340354664422686
1.0340354664422686
1.0340354664422686
1.0340354664422686
1.0340354664422686
1.0340354664422686
1.034601015074106
1.034601015074106
1.033754035553625
1.0342331763332269
1.0341518889962786
1.0341518889962786
1.0341518889962786
1.0341518889962786
1.0341518889962786
1.0339437148937134
1.0339437148937134
1.0339437148937134
1.0339437148937134
1.0339437148937134
1.0343350798013935
1.0343350798013935
1.0343350798013935
1.0343350798013935
1.0343350798013935
1.0343350798013935
1.0311239289318572
1.0311239289318572
1.0320459266457571
1.0320459266457571
1.0320459266457571
1.0320459266457571
1.0320459266457571
1.0302824463965603
1.0303883950168466
1.0298647083075725
1.0267230998235075
1.0313306313949135
1.0313306313949135
1.0313306313949135
1.0313306313949135
1.0313306313949135
1.0313306313949135
1.0313306313949135
1.0327220826065109
1.031839335758146
1.031839335758146
1.0328197940143118
1.0328197940143118
1.0321551973212701
1.0321551973212701
1.0308811848504984
1.0308811848504984
1.0305291701008328
1.031193833400645
1.030994039975737
1.0323826927413995
1.0323826927413995
1.0323826927413995
1.0323826927413995
1.0343086521727052
1.0339298484489612
1.0347167218425646
1.0347167218425646
1.0347167218425646
1.0316384087539368
1.031349448887811
1.033876686594974
1.0331420169531313
1.033142259781949
1.033142259781949
1.0312677952964286
1.0312677952964286
1.0312677952964286
1.0299413850266799
1.0323984229131729
1.0320376116092553
1.0320376116092553
1.0353663579996972
1.0353663579996972
1.0353663579996972
1.0353663579996972
1.0353663579996972
1.0340010938109399
1.0340010938109399
1.0340010938109399
1.0340010938109399
1.0340010938109399
1.0340010938109399
1.0340010938109399
1.036438747198833
1.0371025649195198
1.036664263217151
1.036664263217151
1.036664263217151
1.036664263217151
1.036664263217151
1.036664263217151
1.036664263217151
1.0364824677585747
1.0364824677585747
1.0359014371274387
1.0359014371274387
1.0346893630335254
1.0346893630335254
1.0338132566202334
1.0338132566202334
1.0332782307800106
1.0332262496886653
1.0337987860235707
1.0337987860235707
1.033274650438374
1.033274650438374
1.0362983521541027
1.0362983521541027
1.0351559613657904
1.0351559613657904
1.0351559613657904
1.0351559613657904
1.0351559613657904
1.0351559613657904
1.0329481425538276
1.032243878454888
1.032243878454888
1.032243878454888
1.0376745743929938
1.0376745743929938
1.0376745743929938
1.035205460877697
1.035363481786046
1.034249955371486
1.034249955371486
1.034249955371486
1.0325879730361014
1.0325879730361014
1.0325879730361014
1.0336534155666415
1.0324830907055285
1.0324830907055285
1.0324830907055285
1.0306502813841552
1.02998600847217
1.029464444288012
1.029464444288012
1.029464444288012
1.0298317694415817
1.0298317694415817
1.0298317694415817
1.0298317694415817
1.0298317694415817
1.028974308730857
1.0298299128088741
1.0298299128088741
1.0298299128088741
1.0298299128088741
1.0298299128088741
1.0332867210750345
1.0334476075473848
1.0334476075473848
1.0344541091433623
1.0363034690874933
1.0363034690874933
1.035559814108485
1.035559814108485
1.035559814108485
1.035559814108485
1.035675988048308
1.036859581412999
1.0346893214578443
1.0346893214578443
1.0346893214578443
1.0346893214578443
1.0346893214578443
1.0346893214578443
1.033165504149276
1.033165504149276
1.0325141688391286
1.0325141688391286
1.0324780324934526
1.0324780324934526
1.0324780324934526
1.0324780324934526
1.0324780324934526
1.0324780324934526
1.0324780324934526
1.0339721299259705
1.0335344201813441
1.0335344201813441
1.0335344201813441
1.0335344201813441
1.0335344201813441
1.0335344201813441
1.0338799172422752
1.0331569014768933
1.0322515730986277
1.0322515730986277
1.0352768643232506
1.0352768643232506
1.0347158082933077
1.0347158082933077
1.0329841955637176
1.0329841955637176
1.0329841955637176
1.0333089998522742
1.0325875791368735
1.0325875791368735
1.031931368586083
1.0295341781744465
1.0295341781744465
1.0295341781744465
1.0295341781744465
1.0296481451068216
1.0275427354617517
1.0278480557054388
1.027868865251151
1.0292704653698859
1.0292704653698859
1.0296563478158474
1.030090588253073
1.030090588253073
1.030090588253073
1.030090588253073
1.030090588253073
1.030090588253073
1.030090588253073
1.030090588253073
1.027742656663291
1.027742656663291
1.0267549013066488
1.0267549013066488
1.0279049794436683
1.0268350669853885
1.0268350669853885
1.0275519236624464
1.0245150715863074
1.0245150715863074
1.0237510614866374
1.023802671792877
1.023802671792877
1.023802671792877
1.024930117287337
1.0247669177641108
1.0247669177641108
1.0247669177641108
1.0264012415305852
1.0262605943578293
1.0262605943578293
1.0258194983411975
1.0258194983411975
1.027674937177377
1.027674937177377
1.0259812464895892
1.0259812464895892
1.0243039017510998
1.024217142740923
1.024217142740923
1.024217142740923
1.0253245948425525
1.0253245948425525
1.0261991522809903
1.0261991522809903
1.0263365084956808
1.0265284467522244
1.0265284467522244
1.025090969368461
1.0239894924603201
1.0278359741282255
1.0259992002165184
1.0259992002165184
1.0259992002165184
1.026638290594194
1.026638290594194
1.026638290594194
1.026638290594194
1.026638290594194
1.0251254479257832
1.0251254479257832
1.0251254479257832
1.026359785284781
1.0267917106907758
1.0266405323644097
1.0300369837825565
1.030291356188636
1.030291356188636
1.030291356188636
1.0320354263741747
1.0320354263741747
1.0320354263741747
1.0320354263741747
1.0320354263741747
1.0299521874658877
1.0299521874658877
1.030016179965683
1.0318688909388438
1.0318688909388438
1.0283884401819112
1.0283884401819112
1.0283614354133446
1.0283614354133446
1.0283614354133446
1.0253424007199947
1.0253424007199947
1.0253424007199947
1.0253424007199947
1.0295782453160582
1.0295782453160582
1.0288423745277395
1.0288423745277395
1.0283848661329615
1.0282715399034497
1.0282715399034497
1.031883681604907
1.031883681604907
1.031883681604907
1.031883681604907
1.031297457798809
1.031297457798809
1.0298879407006722
1.0279361851332172
1.0292557968083629
1.0292557968083629
1.0292557968083629
1.0312758444360977
1.0312758444360977
1.0312758444360977
1.033823778261419
1.033823778261419
1.033823778261419
1.033823778261419
1.0368112457382475
1.0368178850700225
1.0367032739398263
1.0367032739398263
1.0367032739398263
1.0367032739398263
1.0367032739398263
1.0367032739398263
1.0367032739398263
1.0355744388668626
1.0355744388668626
1.0335941561662974
1.0335941561662974
1.0327090982384461
1.031904768626041
1.031904768626041
1.031904768626041
1.0334321316059822
1.0329679613501261
1.0319056340493054
1.0319056340493054
1.0347343567947183
1.0321472230162565
1.0321472230162565
1.0326014725145598
1.0326014725145598
1.0326014725145598
1.0326014725145598
1.0326014725145598
1.0326014725145598
1.0326014725145598
1.0326014725145598
1.0326014725145598
1.0326014725145598
1.0326014725145598
1.0326014725145598
1.0326014725145598
1.0326014725145598
1.0326014725145598
1.0319811975666193
1.0319811975666193
1.0318844361715827
1.0318844361715827
1.0318844361715827
1.0318844361715827
1.0315961133538487
1.0289881552127962
1.0285858684719302
1.0285858684719302
1.0285858684719302
1.0291276058269345
1.0291276058269345
1.0291276058269345
1.0291276058269345
1.0291276058269345
1.0291276058269345
1.0291276058269345
1.0291276058269345
1.0291276058269345
1.0291276058269345
1.0280426721980054
1.0280426721980054
1.0280426721980054
1.0280426721980054
1.027775005859997
1.028697996159992
1.028697996159992
1.028697996159992
1.028697996159992
1.028697996159992
1.030260912559358
1.030260912559358
1.0292028052467688
1.0296887145744598
1.0286337328217234
1.0296144502556397
1.0296144502556397
1.0282151371145327
1.0282151371145327
1.0269573726228778
1.02833344327745
1.02833344327745
1.02833344327745
1.027816009990738
1.0298775336853532
1.030758569634973
1.030758569634973
1.030758569634973
1.0307792893002268
1.0307792893002268
1.030072747413486
1.0314030401927572
1.0314030401927572
1.0314030401927572
1.0314030401927572
1.0314030401927572
1.0314030401927572
1.0292778455756597
1.0303460227748604
1.0303460227748604
1.029155382816769
1.0283573953403304
1.0283573953403304
1.0283573953403304
1.0283573953403304
1.0300847541255302
1.0300847541255302
1.0310249535670781
1.0310249535670781
1.0310249535670781
1.0310249535670781
1.0310249535670781
1.0310249535670781
1.0310249535670781
1.0310249535670781
1.0310249535670781
1.0309796016538153
1.029504780270753
1.0291572862966267
1.0289170425580414
1.0289170425580414
1.0289170425580414
1.0289170425580414
1.0299461887476136
1.0313632333825082
1.0302358493309767
1.0302358493309767
1.0302358493309767
1.0302358493309767
1.0302358493309767
1.0307796313199202
1.0307796313199202
1.0307796313199202
1.0307796313199202
1.0307796313199202
1.0288541000118403
1.0286485085076416
1.0296857464371396
1.0301582075719895
1.0301582075719895
1.0301582075719895
1.0309026545085553
1.0314605652410025
1.027721956627175
1.027932356189131
1.0310383166145607
1.0310383166145607
1.0310383166145607
1.0310383166145607
1.0310383166145607
1.0337231360863335
1.0331078592707235
1.0331078592707235
1.0331078592707235
1.0331078592707235
1.0331078592707235
1.0311971028518294
1.0311971028518294
1.030764020505832
1.0321509565931473
1.033004824884462
1.033004824884462
1.033004824884462
1.033088759381917
1.033088759381917
1.0334534717780397
1.0334534717780397
1.0335310880299915
1.0335310880299915
1.032230122257767
1.032230122257767
1.032230122257767
1.032230122257767
1.0275196871767387
1.0275196871767387
1.0267723359051193
1.0267723359051193
1.0263540847019468
1.027230611954574
1.027230611954574
1.027230611954574
1.027230611954574
1.026393850885664
1.0267748399680163
1.0277198755075052
1.0277198755075052
1.0277198755075052
1.030198961141532
1.029088148347004
1.0279128926540115
1.0239607264645436
1.021367453078682
1.0216189288667323
1.0243325731092863
1.0242813443375198
1.025774104147995
1.0255796004678213
1.0255796004678213
1.0267731045968
1.0241200803603627
1.0237961720484865
1.0255791506977603
1.0255791506977603
1.0252588065931554
1.0270843493852322
1.0270843493852322
1.0265256390807505
1.0253391900916202
1.0228280667743697
1.0250382437102856
1.0233172826628285
1.0225801560853223
1.0220609329100405
1.0220609329100405
1.0212698102315556
1.0212698102315556
1.0212698102315556
1.0263283352424535
1.025647803792205
1.025647803792205
1.025647803792205
1.0274660108982816
1.0287349375227246
1.0294360241267793
1.027631609964145
1.0274105898303147
1.0273078353246066
1.0273078353246066
1.0273078353246066
1.0273078353246066
1.0288876308562298
1.0288876308562298
1.027795050657417
1.027795050657417
1.0270907748951708
1.0302164760480146
1.0278240867363155
1.0278240867363155
1.0278240867363155
1.030067536630943
1.030067536630943
1.0268657524551321
1.0268657524551321
1.0293924050804435
1.0293924050804435
1.0293924050804435
1.0293924050804435
1.0293924050804435
1.0307250192946529
1.0293344689443131
1.0293344689443131
1.0290033130176137
1.0290033130176137
1.0290033130176137
1.0283200079006207
1.0283200079006207
1.0283200079006207
1.0283200079006207
1.0283200079006207
1.0283200079006207
1.025707488312758
1.025707488312758
1.025707488312758
1.0274770308801258
1.0274770308801258
1.0262481918849475
1.0260702688793992
1.0260702688793992
1.0260702688793992
1.0259947157478662
1.0259947157478662
1.0281904538959254
1.0281904538959254
1.0281904538959254
1.0281904538959254
1.0281904538959254
1.0281904538959254
1.0281904538959254
1.0285186157869275
1.0270772931908407
1.0247321025383735
1.0248877540217805
1.0247652171681865
1.0227964775904648
1.0249340925789334
1.0249340925789334
1.0249340925789334
1.0249340925789334
1.0247587180931086
1.0247587180931086
1.0264214175823492
1.0264214175823492
1.0271298150177202
1.0298623255874924
1.0284743538831382
1.0284743538831382
1.0306875604783838
1.0306875604783838
1.0306875604783838
1.0306875604783838
1.0306875604783838
1.0304791511706957
1.0304791511706957
1.0304791511706957
1.028955022206474
1.0290729838106865
1.0299061420178552
1.0299061420178552
1.0298725731703942
1.0298725731703942
1.0298725731703942
1.0285524146910743
1.02966009297055
1.0277224617602083
1.0277224617602083
1.0277224617602083
1.0277224617602083
1.0277224617602083
1.0277224617602083
1.0277224617602083
1.0277224617602083
1.0277224617602083
1.0271378680816727
1.0271378680816727
1.0271378680816727
1.0271378680816727
1.0271378680816727
1.0271378680816727
1.0271378680816727
1.0288387615960242
1.0288387615960242
1.027945020990202
1.027945020990202
1.027945020990202
1.0271044492608843
1.0271044492608843
1.0271044492608843
1.0271044492608843
1.026035956351881
1.027153238805593
1.0269402847417481
1.026117686760641
1.026117686760641
1.026117686760641
1.0263032311656894
1.0289432851268123
1.031089199985325
1.031089199985325
1.031089199985325
1.031089199985325
1.031089199985325
1.031089199985325
1.031089199985325
1.031089199985325
1.031089199985325
1.03027548986366
1.03027548986366
1.03027548986366
1.030254096194259
1.030254096194259
1.0307047524901702
1.0307047524901702
1.0307047524901702
1.0311954003339912
1.0324868266844138
1.0329385322362923
1.0329385322362923
1.0280294454420233
1.0280294454420233
1.0282360884150012
1.0282360884150012
1.031718661952941
1.032651613681276
1.032651613681276
1.0298092912627734
1.0298092912627734
1.0306896608374334
1.0345471416676395
1.032515306230184
1.032515306230184
1.032515306230184
1.032515306230184
1.0312271992829638
1.0279397471235066
1.0279397471235066
1.0282732454824195
1.0282732454824195
1.0282732454824195
1.0271794596278274
1.0263553661793732
1.0284795760967693
1.0255672186329343
1.0238373353635828
1.0238373353635828
1.0238373353635828
1.0254609305162914
1.0254609305162914
1.0269984741600096
1.0274592716914153
1.0274518192342021
1.0282030047035429
1.0285262233516999
1.029214462658975
1.0290531414257187
1.0273471380076287
1.0271274804456154
1.0302250320388
1.0317636984203689
1.0317636984203689
1.0317636984203689
1.0317636984203689
1.0317636984203689
1.0317636984203689
1.0317636984203689
1.0317636984203689
1.0317636984203689
1.0315145029096833
1.0296799342816538
1.0296799342816538
1.0296799342816538
1.0296799342816538
1.02742697130867
1.0320771593140234
1.0295321733375775
1.0295321733375775
1.0294294845106746
1.0294294845106746
1.0294294845106746
1.0267790387125093
1.0267790387125093
1.0267790387125093
1.0267790387125093
1.0281849085801409
1.0281849085801409
1.0273814021828331
1.0273814021828331
1.0277407913055432
1.0296036880237622
1.0315316944898847
1.0295148588278005
1.0295148588278005
1.0295148588278005
1.0295148588278005
1.0295148588278005
1.0295148588278005
1.0295148588278005
1.0304606972668529
1.0316165030891509
1.0316165030891509
1.0316165030891509
1.031239835733002
1.0262932089362606
1.0262932089362606
1.0289579354940013
1.0283742338843775
1.0283742338843775
1.0283742338843775
1.0283742338843775
1.0283742338843775
1.0283742338843775
1.0283742338843775
1.0281522243632941
1.0278160374463938
1.0278160374463938
1.025263672604472
1.025263672604472
1.025263672604472
1.0267491013737724
1.025373246018696
1.027473103601451
1.0267362322699862
1.0267988334276972
1.0267988334276972
1.028205290788439
1.028205290788439
1.028205290788439
1.028205290788439
1.028205290788439
1.028205290788439
1.0293185879173208
1.0293185879173208
1.0293185879173208
1.0293185879173208
1.0293949003278753
1.0293949003278753
1.0293949003278753
1.0293949003278753
1.0293949003278753
1.0293949003278753
1.0293949003278753
1.0283847492749452
1.0286611365932443
1.0286611365932443
1.0286611365932443
1.0286611365932443
1.0286611365932443
1.0286611365932443
1.0286611365932443
1.0286611365932443
1.030733947662701
1.030733947662701
1.0280000981536208
1.0280000981536208
1.0280000981536208
1.0298899868525135
1.0310694822808237
1.0310694822808237
1.0299673477182678
1.0299673477182678
1.0279562713268955
1.0293445907633956
1.0277480214869041
1.0277480214869041
1.0286028297919325
1.0286028297919325
1.0300459215847595
1.0297316744889835
1.0297316744889835
1.0297316744889835
1.0297316744889835
1.0297316744889835
1.0304756309610723
1.0275984623575245
1.027990826951715
1.027990826951715
1.027990826951715
1.0274500121913688
1.0269688466732074
1.0283175266667928
1.0283175266667928
1.0283175266667928
1.0283175266667928
1.0297761842304372
1.0297761842304372
1.032685125504756
1.032685125504756
1.032685125504756
1.0333183630329588
1.031607285871796
1.0314913895206124
1.0314913895206124
1.0303214549699666
1.0311233633184946
1.0311233633184946
1.0312236344998154
1.0312236344998154
1.0312236344998154
1.0319233859768442
1.0319233859768442
1.0305389499473805
1.0335826745715615
1.0335826745715615
1.0335826745715615
1.0338139822386339
1.0329163935718184
1.0329163935718184
1.0329163935718184
1.0318761561652858
1.0318761561652858
1.0326718731409228
1.0292249692490885
1.0292249692490885
1.0325663548479334
1.0325663548479334
1.0325663548479334
1.0325663548479334
1.0325663548479334
1.0325663548479334
1.0325663548479334
1.0325663548479334
1.0325663548479334
1.0325663548479334
1.0325663548479334
1.0331013514385974
1.0331013514385974
1.0331013514385974
1.0331013514385974
1.034577154015756
1.034577154015756
1.034577154015756
1.0352659429194355
1.034469115994978
1.034469115994978
1.033445370614674
1.033445370614674
1.0304597212961768
1.0313146787717444
1.0313146787717444
1.0313146787717444
1.0307434090063687
1.0307434090063687
1.0312907278590626
1.0312907278590626
1.0308142693386912
1.0311964322410634
1.029912558227007
1.029912558227007
1.0295223863449725
1.0295223863449725
1.0295223863449725
1.0292515061875223
1.0316538369610428
1.0303670096747597
1.0303670096747597
1.0303670096747597
1.0303670096747597
1.0303670096747597
1.0303670096747597
1.0303670096747597
1.0326974251592667
1.0326974251592667
1.0330536865229132
1.0330536865229132
1.0330536865229132
1.0312260586826494
1.0312260586826494
1.0312260586826494
1.0312260586826494
1.0312260586826494
1.0312260586826494
1.0312260586826494
1.0312260586826494
1.0312260586826494
1.0312260586826494
1.0312260586826494
1.0312260586826494
1.0300200371218873
1.0300200371218873
1.0300200371218873
1.0300200371218873
1.0300200371218873
1.0323538628978128
1.0327887382563294
1.0304725777516692
1.0325556700506189
1.0325556700506189
1.0325556700506189
1.0325556700506189
1.0313390700488723
1.0313390700488723
1.0318341065633945
1.0318341065633945
1.0299622908431603
1.033855650714815
1.033855650714815
1.0317327858330698
1.0302175626843815
1.0302175626843815
1.029742499260187
1.029742499260187
1.029742499260187
1.029742499260187
1.0282866596883498
1.0282866596883498
1.0282866596883498
1.0282866596883498
1.0282866596883498
1.0282866596883498
1.0282866596883498
1.0292285458104453
1.0292285458104453
1.0292285458104453
1.0292285458104453
1.027713633833652
1.027713633833652
1.027713633833652
1.0264156600890748
1.0273301047795522
1.0273301047795522
1.0273301047795522
1.0273301047795522
1.0273301047795522
1.0283006197541662
1.0283006197541662
1.0283006197541662
1.0283006197541662
1.0283006197541662
1.0268066618541096
1.0262631921101157
1.0275365418832008
1.0263763156451478
1.0249316592128215
1.0245293004309026
1.0245293004309026
1.0246504879006333
1.0246504879006333
1.0246504879006333
1.0230285082337258
1.02506330833723
1.02506330833723
1.02506330833723
1.02506330833723
1.02506330833723
1.0264706978197777
1.0255643889725188
1.0262181057717776
1.0262181057717776
1.0262181057717776
1.0257011007870969
1.0257011007870969
1.025250077331223
1.025250077331223
1.0249751281555057
1.0249751281555057
1.0249751281555057
1.0249751281555057
1.0243793366266432
1.0250855850374978
1.0265291619060055
1.028184767077698
1.0259190872069393
1.0257399592031164
1.0257399592031164
1.0262596585370816
1.0262596585370816
1.03019200829341
1.03019200829341
1.03019200829341
1.03019200829341
1.030434375779668
1.030434375779668
1.0319578935953675
1.0319578935953675
1.0319578935953675
1.0319578935953675
1.0319578935953675
1.0319419583251532
1.0319419583251532
1.0343558807074862
1.0343558807074862
1.0342420108275778
1.0342420108275778
1.0342420108275778
1.0327180909545635
1.0327180909545635
1.0327180909545635
1.0327180909545635
1.0327180909545635
1.0327180909545635
1.0311549838103875
1.032494388445158
1.032494388445158
1.0320370792740619
1.0320370792740619
1.0320370792740619
1.0320856434083991
1.0320856434083991
1.0320856434083991
1.0320856434083991
1.0308092553855843
1.0308092553855843
1.0308092553855843
1.0308092553855843
1.0303355580162057
1.0312402918977703
1.030229813787595
1.030229813787595
1.030229813787595
1.0316507386507445
1.0339022672186688
1.034456069534539
1.034456069534539
1.034203764972202
1.0316861604996381
1.0316861604996381
1.0316861604996381
1.0313589462011594
1.0316781374664585
1.030469289994253
1.030469289994253
1.0295468171043947
1.0304760062591074
1.030936866197284
1.030936866197284
1.030936866197284
1.0342831627518378
1.0342831627518378
1.0342831627518378
1.0342831627518378
1.0342831627518378
1.0342831627518378
1.0342831627518378
1.0342831627518378
1.0348209801449666
1.0348209801449666
1.033522814879833
1.033522814879833
1.033522814879833
1.033522814879833
1.0338123248713078
1.0338123248713078
1.0338123248713078
1.0334296108909422
1.0334296108909422
1.0334276170860135
1.0334276170860135
1.0334276170860135
1.0335792031517386
1.0335792031517386
1.0313478192265333
1.0313478192265333
1.035415935365223
1.0330403354803916
1.0330403354803916
1.0330403354803916
1.0330403354803916
1.0324789413133986
1.0324789413133986
1.0309560482573736
1.0309560482573736
1.033003911856222
1.033003911856222
1.0311220089458384
1.0311220089458384
1.0311220089458384
1.0311220089458384
1.0311220089458384
1.0311220089458384
1.030972413171537
1.030972413171537
1.030972413171537
1.030972413171537
1.0303531729629503
1.0303531729629503
1.0289836325904074
1.0289836325904074
1.03104427581075
1.03104427581075
1.03104427581075
1.03104427581075
1.03104427581075
1.03104427581075
1.03078865954219
1.0309164159960837
1.0309164159960837
1.0309164159960837
1.0309164159960837
1.0309164159960837
1.0309164159960837
1.030221910543256
1.030221910543256
1.030221910543256
1.030064007507801
1.0289520310408196
1.0294985468197315
1.0280101338305392
1.0280101338305392
1.0285982888075138
1.0297679838707252
1.029732753238905
1.0295009163557944
1.0295009163557944
1.0332275579436976
1.0326639950705152
1.0317727698649077
1.0282690283355427
1.027998243734907
1.027373412991701
1.0284056666900787
1.0284056666900787
1.0288103229697927
1.0288103229697927
1.027320154028127
1.027320154028127
1.027320154028127
1.0265167140469769
1.0271275360178747
1.0273018078251153
1.0275915776949909
1.0289135862360292
1.0289135862360292
1.0289135862360292
1.028566081223986
1.028566081223986
1.0295764595772168
1.0295764595772168
1.0261175788401569
1.0261175788401569
1.0261175788401569
1.0282783481006705
1.0282783481006705
1.0284807505778122
1.028307932362668
1.028307932362668
1.0312921259474594
1.0312921259474594
1.0312921259474594
1.0312921259474594
1.0301949523589633
1.0301949523589633
1.0304154478977734
1.0311302594023053
1.0302271971041237
1.0299144743510702
1.033452759126512
1.033452759126512
1.0296827600439855
1.0296827600439855
1.0296827600439855
1.0296827600439855
1.0292399645890729
1.0281479094547543
1.0281479094547543
1.0305442800512705
1.0305442800512705
1.029639670931475
1.0314577968033811
1.0314577968033811
1.0314577968033811
1.0314577968033811
1.0304220521075547
1.0318691699246532
1.0325420657827433
1.0325420657827433
1.0325420657827433
1.0325420657827433
1.0325420657827433
1.0323578731046459
1.0310807361427294
1.0310807361427294
1.0310807361427294
1.0294958212826721
1.0296449806180326
1.0296449806180326
1.0299801614782407
1.030248010147958
1.030248010147958
1.030248010147958
1.0314573783876917
1.0299843029397329
1.0299843029397329
1.0299843029397329
1.0299843029397329
1.0299843029397329
1.0299843029397329
1.0282552236840854
1.0282552236840854
1.0282552236840854
1.0274130448730077
1.0274130448730077
1.0274130448730077
1.0274130448730077
1.0274130448730077
1.0274130448730077
1.0265920349856246
1.0292979351209652
1.0292979351209652
1.0298783747214024
1.0298783747214024
1.0305339284868889
1.0305339284868889
1.0305339284868889
1.0305339284868889
1.0305009000064647
1.0305009000064647
1.0305009000064647
1.0305009000064647
1.0328574609848487
1.0314423458886666
1.0310942602070934
1.0298752790899428
1.0298752790899428
1.0298752790899428
1.0298752790899428
1.0298752790899428
1.030293481820557
1.030293481820557
1.0308993431710503
1.0308993431710503
1.0308993431710503
1.0308993431710503
1.030287721348999
1.030287721348999
1.0288156793368415
1.0288156793368415
1.0288156793368415
1.0288156793368415
1.0267507702555514
1.0267507702555514
1.0284818103905125
1.0284465419197433
1.027357701760677
1.0273876803944917
1.0273876803944917
1.0291095207355911
1.0275236269867032
1.0271906031008826
1.0271906031008826
1.0271906031008826
1.0286400789035757
1.0286400789035757
1.027350023194005
1.0274594818065041
1.0274594818065041
1.0303080007452146
1.0297488230012855
1.0297488230012855
1.0297488230012855
1.0297488230012855
1.0297488230012855
1.0297488230012855
1.0301814203462727
1.0301814203462727
1.033966325640295
1.0345111836533554
1.0345111836533554
1.0345111836533554
1.0345111836533554
1.0351904798818923
1.0351904798818923
1.0351904798818923
1.0351904798818923
1.0351904798818923
1.0316964988672914
1.0328687710274815
1.0328687710274815
1.0328687710274815
1.0328687710274815
1.0319473017173855
1.034833273967909
1.0344829974194576
1.0310363496055204
1.0310363496055204
1.0300062449998235
1.0300062449998235
1.0300062449998235
1.0300062449998235
1.0300062449998235
1.0300062449998235
1.0299491924797168
1.0299491924797168
1.0275683694828497
1.02618640847113
1.0268737759045374
1.0268737759045374
1.0270178973618376
1.0270178973618376
1.0277036097269947
1.028726177282797
1.0297601853382141
1.0297601853382141
1.030664355593499
1.030664355593499
1.030664355593499
1.030664355593499
1.0288802288887755
1.0263400394397748
1.0263400394397748
1.0263400394397748
1.0263400394397748
1.0270216517590576
1.0270216517590576
1.0264150604637514
1.0264150604637514
1.026313640144444
1.0275281225441266
1.0275281225441266
1.0275281225441266
1.0275281225441266
1.0239399435006005
1.0239399435006005
1.0239399435006005
1.0231858679355812
1.0231858679355812
1.0237097335067693
1.0263003263757982
1.0263003263757982
1.028809716564161
1.0276813001287501
1.0276813001287501
1.0269107172948762
1.0318857043184047
1.0319106070915256
1.0325838801164329
1.0325838801164329
1.0325838801164329
1.0314957112961245
1.0347372309548888
1.0347372309548888
1.0335488859192161
1.0335488859192161
1.0335488859192161
1.0335488859192161
1.0335488859192161
1.0336606031361697
1.0336606031361697
1.0334761770169392
1.0334761770169392
1.0351451083842165
1.0351451083842165
1.0351451083842165
1.0351451083842165
1.0332891951138659
1.0366264542395114
1.0362421474300558
1.0362421474300558
1.0362421474300558
1.0354372138622547
1.0354372138622547
1.0354372138622547
1.0354372138622547
1.035376834111111
1.0343347564557446
1.0343347564557446
1.0343347564557446
1.0360678369062752
1.0317414133732195
1.0317414133732195
1.0323906607504714
1.0323906607504714
1.0323906607504714
1.0312879880462509
1.0312879880462509
1.0305191884697098
1.0297690156599597
1.0297690156599597
1.0291639002409911
1.0291639002409911
1.0291639002409911
1.0303058472645856
1.0303058472645856
1.0303058472645856
1.0300191508885272
1.0300191508885272
1.0305056807499549
1.0300762088283981
1.0284555451056163
1.0281670979311777
1.0281670979311777
1.0287505432907078
1.0287505432907078
1.0287505432907078
1.0270968034081709
1.0270968034081709
1.0270968034081709
1.0286808253108555
1.0286808253108555
1.0286808253108555
1.0286808253108555
1.0286808253108555
1.0286808253108555
1.0258396067586213
1.0258396067586213
1.0258396067586213
1.0256500568131273
1.0256500568131273
1.0285201568115874
1.0285201568115874
1.0285201568115874
1.0285201568115874
1.0285201568115874
1.0285201568115874
1.0267401854857328
1.0267401854857328
1.0285919943714827
1.026959335486989
1.0258513833421228
1.0258513833421228
1.0274249719822317
1.0274249719822317
1.0274249719822317
1.0263060678886342
1.0264277843647451
1.0264277843647451
1.0264277843647451
1.0264277843647451
1.0264277843647451
1.0264277843647451
1.0264277843647451
1.0256584643771594
1.0256584643771594
1.0256584643771594
1.0256584643771594
1.0249657178543776
1.0243406133376836
1.025948703559406
1.025948703559406
1.0272146866277936
1.0272146866277936
1.0272146866277936
1.0250293015769527
1.0235315923155168
1.0235315923155168
1.0278263081446104
1.0263574677581826
1.0264526852907194
1.0264526852907194
1.0264526852907194
1.0319012763583686
1.0319012763583686
1.0319012763583686
1.0319012763583686
1.0319012763583686
1.0319012763583686
1.0319012763583686
1.0319012763583686
1.0319012763583686
1.0321232057627103
1.0321232057627103
1.0321232057627103
1.0321232057627103
1.0321232057627103
1.0321232057627103
1.0321232057627103
1.0321232057627103
1.0321232057627103
1.0314111461859523
1.0314111461859523
1.0314111461859523
1.0314111461859523
1.0314111461859523
1.0314111461859523
1.0314111461859523
1.0335523201917443
1.0317537699936943
1.0317537699936943
1.0330161845714283
1.0330161845714283
1.0324959674468244
1.0315389400926636
1.0315389400926636
1.033259150693575
1.033259150693575
1.033259150693575
1.033259150693575
1.031966884899409
1.031966884899409
1.0330493408685053
1.0337127758907245
1.0337127758907245
1.0337127758907245
1.0337127758907245
1.0323442826370728
1.0323442826370728
1.0323442826370728
1.0312981058280957
1.0302870870861824
1.0304564034644121
1.030127875977654
1.030127875977654
1.031653483737762
1.031653483737762
1.0328176985527933
1.0342987362403846
1.0342987362403846
1.0342987362403846
1.034319848664301
1.034319848664301
1.034333285417022
1.034333285417022
1.034374050887073
1.0330804458902685
1.0343216504110964
1.0343216504110964
1.0351910582568995
1.0328683913805041
1.0328683913805041
1.0328683913805041
1.0328683913805041
1.0328683913805041
1.0328683913805041
1.0328683913805041
1.0328683913805041
1.0331415430968018
1.0331415430968018
1.0331415430968018
1.0338446530263774
1.0338446530263774
1.0338446530263774
1.032030491473509
1.032030491473509
1.032030491473509
1.031336699621901
1.0310964004343601
1.0314674760403981
1.0331198350551118
1.0309124173494957
1.0313937288358086
1.0313937288358086
1.0313937288358086
1.0311878863987571
1.0311878863987571
1.0311878863987571
1.0327150921812074
1.0327150921812074
1.0327150921812074
1.0302045625086884
1.0302045625086884
1.0313376243584087
1.0318358520674522
1.0319579586854342
1.0300388681351245
1.0300388681351245
1.0305189400981587
1.0312968217441763
1.0312968217441763
1.0312968217441763
1.032471089396446
1.032471089396446
1.032471089396446
1.032471089396446
1.0313551823981217
1.0313551823981217
1.0324135982837013
1.0324135982837013
1.0324135982837013
1.030871503970274
1.030871503970274
1.030871503970274
1.030871503970274
1.0330572586599929
1.0330572586599929
1.0330572586599929
1.0330194416004626
1.0334255759075432
1.0334255759075432
1.0334255759075432
1.0318636592991333
1.0318636592991333
1.0318892748892228
1.0318892748892228
1.0303167900988313
1.0301974634391078
1.0301974634391078
1.0301974634391078
1.0301974634391078
1.0301974634391078
1.0319352140046827
1.0319352140046827
1.0319352140046827
1.0319352140046827
1.0319352140046827
1.0319352140046827
1.0319352140046827
1.0314731864263718
1.0314731864263718
1.0312680756125723
1.0326976868245132
1.0326976868245132
1.0326976868245132
1.0329462477368425
1.030848488536579
1.0312538335042791
1.0290406842365079
1.0290406842365079
1.0322019932346462
1.0322019932346462
1.0322019932346462
1.0322019932346462
1.0322019932346462
1.032187533577278
1.032187533577278
1.032187533577278
1.0314225081643258
1.0314225081643258
1.0314225081643258
1.0293193736974735
1.0293193736974735
1.0321014543448246
1.0339219906966
1.0339219906966
1.0351411989637715
1.0351411989637715
1.0351411989637715
1.0351411989637715
1.0351411989637715
1.0351411989637715
1.0351411989637715
1.0351411989637715
1.0351411989637715
1.034517533793398
1.034517533793398
1.034517533793398
1.034517533793398
1.0358140953442145
1.0363055041773905
1.0395027042863396
1.0395027042863396
1.0395027042863396
1.039169322161163
1.039169322161163
1.039169322161163
1.039169322161163
1.0391307364980331
1.0391307364980331
1.0391307364980331
1.037008896998955
1.0369625661817716
1.0369625661817716
1.0376772499828468
1.0376772499828468
1.0376772499828468
1.0377132995939065
1.0377132995939065
1.0392733688096032
1.0392733688096032
1.0392733688096032
1.0392733688096032
1.0371884151330726
1.0371884151330726
1.0371884151330726
1.0374179984412775
1.0374179984412775
1.0371435296184564
1.0371435296184564
1.036796108330502
1.0375815566901587
1.0375815566901587
1.0375815566901587
1.0375815566901587
1.0375815566901587
1.0386395259684948
1.0386395259684948
1.0363787598902627
1.0355310940966378
1.033778460097223
1.033778460097223
1.0351328981674253
1.0351328981674253
1.0354807158999453
1.0362318361236227
1.0374174817864923
1.0348087487740427
1.0348087487740427
1.0348087487740427
1.0357045725236302
1.0357045725236302
1.0357045725236302
1.0358870363589514
1.034608808168506
1.034608808168506
1.0356851037663992
1.0361247968590552
1.0361247968590552
1.0361247968590552
1.0361247968590552
1.0361247968590552
1.0357781652349167
1.0357781652349167
1.033520342746574
1.033520342746574
1.033520342746574
1.031985888395649
1.031985888395649
1.031775375428873
1.031775375428873
1.0305329003671033
1.0317293439583468
1.0317118942196446
1.0317118942196446
1.0317118942196446
1.0335123414308354
1.0336684135778778
1.031867817741311
1.031923725178211
1.0321061329786476
1.0321061329786476
1.033129741561203
1.033129741561203
1.0322078237602217
1.0298671059287066
1.0307895247707182
1.0307895247707182
1.0334046961206667
1.0334046961206667
1.0334735418197971
1.034064475673071
1.0329015338396543
1.0329015338396543
1.0329015338396543
1.0338861087485527
1.0338861087485527
1.0338861087485527
1.0338861087485527
1.034041131372721
1.0354890812858732
1.0354890812858732
1.036921902303049
1.0355077087627627
1.0355077087627627
1.0355077087627627
1.0349209992894395
1.0349209992894395
1.0351665193346107
1.0351665193346107
1.0356015447354545
1.0356015447354545
1.0356015447354545
1.0356015447354545
1.0347265835770931
1.0347265835770931
1.0347265835770931
1.0347265835770931
1.0357038828199856
1.0357038828199856
1.0370708566735583
1.0371792969758034
1.0371792969758034
1.036893381963428
1.033798197145073
1.033798197145073
1.0291886417585332
1.0338127080341146
1.0338127080341146
1.0332796460341744
1.0329581349246428
1.0321282605826314
1.0321282605826314
1.0312119724534519
1.0312119724534519
1.0312119724534519
1.0312119724534519
1.0312119724534519
1.0295411813132866
1.0295411813132866
1.0275083419204207
1.0275083419204207
1.0275083419204207
1.0275083419204207
1.0275083419204207
1.0275083419204207
1.0275083419204207
1.0275083419204207
1.029320155586306
1.029320155586306
1.029320155586306
1.0318823333209342
1.0325714696341282
1.0340905286692654
1.0340905286692654
1.0348906401047595
1.0348906401047595
1.0348906401047595
1.0348906401047595
1.0358596587174036
1.0358596587174036
1.0358596587174036
1.0358596587174036
1.0358596587174036
1.0358596587174036
1.0363300641075457
1.0328702554607705
1.033479135866462
1.033479135866462
1.033479135866462
1.036498093699209
1.036498093699209
1.036498093699209
1.0364750238415033
1.0364750238415033
1.0346690619973808
1.0336785332736356
1.0339589349486416
1.0297596253662693
1.0297596253662693
1.0297596253662693
1.0284545214365928
1.028541758496571
1.0286276249088082
1.0267102411989786
1.0267102411989786
1.0274251323408505
1.0274251323408505
1.0264168318115254
1.0264168318115254
1.0264168318115254
1.0264168318115254
1.0264168318115254
1.0272715433166602
1.0285049281332344
1.0285049281332344
1.0300114237240963
1.0300114237240963
1.0252645621923573
1.0252645621923573
1.0252645621923573
1.0252645621923573
1.024650770110091
1.024650770110091
1.0247642698330441
1.0247642698330441
1.0245360074189067
1.0254928074014884
1.0254928074014884
1.0254928074014884
1.0253521282244875
1.0249519641081801
1.0234564351820703
1.0234564351820703
1.0234564351820703
1.0234564351820703
1.0230882286664214
1.0230882286664214
1.0250124238734284
1.0250124238734284
1.0250124238734284
1.0250124238734284
1.0250124238734284
1.0250124238734284
1.0255411805273982
1.0255411805273982
1.0255411805273982
1.0255411805273982
1.0255411805273982
1.0255411805273982
1.0255411805273982
1.0255411805273982
1.0255411805273982
1.0255411805273982
1.0255411805273982
1.0255411805273982
1.0255411805273982
1.0257167193484145
1.0257167193484145
1.0253376903439375
1.027720238003314
1.028533482785259
1.028533482785259
1.0266005920738142
1.025043993054457
1.025043993054457
1.0264342053073467
1.0241640160764698
1.0278022585220876
1.0278022585220876
1.0278022585220876
1.027831034939164
1.027831034939164
1.027831034939164
1.026316042058098
1.026316042058098
1.0268101656131796
1.0270948424399657
1.0285078909132637
1.0299496925250218
1.0299496925250218
1.029019805852687
1.029019805852687
1.0296370652558986
1.0294606926937158
1.0294606926937158
1.0275654916919041
1.0275654916919041
1.0275654916919041
1.0275654916919041
1.0275654916919041
1.0275654916919041
1.0275654916919041
1.0275654916919041
1.0285924305584204
1.0317311318770035
1.0317238533908948
1.0317238533908948
1.0317238533908948
1.0332507428966162
1.0332507428966162
1.0349293302487528
1.0349293302487528
1.0351081295633864
1.0351085891351153
1.0351085891351153
1.0351085891351153
1.0351085891351153
1.0333517079224808
1.0333517079224808
1.0335817087522572
1.0335817087522572
1.0343573309867051
1.0343573309867051
1.0343573309867051
1.0333753621571244
1.0328856402447848
1.0328856402447848
1.0351460374331167
1.033839528849202
1.033839528849202
1.033839528849202
1.033839528849202
1.033839528849202
1.0332296056184946
1.0332296056184946
1.0332296056184946
1.0332296056184946
1.0326406403599575
1.0307610346213327
1.0307610346213327
1.0319967478591583
1.030556532921679
1.0285928885472806
1.0285928885472806
1.0285928885472806
1.0285928885472806
1.0278602477539567
1.0278602477539567
1.0278602477539567
1.0278602477539567
1.0278602477539567
1.0278602477539567
1.0269961879725356
1.0269961879725356
1.0269961879725356
1.0269961879725356
1.0261479208010835
1.0290286171937164
1.0278659702014867
1.0278659702014867
1.02754104204407
1.02754104204407
1.02754104204407
1.02754104204407
1.02754104204407
1.02754104204407
1.026384969397862
1.0267779110262922
1.0277562302728687
1.0234586305152764
1.0234586305152764
1.0234586305152764
1.0234586305152764
1.0236002711765193
1.025631163876405
1.025631163876405
1.025631163876405
1.0249271767735135
1.0249271767735135
1.0249271767735135
1.0240763406153748
1.0240763406153748
1.0242928898155577
1.026163098405482
1.026163098405482
1.027112596604138
1.0283241594330161
1.026086492051119
1.026086492051119
1.0240077157790333
1.0227169619843353
1.0227169619843353
1.0227410555093626
1.0250116016099
1.0250116016099
1.0229072159722958
1.0229072159722958
1.0229072159722958
1.0229072159722958
1.0232008027273454
1.023254988994521
1.023254988994521
1.023380744903845
1.023380744903845
1.0244342234551607
1.0244342234551607
1.0246740986242566
1.0266750416750698
1.02597021117894
1.0249218745426474
1.0249218745426474
1.0249218745426474
1.0249218745426474
1.0253579998632323
1.0246499526046726
1.0246499526046726
1.0246499526046726
1.0246499526046726
1.0246499526046726
1.0246499526046726
1.0244165540829753
1.0233235966574206
1.0233235966574206
1.0233235966574206
1.0233235966574206
1.0249405347780587
1.0241492575814797
1.0241492575814797
1.0241492575814797
1.0241492575814797
1.0237727795316516
1.026757385449609
1.026757385449609
1.025645644393536
1.025645644393536
1.025645644393536
1.0266538773570089
1.0266538773570089
1.0266538773570089
1.0266538773570089
1.0270943994898944
1.0270943994898944
1.0270943994898944
1.0270943994898944
1.0264093480358583
1.027452561045902
1.0274350488275252
1.0274350488275252
1.0274350488275252
1.0274350488275252
1.0266842555027136
1.0266842555027136
1.0272846733716747
1.0272846733716747
1.028441590418836
1.0295520871470654
1.0295520871470654
1.0295520871470654
1.0295520871470654
1.0295520871470654
1.0295520871470654
1.0295520871470654
1.0295520871470654
1.0295520871470654
1.029797816577725
1.029797816577725
1.0281690941520232
1.0281690941520232
1.0281690941520232
1.0288562377464878
1.0288562377464878
1.0288562377464878
1.0288562377464878
1.0288562377464878
1.0288562377464878
1.0286114012732899
1.0286114012732899
1.0286114012732899
1.0286114012732899
1.0286114012732899
1.0286114012732899
1.0286114012732899
1.025940114189905
1.025940114189905
1.0280465055289996
1.0271696695827939
1.0271696695827939
1.0292106901823048
1.0292106901823048
1.026355959119915
1.0274672814764474
1.0274672814764474
1.0274672814764474
1.0274672814764474
1.0274672814764474
1.026422014003836
1.026422014003836
1.026422014003836
1.0272133469764528
1.0272133469764528
1.0280180155971037
1.0298161417946934
1.0298161417946934
1.0318482288617283
1.0318482288617283
1.031996044002193
1.031073541254107
1.031073541254107
1.0335207761700569
1.0335207761700569
1.0335207761700569
1.0313407843799478
1.0313407843799478
1.0329499639605568
1.0329499639605568
1.0329499639605568
1.0335792938565074
1.032695738183968
1.0328833788376273
1.0328833788376273
1.0337651547267632
1.0312600003290482
1.0327509447024532
1.0327509447024532
1.0327509447024532
1.030772544997661
1.030772544997661
1.030772544997661
1.030617506603821
1.0316893893465786
1.0316893893465786
1.0319270401205276
1.0323739259726503
1.0323739259726503
1.0329097113452148
1.0281386809414639
1.0281386809414639
1.0281386809414639
1.0281386809414639
1.0291202797929562
1.029250284792167
1.029250284792167
1.029250284792167
1.029250284792167
1.029250284792167
1.029250284792167
1.029250284792167
1.0286019283765833
1.0286019283765833
1.0278266118558363
1.0278266118558363
1.0280371510835875
1.0280371510835875
1.0288911236063625
1.0288911236063625
1.0288911236063625
1.0273099932310568
1.0275278341701617
1.0275278341701617
1.0296520523131307
1.0296520523131307
1.0296520523131307
1.0290588151570677
1.0290588151570677
1.0290588151570677
1.0274610372739947
1.0274610372739947
1.028503289967149
1.028503289967149
1.02811619737387
1.02811619737387
1.02811619737387
1.02811619737387
1.030025763427927
1.030025763427927
1.030025763427927
1.0305281429591306
1.0305281429591306
1.030565962565878
1.029690333536421
1.029690333536421
1.028127193979492
1.028127193979492
1.0291392029906232
1.0302901342598232
1.028979888950556
1.0315283138334055
1.0315283138334055
1.0322997161411354
1.0332478396826388
1.0332478396826388
1.0317532494594597
1.0278324226188271
1.0278324226188271
1.0283237820913973
1.0283237820913973
1.0283237820913973
1.0283237820913973
1.0283237820913973
1.0293720315818267
1.0293720315818267
1.0293720315818267
1.0285646991176909
1.029909398602358
1.029909398602358
1.029909398602358
1.0300949646022786
1.0291252330658263
1.0291252330658263
1.0291252330658263
1.0286839088837563
1.0286839088837563
1.0286839088837563
1.03005372606857
1.03005372606857
1.03005372606857
1.0302522044816218
1.0302522044816218
1.0289765841415148
1.0315151662622721
1.0315151662622721
1.0315151662622721
1.032671197696496
1.0328216273998252
1.0343774509813033
1.0343774509813033
1.0343774509813033
1.0343774509813033
1.0333933510335356
1.0333933510335356
1.0322017979143145
1.0319079093655585
1.0319079093655585
1.0319079093655585
1.0319079093655585
1.031708421774682
1.033192842522176
1.0328349065713716
1.0322179018766875
1.0336420946925111
1.0336420946925111
1.0336420946925111
1.0336420946925111
1.0350397067374206
1.0350397067374206
1.0350397067374206
1.0350397067374206
1.0350397067374206
1.0350397067374206
1.0333046000519464
1.0317047614778116
1.03033992684057
1.03033992684057
1.03033992684057
1.0313370433590314
1.0342517359315946
1.0341472237810498
1.0341472237810498
1.0341472237810498
1.0327540736932277
1.0327540736932277
1.0323238823450098
1.0323238823450098
1.0323238823450098
1.03280129785062
1.03280129785062
1.03280129785062
1.0316627113029162
1.0316627113029162
1.0316627113029162
1.0316627113029162
1.0330465063823508
1.0344404147487445
1.0344404147487445
1.0344404147487445
1.0344404147487445
1.0320994173856273
1.0319733911849351
1.0343925475016953
1.0343925475016953
1.0343925475016953
1.0343925475016953
1.0357982544156032
1.034304488782266
1.034304488782266
1.0332847642473932
1.0332847642473932
1.0332847642473932
1.0332847642473932
1.0332847642473932
1.0332847642473932
1.032638899535563
1.034054579199095
1.034054579199095
1.0330552336550112
1.0330552336550112
1.0330552336550112
1.0341536769860085
1.0341536769860085
1.0340551588904932
1.0345025609743557
1.0345025609743557
1.033694056083089
1.033694056083089
1.0342119431069532
1.0342119431069532
1.0342119431069532
1.0342119431069532
1.0342119431069532
1.033269988729526
1.033269988729526
1.0337005570012259
1.0346766558615523
1.034020568877386
1.034020568877386
1.033644121446673
1.0340319973165113
1.0340319973165113
1.0312677889247301
1.0285203494687938
1.0285203494687938
1.0303524476324488
1.0312610863781642
1.0312610863781642
1.0310084664584158
1.0310084664584158
1.0310084664584158
1.0323629552178917
1.0323629552178917
1.0323170261918904
1.0323170261918904
1.030218839031545
1.030218839031545
1.030218839031545
1.030218839031545
1.030218839031545
1.030218839031545
1.030218839031545
1.030218839031545
1.0311295912607177
1.029917156126712
1.029917156126712
1.029917156126712
1.029917156126712
1.0301927422307933
1.03106454812265
1.0364886644070757
1.03370224099643
1.034516187274239
1.034567281705087
1.034567281705087
1.034567281705087
1.034567281705087
1.034567281705087
1.034567281705087
1.034567281705087
1.0329754898882126
1.0329754898882126
1.0356699579148678
1.0356699579148678
1.0342213437921166
1.0342213437921166
1.037975411411534
1.038766301853352
1.038766301853352
1.038766301853352
1.0384007348011142
1.0346255245284752
1.0332717870419865
1.0332717870419865
1.0332717870419865
1.0345913143411307
1.0345913143411307
1.0354108611971278
1.0354108611971278
1.0366504250274127
1.0344634273795166
1.0344634273795166
1.0326538848718543
1.0326538848718543
1.0328235228883726
1.0330275706567666
1.0328825937905621
1.0328825937905621
1.0328825937905621
1.0328825937905621
1.0328825937905621
1.0328825937905621
1.0328825937905621
1.0328825937905621
1.0328825937905621
1.0328825937905621
1.0328825937905621
1.0325171542569667
1.0325171542569667
1.0325171542569667
1.0316844539392183
1.0316844539392183
1.0316844539392183
1.0316844539392183
1.032895261367013
1.0304764826320454
1.0293829145149296
1.0293829145149296
1.0293829145149296
1.030391515941925
1.030391515941925
1.030391515941925
1.0311804596595766
1.0311804596595766
1.0311804596595766
1.030573067102721
1.030573067102721
1.0317910845686484
1.0317910845686484
1.0289589016215572
1.0289589016215572
1.0295773938517012
1.0295773938517012
1.0295773938517012
1.0284153612310352
1.029349133880852
1.029349133880852
1.0293049096251206
1.0293049096251206
1.0291032641222253
1.0300540702285763
1.0300540702285763
1.0300540702285763
1.03244139994565
1.0322327030799154
1.0322327030799154
1.029087548753076
1.029087548753076
1.0306988620113773
1.0306988620113773
1.0306988620113773
1.0317287357231857
1.0317287357231857
1.033320794956706
1.0306298215120395
1.0306298215120395
1.0306298215120395
1.0285354874843866
1.0264873160845598
1.0272777434262226
1.0272777434262226
1.0264207508415917
1.0261296458643336
1.0261296458643336
1.0261296458643336
1.0276515240442399
1.0276515240442399
1.0272988248657302
1.0300477129102728
1.0300477129102728
1.0301787300329235
1.0298946362458934
1.0278563795304543
1.027445140929095
1.0274302732506797
1.0274302732506797
1.0274302732506797
1.0274302732506797
1.0273952951808336
1.0273952951808336
1.0280624182144813
1.0288137689156058
1.0288137689156058
1.0288137689156058
1.0288137689156058
1.032643142554618
1.032643142554618
1.0315802267228595
1.0315802267228595
1.032108692405915
1.032108692405915
1.03224408346613
1.03224408346613
1.03224408346613
1.034318388943901
1.034318388943901
1.034318388943901
1.034318388943901
1.034318388943901
1.034318388943901
1.034318388943901
1.034318388943901
1.0341769518367052
1.0341769518367052
1.032765355435675
1.031795181184544
1.031795181184544
1.0322239853185953
1.0317802244825032
1.0322750485520427
1.0322750485520427
1.0330555951603857
1.0332857943921516
1.0332857943921516
1.033409491544949
1.033409491544949
1.0340927062475211
1.0340927062475211
1.0340927062475211
1.0354309023955448
1.0354309023955448
1.0351049194469903
1.0351049194469903
1.0351049194469903
1.0350475586419516
1.0350475586419516
1.0352907822287098
1.0352907822287098
1.0352907822287098
1.0352907822287098
1.0352907822287098
1.0352907822287098
1.0353653837883903
1.0353653837883903
1.0353653837883903
1.0353653837883903
1.035574619579175
1.035574619579175
1.0340380772740025
1.0357351922183122
1.0375361196855495
1.037461817585336
1.03948097685428
1.0385898812252314
1.0385898812252314
1.038355281416424
1.038355281416424
1.0393678402475977
1.0393678402475977
1.0366645782206907
1.0366645782206907
1.0366645782206907
1.0363166249222564
1.0363166249222564
1.0363166249222564
1.034958312077501
1.0356282572162003
1.0356282572162003
1.0356282572162003
1.0364282082937142
1.036421596159905
1.036421596159905
1.035382280968464
1.035382280968464
1.035382280968464
1.035382280968464
1.035382280968464
1.035382280968464
1.034297475552886
1.034297475552886
1.032795572453375
1.032795572453375
1.032795572453375
1.0306757061496268
1.0309819419738837
1.0309819419738837
1.0309819419738837
1.034320769508938
1.0328849940560652
1.0328849940560652
1.0322930440616267
1.0322930440616267
1.0322930440616267
1.0323733045354186
1.0323733045354186
1.0314028895492078
1.0314028895492078
1.0314028895492078
1.0294114092590536
1.0301297626884898
1.0304341169729627
1.0330668847966362
1.0330668847966362
1.0333807598791342
1.0333734571320066
1.0333734571320066
1.0333734571320066
1.031462694025254
1.031462694025254
1.033953427808654
1.033953427808654
1.033953427808654
1.033953427808654
1.0343547566309959
1.0343547566309959
1.0341363225934064
1.0341363225934064
1.0341363225934064
1.0334506098610965
1.0334506098610965
1.0334506098610965
1.031872304600532
1.0325042084976688
1.0325042084976688
1.0335314221332859
1.0334971058007254
1.0334971058007254
1.0334971058007254
1.0311580206706865
1.0311580206706865
1.0311580206706865
1.0321155238292996
1.0321155238292996
1.0321155238292996
1.0321155238292996
1.0321155238292996
1.0330231027107122
1.0330231027107122
1.0330231027107122
1.031680128229404
1.031680128229404
1.0320238788620266
1.0357721787484386
1.0357721787484386
1.0357721787484386
1.0357721787484386
1.0357721787484386
1.0357721787484386
1.034848309513271
1.0365750541625778
1.0369384365880934
1.0354114042507625
1.037364995735202
1.037364995735202
1.0351348463258925
1.0351348463258925
1.037159625483011
1.037159625483011
1.037159625483011
1.037159625483011
1.037159625483011
1.037435375491471
1.0373652667799564
1.0373652667799564
1.0373652667799564
1.0373652667799564
1.0373652667799564
1.0401912258789878
1.0401912258789878
1.0401912258789878
1.0401912258789878
1.0401912258789878
1.0414525995050101
1.0414525995050101
1.0403082796159797
1.036717973504067
1.0356339139441304
1.0357543584337277
1.0358141254235531
1.0362380685154973
1.0367610345395772
1.036583837256959
1.036583837256959
1.0386442087977033
1.0386442087977033
1.036455051623455
1.0343522204739966
1.0343522204739966
1.0343522204739966
1.0343522204739966
1.0343522204739966
1.0342342292061557
1.0342342292061557
1.0347316886280742
1.034296391504885
1.034296391504885
1.034296391504885
1.034296391504885
1.034296391504885
1.036525616555248
1.0386450823254034
1.0371730752878034
1.0371730752878034
1.0356616076781813
1.0356616076781813
1.0360846128135204
1.0351291058768943
1.0349948598600949
1.0349948598600949
1.0349948598600949
1.0370027251789453
1.0370027251789453
1.0370027251789453
1.0356404609860035
1.0356404609860035
1.0356404609860035
1.0356404609860035
1.0356404609860035
1.0356404609860035
1.0356404609860035
1.034931340364237
1.0344370820597801
1.0344370820597801
1.0344370820597801
1.0328051586878912
1.0328051586878912
1.0328051586878912
1.0328051586878912
1.0328051586878912
1.0306795846522656
1.0306795846522656
1.0311831719465996
1.031852587667377
1.031852587667377
1.031852587667377
1.031852587667377
1.031852587667377
1.031852587667377
1.031852587667377
1.0315369506842684
1.0312800774874802
1.0314869913730929
1.0292216851194138
1.0289744482223862
1.0286841895115286
1.0286841895115286
1.030682483095448
1.031781366778879
1.031737738003174
1.0297007333924786
1.0297007333924786
1.0297007333924786
1.0297007333924786
1.031732313176027
1.031732313176027
1.031732313176027
1.0295076527579365
1.0295076527579365
1.029061689865993
1.029061689865993
1.030687854013834
1.030687854013834
1.0316258764310673
1.0316258764310673
1.0316258764310673
1.0305730373807593
1.0305730373807593
1.0301949685708067
1.0281881277040323
1.0281881277040323
1.0281881277040323
1.0281881277040323
1.0281881277040323
1.0281881277040323
1.0281881277040323
1.0281881277040323
1.029938135467018
1.029938135467018
1.0276578609335698
1.0276578609335698
1.0294300833284042
1.029300281084227
1.029300281084227
1.029300281084227
1.029300281084227
1.0276114487937815
1.0276114487937815
1.0276114487937815
1.026798317080161
1.026798317080161
1.026798317080161
1.026798317080161
1.026840752192229
1.0284574862606874
1.0296338320658354
1.029444240115936
1.029444240115936
1.029444240115936
1.0317464491351256
1.0317464491351256
1.0313886924985862
1.0313886924985862
1.0313886924985862
1.0313886924985862
1.0301350122109967
1.0301350122109967
1.033163014413615
1.033163014413615
1.033163014413615
1.0313073380986426
1.029682993108212
1.0298103416916908
1.0298103416916908
1.0298103416916908
1.0298103416916908
1.0298103416916908
1.0303399260386004
1.0309367062109356
1.0301790228055236
1.0301055804753918
1.0301055804753918
1.0301055804753918
1.0301055804753918
1.0315366306585094
1.0315366306585094
1.0315366306585094
1.0284679613450918
1.0279000652133519
1.0279000652133519
1.0279000652133519
1.0279000652133519
1.0279000652133519
1.0279000652133519
1.0272655899865681
1.0297197303595518
1.0297197303595518
1.0295628898649036
1.0286494708629506
1.0286494708629506
1.0286494708629506
1.0286494708629506
1.0286494708629506
1.0278391623165335
1.028785640449843
1.028785640449843
1.028785640449843
1.0256958706955142
1.0256958706955142
1.0256958706955142
1.0256958706955142
1.0265918612957632
1.0265918612957632
1.0264350662642
1.0264350662642
1.0255775386790988
1.022947974506719
1.022947974506719
1.022947974506719
1.02485470699171
1.02485470699171
1.02485470699171
1.02485470699171
1.02485470699171
1.02485470699171
1.02649290409671
1.02649290409671
1.0265427763509245
1.0265427763509245
1.0262000128742101
1.0262000128742101
1.0262000128742101
1.0262000128742101
1.0262000128742101
1.0262000128742101
1.0262000128742101
1.026019478170675
1.026019478170675
1.0253108802247226
1.0253108802247226
1.0231749406525996
1.0244697045663398
1.0244697045663398
1.0244697045663398
1.0240469454967263
1.0260351013660056
1.0258425967484375
1.0251598787082639
1.0269503122039412
1.0269503122039412
1.0269503122039412
1.0269503122039412
1.0259133800527351
1.0259133800527351
1.0259133800527351
1.0259133800527351
1.0259133800527351
1.0268367144864063
1.0268367144864063
1.027137613306773
1.027137613306773
1.027137613306773
1.0318521477803324
1.0306047724172946
1.0277801326249
1.0293899770706127
1.0293899770706127
1.0310166018266431
1.0310166018266431
1.028670009120138
1.0321744517345197
1.0321744517345197
1.0321744517345197
1.0334060598962593
1.0334060598962593
1.0334060598962593
1.0334060598962593
1.0334060598962593
1.029854343288667
1.029854343288667
1.033233652326689
1.0348998836973107
1.0356589840989896
1.0339177456345583
1.0339177456345583
1.0321806630775068
1.0321667800759673
1.0320585138917944
1.0320585138917944
1.0322608834505629
1.0322608834505629
1.0294604554895708
1.0294604554895708
1.0294604554895708
1.0285976578264817
1.0285976578264817
1.0285976578264817
1.0306617115652932
1.0328160742117443
1.0292081722472493
1.0292081722472493
1.0285547733003273
1.0285547733003273
1.0285547733003273
1.0285547733003273
1.0285547733003273
1.0273510308936014
1.0276001430728798
1.0276001430728798
1.026387917212387
1.026387917212387
1.026387917212387
1.0267269931994751
1.0267269931994751
1.0267269931994751
1.028474447133977
1.028474447133977
1.028474447133977
1.028474447133977
1.027819304374718
1.027819304374718
1.027819304374718
1.027819304374718
1.0294818196339106
1.030135546938962
1.030135546938962
1.031106805187796
1.0278776714309814
1.0278776714309814
1.0278776714309814
1.0287074423716644
1.027711437757588
1.030046829385787
1.028770176051686
1.029239930638869
1.029239930638869
1.029239930638869
1.0285244271222262
1.0285244271222262
1.0285244271222262
1.0273508309763433
1.030924572266988
1.030281858703002
1.0318641729925582
1.0307962751458968
1.0307962751458968
1.0307962751458968
1.0290931268575356
1.0290931268575356
1.0265700846018249
1.0265700846018249
1.0265700846018249
1.0243803565190133
1.0243803565190133
1.0240107301286647
1.0300952298806667
1.0257140751962315
1.0225042864864122
1.0238272770545873
1.0238272770545873
1.0238272770545873
1.0238272770545873
1.0238272770545873
1.0238272770545873
1.0237284873862
1.0237284873862
1.0253935797560563
1.0229478668316832
1.0229478668316832
1.0250774088439696
1.0250774088439696
1.0250774088439696
1.02568693312659
1.0296052530101836
1.0316699427616782
1.030925398978862
1.030024183701016
1.0302293324176302
1.0302293324176302
1.0302293324176302
1.0302293324176302
1.0302293324176302
1.03048683988233
1.03048683988233
1.03048683988233
1.029732261160808
1.029732261160808
1.0297982510356432
1.0285250818748275
1.0285250818748275
1.0303087540486586
1.0303087540486586
1.0310755693886426
1.0299986609523633
1.0299986609523633
1.0288512871134303
1.0288512871134303
1.0288512871134303
1.0288512871134303
1.0287128139975634
1.0287128139975634
1.0287128139975634
1.0310993071956338
1.0297318674354599
1.0297318674354599
1.0297318674354599
1.0297318674354599
1.0297318674354599
1.0297318674354599
1.0297318674354599
1.0297318674354599
1.0297318674354599
1.0297318674354599
1.0287820227246958
1.0284146337079363
1.0276169835429172
1.0276169835429172
1.0276169835429172
1.0261866389337508
1.0277679912421327
1.0263139155685534
1.0263139155685534
1.0263139155685534
1.0249294623971712
1.024084144798995
1.026330695627838
1.026330695627838
1.0246664586668064
1.0246664586668064
1.0260086604772805
1.0247305032595326
1.0247305032595326
1.0247305032595326
1.0224311778194897
1.0267392541829206
1.0242510821078117
1.0242510821078117
1.0242510821078117
1.025220349218897
1.025220349218897
1.025220349218897
1.023605720703134
1.0237307978279564
1.024373595667244
1.024373595667244
1.024373595667244
1.024373595667244
1.024373595667244
1.02319942915712
1.02319942915712
1.02319942915712
1.02319942915712
1.02319942915712
1.0226761074558122
1.0233329130859323
1.0231019447414034
1.0231019447414034
1.0239399247960521
1.0239399247960521
1.0242126094126591
1.0242126094126591
1.0265178371701245
1.0265178371701245
1.0271765388861471
1.0271765388861471
1.02727029483347
1.02727029483347
1.0268140851818663
1.027411620595818
1.027411620595818
1.027184156438806
1.027184156438806
1.0270741082534491
1.0270741082534491
1.0247107142273646
1.0247107142273646
1.0247107142273646
1.0270651311391916
1.025725331032748
1.025725331032748
1.025725331032748
1.0287506206394328
1.02805803123388
1.02805803123388
1.02805803123388
1.0259098317442823
1.0259098317442823
1.0277851285317299
1.0269787707800389
1.0274497766463646
1.0286553016100835
1.0303620822948
1.0303620822948
1.0303620822948
1.0287217020110302
1.0287217020110302
1.0287217020110302
1.0296149216442043
1.0296149216442043
1.0330140402511467
1.0325207533760736
1.0333096982065741
1.0338044620381548
1.0300042151870588
1.0265870893584852
1.025954107189813
1.0254522957934293
1.0254522957934293
1.0265650524966554
1.0249214886680433
1.0249214886680433
1.0249214886680433
1.024158259154613
1.025159859510115
1.025159859510115
1.025159859510115
1.025159859510115
1.025159859510115
1.0230043595037919
1.026443626601839
1.0243680888182343
1.027405211395657
1.027405211395657
1.027405211395657
1.027405211395657
1.027405211395657
1.0273861988282156
1.0273861988282156
1.0295827977032779
1.0295827977032779
1.0295827977032779
1.0295827977032779
1.0295827977032779
1.0295827977032779
1.0295827977032779
1.0299763717404302
1.0285509945397278
1.0285509945397278
1.0285509945397278
1.027720890192442
1.027720890192442
1.0259891771646663
1.0257062708084774
1.0257062708084774
1.025832359894711
1.025832359894711
1.025832359894711
1.0275245835971112
1.0275245835971112
1.0251835055942211
1.026452869420568
1.026452869420568
1.026452869420568
1.026452869420568
1.02764091079632
1.02764091079632
1.02764091079632
1.0276550831428186
1.0276550831428186
1.0281963417997793
1.029447153369327
1.0307620248131875
1.0307620248131875
1.0307620248131875
1.0307620248131875
1.0307620248131875
1.0317383766824713
1.0302019687644823
1.0302019687644823
1.0302019687644823
1.0301215845682823
1.0301215845682823
1.0301215845682823
1.0301215845682823
1.0301215845682823
1.0301215845682823
1.0295705664136572
1.0295705664136572
1.0295705664136572
1.0295705664136572
1.0295705664136572
1.0292278764335296
1.0317563697667838
1.0317563697667838
1.0317563697667838
1.0326156040231116
1.0326156040231116
1.0316052810675533
1.0305434544699104
1.0305434544699104
1.0305434544699104
1.031614563428581
1.0331202021674344
1.0331202021674344
1.0331041958533915
1.0355071518257433
1.0358812837292888
1.0358812837292888
1.0362181046582357
1.0354138695087174
1.0354138695087174
1.0354138695087174
1.0386322399970103
1.0395553869142637
1.0386048298432295
1.0386048298432295
1.0385148600257155
1.0385148600257155
1.0385148600257155
1.0385148600257155
1.0385148600257155
1.0373075175640272
1.0379232768041324
1.0379232768041324
1.0379232768041324
1.0386390409842545
1.0408760899213672
1.0416598039837126
1.0388982106309375
1.0388982106309375
1.0388982106309375
1.0388982106309375
1.0398864083440242
1.0398864083440242
1.0398864083440242
1.0398864083440242
1.0391540372394326
1.0391540372394326
1.0391540372394326
1.0386253673197867
1.0386253673197867
1.0386253673197867
1.0386253673197867
1.0391506692765307
1.0391506692765307
1.0391506692765307
1.0400528504995514
1.0400528504995514
1.0400528504995514
1.0384698031283242
1.0384698031283242
1.0384698031283242
1.0384698031283242
1.0384698031283242
1.0383524847487913
1.0361105101194374
1.0361105101194374
1.0333861857326387
1.0307421758761417
1.0300354927149429
1.0300354927149429
1.0294253182073663
1.0294253182073663
1.0281827250024083
1.0281827250024083
1.027650435218611
1.027650435218611
1.0290943730798487
1.0290943730798487
1.0272947349638402
1.0272947349638402
1.026614689982781
1.026614689982781
1.026614689982781
1.026614689982781
1.026614689982781
1.0269655931394919
1.0269655931394919
1.02815492007305
1.0293333562778173
1.0293333562778173
1.029956884453698
1.029956884453698
1.0296268133211763
1.0296268133211763
1.0296268133211763
1.029796825917822
1.029796825917822
1.029796825917822
1.0298671944526019
1.0298671944526019
1.0304703729866318
1.0306787926978753
1.0306787926978753
1.0306787926978753
1.0306787926978753
1.0306787926978753
1.0318514442305857
1.0318514442305857
1.0318514442305857
1.0318514442305857
1.0318514442305857
1.0318514442305857
1.0318514442305857
1.0318514442305857
1.0291410647172021
1.024714428838808
1.0233053600434805
1.0233053600434805
1.0255951788146256
1.0261798730649874
1.0261798730649874
1.0261798730649874
1.0261798730649874
1.027430137329701
1.027430137329701
1.027430137329701
1.0252639174855438
1.0252639174855438
1.0274904108536005
1.0274904108536005
1.0274904108536005
1.0268649441675115
1.0250715925313194
1.0250715925313194
1.0250715925313194
1.0250715925313194
1.0217776177252398
1.022508485321084
1.0248461305456769
1.0248461305456769
1.023365390534596
1.023365390534596
1.0232532890436885
1.0226559339613799
1.0236459472232864
1.0236459472232864
1.0233951572624718
1.0233951572624718
1.0233662100084857
1.0257535469757424
1.0257535469757424
1.0257535469757424
1.0245659410524401
1.0245659410524401
1.0245659410524401
1.0274669657544602
1.0274669657544602
1.0274669657544602
1.0274669657544602
1.0274669657544602
1.0286939475345542
1.0286939475345542
1.0286939475345542
1.0286939475345542
1.0279337086744937
1.0279337086744937
1.0276466254983607
1.0276466254983607
1.0276466254983607
1.0280066881477674
1.0287658316725938
1.0287658316725938
1.0287658316725938
1.0258137040405741
1.0257488852669299
1.0256337524009556
1.0285821431956204
1.0285821431956204
1.0314773000563273
1.0314773000563273
1.0314773000563273
1.031618804061934
1.0317149887142616
1.0336841944005597
1.0336841944005597
1.0336841944005597
1.0336841944005597
1.0331523520723054
1.0331523520723054
1.0331523520723054
1.0331523520723054
1.0331523520723054
1.0331523520723054
1.033580583994041
1.033580583994041
1.0327022923426166
1.0314387065146418
1.030669829647704
1.030669829647704
1.030669829647704
1.030669829647704
1.0303734023484405
1.0303734023484405
1.030396313388206
1.030533915827682
1.0308951262698427
1.0308951262698427
1.0317201788269266
1.0317201788269266
1.0317201788269266
1.032726725887063
1.032726725887063
1.032726725887063
1.0334541038129819
1.0333776729546527
1.03685660410592
1.0370123331434657
1.0370123331434657
1.0370123331434657
1.0382265921446496
1.0382265921446496
1.0385678004380048
1.0385678004380048
1.038222518073216
1.038222518073216
1.038222518073216
1.038222518073216
1.037643644760238
1.037643644760238
1.037643644760238
1.037643644760238
1.037643644760238
1.0355314147975978
1.0355314147975978
1.0369057421621897
1.03669438653791
1.03669438653791
1.039825512940064
1.0379058903191107
1.0379058903191107
1.0379058903191107
1.0379058903191107
1.0379058903191107
1.0364737511412532
1.0364737511412532
1.0374786260135185
1.0366717101252458
1.0366717101252458
1.0366717101252458
1.0366717101252458
1.0366717101252458
1.0366717101252458
1.0379294339120841
1.0375422225177344
1.0329634241531922
1.0329634241531922
1.033509487302076
1.0323814463024867
1.0323814463024867
1.0340049309103336
1.0334464851300822
1.0334464851300822
1.0339808021571164
1.0339808021571164
1.0336072795773976
1.0333751566469127
1.0333751566469127
1.0333751566469127
1.0339529284236608
1.0345607304681883
1.0345607304681883
1.0345607304681883
1.0339809106147082
1.0351757134424175
1.0349143439946618
1.0348253651202932
1.0350699745262837
1.0350699745262837
1.0350699745262837
1.0350699745262837
1.0350699745262837
1.0320181392763852
1.0322648768063485
1.0322648768063485
1.0329506586883714
1.0329506586883714
1.0340964452322554
1.0342362642224618
1.0342362642224618
1.0342362642224618
1.033348574931507
1.033348574931507
1.0339232654612933
1.0317506833286652
1.0317506833286652
1.0316855447002866
1.031457737539438
1.031457737539438
1.031457737539438
1.0323216176324637
1.033160355675454
1.033160355675454
1.033160355675454
1.033160355675454
1.033160355675454
1.033160355675454
1.0330251134676764
1.0330251134676764
1.0330251134676764
1.0330251134676764
1.0330251134676764
1.0317670496404643
1.0324467491146365
1.0324467491146365
1.0324467491146365
1.0324467491146365
1.0324467491146365
1.0325619151009524
1.0321506688331659
1.0317832746392706
1.0317832746392706
1.0317832746392706
1.0347070334256923
1.0347070334256923
1.0347070334256923
1.0347070334256923
1.0352585192688122
1.0352585192688122
1.0352585192688122
1.0329158017137725
1.0329158017137725
1.0329158017137725
1.0329158017137725
1.0329158017137725
1.0329158017137725
1.0333881981167004
1.0333881981167004
1.0333881981167004
1.0341166798856494
1.0372606331321914
1.0372606331321914
1.0372606331321914
1.0341109832984698
1.0341109832984698
1.0341109832984698
1.0341109832984698
1.0339860867507584
1.0339860867507584
1.034013460898039
1.034013460898039
1.0327986464963064
1.0327986464963064
1.0327986464963064
1.0327986464963064
1.0327986464963064
1.0330483494209015
1.0340608152923285
1.0342859786866239
1.0342859786866239
1.0342859786866239
1.0346113023567627
1.0346113023567627
1.0346113023567627
1.0344571922934347
1.0348274160610884
1.0325498118724536
1.0325867896031884
1.0305709287359561
1.0309359422921356
1.0309359422921356
1.0309359422921356
1.0309359422921356
1.0309359422921356
1.0309359422921356
1.0272627137417754
1.0272627137417754
1.0272627137417754
1.0272627137417754
1.0272627137417754
1.0272627137417754
1.0272627137417754
1.0272627137417754
1.0272627137417754
1.0272627137417754
1.028661164145125
1.028661164145125
1.028661164145125
1.028661164145125
1.028661164145125
1.029002447448206
1.029002447448206
1.029002447448206
1.029002447448206
1.029002447448206
1.0291913801655073
1.0282305913567917
1.0282305913567917
1.0321199109044672
1.0336693497110128
1.0337530409932985
1.0299130074285505
1.0299130074285505
1.0299130074285505
1.0299130074285505
1.0299130074285505
1.0325816208562495
1.0315833527495208
1.0315833527495208
1.0325787853948507
1.0325787853948507
1.0325787853948507
1.0348093697550105
1.031963284483756
1.031963284483756
1.0318204981750945
1.0338458885208854
1.0331391994405819
1.0331391994405819
1.0327975638185192
1.0327975638185192
1.0327975638185192
1.0327975638185192
1.0327975638185192
1.0341127467323572
1.0341127467323572
1.0349093523426967
1.0336026518600356
1.0323177330761018
1.0305636100598095
1.0305636100598095
1.0305636100598095
1.0308659089001757
1.0308659089001757
1.0308659089001757
1.0308659089001757
1.0300501660567998
1.0300501660567998
1.028469351065964
1.028469351065964
1.028469351065964
1.028469351065964
1.0286270064061036
1.02910508739268
1.02910508739268
1.02910508739268
1.02858816922128
1.0303360894491422
1.0303360894491422
1.0303360894491422
1.030499117461982
1.030499117461982
1.030499117461982
1.0318509598273538
1.0318509598273538
1.0318509598273538
1.0314765422257235
1.0338019951974087
1.0338019951974087
1.0338019951974087
1.0322371234171563
1.0321870754800637
1.027620313653508
1.027620313653508
1.027620313653508
1.0277130136758685
1.0269598783517748
1.0269598783517748
1.0271622601842356
1.0271622601842356
1.0271622601842356
1.0282522486936816
1.0282522486936816
1.0282522486936816
1.0282699452535347
1.0282699452535347
1.0282699452535347
1.0282699452535347
1.0282699452535347
1.0282699452535347
1.0282699452535347
1.028376559848703
1.028376559848703
1.028376559848703
1.0308082622057815
1.0308082622057815
1.0308082622057815
1.0308082622057815
1.0304825937211404
1.0304825937211404
1.030764606507696
1.0326210455049911
1.0326210455049911
1.0311251916682562
1.0306921736253944
1.0303778411881768
1.032556491927543
1.032556491927543
1.0343241853395817
1.0343241853395817
1.0342344530363135
1.0342344530363135
1.0342344530363135
1.0342344530363135
1.0329987083144823
1.0325464366411212
1.0325464366411212
1.0325464366411212
1.0325464366411212
1.0316040186903936
1.0316040186903936
1.0316040186903936
1.0316040186903936
1.0316040186903936
1.0323990696651453
1.0323990696651453
1.0323990696651453
1.0323785880707068
1.0323785880707068
1.0322173905176002
1.0322173905176002
1.0322173905176002
1.0322173905176002
1.0325384877931993
1.0325384877931993
1.0325384877931993
1.0325193203277168
1.032797876676363
1.0327598732574874
1.0331283201824275
1.0338196233570818
1.0339636600202635
1.0339636600202635
1.032999594242743
1.032999594242743
1.032999594242743
1.032999594242743
1.031899317977152
1.031899317977152
1.0305310320431889
1.0312977888987653
1.0312977888987653
1.0321739640529366
1.030596450948145
1.030596450948145
1.030596450948145
1.030596450948145
1.030596450948145
1.030596450948145
1.0303269126101346
1.0303269126101346
1.0303945835262596
1.0303945835262596
1.0303945835262596
1.0303945835262596
1.0303945835262596
1.0315902677902364
1.0315902677902364
1.0306987361685058
1.0284080749106264
1.0284080749106264
1.0284080749106264
1.0273740249194578
1.026008117739372
1.0281860286207158
1.0281860286207158
1.0281860286207158
1.0281860286207158
1.0281860286207158
1.0281860286207158
1.0282309172224957
1.027893704863931
1.027893704863931
1.027893704863931
1.027893704863931
1.027893704863931
1.027893704863931
1.0245609192783531
1.0245609192783531
1.026549726954429
1.0273674140022941
1.0292796107368745
1.0289014681578048
1.027602578187038
1.0268250619243928
1.0286664294743362
1.0286664294743362
1.0286664294743362
1.0275897828972078
1.0275897828972078
1.0275897828972078
1.0322912454845126
1.0297457812610031
1.0296105856264055
1.0299476131282768
1.0299476131282768
1.0299476131282768
1.0299476131282768
1.0299476131282768
1.028865728802948
1.028865728802948
1.0282502378175684
1.0279092707389075
1.0279092707389075
1.0279867993346705
1.0279867993346705
1.0279867993346705
1.0279867993346705
1.0279867993346705
1.0284400205636348
1.0284400205636348
1.0265114124903028
1.0265114124903028
1.0265114124903028
1.0265114124903028
1.0265114124903028
1.0265114124903028
1.0265114124903028
1.0265114124903028
1.0236762403611148
1.0236762403611148
1.0236762403611148
1.0236762403611148
1.024188913741111
1.0245149582496842
1.0245149582496842
1.0245149582496842
1.0245149582496842
1.0265386268368355
1.0268855158107126
1.0268855158107126
1.0241598128585085
1.023347919111352
1.023347919111352
1.023347919111352
1.023347919111352
1.023347919111352
1.0249233526461732
1.0243668900763272
1.0255709433428952
1.0274523353107565
1.0274523353107565
1.0274523353107565
1.0274523353107565
1.0274523353107565
1.0278132446017136
1.0278132446017136
1.0278132446017136
1.0296793471467947
1.0296793471467947
1.0296793471467947
1.0296793471467947
1.0296793471467947
1.028096067541884
1.0261305668058134
1.023891551439497
1.0229859377847987
1.0255841877701326
1.0255841877701326
1.0255841877701326
1.0255841877701326
1.0229642448261274
1.0228190241014212
1.0237073555529173
1.0237073555529173
1.0237073555529173
1.0225393208256763
1.0236857743729164
1.025087232818808
1.025087232818808
1.0224355842981283
1.0243808081591468
1.0243808081591468
1.025585304971703
1.0253641147535153
1.0253641147535153
1.0253641147535153
1.0253641147535153
1.0242041909707036
1.0242041909707036
1.0242041909707036
1.026950583632206
1.0265299980881697
1.0265299980881697
1.0265299980881697
1.0265299980881697
1.0270784018136667
1.0270784018136667
1.0270784018136667
1.0278243703912742
1.0278243703912742
1.0278243703912742
1.028303189957929
1.028303189957929
1.028303189957929
1.028303189957929
1.028303189957929
1.028303189957929
1.028303189957929
1.028303189957929
1.028303189957929
1.0285088879270934
1.0284306383290438
1.0284306383290438
1.0284306383290438
1.0322050157157965
1.0314737796976203
1.0294998441315395
1.0305700572137455
1.0305700572137455
1.0305700572137455
1.0305700572137455
1.0305700572137455
1.03043635200363
1.03043635200363
1.0284411554506305
1.0284411554506305
1.0284411554506305
1.0279828793386372
1.0250868449819492
1.0281637244104636
1.028052404180218
1.028052404180218
1.0273525147302762
1.0273525147302762
1.0273525147302762
1.024142338977611
1.024142338977611
1.0245540033757303
1.0260923163424969
1.0263198197804357
1.0263198197804357
1.0280906274173944
1.0280906274173944
1.0280906274173944
1.0280906274173944
1.0278341294469455
1.028282493975767
1.02627297956107
1.02627297956107
1.0282538722033001
1.0282538722033001
1.0282538722033001
1.0282538722033001
1.0282538722033001
1.0282538722033001
1.0306662432245137
1.0306662432245137
1.0306662432245137
1.0306662432245137
1.0306662432245137
1.0315102959177795
1.0305284262234853
1.0306822363922226
1.0306822363922226
1.0306822363922226
1.0306822363922226
1.030326164583285
1.030326164583285
1.0297698908414514
1.0299011964030584
1.0299011964030584
1.0287138360074817
1.0287138360074817
1.0287138360074817
1.0287138360074817
1.0286110927824061
1.028535232131156
1.028535232131156
1.0306808949413402
1.0306808949413402
1.0306808949413402
1.0306808949413402
1.0306980874728568
1.0284281694641444
1.0284281694641444
1.0284281694641444
1.0284281694641444
1.0285741261170258
1.0285741261170258
1.0285410693262351
1.0285410693262351
1.0285410693262351
1.0285410693262351
1.0285410693262351
1.0285410693262351
1.0285410693262351
1.0285410693262351
1.0285410693262351
1.0287932306943681
1.0287932306943681
1.0277170013132015
1.0277170013132015
1.0261208526054015
1.0242025105783934
1.0242025105783934
1.0242025105783934
1.0242025105783934
1.0237205401469667
1.0232857604498893
1.0232857604498893
1.0232857604498893
1.0228183854632604
1.0228183854632604
1.02303895712253
1.02303895712253
1.02303895712253
1.02303895712253
1.021981957930201
1.021981957930201
1.021981957930201
1.021981957930201
1.02116598274386
1.02116598274386
1.0219622919319258
1.0246235121873462
1.0254201638862444
1.0235824080686746
1.0235824080686746
1.0235824080686746
1.0235824080686746
1.0235824080686746
1.0235824080686746
1.0274118821222729
1.0274118821222729
1.0274118821222729
1.0244023745347308
1.0228933439379173
1.024027876899006
1.0208622962905638
1.0208622962905638
1.0208622962905638
1.022345961509041
1.024590457809142
1.024590457809142
1.024590457809142
1.024590457809142
1.024590457809142
1.024590457809142
1.024590457809142
1.024590457809142
1.0230124201848116
1.022498646413044
1.021986290534771
1.021986290534771
1.0238100742652148
1.0238100742652148
1.0226108119839437
1.0226108119839437
1.0226108119839437
1.0226108119839437
1.0226108119839437
1.0226108119839437
1.024089685722797
1.024089685722797
1.0232694152432953
1.022799087359032
1.0246312158851523
1.024022522393971
1.024022522393971
1.024897542087775
1.024897542087775
1.024897542087775
1.024897542087775
1.024897542087775
1.024897542087775
1.0234274996617343
1.0234274996617343
1.0234274996617343
1.0234274996617343
1.0234274996617343
1.023782307280153
1.023782307280153
1.023782307280153
1.027871337753713
1.027871337753713
1.027871337753713
1.028785323746298
1.0246262793300644
1.0262443887141262
1.0290054959906245
1.0290054959906245
1.0290054959906245
1.0270705450002076
1.0274468889770079
1.0263884202837967
1.0263884202837967
1.026718536618355
1.0282363821473655
1.0282363821473655
1.0278499578576492
1.0277795021510985
1.0277795021510985
1.0277795021510985
1.0255361434316128
1.024871497845759
1.024871497845759
1.024871497845759
1.0263269905272128
1.0263269905272128
1.0263269905272128
1.0263269905272128
1.0263269905272128
1.0263269905272128
1.0263269905272128
1.0279471150820823
1.0279471150820823
1.0279471150820823
1.0279471150820823
1.0279471150820823
1.0279471150820823
1.0272200116365404
1.027253516085455
1.027253516085455
1.0277277877490647
1.0292233075957313
1.0292233075957313
1.0292233075957313
1.0292233075957313
1.0292233075957313
1.0292233075957313
1.0289942687566331
1.0294022568877288
1.0282291532532364
1.0282291532532364
1.0282291532532364
1.0308503796262984
1.030136029002038
1.030136029002038
1.030136029002038
1.030136029002038
1.030136029002038
1.0298412540006905
1.0298412540006905
1.0298412540006905
1.03072782570774
1.03072782570774
1.03072782570774
1.0272016555756402
1.0275364051571927
1.027739362916167
1.027739362916167
1.027739362916167
1.027739362916167
1.027739362916167
1.027739362916167
1.027739362916167
1.027739362916167
1.0279621618104064
1.0280098986298825
1.0280098986298825
1.0280098986298825
1.0270432427084912
1.0270432427084912
1.0288331290083848
1.0296567545770992
1.029045615277816
1.029045615277816
1.0313299642690337
1.0313299642690337
1.029132050376359
1.0277853980089093
1.0270840628641071
1.0270840628641071
1.0279366479949612
1.0279366479949612
1.029634169502662
1.029634169502662
1.029634169502662
1.029634169502662
1.0273404738158312
1.0275094521967054
1.0275094521967054
1.0279045554136543
1.0293379154425237
1.0277272460858269
1.0277272460858269
1.0277272460858269
1.0277272460858269
1.030956573897973
1.0321421072038863
1.0321421072038863
1.0317299575962249
1.0317299575962249
1.0294402806034846
1.0294402806034846
1.030336713567326
1.030336713567326
1.029297609523731
1.0307479520772174
1.0307479520772174
1.0332184437661907
1.0332184437661907
1.0332184437661907
1.0318943596862489
1.0318943596862489
1.031519199069325
1.033403260290279
1.0317351090806886
1.0316532041240476
1.0314649621405865
1.0314649621405865
1.031119996169259
1.0322232496894892
1.0322232496894892
1.0322232496894892
1.031638221458432
1.0311385940675943
1.0311385940675943
1.0311385940675943
1.0285079982187868
1.028713654063324
1.028713654063324
1.028713654063324
1.028713654063324
1.028713654063324
1.028713654063324
1.028713654063324
1.0305091035202973
1.031517351632847
1.029809266102355
1.0281346400777762
1.0281346400777762
1.0281346400777762
1.0261798865100722
1.0268453475045696
1.0297766696987043
1.0297766696987043
1.0297766696987043
1.0297766696987043
1.0260929544344364
1.0260929544344364
1.0260929544344364
1.0260929544344364
1.0260929544344364
1.027599817109512
1.0283311448477297
1.0276516359064176
1.0276516359064176
1.0276516359064176
1.0276516359064176
1.0273244716892966
1.0273244716892966
1.0273244716892966
1.0273244716892966
1.0273244716892966
1.0276876422776662
1.0276876422776662
1.0276876422776662
1.0276876422776662
1.0276876422776662
1.0276876422776662
1.0313923640909362
1.0313923640909362
1.030088771850787
1.030088771850787
1.030088771850787
1.030088771850787
1.0317761141648607
1.0317761141648607
1.0317761141648607
1.0310244383827865
1.0310244383827865
1.0310244383827865
1.030850878403305
1.030850878403305
1.0288735324497857
1.0314072464440283
1.0314072464440283
1.0314072464440283
1.0313637228006325
1.0319878986397315
1.0319878986397315
1.0325747393560156
1.030659889557136
1.028644997686137
1.0284747426007925
1.0314584487180205
1.0314584487180205
1.0314584487180205
1.0314584487180205
1.0314584487180205
1.0314584487180205
1.0314584487180205
1.0314584487180205
1.0314584487180205
1.0333203173065724
1.0336302196093392
1.033321132506067
1.033321132506067
1.0331971595688945
1.0331971595688945
1.0331971595688945
1.0331971595688945
1.0300006419382473
1.0300006419382473
1.0300006419382473
1.0300006419382473
1.0300006419382473
1.0300006419382473
1.0300006419382473
1.0323003847236403
1.0323003847236403
1.033400509636133
1.033400509636133
1.033400509636133
1.033400509636133
1.033400509636133
1.032572536733715
1.032572536733715
1.032572536733715
1.032572536733715
1.032572536733715
1.032572536733715
1.03361580702788
1.0291818235841688
1.0289888684711932
1.0289888684711932
1.02707661684629
1.0279315764291899
1.0286131401850385
1.0286131401850385
1.0286131401850385
1.0286131401850385
1.0286131401850385
1.0305109059160626
1.0305109059160626
1.0279006381582874
1.0279006381582874
1.0289533616998776
1.0289533616998776
1.0289533616998776
1.0263829505065314
1.0281880901620906
1.0281880901620906
1.0281880901620906
1.0297420048839594
1.0304222720075145
1.0304222720075145
1.0309724574205386
1.0309724574205386
1.0309724574205386
1.0309724574205386
1.0310767772969172
1.0310767772969172
1.0309156040684058
1.0309156040684058
1.0278610446403411
1.0278610446403411
1.0257112111972237
1.0257112111972237
1.0257112111972237
1.0279743049650885
1.0279743049650885
1.0279743049650885
1.0266562132722044
1.0266562132722044
1.0266562132722044
1.0266562132722044
1.0266562132722044
1.0261560417839475
1.0261560417839475
1.026664772815532
1.0268581023318997
1.0268581023318997
1.0268248474926822
1.0268248474926822
1.023946990811905
1.0272480096873968
1.0272480096873968
1.0272480096873968
1.0258225669794403
1.0258225669794403
1.0250568259917439
1.0250568259917439
1.0253891417631236
1.0261214206513423
1.0261214206513423
1.0261214206513423
1.0265537134178107
1.0265537134178107
1.0267947161508109
1.0267947161508109
1.0267947161508109
1.0255286939455426
1.0255286939455426
1.0255286939455426
1.023997868659301
1.023997868659301
1.023997868659301
1.023997868659301
1.023997868659301
1.023997868659301
1.024492122662916
1.0273919454082487
1.0303565487837623
1.0287927827666974
1.0281671195212767
1.0250896878224922
1.0250896878224922
1.0237805785113654
1.0244598374126705
1.0244598374126705
1.0249875446381762
1.028584788586596
1.028584788586596
1.028584788586596
1.028584788586596
1.0286218443947137
1.0286218443947137
1.0292270488791178
1.0292270488791178
1.0305110111561901
1.0305110111561901
1.0305110111561901
1.0294420228141639
1.0335560096235512
1.0335560096235512
1.0335560096235512
1.0335560096235512
1.0320411803851666
1.0316988871947241
1.0316988871947241
1.0301709780996682
1.0296684929260091
1.0296684929260091
1.0295284786249987
1.0295284786249987
1.0306408552609159
1.0306408552609159
1.0269139215986747
1.0269139215986747
1.0273144036838988
1.0273144036838988
1.0273144036838988
1.0273144036838988
1.0273144036838988
1.0273144036838988
1.0273144036838988
1.0273144036838988
1.0273144036838988
1.0273144036838988
1.028975713929496
1.028975713929496
1.0312147512123233
1.0312147512123233
1.0312147512123233
1.0310373681503324
1.0310373681503324
1.0310373681503324
1.0310373681503324
1.0310373681503324
1.0283012200991652
1.0283012200991652
1.0283012200991652
1.0295444260031472
1.0295444260031472
1.0301336900957896
1.0301136062001144
1.0301136062001144
1.0301136062001144
1.0301136062001144
1.027448826914881
1.027448826914881
1.0267817803641515
1.0267817803641515
1.0257925598158517
1.028232220242179
1.028232220242179
1.028232220242179
1.0276191378403616
1.026253045820288
1.026253045820288
1.026253045820288
1.026253045820288
1.0271333938893192
1.0266944417121417
1.0265563112415244
1.0265563112415244
1.0265563112415244
1.0265563112415244
1.0279964855774755
1.0279964855774755
1.0279964855774755
1.027214937624133
1.027214937624133
1.0280569535055348
1.0280195386552462
1.0293717447034585
1.0280268716706975
1.0280268716706975
1.0280268716706975
1.0280268716706975
1.0280268716706975
1.0282509209318451
1.0313992393877347
1.0313992393877347
1.0313992393877347
1.0313992393877347
1.0319312280345838
1.0327961193638187
1.0327961193638187
1.0327961193638187
1.0327961193638187
1.0320620762140664
1.0320620762140664
1.0320620762140664
1.0320620762140664
1.0320620762140664
1.0320620762140664
1.0319053768305733
1.0337953872892576
1.0337953872892576
1.0329468546838974
1.0329468546838974
1.0329468546838974
1.0329468546838974
1.0329468546838974
1.0329468546838974
1.0329468546838974
1.031167380462653
1.031167380462653
1.031167380462653
1.031167380462653
1.0319742034577093
1.0324324736005273
1.02893665457468
1.02893665457468
1.028303290866192
1.028303290866192
1.028303290866192
1.0260528459425242
1.0260528459425242
1.0296762660720473
1.0296762660720473
1.0296762660720473
1.0296762660720473
1.031081657139761
1.031081657139761
1.031081657139761
1.0311434524172316
1.0324121286597168
1.0319898980446396
1.03218615992769
1.032819448123004
1.032766656729905
1.032766656729905
1.032766656729905
1.032766656729905
1.029780176900421
1.029780176900421
1.0292784507420067
1.0289165450601474
1.0289165450601474
1.0290281007867539
1.0290281007867539
1.0279845336951976
1.0279845336951976
1.0279845336951976
1.0279845336951976
1.031666132463073
1.031666132463073
1.0328717772506415
1.0319883842562096
1.0319883842562096
1.0292998676054743
1.02830043372067
1.02830043372067
1.025836814892082
1.025836814892082
1.0284197205942023
1.0283306990735541
1.0283306990735541
1.0283306990735541
1.0299663991656445
1.0285883088373273
1.0292793301762142
1.0321754058747017
1.0302207673227215
1.030682152286026
1.0320906855088938
1.0319403007578194
1.0319403007578194
1.0319403007578194
1.0319403007578194
1.031259677828576
1.031259677828576
1.031259677828576
1.0319075587039181
1.033435036468051
1.031443168979699
1.0316480371681969
1.0342174433744833
1.0342174433744833
1.0313565984798614
1.0301155148137509
1.0291678998851617
1.0291678998851617
1.0291678998851617
1.0300962818029193
1.0300962818029193
1.0320061807459142
1.033340901249135
1.033340901249135
1.0349141146818899
1.033729139356934
1.033729139356934
1.0364479909988358
1.0364479909988358
1.0364479909988358
1.0364479909988358
1.0364479909988358
1.0364479909988358
1.0364479909988358
1.0349694558651705
1.0349694558651705
1.0349694558651705
1.0338092649600397
1.0338092649600397
1.0338092649600397
1.0338092649600397
1.0338092649600397
1.0315450322292234
1.0315450322292234
1.0344339358740704
1.032852606529979
1.032852606529979
1.032852606529979
1.032852606529979
1.032852606529979
1.032852606529979
1.032852606529979
1.032852606529979
1.032852606529979
1.032852606529979
1.033928057740429
1.033928057740429
1.033928057740429
1.0348159646334536
1.0348159646334536
1.0341645422340084
1.0332209450241772
1.0325289780613054
1.0355482372456648
1.0355482372456648
1.0355482372456648
1.0355482372456648
1.0355482372456648
1.0355482372456648
1.0349364269899175
1.0341569973665106
1.0323056331426363
1.0323056331426363
1.0323056331426363
1.0323056331426363
1.0342448588499853
1.0342448588499853
1.0342448588499853
1.0342448588499853
1.0329897895848719
1.0329897895848719
1.0338552451687621
1.0344218216201606
1.0321737235596304
1.0325700954568129
1.0325700954568129
1.0325700954568129
1.0325700954568129
1.0330078132695433
1.0330078132695433
1.030819526228436
1.030819526228436
1.0292386366688395
1.0292386366688395
1.0292386366688395
1.0292386366688395
1.0292386366688395
1.0292386366688395
1.0292386366688395
1.0292386366688395
1.0292386366688395
1.0292386366688395
1.0293943156761074
1.0293943156761074
1.0293943156761074
1.0289763636506575
1.0271613782692093
1.0271613782692093
1.0308787109417101
1.0301583411372572
1.0301583411372572
1.030054263602893
1.030054263602893
1.0294664527600108
1.0294664527600108
1.0294664527600108
1.0294664527600108
1.0294664527600108
1.0294664527600108
1.02826696086336
1.02826696086336
1.02826696086336
1.02826696086336
1.030900512823107
1.030900512823107
1.030900512823107
1.030900512823107
1.0298601543477395
1.0298601543477395
1.0298601543477395
1.030320322912356
1.030320322912356
1.0322736351036355
1.0322736351036355
1.0320936362515878
1.033197319706628
1.033197319706628
1.033197319706628
1.033197319706628
1.033197319706628
1.034464944218062
1.034464944218062
1.034464944218062
1.034464944218062
1.034464944218062
1.034464944218062
1.034464944218062
1.0314566570385166
1.0314493272065477
1.0318349805574336
1.0318349805574336
1.0318349805574336
1.0318349805574336
1.0318349805574336
1.0318349805574336
1.0309866346775343
1.0309866346775343
1.0305477910071366
1.0305477910071366
1.0313737913033325
1.0305351261484577
1.0305351261484577
1.0289843851131442
1.0289843851131442
1.0289843851131442
1.0240841460436356
1.024521634659892
1.024521634659892
1.023727150635963
1.0251469848846855
1.0251469848846855
1.0256563606475986
1.0256563606475986
1.0256563606475986
1.0256563606475986
1.0256563606475986
1.0252525262467913
1.0252525262467913
1.025061019388865
1.025061019388865
1.0264737215055844
1.0264737215055844
1.0271319813011175
1.0271319813011175
1.0264199855361138
1.027882276190337
1.0278422754827783
1.029881785656068
1.0278919249383425
1.027251647123061
1.0253466759414405
1.0253466759414405
1.0253466759414405
1.0253466759414405
1.0253466759414405
1.0253909434344557
1.0253909434344557
1.0253909434344557
1.0253909434344557
1.0253909434344557
1.0260072761581867
1.024664818039878
1.0253062301638163
1.0253062301638163
1.0253062301638163
1.0253062301638163
1.0268433788938527
1.0282014975499598
1.0295536423364098
1.0295536423364098
1.0295536423364098
1.026595030092834
1.0271476971286833
1.0254302391671195
1.0293093502888164
1.0274139248975085
1.0273878009142847
1.0273878009142847
1.0273878009142847
1.0272914024616018
1.0272914024616018
1.0280825502154052
1.0280825502154052
1.0280825502154052
1.0280825502154052
1.0280825502154052
1.0275980617145997
1.0272708213322037
1.0272708213322037
1.0272708213322037
1.0272708213322037
1.0272708213322037
1.0305942071307794
1.0305942071307794
1.0304294396409754
1.0273195600194462
1.0277276724979945
1.0277276724979945
1.0277276724979945
1.0266792282926562
1.029105251187178
1.029105251187178
1.0298964356806146
1.0298964356806146
1.0298964356806146
1.0276737481377367
1.0272746535902049
1.0272746535902049
1.0264916920672937
1.0264916920672937
1.0264916920672937
1.028266854761061
1.028266854761061
1.0293856017575695
1.0293856017575695
1.0293856017575695
1.0293856017575695
1.0273008519309172
1.0297376562523635
1.0297376562523635
1.0297376562523635
1.0292605058611963
1.0280445784132537
1.0264195220887657
1.0264195220887657
1.0264195220887657
1.0259802067252355
1.0259802067252355
1.0259802067252355
1.0280802299064489
1.0262036787300697
1.0262036787300697
1.0262036787300697
1.0262036787300697
1.0262036787300697
1.0262036787300697
1.0262036787300697
1.0262036787300697
1.0278475410733536
1.0278475410733536
1.0285859346286368
1.0285859346286368
1.0283498498360173
1.0297488328897537
1.0297488328897537
1.0297488328897537
1.0297488328897537
1.0250884685348618
1.0250884685348618
1.0250884685348618
1.0250884685348618
1.0250884685348618
1.0258091800574896
1.0258091800574896
1.0258091800574896
1.0252937691205644
1.0252937691205644
1.0252937691205644
1.0252937691205644
1.026772372460965
1.024478490086117
1.0244824400245853
1.0244824400245853
1.0244824400245853
1.021858171954386
1.0233942590478813
1.025227829307939
1.025227829307939
1.025227829307939
1.026181944430469
1.0276804305487177
1.0296827370086545
1.0296827370086545
1.0296827370086545
1.0296827370086545
1.0296827370086545
1.0296827370086545
1.027500381614774
1.0273334465677513
1.0273334465677513
1.0273334465677513
1.0273334465677513
1.0273334465677513
1.0273334465677513
1.0273334465677513
1.0286967687492223
1.0285490061722118
1.0285490061722118
1.0285490061722118
1.02938369682952
1.02938369682952
1.02938369682952
1.02938369682952
1.0290126226927427
1.0290126226927427
1.028962292347442
1.0270456465025648
1.027880828656618
1.0277899937400001
1.0277899937400001
1.0277899937400001
1.0277899937400001
1.0285326132287067
1.0319441146911403
1.029854708774488
1.029854708774488
1.029854708774488
1.029854708774488
1.0303019602639323
1.0303019602639323
1.0310546719340867
1.0310546719340867
1.033898400141284
1.0332854504047555
1.0332854504047555
1.0332854504047555
1.0332854504047555
1.0322473463765702
1.0322473463765702
1.0322473463765702
1.0317686702354911
1.030702779129012
1.030702779129012
1.030702779129012
1.030702779129012
1.0324627174038314
1.030944464472056
1.030944464472056
1.029919476578944
1.02949314941364
1.02949314941364
1.0288695295543757
1.0299208313714194
1.0299208313714194
1.0299208313714194
1.0299208313714194
1.0299208313714194
1.0299208313714194
1.0296607592514004
1.0296607592514004
1.0296607592514004
1.0296607592514004
1.0296607592514004
1.0337288394140531
1.0318585012092107
1.0318585012092107
1.0318585012092107
1.0318585012092107
1.0318585012092107
1.0318585012092107
1.0315676144522852
1.0317031912709103
1.0317031912709103
1.0303614850145408
1.030229549872767
1.030535673559773
1.030535673559773
1.0273553024195117
1.0252639564684896
1.0252639564684896
1.0252639564684896
1.0252639564684896
1.0262431762885287
1.0276828568434886
1.0276828568434886
1.0276828568434886
1.0276828568434886
1.0248110602224443
1.0253598404336344
1.0253598404336344
1.026675454509492
1.0271995880126685
1.0254040980657548
1.0274974920054074
1.0283223874639624
1.0269749701263313
1.02709635467976
1.0250494792645555
1.0250494792645555
1.024722622698005
1.024722622698005
1.024722622698005
1.0261015368350705
1.0261015368350705
1.0261015368350705
1.0261015368350705
1.0261015368350705
1.0261015368350705
1.0261015368350705
1.025871738705908
1.025871738705908
1.025871738705908
1.025871738705908
1.0265339796970245
1.0265339796970245
1.0303103729699674
1.0296846314057937
1.0270481960529216
1.0289175990130284
1.029489500006388
1.0303678927622084
1.0317664665388622
1.0310929776220177
1.0310929776220177
1.0310929776220177
1.0310929776220177
1.0306476159486266
1.0306476159486266
1.0306723280536882
1.0306723280536882
1.0304367525371931
1.0308413652963742
1.0308413652963742
1.0270613466999479
1.0270613466999479
1.0270613466999479
1.0270613466999479
1.0270613466999479
1.0270613466999479
1.0270613466999479
1.0282313937274743
1.0268702731439368
1.0268702731439368
1.0259869165702005
1.0258917439387014
1.0258917439387014
1.0258917439387014
1.0254551086948551
1.0243606926262365
1.0243606926262365
1.0231249029324996
1.0259529398929397
1.027569089988483
1.026696583637955
1.0268054290359643
1.0296208541778173
1.0296208541778173
1.0313982497914647
1.0313982497914647
1.0313982497914647
1.0296654317707379
1.0296654317707379
1.0296654317707379
1.0302132646242268
1.0286211330293789
1.0286211330293789
1.0285169537921535
1.0277364714705541
1.0277364714705541
1.0277364714705541
1.029401325918729
1.029401325918729
1.0309441609740349
1.0297538685523397
1.0297538685523397
1.0297538685523397
1.0297538685523397
1.0297538685523397
1.0295613467189617
1.0295613467189617
1.0295613467189617
1.0295613467189617
1.0295613467189617
1.0300340446165799
1.0303428888610404
1.0303428888610404
1.0303428888610404
1.031180369475152
1.031180369475152
1.031180369475152
1.031090350539839
1.031090350539839
1.031090350539839
1.031090350539839
1.028208170343527
1.0273639757049293
1.0239011129991078
1.0290460617289303
1.0290460617289303
1.029175856552927
1.029175856552927
1.029175856552927
1.029175856552927
1.0291704939115234
1.0291704939115234
1.0281526966231698
1.0281526966231698
1.0281526966231698
1.0281526966231698
1.0281526966231698
1.0281526966231698
1.0263740726008874
1.0257748216568436
1.0249845357666503
1.0278305497848468
1.0278305497848468
1.0278305497848468
1.029424428389812
1.029424428389812
1.0297551795588438
1.0294633801931472
1.0285219849295306
1.0285219849295306
1.0285219849295306
1.0292619472933595
1.0298662673627255
1.0298662673627255
1.0304320485379317
1.0304320485379317
1.0304320485379317
1.0293039741018142
1.0293039741018142
1.0293039741018142
1.0258747144707767
1.0258747144707767
1.0261949813200784
1.0261949813200784
1.0257678270708313
1.0307573864329393
1.0307573864329393
1.0311644558895599
1.0304484055043932
1.028204394703646
1.0279359008592965
1.0279359008592965
1.0279359008592965
1.0286918627240826
1.0292994611668953
1.0292994611668953
1.033291539377879
1.033291539377879
1.033291539377879
1.0316261274578813
1.0292887978062175
1.0309874418971978
1.0278209204930158
1.0278209204930158
1.0278209204930158
1.0278209204930158
1.0278209204930158
1.027148833848783
1.027148833848783
1.027148833848783
1.030144378090718
1.030144378090718
1.033797011669752
1.033797011669752
1.0311324327444522
1.031279066028839
1.031279066028839
1.031279066028839
1.0321313934607401
1.0309821064182745
1.0338865284158603
1.0338865284158603
1.034413380374354
1.034413380374354
1.034413380374354
1.034413380374354
1.034413380374354
1.034413380374354
1.035347728211386
1.0337064530493998
1.03695189103675
1.0373018026394487
1.0373018026394487
1.0373018026394487
1.0348335923987493
1.0345567483977884
1.0345567483977884
1.0345567483977884
1.0331653937632979
1.0331653937632979
1.0331653937632979
1.0345506778163724
1.0316602805012622
1.0316602805012622
1.0306309524915573
1.0306309524915573
1.0347335541285063
1.0344683594395407
1.0315647395506244
1.0315647395506244
1.033438562419046
1.033869806237928
1.033869806237928
1.0350555796509224
1.0350555796509224
1.0350555796509224
1.0337521567350616
1.0337521567350616
1.0337521567350616
1.0337521567350616
1.0332027242268935
1.0333738109699455
1.0324900641597818
1.0307881278208464
1.0306654761120015
1.0308921686225945
1.0308921686225945
1.0302524315926953
1.031433990839803
1.031433990839803
1.031433990839803
1.031433990839803
1.031433990839803
1.0327661507093568
1.0327661507093568
1.0321812293729342
1.0340220216971927
1.0324184527074847
1.0328390265730294
1.0303392008087908
1.0308490129977754
1.0308490129977754
1.0308490129977754
1.0295791151722689
1.029727298059064
1.029727298059064
1.029727298059064
1.0315271539620614
1.0289736762079165
1.0269265620495227
1.0269265620495227
1.0269265620495227
1.0269265620495227
1.0264817038526408
1.0264817038526408
1.0265055672839247
1.0289625403960223
1.0289625403960223
1.0293287886502194
1.029765655925757
1.029765655925757
1.029765655925757
1.0299741580589772
1.0299741580589772
1.0309495455904376
1.0309495455904376
1.0310921254619498
1.0304169442182787
1.0292853774926958
1.0292853774926958
1.0311390787123993
1.0299130052830408
1.030293382306882
1.0309410057969437
1.031066210956185
1.0282442010385635
1.0282920843572472
1.0282920843572472
1.0282920843572472
1.0269121101242602
1.0269121101242602
1.0269121101242602
1.0269121101242602
1.0269121101242602
1.0269121101242602
1.0268109621000148
1.027108003508647
1.0276606549977203
1.0276606549977203
1.0276606549977203
1.0281252986238358
1.0281252986238358
1.0281252986238358
1.0273634538057674
1.0273634538057674
1.0260722133382105
1.0277383904703523
1.0277383904703523
1.0277383904703523
1.0277383904703523
1.031213516360494
1.031213516360494
1.031213516360494
1.0309647792840761
1.0309647792840761
1.0309647792840761
1.0321322262788288
1.0291867602570663
1.0291867602570663
1.0301331183626865
1.0301331183626865
1.0301331183626865
1.0301331183626865
1.0279147449689434
1.0277705428275068
1.0277705428275068
1.0302071567207716
1.0302071567207716
1.0282926089202185
1.0282926089202185
1.0284970863439886
1.0286323299998
1.0286323299998
1.0283975133787424
1.028608375999795
1.028608375999795
1.028608375999795
1.0315345048940376
1.0315345048940376
1.0315345048940376
1.0293067698824154
1.0293067698824154
1.0287570075476107
1.0282174701070366
1.0308485266496055
