1.0462632282479323
1.0462632282479323
1.0462632282479323
1.0462632282479323
1.0462632282479323
1.0462632282479323
1.0462632282479323
1.0462632282479323
1.0462632282479323
1.0462632282479323
1.0462632282479323
1.0462632282479323
1.0462632282479323
1.0462632282479323
1.0462632282479323
1.0462632282479323
1.0462632282479323
1.0462632282479323
1.0462632282479323
1.0462632282479323
1.0462632282479323
1.0462632282479323
1.0462632282479323
1.0462632282479323
1.0462632282479323
1.0462632282479323
1.0462632282479323
1.0462632282479323
1.0462632282479323
1.0462632282479323
1.0462632282479323
1.0462632282479323
1.0462632282479323
1.0462632282479323
1.0462632282479323
1.0462632282479323
1.0462632282479323
1.0462632282479323
1.0462632282479323
1.0462632282479323
1.0462632282479323
1.0462632282479323
1.0462632282479323
1.0462632282479323
1.0462632282479323
1.0462632282479323
1.0462632282479323
1.0462632282479323
1.0462632282479323
1.0462632282479323
1.0462632282479323
1.0462632282479323
1.0462632282479323
1.0462632282479323
1.0462632282479323
1.0462632282479323
1.0462632282479323
1.0462632282479323
1.0462632282479323
1.0462632282479323
1.0462632282479323
1.0462632282479323
1.0462632282479323
1.0462632282479323
1.0462632282479323
1.0462632282479323
1.0462632282479323
1.0462632282479323
1.0462632282479323
1.0462632282479323
1.0462632282479323
1.0462632282479323
1.0462632282479323
1.0462632282479323
1.0462632282479323
1.0462632282479323
1.0462632282479323
1.0462632282479323
1.0462632282479323
1.0462632282479323
1.0462632282479323
1.0462632282479323
1.0462632282479323
1.0462632282479323
1.0462632282479323
1.0462632282479323
1.0462632282479323
1.0462632282479323
1.0462632282479323
1.0462632282479323
1.0462632282479323
1.0462632282479323
1.0462632282479323
1.0462632282479323
1.0462632282479323
1.0462632282479323
1.0462632282479323
1.0462632282479323
1.0462632282479323
1.0462632282479323
1.0356322132622064
1.0356322132622064
1.0353583457864957
1.0353583457864957
1.0353583457864957
1.0353583457864957
1.0346051681431747
1.0287767098214347
1.0222268110721056
1.0227029889321768
1.019997322616925
1.019997322616925
1.019997322616925
1.0208777046440551
1.022059378093984
1.0183210890203418
1.0205223536799906
1.0220755136951623
1.0220755136951623
1.0220755136951623
1.0220755136951623
1.0210681207353232
1.0223668253338076
1.0223668253338076
1.0223668253338076
1.0223668253338076
1.022974410981066
1.0230072374233605
1.0230072374233605
1.0223576268780237
1.0220370151815192
1.0251900687360032
1.0255180599014926
1.0255180599014926
1.0275205557442992
1.0272386535455016
1.0275985814966855
1.0275985814966855
1.0273022696433582
1.0273022696433582
1.0273022696433582
1.0273022696433582
1.0273022696433582
1.0273022696433582
1.0283290465159838
1.0320287655518319
1.0320287655518319
1.032662725534942
1.032662725534942
1.032662725534942
1.0316364580137307
1.0316364580137307
1.0316364580137307
1.0316247661729672
1.0316247661729672
1.0315497717095246
1.031735464284854
1.031735464284854
1.0307690362738884
1.0307690362738884
1.0325656489228179
1.0325994255993163
1.0329293724557462
1.0329293724557462
1.0288089059574055
1.0288089059574055
1.0280431864792152
1.0266196375071306
1.0283057325211558
1.0313985010037716
1.0313985010037716
1.0313985010037716
1.0313985010037716
1.0313985010037716
1.0313985010037716
1.0313985010037716
1.0313985010037716
1.0349786217142989
1.0349786217142989
1.0349786217142989
1.0354545010961105
1.0354545010961105
1.038106843641117
1.038106843641117
1.038106843641117
1.0380553965735662
1.0380553965735662
1.037207562241416
1.0377317140225897
1.036871274552955
1.0348222483214635
1.0348222483214635
1.0330225697876754
1.0330225697876754
1.0330225697876754
1.0330225697876754
1.0330225697876754
1.0330225697876754
1.0330225697876754
1.0330225697876754
1.0343882489109444
1.0343882489109444
1.0329144299045427
1.0332843119247976
1.0332843119247976
1.0310601326853506
1.0310601326853506
1.0310601326853506
1.0310601326853506
1.0310601326853506
1.0325365657815948
1.0328719315681723
1.0334758386577236
1.0335705791079395
1.0335705791079395
1.0335705791079395
1.0342026477197515
1.0334281307956963
1.0323319944747926
1.0323319944747926
1.035196721219043
1.035196721219043
1.035196721219043
1.03529632097332
1.034196083031466
1.0360443019986132
1.0360443019986132
1.0360443019986132
1.0328844136918478
1.0357433351192742
1.0357433351192742
1.0343555608222195
1.0343555608222195
1.0343555608222195
1.0364606763115929
1.0364606763115929
1.0364606763115929
1.0364606763115929
1.0364606763115929
1.0364606763115929
1.0364606763115929
1.0364606763115929
1.0347225812848202
1.0347225812848202
1.0347225812848202
1.0356383369879394
1.0356867866346462
1.0356867866346462
1.0356867866346462
1.0356867866346462
1.0356867866346462
1.0356867866346462
1.0356867866346462
1.0330209143807418
1.0345192485761385
1.0333964896416725
1.0333964896416725
1.0333964896416725
1.0333964896416725
1.0333964896416725
1.0333964896416725
1.0333964896416725
1.0333964896416725
1.030662831471689
1.030662831471689
1.030662831471689
1.030662831471689
1.030662831471689
1.030662831471689
1.032216964256399
1.0302645422970518
1.029812033694369
1.031580179073706
1.031580179073706
1.0301608591198823
1.0287006677576938
1.0305892608821896
1.0321890927235227
1.033084296633482
1.0319192581245065
1.0317489527078905
1.0317489527078905
1.0314419840121452
1.0324929060681103
1.0324929060681103
1.0324929060681103
1.0324929060681103
1.0324929060681103
1.0325219115842568
1.0361570301535645
1.038467839546736
1.038467839546736
1.038467839546736
1.038467839546736
1.038467839546736
1.0369215307368582
1.0369215307368582
1.0369215307368582
1.0369215307368582
1.0369215307368582
1.038489679009647
1.0399992562661848
1.0399992562661848
1.0399992562661848
1.0399992562661848
1.0399992562661848
1.0388696150359071
1.0388696150359071
1.0388696150359071
1.0394670498054166
1.0387389358575143
1.0413819241614815
1.0413819241614815
1.0412441791682114
1.0381325998426252
1.0408579273495648
1.0408579273495648
1.0408579273495648
1.041030917143847
1.041030917143847
1.041030917143847
1.0371862848669555
1.0371862848669555
1.0371862848669555
1.0373446773693442
1.034916904113838
1.034916904113838
1.034916904113838
1.0334542126961959
1.0327878881153323
1.0327878881153323
1.0341258213869138
1.0341258213869138
1.0341258213869138
1.0341258213869138
1.0353113911574725
1.0353113911574725
1.0353113911574725
1.0376375134775313
1.0376375134775313
1.0376375134775313
1.0376375134775313
1.0341588049303687
1.0341588049303687
1.0341588049303687
1.0341588049303687
1.0341588049303687
1.0341588049303687
1.033471340274808
1.033471340274808
1.0347713635676827
1.0347713635676827
1.0356888476421808
1.0356888476421808
1.0346369393013288
1.0346369393013288
1.0325995805039987
1.0325995805039987
1.0325995805039987
1.0325995805039987
1.0331101169041934
1.033537926102537
1.0338951567225316
1.0338951567225316
1.0346915026660317
1.0346915026660317
1.0327362228447081
1.0354338012658886
1.0334686711727727
1.035818658214967
1.035818658214967
1.035818658214967
1.0364719111132081
1.0364719111132081
1.036092378303406
1.036092378303406
1.0353581244947936
1.0353581244947936
1.0353581244947936
1.03343422268527
1.03343422268527
1.03343422268527
1.03343422268527
1.03343422268527
1.03343422268527
1.03343422268527
1.0343030773695874
1.0343030773695874
1.0325804124240632
1.0325804124240632
1.0325804124240632
1.0325804124240632
1.0324449935972202
1.0324449935972202
1.0315278741504055
1.0315278741504055
1.0315278741504055
1.0315232731192887
1.032968180065207
1.0325945245556114
1.0325945245556114
1.0286255340632642
1.0286255340632642
1.0286255340632642
1.02687584466989
1.029583668876362
1.029583668876362
1.0299943549190338
1.0299943549190338
1.032278823894134
1.032278823894134
1.032278823894134
1.032278823894134
1.0298162366917043
1.0298162366917043
1.028998553193
1.028998553193
1.028998553193
1.028998553193
1.028998553193
1.028998553193
1.028998553193
1.028998553193
1.028998553193
1.028998553193
1.028998553193
1.028998553193
1.028998553193
1.0277346211751246
1.0277346211751246
1.0277346211751246
1.0277346211751246
1.0295652902759664
1.0295652902759664
1.0295652902759664
1.0295652902759664
1.0295652902759664
1.0295652902759664
1.0295652902759664
1.0295652902759664
1.0295652902759664
1.0295652902759664
1.0295652902759664
1.029957169976993
1.029957169976993
1.029957169976993
1.031369756618279
1.031369756618279
1.0297019049880392
1.0297019049880392
1.0289454126121158
1.0289454126121158
1.0289454126121158
1.0289454126121158
1.0289454126121158
1.0289454126121158
1.0293331674191815
1.031480400880749
1.0299408610653433
1.0322790475095176
1.0310487389799268
1.0310487389799268
1.0310487389799268
1.0310487389799268
1.0317839477376762
1.0317839477376762
1.0317839477376762
1.0317839477376762
1.03119097491848
1.03119097491848
1.0313854806952198
1.0320696393348996
1.0320696393348996
1.0320696393348996
1.0315917505244767
1.0297352103885868
1.0297352103885868
1.0297352103885868
1.0297352103885868
1.0261743439567443
1.0271793829009075
1.027278106669321
1.028709185519652
1.0279032163534279
1.0282118267181788
1.0301194287144646
1.0301323598177543
1.0301323598177543
1.0301323598177543
1.032372362163914
1.032372362163914
1.032372362163914
1.032372362163914
1.0293198046174716
1.0293198046174716
1.0277912660072352
1.027378664955672
1.0285986682842578
1.0290940643964117
1.0290940643964117
1.0293477117465963
1.0293477117465963
1.0293477117465963
1.0302794656358993
1.02979205751766
1.02979205751766
1.0299064317285171
1.0270958503625345
1.0265778121701608
1.0302002138416582
1.0302002138416582
1.0297988861893956
1.0297988861893956
1.0297988861893956
1.0297988861893956
1.0298556544920507
1.030340620104471
1.02964742064366
1.032113191102485
1.032113191102485
1.032113191102485
1.032113191102485
1.032113191102485
1.032113191102485
1.033583670900071
1.033583670900071
1.033583670900071
1.0319560001693178
1.0318345639871456
1.03168825862331
1.0317279726676167
1.034083716704335
1.0317662186688819
1.0317662186688819
1.0317662186688819
1.0311957689750442
1.0311957689750442
1.0356357747660618
1.0363999894631277
1.0375189590998037
1.0348850503024014
1.0334906219491773
1.0334906219491773
1.0335680463940176
1.0335680463940176
1.0335680463940176
1.0329594400111728
1.0329594400111728
1.031542017162609
1.031542017162609
1.0309978288111046
1.0309978288111046
1.0339806506699227
1.0339806506699227
1.0339806506699227
1.0339806506699227
1.0339806506699227
1.0339806506699227
1.0339806506699227
1.0339806506699227
1.0337350400942067
1.035133329038162
1.035133329038162
1.035133329038162
1.035133329038162
1.0329501888028538
1.0333483920530446
1.0333483920530446
1.0333483920530446
1.034141159806591
1.0345829373456572
1.0345829373456572
1.0330145262476773
1.0330145262476773
1.032161440483134
1.0326623518993563
1.0315456105123706
1.0315456105123706
1.0315456105123706
1.0315456105123706
1.0315456105123706
1.0315456105123706
1.0315456105123706
1.0315456105123706
1.0315456105123706
1.0297336207498111
1.0288309994225613
1.0290257271593792
1.0290257271593792
1.0290257271593792
1.0280111327659467
1.0280111327659467
1.0280111327659467
1.0280111327659467
1.0293708102950536
1.0293708102950536
1.0293708102950536
1.0283903643837131
1.0307960675075132
1.0307960675075132
1.030728787185074
1.030728787185074
1.0315856540835864
1.0322862239410844
1.0317551277055323
1.0315855802957876
1.0315855802957876
1.0315855802957876
1.0315855802957876
1.0282327709425503
1.0283357469813195
1.0283357469813195
1.0283357469813195
1.0283357469813195
1.0311270388568337
1.0303527352877073
1.0303527352877073
1.0280833483232883
1.0280833483232883
1.026952353931618
1.0264825335163545
1.0261384855363662
1.0261384855363662
1.029109040398495
1.029109040398495
1.0295205474770972
1.0295864484724748
1.0295864484724748
1.0269334546302604
1.031448835796833
1.0308333336509583
1.0308333336509583
1.0308333336509583
1.0308333336509583
1.029348231753455
1.029348231753455
1.029348231753455
1.029348231753455
1.029348231753455
1.0298340440611171
1.0298340440611171
1.0298340440611171
1.0298340440611171
1.0298340440611171
1.0302649614264214
1.0302649614264214
1.0302649614264214
1.0288533555869976
1.0310730793312515
1.030145244744857
1.0328664528840688
1.0330640016748034
1.0357714132914153
1.0357714132914153
1.0357714132914153
1.0357714132914153
1.0357714132914153
1.032185437764174
1.0330471310727192
1.032945791059185
1.0318965390652484
1.0318965390652484
1.0319112192101096
1.0333051022747828
1.0344026502254138
1.0344026502254138
1.0345896090924065
1.0354051619730333
1.0344388897827168
1.0344388897827168
1.0356336438852605
1.0356336438852605
1.0356336438852605
1.0356336438852605
1.0356336438852605
1.0378739813465248
1.0378739813465248
1.0378739813465248
1.0378739813465248
1.0360225075898528
1.035788763790797
1.035788763790797
1.035788763790797
1.035788763790797
1.035788763790797
1.0365768446044017
1.0365768446044017
1.0359566470450088
1.0359566470450088
1.0355273943220433
1.0344372964869117
1.0344372964869117
1.0298675913701607
1.0298675913701607
1.0298675913701607
1.0298675913701607
1.0298675913701607
1.0327189895234818
1.0330424943621244
1.0330424943621244
1.0330424943621244
1.0321235207416442
1.0321235207416442
1.0321235207416442
1.0321235207416442
1.030607878084524
1.030607878084524
1.0308493296285979
1.0308493296285979
1.0308493296285979
1.0312472335503198
1.0312472335503198
1.0339940444460194
1.0333176776411146
1.0333176776411146
1.034718679296181
1.03676508150846
1.03676508150846
1.037147901276297
1.037147901276297
1.037147901276297
1.037147901276297
1.0374228396068963
1.0374228396068963
1.0374228396068963
1.0372571421199586
1.0372571421199586
1.0372571421199586
1.0372571421199586
1.0372571421199586
1.0375273465459947
1.0375273465459947
1.0375721673901779
1.0375721673901779
1.0375414172600759
1.0375414172600759
1.0375414172600759
1.0379897209940794
1.0379897209940794
1.0379897209940794
1.0366566158164159
1.0366566158164159
1.0366566158164159
1.0376741692490379
1.0376741692490379
1.0371481085097867
1.0371481085097867
1.0371481085097867
1.0364019655928918
1.0354916387235065
1.0354916387235065
1.0354916387235065
1.0354916387235065
1.0355985934601786
1.0359825079984308
1.0359825079984308
1.035213920994571
1.035213920994571
1.035213920994571
1.035213920994571
1.035213920994571
1.035213920994571
1.035213920994571
1.0349385023794964
1.0337693861684227
1.0337693861684227
1.0337693861684227
1.0337693861684227
1.0337693861684227
1.0373584090039305
1.0386589407908764
1.0388402709413256
1.0362810250977057
1.0362810250977057
1.0362810250977057
1.0362810250977057
1.0362810250977057
1.0362810250977057
1.0362810250977057
1.0362810250977057
1.0362810250977057
1.0364250464674891
1.0364250464674891
1.0357451511815075
1.0357451511815075
1.035873288354233
1.034891737155789
1.037275482483362
1.0354272274853769
1.0352719582541021
1.0352719582541021
1.0352719582541021
1.0352719582541021
1.0352719582541021
1.0352719582541021
1.0352719582541021
1.0352719582541021
1.0352719582541021
1.0352719582541021
1.0345447662971938
1.0345447662971938
1.0338164696679863
1.0338164696679863
1.0338164696679863
1.0357060740327673
1.0341863258457349
1.0341863258457349
1.0371068356969473
1.0370828337332485
1.0369155884460903
1.0369155884460903
1.0369155884460903
1.0369155884460903
1.0369155884460903
1.0374689841713518
1.0374689841713518
1.0390762366652582
1.0390762366652582
1.0390762366652582
1.0376144634069386
1.0376144634069386
1.0376144634069386
1.0376144634069386
1.0376144634069386
1.0376144634069386
1.0376144634069386
1.0391968127087563
1.0391622431963827
1.0378653447185084
1.0363946942318143
1.0369910438298267
1.0369910438298267
1.0369910438298267
1.0379273577884964
1.0379273577884964
1.0379273577884964
1.0379273577884964
1.0377726057802534
1.0377726057802534
1.0377726057802534
1.0382906484238406
1.0382906484238406
1.0382906484238406
1.0380885203886723
1.0380885203886723
1.0394019778644723
1.0379032219158724
1.0395595544561707
1.0395595544561707
1.0395595544561707
1.0395595544561707
1.037908818349111
1.0421292878420543
1.0405563522971648
1.0431452377581614
1.0431452377581614
1.0431452377581614
1.0431452377581614
1.04155976738474
1.04155976738474
1.04155976738474
1.04155976738474
1.04155976738474
1.0404272895736293
1.0398641716497456
1.039567454518121
1.039567454518121
1.039567454518121
1.039567454518121
1.039567454518121
1.039697844847516
1.039697844847516
1.039697844847516
1.039697844847516
1.0384683896344762
1.0384683896344762
1.0385667915742414
1.0377512277697691
1.03483406344868
1.03483406344868
1.03483406344868
1.03483406344868
1.0347567981873609
1.03517672548307
1.0350825862980744
1.0350825862980744
1.0355583428752044
1.0341560453413574
1.034471982550991
1.0366124391870757
1.0366124391870757
1.0366124391870757
1.0366124391870757
1.0366124391870757
1.0366124391870757
1.0366124391870757
1.0366124391870757
1.0366124391870757
1.0368157704933323
1.0368157704933323
1.0368157704933323
1.0368157704933323
1.0368157704933323
1.0368157704933323
1.0368157704933323
1.0368157704933323
1.0368157704933323
1.0365937540504473
1.0370364897248574
1.0370364897248574
1.0370364897248574
1.033244647271248
1.0343988566274216
1.0318703276010783
1.0344216758223506
1.0344216758223506
1.0344216758223506
1.0344216758223506
1.0344216758223506
1.0344216758223506
1.0342479168302938
1.0342479168302938
1.0345612532991435
1.0345612532991435
1.0345612532991435
1.0345612532991435
1.0366734539173674
1.0366734539173674
1.0353261220539332
1.0353261220539332
1.035747121834761
1.035747121834761
1.0371186060982736
1.0371186060982736
1.037666317506448
1.037666317506448
1.037666317506448
1.037666317506448
1.0379188486791058
1.0359083577235693
1.0359083577235693
1.0359286674530521
1.0359286674530521
1.0345209705145868
1.037271446593656
1.037271446593656
1.037271446593656
1.037271446593656
1.0364520432761426
1.0356834759376525
1.0356834759376525
1.0354028301102502
1.0354028301102502
1.0345698895388615
1.0341180220829131
1.0355874973589052
1.0355874973589052
1.0355874973589052
1.0355874973589052
1.0331685795124879
1.0331685795124879
1.0340257190581457
1.0341570494715229
1.0341570494715229
1.0333953510782257
1.0333953510782257
1.0333953510782257
1.0350213703527649
1.032251094783652
1.032251094783652
1.033098029107811
1.033098029107811
1.033098029107811
1.033098029107811
1.0315973853256108
1.0330421689393627
1.0330421689393627
1.030268263423049
1.0318414158530471
1.0318414158530471
1.0335090813619414
1.0330460545656606
1.0330460545656606
1.0330460545656606
1.0314670357916567
1.029682038841543
1.029682038841543
1.0312342143354165
1.0312342143354165
1.0312342143354165
1.0315531558781368
1.0315531558781368
1.0289674066398566
1.0289674066398566
1.0289674066398566
1.0289674066398566
1.0289674066398566
1.0289674066398566
1.0289674066398566
1.0313847202013458
1.0313847202013458
1.0328015358141842
1.0306613531820645
1.0306613531820645
1.0306613531820645
1.0306613531820645
1.0304073528898223
1.031073007960571
1.0323393752352188
1.033535831146799
1.0344121451484862
1.034082700877779
1.034082700877779
1.0361032283307576
1.0361032283307576
1.0358373069608833
1.0358373069608833
1.0358373069608833
1.0358373069608833
1.0363441262045123
1.0363441262045123
1.0352428967428307
1.0336638393393194
1.0333859776404855
1.0326205265528159
1.0323154177130769
1.0323154177130769
1.0323154177130769
1.0320348537813613
1.0320348537813613
1.0317942952898487
1.0320142915669845
1.0320142915669845
1.0320142915669845
1.0327280198081787
1.0327280198081787
1.034117042644803
1.034117042644803
1.034117042644803
1.0338034273520262
1.0338034273520262
1.0373958135791361
1.0364555747120887
1.0364555747120887
1.0364555747120887
1.0364555747120887
1.0364555747120887
1.0378218781756323
1.0378218781756323
1.0378218781756323
1.0378218781756323
1.0369977030644484
1.0351442907639519
1.0351442907639519
1.0351442907639519
1.0351442907639519
1.0351442907639519
1.0397095688874396
1.0375943725064884
1.0375943725064884
1.0337521489294854
1.0338958204985245
1.0314456221445332
1.0314456221445332
1.0314456221445332
1.0300493606442225
1.0329808682592556
1.0329808682592556
1.0329808682592556
1.0329808682592556
1.0350325873719641
1.0356686799792063
1.0383933535543683
1.037040637928587
1.033992466082371
1.0346805689247849
1.0346805689247849
1.0346805689247849
1.0321234749691814
1.0321234749691814
1.0321234749691814
1.0298111772499134
1.0288266567072977
1.0295180871120881
1.0295180871120881
1.0295180871120881
1.0321196340379517
1.0312968993143892
1.0319344258470455
1.0319344258470455
1.0325299668839332
1.0325299668839332
1.0311338860789794
1.0311338860789794
1.0311338860789794
1.0311338860789794
1.030516839702693
1.032393305902951
1.0328223336979856
1.0336514196161872
1.031239892273685
1.031239892273685
1.031239892273685
1.031239892273685
1.031239892273685
1.031239892273685
1.031239892273685
1.031239892273685
1.0328723506772244
1.0328723506772244
1.0328723506772244
1.0328723506772244
1.0328723506772244
1.0328723506772244
1.033423595767965
1.0328653559786858
1.036153853459833
1.0360371602655263
1.0360371602655263
1.0360371602655263
1.0360371602655263
1.0378230318184023
1.0378230318184023
1.0378230318184023
1.0356756849340898
1.0356756849340898
1.0356756849340898
1.0369658639346886
1.0369658639346886
1.0369658639346886
1.0325132103941035
1.0320921577726336
1.0320921577726336
1.0320921577726336
1.0320921577726336
1.0320921577726336
1.0320921577726336
1.031390415153222
1.031390415153222
1.031390415153222
1.031390415153222
1.033195356735013
1.0335024579355565
1.035081689619096
1.038343156452767
1.038343156452767
1.038343156452767
1.038343156452767
1.038343156452767
1.038343156452767
1.038343156452767
1.038343156452767
1.038343156452767
1.038343156452767
1.0376912080119896
1.0369438919772669
1.04007091706188
1.04007091706188
1.0388530766646102
1.0384017132418681
1.0360138155557284
1.0360138155557284
1.0360138155557284
1.0360138155557284
1.0360138155557284
1.0386748071983474
1.0386748071983474
1.0350766356613053
1.0350766356613053
1.0350766356613053
1.0344863478054946
1.0344863478054946
1.0344863478054946
1.0344863478054946
1.0344863478054946
1.0340899174005198
1.0340899174005198
1.0340899174005198
1.0350894460680546
1.0359066809467377
1.0359066809467377
1.034623544062506
1.034623544062506
1.032845281671813
1.032845281671813
1.0356276616068905
1.0386186092535066
1.0380993438372272
1.0366670805286289
1.0336736997194673
1.0336736997194673
1.0336736997194673
1.0346147044167564
1.0346147044167564
1.0346147044167564
1.0346147044167564
1.0346147044167564
1.0346147044167564
1.0328725306249888
1.0328725306249888
1.0328725306249888
1.0328725306249888
1.0323598025362801
1.0323598025362801
1.0306898387476608
1.0306898387476608
1.0306898387476608
1.0306898387476608
1.0306898387476608
1.0306898387476608
1.0306898387476608
1.0306898387476608
1.0306898387476608
1.029106591747802
1.029106591747802
1.029106591747802
1.029106591747802
1.029106591747802
1.0293334047996183
1.0330316506639443
1.029711345443469
1.029711345443469
1.0302261191432505
1.0318701615813728
1.031197816856114
1.031197816856114
1.031197816856114
1.0297891135339141
1.0297891135339141
1.0297891135339141
1.03113355077745
1.03113355077745
1.03113355077745
1.03113355077745
1.03113355077745
1.03113355077745
1.0310204043314013
1.0310204043314013
1.0310204043314013
1.0310204043314013
1.0331534918724625
1.0355616158175256
1.0355616158175256
1.0355616158175256
1.0360832262505482
1.0360832262505482
1.0360785994507378
1.0360942296891853
1.0360942296891853
1.0360942296891853
1.035777845380194
1.035777845380194
1.0350735747862205
1.0350735747862205
1.03272862849408
1.03272862849408
1.03272862849408
1.0327158024073215
1.031051264094679
1.0321314634338716
1.032939335361587
1.032939335361587
1.029128062700681
1.029128062700681
1.029128062700681
1.029128062700681
1.0288960649712025
1.0288960649712025
1.0288960649712025
1.0279250427748337
1.0279250427748337
1.0279250427748337
1.0279250427748337
1.0279250427748337
1.0279250427748337
1.0279250427748337
1.0279250427748337
1.0279250427748337
1.0306296743230334
1.0306296743230334
1.0306296743230334
1.0306296743230334
1.0306332807045653
1.0306332807045653
1.0317641525317858
1.0317641525317858
1.0317641525317858
1.0317641525317858
1.0317641525317858
1.0288999134553172
1.0288999134553172
1.0304092282217228
1.0304092282217228
1.0304092282217228
1.029532920761612
1.0292438197330906
1.0292438197330906
1.0306076234671873
1.0316389481411092
1.0296465388665887
1.031791003046251
1.031791003046251
1.031791003046251
1.031791003046251
1.031791003046251
1.032397947588764
1.032397947588764
1.0313025745006925
1.031148616913835
1.031148616913835
1.0283726622473606
1.0283726622473606
1.0307269441382643
1.0313519880009325
1.0313519880009325
1.0313519880009325
1.0313519880009325
1.0313519880009325
1.0318620867526276
1.0318620867526276
1.0318620867526276
1.0318620867526276
1.0307207275047696
1.0307207275047696
1.0307207275047696
1.0290085416840513
1.0290085416840513
1.0296084891179718
1.0296084891179718
1.0300072929578634
1.0300072929578634
1.0309223456595866
1.0303342247451022
1.0326204863937813
1.0326204863937813
1.0326204863937813
1.033195922804422
1.033195922804422
1.033195922804422
1.0340896022656378
1.0340896022656378
1.0332107922198341
1.0337966728837522
1.0337966728837522
1.0337966728837522
1.0337966728837522
1.0337966728837522
1.0337966728837522
1.0337966728837522
1.0337966728837522
1.0351611341388385
1.0351611341388385
1.0351611341388385
1.0345402808459239
1.0345402808459239
1.0339174773921604
1.034643426873185
1.034124734856234
1.034124734856234
1.034124734856234
1.0350914540579395
1.0370370092651895
1.0355047534795458
1.0355047534795458
1.038711168759252
1.038711168759252
1.0386145224862813
1.0386145224862813
1.0386765492545214
1.0386765492545214
1.0386765492545214
1.037576287397546
1.037576287397546
1.0381692365755006
1.0381692365755006
1.0364934506057248
1.0364934506057248
1.0375101496284156
1.0375101496284156
1.0390692623014983
1.0390692623014983
1.0390692623014983
1.0390692623014983
1.0390692623014983
1.0390692623014983
1.0373630730983294
1.0409179020067254
1.0409179020067254
1.0379521487965608
1.0379521487965608
1.0379521487965608
1.0379521487965608
1.0379521487965608
1.0379521487965608
1.0380949575010783
1.0380949575010783
1.0361521775922362
1.0361521775922362
1.0375293583915526
1.0340613172451356
1.0340613172451356
1.0340613172451356
1.0340613172451356
1.0340613172451356
1.0340613172451356
1.0340613172451356
1.0340613172451356
1.0340613172451356
1.0338593440676445
1.0338593440676445
1.0329449500074035
1.0329449500074035
1.0329449500074035
1.0329449500074035
1.0329338219063537
1.0351324371567263
1.0351324371567263
1.0351324371567263
1.0351324371567263
1.0351324371567263
1.0357213204674576
1.0357213204674576
1.0357213204674576
1.0357213204674576
1.0357213204674576
1.0357213204674576
1.0357213204674576
1.0357213204674576
1.0366243415275234
1.0366243415275234
1.0373474407419376
1.0373474407419376
1.0373474407419376
1.0373913880449441
1.0373913880449441
1.0373913880449441
1.0373913880449441
1.0398904367246808
1.0398388889456414
1.0398388889456414
1.0391523456175853
1.0391523456175853
1.0391523456175853
1.0391523456175853
1.0404193602683784
1.0404193602683784
1.0406342842049197
1.0406342842049197
1.0425419784712995
1.0422675564929502
1.0422675564929502
1.0422675564929502
1.0422675564929502
1.0422675564929502
1.041264856826877
1.0421696591286604
1.0421696591286604
1.0408085507517084
1.0407568689071471
1.0410026204396172
1.0410026204396172
1.0410026204396172
1.0382682988028227
1.0382682988028227
1.036556630906271
1.036556630906271
1.0362320731248158
1.036102763145764
1.036102763145764
1.036102763145764
1.0365748077081536
1.0344737599549452
1.0347578299621532
1.0347578299621532
1.0347578299621532
1.0347578299621532
1.0347578299621532
1.0351698296247498
1.0304939726398838
1.0304939726398838
1.0330415225443417
1.0330415225443417
1.0334060453609615
1.0334060453609615
1.0334060453609615
1.0330280662543458
1.0330280662543458
1.0330280662543458
1.0330280662543458
1.0330280662543458
1.0330280662543458
1.034111265019328
1.034111265019328
1.034111265019328
1.034111265019328
1.0340994893765418
1.0340994893765418
1.0340994893765418
1.0355829032556576
1.0355829032556576
1.0355829032556576
1.0355829032556576
1.0355829032556576
1.0355829032556576
1.0333951538776682
1.0382148890703455
1.0379659457584298
1.0371737181498961
1.0371737181498961
1.0371737181498961
1.0371737181498961
1.0365224235117008
1.0365224235117008
1.0365224235117008
1.0365224235117008
1.0365224235117008
1.0342263573114183
1.0342263573114183
1.0342263573114183
1.0342263573114183
1.0348749507792947
1.0348749507792947
1.0348749507792947
1.0348749507792947
1.0348749507792947
1.0348749507792947
1.0348749507792947
1.0348749507792947
1.0348749507792947
1.0348749507792947
1.034185880445033
1.034185880445033
1.0339387445340789
1.0339387445340789
1.0339387445340789
1.0339387445340789
1.0337300863161805
1.035697327305748
1.0364184906204434
1.0374595044641883
1.0377393912733694
1.0363486650625764
1.0363486650625764
1.0363486650625764
1.0363486650625764
1.0363486650625764
1.0333306504732682
1.0332939597150412
1.0332939597150412
1.0332939597150412
1.034387645396409
1.034387645396409
1.034387645396409
1.0334764960577358
1.0334764960577358
1.03354489732828
1.03354489732828
1.03354489732828
1.034307901844976
1.0337662513967703
1.0337662513967703
1.0332396782179336
1.0332396782179336
1.0332396782179336
1.0332396782179336
1.0332396782179336
1.0342687917426938
1.0327854152727487
1.0327854152727487
1.0306912169900597
1.027895180176602
1.0315016628231108
1.0326428780698966
1.0326428780698966
1.036119116207723
1.0351469934063071
1.0351469934063071
1.0351469934063071
1.0351469934063071
1.0351469934063071
1.0351469934063071
1.0351469934063071
1.0351469934063071
1.036749621219736
1.036749621219736
1.036749621219736
1.035168887766104
1.0341865475873382
1.0351026593379746
1.0349392960828903
1.0349593550897824
1.0349593550897824
1.036665700571057
1.036665700571057
1.036665700571057
1.034535816762235
1.034535816762235
1.034535816762235
1.034535816762235
1.034535816762235
1.0325853952185533
1.0325853952185533
1.0330181431709562
1.031660906964183
1.031660906964183
1.031732773388236
1.031732773388236
1.031732773388236
1.031732773388236
1.031732773388236
1.031732773388236
1.031732773388236
1.0294959763852982
1.0294959763852982
1.0294959763852982
1.0269502459556592
1.0269935894877245
1.0270958157018442
1.0270958157018442
1.0279054215837942
1.02896581624388
1.02896581624388
1.0279568132308787
1.0279568132308787
1.0283706340577505
1.0292989842260802
1.0292533194652562
1.031035456150788
1.0305259660301713
1.0287313207710054
1.0291872480261561
1.0273665912142427
1.0273665912142427
1.0241507197285022
1.0241507197285022
1.0266617698079672
1.0266617698079672
1.0296836127587634
1.0305702745034169
1.0305702745034169
1.0306928119202174
1.0306928119202174
1.0306928119202174
1.0314679791459354
1.0314679791459354
1.0314679791459354
1.0314679791459354
1.0314679791459354
1.0314355431267666
1.0314355431267666
1.0314355431267666
1.0321214110271772
1.0321214110271772
1.0323219957705818
1.0347660027351497
1.0338427596584367
1.0365411261988138
1.0364466375042802
1.0364466375042802
1.0364466375042802
1.0335105506428075
1.0341088388973059
1.0341088388973059
1.0341088388973059
1.0341088388973059
1.0363688246591145
1.0353739821021222
1.0353739821021222
1.0353739821021222
1.0346298414415513
1.0346298414415513
1.0346298414415513
1.0319735123642804
1.0302218663526321
1.0302218663526321
1.0329204775108989
1.0333066198030418
1.0333066198030418
1.0328613104557696
1.0328613104557696
1.0325118842425094
1.0318892633205794
1.033347015099094
1.033347015099094
1.0315173732250968
1.0315173732250968
1.0320302109935147
1.0361287334461762
1.0371407596946958
1.0372216585761038
1.0368522625412897
1.03661077619076
1.03661077619076
1.03692921660758
1.032473402158281
1.032473402158281
1.031090770843577
1.031090770843577
1.031090770843577
1.0311203989944009
1.0311203989944009
1.0311203989944009
1.0323260241833452
1.0323260241833452
1.0323260241833452
1.0323260241833452
1.0323260241833452
1.0323260241833452
1.0303732410511603
1.0304305686389295
1.0304305686389295
1.0304305686389295
1.0301939883619973
1.0289538616313734
1.0289538616313734
1.0283322852100745
1.0283322852100745
1.0283322852100745
1.0283322852100745
1.0283322852100745
1.0283322852100745
1.0283322852100745
1.0273806709947204
1.0273806709947204
1.0266079165432733
1.0266079165432733
1.0284496517704476
1.0284496517704476
1.0284496517704476
1.0284496517704476
1.028769638299925
1.028769638299925
1.028769638299925
1.028769638299925
1.0307795039144934
1.0311371671699399
1.030626994180677
1.0339197701022456
1.0339197701022456
1.0331639845096856
1.0331639845096856
1.030999910686242
1.0310573248086452
1.030854665484474
1.0313282600419924
1.0283062304357047
1.0283062304357047
1.0311704074862025
1.0311704074862025
1.0311704074862025
1.0311704074862025
1.0313235995683232
1.0313235995683232
1.0306465642787035
1.0292207455862656
1.0292207455862656
1.0274135001029832
1.0294526867941263
1.0294526867941263
1.0294526867941263
1.0331530042581258
1.0314762839440803
1.0314762839440803
1.0314762839440803
1.0314762839440803
1.0314762839440803
1.0323715061509653
1.0331714868093762
1.0333210161898148
1.0329928695045052
1.0329928695045052
1.032504870996203
1.0335393471654053
1.0322133347872413
1.0322133347872413
1.0325888082597081
1.0325888082597081
1.0325888082597081
1.034086514359369
1.0342098160479012
1.0341616160208376
1.0329599118431578
1.0294136775402958
1.0316659852033745
1.0316659852033745
1.0316659852033745
1.031493281175283
1.031493281175283
1.0338035790874414
1.0356638829686016
1.0358252444215998
1.0358252444215998
1.0350899695080997
1.0348565840647088
1.0362095850445479
1.0362095850445479
1.0350373212222903
1.0350373212222903
1.0336681221905264
1.032818806611818
1.033698292668046
1.0334640937778932
1.0334640937778932
1.0334640937778932
1.0334640937778932
1.0334640937778932
1.0319128898743164
1.0319128898743164
1.0319128898743164
1.032092671788655
1.032092671788655
1.032092671788655
1.032092671788655
1.032092671788655
1.032092671788655
1.032092671788655
1.032092671788655
1.032092671788655
1.032092671788655
1.032092671788655
1.032092671788655
1.032092671788655
1.0343693074959703
1.0343693074959703
1.0343693074959703
1.0343693074959703
1.0343693074959703
1.0343693074959703
1.0332183848356347
1.0343291079069548
1.0343291079069548
1.0343291079069548
1.033860195952962
1.033860195952962
1.033860195952962
1.033860195952962
1.033860195952962
1.0342975869066544
1.0342975869066544
1.0342975869066544
1.0362562778028046
1.0362562778028046
1.0357569876202115
1.0357569876202115
1.0357569876202115
1.0357569876202115
1.0357569876202115
1.0357569876202115
1.0357569876202115
1.0357569876202115
1.0349354886351143
1.034896318694811
1.033172830676322
1.0331056517696213
1.0331056517696213
1.0302328796953601
1.0334703253010151
1.0334703253010151
1.0334703253010151
1.0334703253010151
1.0334703253010151
1.0334703253010151
1.0312676591296213
1.031735172594191
1.0314516971291006
1.0314516971291006
1.0314516971291006
1.0314516971291006
1.0314516971291006
1.0316349666995612
1.0286441297768096
1.0286441297768096
1.0292859872198317
1.0292859872198317
1.0292859872198317
1.0298989037327893
1.0298989037327893
1.0298989037327893
1.031788829608392
1.031066577160897
1.031066577160897
1.031066577160897
1.031066577160897
1.0311148404018164
1.0311148404018164
1.0311148404018164
1.0311148404018164
1.0311148404018164
1.0311148404018164
1.0311148404018164
1.0311148404018164
1.0311148404018164
1.0311148404018164
1.0311148404018164
1.0311148404018164
1.028779924516738
1.028779924516738
1.0285503939023777
1.0308220509766137
1.0308220509766137
1.0288060023372223
1.0297782599749894
1.0267175591225222
1.0288151013896594
1.0327536882683008
1.0327536882683008
1.032418209687943
1.032418209687943
1.0310137400774222
1.028757578935819
1.0289560842877197
1.0289560842877197
1.0289560842877197
1.0289560842877197
1.0289560842877197
1.0289560842877197
1.0289560842877197
1.0279708042970617
1.0279708042970617
1.0279708042970617
1.0277615503647661
1.0277615503647661
1.0277615503647661
1.0277615503647661
1.0277615503647661
1.0290503735718104
1.031103785542229
1.030804353265793
1.030804353265793
1.030804353265793
1.030804353265793
1.0301805805096436
1.02995541476802
1.02995541476802
1.030091803497463
1.0306991150254363
1.0318590421662208
1.0318590421662208
1.0329292953292601
1.0329292953292601
1.0345893945386366
1.0345893945386366
1.0345893945386366
1.034505087646223
1.0320722333097325
1.0320722333097325
1.032772533408012
1.0326752502202456
1.0348467643548063
1.032201562630086
1.032201562630086
1.032201562630086
1.032201562630086
1.032201562630086
1.032201562630086
1.0298698945436238
1.0321500739509668
1.0321500739509668
1.0321500739509668
1.0321500739509668
1.0331190977204467
1.0331190977204467
1.0331190977204467
1.0331190977204467
1.0331190977204467
1.0331190977204467
1.0331190977204467
1.0339956514314992
1.033417743747462
1.033417743747462
1.031229538154118
1.0338429639929698
1.0338429639929698
1.0343090404485944
1.0343090404485944
1.0337776013222228
1.0319693052470373
1.0323004629104355
1.0323004629104355
1.0332571941979833
1.033729725614175
1.033729725614175
1.0327126331970007
1.032834638915138
1.032834638915138
1.032834638915138
1.032834638915138
1.032834638915138
1.032834638915138
1.032512152346686
1.0330974561443556
1.0330974561443556
1.0330974561443556
1.0330974561443556
1.0330974561443556
1.035743834930591
1.035743834930591
1.035743834930591
1.0365594130972622
1.0365594130972622
1.0358315279314483
1.0342358070898774
1.0335913636454228
1.0335913636454228
1.0343907204462894
1.0344185101109757
1.0344185101109757
1.0343931407682485
1.0343931407682485
1.0343931407682485
1.0343931407682485
1.0343931407682485
1.0343931407682485
1.0343931407682485
1.0343931407682485
1.0338582895855015
1.0339656316465533
1.0339656316465533
1.0333365940484587
1.0336012881336585
1.0336012881336585
1.0336012881336585
1.0341748800409822
1.0366902826041027
1.0348354963382416
1.0348354963382416
1.035490058404611
1.035490058404611
1.035490058404611
1.035490058404611
1.0356377578249345
1.0356377578249345
1.0356377578249345
1.0356377578249345
1.0356377578249345
1.0356377578249345
1.0356377578249345
1.0356377578249345
1.0344624455827796
1.0349337932826925
1.0349337932826925
1.0349337932826925
1.0338800026239696
1.0338800026239696
1.0330313859838007
1.0337877060511238
1.0341110588586753
1.035172056504113
1.035172056504113
1.0361175439079604
1.0361175439079604
1.0328426632440753
1.0328426632440753
1.0328426632440753
1.0305758936934624
1.0295042071335925
1.0316385680737277
1.0344064240758646
1.0338084463477124
1.0354357369825702
1.033858668486837
1.033858668486837
1.0348616674935587
1.0358108009780733
1.0348592724894743
1.0348592724894743
1.0348592724894743
1.0348592724894743
1.0337915617401716
1.0337915617401716
1.0342930412835327
1.0342930412835327
1.0326822682280368
1.0326822682280368
1.0343008305782366
1.0331294253287961
1.0331294253287961
1.0331294253287961
1.035781368577055
1.0368239598297977
1.0368239598297977
1.0361959520551145
1.0361959520551145
1.0361959520551145
1.0352755052218654
1.0332268047624678
1.0332268047624678
1.0332268047624678
1.0332268047624678
1.0332268047624678
1.0332268047624678
1.0355948071398544
1.0343380334213366
1.034973660689853
1.034973660689853
1.0337325797207548
1.0352771016501294
1.0352771016501294
1.0352771016501294
1.0352771016501294
1.0352771016501294
1.0352771016501294
1.0352771016501294
1.0352771016501294
1.0352530483731879
1.0352530483731879
1.0352530483731879
1.0380069773261258
1.0380069773261258
1.035071994433186
1.035071994433186
1.035071994433186
1.035071994433186
1.035071994433186
1.0383281704275282
1.0386075620126278
1.0386075620126278
1.0414600761713806
1.0411239349601638
1.0411239349601638
1.0397505842908876
1.0384738582538735
1.0388003857864847
1.0388003857864847
1.0404483034491883
1.0404483034491883
1.0404483034491883
1.0404483034491883
1.0404483034491883
1.0366069907649822
1.0340461898410032
1.0340461898410032
1.0357602030090938
1.0357602030090938
1.0357602030090938
1.0334798493336015
1.032613042595623
1.0310255112292088
1.0310255112292088
1.0310255112292088
1.0313786214798073
1.0335723784296864
1.0316329448361639
1.0316329448361639
1.0316329448361639
1.0316329448361639
1.0316329448361639
1.0316329448361639
1.0316329448361639
1.0316329448361639
1.0316329448361639
1.0316329448361639
1.0336862196632137
1.0336862196632137
1.0336862196632137
1.0336862196632137
1.033945991501437
1.033945991501437
1.031794253009168
1.031794253009168
1.031794253009168
1.0317102094976482
1.0310084213458173
1.0310084213458173
1.0320107269349241
1.0320107269349241
1.03103721303442
1.03103721303442
1.03103721303442
1.03103721303442
1.03103721303442
1.03103721303442
1.03103721303442
1.03103721303442
1.0320012047452318
1.0320012047452318
1.0320012047452318
1.031188899328909
1.031188899328909
1.031188899328909
1.031188899328909
1.031188899328909
1.0303879460418695
1.0303879460418695
1.0303879460418695
1.0312546652630419
1.0321822748778915
1.0321822748778915
1.030791753850301
1.030791753850301
1.031335666418149
1.031335666418149
1.0344320817504038
1.0344320817504038
1.0344320817504038
1.0344320817504038
1.0344320817504038
1.0359876895713893
1.034122810761802
1.034122810761802
1.0304184395477436
1.0304184395477436
1.0315692033072767
1.033470272306232
1.033470272306232
1.033470272306232
1.033470272306232
1.033470272306232
1.0326379082125852
1.0302557082565933
1.0293868403137927
1.0293868403137927
1.0310629764618855
1.0303269853012547
1.0303269853012547
1.0318475845486705
1.034263034313283
1.034263034313283
1.034263034313283
1.034263034313283
1.0330545546397156
1.0330545546397156
1.032921200098637
1.032921200098637
1.031605912169858
1.0329553280029697
1.0329553280029697
1.0367624319504598
1.0344657637958736
1.0344657637958736
1.0344571740122501
1.0344571740122501
1.0344571740122501
1.0344571740122501
1.0344571740122501
1.0344571740122501
1.0344571740122501
1.0344571740122501
1.0344571740122501
1.0344571740122501
1.0343884272389157
1.035314953710339
1.035314953710339
1.035314953710339
1.0320056478320545
1.0320056478320545
1.0342735120610238
1.0345524874882892
1.0345524874882892
1.0345524874882892
1.0338966648629022
1.034664355769729
1.035809745356772
1.035809745356772
1.0373782699463114
1.0373782699463114
1.0373782699463114
1.0362343275932973
1.0386805026252055
1.0375887994362936
1.0357378752483601
1.0357378752483601
1.0354779245838655
1.0354779245838655
1.0354779245838655
1.0354779245838655
1.0354779245838655
1.0354779245838655
1.0354779245838655
1.0360598795050577
1.0360598795050577
1.0360598795050577
1.0360598795050577
1.034599208907665
1.034599208907665
1.034599208907665
1.0354520924725958
1.0354520924725958
1.0354520924725958
1.0354520924725958
1.0351128274010346
1.0362893977630971
1.0362893977630971
1.0362893977630971
1.0382031317928997
1.0382031317928997
1.0382031317928997
1.0353556511087258
1.0353556511087258
1.0353556511087258
1.0353556511087258
1.0353556511087258
1.0353556511087258
1.0353556511087258
1.0358764444676356
1.03617377674922
1.0369463507153254
1.03978675161232
1.03978675161232
1.0395626118430203
1.0405800314359588
1.04119055453143
1.04119055453143
1.0408969878198069
1.0408969878198069
1.0408969878198069
1.0433731649469566
1.0437051184151913
1.0437694616782656
1.0437694616782656
1.044548654567784
1.044548654567784
1.0449231052851724
1.0419624778169903
1.042633692767761
1.042633692767761
1.042633692767761
1.04028360873546
1.039031152539013
1.042906434055702
1.0421269377001385
1.0421269377001385
1.041026621467162
1.041026621467162
1.0424246793940701
1.0424246793940701
1.0424246793940701
1.037337390234227
1.037337390234227
1.037337390234227
1.037337390234227
1.037337390234227
1.0375003625568122
1.0375003625568122
1.0375003625568122
1.0382797029893636
1.0392607758496168
1.0382703984364634
1.0386855777540411
1.035484149628617
1.0392324938569744
1.0392324938569744
1.0392324938569744
1.0392324938569744
1.0399187353431578
1.0409789791365553
1.0382453081618086
1.0382453081618086
1.0398013819477478
1.0398013819477478
1.0398013819477478
1.0394183169791267
1.0394183169791267
1.0394183169791267
1.040218091560962
1.040218091560962
1.040218091560962
1.038051934853703
1.038051934853703
1.038051934853703
1.0365715435417224
1.0360268452930994
1.0360268452930994
1.0360268452930994
1.0360268452930994
1.0360268452930994
1.036561338005268
1.036561338005268
1.037756551974109
1.037756551974109
1.037756551974109
1.037756551974109
1.038129121824164
1.0361926881075758
1.0361926881075758
1.0368209985003791
1.0368209985003791
1.0368209985003791
1.0356946462913177
1.0356946462913177
1.034959055393236
1.034959055393236
1.034959055393236
1.034959055393236
1.0365968334425186
1.0365968334425186
1.0355065697327905
1.034271184816307
1.034271184816307
1.032109040640345
1.032109040640345
1.032109040640345
1.032109040640345
1.032109040640345
1.032109040640345
1.032109040640345
1.0331353305507582
1.0341946324968017
1.0341648204613152
1.0352438156617914
1.0352438156617914
1.03497994436912
1.03497994436912
1.036691422559208
1.036691422559208
1.0358368573556367
1.0358368573556367
1.0353786696549776
1.0353786696549776
1.0367902999555116
1.0367902999555116
1.0367902999555116
1.0367902999555116
1.0348334801289312
1.0348334801289312
1.0348334801289312
1.0354326584695634
1.0327085382758037
1.0319326639446496
1.0319326639446496
1.0319326639446496
1.0319326639446496
1.0363744918021995
1.037210369669204
1.037210369669204
1.0389243918895745
1.0380512309077374
1.0382168108427683
1.0360801598975724
1.0336465206519982
1.0336465206519982
1.0336465206519982
1.0353028199350074
1.0343636754951127
1.0350585275585624
1.0350585275585624
1.0350585275585624
1.0350585275585624
1.035106463955445
1.035106463955445
1.035106463955445
1.0396058819674874
1.0396058819674874
1.0396058819674874
1.0368602535863658
1.0364733921610927
1.0364733921610927
1.0364733921610927
1.0364733921610927
1.0364959000519811
1.036588858219876
1.036588858219876
1.036588858219876
1.036588858219876
1.036588858219876
1.036588858219876
1.0372347354811378
1.0372347354811378
1.0372347354811378
1.0369148984137115
1.0380635837680556
1.0380635837680556
1.0355133067863926
1.0355133067863926
1.034912191678336
1.034912191678336
1.034912191678336
1.0366964468880648
1.0366964468880648
1.0366964468880648
1.0355890815041282
1.0355890815041282
1.0355890815041282
1.03739084375934
1.0384601252664023
1.0384601252664023
1.0368526427440898
1.0368526427440898
1.0368526427440898
1.0368526427440898
1.0375448166225245
1.0375448166225245
1.0375448166225245
1.0372318158332061
1.034804679790379
1.034804679790379
1.034804679790379
1.034804679790379
1.034804679790379
1.034804679790379
1.0330430535387836
1.0330430535387836
1.032710499583325
1.032710499583325
1.032710499583325
1.032710499583325
1.032710499583325
1.0315190476787894
1.0315190476787894
1.0315190476787894
1.032675581086165
1.032675581086165
1.032675581086165
1.0342769540523316
1.0331044900123836
1.0316663413557918
1.0343941516616257
1.0308079446477212
1.0298445198470896
1.0298494121849247
1.03091761254266
1.0304792085002463
1.0304792085002463
1.0295801633464936
1.030296100740779
1.032391937610679
1.032391937610679
1.032391937610679
1.032391937610679
1.032391937610679
1.030755426021544
1.030755426021544
1.0307905047136734
1.0307905047136734
1.0307905047136734
1.0307905047136734
1.0270401860728993
1.0270401860728993
1.0270401860728993
1.0270401860728993
1.0270401860728993
1.0270401860728993
1.0270401860728993
1.0272251802911028
1.0272251802911028
1.0272251802911028
1.0270786893461366
1.0255926693002584
1.0255926693002584
1.025693084564414
1.0267133266798922
1.0271806932560228
1.0271806932560228
1.0271806932560228
1.0271806932560228
1.0266090789113915
1.0266090789113915
1.0266090789113915
1.0260869799933914
1.0260869799933914
1.0260869799933914
1.0269110429727708
1.0269110429727708
1.0294159508458567
1.0294159508458567
1.0302338102400612
1.0302338102400612
1.028130877251792
1.025551692427813
1.0277877497913481
1.0277877497913481
1.0277877497913481
1.027310430337571
1.0277671141078437
1.0277671141078437
1.0277671141078437
1.0283845169376937
1.028903693709082
1.02843233001496
1.02843233001496
1.02843233001496
1.030452271531054
1.030452271531054
1.0308227973245228
1.0308227973245228
1.0308227973245228
1.0330767524438682
1.03416895907273
1.03416895907273
1.03416895907273
1.03416895907273
1.0354017857536872
1.0358460640678293
1.0358460640678293
1.0358460640678293
1.032979511733737
1.0330063780952856
1.032385741625518
1.03177975532583
1.033891053686453
1.033891053686453
1.033891053686453
1.033891053686453
1.033891053686453
1.033891053686453
1.033891053686453
1.033891053686453
1.033891053686453
1.033891053686453
1.033891053686453
1.033891053686453
1.033891053686453
1.033891053686453
1.0349934449573086
1.0324148227425902
1.0329488727385843
1.0354677058223685
1.0354677058223685
1.033256979432959
1.033256979432959
1.033256979432959
1.033256979432959
1.033256979432959
1.0323796688669256
1.0323796688669256
1.0336785475388104
1.0336785475388104
1.0336785475388104
1.0336785475388104
1.0317552166802109
1.0317552166802109
1.0317552166802109
1.0317552166802109
1.0317552166802109
1.0355776795887373
1.0355776795887373
1.0358208902473058
1.0358208902473058
1.0358208902473058
1.0358208902473058
1.0358208902473058
1.0358208902473058
1.0358208902473058
1.0358208902473058
1.0358208902473058
1.0358208902473058
1.0328552085549711
1.0328552085549711
1.0328552085549711
1.0328552085549711
1.0328552085549711
1.0338507531068657
1.0332597143232143
1.0332597143232143
1.0332597143232143
1.0332597143232143
1.0332597143232143
1.0326817713486145
1.0326817713486145
1.0326817713486145
1.0322912496552188
1.0315414382869634
1.0315414382869634
1.0334186572069661
1.0328365712452239
1.0326736179607332
1.0326736179607332
1.030341449423985
1.030341449423985
1.030341449423985
1.0275745951579873
1.0269965380361674
1.029367434754351
1.029367434754351
1.0306359357151116
1.0306359357151116
1.0306359357151116
1.0306359357151116
1.0306359357151116
1.0306359357151116
1.0306359357151116
1.027828978522605
1.027828978522605
1.027828978522605
1.0289624922433134
1.0293753149940763
1.0288732550433641
1.0288732550433641
1.0296044095638344
1.0296044095638344
1.0296044095638344
1.0296044095638344
1.0315148173380033
1.0315148173380033
1.030693789554269
1.030693789554269
1.0308259693784976
1.0308259693784976
1.0308259693784976
1.0308259693784976
1.0308259693784976
1.0308259693784976
1.0337360035392433
1.031823607497192
1.029157547293303
1.029157547293303
1.029157547293303
1.0307518992775488
1.0291777981301211
1.0291777981301211
1.0298791477342586
1.0298791477342586
1.0298791477342586
1.0289559269168862
1.0288319761993854
1.0288319761993854
1.0288319761993854
1.0288319761993854
1.0288319761993854
1.0287107997626264
1.0293192360157066
1.0293192360157066
1.0268194111172801
1.0268194111172801
1.026505446306192
1.0280812180844308
1.0252159416199371
1.026367899679136
1.026367899679136
1.026367899679136
1.0281844536906137
1.0294716488495865
1.0294716488495865
1.0294716488495865
1.0294716488495865
1.0292053924596727
1.0292053924596727
1.0304565225583588
1.033258175399241
1.0325710745993684
1.0333201870623403
1.0333201870623403
1.0332572426524664
1.0332572426524664
1.0329236925853327
1.0300577459589608
1.0300577459589608
1.0303866894470244
1.0303866894470244
1.0303866894470244
1.0303866894470244
1.0303866894470244
1.0300489082642057
1.0300489082642057
1.0292003780740884
1.0289590772690913
1.0306844093030654
1.0306844093030654
1.0306844093030654
1.0306844093030654
1.0318441265297549
1.0349170113805135
1.0349170113805135
1.0361181573366889
1.0361181573366889
1.031642958988988
1.0330414995888062
1.0330414995888062
1.0338455178340404
1.0338455178340404
1.0338455178340404
1.0318277332262027
1.0318277332262027
1.0318277332262027
1.0289811852199164
1.029196134556443
1.0296876715214442
1.0295403129911669
1.0295403129911669
1.027837671276302
1.0296147581609887
1.0296147581609887
1.0296147581609887
1.0296147581609887
1.0296147581609887
1.0296147581609887
1.0296147581609887
1.0313159079789374
1.0313159079789374
1.0313159079789374
1.0313159079789374
1.0325995496415235
1.0317613536374481
1.0291946093433444
1.0304899522404858
1.030010291580346
1.030010291580346
1.030010291580346
1.030010291580346
1.0285762811332877
1.0258741043483326
1.0258741043483326
1.0258741043483326
1.0266800572062118
1.0266800572062118
1.0257229335964198
1.0257229335964198
1.0257229335964198
1.0257229335964198
1.0257229335964198
1.0257229335964198
1.0257229335964198
1.0257229335964198
1.0257229335964198
1.0288780524953136
1.0274368584458908
1.028096299971527
1.0272471874047133
1.0271420676522558
1.0258516289798514
1.025143986154816
1.025143986154816
1.025143986154816
1.02585427486599
1.02585427486599
1.0257354500857903
1.0257354500857903
1.0257354500857903
1.0257354500857903
1.0290247081446975
1.0290247081446975
1.0290247081446975
1.0290247081446975
1.0290247081446975
1.0303080669548776
1.0303080669548776
1.0322851303678102
1.0322851303678102
1.0322851303678102
1.0322851303678102
1.0323285812379113
1.0333031721205466
1.0333031721205466
1.0334177403450675
1.033907772307279
1.0336629059805198
1.0332486138644625
1.0327393062114387
1.0327393062114387
1.0347867643559372
1.0347867643559372
1.0351770214835951
1.0351770214835951
1.0337633458292033
1.0337633458292033
1.0337633458292033
1.0337633458292033
1.0337633458292033
1.0363620465812524
1.0363620465812524
1.034541657299219
1.034541657299219
1.034541657299219
1.034541657299219
1.034541657299219
1.034541657299219
1.034541657299219
1.0372345952332285
1.0372345952332285
1.0361351775238985
1.0361351775238985
1.0327676338283251
1.0326975853197822
1.0326975853197822
1.0326975853197822
1.0326975853197822
1.0326975853197822
1.0326975853197822
1.0326975853197822
1.0326975853197822
1.0304687054119424
1.0304687054119424
1.0304687054119424
1.0299482809695224
1.0299482809695224
1.0299482809695224
1.0299482809695224
1.0303875360135406
1.0303875360135406
1.0303875360135406
1.0300851248251568
1.0300851248251568
1.030234729585868
1.0347915293281638
1.0334791559710532
1.0325229322937242
1.0325229322937242
1.0325229322937242
1.0325229322937242
1.0325229322937242
1.0325229322937242
1.032790149279058
1.031388013181872
1.031388013181872
1.03207080034917
1.0318419150151839
1.0318419150151839
1.0318419150151839
1.0318419150151839
1.0318419150151839
1.0318419150151839
1.0344132057223123
1.0344132057223123
1.0337164969991433
1.0337164969991433
1.0337164969991433
1.0337164969991433
1.0337164969991433
1.0337164969991433
1.0352239750950472
1.0352239750950472
1.0353387126766025
1.0353387126766025
1.033526219388082
1.033526219388082
1.033526219388082
1.033526219388082
1.033526219388082
1.033526219388082
1.033526219388082
1.033526219388082
1.0347471424114816
1.0347471424114816
1.0347471424114816
1.0347471424114816
1.0347471424114816
1.0347471424114816
1.0334337263944986
1.0334337263944986
1.0334281620350294
1.0334281620350294
1.0334281620350294
1.0334281620350294
1.0350569021144662
1.0350569021144662
1.0350569021144662
1.0350569021144662
1.032701281426721
1.032701281426721
1.032701281426721
1.032701281426721
1.032701281426721
1.032701281426721
1.032701281426721
1.032701281426721
1.032701281426721
1.032701281426721
1.032701281426721
1.0353359914437732
1.0353359914437732
1.0337398150032389
1.0372092033695768
1.0372092033695768
1.0365364335316503
1.0365364335316503
1.0365364335316503
1.0397407848205769
1.0397407848205769
1.0397407848205769
1.0397407848205769
1.0397407848205769
1.0397407848205769
1.0364730031836797
1.0364730031836797
1.0358259193031887
1.0358259193031887
1.0358259193031887
1.0365377053900655
1.035612765032893
1.035612765032893
1.035612765032893
1.035612765032893
1.035612765032893
1.035612765032893
1.0368275965433182
1.0366235917965791
1.0357769001593329
1.0357765831076446
1.0354258026621297
1.0354258026621297
1.036773013071293
1.036773013071293
1.0353852020897176
1.0353852020897176
1.0345500751856997
1.0345500751856997
1.0330988377846095
1.0330988377846095
1.0330988377846095
1.0330988377846095
1.0330988377846095
1.0324850331609887
1.0324850331609887
1.0324850331609887
1.0324850331609887
1.0317924746216711
1.0317924746216711
1.0339705736456921
1.0339705736456921
1.0339705736456921
1.0339705736456921
1.0316509978120036
1.0316509978120036
1.0316509978120036
1.0316509978120036
1.0321958690706283
1.0321958690706283
1.0321958690706283
1.0321958690706283
1.0296206946236237
1.0296206946236237
1.0296206946236237
1.0296206946236237
1.0325872949200117
1.0292435097649986
1.0292435097649986
1.0293432481600253
1.0309190723867985
1.0309190723867985
1.0309190723867985
1.0301348619206743
1.0301348619206743
1.0305621549622594
1.0305621549622594
1.0305621549622594
1.0305621549622594
1.0305621549622594
1.0305621549622594
1.0305621549622594
1.0336945051411044
1.0336945051411044
1.0356178861851804
1.0356178861851804
1.0343854002246777
1.0343854002246777
1.031022579717949
1.031022579717949
1.031022579717949
1.031022579717949
1.0322309202373607
1.0322309202373607
1.0322309202373607
1.0322309202373607
1.0322309202373607
1.0322309202373607
1.0322430502170177
1.0343154837009918
1.0343154837009918
1.0343154837009918
1.0343154837009918
1.0333523275895462
1.0333523275895462
1.0333523275895462
1.0333523275895462
1.0333523275895462
1.0320285599108305
1.0320285599108305
1.032680464159837
1.0301747026869088
1.0301747026869088
1.0301747026869088
1.0301747026869088
1.0301747026869088
1.0301747026869088
1.0319997462838395
1.0324067780938169
1.0323529137848557
1.0323529137848557
1.0323529137848557
1.0345373279466923
1.0345373279466923
1.0377779407856722
1.0377779407856722
1.0373103352351376
1.0351548217908682
1.0351548217908682
1.0348697752042821
1.0351247967943673
1.0352051393482693
1.0352051393482693
1.035748960786929
1.035748960786929
1.03374366426513
1.0324386135331638
1.0324199377988468
1.0324199377988468
1.0324199377988468
1.0324199377988468
1.0324199377988468
1.0316330282559392
1.0316330282559392
1.0316330282559392
1.0316330282559392
1.03032628697233
1.03032628697233
1.03032628697233
1.03032628697233
1.0300652382199083
1.0281712651133568
1.0268398940672407
1.0253619447191427
1.0253619447191427
1.024913181063961
1.0264848018992967
1.0261325333606055
1.0261325333606055
1.0261325333606055
1.0261325333606055
1.0261325333606055
1.0261325333606055
1.0241376131765954
1.0264582346361344
1.0264582346361344
1.0264582346361344
1.0264582346361344
1.0279971212803434
1.0278640827290524
1.0315458212249142
1.0315458212249142
1.0315458212249142
1.0301717797542322
1.030402521668977
1.0324249316065217
1.0324249316065217
1.0324249316065217
1.0324249316065217
1.0324249316065217
1.0324249316065217
1.0324249316065217
1.0324249316065217
1.0324249316065217
1.0356300491701522
1.0358141143272184
1.0358141143272184
1.0358141143272184
1.0332479086472772
1.031601956946573
1.0312709817128995
1.033558964116891
1.0337828505384492
1.034782691254027
1.0364544433169085
1.0366802343795927
1.0388780196098069
1.038088354526469
1.0368499743312578
1.036886543632844
1.0379192503715002
1.0382241077643752
1.0379613052325074
1.037010164901237
1.0387815444149149
1.0387815444149149
1.0387815444149149
1.0378368702863652
1.0378368702863652
1.0378368702863652
1.0378368702863652
1.0382707128099924
1.0370083053152317
1.0365188599177022
1.033948364776446
1.033948364776446
1.034083949725935
1.034083949725935
1.034083949725935
1.033123703273699
1.033123703273699
1.033123703273699
1.0337115719743661
1.0337115719743661
1.0337465206332197
1.0337465206332197
1.0318386746559087
1.0337202413536901
1.0337202413536901
1.0337202413536901
1.0337202413536901
1.0344586174972197
1.0344586174972197
1.0344586174972197
1.0333164287144736
1.0333164287144736
1.0354321792666028
1.0354321792666028
1.0339461145332047
1.0335972424052957
1.0335972424052957
1.0335972424052957
1.0335972424052957
1.0335972424052957
1.0335972424052957
1.0335972424052957
1.0335972424052957
1.0335972424052957
1.0335972424052957
1.0339841693788006
1.0339841693788006
1.0341497438998026
1.0341497438998026
1.0341497438998026
1.0341497438998026
1.0341569591646764
1.0341569591646764
1.0341569591646764
1.0341569591646764
1.0341569591646764
1.0341569591646764
1.0341569591646764
1.0333894508631947
1.0363346888611804
1.0363346888611804
1.0363346888611804
1.0363346888611804
1.0350220791363065
1.035520059170217
1.035520059170217
1.035520059170217
1.035520059170217
1.0363217406247647
1.0363217406247647
1.0363217406247647
1.0363217406247647
1.0363217406247647
1.0363217406247647
1.0363217406247647
1.0365859685576035
1.0365859685576035
1.0364532981106425
1.0364532981106425
1.0364532981106425
1.0364532981106425
1.0355421795440218
1.0368499552288726
1.0364672462668867
1.0364672462668867
1.0364672462668867
1.0364672462668867
1.0364672462668867
1.036930909038808
1.036930909038808
1.036930909038808
1.036930909038808
1.0375026960494451
1.0369749918691793
1.0369749918691793
1.0369749918691793
1.0369749918691793
1.040099726895885
1.040099726895885
1.040099726895885
1.040099726895885
1.0359510314016327
1.0370238615199863
1.0370238615199863
1.0370238615199863
1.0370238615199863
1.0370613287216994
1.0383667446754095
1.0391030737401181
1.0390819094428076
1.0386478679339601
1.0378027532959277
1.038788691443652
1.038788691443652
1.0408898657766057
1.0430301625939749
1.0403975373522842
1.0403975373522842
1.0403975373522842
1.0422291525750895
1.0422291525750895
1.0406278943943532
1.041162160241306
1.0412271669295416
1.0412271669295416
1.0412274503815542
1.0412274503815542
1.0403030656121488
1.0404974587350146
1.0404974587350146
1.037663920864359
1.0397965939144902
1.0397965939144902
1.0397965939144902
1.0397965939144902
1.0397965939144902
1.0397965939144902
1.0397965939144902
1.0397965939144902
1.0397965939144902
1.0397326365470132
1.0402534373400414
1.0402534373400414
1.0446932326787108
1.0430341159198924
1.0430341159198924
1.0430341159198924
1.0407475409891067
1.0407475409891067
1.0407475409891067
1.042161320792924
1.042161320792924
1.042161320792924
1.041562579581886
1.0408032989923974
1.0399144906333393
1.0426993917707756
1.0417555795684357
1.0417555795684357
1.0417555795684357
1.0399681770029388
1.037003637973879
1.037431617164533
1.0372922304897068
1.0372922304897068
1.0372922304897068
1.0380167730567478
1.0380167730567478
1.0380167730567478
1.0380167730567478
1.038502063848777
1.036111416940733
1.036111416940733
1.036111416940733
1.036111416940733
1.0346653716834016
1.0329915280401663
1.0329915280401663
1.0353352925617496
1.035276734694214
1.035276734694214
1.035276734694214
1.035276734694214
1.035276734694214
1.035276734694214
1.035276734694214
1.0341184701113288
1.0341173112207382
1.0341173112207382
1.0341173112207382
1.0341173112207382
1.0341173112207382
1.0341173112207382
1.0341173112207382
1.0331588725456045
1.0331588725456045
1.0331588725456045
1.0331588725456045
1.0331588725456045
1.0333061017343301
1.0333061017343301
1.0333061017343301
1.0358603468532135
1.0358603468532135
1.0358603468532135
1.0358603468532135
1.034637759707705
1.0332667520039116
1.0332667520039116
1.0332667520039116
1.0332667520039116
1.0332667520039116
1.0347356761824682
1.0347356761824682
1.0347356761824682
1.0347356761824682
1.0347356761824682
1.0347356761824682
1.032761796582786
1.0345924160843514
1.0345924160843514
1.0345924160843514
1.0339618136416089
1.0318633095058416
1.035620024551089
1.035620024551089
1.035620024551089
1.035620024551089
1.035620024551089
1.0358017542412108
1.0358017542412108
1.0358017542412108
1.0358017542412108
1.0354116238273094
1.0369635408992466
1.0364169496199955
1.0364169496199955
1.03407040669765
1.03407040669765
1.03407040669765
1.03407040669765
1.03407040669765
1.03407040669765
1.0335551855995417
1.0335551855995417
1.0329713859957095
1.0329713859957095
1.0329713859957095
1.0329713859957095
1.0329713859957095
1.0329713859957095
1.0347612792734668
1.0326018867019966
1.0326018867019966
1.0326018867019966
1.0326018867019966
1.0326018867019966
1.0299590358436035
1.0261044036456537
1.0291023670720578
1.0291023670720578
1.027585277242358
1.027585277242358
1.027585277242358
1.0289666856999793
1.0289666856999793
1.0289666856999793
1.0271505372839982
1.0271505372839982
1.0256941737847955
1.0254937803261124
1.0254937803261124
1.0260767060641718
1.0260767060641718
1.0278688283262654
1.027600795605102
1.027600795605102
1.027600795605102
1.0294694677982306
1.0312514947053462
1.0312514947053462
1.0312514947053462
1.0312514947053462
1.0312514947053462
1.0312514947053462
1.0312514947053462
1.0312514947053462
1.0290859031442592
1.0297733096886672
1.0297733096886672
1.0297733096886672
1.030542870993996
1.029807772233516
1.029807772233516
1.029807772233516
1.028459200662561
1.028459200662561
1.0258260178644905
1.0258260178644905
1.0258260178644905
1.0268753803442339
1.0268753803442339
1.0270585616007852
1.0270585616007852
1.0264924383759935
1.0264924383759935
1.0264924383759935
1.0269312986439911
1.028556437739406
1.028556437739406
1.0278035514461148
1.0282472803520544
1.0282472803520544
1.0282472803520544
1.0282472803520544
1.0275930426852375
1.0275930426852375
1.0275930426852375
1.0281688562363318
1.030971836467413
1.0295730882852414
1.0295730882852414
1.0295730882852414
1.0295730882852414
1.0293570515184987
1.0293570515184987
1.0293570515184987
1.0293570515184987
1.0293570515184987
1.031287987698019
1.031865554688773
1.031865554688773
1.0303856232408657
1.0276101529022055
1.0276101529022055
1.0302060686732044
1.0302060686732044
1.0302060686732044
1.0302060686732044
1.0311980457833936
1.033490605881426
1.033490605881426
1.033490605881426
1.033490605881426
1.033490605881426
1.033490605881426
1.0343234836593418
1.0341859764861547
1.0335962888384098
1.031752539562687
1.0305233086226924
1.032947628480102
1.032947628480102
1.031096227125049
1.031096227125049
1.031096227125049
1.031096227125049
1.031096227125049
1.031312716349292
1.031312716349292
1.0309927892036885
1.0309927892036885
1.0309927892036885
1.0308072179180545
1.0308072179180545
1.0308072179180545
1.0346927926790712
1.0346927926790712
1.0342739031527797
1.0342739031527797
1.0342739031527797
1.0342739031527797
1.0342739031527797
1.0342739031527797
1.0342739031527797
1.0343667329936639
1.0363658683081862
1.0363658683081862
1.0363658683081862
1.0363658683081862
1.0363658683081862
1.0367230705066826
1.0367230705066826
1.0367230705066826
1.0356267988841075
1.0356267988841075
1.0356267988841075
1.0338495583348153
1.034025627804065
1.0321288828459865
1.0313183978684364
1.0313183978684364
1.0303466102280432
1.0303466102280432
1.0303466102280432
1.0303466102280432
1.0317886605235924
1.0317886605235924
1.03014730061439
1.0310015491752071
1.0308128916250028
1.0308128916250028
1.0351188029835208
1.0322950777136828
1.0322950777136828
1.0322950777136828
1.0322950777136828
1.031813865844948
1.031813865844948
1.031813865844948
1.0306334272898232
1.0306334272898232
1.0306334272898232
1.0306334272898232
1.0306334272898232
1.0306334272898232
1.0325761142207086
1.0322400703953987
1.0330669701395039
1.0325730709301613
1.0325730709301613
1.03258497390684
1.0336316174514286
1.0336316174514286
1.0336316174514286
1.0336316174514286
1.0328237514091654
1.0328237514091654
1.0356961824530266
1.0356961824530266
1.0356961824530266
1.0356961824530266
1.0356961824530266
1.0356961824530266
1.0356961824530266
1.0375547748171619
1.037441103097976
1.034397753149395
1.03493421632501
1.03493421632501
1.0355173315174906
1.0312010282643114
1.0312010282643114
1.0312010282643114
1.0312010282643114
1.0312010282643114
1.0312010282643114
1.0309674833769917
1.0309674833769917
1.0309674833769917
1.0307889522363511
1.0332668701419407
1.0336388579079956
1.0336388579079956
1.0323373183675053
1.0323373183675053
1.0298824670299151
1.0308430062093796
1.0319925247559507
1.0319925247559507
1.032318843703383
1.032318843703383
1.032318843703383
1.032318843703383
1.032318843703383
1.032318843703383
1.032318843703383
1.032318843703383
1.0312344981534252
1.0312344981534252
1.0312344981534252
1.0310281065279447
1.0296527427369644
1.0296527427369644
1.025853273454165
1.0265231240696968
1.0265231240696968
1.0264075204794696
1.026111360697016
1.0258831434814808
1.025344407465242
1.025344407465242
1.025344407465242
1.025344407465242
1.025344407465242
1.025167140650551
1.0259344152090102
1.0254050841524787
1.0254050841524787
1.0272950536093541
1.0272950536093541
1.0272950536093541
1.0300234552561733
1.0283438765983353
1.0283438765983353
1.0283438765983353
1.0283438765983353
1.0283438765983353
1.0283438765983353
1.0283438765983353
1.0283438765983353
1.0283438765983353
1.0283438765983353
1.0283438765983353
1.0283438765983353
1.0283438765983353
1.0283438765983353
1.0283438765983353
1.0283438765983353
1.0283438765983353
1.029755941853047
1.028777322397731
1.026723219773382
1.0282338145972059
1.030377083149762
1.030377083149762
1.030377083149762
1.0301452886683429
1.0301452886683429
1.0301452886683429
1.0304555947220924
1.0304555947220924
1.0307620024871003
1.0319364442395476
1.0319364442395476
1.0306667817549398
1.0306667817549398
1.0305255617369053
1.0305255617369053
1.032289963539518
1.0301215531726056
1.029969281805051
1.029969281805051
1.0324872556353406
1.0324872556353406
1.0324872556353406
1.0324872556353406
1.0327323467101774
1.0313091783864157
1.0313091783864157
1.0317666660236138
1.0292738892346074
1.0302784090423598
1.0302784090423598
1.0302784090423598
1.0305024966832104
1.0305024966832104
1.0305024966832104
1.0305024966832104
1.030405738666956
1.031267630099484
1.0319216285420885
1.0319216285420885
1.0319216285420885
1.0319216285420885
1.0319216285420885
1.0319216285420885
1.0323902359828756
1.0346360109863009
1.0372396272082132
1.0366825737370517
1.0366825737370517
1.0369423193483622
1.0369423193483622
1.0369423193483622
1.0369423193483622
1.0369423193483622
1.036405493693711
1.033999511314593
1.0344333332279805
1.0344333332279805
1.0321925695567022
1.0321925695567022
1.0321925695567022
1.0339415360660908
1.0339415360660908
1.0339415360660908
1.0356557578232242
1.0356557578232242
1.035819274401403
1.035819274401403
1.0348043344053115
1.0363630587185773
1.0385760626410647
1.0385760626410647
1.0385760626410647
1.0385760626410647
1.0366991019144158
1.0366991019144158
1.0366991019144158
1.0366991019144158
1.0366991019144158
1.0366991019144158
1.0366991019144158
1.038955368117817
1.038955368117817
1.038955368117817
1.038955368117817
1.038955368117817
1.0389793808646348
1.0356851047093565
1.0356851047093565
1.0375067319418774
1.038296966817364
1.038296966817364
1.0386882272074454
1.0386882272074454
1.0386882272074454
1.03795802422597
1.03795802422597
1.03795802422597
1.03795802422597
1.03795802422597
1.0369490543489428
1.0367831494947883
1.0367831494947883
1.0352592603382036
1.0347584426203602
1.0333530439394945
1.036630795715956
1.036630795715956
1.0382020729372046
1.0382020729372046
1.0382020729372046
1.0359948621555708
1.036758620141526
1.036758620141526
1.0382411956595687
1.0382411956595687
1.0388570887419728
1.0380577140009821
1.0380577140009821
1.0364707432373494
1.0364707432373494
1.0364707432373494
1.0407582095392738
1.0390869390386313
1.0412948319135324
1.0412948319135324
1.0406896895536004
1.0406896895536004
1.0406896895536004
1.0388920018315453
1.037823620460372
1.037823620460372
1.037354343935227
1.0365159676245281
1.0344870809580777
1.0323469790072652
1.0320386177233327
1.0304941719734697
1.0304941719734697
1.0304941719734697
1.0303477957568543
1.0316189650221086
1.0308121982569467
1.029174770580011
1.029174770580011
1.029174770580011
1.0289665474730736
1.0289665474730736
1.0289665474730736
1.0289665474730736
1.0289665474730736
1.0289665474730736
1.0286019262204151
1.0286019262204151
1.0286019262204151
1.0286019262204151
1.0286019262204151
1.0286019262204151
1.0306527448610328
1.031242120760167
1.0325741605441376
1.0325741605441376
1.0325741605441376
1.0318549314178296
1.0318549314178296
1.0318549314178296
1.0292835245792866
1.0292835245792866
1.0292835245792866
1.0292835245792866
1.0292835245792866
1.02702070520942
1.02702070520942
1.02702070520942
1.02702070520942
1.02702070520942
1.02702070520942
1.02702070520942
1.0280047087019384
1.0276326432332716
1.0276326432332716
1.0276326432332716
1.0304540135490148
1.0332869337712636
1.0332869337712636
1.0343028186710654
1.0343028186710654
1.0343028186710654
1.0352007063757804
1.0350144000942716
1.0350144000942716
1.0350344622967567
1.0350344622967567
1.0350344622967567
1.0350344622967567
1.0350344622967567
1.0350344622967567
1.0350344622967567
1.0350344622967567
1.0345950156713963
1.034403869018311
1.034403869018311
1.034403869018311
1.0343699036718457
1.0343683078133543
1.0343683078133543
1.0343683078133543
1.0342047761591049
1.0342047761591049
1.0342047761591049
1.0334497054267413
1.0334497054267413
1.0334497054267413
1.0319215699441355
1.0332572655183545
1.0314898261431653
1.0314898261431653
1.0318103390259805
1.0318103390259805
1.0328986337486405
1.0328986337486405
1.0324628281440689
1.0337693279504956
1.0337693279504956
1.0337693279504956
1.0334549030542282
1.0334549030542282
1.0334549030542282
1.0336509161449143
1.0336509161449143
1.0336509161449143
1.0336509161449143
1.0336509161449143
1.0346942639003136
1.0372198705081854
1.0372198705081854
1.0372198705081854
1.0399865558025512
1.0383440055651725
1.0372996641422794
1.0372996641422794
1.0372996641422794
1.036945248292218
1.036945248292218
1.0360271537250034
1.0360271537250034
1.0360271537250034
1.037073065417397
1.036187938621919
1.036187938621919
1.036187938621919
1.0346944339120268
1.0346944339120268
1.0346944339120268
1.0346944339120268
1.0349372891492312
1.0349372891492312
1.035192129105578
1.035192129105578
1.035192129105578
1.0365984059614524
1.0358244454392405
1.0330081252513101
1.0330081252513101
1.0330081252513101
1.0326181453970982
1.0326181453970982
1.0362813180341937
1.0362813180341937
1.0362813180341937
1.0363599731421058
1.0343804242604875
1.0343804242604875
1.0343804242604875
1.0343804242604875
1.0343804242604875
1.0343804242604875
1.0343804242604875
1.0323397323637789
1.0323397323637789
1.0323397323637789
1.0323397323637789
1.0323397323637789
1.032774832094553
1.0323476295403444
1.0328416294928318
1.0328416294928318
1.0328416294928318
1.0328416294928318
1.0328416294928318
1.0328416294928318
1.0322360640348502
1.0322360640348502
1.0322360640348502
1.0322360640348502
1.0322360640348502
1.0322360640348502
1.0301351230093476
1.028256106633202
1.030917659009408
1.0309446566843556
1.0309446566843556
1.0308002026799847
1.0308002026799847
1.0308075992741137
1.030513286079529
1.0304406972131088
1.0304406972131088
1.0304406972131088
1.0306237737758996
1.0339728902590897
1.0354123086772524
1.035488300117809
1.03595288811119
1.03595288811119
1.0363373698952543
1.033640611813039
1.033640611813039
1.033640611813039
1.033640611813039
1.0334057857283792
1.0334057857283792
1.0334057857283792
1.033874061084189
1.0324641788870828
1.0324641788870828
1.0324641788870828
1.0324641788870828
1.0333475045529568
1.030796366872263
1.030796366872263
1.030796366872263
1.030796366872263
1.030796366872263
1.030796366872263
1.0291471809020554
1.0291471809020554
1.0291471809020554
1.0328329728993628
1.0328329728993628
1.0328329728993628
1.0326702132163905
1.0326702132163905
1.0320402727564097
1.0320402727564097
1.0320402727564097
1.0301242194302618
1.0300895218751989
1.0288502695875963
1.0288502695875963
1.0288502695875963
1.0288502695875963
1.0288502695875963
1.0288502695875963
1.0288502695875963
1.0321490773974746
1.0329757288357475
1.0327725270559467
1.0343709996089956
1.0343709996089956
1.0329781851071302
1.0329781851071302
1.0316485679592342
1.0348278715334362
1.0360795248107664
1.0360795248107664
1.035099175946799
1.035099175946799
1.035099175946799
1.035099175946799
1.0344911607149505
1.0344911607149505
1.0344911607149505
1.0344911607149505
1.0344911607149505
1.0344911607149505
1.0344911607149505
1.0327900198147537
1.0334513050552145
1.0334513050552145
1.0334513050552145
1.0334513050552145
1.0334513050552145
1.0334513050552145
1.0348307146359663
1.0377367362780885
1.0377367362780885
1.0377367362780885
1.0377367362780885
1.0363536486344578
1.0363536486344578
1.0357988616875569
1.0372932864812925
1.0372932864812925
1.0372932864812925
1.0353952151464196
1.0353952151464196
1.0353952151464196
1.0341694250231677
1.0341694250231677
1.0326717493532724
1.0321865510579225
1.0321865510579225
1.032470073994773
1.032470073994773
1.032470073994773
1.032470073994773
1.032470073994773
1.032470073994773
1.0323775257382275
1.03254460672679
1.03254460672679
1.03254460672679
1.0312505775673153
1.0312505775673153
1.0312505775673153
1.0312505775673153
1.0312505775673153
1.0329124053767693
1.032045888875567
1.032045888875567
1.0343303081003679
1.0343303081003679
1.0343303081003679
1.0343303081003679
1.0331223694781462
1.0331223694781462
1.0331223694781462
1.0331223694781462
1.0331223694781462
1.0331223694781462
1.0331223694781462
1.0331223694781462
1.0331223694781462
1.0296934791502408
1.0296934791502408
1.0275611504342708
1.0295534163535456
1.0288789646922045
1.0288789646922045
1.029450241461564
1.0320107797490679
1.0320107797490679
1.0320107797490679
1.0320107797490679
1.0328665220245965
1.0334790811721657
1.0339450989099714
1.0347640591467817
1.0307111827410018
1.0307111827410018
1.031390641030559
1.0320310168186841
1.0320310168186841
1.0320310168186841
1.0316735840738425
1.0310355269418434
1.0296346081691257
1.0296927960040974
1.0296927960040974
1.0296927960040974
1.0296927960040974
1.0296927960040974
1.0296927960040974
1.0296927960040974
1.0296927960040974
1.0296927960040974
1.0295206146571112
1.0295206146571112
1.0288045111226225
1.028888890567999
1.0287581271425288
1.0287581271425288
1.0287581271425288
1.0290640579492678
1.0308474116277062
1.0329706013416307
1.0296511482364155
1.0296511482364155
1.0296511482364155
1.028877937240463
1.028877937240463
1.0296773263698693
1.0296773263698693
1.0296773263698693
1.0291761401977935
1.0291761401977935
1.0291761401977935
1.0291761401977935
1.0291761401977935
1.0291761401977935
1.0291761401977935
1.027685950549545
1.027685950549545
1.0298454149543932
1.029982514217411
1.029982514217411
1.029982514217411
1.030422124524815
1.030422124524815
1.0299703707020946
1.03057623688499
1.03057623688499
1.03057623688499
1.0321432196407268
1.0321451948588427
1.0321451948588427
1.0321451948588427
1.0321451948588427
1.0340118153464337
1.0329069806702338
1.0331513726637271
1.0331808266230444
1.0331808266230444
1.0331808266230444
1.0331808266230444
1.0331808266230444
1.0331808266230444
1.0325527023823051
1.0325527023823051
1.0314711022926024
1.0314711022926024
1.0314711022926024
1.032268164323503
1.03468791915717
1.0319347178571037
1.032187277270669
1.032187277270669
1.032187277270669
1.032187277270669
1.0316397387446974
1.0310002601302337
1.0340286487778196
1.0340231108265916
1.0306941087929316
1.0306941087929316
1.0306941087929316
1.0306941087929316
1.0306941087929316
1.029353778840775
1.029353778840775
1.029353778840775
1.029353778840775
1.029353778840775
1.029353778840775
1.029353778840775
1.0318732948970502
1.0355478346298805
1.0355478346298805
1.0349634052354137
1.0333358410700553
1.0333358410700553
1.0333358410700553
1.0333358410700553
1.0333358410700553
1.0336885439471326
1.0336885439471326
1.0336885439471326
1.033354279257095
1.033354279257095
1.0311294011881442
1.0311294011881442
1.0311294011881442
1.0311294011881442
1.033193324489986
1.0321500788063644
1.0321500788063644
1.030546446936804
1.030546446936804
1.030546446936804
1.0308709430937715
1.0308709430937715
1.0308709430937715
1.02970382924218
1.02970382924218
1.02970382924218
1.02970382924218
1.0318811305626425
1.0318811305626425
1.0318811305626425
1.0301231895306693
1.0301231895306693
1.0301231895306693
1.0301231895306693
1.0301231895306693
1.0294227059467393
1.0294227059467393
1.0294227059467393
1.0294227059467393
1.0294227059467393
1.0294227059467393
1.0294227059467393
1.0297112685468972
1.0297112685468972
1.0297112685468972
1.0297112685468972
1.0297112685468972
1.029791429186664
1.028002244239198
1.028002244239198
1.028002244239198
1.028002244239198
1.0297830395554566
1.0278530489627444
1.0278530489627444
1.0275265670436198
1.0275265670436198
1.029870450021091
1.0297484851410599
1.0297484851410599
1.0289210250451926
1.0299386674734614
1.0275692997448946
1.0275692997448946
1.0275692997448946
1.0275692997448946
1.0277581553153328
1.0277581553153328
1.0277581553153328
1.0277581553153328
1.0277581553153328
1.0298644272817306
1.031690944076952
1.031690944076952
1.031690944076952
1.031690944076952
1.0311672519228174
1.0311672519228174
1.0311672519228174
1.0311672519228174
1.0307027274016074
1.0295408743785261
1.0295408743785261
1.0295408743785261
1.0289257588972798
1.0296726467949042
1.0296726467949042
1.0296726467949042
1.0296726467949042
1.03011791240626
1.03011791240626
1.03011791240626
1.03011791240626
1.03011791240626
1.03011791240626
1.03011791240626
1.0309526548952421
1.0309526548952421
1.0309526548952421
1.0337496134467365
1.0337496134467365
1.0337496134467365
1.0320575060036747
1.0320575060036747
1.0320575060036747
1.0320575060036747
1.0311628580960874
1.0311628580960874
1.0328856850365753
1.0328856850365753
1.0328856850365753
1.0328856850365753
1.0328856850365753
1.0328856850365753
1.0328856850365753
1.0350479613884596
1.0350479613884596
1.0350479613884596
1.0350479613884596
1.0365556788207069
1.0365556788207069
1.0365556788207069
1.0365556788207069
1.0354047928323198
1.0359114039445174
1.0359114039445174
1.0359114039445174
1.0362607739869896
1.0372666673003388
1.0372666673003388
1.0372666673003388
1.0369286845621921
1.0369286845621921
1.0369286845621921
1.0372846722222628
1.0372846722222628
1.0372846722222628
1.0372846722222628
1.035576682775131
1.0349896749597172
1.0349896749597172
1.0349896749597172
1.0349896749597172
1.0349896749597172
1.0349896749597172
1.0364128074369707
1.036332591849993
1.036332591849993
1.0373520890677845
1.0373520890677845
1.0373520890677845
1.0373520890677845
1.0373520890677845
1.0373520890677845
1.0373520890677845
1.0373520890677845
1.0373520890677845
1.0373520890677845
1.0373520890677845
1.0373520890677845
1.036548392241595
1.0372485171078818
1.0372485171078818
1.0372485171078818
1.0372485171078818
1.0335132438634012
1.0335132438634012
1.034471407442376
1.034471407442376
1.034471407442376
1.0320404746005378
1.0329198538643443
1.0329198538643443
1.0329198538643443
1.0311729547001103
1.0311729547001103
1.028628745532925
1.0271214384966503
1.0271214384966503
1.0272844579301816
1.0278652320099435
1.030965718349279
1.0308403015882517
1.0304160899321644
1.0315914102347687
1.0315914102347687
1.0315914102347687
1.0312713409326981
1.0312713409326981
1.0312713409326981
1.0312713409326981
1.031358339380828
1.031358339380828
1.031358339380828
1.031358339380828
1.031358339380828
1.029906379074759
1.029906379074759
1.0293588072140516
1.0316006534415119
1.033681267976709
1.0330124796873268
1.0352375570755388
1.033117690285325
1.0320951023883815
1.0332956294019575
1.0332956294019575
1.0332956294019575
1.0362981974859697
1.0391850291660456
1.037178442367364
1.0384572936492957
1.0384572936492957
1.0384572936492957
1.0379453476674605
1.03845857647728
1.03845857647728
1.03845857647728
1.0348748377049237
1.0343211396898218
1.0343211396898218
1.034368300886275
1.034368300886275
1.034368300886275
1.034368300886275
1.0321962450355642
1.0321962450355642
1.0321962450355642
1.0317634913210982
1.0317634913210982
1.0315365138657513
1.0342778174282032
1.0350973386200588
1.0343841930949966
1.0343841930949966
1.0343841930949966
1.035654466812509
1.035654466812509
1.035892662492097
1.035892662492097
1.0358546718908388
1.0350521286199321
1.0328872973545782
1.0298197235295095
1.02964699320275
1.0291604635357787
1.0319609213854493
1.0329285889146556
1.0337703213296467
1.0335711930274163
1.0335711930274163
1.0336375652191023
1.0316739141305296
1.0320047277802749
1.0320047277802749
1.0345228911286508
1.0345228911286508
1.0356966980272717
1.0342223853386394
1.0342223853386394
1.0361103756733303
1.0361103756733303
1.0361103756733303
1.0369783306681761
1.0369783306681761
1.0369783306681761
1.0394742300023598
1.0371665795548617
1.0372329494463162
1.0340511882337933
1.0349732967773155
1.0350432742003686
1.0347852866807778
1.0347852866807778
1.0361361182344457
1.0361361182344457
1.0361361182344457
1.0359072741618722
1.0359072741618722
1.0359072741618722
1.0356024373718744
1.0356024373718744
1.0349782291711824
1.0346402569645636
1.0346402569645636
1.0324476568004863
1.0338218107461568
1.0369894264158062
1.0371127900620674
1.0371127900620674
1.0358481490396212
1.0358559769889095
1.0373797570106165
1.0373797570106165
1.0373797570106165
1.0327391116023377
1.0327391116023377
1.0337298449726882
1.0337298449726882
1.0370735569901393
1.0370735569901393
1.0328215949006863
1.0373838551410888
1.0373838551410888
1.0373838551410888
1.0373838551410888
1.0373838551410888
1.0373838551410888
1.0373838551410888
1.036861657507462
1.035897790778894
1.035897790778894
1.0364781980973865
1.0364781980973865
1.0364781980973865
1.0358642741483535
1.0325396431192686
1.0343897346388453
1.0343897346388453
1.0343897346388453
1.0343897346388453
1.0346702196140545
1.03774453578772
1.03774453578772
1.0379674958855796
1.0379674958855796
1.0379674958855796
1.0379674958855796
1.03733009117837
1.0361145045702516
1.0361145045702516
1.0361145045702516
1.0365944194991843
1.035842565931007
1.035842565931007
1.035842565931007
1.0376064437654149
1.0382084662516027
1.0382084662516027
1.0382084662516027
1.0382084662516027
1.0382084662516027
1.0337133339994062
1.031606706200343
1.031487501574947
1.032030441921723
1.032030441921723
1.0342689732347197
1.0342689732347197
1.0342689732347197
1.0328726085760305
1.0328726085760305
1.0328726085760305
1.0328726085760305
1.0328726085760305
1.0328726085760305
1.0328726085760305
1.0337900024944748
1.0337900024944748
1.0337900024944748
1.0337900024944748
1.0337900024944748
1.0337900024944748
1.031306871767558
1.031306871767558
1.031306871767558
1.031306871767558
1.031306871767558
1.0317473959787844
1.0317191398458636
1.0317191398458636
1.0317191398458636
1.0330012976551626
1.0342645966682198
1.0338918578046625
1.0338918578046625
1.033398150008234
1.0314202887973283
1.0314202887973283
1.0326141860310194
1.0326141860310194
1.0297870148742012
1.0306553763887705
1.031223320388621
1.031223320388621
1.031223320388621
1.031223320388621
1.0300998337312757
1.0300377678504928
1.0300377678504928
1.0300377678504928
1.0300377678504928
1.0300377678504928
1.0300377678504928
1.0300377678504928
1.0276506626517483
1.0276980456485894
1.027457900168945
1.027457900168945
1.027457900168945
1.0286979265588425
1.0301687663820545
1.0301687663820545
1.0310221193362779
1.0310221193362779
1.0328962980290153
1.0328962980290153
1.0328962980290153
1.0328271830789115
1.0328271830789115
1.031173471897163
1.031173471897163
1.031173471897163
1.031173471897163
1.0345039744665847
1.0345039744665847
1.0345039744665847
1.0345039744665847
1.0323886729989096
1.0323886729989096
1.0322132155142871
1.0322132155142871
1.032875598981795
1.032603865418982
1.03220072280385
1.0311443448387911
1.0318856300407282
1.0318856300407282
1.0318856300407282
1.0299552496387578
1.028487421865343
1.028487421865343
1.028487421865343
1.028487421865343
1.028487421865343
1.028487421865343
1.028487421865343
1.028487421865343
1.0284243117585166
1.0284243117585166
1.0284243117585166
1.0284243117585166
1.0284243117585166
1.0284243117585166
1.0284243117585166
1.02895757817204
1.0295034066736437
1.0295034066736437
1.0294419156401922
1.0299042268508387
1.0299042268508387
1.0299042268508387
1.0317871347816343
1.0317871347816343
1.0317871347816343
1.0317871347816343
1.0317871347816343
1.0317871347816343
1.0317871347816343
1.0314009513043116
1.0316849773374765
1.0316849773374765
1.0316849773374765
1.0316849773374765
1.0316849773374765
1.031588118774299
1.031011613117643
1.031011613117643
1.0303510010133494
1.0303510010133494
1.0303510010133494
1.0322608342350017
1.0305144400876405
1.0305144400876405
1.032544829768488
1.032544829768488
1.0321292627326337
1.0321292627326337
1.0321292627326337
1.0321292627326337
1.029901848659912
1.029901848659912
1.0293664225490722
1.0294903233000605
1.0294903233000605
1.0294903233000605
1.0294903233000605
1.0290514729219045
1.0290514729219045
1.0336515589218291
1.0336515589218291
1.0336515589218291
1.0336515589218291
1.0347497570225819
1.0322496362769646
1.0322496362769646
1.0357875234127654
1.0357875234127654
1.0357875234127654
1.0357875234127654
1.0357875234127654
1.0357875234127654
1.0357875234127654
1.034249625576771
1.0319494127849755
1.0325508770486391
1.03210149240215
1.0326650893576022
1.0326650893576022
1.0326650893576022
1.0310885406461245
1.03214267758187
1.03214267758187
1.03214267758187
1.0319238453559572
1.0358557166837852
1.0358274364954292
1.0338503669519143
1.0338503669519143
1.0334915260987496
1.0334915260987496
1.0334915260987496
1.0316812411256195
1.0316812411256195
1.0311953757413737
1.0311503867192484
1.0311503867192484
1.0311503867192484
1.0311503867192484
1.033128263110269
1.0320424494757974
1.0320424494757974
1.0314345523236896
1.0314345523236896
1.0314345523236896
1.0314345523236896
1.0314345523236896
1.0322611515661253
1.0322611515661253
1.0352379844736486
1.0352379844736486
1.0367674377400382
1.035127924146796
1.0324602479670373
1.0319069563601468
1.0319069563601468
1.0319069563601468
1.0324936845053632
1.0344716736346384
1.0348771817052502
1.0357752228751453
1.0353169838125371
1.0295730122929654
1.028338583353261
1.028338583353261
1.0301050740741802
1.0308392732776892
1.0299239299294478
1.0299239299294478
1.0299239299294478
1.0299239299294478
1.0309203330466494
1.0309203330466494
1.0309203330466494
1.0309203330466494
1.0309203330466494
1.0302892716009096
1.0290972961974594
1.0295334205594517
1.0324109586700607
1.0324109586700607
1.0324109586700607
1.0336245473335934
1.0336245473335934
1.0336245473335934
1.031898726578002
1.031898726578002
1.031898726578002
1.033378525840573
1.033378525840573
1.033378525840573
1.0320186971092664
1.030851068463435
1.030851068463435
1.030851068463435
1.0304275966237584
1.0304275966237584
1.0304275966237584
1.0304275966237584
1.0304275966237584
1.0306367703973458
1.0306367703973458
1.0303959934724936
1.0305027389834698
1.03051249651387
1.0310167701616046
1.0310167701616046
1.0310167701616046
1.0324859823394894
1.0333618565063742
1.0333618565063742
1.0333618565063742
1.034390959445054
1.0349386502678262
1.0354189733747114
1.0312887844147196
1.0329198469164493
1.032724169467749
1.0316615696332077
1.0316615696332077
1.0316615696332077
1.0316615696332077
1.032693465071308
1.032693465071308
1.032693465071308
1.032693465071308
1.032693465071308
1.032693465071308
1.032693465071308
1.032693465071308
1.032693465071308
1.031584472390721
1.0334217711701885
1.0334217711701885
1.0334217711701885
1.0334217711701885
1.0316676804031049
1.0316676804031049
1.031916769875844
1.0333855916583505
1.0333855916583505
1.0333855916583505
1.0333855916583505
1.0333855916583505
1.0333855916583505
1.0333855916583505
1.0333855916583505
1.0333855916583505
1.0359126517871162
1.0359126517871162
1.0359126517871162
1.0356133359455186
1.0331568883823385
1.0329562680310578
1.0329562680310578
1.0351767045741593
1.0351767045741593
1.033399405678556
1.033399405678556
1.033399405678556
1.033399405678556
1.032628694284464
1.0313121672505166
1.0313121672505166
1.0313121672505166
1.0305505662106407
1.0305505662106407
1.0305505662106407
1.0305505662106407
1.0305505662106407
1.0305505662106407
1.030388177258621
1.0318721413549703
1.0332382188519722
1.0332382188519722
1.0332382188519722
1.03558828830968
1.03558828830968
1.0364037743680317
1.0364037743680317
1.0364037743680317
1.0372789805191809
1.0372789805191809
1.0363092830503369
1.036402875289645
1.0355424156146218
1.0355291080532232
1.03616003019699
1.0355574777103573
1.0355574777103573
1.037667915937501
1.037667915937501
1.037667915937501
1.037667915937501
1.0383047561912382
1.0382806537676588
1.0382806537676588
1.0382806537676588
1.0383017016349763
1.0383017016349763
1.0384665467885725
1.0384665467885725
1.0384665467885725
1.0384665467885725
1.0384665467885725
1.0384665467885725
1.0384665467885725
1.0384665467885725
1.0384665467885725
1.037215054945524
1.037215054945524
1.037215054945524
1.037215054945524
1.037215054945524
1.0381927117664482
1.0381927117664482
1.0378980850069468
1.0378980850069468
1.0378980850069468
1.0378980850069468
1.0378980850069468
1.0373111307607072
1.0345195162341236
1.0345392128867665
1.0345392128867665
1.0345392128867665
1.0345392128867665
1.0345392128867665
1.0345392128867665
1.0369214080775666
1.0332812941155822
1.0332812941155822
1.0308368172094835
1.0301812261820662
1.031290921485007
1.0331712123109822
1.0348646948107683
1.0348646948107683
1.0348646948107683
1.0348646948107683
1.0348646948107683
1.0348646948107683
1.0348646948107683
1.0348646948107683
1.0353466921624173
1.0353466921624173
1.0353466921624173
1.0353466921624173
1.0358424826832826
1.0358424826832826
1.0358424826832826
1.0358424826832826
1.0358424826832826
1.0358424826832826
1.0358424826832826
1.0358424826832826
1.0358424826832826
1.0328687595198498
1.0328687595198498
1.0328687595198498
1.032815113395925
1.0327067345646643
1.0327067345646643
1.0327067345646643
1.0339537812144202
1.0339537812144202
1.0339537812144202
1.0339537812144202
1.0339537812144202
1.0339537812144202
1.0323748873602945
1.0323748873602945
1.0344038676282004
1.0344038676282004
1.0344038676282004
1.0344038676282004
1.0358575936096566
1.0358575936096566
1.0376902364718703
1.0379690707184024
1.0369466741031383
1.0381234625198614
1.0381234625198614
1.0382363109994177
1.0375587867114726
1.0375587867114726
1.0375587867114726
1.0375587867114726
1.0375587867114726
1.0375587867114726
1.0375587867114726
1.037805821123133
1.0349731174677408
1.037589336497713
1.034876211428681
1.0339556861575563
1.0339556861575563
1.0320971024323395
1.0331833699311608
1.0331833699311608
1.0332109389958897
1.033439391613549
1.0340664323543318
1.0340664323543318
1.0340664323543318
1.0328271860665341
1.0325841974622934
1.0325841974622934
1.031978450324925
1.0317192049022856
1.0328429531929093
1.0340036720109875
1.0340036720109875
1.0340036720109875
1.0340036720109875
1.0340036720109875
1.0340036720109875
1.0340036720109875
1.0340036720109875
1.0340036720109875
1.0340036720109875
1.0323218862899628
1.0323218862899628
1.0317066637451988
1.0309404034628742
1.0309404034628742
1.0321368904179316
1.0321368904179316
1.0321368904179316
1.0321368904179316
1.0311130946054223
1.0311130946054223
1.0311130946054223
1.0311130946054223
1.0311130946054223
1.0333827405348779
1.0351826599603513
1.0351826599603513
1.0324700924145522
1.0324700924145522
1.0324700924145522
1.0324700924145522
1.032522605166575
1.032522605166575
1.035619661638305
1.0341134773622014
1.0333280183429432
1.0333280183429432
1.033490151861614
1.033490151861614
1.033490151861614
1.032618504545158
1.032618504545158
1.032618504545158
1.032618504545158
1.032618504545158
1.0309960357539534
1.0315633277941718
1.0315633277941718
1.0315633277941718
1.0315633277941718
1.034674450264499
1.032953067938374
1.032953067938374
1.0351005008031604
1.0351005008031604
1.0351005008031604
1.0351005008031604
1.0309886997606539
1.0302719506607632
1.0302719506607632
1.0302719506607632
1.0302719506607632
1.0302719506607632
1.0302719506607632
1.0302719506607632
1.0302719506607632
1.03218195910214
1.03218195910214
1.03218195910214
1.03218195910214
1.03218195910214
1.03218195910214
1.03218195910214
1.03218195910214
1.03218195910214
1.0316244503521959
1.0308247765496632
1.0308247765496632
1.0311184087467988
1.0311184087467988
1.0311184087467988
1.0311184087467988
1.0311184087467988
1.0311184087467988
1.0311184087467988
1.0311184087467988
1.0311184087467988
1.0282594107793543
1.0282594107793543
1.0285750605097803
1.0285750605097803
1.029026191643605
1.029026191643605
1.029026191643605
1.029026191643605
1.0309574866292865
1.029721562276532
1.0283214465519777
1.0283214465519777
1.0307265735729685
1.0307265735729685
1.0307265735729685
1.0307265735729685
1.033360669996074
1.033360669996074
1.033360669996074
1.033360669996074
1.0305984465539066
1.0305984465539066
1.0307550579377165
1.0307550579377165
1.0307550579377165
1.0302321168018567
1.0292743708346774
1.0310139786857115
1.0310139786857115
1.0310139786857115
1.0315095411527808
1.0315095411527808
1.0315095411527808
1.0315095411527808
1.029717120097002
1.029717120097002
1.029717120097002
1.029717120097002
1.029228856814465
1.029228856814465
1.029279159969582
1.029589636350777
1.029589636350777
1.029589636350777
1.032582397726494
1.032582397726494
1.0328972059010169
1.0331364942804482
1.0331364942804482
1.0307174738849665
1.030958413840168
1.030958413840168
1.0310641066182757
1.0310641066182757
1.0310641066182757
1.0302894508733142
1.0304118581639723
1.0304118581639723
1.0304118581639723
1.0304118581639723
1.0304118581639723
1.0297210659554117
1.0297210659554117
1.0294949893547074
1.0294949893547074
1.0294949893547074
1.0306237999523462
1.0300414121009056
1.0300414121009056
1.0300414121009056
1.0300414121009056
1.0300414121009056
1.0300414121009056
1.0300414121009056
1.0330672777116008
1.0330672777116008
1.0330672777116008
1.0330672777116008
1.0321255618234961
1.0326079398435428
1.0326079398435428
1.0349353421474787
1.0338264036341303
1.034306936555678
1.034306936555678
1.034306936555678
1.0325186874009913
1.0325186874009913
1.033707190225017
1.033707190225017
1.0328614751843086
1.0328614751843086
1.0328614751843086
1.0328614751843086
1.033804782194279
1.033804782194279
1.033804782194279
1.0295674428064374
1.0315365799395375
1.0315365799395375
1.0328191748168285
1.0292786842190353
1.031639458541243
1.0308753072618873
1.0308753072618873
1.0308753072618873
1.0308753072618873
1.0311753065515492
1.0311753065515492
1.0330650161550652
1.0330650161550652
1.0330650161550652
1.0344502054116544
1.0344502054116544
1.0344653716088086
1.0345911848856801
1.033381547819496
1.0333355722736226
1.0333355722736226
1.0333355722736226
1.035310805623049
1.035310805623049
1.0367942656027502
1.0343226860251646
1.0343226860251646
1.0343226860251646
1.0343226860251646
1.0343378278745146
1.0343378278745146
1.0343378278745146
1.0343378278745146
1.0343378278745146
1.0343378278745146
1.0343378278745146
1.0343378278745146
1.0343378278745146
1.033904463318274
1.033904463318274
1.034817556915839
1.034817556915839
1.034817556915839
1.034817556915839
1.034817556915839
1.0330137828954098
1.0316504636085155
1.0328591969162442
1.0328591969162442
1.0311885857548124
1.0318353476139834
1.0318353476139834
1.032009812876983
1.0352174539068815
1.0352174539068815
1.0352174539068815
1.0352174539068815
1.0352174539068815
1.0352174539068815
1.0352174539068815
1.0352174539068815
1.0341304405041714
1.0336672426640137
1.0336672426640137
1.0387073973164371
1.0387073973164371
1.0364024038359212
1.0364024038359212
1.0357794761281718
1.0355359108052418
1.0322779026491318
1.0322779026491318
1.0344500255503413
1.0344500255503413
1.0344500255503413
1.0375817825454983
1.0375817825454983
1.0375817825454983
1.0375817825454983
1.0380819365935825
1.0360295898015826
1.0360295898015826
1.0360295898015826
1.0360295898015826
1.0360295898015826
1.0360295898015826
1.0360295898015826
1.0360295898015826
1.0360295898015826
1.0360295898015826
1.0360295898015826
1.0348974322508167
1.034254352675076
1.0357176836750508
1.0357176836750508
1.0337229142514666
1.0337229142514666
1.0318666168591797
1.0318666168591797
1.0321952745119778
1.0321952745119778
1.0315008416052256
1.0315008416052256
1.02879205319074
1.02879205319074
1.027893978775841
1.027893978775841
1.0281156927677897
1.0285632601070698
1.029120210661372
1.030128514954342
1.0299186352873244
1.0299186352873244
1.0299186352873244
1.0299186352873244
1.0299186352873244
1.0298796744136154
1.0290231462546597
1.0290231462546597
1.0280695543511427
1.0280695543511427
1.0280695543511427
1.0298582239467422
1.031997540720605
1.0322038494980899
1.0322038494980899
1.0322038494980899
1.0322038494980899
1.0322038494980899
1.0322038494980899
1.0322038494980899
1.0335901041391202
1.0335901041391202
1.0335901041391202
1.0379163267862201
1.0365249618541748
1.0365249618541748
1.0362895194787596
1.0362895194787596
1.0362895194787596
1.0358361083563437
1.0351444261532587
1.0351444261532587
1.0351444261532587
1.0351444261532587
1.0351444261532587
1.034033387153155
1.034033387153155
1.035119845207314
1.0347854260935514
1.0347854260935514
1.0345349178631316
1.0327018392504956
1.0327018392504956
1.0327018392504956
1.0336427733200162
1.0336427733200162
1.0336427733200162
1.034036034280817
1.035211105050558
1.0342635816053385
1.0342635816053385
1.0334222451257715
1.0367305371109916
1.035192105080621
1.035192105080621
1.035192105080621
1.0379994791328544
1.0379994791328544
1.0361032685438956
1.0334530179941868
1.0334530179941868
1.0334530179941868
1.0334530179941868
1.0334530179941868
1.0334530179941868
1.0358258076904596
1.0342825384957086
1.0342825384957086
1.032239947483026
1.032239947483026
1.032239947483026
1.032239947483026
1.0321315119528052
1.0321315119528052
1.0321315119528052
1.0321315119528052
1.0321315119528052
1.034685307917151
1.0332465499106642
1.0332465499106642
1.0332465499106642
1.0320885078162219
1.033503494629996
1.033503494629996
1.033503494629996
1.031791285463565
1.031791285463565
1.0310662973726348
1.0310662973726348
1.0310662973726348
1.0310662973726348
1.0310662973726348
1.0318955626878001
1.0318955626878001
1.0318955626878001
1.0314107451497203
1.0314107451497203
1.0314107451497203
1.0314107451497203
1.0314107451497203
1.0314107451497203
1.0314107451497203
1.0305766165520396
1.0309173640949054
1.0309173640949054
1.0309173640949054
1.0309173640949054
1.0309173640949054
1.0309173640949054
1.0309173640949054
1.0318192587604686
1.0318192587604686
1.0318192587604686
1.0318192587604686
1.0318192587604686
1.0318192587604686
1.0318192587604686
1.0318192587604686
1.0317711818397326
1.0317711818397326
1.029276288703453
1.0283557472207878
1.0283557472207878
1.0283557472207878
1.0283557472207878
1.0279886997822452
1.0279886997822452
1.0273634335750241
1.0258160064009096
1.0268093830366911
1.0253327735100553
1.0282453967021565
1.0282453967021565
1.0282453967021565
1.0259776744451437
1.0259776744451437
1.0259776744451437
1.0265644272781944
1.0265644272781944
1.0265644272781944
1.0265644272781944
1.0265644272781944
1.0265644272781944
1.0265644272781944
1.0265644272781944
1.0253588096890343
1.025501148221632
1.025501148221632
1.025501148221632
1.0251108075611097
1.0245850986266638
1.0245850986266638
1.0245850986266638
1.0285005006170618
1.0285005006170618
1.0285005006170618
1.0237474831231372
1.0237474831231372
1.0258829491724673
1.0258829491724673
1.0258829491724673
1.0258829491724673
1.0258829491724673
1.0258829491724673
1.0258829491724673
1.0258829491724673
1.0258829491724673
1.0258829491724673
1.0258125618169431
1.0258125618169431
1.0258125618169431
1.0258125618169431
1.0258125618169431
1.0265077143040031
1.0274866166594578
1.0274866166594578
1.0274866166594578
1.0274866166594578
1.0275725098241262
1.0283022994660407
1.0318163813010994
1.0318163813010994
1.0310374116811178
1.028717875637145
1.028717875637145
1.028717875637145
1.0301605510015768
1.0301605510015768
1.0301605510015768
1.031871260784937
1.0307877361059499
1.0301506517041596
1.0301506517041596
1.0301506517041596
1.0301506517041596
1.0314929004280498
1.0314929004280498
1.0324424684779554
1.0321106995463247
1.029959324690918
1.029959324690918
1.0297560766764149
1.0297560766764149
1.0284514175594646
1.0284514175594646
1.0284514175594646
1.0308608501171004
1.0308608501171004
1.0301926184899333
1.0301835668547519
1.0287983542368355
1.0287983542368355
1.0297752799404936
1.0297752799404936
1.0297752799404936
1.0301952944914703
1.0314340765574455
1.0324421473210645
1.0322313935164606
1.0322313935164606
1.0322313935164606
1.0328941601948036
1.0348690250535983
1.0348690250535983
1.0353889254609792
1.0353889254609792
1.0353889254609792
1.0353889254609792
1.0353889254609792
1.035317054492393
1.035317054492393
1.035317054492393
1.035317054492393
1.035317054492393
1.035317054492393
1.0312187330568099
1.0312187330568099
1.0301976108664144
1.0301976108664144
1.0296681145932378
1.0296681145932378
1.032541156207106
1.032541156207106
1.032541156207106
1.0327434698198374
1.0327434698198374
1.0315471188253755
1.0289002780398664
1.0289002780398664
1.028751267720743
1.028751267720743
1.028751267720743
1.0269773854948707
1.0269773854948707
1.0261151559424908
1.0270158652604713
1.0270158652604713
1.0270158652604713
1.0293985228059885
1.0293985228059885
1.0308910400421911
1.0308910400421911
1.0308910400421911
1.0312055688961983
1.032336148280783
1.032336148280783
1.032336148280783
1.032336148280783
1.0305166284469567
1.0305166284469567
1.0305166284469567
1.0305166284469567
1.0305166284469567
1.0297445920916128
1.0297445920916128
1.0297445920916128
1.0297445920916128
1.0297445920916128
1.0297445920916128
1.028947267703861
1.028947267703861
1.0296327777499346
1.028534264016801
1.0279363446063088
1.0279363446063088
1.0279363446063088
1.0288100361452306
1.0288100361452306
1.0308828489116848
1.0308828489116848
1.0308828489116848
1.0308828489116848
1.0295006508221967
1.030566759081303
1.0306394729722188
1.0306394729722188
1.0324806392012031
1.0324806392012031
1.0324806392012031
1.0330482476768525
1.0324096172903081
1.0324096172903081
1.0324096172903081
1.0324096172903081
1.0332629921507541
1.0332629921507541
1.0310175444344472
1.0310175444344472
1.0308829463445905
1.0308829463445905
1.0308829463445905
1.0340502026683593
1.0360576530547323
1.0360576530547323
1.0360576530547323
1.0360576530547323
1.0360576530547323
1.0360576530547323
1.0360576530547323
1.0342142367504876
1.0342142367504876
1.0342142367504876
1.0357482250969603
1.0357482250969603
1.0375217122017697
1.0375217122017697
1.0375217122017697
1.0374865246304386
1.0363670945903805
1.0363670945903805
1.0363670945903805
1.0363670945903805
1.0368228384793339
1.0389979354668453
1.0384069168501568
1.0384069168501568
1.0360860552222755
1.0360860552222755
1.0360860552222755
1.0357607099829838
1.0365708800300044
1.0365708800300044
1.0365708800300044
1.0334693776798727
1.0334693776798727
1.0334693776798727
1.0334693776798727
1.0330339210452273
1.0326495480517963
1.0325429468379161
1.0325429468379161
1.0325429468379161
1.0325429468379161
1.0320713336771032
1.0320713336771032
1.0320583317457073
1.0320583317457073
1.0318370534857222
1.0318370534857222
1.0318370534857222
1.0309156675446598
1.0295029698624978
1.0295029698624978
1.0295029698624978
1.0295029698624978
1.0295029698624978
1.0295029698624978
1.02982368612322
1.02982368612322
1.02982368612322
1.02982368612322
1.02982368612322
1.02982368612322
1.02982368612322
1.02982368612322
1.02982368612322
1.02982368612322
1.02982368612322
1.02982368612322
1.02982368612322
1.02982368612322
1.02982368612322
1.02982368612322
1.02982368612322
1.02982368612322
1.0302577919652893
1.0315895909401092
1.0315895909401092
1.0331200753192096
1.0331200753192096
1.0333854124977746
1.0333854124977746
1.0328465098375497
1.034887240186386
1.034887240186386
1.034887240186386
1.035631242949939
1.0328273869153395
1.0338427625864877
1.0339469787732618
1.0339469787732618
1.0339469787732618
1.0327054136669345
1.0327054136669345
1.0320638185012965
1.0320638185012965
1.0320638185012965
1.0326777547669983
1.0344950666912631
1.0344950666912631
1.0344950666912631
1.0345399840860883
1.0345399840860883
1.0345399840860883
1.032733585920475
1.032733585920475
1.032733585920475
1.032733585920475
1.032733585920475
1.032733585920475
1.0352773861125346
1.0352773861125346
1.0360553806340782
1.0362036697003765
1.0375185894233563
1.0375185894233563
1.0375185894233563
1.0356555240733445
1.0356555240733445
1.0356555240733445
1.0350279565016065
1.0370114206364802
1.0370114206364802
1.0370114206364802
1.0350102980800748
1.033390763151846
1.0350207557105324
1.0329744031922465
1.0329744031922465
1.0329744031922465
1.0329744031922465
1.0329744031922465
1.0326998579362179
1.0326998579362179
1.0326998579362179
1.0344340882484573
1.0344340882484573
1.0354846070882748
1.0354846070882748
1.0356660165158753
1.0356660165158753
1.0357476348986034
1.0368960598182775
1.0368960598182775
1.0345023723030002
1.0345023723030002
1.037136076800793
1.037136076800793
1.0389401346028944
1.0386467899324723
1.0386467899324723
1.0359419220752941
1.0352053933183563
1.0367908354442184
1.0365596154194323
1.0365596154194323
1.0365596154194323
1.0365596154194323
1.037479658170294
1.037479658170294
1.037479658170294
1.0376928690230522
1.035245623746146
1.0386953530933771
1.0361436039654774
1.037102495197338
1.0363659020960112
1.0363659020960112
1.0363659020960112
1.0404898812761307
1.0404898812761307
1.0404898812761307
1.0404898812761307
1.0401201180500292
1.0397649867060985
1.0397649867060985
1.0397649867060985
1.0397649867060985
1.0357723598663235
1.0357723598663235
1.0357723598663235
1.0355145344971493
1.0341349872939714
1.036795344450859
1.036795344450859
1.037017890455528
1.0341356418093386
1.0332913165685973
1.0332913165685973
1.0334641598509469
1.0334641598509469
1.0334641598509469
1.0334641598509469
1.0334641598509469
1.0334641598509469
1.0334641598509469
1.0334641598509469
1.0334641598509469
1.0334641598509469
1.0314286314215682
1.0314286314215682
1.032264775314078
1.032264775314078
1.032264775314078
1.032264775314078
1.03213502774336
1.0304953247270414
1.0304953247270414
1.0304953247270414
1.0304953247270414
1.0304953247270414
1.0303293053894536
1.0325569426128274
1.0325569426128274
1.0325569426128274
1.0322213802195683
1.0327093930971412
1.0327093930971412
1.0294452468669626
1.0304013484366643
1.0304013484366643
1.0304013484366643
1.0313048232771294
1.0313048232771294
1.0305368740269838
1.0305368740269838
1.0305368740269838
1.034723508316035
1.036539702753729
1.0369194353249016
1.0375871476628071
1.0375871476628071
1.033292893000541
1.033292893000541
1.0338119379635053
1.0338119379635053
1.0338119379635053
1.0346459099840786
1.0346459099840786
1.0330224042902465
1.0330224042902465
1.0338110117342136
1.0338110117342136
1.0338110117342136
1.0338110117342136
1.0338110117342136
1.0338110117342136
1.0329988061972448
1.0329988061972448
1.0329988061972448
1.0329988061972448
1.031822830657629
1.031822830657629
1.031822830657629
1.031822830657629
1.031822830657629
1.031822830657629
1.031822830657629
1.031822830657629
1.031822830657629
1.0303166400823278
1.0306916808574198
1.0306811676467178
1.0306811676467178
1.032545147174618
1.032545147174618
1.032545147174618
1.032545147174618
1.0340905775769513
1.0324118127964184
1.0324118127964184
1.0324895711196644
1.031350313089178
1.0314538308270957
1.0312990883207303
1.0335732451730488
1.0335732451730488
1.0335732451730488
1.0335732451730488
1.0335732451730488
1.0345657095209992
1.0345657095209992
1.032491368055584
1.032491368055584
1.032491368055584
1.032491368055584
1.0337143044013717
1.0318979840042948
1.0318979840042948
1.0317063345352728
1.0317063345352728
1.0317063345352728
1.0327695028580839
1.0327695028580839
1.0327695028580839
1.0331799692201413
1.0321555106222031
1.0321555106222031
1.0324495552602233
1.0324495552602233
1.0317948429578192
1.0315423118171643
1.0298971739462148
1.0298971739462148
1.0295118193314607
1.0295118193314607
1.0295118193314607
1.0295118193314607
1.0295118193314607
1.0295118193314607
1.0295118193314607
1.0295118193314607
1.0310004226969285
1.032766291098548
1.033601412735973
1.033601412735973
1.033601412735973
1.0337346453501284
1.0337346453501284
1.0335359590471775
1.0329761302030094
1.0354507930073789
1.0357593279247705
1.035523596916225
1.035523596916225
1.035523596916225
1.0358633858529251
1.0363523109711412
1.0363523109711412
1.0363523109711412
1.0363523109711412
1.0365458503877345
1.0365458503877345
1.0365458503877345
1.034084036174157
1.034084036174157
1.034084036174157
1.0315091782877717
1.0315091782877717
1.0315091782877717
1.029492197250078
1.0288024172237282
1.0288024172237282
1.0288024172237282
1.029045514519844
1.0317980168847956
1.0317980168847956
1.0338760641160603
1.0357381798180902
1.0338939373159808
1.033220144056947
1.033220144056947
1.0333983630311245
1.0333983630311245
1.0333983630311245
1.0334335589968224
1.0334335589968224
1.0334335589968224
1.0334335589968224
1.0371612322449664
1.0371612322449664
1.0371612322449664
1.037277597998181
1.0368759148507534
1.0368759148507534
1.0365231536787303
1.0365231536787303
1.0365231536787303
1.0381719008015164
1.0381719008015164
1.0381719008015164
1.0381719008015164
1.03991445703756
1.03991445703756
1.03991445703756
1.03991445703756
1.03991445703756
1.03991445703756
1.036053263665502
